model,horizon,name,n_months,rmse_cm,cc_anom,cc_full,nse_anom,nse_full
damped_persistence,1,C_Aleutians_South_Alaska_Coast,84,3.191887645918382,0.9108013509314328,0.9783207198601523,0.8286235538587956,0.9557889269744919
damped_persistence,1,C_Amazon_River_Delta,84,4.404297276166557,0.8885389889159429,0.977437523114827,0.7846913346805312,0.9536760671575786
damped_persistence,1,C_Angola_Coast,84,3.3232689160700195,0.7755782929937587,0.9046116626511822,0.6008680712009379,0.8171328225325394
damped_persistence,1,C_Balkan_Peninsula_and_Adriatic_Coast,84,2.655719461654735,0.4439280299568036,0.9469141606819413,0.08003134230183884,0.8929479345297457
damped_persistence,1,C_Banks_Island,84,8.600314606113935,0.04272190726238726,0.4032693572053302,-0.14941930527919212,0.05883141763337274
damped_persistence,1,C_Beaufort_Sea_Coast,84,2.1835136119822485,-0.010253221619102613,0.8742756068261748,-0.24609703187231835,0.7604690129818432
damped_persistence,1,C_Bight_of_Benin_Coast,84,4.653147107750868,0.5979444009317586,0.9153339195333636,0.3444792910723623,0.8370274509220659
damped_persistence,1,C_Bismark_Sea_Islands,84,3.1591905862899834,0.6709894192242754,0.5868963892988547,0.3943048516572609,0.2769619687231769
damped_persistence,1,C_Borneo,84,2.9775312735944977,0.7536829272906365,0.7621743760021121,0.5619167828231626,0.566469380317905
damped_persistence,1,C_Buor_Khaya_Gulf_Coast,84,4.357431872378351,0.1630812192068813,0.7380907111993662,-0.019007411545446384,0.5302838441412361
damped_persistence,1,C_California_and_Baja_California,84,2.4185622080752407,0.8414710082440375,0.9161688984826645,0.7063119895238414,0.8376327382591853
damped_persistence,1,C_Canadian_South_Arctic_Ocean_Coast,84,1.5207195867685377,0.6102334229428842,0.9003135910768061,0.2725972401165667,0.7725663860431252
damped_persistence,1,C_Capim_River_Delta,84,5.82473364192086,0.8401300514297354,0.9655437990188219,0.7017609719112841,0.9280101674325769
damped_persistence,1,C_Carribean_Coast,84,2.423938793829037,0.8766696509178659,0.9615863678882065,0.7681001263464554,0.9222547797560463
damped_persistence,1,C_Central_America_Gulf_of_Mexico_Caribbean_Coast,84,3.007494812795,0.7623987256687681,0.9228184294035002,0.5662609006670212,0.8465971566243429
damped_persistence,1,C_Central_American_Pacific_Coast,84,1.9492187230330424,0.7300938945565746,0.9533885120042147,0.4326424995823712,0.8853958507680495
damped_persistence,1,C_Chao_Phraya_River_Gulf_of_Thailand_Coast,84,4.084735031339323,0.8373989509798571,0.9584953349369563,0.6894361848830435,0.9160350678238183
damped_persistence,1,C_Chukchi_Peninsula,84,4.455234640334176,0.2988666026841104,0.7937265968632907,0.07993894572167914,0.6290463177777452
damped_persistence,1,C_Churchill_Seal_Rivers,84,1.9785208252441118,0.9060994114158746,0.9374007137314946,0.8166334735219036,0.8749337082684584
damped_persistence,1,C_Columbia_Ecuador_Pacific_Coast,84,1.7840690962356645,0.4577734136995449,0.7674654466334176,0.20569930458756003,0.5884737306455161
damped_persistence,1,C_Crimea_West_Azov_Sea_Coast,84,5.976905401762605,0.6824106108180269,0.803937052901214,0.4607212171049595,0.6412011433709632
damped_persistence,1,C_Cuba,84,2.634897685183936,0.19111388444815558,0.7701681679380308,-0.0865195984162479,0.5543827747589651
damped_persistence,1,C_Deccan_Plateau_East_Indian_Subcontinent_Coast,84,2.968435174714517,0.7722043695902663,0.9754477507503792,0.5388997312685709,0.9454688232698774
damped_persistence,1,C_Denmark_Germany_Coast,84,7.357521200708472,0.30958556268581583,0.48885517018220004,0.0879936820236692,0.2271837146915936
damped_persistence,1,C_East_Australia_Coast,84,2.3931844250578833,0.7553224835177722,0.7177072136576708,0.5585508035220502,0.4863903110462632
damped_persistence,1,C_East_Azov_Sea_Northeast_Black_Sea_Coast,84,7.830188017993208,0.6601165425190236,0.754654013401674,0.43354901094188614,0.5669197158765438
damped_persistence,1,C_East_Barents_Sea_Coast,84,2.2975747087210565,0.7880594758723977,0.9513204444160763,0.6014000745820427,0.9024606689817215
damped_persistence,1,C_East_Beaufort_Sea_Amundsen_Gulf_Coast,84,2.6804955534475736,0.4101421162638854,0.7622841779048717,0.156864084014523,0.5580277840952683
damped_persistence,1,C_East_Brazil_South_Atlantic_Coast,84,3.206538024304516,0.6507912534815713,0.8842046803354494,0.3411099694886164,0.7603703735342414
damped_persistence,1,C_East_Caspian_Sea_Coast,84,2.760737884829919,0.6821009438067513,0.9051640163523172,0.3318092108251791,0.7747531811607185
damped_persistence,1,C_East_Central_Africa_Coast,84,3.376416099869736,0.7537001186551497,0.948904796785979,0.47192948760475695,0.877365687559463
damped_persistence,1,C_East_China_Coast,84,4.5407111136762515,0.6205572456821107,0.7955200161783512,0.328483177304578,0.5992033418307873
damped_persistence,1,C_East_Hudson_Bay_Coast,84,2.7722975554124347,0.6106421653183668,0.7916737920843256,0.30955231711031617,0.5887830810088854
damped_persistence,1,C_East_Mediterranean_Coast,84,3.483260922156043,0.5251330362479948,0.8819269747073223,0.17277922219034825,0.7634626093652939
damped_persistence,1,C_East_Mississippi_Delta,84,3.747003424459445,0.8051977240053553,0.9203419148894215,0.6453444170198814,0.8402233794517985
damped_persistence,1,C_East_Nile_Delta,84,2.9272325031319197,-0.06996934082149237,0.3748200934208594,-0.5169400291730772,-0.155728646239236
damped_persistence,1,C_East_Ob_Bay_Coast,84,2.9659575780682528,0.5926496647219633,0.9167860747075407,0.32821064568885727,0.8328830329414374
damped_persistence,1,C_East_Red_Sea_North_Gulf_of_Aden_Coast,84,1.5493046583466086,0.45680301756117736,0.6944799419881261,0.18290965117370117,0.46610042557923304
damped_persistence,1,C_East_Timor_Islands,84,3.2569831352465215,0.3577352066301118,0.48741659101387036,0.10780539939387312,0.23154472150660166
damped_persistence,1,C_Ellef_Ringnes_Bathurst_Devon_Islands,84,2.950766324224704,0.5265702590086185,0.7170395438898798,0.08582536252456052,0.362293115958348
damped_persistence,1,C_Ellesmere_Island,84,3.7436766718588816,0.831318034695919,0.9750806811589702,0.6733651083274388,0.946678510292247
damped_persistence,1,C_Great_Britain,84,3.0132692802411283,0.32287495948171296,0.6139583977549263,-0.03255653722053453,0.2831286058522865
damped_persistence,1,C_Greater_Dniester_Basin,84,3.665035380998635,0.5467376426893905,0.8658561134739102,0.14735788208606526,0.7208349928396884
damped_persistence,1,C_Gulf_of_Darien_Coast,84,3.0787089376963332,0.6841939991983084,0.8929717004818233,0.4650130070654267,0.791627636642846
damped_persistence,1,C_Gulf_of_Guinea_Coast,84,2.66582954665718,0.790518846560083,0.8866701530310444,0.6197949398085101,0.7813576918912359
damped_persistence,1,C_Gydan_Bay_Coast,84,4.34756538743302,0.27649494012079046,0.860249540162554,0.035907394922353286,0.7290588930588716
damped_persistence,1,C_Hainan,84,5.666349930474024,0.08986124321592528,0.7692804670235142,-0.10785063044309529,0.5896566859181569
damped_persistence,1,C_Halmahera_Islands,84,2.8565943573582504,0.4670549271508324,0.45935770283412286,0.19657495169554295,0.17612613092871077
damped_persistence,1,C_Hispaniola,84,1.9794091039856438,0.25148359038702467,0.6151475841983827,-0.07760756771054478,0.25433837444569396
damped_persistence,1,C_Hokkaido,84,4.059564405870984,0.17068311689125296,0.6839496054524388,-0.019760206853980167,0.45543311448913293
damped_persistence,1,C_Hub_Porali_Basin,84,3.718926922163245,0.618599664505331,0.7123757455173493,0.3361275163831001,0.47139631402298565
damped_persistence,1,C_Iberian_Atlantic_Coast,84,2.668580911024826,0.6972068728321831,0.9150307718955415,0.4782715779216169,0.8362548374782781
damped_persistence,1,C_Iceland,84,9.595058449989665,0.46592345698119997,0.8506417786616575,0.12477388714374871,0.7192044444410959
damped_persistence,1,C_India_West_Coast,84,3.6039281250304813,0.5688123178846981,0.9650384735738701,0.18353175571468827,0.920760429520302
damped_persistence,1,C_Indian_Ocean_Africa_Coast,84,3.0036220744984123,0.8245179108558697,0.9163373226707383,0.654559749499651,0.8258674288040764
damped_persistence,1,C_Ireland,84,2.284073579792181,0.10701837463294601,0.6246626639971952,-0.03731292344786974,0.34629942488621834
damped_persistence,1,C_Irrawaddy_Sittang_Salween_Basin,84,2.58995174458959,0.835340885965485,0.9803869763525755,0.6606430286601663,0.9610330611305619
damped_persistence,1,C_Jamaica,84,2.9838967681912263,0.14179064659590734,0.15887140156400015,-0.015853404755388212,-0.019850731331835014
damped_persistence,1,C_Japan,84,3.5971893867618667,0.3833022492138136,0.44605828797848834,-0.145198224012137,-0.20427184998120396
damped_persistence,1,C_Java,84,2.8551583518675954,0.704768933232882,0.8232130333526021,0.4966336127451616,0.6747571403687681
damped_persistence,1,C_Kamchatka_Peninsula,84,2.9922709890657027,0.5324862737101647,0.9526314632484573,0.2658053568686156,0.9067524360900211
damped_persistence,1,C_La_Plata_Delta,84,4.885859610753094,0.7615393638793623,0.7784716153135534,0.5687801864641773,0.5933296092955916
damped_persistence,1,C_Labrador_Sea_Coast,84,3.1956750249205967,0.7010906613528703,0.8834000014101401,0.47715382186640176,0.7753858058187206
damped_persistence,1,C_Madagascar,84,2.99914006844815,0.7004741998429833,0.9311844321962732,0.48510915592827697,0.8657017280544166
damped_persistence,1,C_Malaysian_Peninsula_Coast,84,4.0242012266026865,0.6066929139253425,0.7636667460664337,0.3003677895194885,0.5477563604485982
damped_persistence,1,C_Maluku,84,3.625013623319971,0.49341929777144056,0.48712307196858545,0.21962439739972717,0.20673526193888558
damped_persistence,1,C_Melville_Prince_Patrick_Islands,84,7.333683901478534,0.6984628148112715,0.8534260443131972,0.2519758528436532,0.5892091080159529
damped_persistence,1,C_Namibia_Coast,84,2.133860944256734,0.5283093950429881,0.5140887045734981,0.18889308960635642,0.13256240131772934
damped_persistence,1,C_Neva_River_Finland_Coast,84,2.468453069771547,0.5971004399945665,0.8740700299943897,0.3050118066785943,0.7486493984948887
damped_persistence,1,C_New_Brunswick_and_Nova_Scotia_Coast,84,4.647094545254571,0.3267417964880139,0.8190488965014286,0.01641702084829999,0.6312294012915649
damped_persistence,1,C_New_Siberian_Islands,84,52.385881106367464,-0.011330122958757642,0.1580781817211968,-0.12106122560337473,-0.035103572797655413
damped_persistence,1,C_New_Zealand_North_Island,84,2.1308809881308357,0.44138726545423707,0.7916372172965789,0.1508684549359911,0.6083105765446664
damped_persistence,1,C_New_Zealand_South_Island,84,2.375944838863567,0.3081817798649867,0.7424170493705136,0.08822337956964832,0.5396986880743033
damped_persistence,1,C_Nigerian_Delta,84,5.483371380724982,0.3947539814617329,0.9481000444298593,0.14832501708512158,0.8940573394384983
damped_persistence,1,C_North_Argentina_South_Atlantic_Coast,84,3.1212793357081465,0.8125599551230293,0.8226840741163667,0.6553896522526759,0.666430839555566
damped_persistence,1,C_North_Australia_Coast,84,3.121320947313557,0.8878851542643686,0.9597912092283233,0.7801624354357717,0.9184428781464473
damped_persistence,1,C_North_Baffin_Island_Coast,84,5.329439777304831,0.7106380093081424,0.861400065047488,0.4241144814780422,0.6490106255712884
damped_persistence,1,C_North_Brazil_South_Atlantic_Coast,84,6.040769311299055,0.7642505901590726,0.958973047036799,0.5464148991089569,0.9123021834265573
damped_persistence,1,C_North_Caspian_Sea_Coast,84,2.2788790821320695,0.6152714839054355,0.844609742964637,0.3460278924521407,0.6879195589761925
damped_persistence,1,C_North_Chile_South_Pacific_Coast,84,2.2869002057240317,0.7103134260004346,0.8770679973174212,0.4837016121628591,0.758727354818885
damped_persistence,1,C_North_East_Bay_of_Bengal_Coast,84,2.4583872424807076,0.7384253500239126,0.9894001506150361,0.5235780426884997,0.9785908584755754
damped_persistence,1,C_North_East_Siberian_Sea_Coast,84,1.6673107110627856,0.6690115240061015,0.8903195322229004,0.4461888646852833,0.7843688105928431
damped_persistence,1,C_North_Gulf_of_Oman_Coast,84,2.775391933034439,0.7299961938255306,0.8278208148899373,0.5326787261213994,0.6848186482239442
damped_persistence,1,C_North_Korea_Bay_Korean_Peninsula,84,2.285665001302814,0.8114359178308141,0.8511306160297946,0.557076747828353,0.6443937879441968
damped_persistence,1,C_North_Siberia_Coast,84,1.659341954123354,0.46355203989861543,0.9362790183308416,0.18566195506294292,0.8756839539017195
damped_persistence,1,C_North_St_Lawrence_Seaway_Coast,84,3.208644893135072,0.5056406979058723,0.8282445469206032,0.07825340930655234,0.6114145873849595
damped_persistence,1,C_North_Vietnam_South_China_Coast,84,2.9321290078779527,0.7806983681837658,0.8989595852448886,0.5788517124286283,0.7931064882116853
damped_persistence,1,C_North_West_Africa_Coast,84,1.3464161187768644,0.39123668762813335,0.5102767909016032,-0.18448463010005178,-0.12127118473862897
damped_persistence,1,C_Northeast_South_America_Coast,84,4.725458962770033,0.9455817380407225,0.9504741851976922,0.8907647568846198,0.9029279390823756
damped_persistence,1,C_Northwest_Hudson_Bay_Coast,84,2.0702986171861,0.7851870258304937,0.8805809801724325,0.6110866289727795,0.7729631513507427
damped_persistence,1,C_Northwest_Mediterranean_Coast,84,2.321730907358678,0.7333919246310826,0.9004498879421262,0.5211272439326957,0.8039592514860423
damped_persistence,1,C_Norway_Coast,84,3.2684599168743027,0.5348306825298855,0.861060043935378,0.27471292085664234,0.7373872561241386
damped_persistence,1,C_Novaya_Zemlya,84,20.687320036948368,0.5566726618143552,0.9436423406419864,-0.09272031579772588,0.838154666153539
damped_persistence,1,C_Nusa_Tenggara,84,3.2914522005050624,0.41615636610524737,0.4843243354535855,0.14510905064045732,0.19721129356923806
damped_persistence,1,C_Olenyok_Delta,84,9.631681464325135,0.041616828156476195,0.37928670042079626,-0.06445016232638845,0.10659451049160351
damped_persistence,1,C_Oregon_Coast,84,2.851057901439773,0.44036086875936026,0.935810775129287,0.11899402911091428,0.863636984012591
damped_persistence,1,C_Papua_New_Guinea_Island,84,1.769769190223547,0.7052139579150032,0.7591076957671191,0.4965396667712302,0.5704655566420793
damped_persistence,1,C_Patagonia,84,3.545417103211104,0.42068762397098913,0.6894747795882875,0.16927031904678547,0.4590564370144713
damped_persistence,1,C_Peru_Pacific_Coast,84,1.3684386323607274,0.4889790188727994,0.891658800438719,0.21881332130963427,0.7943202788065321
damped_persistence,1,C_Philippines,84,2.5261794907915074,0.7033979650771693,0.7638485235768968,0.49371683948779055,0.5818163951969948
damped_persistence,1,C_Po_River_and_East_Italy_Coast,84,3.0864680023537496,0.6738247166328387,0.8918052467392892,0.4261582282372889,0.7858831680941857
damped_persistence,1,C_Prince_of_Wales_Island,84,3.5787690595039354,0.18813770422377668,0.3883321536050297,-0.18072592435359858,-0.06477037254029039
damped_persistence,1,C_Puerto_Rico,84,2.010105443702461,0.05840732457223852,0.5432938286319501,-0.1356439593509038,0.22415585076806344
damped_persistence,1,C_Sakhalin_Island,84,8.324973549721548,0.21894693995104667,0.24891802914651318,-0.01706068440904618,-0.08513196171257764
damped_persistence,1,C_Sardinia_and_Corsica,84,8.948181412858428,0.19732810548988614,0.36497863393341085,-0.027813468781412665,0.10411103672096567
damped_persistence,1,C_Severnaya_Zemlya,84,26.41259377592616,0.5816024997862914,0.8931832677583463,-0.07468582384240552,0.6922160913152082
damped_persistence,1,C_Seward_Peninsula_Alaskan_North_Slope,84,2.5977932259123446,0.4654371326414273,0.7761613715854695,0.150308529515656,0.5705023671813072
damped_persistence,1,C_Shelikhov_Gulf_Sea_of_Okhotsk_Coast,84,4.072086302358031,0.5983306058995297,0.8718465055156589,0.30907987277432236,0.7380620769752985
damped_persistence,1,C_Sicily,84,4.315802240469731,0.26341863567634816,0.2726518205626548,0.061936992379066025,0.04245477192052982
damped_persistence,1,C_Solomon_Islands,84,7.922673640818641,0.5235154221021912,0.4215879308064217,0.27060498437835445,0.1334638848236277
damped_persistence,1,C_Somerset_Island,84,3.3254648352870038,0.3090692474818803,0.6987757327685576,-0.14136217545426644,0.39077909672215694
damped_persistence,1,C_South_Africa_South_Coast,84,1.6412480661965618,0.8308929830350161,0.8724539578225978,0.6574189787726106,0.7360746416324138
damped_persistence,1,C_South_Africa_West_Coast,84,1.9894949728250448,0.25093159946884513,0.5217359195443803,0.012694301307983324,0.2585859793671105
damped_persistence,1,C_South_Alaska_Coast_Frazer_River,84,4.2534978286202305,0.8368754308012069,0.9749104557394254,0.6790738437297121,0.9483285711883201
damped_persistence,1,C_South_Amapa_Coast,84,4.974139149878979,0.886958778880293,0.9715773624892329,0.7752900308208956,0.9433118775603583
damped_persistence,1,C_South_Australia_Coast,84,1.2551345237690403,0.5090625219314371,0.7961923977423108,0.17123192399994902,0.6246312396187823
damped_persistence,1,C_South_Baffin_Island_Coast,84,4.305963607108384,0.5051717542324897,0.7435158611834803,0.16149675757807191,0.466103595742798
damped_persistence,1,C_South_Baltic_Coast,84,2.3960570147180444,0.633588376767732,0.874361488079028,0.38894447914025354,0.7603694798721156
damped_persistence,1,C_South_Black_Sea_Coast,84,4.301546613804771,0.6623586449173613,0.8791701630325158,0.40450893697059354,0.7589702882746195
damped_persistence,1,C_South_Chile_South_Pacific_Coast,84,4.999193131581711,0.5503809795992646,0.9610174077362028,-0.0038022806617277194,0.8982899713940691
damped_persistence,1,C_South_East_Brazil_Coast,84,3.5450164657015466,0.8345398884922018,0.9008432450813786,0.6703828580607409,0.7961027877859806
damped_persistence,1,C_South_East_Russia_Coast,84,2.2756441002208563,0.6461285686251073,0.5364421991705595,0.3916379134129615,0.1769828739464797
damped_persistence,1,C_South_Gulf_of_Aden_Coast,84,2.480552211528341,0.5065024950128768,0.44394258666949526,0.2564201615188423,0.17550217534432255
damped_persistence,1,C_South_Gulf_of_Oman_West_Arabian_Sea_Coast,84,1.4706809015066296,0.5902756396846033,0.6913654800328959,0.2519041281704457,0.40278821374576834
damped_persistence,1,C_South_Hudson_Strait_Ungava_Bay_Coast,84,3.6784426654966675,0.38946504819903854,0.8092882977263606,0.05078013218648969,0.6230308396826243
damped_persistence,1,C_South_Mediterranean_Coast,84,1.3866413369080182,0.1136016819360814,0.3542776811596911,-0.11442120173412418,0.018458884990647073
damped_persistence,1,C_South_Zambezia_Coast,84,3.858210395335562,0.3982154175241312,0.864526829422319,0.079728341388425,0.7355298993448234
damped_persistence,1,C_Southhampton_Coats_Islands,84,3.8317392557085856,0.26000491967765166,0.5392251307421589,0.041749818032346786,0.28395470507807785
damped_persistence,1,C_Southwest_Hudson_Bay_Coast,84,2.224718877515694,0.5608599025985079,0.8904115141485871,0.2935495282340872,0.7867798790693968
damped_persistence,1,C_Southwest_Mediterranean_Coast,84,2.2709400136732794,0.3790111458509932,0.6546447515058543,-0.1349427994051875,0.2249434363077697
damped_persistence,1,C_Sri_Lanka,84,1.918370593612416,0.4532025532280254,0.9217438117264986,0.06095714477677361,0.8224737922825511
damped_persistence,1,C_Sulawesi,84,2.0952078470272815,0.7933985834294409,0.7792145778627764,0.6289276474570822,0.6050984448833188
damped_persistence,1,C_Sumatra,84,2.571715064820177,0.6362851651005841,0.7781752540647042,0.3652286268035385,0.5708011671188091
damped_persistence,1,C_Svalbard,84,21.351110136413055,0.7764216534029106,0.9786534620833693,0.40389617148129686,0.9398143984715608
damped_persistence,1,C_Sweden_Coast,84,3.563169549165826,0.3021004684355766,0.7780471269223627,0.05279849062155917,0.6047989167026148
damped_persistence,1,C_Taiwan,84,2.1839733186073986,0.2422765979634267,0.6126675297058692,-0.050169477390271666,0.35095169513721536
damped_persistence,1,C_Tasmania,84,2.519713683635705,0.5109205123366788,0.810581370723717,0.25825729465946456,0.6554718996899661
damped_persistence,1,C_Texas_Gulf_Coast,84,2.581988657492965,0.8277166471538723,0.8773792359566837,0.6692082324682478,0.7659734449330537
damped_persistence,1,C_Thar_Desert_Sabarmati_River_Gulf_of_Cambay_Luni_Delta,84,3.9887818873697376,0.7889366171894967,0.8549323576892375,0.6214185948398804,0.7294189567901208
damped_persistence,1,C_US_East_Gulf_of_Mexico_North_Atlantic_Coast,84,3.2270030477750207,0.8273831286042692,0.8264969544904324,0.6822870533611771,0.6808669448304098
damped_persistence,1,C_US_North_Atlantic_Coast,84,2.6179808039816925,0.5409685086981255,0.876389601374257,0.2548895669941934,0.7621003878961553
damped_persistence,1,C_Uda_Basin,84,3.260394774973734,0.4542985031105272,0.6331391134259768,0.17011278714144773,0.3644420858459678
damped_persistence,1,C_Uruguay_South_Brazil_Coast,84,3.702606135338348,0.7854324095721275,0.8235281957684347,0.6083706033488272,0.6690177409933863
damped_persistence,1,C_Victoria_Island,84,2.4835837160725345,0.4667682868212885,0.8057641047759699,0.07897040870026617,0.5861503203062177
damped_persistence,1,C_Vietnam_Coast,84,2.854831589036675,0.7616925108610048,0.9760213325234096,0.5684760220144003,0.9514528190288194
damped_persistence,1,C_West_Africa_Coast,84,2.0197509003088747,0.5389522786628151,0.983632223207701,0.24977226218588422,0.9667704884177678
damped_persistence,1,C_West_Australia_Coast,84,1.8206879936517746,0.42166652402582117,0.5711814169727752,0.05431369714004386,0.2527740532433116
damped_persistence,1,C_West_Barents_Sea_Coast,84,3.0907387853652337,0.3544611005985977,0.8737020688421554,0.0997586174941616,0.7569153433745405
damped_persistence,1,C_West_Black_Sea_Coast,84,4.858931698983942,0.5973277917071074,0.8401680944578087,0.327134744612247,0.6923571701190308
damped_persistence,1,C_West_Caspian_Sea_Coast,84,4.144274629607344,0.40408776106110944,0.8312751521214842,0.037145874504624365,0.648208337396794
damped_persistence,1,C_West_Continental_Europe,84,2.1876194133912192,0.8239175142667178,0.9249197519482456,0.6693707004932222,0.8533292662658325
damped_persistence,1,C_West_Italy_Coast,84,2.6119438799369834,0.3216482021431958,0.8857769045630056,-0.04762927349571866,0.7758859412378414
damped_persistence,1,C_West_Mississippi_Delta,84,4.275923210932146,0.7271402705092641,0.8788774984757893,0.5266652676013699,0.7678118012553
damped_persistence,1,C_West_Nile_Delta,84,2.286794086329164,-0.02784430643442398,0.39605955420859723,-0.3921559392424385,-0.06741152223058666
damped_persistence,1,C_West_Red_Sea_Coast,84,2.278406588950549,0.38459869378115114,0.6759155799217839,-0.02292841415676694,0.3279325824377496
damped_persistence,1,C_Yamal_Peninsula,84,3.853256745920951,0.09690229708783296,0.8141464328914143,-0.151741551617953,0.6215866549543952
damped_persistence,1,C_Yellow_Sea_Coast,84,3.9238783668977297,0.8218200659374063,0.7928275751604422,0.617007413449479,0.5885739692578688
damped_persistence,1,C_Yenisey_Gulf_Coast,84,4.113914047171861,0.14980244972871024,0.8597908220060738,-0.0019229459732044152,0.7360044698921265
damped_persistence,1,C_Ziya_He_Interior_Coast,84,3.4512885380871032,0.9128476555013255,0.9156308457611934,0.7976112875569088,0.804994876111012
damped_persistence,1,E_Altai_Mountains,84,1.3265785764307643,0.3451715977447485,0.3377432265858156,0.026123147912516465,-0.00961259224084432
damped_persistence,1,E_Amu_Darya,84,2.4906724391451407,0.6258457138905776,0.9127340727833079,0.27786505803406414,0.8112971728215801
damped_persistence,1,E_Australia_Northwest_Plateau,84,2.828346086028333,0.9025767398520655,0.9264909952285637,0.803325925388353,0.8489358556998321
damped_persistence,1,E_Badain_Jaran_Desert,84,1.1371548829175386,0.32554242382206217,0.6032401676526689,0.09029005545613134,0.3474417024715345
damped_persistence,1,E_Central_Iran,84,2.3184139575393026,0.7447031033052129,0.9010341668897975,0.5437848823520596,0.8057158270576179
damped_persistence,1,E_Central_Mongolia,84,2.157215881873224,0.5362654691638871,0.5652862179869177,0.19723728970528343,0.23297213275277318
damped_persistence,1,E_Dayan_Khyargas_Uvs_Nuur_Basins,84,1.302455575009483,0.7000666203175693,0.7427616822992623,0.48058163663740994,0.5377362648243253
damped_persistence,1,E_East_Gobi_Desert,84,1.50771755954299,0.7756244596379297,0.7583637981368541,0.5231429771778966,0.49551711224890294
damped_persistence,1,E_Egyptian_Western_Desert,84,1.885281444081486,0.251439676572679,0.47256401420076316,-0.6829383921322321,-0.43043978726482046
damped_persistence,1,E_Farahrud_Helmand_Hamun_i_Mashkel,84,2.444364999377719,0.5774352041969789,0.8264985159922505,0.2601239990011309,0.6599933555421922
damped_persistence,1,E_Great_Basin_Great_Salt_Lake,84,2.124095029771779,0.9150570293374952,0.9423787069618543,0.8362027007139364,0.8855601907028584
damped_persistence,1,E_Great_Victoria_Desert,84,1.5077940470796067,0.6147907372159029,0.5216240556356871,0.33171455098993075,0.18188998378947707
damped_persistence,1,E_Jordan_Northwest_Saudi_Arabia,84,3.4008055464662217,0.09365991319999527,0.7060474764304631,-0.18920413800923863,0.42028948384637277
damped_persistence,1,E_Junggar_Pendi,84,1.8587030649480372,0.7131367485140443,0.8801205448228953,0.4237644954491334,0.7354608321412174
damped_persistence,1,E_La_Puna_Altiplano,84,2.165986304248939,0.48493564179021786,0.7520818480092214,0.19557739356376014,0.5427585732735596
damped_persistence,1,E_Lake_Eyre_Basin,84,1.8507331301474912,0.8474694621462723,0.8261277025424786,0.715518332931421,0.6783602758550449
damped_persistence,1,E_Lake_Rukwa_Basin,84,7.886955262832292,0.7704094335831202,0.9251367593755713,0.5389585811982381,0.8398623638188055
damped_persistence,1,E_Lakes_Balkash_Alakol,84,1.8556232619130417,0.6725362505781535,0.9079015958371915,0.37121658438277483,0.8127373272476076
damped_persistence,1,E_Libyian_Desert,84,0.9596471866584534,0.32926642873727674,0.6196875781826445,0.0999246617190489,0.3735687526499506
damped_persistence,1,E_Lower_Lake_Chad,84,2.748943405104645,0.8815201959852602,0.9791343409816777,0.7034520430578741,0.9463586571127653
damped_persistence,1,E_North_Central_Arabia,84,1.9499455504685757,0.3502674166054948,0.7313657596945915,0.11442524616081606,0.5322286611017477
damped_persistence,1,E_North_Plateau_of_Tibet,84,3.010065749876957,0.3747481467073063,0.31557796228503054,0.04529413313556552,-0.11860418329407407
damped_persistence,1,E_Northern_Kordofan,84,2.4624430611665074,0.5528816059858245,0.7033886899589531,0.14932789631607601,0.3649184523391076
damped_persistence,1,E_Plateau_of_Tibet,84,1.7190749515050192,0.48916069091149916,0.6896812848979654,0.17615851115052628,0.44277512163139066
damped_persistence,1,E_Qinghai_Lake,84,1.9276167087923013,0.7971570539038474,0.5457667218258409,0.626450233525248,0.2627854068251948
damped_persistence,1,E_Rift_Valley,84,3.0848883041560504,0.8172015752972026,0.8080701569693403,0.6236197872210849,0.5681088413975458
damped_persistence,1,E_Rub_al_Khali_Desert,84,1.352103319317953,0.43580372503970255,0.5975949165450788,0.16853570031606946,0.3404320392855785
damped_persistence,1,E_Sahara,84,0.7921041147972946,0.11831210760683418,0.28160569006220054,-0.05736741588051242,-0.013763916519248243
damped_persistence,1,E_Saharan_and_Algerian_Atlas,84,1.4951074833800522,0.40302150205183285,0.8877829888394059,-0.5811383195648874,0.6069713170527904
damped_persistence,1,E_Salinas_Grande_Mar_Chiquita,84,2.483096436767568,0.8238735264402374,0.8449368346245855,0.6530116370051664,0.688291258647202
damped_persistence,1,E_South_Interior_Africa,84,2.3433036920301062,0.910573388212164,0.9380857116785241,0.825171962017148,0.8766755928164977
damped_persistence,1,E_Syr_Darya,84,1.3921592314286346,0.7834810652386126,0.940157947386832,0.6036943489267508,0.8805438198581549
damped_persistence,1,E_Tarim_He_Lop_Nur,84,1.059341657424718,0.6533111179032266,0.8592610712473872,0.3844823400731011,0.7200634975666458
damped_persistence,1,E_Turpan_Pendi,84,2.331636649083317,0.4719626445936988,0.8085827920950329,-0.028253647871308907,0.5372339547319886
damped_persistence,1,E_Upper_Lake_Chad,84,1.6307582258322841,0.7791062573367071,0.8698723517797636,0.3097099847297411,0.5821309335458995
damped_persistence,1,R_Amazon_River,84,2.115016738747106,0.9408315912104253,0.9914472337149943,0.8832321496621234,0.9823427817930108
damped_persistence,1,R_Amur_River,84,1.5471386665922502,0.8444537673263814,0.7094387855060198,0.7044440204628335,0.4338536446026472
damped_persistence,1,R_Colorado_River_Argentina,84,3.258949919381254,0.44309183185682066,0.5747083452299454,-0.00410984366696554,0.17844616276523217
damped_persistence,1,R_Colorado_River_of_the_West_North_America,84,1.6741466275174761,0.8246410673384781,0.8934395062002651,0.671807839363331,0.791571622257168
damped_persistence,1,R_Columbia_River,84,1.9721720626647585,0.481729347973464,0.9773160524841469,0.026204059153423942,0.9494734099576853
damped_persistence,1,R_Congo_River,84,2.1697344286109685,0.8573020071368139,0.9257537400781896,0.7157093891764912,0.8469077615326319
damped_persistence,1,R_Danube_River,84,2.241447389925663,0.7185836774017049,0.9364182225430808,0.4637384264160225,0.8642710976461052
damped_persistence,1,R_Dnieper_River,84,2.943455145626969,0.8683197692280413,0.909464967837761,0.7498001673668655,0.8259137009936945
damped_persistence,1,R_Don_River,84,3.0735604677036354,0.8754060436237086,0.9331761278220593,0.752327859032377,0.8632665995542428
damped_persistence,1,R_Ganges_Bramaputra_Basin,84,2.5499369904443685,0.7370536108816327,0.9729628556672384,0.4833657982512999,0.9396707843770183
damped_persistence,1,R_Indus_River,84,2.869671110241522,0.7277549860185463,0.9128464263324009,0.4307865771493409,0.800781008722144
damped_persistence,1,R_Lena_River,84,1.3897954921632474,0.692158833672354,0.9330565623173269,0.46812758099356466,0.8704698398257329
damped_persistence,1,R_Limpopo_River,84,3.0948291185615773,0.9006748417267498,0.9312431346695349,0.7785127010142513,0.8404490324404623
damped_persistence,1,R_Mackenzie_River,84,1.5512105137856702,0.962461250217584,0.9748727841318239,0.9179121299599505,0.9473817963340379
damped_persistence,1,R_Magdalena_River,84,3.379032858167534,0.7813964057704303,0.876496504380574,0.6094374067215704,0.7582603612694743
damped_persistence,1,R_Mekong_River,84,3.121155827041482,0.8899540857742377,0.9731385652556008,0.7810942731041496,0.9462860259257617
damped_persistence,1,R_Mississippi_River,84,1.4150004761988353,0.9545736139137441,0.9761375397615776,0.9007426129960974,0.9456496275915801
damped_persistence,1,R_Murray_Darling_River,84,2.156964472074696,0.8850904950163956,0.8817861312600377,0.7796445912382226,0.772447453874626
damped_persistence,1,R_Niger_River,84,2.0074119286396273,0.6473131163121267,0.9724557630224572,0.20375517160776713,0.924756738460378
damped_persistence,1,R_Nile_River,84,2.3431621368585502,0.686604046264562,0.9205576342607342,0.343344799589141,0.8198454002381488
damped_persistence,1,R_Ob_River,84,1.5773851705458504,0.8886079292404464,0.9616577175283002,0.789500389915673,0.9246887060764043
damped_persistence,1,R_Orange_River,84,1.8411521378393787,0.8509385122245747,0.8644592654994847,0.7114339395456459,0.7366238610658988
damped_persistence,1,R_Orinoco_River,84,2.886387208015491,0.9043751410040932,0.9827119192666368,0.8133398981611398,0.9649890062611187
damped_persistence,1,R_Parana_River,84,2.299406209778706,0.8757997463074749,0.9369054357951024,0.7138351291464182,0.8433302260133826
damped_persistence,1,R_Parnaiba_River,84,3.8593686590320018,0.8385901039131363,0.9533341315771728,0.6557270432942401,0.8938628257344237
damped_persistence,1,R_Rio_Grande_Rio_Bravo,84,2.452070866937185,0.6306750998223181,0.8153822918209559,0.272532852617806,0.5871280301309889
damped_persistence,1,R_Saint_Lawrence_River,84,2.4013953739945335,0.9558582307092203,0.9443958177948854,0.9106212099757722,0.8878911835579123
damped_persistence,1,R_Sao_Francisco_River,84,4.616112871791643,0.8584523904638831,0.9185949616562158,0.7121189421854692,0.8290748988023796
damped_persistence,1,R_Saskatchewan_Nelson_Rivers,84,1.7125120714509072,0.8606593671928716,0.9404120160695323,0.7182843035552164,0.8751045834683158
damped_persistence,1,R_Senegal_River,84,2.3638970531008523,0.5909567333880689,0.9326159902937772,0.31224560822579694,0.8623848732580421
damped_persistence,1,R_Shebelli_Juba_Rivers,84,3.1852535736416123,0.7255293894390884,0.7886828712872347,0.47286236788645675,0.581320268805973
damped_persistence,1,R_Tigris_Euphrates_River,84,2.1913129258570367,0.9362008281282189,0.9592189242245698,0.8751692437102834,0.9180902355196291
damped_persistence,1,R_Tocantins_River,84,4.360376329724781,0.8161804077379353,0.9676250097173161,0.6640451660289748,0.9358332223149478
damped_persistence,1,R_Volga_River,84,1.782945513822898,0.841882999935616,0.9659753677103798,0.7022883993250325,0.9319463508755136
damped_persistence,1,R_Volta_River,84,2.7271092217832,0.561206066091148,0.9483987286312493,0.27293277063713417,0.899060771306377
damped_persistence,1,R_Yangtze_River,84,2.5345096412696093,0.7799466553970198,0.8287878054832024,0.5675899226210699,0.672041978017883
damped_persistence,1,R_Yellow_River_Huang_He,84,1.5734332846201884,0.7108573724270107,0.7761539885611973,0.4928667895657527,0.5932749873250673
damped_persistence,1,R_Yenisey_River,84,1.4499449697161946,0.4564044717812737,0.9396804032950961,0.05265644990078544,0.8678443214163394
damped_persistence,1,R_Yukon_River,84,1.6581108519514665,0.610799720607129,0.9510546702740281,0.29648493719459745,0.8950264337443389
damped_persistence,1,R_Zambezi_River,84,2.4607533131416055,0.9209903673289678,0.9790332173237567,0.8457394242615228,0.9578252120013059
damped_persistence,2,C_Aleutians_South_Alaska_Coast,83,4.310383768793917,0.8302144711553814,0.9605429258351926,0.6877111179511224,0.9188910196716894
damped_persistence,2,C_Amazon_River_Delta,83,6.118098808357003,0.782857271892212,0.9578237566216835,0.5936863196552313,0.911454705906043
damped_persistence,2,C_Angola_Coast,83,4.24856512255905,0.5918538574973732,0.8390599687258048,0.3488023397772837,0.7005150512478215
damped_persistence,2,C_Balkan_Peninsula_and_Adriatic_Coast,83,2.646730509783135,0.4436339638748722,0.9493466626252645,0.10800615538046121,0.8948326610917117
damped_persistence,2,C_Banks_Island,83,8.808203861953682,-0.2595599148300231,0.40295235814574426,-0.22365720734464523,0.015988071833070938
damped_persistence,2,C_Beaufort_Sea_Coast,83,2.0791617477632096,-0.14092975967335958,0.8858002313905757,-0.1411346807433831,0.7833026900574919
damped_persistence,2,C_Bight_of_Benin_Coast,83,5.157365756103608,0.4545496208889085,0.8957140927871986,0.2021727367773073,0.8015753547822336
damped_persistence,2,C_Bismark_Sea_Islands,83,3.733784429070913,0.5833955604902598,0.3891539212569238,0.1473709957102911,-0.007840607559299828
damped_persistence,2,C_Borneo,83,3.8016371889969505,0.5573653826594483,0.5903836354486831,0.28856255309818046,0.2875384837292122
damped_persistence,2,C_Buor_Khaya_Gulf_Coast,83,4.467040581265587,-0.042106737005435976,0.732046584040119,-0.07363113670126387,0.5112911530067109
damped_persistence,2,C_California_and_Baja_California,83,2.9293796505747776,0.7569309295430495,0.8745029362132728,0.5711839521030672,0.7626961133309054
damped_persistence,2,C_Canadian_South_Arctic_Ocean_Coast,83,1.8944451869376104,0.29369818287581745,0.8542298561012834,-0.12936120843069698,0.6484771218216123
damped_persistence,2,C_Capim_River_Delta,83,7.92499645030992,0.6871568852986087,0.9383187656435252,0.4562236922318057,0.8682357440615367
damped_persistence,2,C_Carribean_Coast,83,3.2169229656308485,0.7697541610633153,0.9333440446936179,0.5915001304335366,0.8643002644425158
damped_persistence,2,C_Central_America_Gulf_of_Mexico_Caribbean_Coast,83,3.9614702202612704,0.5461343674857675,0.8692803789021281,0.23802788066678993,0.7354671003508122
damped_persistence,2,C_Central_American_Pacific_Coast,83,2.693589063278774,0.4906152562947678,0.9228055767436658,-0.055946178564985294,0.7837402313408552
damped_persistence,2,C_Chao_Phraya_River_Gulf_of_Thailand_Coast,83,5.4552633290169705,0.6996888684631941,0.9275084417758853,0.45224518664133717,0.8513883633762525
damped_persistence,2,C_Chukchi_Peninsula,83,4.545874244822027,0.18679731943689243,0.7827978531314943,0.029623952210631743,0.6104297328194972
damped_persistence,2,C_Churchill_Seal_Rivers,83,2.6404054524569065,0.8349930074744474,0.8909827651309625,0.6817540854743085,0.779700563090975
damped_persistence,2,C_Columbia_Ecuador_Pacific_Coast,83,1.9647867560294645,0.21491818177304028,0.7097597254960146,0.0457385298410633,0.5035551074799749
damped_persistence,2,C_Crimea_West_Azov_Sea_Coast,83,6.768879672950618,0.5754165815658739,0.7473683031409949,0.3182795826888255,0.5451847501107048
damped_persistence,2,C_Cuba,83,2.670163476441328,-0.142023249707675,0.7721978716643988,-0.15203499310591884,0.5323748116721692
damped_persistence,2,C_Deccan_Plateau_East_Indian_Subcontinent_Coast,83,4.125445142006751,0.5410476033048958,0.9586421270166531,0.035965817881317586,0.8935460634225271
damped_persistence,2,C_Denmark_Germany_Coast,83,7.773151770377727,0.11790662310912643,0.39127083664509665,0.00129854032934551,0.1434750212911351
damped_persistence,2,C_East_Australia_Coast,83,3.1799778997606496,0.5264518175931955,0.4555789959281253,0.2356071019364674,0.10371528996569357
damped_persistence,2,C_East_Azov_Sea_Northeast_Black_Sea_Coast,83,9.248704216810614,0.470680140762791,0.6365364853244176,0.2195662029378913,0.40297620316124494
damped_persistence,2,C_East_Barents_Sea_Coast,83,3.0857663257008783,0.5860126517761297,0.9129293269576373,0.2875567746901705,0.8250864143255631
damped_persistence,2,C_East_Beaufort_Sea_Amundsen_Gulf_Coast,83,3.050390057182676,0.003972230490990838,0.6897002288263272,-0.08008566414951801,0.43023497271581823
damped_persistence,2,C_East_Brazil_South_Atlantic_Coast,83,4.0326474520734115,0.45375438616025426,0.8328418973100993,-0.01884632055348434,0.6254771727849712
damped_persistence,2,C_East_Caspian_Sea_Coast,83,3.295232616992941,0.6045067691699108,0.8837244681637998,0.06582082110155496,0.6776088911658079
damped_persistence,2,C_East_Central_Africa_Coast,83,4.54675972396501,0.5923224106293451,0.9273802243838096,0.009917004743540958,0.7759883486086662
damped_persistence,2,C_East_China_Coast,83,5.343670240101524,0.4668993781292531,0.7230901046512928,0.04309171403318324,0.42084474888800183
damped_persistence,2,C_East_Hudson_Bay_Coast,83,3.4004624855092036,0.39021673116668676,0.7014881790808016,-0.022899589338996496,0.3883147655734629
damped_persistence,2,C_East_Mediterranean_Coast,83,3.4710177642936526,0.5282625281163617,0.8896900065663047,0.16238408994635256,0.7662310276445566
damped_persistence,2,C_East_Mississippi_Delta,83,4.611056504920594,0.669026632399259,0.8823115690554985,0.43862863429306764,0.7590365587426728
damped_persistence,2,C_East_Nile_Delta,83,3.0321249885460237,-0.0655461509775394,0.4349179743525582,-0.6270862944560911,-0.231987560360982
damped_persistence,2,C_East_Ob_Bay_Coast,83,3.3568948414236526,0.4613935877557953,0.8977580421463478,0.15018505532631177,0.7878008350270348
damped_persistence,2,C_East_Red_Sea_North_Gulf_of_Aden_Coast,83,1.7404934236686507,0.16969368371611238,0.5967143067783592,-0.028756251400042565,0.30506003302569085
damped_persistence,2,C_East_Timor_Islands,83,3.5351765165493956,-0.13478761132362527,0.32177226194558506,-0.042354006693256174,0.10243944643370406
damped_persistence,2,C_Ellef_Ringnes_Bathurst_Devon_Islands,83,3.3858305120761685,0.4500629209578618,0.6822281148162034,-0.19280990067497772,0.1546696125397481
damped_persistence,2,C_Ellesmere_Island,83,5.116327251641949,0.6946906777688608,0.9572903224825736,0.38499983246930203,0.8958519609630057
damped_persistence,2,C_Great_Britain,83,3.275271152055789,-0.057479874030648005,0.5359366405011917,-0.2154306424480965,0.15009573882547744
damped_persistence,2,C_Greater_Dniester_Basin,83,3.992205305210074,0.4988527641565475,0.8563391290205803,0.020173981265283913,0.6684116953158754
damped_persistence,2,C_Gulf_of_Darien_Coast,83,3.6447234335023158,0.5158390574596089,0.8571808481233509,0.25751467354732205,0.7114427948161868
damped_persistence,2,C_Gulf_of_Guinea_Coast,83,3.4959387580798005,0.6136551908441731,0.7969371030781293,0.3598364245123691,0.624675255392368
damped_persistence,2,C_Gydan_Bay_Coast,83,4.514748555655845,0.08771273738044764,0.8515708182050009,-0.04321416612374418,0.7105755353855949
damped_persistence,2,C_Hainan,83,5.533606231820057,0.01832044973589394,0.7757472412133969,-0.04990440196774215,0.5994841101669244
damped_persistence,2,C_Halmahera_Islands,83,3.029682957382005,0.343460747417059,0.346966641077124,0.0980466111206224,0.08417572376608229
damped_persistence,2,C_Hispaniola,83,2.182301243405237,0.02962373029938,0.5912493562338419,-0.29746519217020206,0.10335126498308989
damped_persistence,2,C_Hokkaido,83,4.105966354069284,-0.004956535079516661,0.6653420288958739,-0.034194641779992985,0.4276120517708176
damped_persistence,2,C_Hub_Porali_Basin,83,4.0459186913708765,0.49100762263469533,0.6342928523148946,0.083519266081719,0.2780851381304662
damped_persistence,2,C_Iberian_Atlantic_Coast,83,3.327735718019416,0.45993699881180583,0.8681974045007999,0.20268368295003825,0.7470007593131959
damped_persistence,2,C_Iceland,83,10.082073471322682,0.3414456313798025,0.829086429400668,0.04058814784355025,0.6855517589449962
damped_persistence,2,C_India_West_Coast,83,4.51382525276742,0.2870116112134153,0.9587342403482798,-0.4283851390413045,0.8744011818917112
damped_persistence,2,C_Indian_Ocean_Africa_Coast,83,4.092845915016516,0.6917510713071743,0.8593582569427621,0.36122856890729604,0.6787953968447401
damped_persistence,2,C_Ireland,83,2.311746054199183,0.056564854045036854,0.6199378404565911,-0.05572492603615964,0.32959196863353624
damped_persistence,2,C_Irrawaddy_Sittang_Salween_Basin,83,3.419179237688879,0.6839941024492118,0.9659481280295085,0.40804977989807467,0.9326813139450503
damped_persistence,2,C_Jamaica,83,3.00825847070917,-0.1487177010707302,0.0983606170525571,-0.018894633462241517,-0.024733604115266594
damped_persistence,2,C_Japan,83,4.175818688538917,0.15958345278514874,0.32960844394310845,-0.5231714119955275,-0.6335358670284537
damped_persistence,2,C_Java,83,3.2907002580345543,0.6048489231433376,0.7567375331970962,0.325252447628923,0.5716403106483541
damped_persistence,2,C_Kamchatka_Peninsula,83,3.4473437376447134,0.16139270206586576,0.9373141733487937,-0.006846722106586656,0.8746022338117678
damped_persistence,2,C_La_Plata_Delta,83,5.996939265986303,0.6251230464087483,0.6455181182551102,0.35969655826508373,0.3805263631879011
damped_persistence,2,C_Labrador_Sea_Coast,83,4.182627408867412,0.41569589199308205,0.8014998789414548,0.132482066654819,0.6163734322162424
damped_persistence,2,C_Madagascar,83,3.737147903931711,0.49417321224957306,0.8942914295195404,0.20989470391777854,0.7939158298441872
damped_persistence,2,C_Malaysian_Peninsula_Coast,83,4.727000885589779,0.43618023812182516,0.6733535837202135,0.05341281943015086,0.383425663316876
damped_persistence,2,C_Maluku,83,4.231792332285039,0.09933850128033427,0.14319642280767167,-0.0515723547943121,-0.06819797934416649
damped_persistence,2,C_Melville_Prince_Patrick_Islands,83,7.877921752049143,0.6796286743578377,0.8461525564609909,0.14467381411773905,0.5304857700834468
damped_persistence,2,C_Namibia_Coast,83,2.5750925266820563,0.232130439302428,0.23714869451503034,-0.16830967001496666,-0.26263682721974746
damped_persistence,2,C_Neva_River_Finland_Coast,83,2.821438907579764,0.4312101594256148,0.8413937510136014,0.06793408299064196,0.6672002113789104
damped_persistence,2,C_New_Brunswick_and_Nova_Scotia_Coast,83,5.112683161152288,0.05538899411497164,0.7872221963794614,-0.1697635361458827,0.5456321545046047
damped_persistence,2,C_New_Siberian_Islands,83,50.159267110655264,0.01635369598187323,0.2798419054669189,-0.0253496339107806,0.061566210567856605
damped_persistence,2,C_New_Zealand_North_Island,83,2.300719816994485,0.3175347814606003,0.7610447308903632,0.03077002200096579,0.5456244133826764
damped_persistence,2,C_New_Zealand_South_Island,83,2.5011149453670445,0.10853843528218567,0.7125158973298383,-0.003672695015554339,0.4923132017179135
damped_persistence,2,C_Nigerian_Delta,83,6.017929923167081,-0.0976810656225702,0.93846340692993,-0.030375172676124773,0.8736762263529638
damped_persistence,2,C_North_Argentina_South_Atlantic_Coast,83,4.176307431564306,0.6449938292813052,0.6660891858576038,0.39169952232960936,0.3962969199511014
damped_persistence,2,C_North_Australia_Coast,83,4.1410106616461935,0.8183290641514728,0.9345096780982314,0.6160699354803043,0.8569219153687209
damped_persistence,2,C_North_Baffin_Island_Coast,83,6.920822213942284,0.5037139160824243,0.7882463505715492,0.0461165517236799,0.3693948783519009
damped_persistence,2,C_North_Brazil_South_Atlantic_Coast,83,7.887862011936165,0.5964937363389198,0.934213749791276,0.24106636924712266,0.8522243648094749
damped_persistence,2,C_North_Caspian_Sea_Coast,83,2.41369951137306,0.5337453045453758,0.8328008681912477,0.26183732456046993,0.6538995137459488
damped_persistence,2,C_North_Chile_South_Pacific_Coast,83,2.7908847651969855,0.5509821098544662,0.8187786539231907,0.24537734619111673,0.6442694973402464
damped_persistence,2,C_North_East_Bay_of_Bengal_Coast,83,3.091680281581277,0.5448473759053601,0.9833847784516148,0.25030383390093636,0.966314484606925
damped_persistence,2,C_North_East_Siberian_Sea_Coast,83,1.7400464104200375,0.6160094083523179,0.8847373575879457,0.37427721606918807,0.7629315522786739
damped_persistence,2,C_North_Gulf_of_Oman_Coast,83,3.067429042017041,0.6814025050467808,0.7939237635890831,0.4434813732227988,0.6193483253692674
damped_persistence,2,C_North_Korea_Bay_Korean_Peninsula,83,3.12344037125955,0.6503879837500653,0.7388712956966573,0.1148554914180212,0.2982488131623412
damped_persistence,2,C_North_Siberia_Coast,83,1.8561647095631544,0.21539772505160965,0.9202988811232076,-0.011837002171829258,0.845958396751687
damped_persistence,2,C_North_St_Lawrence_Seaway_Coast,83,3.7416445828236142,0.4241554172229809,0.8185658346495768,-0.25262186371324824,0.47353935309166717
damped_persistence,2,C_North_Vietnam_South_China_Coast,83,4.102367650831695,0.528391780937702,0.7996060493036113,0.1713914863648437,0.5892840799726573
damped_persistence,2,C_North_West_Africa_Coast,83,1.564571475677209,0.15994374954823226,0.3894472215965999,-0.54191426743102,-0.5225300560244437
damped_persistence,2,C_Northeast_South_America_Coast,83,7.434203912362528,0.8719827174788554,0.8746425834274141,0.7369129741873391,0.7623859476711317
damped_persistence,2,C_Northwest_Hudson_Bay_Coast,83,2.6611336360324875,0.6323848444245666,0.7991790193094521,0.37330913356123374,0.6293492100747164
damped_persistence,2,C_Northwest_Mediterranean_Coast,83,2.841908527903267,0.6003945259430282,0.8547655370434203,0.2957946061811685,0.707046151370887
damped_persistence,2,C_Norway_Coast,83,3.5715133474076515,0.41156755666700906,0.8365916865133463,0.14229717277230558,0.6841629667891012
damped_persistence,2,C_Novaya_Zemlya,83,25.837530059282017,0.39316708165490927,0.9284016233823716,-0.7919542376140805,0.736711252083055
damped_persistence,2,C_Nusa_Tenggara,83,3.6625272398984254,-0.06960844966898037,0.25451465832336656,-0.05342147662674068,0.0176987936738614
damped_persistence,2,C_Olenyok_Delta,83,9.615354720242324,0.042812804812847514,0.4030735053279302,-0.05807537305344135,0.11774859929674208
damped_persistence,2,C_Oregon_Coast,83,3.0122354479608107,0.34706410696306994,0.9351388799958362,0.006244779819452928,0.8495928267808576
damped_persistence,2,C_Papua_New_Guinea_Island,83,2.143877541981417,0.5140201831681374,0.6257732737273223,0.2625572242536516,0.37221782049844176
damped_persistence,2,C_Patagonia,83,3.9155074629122515,0.16093894775223316,0.6119472080736901,0.007869977893637858,0.33226218311774813
damped_persistence,2,C_Peru_Pacific_Coast,83,1.5427222439765824,0.21424069644155622,0.8633348951678906,0.013966494143285435,0.7415482953733339
damped_persistence,2,C_Philippines,83,2.969799960133861,0.5711835480011808,0.6570187087459729,0.31567578418662556,0.428415276647242
damped_persistence,2,C_Po_River_and_East_Italy_Coast,83,3.7428662002143014,0.5079292486867614,0.847664682113117,0.17857941728315552,0.6872788773689429
damped_persistence,2,C_Prince_of_Wales_Island,83,3.800293696913711,0.010513978431572733,0.33107860239360243,-0.3395313772025177,-0.22578149962138028
damped_persistence,2,C_Puerto_Rico,83,2.0554541140962526,-0.08119394382273275,0.5498853998638029,-0.1807930879912747,0.18565443722027242
damped_persistence,2,C_Sakhalin_Island,83,8.649645198732308,0.06978048371786805,0.1919216879985469,-0.08861037261717586,-0.17459513739245036
damped_persistence,2,C_Sardinia_and_Corsica,83,9.353913386456487,-0.005870429834485893,0.235495698453111,-0.12135675385046762,0.006909828418504738
damped_persistence,2,C_Severnaya_Zemlya,83,35.98731656007639,0.3855740222754833,0.8522314795052816,-1.108400446262265,0.3989887536626925
damped_persistence,2,C_Seward_Peninsula_Alaskan_North_Slope,83,2.797351241654936,0.3554687802861508,0.7506013370989824,0.00905588155166448,0.5009610676083196
damped_persistence,2,C_Shelikhov_Gulf_Sea_of_Okhotsk_Coast,83,4.996815478276941,0.30487998402906324,0.8179834987901097,-0.05023270055971363,0.603619168036853
damped_persistence,2,C_Sicily,83,4.58037312394034,0.011090341169958268,0.11220638047045624,-0.04510934475876405,-0.07061720208035815
damped_persistence,2,C_Solomon_Islands,83,9.57611620139001,-0.04426029797633377,0.12602066816053975,-0.05398969609552484,-0.25313916936453285
damped_persistence,2,C_Somerset_Island,83,3.711536517095661,0.12465118522829076,0.6667464727834955,-0.4335457991792948,0.23834521905159012
damped_persistence,2,C_South_Africa_South_Coast,83,2.1257549503836977,0.7466461230906488,0.8013689910072781,0.43171911531424345,0.5535122219165993
damped_persistence,2,C_South_Africa_West_Coast,83,2.0391908569901696,-0.019065106641809333,0.494831797401607,-0.03334459518019406,0.22895053449649527
damped_persistence,2,C_South_Alaska_Coast_Frazer_River,83,6.378363816584406,0.6223187898638397,0.9464892876043602,0.27676253786626004,0.8851219586649985
damped_persistence,2,C_South_Amapa_Coast,83,7.081014459487945,0.7903857701998233,0.9424394583995197,0.5576448446395321,0.8860717678758896
damped_persistence,2,C_South_Australia_Coast,83,1.4288689508632106,0.30553616264332234,0.7322595274259873,-0.05303488060190964,0.5172158696806501
damped_persistence,2,C_South_Baffin_Island_Coast,83,5.14399378561318,0.13411547616204691,0.6665291864040831,-0.17752713945302245,0.2372027838412758
damped_persistence,2,C_South_Baltic_Coast,83,2.9062361189424077,0.37527515581016774,0.8080648705160024,0.09157882749543811,0.6450232930846198
damped_persistence,2,C_South_Black_Sea_Coast,83,5.289620091256069,0.4537448199079707,0.8192472599271073,0.11620275523182444,0.6372610817189353
damped_persistence,2,C_South_Chile_South_Pacific_Coast,83,6.579497042330922,0.272020260144906,0.9428991341533522,-0.7357795279343826,0.821308418738997
damped_persistence,2,C_South_East_Brazil_Coast,83,5.217418138172972,0.673480885302709,0.8147999754142561,0.27402943927223256,0.5526717922859645
damped_persistence,2,C_South_East_Russia_Coast,83,2.8925881365227735,0.3462497449363671,0.1825154068816036,0.027158784383092494,-0.41585659182902
damped_persistence,2,C_South_Gulf_of_Aden_Coast,83,2.716782943491355,0.36755581629771267,0.24535408638827802,0.12989725714623312,0.008957248347570279
damped_persistence,2,C_South_Gulf_of_Oman_West_Arabian_Sea_Coast,83,1.8439608786498962,0.3760345786031253,0.5390501161423793,-0.16222580106806084,0.06060323177239135
damped_persistence,2,C_South_Hudson_Strait_Ungava_Bay_Coast,83,4.208194930577928,0.0790441418485854,0.7717177917466717,-0.21872474344257165,0.5117885076702355
damped_persistence,2,C_South_Mediterranean_Coast,83,1.425361495929361,-0.01847409996555838,0.32930915845201597,-0.15948310573316804,-0.03017914651307474
damped_persistence,2,C_South_Zambezia_Coast,83,4.122794172981902,0.2832403197238388,0.8539042277470127,-0.04197817790536296,0.699464893411662
damped_persistence,2,C_Southhampton_Coats_Islands,83,3.88744527849156,0.1943816042298363,0.5372574912315493,0.017534009053825184,0.2712473018406828
damped_persistence,2,C_Southwest_Hudson_Bay_Coast,83,2.305284353618628,0.517301683079163,0.8860115267433802,0.25018352539484534,0.7691947842243866
damped_persistence,2,C_Southwest_Mediterranean_Coast,83,2.567965004252129,0.22164720552372066,0.6160287444240186,-0.4269913040142055,0.007816143421039756
damped_persistence,2,C_Sri_Lanka,83,2.0858810590126997,0.3892346176983144,0.9157687401832342,-0.12527457673528453,0.7863154074075609
damped_persistence,2,C_Sulawesi,83,2.571578842625582,0.6647377638220402,0.6471292428667088,0.4411430225178997,0.41216136290082694
damped_persistence,2,C_Sumatra,83,3.12328505337898,0.43073943626454875,0.6795636630888754,0.07151640676102844,0.35855598929955745
damped_persistence,2,C_Svalbard,83,30.06847035212583,0.5842948780050361,0.960776954007446,-0.19078559741832146,0.8785792054954442
damped_persistence,2,C_Sweden_Coast,83,3.8175779262792795,0.033544295289203385,0.7377321518882013,-0.08080799109576797,0.5434502966386385
damped_persistence,2,C_Taiwan,83,2.2151565164522187,0.018651537733725645,0.6042761023811655,-0.09777183089232033,0.3364592172415469
damped_persistence,2,C_Tasmania,83,2.8235389635491654,0.3060165106663572,0.7580231376665317,0.07842816641052597,0.5677556406678955
damped_persistence,2,C_Texas_Gulf_Coast,83,3.4761233191511174,0.6375527162285536,0.7623120917245827,0.35662041964184565,0.5639083228072737
damped_persistence,2,C_Thar_Desert_Sabarmati_River_Gulf_of_Cambay_Luni_Delta,83,4.9078298835572784,0.646179137757375,0.7698557817985732,0.4141097417455233,0.5894851596575372
damped_persistence,2,C_US_East_Gulf_of_Mexico_North_Atlantic_Coast,83,3.965707814796399,0.7250770354756849,0.7256040232748542,0.5246283895633408,0.5226051374484558
damped_persistence,2,C_US_North_Atlantic_Coast,83,3.064842023293073,0.23966357538656252,0.8327769714551772,-0.029646749314232945,0.6772549077568761
damped_persistence,2,C_Uda_Basin,83,3.716303481065479,-0.01730552400861283,0.4976936350866933,-0.07080316722173219,0.17443619551143363
damped_persistence,2,C_Uruguay_South_Brazil_Coast,83,4.8224819783358654,0.6022490996872769,0.6778993668279146,0.333956970427002,0.43358530594994216
damped_persistence,2,C_Victoria_Island,83,2.748845645084443,0.32707597910628045,0.771428012015023,-0.1315433098715002,0.4867069403383182
damped_persistence,2,C_Vietnam_Coast,83,3.4976264365769003,0.6238759881037125,0.9652868879605541,0.35409775522886744,0.9276709777448435
damped_persistence,2,C_West_Africa_Coast,83,2.2476735960327123,0.34174971726767056,0.9810445279060215,0.07529990646496221,0.9592342481165208
damped_persistence,2,C_West_Australia_Coast,83,1.9989270966337604,0.2538645486241894,0.4742927901442982,-0.13645571627139907,0.10277271416755385
damped_persistence,2,C_West_Barents_Sea_Coast,83,3.2425408513993683,0.1671887175663424,0.8698735437578056,0.01645542770163011,0.7320341656125975
damped_persistence,2,C_West_Black_Sea_Coast,83,5.471565237300701,0.47113470582325684,0.8000871711722524,0.1662550576380284,0.6143561318039062
damped_persistence,2,C_West_Caspian_Sea_Coast,83,4.260565192396388,0.3571680824138778,0.8294183128005187,-0.010388548789896701,0.6286047378195005
damped_persistence,2,C_West_Continental_Europe,83,2.7217853255905338,0.7139218712409896,0.8810679756371345,0.47910865007893666,0.7702675159033561
damped_persistence,2,C_West_Italy_Coast,83,2.935446540320875,0.024940333981091294,0.8595347128318077,-0.30667027126080537,0.7184575750138985
damped_persistence,2,C_West_Mississippi_Delta,83,4.718426892094271,0.6346977642995356,0.8582600521021356,0.39523296670187236,0.7183143520287016
damped_persistence,2,C_West_Nile_Delta,83,2.300830662186553,0.026370433721585557,0.45727620115053785,-0.4146953624683294,-0.08237255989777292
damped_persistence,2,C_West_Red_Sea_Coast,83,2.569931073912839,0.19492245674619346,0.5889984308985898,-0.26891660416066854,0.09079137439628804
damped_persistence,2,C_Yamal_Peninsula,83,3.963705160791749,-0.16860564098051484,0.8192704119666697,-0.22068549309267915,0.601090104030457
damped_persistence,2,C_Yellow_Sea_Coast,83,4.977016285739112,0.7192569114810456,0.6450091152800133,0.3592955427756289,0.3201982175185609
damped_persistence,2,C_Yenisey_Gulf_Coast,83,4.114100460194539,-0.010983913548921646,0.8608004305540292,-0.02778602163856614,0.735423175562848
damped_persistence,2,C_Ziya_He_Interior_Coast,83,4.919690522379139,0.8509343658415806,0.8545787097905766,0.5859849453805379,0.6009964164485595
damped_persistence,2,E_Altai_Mountains,83,1.4241713283928725,0.1632287809520679,0.20947378979081183,-0.12641406728918625,-0.1504513836807706
damped_persistence,2,E_Amu_Darya,83,2.843441907267864,0.5360739177192654,0.9007848036275216,0.055093273724468705,0.7510239459087257
damped_persistence,2,E_Australia_Northwest_Plateau,83,4.0408869423280604,0.7969581623952169,0.8519197412913069,0.5937355381311008,0.6910452417706372
damped_persistence,2,E_Badain_Jaran_Desert,83,1.2299060457756232,-0.15229343071416082,0.518203731645006,-0.041102755196635865,0.23632794403700674
damped_persistence,2,E_Central_Iran,83,2.7493249553766104,0.6374587213533974,0.8612072345301688,0.37824128787142375,0.7265316825359487
damped_persistence,2,E_Central_Mongolia,83,2.3874130172171975,0.41560312980782604,0.45848150604625415,0.021982314243645718,0.0643738870010585
damped_persistence,2,E_Dayan_Khyargas_Uvs_Nuur_Basins,83,1.5648001309476285,0.5273698898213055,0.609231452251573,0.25896263748965576,0.34022399132624825
damped_persistence,2,E_East_Gobi_Desert,83,1.7989160488253586,0.6917580667362119,0.6582400570244129,0.33397012001065507,0.28981720568973945
damped_persistence,2,E_Egyptian_Western_Desert,83,2.071596402436302,0.20882525625960885,0.4819396366258961,-1.1703465772374466,-0.8776951037590646
damped_persistence,2,E_Farahrud_Helmand_Hamun_i_Mashkel,83,2.8802164967883708,0.39028986008740274,0.7741675072753632,-0.003867365029972092,0.5332679584758586
damped_persistence,2,E_Great_Basin_Great_Salt_Lake,83,2.773612146381758,0.8536029866745254,0.9003138584590547,0.7234947615001386,0.8044250377363846
damped_persistence,2,E_Great_Victoria_Desert,83,1.7033405317161912,0.4665708523909631,0.33329682233925134,0.16398081986688018,-0.03667262046776498
damped_persistence,2,E_Jordan_Northwest_Saudi_Arabia,83,3.3505306547072755,0.15208015507112543,0.7384963978731997,-0.15606712016762248,0.4397182175169686
damped_persistence,2,E_Junggar_Pendi,83,2.3227184050452494,0.5932989407976281,0.8352413844694065,0.11183728548261129,0.5671908443054987
damped_persistence,2,E_La_Puna_Altiplano,83,2.3762848274549144,0.35321694009600724,0.7113161578046671,0.030593923500059073,0.45478530156192953
damped_persistence,2,E_Lake_Eyre_Basin,83,2.322739854227969,0.7503381880786877,0.7111731438711205,0.5591150284249382,0.49930044470860757
damped_persistence,2,E_Lake_Rukwa_Basin,83,10.930893394921032,0.5603446738397837,0.8670044029351236,0.08023420276962279,0.6835003503490273
damped_persistence,2,E_Lakes_Balkash_Alakol,83,2.214207632153114,0.535063466988608,0.8748063964896383,0.11979815684001449,0.7333127943321844
damped_persistence,2,E_Libyian_Desert,83,1.0126221214063265,0.14171223844746306,0.5798092646791613,0.0012722790057780875,0.3093477671693906
damped_persistence,2,E_Lower_Lake_Chad,83,4.614708534727297,0.7240163318516231,0.9559738910192779,0.11747387370124385,0.8456095224531444
damped_persistence,2,E_North_Central_Arabia,83,1.9468000094022917,0.3538097447847722,0.7335756594243655,0.12503628970818326,0.537152772755548
damped_persistence,2,E_North_Plateau_of_Tibet,83,2.736523833143538,0.4887796380466329,0.4432185696478129,0.1979643036290446,0.08088906336500423
damped_persistence,2,E_Northern_Kordofan,83,2.8283497875284374,0.35923243446539466,0.6009990840550028,-0.12654076715535645,0.1507972997388627
damped_persistence,2,E_Plateau_of_Tibet,83,1.8079686798419166,0.39776019257296563,0.6591756308764783,0.09320984750820549,0.3894337916097764
damped_persistence,2,E_Qinghai_Lake,83,2.155392767692442,0.738133288844953,0.35920929691923015,0.5001900140490441,-0.003970399610578879
damped_persistence,2,E_Rift_Valley,83,4.54811538538748,0.605248727868557,0.6128550612998939,0.17305556361265972,-0.05890618688595728
damped_persistence,2,E_Rub_al_Khali_Desert,83,1.5046801940647008,0.1789157085543565,0.4796054193739564,-0.021694337886207116,0.1928176626934689
damped_persistence,2,E_Sahara,83,0.7816782746500339,0.0073528714600828255,0.29965187275933813,-0.05084898658182535,0.012419260510240226
damped_persistence,2,E_Saharan_and_Algerian_Atlas,83,1.7798880914441473,0.3402264300093132,0.8829655950580879,-1.07664623605346,0.43891769916528256
damped_persistence,2,E_Salinas_Grande_Mar_Chiquita,83,2.8560485814621677,0.7792504075370886,0.8005475055698176,0.5290872401730987,0.5664826203706756
damped_persistence,2,E_South_Interior_Africa,83,3.3990705416280993,0.8036276766723496,0.8694917719134044,0.6242933600216906,0.7393864573102258
damped_persistence,2,E_Syr_Darya,83,1.8167366535165375,0.6016546088355077,0.8996193766448808,0.32963668888549025,0.7987293620718027
damped_persistence,2,E_Tarim_He_Lop_Nur,83,1.1971671677977052,0.5664207708362857,0.8316189084495075,0.22724270259588475,0.6406949645740283
damped_persistence,2,E_Turpan_Pendi,83,2.549315330010814,0.4661290996650425,0.8078840916148653,-0.23825603796565953,0.4336362492869851
damped_persistence,2,E_Upper_Lake_Chad,83,2.1077729027922554,0.6429267762555358,0.7964645538748093,-0.1815083099373851,0.27416686445672067
damped_persistence,2,R_Amazon_River,83,3.4094019336870676,0.8498987660115027,0.9799062430057729,0.6975309015632694,0.9545123196221674
damped_persistence,2,R_Amur_River,83,2.224830992534012,0.6614457470946616,0.3664835623415574,0.40082215282751743,-0.23240977750864866
damped_persistence,2,R_Colorado_River_Argentina,83,3.52818220592203,0.30072632595732696,0.4878830561054,-0.1838400582617583,-0.01001124026351663
damped_persistence,2,R_Colorado_River_of_the_West_North_America,83,2.0327614492478068,0.7370704488202993,0.842846978248523,0.5196442687052111,0.6934092956577711
damped_persistence,2,R_Columbia_River,83,2.410659665131129,0.31910957910557813,0.9752370312615222,-0.46049296184247157,0.9253921988225742
damped_persistence,2,R_Congo_River,83,3.135933322673808,0.7055971360566745,0.8459359520729067,0.39951261158430396,0.6587023268653667
damped_persistence,2,R_Danube_River,83,2.7613532018988125,0.5682433404239158,0.9093763359216538,0.1987455096425439,0.7964475351791793
damped_persistence,2,R_Dnieper_River,83,3.330071073021613,0.8355422516082817,0.8844777506319972,0.6823703703819762,0.7787975048019624
damped_persistence,2,R_Don_River,83,3.4290950743041173,0.8509239353205508,0.920737248775065,0.692720717292085,0.8308626284957379
damped_persistence,2,R_Ganges_Bramaputra_Basin,83,3.32793009962987,0.5515555163904691,0.9594074956212824,0.1191677814058294,0.8981980173205403
damped_persistence,2,R_Indus_River,83,3.884532143422245,0.5748992290900935,0.8685023248015663,-0.0031576575499168147,0.6339745139080559
damped_persistence,2,R_Lena_River,83,1.7025890601168676,0.4613985155205467,0.8988545925053906,0.19475366817999584,0.8055404551440799
damped_persistence,2,R_Limpopo_River,83,4.458500016605063,0.8254729421799308,0.8878273164677204,0.5368744290706751,0.6656877983914417
damped_persistence,2,R_Mackenzie_River,83,2.277456286600784,0.9327465766232039,0.948550193840551,0.8300152836004909,0.8878529989409414
damped_persistence,2,R_Magdalena_River,83,4.249735586217105,0.6262502871856888,0.8146960867227566,0.38765047472676717,0.6221674550318338
damped_persistence,2,R_Mekong_River,83,4.334664650890108,0.77572691357673,0.9482271843813783,0.5767588837219695,0.8973057953543923
damped_persistence,2,R_Mississippi_River,83,2.0854008636398382,0.9121783985065579,0.9568568247301235,0.7758548558316077,0.8803924604929693
damped_persistence,2,R_Murray_Darling_River,83,2.9830077667193264,0.7664805993956785,0.7621804773640761,0.5785669073612993,0.5656268726684917
damped_persistence,2,R_Niger_River,83,2.7879736941401037,0.37215592260444114,0.9605748854439135,-0.590941445573161,0.8539905792684636
damped_persistence,2,R_Nile_River,83,3.1322785067772903,0.45850475668335006,0.8715779515825514,-0.2465545704980967,0.6642281192046109
damped_persistence,2,R_Ob_River,83,2.0785771168535883,0.8023833101353997,0.9331428941957406,0.6433412317307909,0.870661439927855
damped_persistence,2,R_Orange_River,83,2.590080085871051,0.6894679676738892,0.7151749344297443,0.4328563927890494,0.4740852343418581
damped_persistence,2,R_Orinoco_River,83,4.253354587824327,0.7827348479946461,0.9624749287539067,0.5999639042070193,0.9242395563114437
damped_persistence,2,R_Parana_River,83,3.9903814888675373,0.6822858821661044,0.8540518077912794,0.13046801059052948,0.5036231811046136
damped_persistence,2,R_Parnaiba_River,83,5.54559084352434,0.7233450620526269,0.9227740513634514,0.2956086491599237,0.7808252286621811
damped_persistence,2,R_Rio_Grande_Rio_Bravo,83,3.316401837699342,0.31380803992629747,0.6848875141896118,-0.297428339350714,0.24566529556958772
damped_persistence,2,R_Saint_Lawrence_River,83,3.2930059279565476,0.919163615759076,0.8975782414163759,0.831023902568766,0.7875204740748438
damped_persistence,2,R_Sao_Francisco_River,83,6.650584884813459,0.7186832167903163,0.8461750367420204,0.39777157625556137,0.6433619901801375
damped_persistence,2,R_Saskatchewan_Nelson_Rivers,83,2.6223722061456938,0.679279019869677,0.874693678731423,0.3214867247633859,0.7102817663864318
damped_persistence,2,R_Senegal_River,83,2.6748821980706294,0.4348413971005951,0.9172415074017963,0.10674081380151335,0.8231421639674396
damped_persistence,2,R_Shebelli_Juba_Rivers,83,3.9292193576474297,0.5931394400214359,0.683491787754743,0.20283096740839213,0.35596450846152183
damped_persistence,2,R_Tigris_Euphrates_River,83,2.597384246616476,0.9111472830979926,0.9439771223320105,0.8257822884735548,0.8850693124588696
damped_persistence,2,R_Tocantins_River,83,5.964327871796833,0.6253748198781459,0.9396687483059035,0.38187376219519487,0.8811493447196931
damped_persistence,2,R_Volga_River,83,2.472044992500571,0.6689924698554163,0.9353587231595725,0.42173232957596685,0.8699663506055193
damped_persistence,2,R_Volta_River,83,2.9902025243213175,0.42493123976927205,0.9382974661237992,0.13071063986679787,0.8781416367131049
damped_persistence,2,R_Yangtze_River,83,3.416082893903491,0.5333036527956936,0.6643916553978562,0.21452424199938747,0.3993584661522127
damped_persistence,2,R_Yellow_River_Huang_He,83,2.0064706888449826,0.45815431240351573,0.6043447538199178,0.18667326734847656,0.3464314064042987
damped_persistence,2,R_Yenisey_River,83,1.785811734752796,0.0840609901582644,0.920018107676809,-0.5440836642578499,0.7934932274415145
damped_persistence,2,R_Yukon_River,83,1.9596199677092443,0.4570571097081979,0.9443383176999993,-0.09069130429910577,0.8495569613105894
damped_persistence,2,R_Zambezi_River,83,3.590999071157152,0.8279134735455224,0.9563983372632998,0.6710969131803664,0.9108032580326717
damped_persistence,3,C_Aleutians_South_Alaska_Coast,82,4.828361452134959,0.7816831452816968,0.9522025602920574,0.6063728185517204,0.8990567582696418
damped_persistence,3,C_Amazon_River_Delta,82,7.135389169314491,0.6976680827500685,0.94406819831751,0.45638292401524805,0.8810112566759262
damped_persistence,3,C_Angola_Coast,82,4.374929021545283,0.5727290231141086,0.8293461129527179,0.3195952283863569,0.6797594448981951
damped_persistence,3,C_Balkan_Peninsula_and_Adriatic_Coast,82,2.8901292402322722,0.29745169303031505,0.9407207110705735,-0.051453663880031364,0.8747460798227629
damped_persistence,3,C_Banks_Island,82,8.68979067576468,-0.04156283534121424,0.4107027124883125,-0.180749068229068,0.03931627583109121
damped_persistence,3,C_Beaufort_Sea_Coast,82,2.039345650744078,0.016546511880884247,0.8915721207419885,-0.10304296380967726,0.7936051287038628
damped_persistence,3,C_Bight_of_Benin_Coast,82,4.643120562542721,0.600655876530882,0.917003211281685,0.36023996047038487,0.8405103286263812
damped_persistence,3,C_Bismark_Sea_Islands,82,3.7104834592824094,0.49215234394400204,0.31128621634838627,0.03591657149368532,-0.15153804061670018
damped_persistence,3,C_Borneo,82,4.225062145294883,0.37713949977979294,0.43587836647457484,0.11150741752640592,0.04071611369834516
damped_persistence,3,C_Buor_Khaya_Gulf_Coast,82,4.455949672291925,0.08346366082729384,0.7238084962057045,-0.08556726403061754,0.5040081687280543
damped_persistence,3,C_California_and_Baja_California,82,3.2064292221415345,0.7011669417612895,0.8492574878403765,0.4867293333360566,0.7186661676741308
damped_persistence,3,C_Canadian_South_Arctic_Ocean_Coast,82,1.9089285977151982,0.22973797938986595,0.8446354608945407,-0.15635420370694897,0.6429296830492104
damped_persistence,3,C_Capim_River_Delta,82,8.90558255251788,0.591206951637937,0.9233084978564005,0.3241753705129231,0.8353555581055095
damped_persistence,3,C_Carribean_Coast,82,3.6698904030122144,0.6835447646586892,0.9147954041796442,0.4626432141668665,0.8255155264962613
damped_persistence,3,C_Central_America_Gulf_of_Mexico_Caribbean_Coast,82,3.800348009755163,0.531367823186643,0.881059350652784,0.21386448052324303,0.7566621423143897
damped_persistence,3,C_Central_American_Pacific_Coast,82,3.0891080510387057,0.3571758337816775,0.9084686527479988,-0.35684268499099825,0.7172245804857105
damped_persistence,3,C_Chao_Phraya_River_Gulf_of_Thailand_Coast,82,6.074187612691908,0.6387680648599284,0.9142717938510145,0.32296143703433533,0.8177497275517478
damped_persistence,3,C_Chukchi_Peninsula,82,4.575518971852088,0.1838543047053921,0.7785780933176659,0.027857774812402147,0.6034950423301683
damped_persistence,3,C_Churchill_Seal_Rivers,82,3.0563096685025566,0.7847575673347872,0.8590569795451344,0.5824450764752811,0.7070584822677678
damped_persistence,3,C_Columbia_Ecuador_Pacific_Coast,82,1.9979818531222582,0.1447530623456256,0.7018733506062528,0.020609554598260638,0.4922698589694853
damped_persistence,3,C_Crimea_West_Azov_Sea_Coast,82,7.536126922175897,0.4189030383463001,0.6742149046849472,0.16207450021532444,0.4429687105633914
damped_persistence,3,C_Cuba,82,2.5980396456032406,0.08536788832489571,0.7845875592431499,-0.08545775179985005,0.5611119029915481
damped_persistence,3,C_Deccan_Plateau_East_Indian_Subcontinent_Coast,82,4.53897321922492,0.4319613850630943,0.9534270937110694,-0.21101804246067069,0.8726869509446213
damped_persistence,3,C_Denmark_Germany_Coast,82,7.727868777922109,0.15387042387000543,0.40227079818135264,0.012297893546339589,0.15009917661622485
damped_persistence,3,C_East_Australia_Coast,82,3.4324083252174833,0.41776961101882315,0.3603373473591828,0.07543121651457496,-0.05130535423736404
damped_persistence,3,C_East_Azov_Sea_Northeast_Black_Sea_Coast,82,9.601811685935532,0.4252871102958133,0.6044341065639809,0.17836902525144394,0.3633020691205133
damped_persistence,3,C_East_Barents_Sea_Coast,82,3.1975139556295353,0.5140610213418044,0.908860471851734,0.21701204762989246,0.8138007470161122
damped_persistence,3,C_East_Beaufort_Sea_Amundsen_Gulf_Coast,82,3.0164865295872967,0.06424123995785201,0.7060172456654442,-0.08177327475361773,0.4495193950999332
damped_persistence,3,C_East_Brazil_South_Atlantic_Coast,82,4.329214532176045,0.3934479142642862,0.8178132646250813,-0.138983402222298,0.5732317150712807
damped_persistence,3,C_East_Caspian_Sea_Coast,82,3.3420253006130074,0.6017364020251813,0.8821481709558512,0.036389460491060066,0.6650743142862046
damped_persistence,3,C_East_Central_Africa_Coast,82,5.557648483239965,0.40088271224482774,0.9044724544715624,-0.5038323312825728,0.6598298031106277
damped_persistence,3,C_East_China_Coast,82,5.341137019920052,0.4639561385620786,0.7392999124676585,0.021617602573235084,0.42813504584131923
damped_persistence,3,C_East_Hudson_Bay_Coast,82,3.430224802912212,0.3919866133703029,0.7077352616015627,-0.04460236192005085,0.38503516292482964
damped_persistence,3,C_East_Mediterranean_Coast,82,3.800804393377282,0.42918624359860885,0.8739211502309668,0.0025497700995382733,0.7230478208354123
damped_persistence,3,C_East_Mississippi_Delta,82,5.082170741698023,0.5875823452116794,0.8597794556945425,0.32759965476459996,0.7082665554545646
damped_persistence,3,C_East_Nile_Delta,82,2.9327576225092558,0.18476636775233665,0.5159411025656245,-0.5592775553757559,-0.1815152990750446
damped_persistence,3,C_East_Ob_Bay_Coast,82,3.2643908125054044,0.4969895748428891,0.9044452849031847,0.21209970505742992,0.8003509986777617
damped_persistence,3,C_East_Red_Sea_North_Gulf_of_Aden_Coast,82,1.7610986301259917,0.13947876306456597,0.5754636134681224,-0.03849830460739789,0.2713352508414697
damped_persistence,3,C_East_Timor_Islands,82,3.475209339906529,0.04148940003360935,0.3800155492547382,0.00032141639363791885,0.1393328290983007
damped_persistence,3,C_Ellef_Ringnes_Bathurst_Devon_Islands,82,3.366316445812696,0.41716628485515195,0.6675347825339535,-0.17514039959799543,0.16486148697788483
damped_persistence,3,C_Ellesmere_Island,82,5.255626812580896,0.6827858682174762,0.9567462422675486,0.35377960370131145,0.8880785453053611
damped_persistence,3,C_Great_Britain,82,3.336776449293684,-0.007060464455643773,0.5384524526176788,-0.2528628276140896,0.12090609576806532
damped_persistence,3,C_Greater_Dniester_Basin,82,4.5455368614745515,0.35682826477125834,0.8229342863913388,-0.23309721442392606,0.5738628036496294
damped_persistence,3,C_Gulf_of_Darien_Coast,82,3.7906461011400716,0.47132574348219825,0.8563011214322092,0.20657915308887165,0.6912753640220484
damped_persistence,3,C_Gulf_of_Guinea_Coast,82,3.7519683793366556,0.5666534423244811,0.7618058548129673,0.28801962047459595,0.5685499562280869
damped_persistence,3,C_Gydan_Bay_Coast,82,4.48576981162993,0.2003663136916654,0.8523999180386955,-0.015512358210601818,0.7146788673975306
damped_persistence,3,C_Hainan,82,5.10825473084444,0.2831911536497729,0.8083929555827782,0.07408521378375033,0.6509643658938286
damped_persistence,3,C_Halmahera_Islands,82,3.153366631971497,0.2533150820599874,0.28023557620108586,0.022256103418347162,0.019716135740446283
damped_persistence,3,C_Hispaniola,82,2.192144150972774,-0.022877309186284514,0.5931145660191739,-0.30599139937627906,0.10578751077769366
damped_persistence,3,C_Hokkaido,82,4.071198658559492,0.11230431111886512,0.666829439478701,-0.01634958608867998,0.42697806946695394
damped_persistence,3,C_Hub_Porali_Basin,82,4.386620630683288,0.3941256240754201,0.5707699097962028,-0.06880049800004717,0.146756802379733
damped_persistence,3,C_Iberian_Atlantic_Coast,82,3.5335756702762233,0.3573577568775386,0.8509916813288187,0.10987951303177734,0.7130691461700478
damped_persistence,3,C_Iceland,82,10.50658443498785,0.26335289634334313,0.8144789938815777,-0.015464994820680422,0.6613976923892473
damped_persistence,3,C_India_West_Coast,82,4.938255774510274,0.09054035902663132,0.9532555666749365,-0.7335817832123921,0.8513781518008299
damped_persistence,3,C_Indian_Ocean_Africa_Coast,82,4.829576249850795,0.5527024789151846,0.8060371950304888,0.12199633315559211,0.5560015657122122
damped_persistence,3,C_Ireland,82,2.327269433821789,0.03430994603067284,0.6217205978219426,-0.06277035437893796,0.3280759477657247
damped_persistence,3,C_Irrawaddy_Sittang_Salween_Basin,82,3.6722948317175446,0.5978221060777025,0.9603007502455365,0.3194921694689141,0.9218555641805813
damped_persistence,3,C_Jamaica,82,2.9955510573186763,-0.0783349075971039,0.12961351042317673,-0.014605479786923947,-0.009692604687856488
damped_persistence,3,C_Japan,82,4.177796364601038,0.19617608322090135,0.3575440332880743,-0.48315706090412647,-0.6559699501664424
damped_persistence,3,C_Java,82,3.646214434078711,0.45814870050796863,0.6912100792057986,0.1667705182857252,0.473205625775745
damped_persistence,3,C_Kamchatka_Peninsula,82,3.271326178170973,0.341907943503098,0.9431845892184212,0.10104564204598954,0.8849184384732126
damped_persistence,3,C_La_Plata_Delta,82,6.244054672646763,0.595721795393843,0.6018258279210607,0.31497995018354163,0.3122768261902986
damped_persistence,3,C_Labrador_Sea_Coast,82,4.1874545163570955,0.4026846051107548,0.8038251423848316,0.12704930632021083,0.6174647923643015
damped_persistence,3,C_Madagascar,82,3.951152335795431,0.39104507379383785,0.8826192400518248,0.12771277339313525,0.7724102235315649
damped_persistence,3,C_Malaysian_Peninsula_Coast,82,4.769708776698244,0.401062969153603,0.6640164687148257,0.032664766324115635,0.3647883966945533
damped_persistence,3,C_Maluku,82,4.262966104499251,-0.0355300973895924,0.09747920156312008,-0.060581485267795276,-0.08107940868042673
damped_persistence,3,C_Melville_Prince_Patrick_Islands,82,8.042464205030772,0.6152678284147511,0.8183178373814936,0.10852639913370288,0.5055972725918001
damped_persistence,3,C_Namibia_Coast,82,2.7927182372349777,0.033659100786636545,0.07938595752834357,-0.4057531440152651,-0.4759237596060897
damped_persistence,3,C_Neva_River_Finland_Coast,82,3.032568541698884,0.2873568500092404,0.8116046779210454,-0.08272361023599228,0.606445846662571
damped_persistence,3,C_New_Brunswick_and_Nova_Scotia_Coast,82,4.879935030650732,0.2525481372156101,0.8013028423593125,-0.05736332534999611,0.5836594757874546
damped_persistence,3,C_New_Siberian_Islands,82,50.82112386067181,-0.08281579834167335,0.22500672667831897,-0.05239247980921413,0.02987293470433372
damped_persistence,3,C_New_Zealand_North_Island,82,2.3212684061327407,0.3083908241722002,0.7685580729796965,-0.018224245551870633,0.5421480151847804
damped_persistence,3,C_New_Zealand_South_Island,82,2.5414537997731843,-0.044152346331217604,0.7020662932074767,-0.03731266837641645,0.48210344958841045
damped_persistence,3,C_Nigerian_Delta,82,5.843895451609999,0.23626436222072306,0.9429639352004467,0.034061120529246036,0.8812763526428825
damped_persistence,3,C_North_Argentina_South_Atlantic_Coast,82,4.426892208360364,0.5970200804002855,0.6141035563181197,0.3211363450797097,0.3016540828452555
damped_persistence,3,C_North_Australia_Coast,82,4.792872204339686,0.7500088309514059,0.913714331370869,0.4866693258852407,0.8079581201518923
damped_persistence,3,C_North_Baffin_Island_Coast,82,7.17123181626224,0.5203569274291835,0.8081049476913119,-0.021385314734140515,0.32562157507920375
damped_persistence,3,C_North_Brazil_South_Atlantic_Coast,82,8.9706392321653,0.47209187715304246,0.9159189778541299,0.04170246269935218,0.8094737638680789
damped_persistence,3,C_North_Caspian_Sea_Coast,82,2.736484816210798,0.36746839898742995,0.7939206756093853,0.06312887308103599,0.5604775318480286
damped_persistence,3,C_North_Chile_South_Pacific_Coast,82,2.8950798698280735,0.46870085473682854,0.7927572919484553,0.18516226919135048,0.6103193789889387
damped_persistence,3,C_North_East_Bay_of_Bengal_Coast,82,3.338877295291742,0.3969123780539703,0.9806212018215016,0.12598132799619577,0.9604313745659073
damped_persistence,3,C_North_East_Siberian_Sea_Coast,82,1.7313799132796583,0.6162444316726639,0.8844962379506929,0.3757813313071152,0.7594993649997219
damped_persistence,3,C_North_Gulf_of_Oman_Coast,82,3.5964477211821384,0.5137605573898909,0.7036238400095511,0.2476805584970464,0.48287258330819793
damped_persistence,3,C_North_Korea_Bay_Korean_Peninsula,82,3.3993203285574287,0.6118766815562133,0.7165414881476204,-0.09687119957715695,0.140244538570221
damped_persistence,3,C_North_Siberia_Coast,82,1.8220202810333708,0.33352074361279266,0.9229570500269076,0.039178756435738094,0.851334316486874
damped_persistence,3,C_North_St_Lawrence_Seaway_Coast,82,3.9874897674221077,0.33398162728241454,0.8173982904676591,-0.5054152597736434,0.40864583649391484
damped_persistence,3,C_North_Vietnam_South_China_Coast,82,4.612002199237728,0.3704612927647294,0.7517103202496782,-0.05488504718416509,0.47689436309006206
damped_persistence,3,C_North_West_Africa_Coast,82,1.652150382357216,0.07882748672962242,0.38751574300959224,-0.7142331935902955,-0.7017238631183091
damped_persistence,3,C_Northeast_South_America_Coast,82,9.2224395471493,0.809854527379622,0.8021055283016055,0.6025465234459128,0.6380183989530299
damped_persistence,3,C_Northwest_Hudson_Bay_Coast,82,2.6297220077967007,0.656487073769463,0.8075098259859937,0.3987855422798441,0.6422142080451878
damped_persistence,3,C_Northwest_Mediterranean_Coast,82,2.9224301448763916,0.5903887116111759,0.8488340818021378,0.2629750695640878,0.6892691264698857
damped_persistence,3,C_Norway_Coast,82,3.827901457304811,0.2373692484608473,0.8103672222047881,0.023876180133409752,0.6356017387267021
damped_persistence,3,C_Novaya_Zemlya,82,27.31997307966387,0.3568939959078125,0.9253418662639926,-0.9982011583181907,0.7034278478254752
damped_persistence,3,C_Nusa_Tenggara,82,3.630643554443259,0.21454885196227735,0.29949777586692783,-0.016661344809678402,0.04498587185565128
damped_persistence,3,C_Olenyok_Delta,82,9.519839916596945,0.12717219364708093,0.4223401333009646,-0.040723420813266964,0.1307178918064198
damped_persistence,3,C_Oregon_Coast,82,3.1913270102438815,0.19645465479801305,0.9305360986214299,-0.13457269214329015,0.832532977252213
damped_persistence,3,C_Papua_New_Guinea_Island,82,2.3345010629029153,0.3665081633977403,0.5378064827356545,0.12787329834799743,0.24639502098146449
damped_persistence,3,C_Patagonia,82,4.010255041838298,0.020087376384304266,0.5843730691051442,-0.03474589448440013,0.2802896741851584
damped_persistence,3,C_Peru_Pacific_Coast,82,1.557150137314018,0.19729915131085005,0.864108668534848,-0.003182665590322875,0.7391275924000102
damped_persistence,3,C_Philippines,82,3.2004671366087782,0.47860238026697727,0.5916485948052483,0.22143694124184732,0.34303810307876337
damped_persistence,3,C_Po_River_and_East_Italy_Coast,82,3.743635861934751,0.5282473533363042,0.8489424910474141,0.1946176387060986,0.6870558158130609
damped_persistence,3,C_Prince_of_Wales_Island,82,3.8519486455424032,-0.009622363666942933,0.3000012776086494,-0.3704097088727234,-0.24436193874544876
damped_persistence,3,C_Puerto_Rico,82,1.9880327001251814,0.18299971651520922,0.5876380715203324,-0.11526123266228216,0.24555825968490363
damped_persistence,3,C_Sakhalin_Island,82,8.717118193331203,0.03111739658475302,0.16521185162677426,-0.09513815868196218,-0.20010617992964774
damped_persistence,3,C_Sardinia_and_Corsica,82,8.523413291440924,0.33196066753575426,0.46819408294837633,0.07997565892718317,0.1833586918910517
damped_persistence,3,C_Severnaya_Zemlya,82,35.33868784478299,0.27962877240183853,0.8261621168359324,-1.072932480328531,0.40754000564885307
damped_persistence,3,C_Seward_Peninsula_Alaskan_North_Slope,82,2.7922882664819406,0.379488138297942,0.7552821955454001,0.02851626160097176,0.5059752720273774
damped_persistence,3,C_Shelikhov_Gulf_Sea_of_Okhotsk_Coast,82,5.102266459131992,0.25100101216915366,0.8084278228931913,-0.08888751745674095,0.5843301901037521
damped_persistence,3,C_Sicily,82,4.557441282128821,0.007819587518408201,0.11311764502107874,-0.033896234192162034,-0.07458839190286604
damped_persistence,3,C_Solomon_Islands,82,9.397683873652577,0.04780662616824586,0.13794402773353187,-0.024204323111674197,-0.19725778311988518
damped_persistence,3,C_Somerset_Island,82,3.688226544534915,0.13647400636918344,0.6626323592233238,-0.4006332886963824,0.24733945696886928
damped_persistence,3,C_South_Africa_South_Coast,82,2.2346301009634253,0.6902350342857059,0.7633129565509167,0.34837517418934605,0.4837177294892483
damped_persistence,3,C_South_Africa_West_Coast,82,2.025873158137841,-0.0476423387151147,0.5184835054779219,-0.02727490878110861,0.24480586403158422
damped_persistence,3,C_South_Alaska_Coast_Frazer_River,82,7.104864372387688,0.5231698545279109,0.9350547308897682,0.11157345160174503,0.8591794800678589
damped_persistence,3,C_South_Amapa_Coast,82,8.074308550567526,0.7245537957643556,0.9257637884170811,0.43532808734141115,0.8536031230791661
damped_persistence,3,C_South_Australia_Coast,82,1.3487396917888361,0.358269583563504,0.7697870557839958,0.045693255343062344,0.5748964288288989
damped_persistence,3,C_South_Baffin_Island_Coast,82,5.168426404398965,0.13868108167638815,0.6734883336616179,-0.19740874800692643,0.2374851290190667
damped_persistence,3,C_South_Baltic_Coast,82,3.077099882171724,0.24034489244119048,0.7788768149447981,-0.024289837615744103,0.5970865285167726
damped_persistence,3,C_South_Black_Sea_Coast,82,6.091007046401427,0.21794227118595008,0.7529906605946178,-0.14220306659939985,0.5243095114390829
damped_persistence,3,C_South_Chile_South_Pacific_Coast,82,7.1648574989653,0.21115463741736765,0.9398298283642269,-1.1289479127453705,0.7782388624947667
damped_persistence,3,C_South_East_Brazil_Coast,82,6.04735745839187,0.5408579854372415,0.7493389069532225,0.03753580366196685,0.39952982365856504
damped_persistence,3,C_South_East_Russia_Coast,82,2.8994110212104767,0.31394207541469327,0.15975280852428225,0.023175715318753953,-0.4118459019912497
damped_persistence,3,C_South_Gulf_of_Aden_Coast,82,2.758346709491961,0.3318377057974522,0.1876895262371076,0.10446448276132125,-0.02005849953910932
damped_persistence,3,C_South_Gulf_of_Oman_West_Arabian_Sea_Coast,82,2.002059495499662,0.04578378827183221,0.44498072990830073,-0.38436021285856725,-0.11694108902912759
damped_persistence,3,C_South_Hudson_Strait_Ungava_Bay_Coast,82,4.112890043057778,0.1322684117852343,0.7877380605755065,-0.21580141535204755,0.5383583130190133
damped_persistence,3,C_South_Mediterranean_Coast,82,1.3905995756647607,0.16822499025809132,0.3821520067492231,-0.09992675327007694,0.014767254148341902
damped_persistence,3,C_South_Zambezia_Coast,82,4.200575949759411,0.24271906927600792,0.853759342867069,-0.0787627063932943,0.6915983736220013
damped_persistence,3,C_Southhampton_Coats_Islands,82,3.914354128921712,0.17509252821739651,0.5346337664466081,-0.0010433606822177754,0.26985666897464633
damped_persistence,3,C_Southwest_Hudson_Bay_Coast,82,2.6123725322114204,0.29455230600351945,0.8541327831034291,0.043485807764135576,0.7029358014131974
damped_persistence,3,C_Southwest_Mediterranean_Coast,82,2.479070690218905,0.36879886459623945,0.700572276853939,-0.305208024714021,0.08038751290366164
damped_persistence,3,C_Sri_Lanka,82,2.237581050141342,0.18119634928579087,0.9053150301338373,-0.4195789270559054,0.7362662482762501
damped_persistence,3,C_Sulawesi,82,2.8609755226954836,0.5445838194093008,0.5345265384301968,0.2939610766078491,0.2594034110317661
damped_persistence,3,C_Sumatra,82,3.3799813087596604,0.30822362269370396,0.6120828533904856,-0.08446456633911703,0.19899271916435446
damped_persistence,3,C_Svalbard,82,31.290142084676784,0.5572447575749464,0.957012410430859,-0.2906654402720108,0.867080922875606
damped_persistence,3,C_Sweden_Coast,82,3.788093574857763,0.014471567477908101,0.7313939189504051,-0.08262801547803544,0.5334988456966472
damped_persistence,3,C_Taiwan,82,2.151789576981535,0.1656095556355205,0.6372587104478968,-0.034756970267563636,0.37809364012823976
damped_persistence,3,C_Tasmania,82,2.845218756002341,0.29219372006730027,0.7561594211545345,0.07368683895668371,0.5663380607490229
damped_persistence,3,C_Texas_Gulf_Coast,82,3.914111606912814,0.5089724662427854,0.6950028433904671,0.18199809364746555,0.4535683063573813
damped_persistence,3,C_Thar_Desert_Sabarmati_River_Gulf_of_Cambay_Luni_Delta,82,5.219462041681343,0.599960806027397,0.7350634312274918,0.3543895592421499,0.5370284838435335
damped_persistence,3,C_US_East_Gulf_of_Mexico_North_Atlantic_Coast,82,4.283563029721543,0.6738305475784109,0.6735168019778373,0.45263130816480845,0.44515286894813266
damped_persistence,3,C_US_North_Atlantic_Coast,82,3.1606624062977913,0.14304525948622712,0.822534889376121,-0.08184786204366445,0.6543606999942335
damped_persistence,3,C_Uda_Basin,82,3.743486603167585,-0.00813376320050929,0.48734780406208134,-0.07940197611034217,0.15201961350268356
damped_persistence,3,C_Uruguay_South_Brazil_Coast,82,5.470600582020427,0.44686161888299225,0.5577444408068293,0.14239565293498613,0.2653237324453178
damped_persistence,3,C_Victoria_Island,82,2.8966433971114824,0.14848001860730803,0.7205321154029685,-0.2505547639874206,0.4294077443063712
damped_persistence,3,C_Vietnam_Coast,82,3.711045799098875,0.5835989709504092,0.9629074896488908,0.26319096996675573,0.919526980739874
damped_persistence,3,C_West_Africa_Coast,82,2.3313475459871724,0.2961485664025684,0.9808401808168972,0.02168734120496052,0.9565264393146985
damped_persistence,3,C_West_Australia_Coast,82,2.0876022594929435,0.1639224477742171,0.4281755284639484,-0.21973889411386383,0.020310744065567987
damped_persistence,3,C_West_Barents_Sea_Coast,82,3.331893690769389,0.09062887133255217,0.8606360607918893,-0.02353825050788383,0.7126456162680712
damped_persistence,3,C_West_Black_Sea_Coast,82,5.987824177182117,0.31211505407461676,0.7549592319838564,0.01993420878133656,0.5435783649267178
damped_persistence,3,C_West_Caspian_Sea_Coast,82,4.290005093179239,0.3367627521899422,0.8320839634527969,-0.022365269580757685,0.6252914844781703
damped_persistence,3,C_West_Continental_Europe,82,2.846735495095155,0.678599698224756,0.8693380653533584,0.42338944982413884,0.7455748159439022
damped_persistence,3,C_West_Italy_Coast,82,2.9381705135435054,0.0013397316133195929,0.8594232034584097,-0.2983633427700412,0.7144272560343312
damped_persistence,3,C_West_Mississippi_Delta,82,5.226888156959528,0.5279153706035278,0.8232937812344931,0.26812179015908355,0.6541522826746047
damped_persistence,3,C_West_Nile_Delta,82,2.2709654491242635,0.2492417489818552,0.5239397230929369,-0.4178897419455203,-0.09379721058227797
damped_persistence,3,C_West_Red_Sea_Coast,82,2.566958955909976,0.20253267787382676,0.558149934715439,-0.24436430431899558,0.04492958277405512
damped_persistence,3,C_Yamal_Peninsula,82,3.9087034488367407,0.05527440858969401,0.8079951481229838,-0.17021267164881526,0.6108968817746763
damped_persistence,3,C_Yellow_Sea_Coast,82,5.168585813470149,0.6923058910190923,0.6269534002379218,0.279573452799477,0.2586900937703561
damped_persistence,3,C_Yenisey_Gulf_Coast,82,4.170185332316297,0.07935339611218968,0.8544359747978603,-0.04242623185692618,0.7261143618803858
damped_persistence,3,C_Ziya_He_Interior_Coast,82,5.4916562295825795,0.8234599087132353,0.8339869292182797,0.4753286319577934,0.5017042154944412
damped_persistence,3,E_Altai_Mountains,82,1.4143297172738987,0.20366202946304188,0.25618242455854623,-0.09520651630539434,-0.1255405410854542
damped_persistence,3,E_Amu_Darya,82,3.0525422688305897,0.47863680962395133,0.8995890610555772,-0.10524852391803496,0.7139904014755181
damped_persistence,3,E_Australia_Northwest_Plateau,82,4.547742542445094,0.747006394140057,0.8188498726052488,0.48429641597632933,0.6078151188577521
damped_persistence,3,E_Badain_Jaran_Desert,82,1.205983366788734,0.19581617950970065,0.5333941379515359,0.009432218532105852,0.25653013810914005
damped_persistence,3,E_Central_Iran,82,2.942975458999181,0.570693555687137,0.8380798907321518,0.2913281186059886,0.685565770982504
damped_persistence,3,E_Central_Mongolia,82,2.476178850169376,0.35516708582866807,0.3963986618153208,-0.02738129505171827,0.004183679040612676
damped_persistence,3,E_Dayan_Khyargas_Uvs_Nuur_Basins,82,1.6084166446255965,0.4836670194798533,0.5885594523068041,0.2101976599096803,0.31104234952156584
damped_persistence,3,E_East_Gobi_Desert,82,1.9800728470858353,0.611096871860774,0.5611313012217184,0.2024651904512661,0.14957222438911455
damped_persistence,3,E_Egyptian_Western_Desert,82,2.054374905426618,0.2066907391186407,0.47044551478202357,-1.2177710828620119,-0.9597566853156634
damped_persistence,3,E_Farahrud_Helmand_Hamun_i_Mashkel,82,2.956377071112464,0.38564963689204484,0.7767668138366061,-0.039213500879969,0.5141731323555017
damped_persistence,3,E_Great_Basin_Great_Salt_Lake,82,3.3818607076531277,0.7776310139321422,0.8509868429518705,0.5936541934251305,0.712010190205919
damped_persistence,3,E_Great_Victoria_Desert,82,1.7212480738038352,0.45150544014215077,0.32361063706189164,0.15575085791875265,-0.04611866624410199
damped_persistence,3,E_Jordan_Northwest_Saudi_Arabia,82,3.6117294236157345,-0.18624435872615094,0.7092555278667988,-0.33048642440977427,0.3457374096243222
damped_persistence,3,E_Junggar_Pendi,82,2.6699181032551382,0.48217040655145005,0.7983483763189724,-0.17706809894649722,0.4111662238686479
damped_persistence,3,E_La_Puna_Altiplano,82,2.2613804673055538,0.376047460793252,0.7433058178130275,0.03960019753875321,0.500380820030385
damped_persistence,3,E_Lake_Eyre_Basin,82,2.5716927657749804,0.6826437394185892,0.6316220325982759,0.45926854822236385,0.3893793652736365
damped_persistence,3,E_Lake_Rukwa_Basin,82,12.077888218309422,0.517614220065347,0.8558508577321552,-0.13722296370856202,0.5982858558715145
damped_persistence,3,E_Lakes_Balkash_Alakol,82,2.523101245291726,0.39682313675224323,0.8433808977318001,-0.13378855478915552,0.6552506908023792
damped_persistence,3,E_Libyian_Desert,82,1.0228087313222471,0.08707082942038856,0.5737582219699002,-0.014936910124326852,0.30312814911374353
damped_persistence,3,E_Lower_Lake_Chad,82,5.815190611213351,0.6043725362312515,0.9427149516336509,-0.46881416158767886,0.7559474269906814
damped_persistence,3,E_North_Central_Arabia,82,2.1564438492110196,0.10923113192854761,0.6669527222257319,-0.06796240437837109,0.4368011984130269
damped_persistence,3,E_North_Plateau_of_Tibet,82,2.870482891584424,0.4149759248459936,0.38686217463843686,0.09169071647097393,-0.02043884000877383
damped_persistence,3,E_Northern_Kordofan,82,2.893686367342084,0.4014210918319599,0.6169501744569372,-0.163174278050086,0.11963645141939716
damped_persistence,3,E_Plateau_of_Tibet,82,1.839795953296171,0.34348864255817113,0.6363378332129995,0.03758822702616793,0.3512690196862188
damped_persistence,3,E_Qinghai_Lake,82,2.1517142925349435,0.7326349632032811,0.38758185265386635,0.4985310590675902,-0.007951566809667465
damped_persistence,3,E_Rift_Valley,82,5.209874838612354,0.46479407256529875,0.5032957747803278,-0.09284895852307384,-0.5183154182675973
damped_persistence,3,E_Rub_al_Khali_Desert,82,1.5348650979902305,0.036503791285658636,0.4567781624483804,-0.04603658884765638,0.16758181720639365
damped_persistence,3,E_Sahara,82,0.792965384842339,-0.0703229104343777,0.280909569556642,-0.07380014559272507,-0.016235633309009456
damped_persistence,3,E_Saharan_and_Algerian_Atlas,82,1.9085992317579141,0.20412142940929817,0.8677273534925702,-1.3611904541108677,0.342356170932014
damped_persistence,3,E_Salinas_Grande_Mar_Chiquita,82,3.1348984010198677,0.7068926649923774,0.7466184237781215,0.3919130692035968,0.4372752078936124
damped_persistence,3,E_South_Interior_Africa,82,3.8658397115581162,0.7244173255123204,0.827506324978386,0.48984544880342595,0.6615813549645853
damped_persistence,3,E_Syr_Darya,82,1.9042382973444276,0.5622715146762383,0.8927142526687274,0.26101301508746677,0.781471666908448
damped_persistence,3,E_Tarim_He_Lop_Nur,82,1.2401805022618486,0.561239492269227,0.8278077080700129,0.18324680566662566,0.6133728492707007
damped_persistence,3,E_Turpan_Pendi,82,2.602541527949602,0.45910840815246007,0.7969927558297232,-0.2751583589575646,0.3965789910218078
damped_persistence,3,E_Upper_Lake_Chad,82,2.3003546870576312,0.5595452726446659,0.757078114228556,-0.4124896439267678,0.1279603450084218
damped_persistence,3,R_Amazon_River,82,4.298705546938585,0.7718202558680829,0.9712553142947729,0.5195949229133139,0.9285425024733676
damped_persistence,3,R_Amur_River,82,2.378702519119415,0.6065106266399054,0.27897257503722167,0.31753110775059956,-0.3918128180548974
damped_persistence,3,R_Colorado_River_Argentina,82,3.6480935684750855,0.2288202002244804,0.4463727076550574,-0.27384806894668245,-0.13896221589853752
damped_persistence,3,R_Colorado_River_of_the_West_North_America,82,2.3757183356403333,0.6233208193964203,0.7859549223442501,0.3451270969114498,0.5836885685710387
damped_persistence,3,R_Columbia_River,82,2.7762847313996097,0.21816602166380644,0.9745465573508447,-0.9500394050089396,0.9017630803812721
damped_persistence,3,R_Congo_River,82,3.5914125642497345,0.6313345479982618,0.7943727482204902,0.22492421924357187,0.5201300625090376
damped_persistence,3,R_Danube_River,82,2.982798141245336,0.4900748889946432,0.8985361853405179,0.05912962285808765,0.765084527605141
damped_persistence,3,R_Dnieper_River,82,3.964807313293552,0.7578038710747983,0.8313047562005584,0.5595687620655667,0.6883726785525889
damped_persistence,3,R_Don_River,82,4.007883841955098,0.8038945806468875,0.8945079744943033,0.5898041470818212,0.7699073682105859
damped_persistence,3,R_Ganges_Bramaputra_Basin,82,3.5776030312199314,0.4669799157397836,0.9545769664813738,-0.03193153711911911,0.8814328607573338
damped_persistence,3,R_Indus_River,82,4.54826891273317,0.4410628748329672,0.8327205243162418,-0.35702299820530703,0.48844244238000667
damped_persistence,3,R_Lena_River,82,1.7329923079634968,0.4325648405131682,0.8926846248284438,0.15430607450857392,0.7926124629778508
damped_persistence,3,R_Limpopo_River,82,5.423417975556203,0.7274262255485406,0.838127648562553,0.31279668253177006,0.5011834779823682
damped_persistence,3,R_Mackenzie_River,82,2.759519307052553,0.9017622097767237,0.923409187938156,0.7586240499674037,0.8373281391590055
damped_persistence,3,R_Magdalena_River,82,4.671974009804006,0.5194568502902526,0.7885099558078446,0.25611748056843475,0.5457366031811892
damped_persistence,3,R_Mekong_River,82,4.74735048607867,0.7275435127302793,0.9392408284851891,0.4767063498903016,0.8782986744179127
damped_persistence,3,R_Mississippi_River,82,2.5428557091034025,0.8767006323129237,0.9410369671167171,0.6632841614733729,0.8238574827480526
damped_persistence,3,R_Murray_Darling_River,82,3.403288739351522,0.6711910464252526,0.6748862202294902,0.42563582266359135,0.42013931679778427
damped_persistence,3,R_Niger_River,82,2.939710883232017,0.36016287730498237,0.9609091252355795,-0.7600283716034861,0.8396099982776283
damped_persistence,3,R_Nile_River,82,3.6838596768973573,0.2972617800882793,0.8470098866514294,-0.777799758712403,0.5296111643340593
damped_persistence,3,R_Ob_River,82,2.3080271016025464,0.7533698495438061,0.9175932620922271,0.567299604906953,0.8416856468578843
damped_persistence,3,R_Orange_River,82,2.8640891972122526,0.5932898966162335,0.630766167273727,0.29017477527247526,0.33960353066575266
damped_persistence,3,R_Orinoco_River,82,5.188956722235084,0.6624877189517347,0.943301782790826,0.41405973465733636,0.8864059811878106
damped_persistence,3,R_Parana_River,82,4.868732777048998,0.519573099084954,0.8157510362562599,-0.34069945841514127,0.2393838933014084
damped_persistence,3,R_Parnaiba_River,82,6.482375247462897,0.6434910930504514,0.9029514296689066,0.03940934958088116,0.6974700920764345
damped_persistence,3,R_Rio_Grande_Rio_Bravo,82,3.5995907714154067,0.23479710165044368,0.6661730352894161,-0.509717452581093,0.12083680468389857
damped_persistence,3,R_Saint_Lawrence_River,82,4.110547001980325,0.8768156486867476,0.8426002706866621,0.7357643497429989,0.6709561402730647
damped_persistence,3,R_Sao_Francisco_River,82,7.844055170912795,0.5914409689343626,0.7836238346094867,0.15298295158512254,0.4957044552086294
damped_persistence,3,R_Saskatchewan_Nelson_Rivers,82,3.2520184560969962,0.5174145988476869,0.825771395527174,-0.055914817356016666,0.5596452697291237
damped_persistence,3,R_Senegal_River,82,2.560990175861738,0.5035042405573545,0.9278897857490872,0.1576463243702264,0.839627766893932
damped_persistence,3,R_Shebelli_Juba_Rivers,82,4.238431196294089,0.5286120568972207,0.6319481119693894,0.07448284617922585,0.24361692528949364
damped_persistence,3,R_Tigris_Euphrates_River,82,3.3852834982797293,0.8390169102905222,0.9001227829089558,0.7022379984674869,0.8064650693393054
damped_persistence,3,R_Tocantins_River,82,6.6485891442692555,0.5081290189719331,0.9252181895755949,0.24024364407358834,0.8525488601160451
damped_persistence,3,R_Volga_River,82,2.782705996179462,0.5438536449070009,0.9202715221898191,0.254585130427169,0.8367336971639495
damped_persistence,3,R_Volta_River,82,3.1137291290302636,0.3878682449959041,0.9343271672023143,0.06073813894799274,0.8694565983123428
damped_persistence,3,R_Yangtze_River,82,3.6655516475821597,0.454130715975277,0.6116605930968742,0.09561088565907194,0.3158873156434846
damped_persistence,3,R_Yellow_River_Huang_He,82,2.1655399924021976,0.31710466680527083,0.5261609420697909,0.06345020797354084,0.24743162863463664
damped_persistence,3,R_Yenisey_River,82,1.7516336591871977,0.12435222293865472,0.9196721406346448,-0.5188878280027265,0.7951718488122901
damped_persistence,3,R_Yukon_River,82,2.0096765161854115,0.4277146689385844,0.9428996176033932,-0.1702438079286248,0.8391990418592448
damped_persistence,3,R_Zambezi_River,82,4.397430234240165,0.7302572550743688,0.934806733364493,0.506945490496787,0.8667588768903126
damped_persistence,4,C_Aleutians_South_Alaska_Coast,81,5.036774905992657,0.7623961871913848,0.9503297641862851,0.5705124935952578,0.8914758821744385
damped_persistence,4,C_Amazon_River_Delta,81,7.699466682046279,0.6452756589880388,0.935487484716409,0.3811359648859338,0.8624086210595645
damped_persistence,4,C_Angola_Coast,81,4.1119769170351965,0.6554871728035145,0.8530281810796003,0.4077646468539874,0.7122121928345955
damped_persistence,4,C_Balkan_Peninsula_and_Adriatic_Coast,81,2.977607525686415,0.2139916313968681,0.9383992701647764,-0.1350554760348952,0.8659731215756773
damped_persistence,4,C_Banks_Island,81,8.75481867872938,-0.05199488713686219,0.36528235901525613,-0.19464785476509516,0.014539624542482255
damped_persistence,4,C_Beaufort_Sea_Coast,81,2.196908053384234,-0.22998920292090824,0.8728575610843046,-0.26564317065948884,0.7596643326955124
damped_persistence,4,C_Bight_of_Benin_Coast,81,4.8874765906121835,0.5500071775882571,0.9082711717595628,0.29830833293646486,0.8239569152980766
damped_persistence,4,C_Bismark_Sea_Islands,81,3.8479784382512885,0.4462880984547961,0.2393725121849016,-0.09568142464527041,-0.3215235306533075
damped_persistence,4,C_Borneo,81,4.191676146056944,0.37882658122036433,0.35877887040151457,0.09263189153640972,-0.13248642608085937
damped_persistence,4,C_Buor_Khaya_Gulf_Coast,81,4.420037303651082,0.08913930572608489,0.7276911795478566,-0.0618858429191238,0.5006978775981972
damped_persistence,4,C_California_and_Baja_California,81,3.3993719895822667,0.6596790964881811,0.8309732960514423,0.42637136710630774,0.6876075865205932
damped_persistence,4,C_Canadian_South_Arctic_Ocean_Coast,81,1.973113074807243,0.1304078009125194,0.8236119349545072,-0.24189822192355592,0.6126082732351054
damped_persistence,4,C_Capim_River_Delta,81,9.806203132546916,0.48713962448634646,0.9061083531163125,0.19675327504760765,0.800770612364149
damped_persistence,4,C_Carribean_Coast,81,3.805291578047124,0.6589048906408335,0.9082347202101761,0.42843572882444436,0.8135603566252861
damped_persistence,4,C_Central_America_Gulf_of_Mexico_Caribbean_Coast,81,3.5982675212367883,0.5192458067019491,0.8962465692044168,0.18103097444347627,0.783515615147323
damped_persistence,4,C_Central_American_Pacific_Coast,81,3.496015291240559,0.19565455846106616,0.896513149642602,-0.7426872045742385,0.6373911093787756
damped_persistence,4,C_Chao_Phraya_River_Gulf_of_Thailand_Coast,81,6.52475196834156,0.5960822080313061,0.9043914379596357,0.2242507729532518,0.7885540097249607
damped_persistence,4,C_Chukchi_Peninsula,81,4.542925013309847,0.23403818802678622,0.7782029239828846,0.048993114444934927,0.6026108597651909
damped_persistence,4,C_Churchill_Seal_Rivers,81,3.3710072755843643,0.7427689164793615,0.8322691467324159,0.5028223193483947,0.6468340696875703
damped_persistence,4,C_Columbia_Ecuador_Pacific_Coast,81,2.0044856062151397,0.16054840985727262,0.7020400402522928,0.021946061526839755,0.4916596830883133
damped_persistence,4,C_Crimea_West_Azov_Sea_Coast,81,7.653946534588355,0.3987026571875082,0.6656970838787475,0.1430336221782681,0.43040883591553036
damped_persistence,4,C_Cuba,81,2.600713882690949,0.10979230462304398,0.7858147398012042,-0.07939572589531219,0.5588522142460401
damped_persistence,4,C_Deccan_Plateau_East_Indian_Subcontinent_Coast,81,4.684878449291742,0.4013974431032472,0.9518622414209149,-0.28841493958237696,0.8652956070554016
damped_persistence,4,C_Denmark_Germany_Coast,81,7.815123908924684,0.11738408615548106,0.37843208479215756,-0.007636801065330712,0.1320780317091954
damped_persistence,4,C_East_Australia_Coast,81,3.326115160976829,0.4562450306868108,0.40693972838746584,0.11791749734710422,0.012859872126029237
damped_persistence,4,C_East_Azov_Sea_Northeast_Black_Sea_Coast,81,9.733165155867288,0.4094913472096067,0.5914783280839061,0.16377919782763806,0.34691091597490786
damped_persistence,4,C_East_Barents_Sea_Coast,81,3.2599316794639845,0.49020489970649683,0.9060580790397873,0.19277603645763863,0.8071352625596234
damped_persistence,4,C_East_Beaufort_Sea_Amundsen_Gulf_Coast,81,2.8622402904155395,0.19009138322233948,0.7350484700701027,0.01532776657349555,0.5095899803501731
damped_persistence,4,C_East_Brazil_South_Atlantic_Coast,81,4.480659742546566,0.3854776991318518,0.8222869066274001,-0.22513255194549786,0.544525259419862
damped_persistence,4,C_East_Caspian_Sea_Coast,81,3.3118378096507026,0.607389830411371,0.881089239456226,0.08403536609295714,0.6726763069331945
damped_persistence,4,C_East_Central_Africa_Coast,81,6.078697073606873,0.28142730090777646,0.8947986064400776,-0.8483269723061957,0.5820448923872868
damped_persistence,4,C_East_China_Coast,81,5.651289984822437,0.3375739541218771,0.7093733127796539,-0.09960137294597304,0.36643563101163457
damped_persistence,4,C_East_Hudson_Bay_Coast,81,3.378883277264827,0.4177912897943552,0.7295410462179097,-0.0377455311266659,0.4092201012868848
damped_persistence,4,C_East_Mediterranean_Coast,81,4.167158055818144,0.29067867241094847,0.8545778342745401,-0.21011357012381304,0.6711422892438039
damped_persistence,4,C_East_Mississippi_Delta,81,5.400383924396754,0.5173587610724482,0.8354563502917699,0.24836838702677733,0.6687649676000569
damped_persistence,4,C_East_Nile_Delta,81,2.8949532270325125,0.20397313891670368,0.5166404249830262,-0.5444501280331862,-0.17912120373368223
damped_persistence,4,C_East_Ob_Bay_Coast,81,3.413091502199975,0.41761921125142953,0.8993359553451578,0.1230809253554701,0.7841124971719022
damped_persistence,4,C_East_Red_Sea_North_Gulf_of_Aden_Coast,81,1.774725595399062,0.13703343007547766,0.5716045642639415,-0.044244768232900356,0.2626237320168052
damped_persistence,4,C_East_Timor_Islands,81,3.4870044598797585,0.09364273433810096,0.37170831310304014,-0.0019289521998349102,0.13742955076714547
damped_persistence,4,C_Ellef_Ringnes_Bathurst_Devon_Islands,81,3.576893419260793,0.29515542450602045,0.6064942273046198,-0.33177198562177934,0.05828824578777003
damped_persistence,4,C_Ellesmere_Island,81,5.128938829713036,0.6949669772582618,0.9596312168075773,0.3815912776273308,0.8912294407579693
damped_persistence,4,C_Great_Britain,81,3.37368255117632,-0.0511401753661097,0.531714112074019,-0.2707412603474981,0.1032351615496917
damped_persistence,4,C_Greater_Dniester_Basin,81,4.946846459520173,0.2646737312467034,0.8103135026386289,-0.43962278744404837,0.5012139618222298
damped_persistence,4,C_Gulf_of_Darien_Coast,81,4.025149021629903,0.37141006168264334,0.8374809031923388,0.10908751990947796,0.6556716433063354
damped_persistence,4,C_Gulf_of_Guinea_Coast,81,3.793638497124146,0.5660548858874678,0.7563563648572853,0.2957803682286052,0.5633523971248462
damped_persistence,4,C_Gydan_Bay_Coast,81,4.551652493883912,0.14951291832655042,0.8509165767115332,-0.062452854807648395,0.7094559299892887
damped_persistence,4,C_Hainan,81,5.377304904619922,0.04103246563767423,0.7881767508412518,-0.021111934726075754,0.6166392010517143
damped_persistence,4,C_Halmahera_Islands,81,3.1936544264749394,0.16201639045568064,0.2310044246404418,-0.004057827042601492,-0.0011606265816614947
damped_persistence,4,C_Hispaniola,81,2.173209105733584,-0.01740182600954803,0.5860140096214583,-0.29292610712708944,0.09796137233141222
damped_persistence,4,C_Hokkaido,81,4.108878524238598,0.047900424183534705,0.6593370820562586,-0.037153938830803535,0.41060043866993867
damped_persistence,4,C_Hub_Porali_Basin,81,4.637980035769175,0.3298956401088919,0.5427765954915309,-0.21633987322203607,0.03899249171813357
damped_persistence,4,C_Iberian_Atlantic_Coast,81,3.66026364427904,0.2813476630298641,0.8397041734925051,0.06260993667603232,0.689853631999509
damped_persistence,4,C_Iceland,81,10.655547886880438,0.22392393570513985,0.8101944153984766,-0.021235470838757653,0.6553944950678764
damped_persistence,4,C_India_West_Coast,81,5.124799883700957,0.006240484744125343,0.9501083673946032,-0.8501064068632056,0.8398805139605448
damped_persistence,4,C_Indian_Ocean_Africa_Coast,81,5.330566302394667,0.41796038304674626,0.7606759939319694,-0.05664626692689545,0.4604128036734906
damped_persistence,4,C_Ireland,81,2.3396280384443915,0.03599403333382241,0.6146197645124785,-0.05928885532783923,0.31977745424171355
damped_persistence,4,C_Irrawaddy_Sittang_Salween_Basin,81,3.828481415917187,0.5748172608238121,0.9563870633941072,0.2677997586454445,0.9138514546893306
damped_persistence,4,C_Jamaica,81,2.982150150023946,0.10029289466129973,0.1720167681898512,0.0010308923602433406,0.011010364257883931
damped_persistence,4,C_Japan,81,4.502971637916472,0.12386535224558112,0.34132187141127346,-0.724746875081395,-0.9872150552434051
damped_persistence,4,C_Java,81,3.56456257485238,0.4681331352069652,0.6929684297220865,0.19433369172652382,0.4692005131855589
damped_persistence,4,C_Kamchatka_Peninsula,81,3.1480574935717174,0.42460826520383005,0.9457968191863841,0.1620761190415767,0.8898144446326735
damped_persistence,4,C_La_Plata_Delta,81,6.565756267412223,0.5441157758146014,0.5427338869181667,0.23656891423283977,0.2186849936768963
damped_persistence,4,C_Labrador_Sea_Coast,81,3.8905109291004245,0.526885688497575,0.8340514755834726,0.2416348013656443,0.6719467916801052
damped_persistence,4,C_Madagascar,81,3.961376245069673,0.4190573980391124,0.8836160110186899,0.14008901213307268,0.7735075764110948
damped_persistence,4,C_Malaysian_Peninsula_Coast,81,4.710658278788971,0.42486166524827956,0.6790325171276144,0.07487254421534084,0.3751609094359669
damped_persistence,4,C_Maluku,81,4.220757765570336,0.06044992953738838,0.13787535919422342,-0.023024372239301538,-0.05451022086199986
damped_persistence,4,C_Melville_Prince_Patrick_Islands,81,8.422095499504472,0.6210273716546116,0.8220424570179833,0.03258515453343214,0.4564956475015265
damped_persistence,4,C_Namibia_Coast,81,2.5861281635368276,0.16488755183458567,0.2123201911971136,-0.27560021383666644,-0.2574739765436105
damped_persistence,4,C_Neva_River_Finland_Coast,81,3.1336920690936854,0.22128105110868596,0.797872007384396,-0.15047706417946372,0.5696423227957097
damped_persistence,4,C_New_Brunswick_and_Nova_Scotia_Coast,81,5.249662555174654,0.018560589573480186,0.7931681892625191,-0.24909168838760976,0.5237837230638775
damped_persistence,4,C_New_Siberian_Islands,81,49.602543576227774,0.193360162760982,0.28861629214668955,-0.021320754426745303,0.047031752971723684
damped_persistence,4,C_New_Zealand_North_Island,81,2.356876644687734,0.24206444222351267,0.7631303989171258,-0.048746309529511755,0.5337349615463225
damped_persistence,4,C_New_Zealand_South_Island,81,2.49123332941966,0.10626718727587028,0.7228924010733686,-0.0008725425835538481,0.5082798349691783
damped_persistence,4,C_Nigerian_Delta,81,5.767697007603488,0.29894780086236017,0.9449753861717063,0.0643693465204308,0.8836007752724987
damped_persistence,4,C_North_Argentina_South_Atlantic_Coast,81,4.497621481197022,0.5779685565882304,0.5814125819640181,0.2947663579054427,0.2498656320088568
damped_persistence,4,C_North_Australia_Coast,81,5.00657104808166,0.7388862302213012,0.9085594322971033,0.43886428197588634,0.7889023911235602
damped_persistence,4,C_North_Baffin_Island_Coast,81,6.29319650940903,0.6663606197866887,0.8534749197635123,0.2135142455970549,0.4819656600378911
damped_persistence,4,C_North_Brazil_South_Atlantic_Coast,81,9.66151142046863,0.3967444316701883,0.9072715019153285,-0.1106890584368887,0.7771544818664156
damped_persistence,4,C_North_Caspian_Sea_Coast,81,2.809335464295504,0.32179467611808665,0.7829034995101077,0.03386994047711256,0.5409827045393363
damped_persistence,4,C_North_Chile_South_Pacific_Coast,81,2.9533452691725643,0.4262058809273643,0.7748997504783763,0.1477623449416029,0.5847679695982998
damped_persistence,4,C_North_East_Bay_of_Bengal_Coast,81,3.3859332662772967,0.41234245088672333,0.9799422190275756,0.10528998489286767,0.9589442650714675
damped_persistence,4,C_North_East_Siberian_Sea_Coast,81,1.8815965809902915,0.5135108574187345,0.8509222529147822,0.260068929286251,0.7046256287166153
damped_persistence,4,C_North_Gulf_of_Oman_Coast,81,3.6105330897554953,0.5113643096761656,0.7062070970206773,0.24831312726839316,0.4842153556894748
damped_persistence,4,C_North_Korea_Bay_Korean_Peninsula,81,3.5392632955030243,0.574332564780411,0.6937511200790409,-0.22751128971791035,0.037022280431172616
damped_persistence,4,C_North_Siberia_Coast,81,1.8580831758777911,0.3282812310468562,0.9200239140396264,0.029829181231075586,0.8454829154784073
damped_persistence,4,C_North_St_Lawrence_Seaway_Coast,81,4.183126041438361,0.22613325550840957,0.8101214687169082,-0.6851769657827476,0.3542536046359447
damped_persistence,4,C_North_Vietnam_South_China_Coast,81,5.088215952073723,0.18251985402944548,0.707619373620199,-0.2774907500941597,0.3584972308323824
damped_persistence,4,C_North_West_Africa_Coast,81,1.7240635138861704,-0.08961760550038585,0.31377845325231807,-0.8461369593883308,-0.8659462008280705
damped_persistence,4,C_Northeast_South_America_Coast,81,10.103424902359253,0.7700430964233307,0.7591457335459949,0.529762503111824,0.5707697452745437
damped_persistence,4,C_Northwest_Hudson_Bay_Coast,81,2.694399595863608,0.6358906748976503,0.7991657527777399,0.3744440286412658,0.6278337770135847
damped_persistence,4,C_Northwest_Mediterranean_Coast,81,3.071124057178668,0.546276922650068,0.8312735480861236,0.1982493482208768,0.6538702371520757
damped_persistence,4,C_Norway_Coast,81,3.928523852437555,0.1435156673285856,0.8065707372479526,-0.030969401284930864,0.6208726333824365
damped_persistence,4,C_Novaya_Zemlya,81,26.598165896279763,0.32510715319952976,0.9184309824668588,-0.880619648619843,0.7176356256900178
damped_persistence,4,C_Nusa_Tenggara,81,3.6957140150636203,0.04574092740786653,0.2652084354605206,-0.04770175199040394,0.015332944535680348
damped_persistence,4,C_Olenyok_Delta,81,9.55406687604234,0.16166374077947793,0.4108039853211733,-0.042190768203885565,0.11127131114918254
damped_persistence,4,C_Oregon_Coast,81,3.301638369455751,0.1194314935381914,0.9285140713309004,-0.21640337955932298,0.8210435595289615
damped_persistence,4,C_Papua_New_Guinea_Island,81,2.436833453235789,0.28436456453771175,0.49603124253364866,0.059967538969651235,0.17072412045045837
damped_persistence,4,C_Patagonia,81,4.055643640768804,0.024219364023298356,0.564196912437193,-0.04241368594587169,0.2438146360396598
damped_persistence,4,C_Peru_Pacific_Coast,81,1.5441823878530154,0.1747099802870072,0.8716824769779035,0.009625728659646615,0.7454020731902122
damped_persistence,4,C_Philippines,81,3.2951560783542204,0.4522792828985353,0.5645836625962503,0.18495829333011637,0.3089991796100272
damped_persistence,4,C_Po_River_and_East_Italy_Coast,81,3.8639805847703346,0.5178349919246147,0.8429938550976567,0.14557995276631308,0.6646985926994611
damped_persistence,4,C_Prince_of_Wales_Island,81,3.6697485196113693,0.10469478094855043,0.37248470750441987,-0.26816721294784185,-0.11614710306322062
damped_persistence,4,C_Puerto_Rico,81,2.047460514558978,-0.04909938491757114,0.5488491984540647,-0.17309764695030694,0.20455201704850778
damped_persistence,4,C_Sakhalin_Island,81,9.02855949013299,-0.049324475159737174,0.1382926564411911,-0.16066680238600695,-0.27902612573464025
damped_persistence,4,C_Sardinia_and_Corsica,81,8.878734713784976,0.19162548353955589,0.4065182436137773,-0.004290847862607583,0.1114928806690133
damped_persistence,4,C_Severnaya_Zemlya,81,36.7916898629896,0.2834853965685417,0.8307228380376768,-1.2841878140056342,0.3411989672644543
damped_persistence,4,C_Seward_Peninsula_Alaskan_North_Slope,81,2.592322343607778,0.5476695562703782,0.7935367745629763,0.1775151383178888,0.5692926524894802
damped_persistence,4,C_Shelikhov_Gulf_Sea_of_Okhotsk_Coast,81,5.217228499633699,0.20008684658045214,0.7950366663626275,-0.13018253905387356,0.560348604652548
damped_persistence,4,C_Sicily,81,4.627320729965882,-0.22102290984315165,0.08040436190317087,-0.06321131493855559,-0.11677866459512964
damped_persistence,4,C_Solomon_Islands,81,8.549915793388124,0.29948266689700664,0.24867639237871986,0.08774086881746723,-0.03212644858499436
damped_persistence,4,C_Somerset_Island,81,3.680107595098623,0.11752916874188218,0.6492211534214809,-0.4032302800228016,0.25573870097511153
damped_persistence,4,C_South_Africa_South_Coast,81,2.26910279895556,0.6980060533364336,0.7695587821445874,0.3295951006825303,0.46511533180475395
damped_persistence,4,C_South_Africa_West_Coast,81,2.019378407326043,0.13232502493664422,0.523298622144276,-0.031044983178182495,0.2552149111847223
damped_persistence,4,C_South_Alaska_Coast_Frazer_River,81,7.210998174568091,0.5230941802075524,0.9359271389856072,0.10882977868699462,0.8566624338348968
damped_persistence,4,C_South_Amapa_Coast,81,8.235452710971039,0.7127583605179224,0.9237157514092776,0.4245045548023395,0.8490769480594538
damped_persistence,4,C_South_Australia_Coast,81,1.3191427040109156,0.38854068596806624,0.7833481310118469,0.08369196174584181,0.5980400935604326
damped_persistence,4,C_South_Baffin_Island_Coast,81,4.697651986882604,0.40577521797008265,0.7177953745421607,-0.008947170178903896,0.37089147971486525
damped_persistence,4,C_South_Baltic_Coast,81,3.1659018716155263,0.1868732975607233,0.7586969133767536,-0.0935756427176746,0.5670627954168722
damped_persistence,4,C_South_Black_Sea_Coast,81,6.2279727277221575,0.18135484033545698,0.750269322639767,-0.18342215701177755,0.5081836418614742
damped_persistence,4,C_South_Chile_South_Pacific_Coast,81,7.806895487064126,0.1599181416976173,0.9411929770888329,-1.888169125589545,0.7158219709679434
damped_persistence,4,C_South_East_Brazil_Coast,81,6.4553613917940895,0.44443307328735343,0.7022554737717013,-0.11028256083607912,0.29926971616363385
damped_persistence,4,C_South_East_Russia_Coast,81,2.9388063643599094,0.2438699354718404,0.11223485713062252,-0.010599408197667692,-0.4352367951082048
damped_persistence,4,C_South_Gulf_of_Aden_Coast,81,2.696405448958768,0.41750970929503434,0.23879310104242712,0.15401803479219967,0.016836427717514924
damped_persistence,4,C_South_Gulf_of_Oman_West_Arabian_Sea_Coast,81,1.9624813994511918,0.12537379038940302,0.45004250031273557,-0.31644757673245927,-0.06991320103914256
damped_persistence,4,C_South_Hudson_Strait_Ungava_Bay_Coast,81,3.9347176651261786,0.2580773886255945,0.8162596728587821,-0.16461901991005723,0.5817333010749012
damped_persistence,4,C_South_Mediterranean_Coast,81,1.4640982976131944,-0.12288712521550021,0.3118630932624428,-0.191357220418775,-0.08080705365853036
damped_persistence,4,C_South_Zambezia_Coast,81,4.290862223997638,0.26339597938362624,0.8528334256168659,-0.10136577980909633,0.6760932891313612
damped_persistence,4,C_Southhampton_Coats_Islands,81,3.954665390059839,0.07403024890264885,0.522136414638495,-0.011760652093097734,0.26263746020921364
damped_persistence,4,C_Southwest_Hudson_Bay_Coast,81,2.6123380131928347,0.32368979921097973,0.8566475582111134,0.06137716199080179,0.7019077516343136
damped_persistence,4,C_Southwest_Mediterranean_Coast,81,2.803066826086206,0.1592991725892715,0.6516538103652906,-0.6875829909053177,-0.18727120705029754
damped_persistence,4,C_Sri_Lanka,81,2.2486249010798227,0.0903049951082402,0.9098490083105791,-0.6907595705975846,0.7112480099008791
damped_persistence,4,C_Sulawesi,81,3.128056138588129,0.39426278381697705,0.4008911133606253,0.14403026519097883,0.08128424197014561
damped_persistence,4,C_Sumatra,81,3.507689382169743,0.23290660047192582,0.5538812470317402,-0.19370200045359498,0.016957445107809832
damped_persistence,4,C_Svalbard,81,29.057962160550765,0.6169966182684998,0.9616438056085653,-0.11948611540000331,0.883900370030042
damped_persistence,4,C_Sweden_Coast,81,3.749548770835058,-0.0001290961593497974,0.7339550013328311,-0.05220290970222874,0.5366022688864764
damped_persistence,4,C_Taiwan,81,2.147872087061192,0.1781126182119084,0.63815089963611,-0.029643761477050834,0.3713563834810897
damped_persistence,4,C_Tasmania,81,2.879133855849436,0.2612642858542367,0.749325157039855,0.06270085524449842,0.555759508675931
damped_persistence,4,C_Texas_Gulf_Coast,81,4.281748495274354,0.3732671677780721,0.6324978785778299,0.02650158577095274,0.35312815720298973
damped_persistence,4,C_Thar_Desert_Sabarmati_River_Gulf_of_Cambay_Luni_Delta,81,5.354955755671492,0.5871893587022269,0.7123469364320085,0.33456947136180004,0.503799697725402
damped_persistence,4,C_US_East_Gulf_of_Mexico_North_Atlantic_Coast,81,4.6608967396701075,0.6061169174928821,0.6073193244029677,0.365697803062624,0.3331234706323044
damped_persistence,4,C_US_North_Atlantic_Coast,81,3.0822027334135225,0.2367610394535163,0.8295943341730964,-0.016731512869434306,0.6667193253876094
damped_persistence,4,C_Uda_Basin,81,3.7983609802399716,0.000402138046974614,0.4789638110260989,-0.1085764853698099,0.13053735049527915
damped_persistence,4,C_Uruguay_South_Brazil_Coast,81,5.760273352506465,0.3550063520972313,0.4884935261764205,0.04191090260959429,0.17638771047858193
damped_persistence,4,C_Victoria_Island,81,3.0939866164662413,-0.0519366053432604,0.668390076690579,-0.4092389561391754,0.3410613956855646
damped_persistence,4,C_Vietnam_Coast,81,3.915147056911216,0.5525641468183158,0.9598508674061131,0.18615477208563935,0.9102079301032129
damped_persistence,4,C_West_Africa_Coast,81,2.4295936376718053,0.22245866668685246,0.979080429316013,-0.05708549802867302,0.9522489915229583
damped_persistence,4,C_West_Australia_Coast,81,2.15556927518705,0.0850479203870484,0.4203482390675065,-0.2942728418254521,-0.041636358176125876
damped_persistence,4,C_West_Barents_Sea_Coast,81,3.3757613610072226,0.05935676405110885,0.8568907232134936,-0.03287176947592907,0.7031438141156927
damped_persistence,4,C_West_Black_Sea_Coast,81,6.0967206841312445,0.267648695590667,0.7483476665118756,-0.015036420661712624,0.5304294753978306
damped_persistence,4,C_West_Caspian_Sea_Coast,81,4.539539786135648,0.27067975627465235,0.822430788433323,-0.10398549560052994,0.584692463736741
damped_persistence,4,C_West_Continental_Europe,81,3.0433693977927687,0.6043122624352817,0.8453111898958992,0.3310914019869252,0.7034145317844853
damped_persistence,4,C_West_Italy_Coast,81,2.9782021537537915,-0.13537237426060353,0.8584207247148528,-0.33929146341366256,0.7020426124620862
damped_persistence,4,C_West_Mississippi_Delta,81,5.430900528112554,0.47224598803798173,0.8045262124767432,0.21187021710397347,0.6253439596880876
damped_persistence,4,C_West_Nile_Delta,81,2.3389135100533607,0.1205357931515428,0.4813237216060189,-0.5319029965378845,-0.19310808737439578
damped_persistence,4,C_West_Red_Sea_Coast,81,2.492369115460041,0.3078977588432616,0.5988763470615026,-0.16708502937352154,0.08016536692608178
damped_persistence,4,C_Yamal_Peninsula,81,3.9532261961587762,0.04855088045664623,0.8058918609699192,-0.17827538410013655,0.6038140097851817
damped_persistence,4,C_Yellow_Sea_Coast,81,5.156497641022953,0.6943139479114913,0.6546481752159368,0.1593620859714967,0.1818982729151415
damped_persistence,4,C_Yenisey_Gulf_Coast,81,4.142459226603302,0.09389673803007947,0.8561794263129308,-0.027546571481676052,0.7307572276066485
damped_persistence,4,C_Ziya_He_Interior_Coast,81,6.102847254114944,0.7941505204905329,0.8072425076590353,0.3517789541712245,0.38490651738288617
damped_persistence,4,E_Altai_Mountains,81,1.47227896206044,0.13114636845552882,0.21359230357440687,-0.1766494889200214,-0.21558449156105586
damped_persistence,4,E_Amu_Darya,81,3.309699847481531,0.38338671323176216,0.8940195683492568,-0.32256260709594153,0.6672398627051997
damped_persistence,4,E_Australia_Northwest_Plateau,81,5.028388957376474,0.7022584302813286,0.7937162690125746,0.36331274344979025,0.5172798100536412
damped_persistence,4,E_Badain_Jaran_Desert,81,1.243624428858808,0.03851432269343534,0.478716543195543,-0.04012246954079557,0.20830650567729925
damped_persistence,4,E_Central_Iran,81,3.1580838436200573,0.480612817811042,0.8136039796463389,0.18046385318267044,0.6392996764894594
damped_persistence,4,E_Central_Mongolia,81,2.6064831588656174,0.26567735383248103,0.30632221650142855,-0.12688485868119992,-0.1091995558908605
damped_persistence,4,E_Dayan_Khyargas_Uvs_Nuur_Basins,81,1.7303227303797601,0.37746242582275913,0.5091315006497631,0.0921736506774391,0.20208082378869663
damped_persistence,4,E_East_Gobi_Desert,81,2.163067335675678,0.532535010673966,0.4556138958091818,0.05870408903603519,-0.007025395962930059
damped_persistence,4,E_Egyptian_Western_Desert,81,1.9950600655824582,0.2595368922701363,0.47258449869125657,-1.0171444282066608,-0.8778834298200011
damped_persistence,4,E_Farahrud_Helmand_Hamun_i_Mashkel,81,3.107904238880794,0.30448141998076705,0.7569217046845175,-0.1290188289486649,0.46960265509653343
damped_persistence,4,E_Great_Basin_Great_Salt_Lake,81,3.8180802255952337,0.7098468214004433,0.809773354529117,0.48637564100414243,0.6370742009229828
damped_persistence,4,E_Great_Victoria_Desert,81,1.784566248935912,0.390887930764373,0.2783341714283178,0.08725373228395428,-0.1114351041266397
damped_persistence,4,E_Jordan_Northwest_Saudi_Arabia,81,3.547945454196606,-0.05331375118082805,0.7120853330716123,-0.2848901434955273,0.3625861313379438
damped_persistence,4,E_Junggar_Pendi,81,2.814201190951513,0.4507452490872001,0.7924563619562515,-0.314399377962997,0.3305503085432995
damped_persistence,4,E_La_Puna_Altiplano,81,2.334838898995502,0.3057220813267643,0.7465875598667735,-0.08791379975890612,0.46674878265997355
damped_persistence,4,E_Lake_Eyre_Basin,81,2.635631878370497,0.6769488313264452,0.6161859246451582,0.4397540188695367,0.36340516183654425
damped_persistence,4,E_Lake_Rukwa_Basin,81,12.918423211181702,0.5056006223583823,0.8456552514829051,-0.2826930261877423,0.5192778536583917
damped_persistence,4,E_Lakes_Balkash_Alakol,81,2.5344961941857433,0.4174746078074225,0.8502404315991663,-0.13845396321639902,0.6558353738506024
damped_persistence,4,E_Libyian_Desert,81,1.0488399259409185,0.029969609271940874,0.5357690994460432,-0.047218625230463385,0.2733350454868452
damped_persistence,4,E_Lower_Lake_Chad,81,6.616308718916402,0.49029988649731066,0.931533390566796,-0.9357010148931852,0.6878741421408339
damped_persistence,4,E_North_Central_Arabia,81,2.16289079006597,-0.03241113140613668,0.6614798996585223,-0.07261615954289935,0.4316119615038052
damped_persistence,4,E_North_Plateau_of_Tibet,81,3.0416377954923113,0.31716062061150346,0.30446009966429816,-0.01767772595703354,-0.1331998747809242
damped_persistence,4,E_Northern_Kordofan,81,2.7340818620999476,0.4443641174690528,0.6348166754279362,-0.020070234464887093,0.22299013133235224
damped_persistence,4,E_Plateau_of_Tibet,81,1.8904896527936979,0.34525146517212335,0.5870316842860133,-0.012276623229804606,0.3100320376060447
damped_persistence,4,E_Qinghai_Lake,81,2.3147073359316255,0.678972972910647,0.30628006296419485,0.42769489136095085,-0.15297276308098828
damped_persistence,4,E_Rift_Valley,81,5.702068709846959,0.37988834405389604,0.44762667596424544,-0.30059348590677804,-0.9405758482753885
damped_persistence,4,E_Rub_al_Khali_Desert,81,1.5620858415490992,-0.05734546891248413,0.43802366552194316,-0.07599837172282298,0.14402317039186607
damped_persistence,4,E_Sahara,81,0.8036276243027111,-0.08981273718168305,0.25325343649043036,-0.09455040194204445,-0.05761652670877737
damped_persistence,4,E_Saharan_and_Algerian_Atlas,81,2.16176738274501,0.029835748849840298,0.8493515607411408,-1.998219951974424,0.13076795328226132
damped_persistence,4,E_Salinas_Grande_Mar_Chiquita,81,3.1812108317812298,0.7261681712064809,0.7631273263884627,0.307479251223581,0.36487465595755586
damped_persistence,4,E_South_Interior_Africa,81,4.141935561478996,0.6604388439951886,0.803403028225609,0.37449155701469894,0.6095126470150307
damped_persistence,4,E_Syr_Darya,81,2.0047594799629582,0.49929012968741415,0.8837502517459271,0.17041084981018173,0.7607030104223375
damped_persistence,4,E_Tarim_He_Lop_Nur,81,1.347848945784366,0.47095005396280704,0.8013444021656796,0.04441652363285775,0.5441196793787977
damped_persistence,4,E_Turpan_Pendi,81,3.0155597654085358,0.1686745333825872,0.7411548627091168,-0.7299629945306543,0.1737379884538104
damped_persistence,4,E_Upper_Lake_Chad,81,2.3621892276841554,0.4626006955724282,0.7167247345511202,-0.4646540517709725,0.08667224396943007
damped_persistence,4,R_Amazon_River,81,5.131336882595644,0.7000681605770372,0.9616686481865993,0.319331842180541,0.8986118036323616
damped_persistence,4,R_Amur_River,81,2.446668474930391,0.5955284936665752,0.24272242382724482,0.28806889756899257,-0.45562416416562823
damped_persistence,4,R_Colorado_River_Argentina,81,3.8931390120506832,0.09484495189513631,0.3539562136088569,-0.4183697246215061,-0.3395928860299444
damped_persistence,4,R_Colorado_River_of_the_West_North_America,81,2.582702171530783,0.5482394157467427,0.7522324374081666,0.2314627345730601,0.5136002200918266
damped_persistence,4,R_Columbia_River,81,3.006255389828742,0.22805696918892393,0.9764056028166337,-1.3908992974265457,0.8851076268872116
damped_persistence,4,R_Congo_River,81,3.832852409303461,0.588690359217115,0.754681870916421,0.14203803033745555,0.42247147464881196
damped_persistence,4,R_Danube_River,81,3.1385221825119336,0.4317491285746608,0.8956167584501965,-0.08020872332603468,0.7402651062627426
damped_persistence,4,R_Dnieper_River,81,4.278331410648489,0.7095087119451736,0.7981592922464088,0.4941831965503535,0.634532231615593
damped_persistence,4,R_Don_River,81,4.405063009123385,0.7654089336617905,0.8712545755060421,0.5145579971944836,0.7191964837353102
damped_persistence,4,R_Ganges_Bramaputra_Basin,81,3.9681951030551375,0.2922024571658646,0.9446941311718217,-0.2931804761698258,0.8507417560696815
damped_persistence,4,R_Indus_River,81,5.101034566434483,0.35386356360277615,0.8114296057506017,-0.6584825157987955,0.3566831323951085
damped_persistence,4,R_Lena_River,81,1.8520653075991655,0.3345280137518534,0.8745649611020315,0.048863796895101674,0.75919903975248
damped_persistence,4,R_Limpopo_River,81,6.082397718392037,0.6565812418178214,0.8096482932116342,0.12679165167484374,0.365891810679181
damped_persistence,4,R_Mackenzie_River,81,3.240287933137841,0.8628901284080587,0.8934321892832423,0.6755376020629469,0.778356907318098
damped_persistence,4,R_Magdalena_River,81,4.800500648213101,0.4856623916653137,0.7810909844264459,0.21111841692615263,0.524896359814663
damped_persistence,4,R_Mekong_River,81,5.1481930159442895,0.6882214236535756,0.9282676024214458,0.3883710060817859,0.8561699208203949
damped_persistence,4,R_Mississippi_River,81,2.9164390526405324,0.8496348598536426,0.9289662521308569,0.5502831724313128,0.7710168765727377
damped_persistence,4,R_Murray_Darling_River,81,3.480300004779427,0.6425732005421921,0.6490948867959314,0.38545119568840036,0.38482560551242695
damped_persistence,4,R_Niger_River,81,3.024398671243022,0.3106710626010439,0.9577001961776312,-0.8463187119342377,0.8308511660224993
damped_persistence,4,R_Nile_River,81,4.0868895236405,0.16419673232945917,0.8295836142552466,-1.2166326116132749,0.42365380864006097
damped_persistence,4,R_Ob_River,81,2.471294832149567,0.7150667379876693,0.9068587516221334,0.5108804937330569,0.8192570281048405
damped_persistence,4,R_Orange_River,81,3.0146134146387924,0.5326812986209667,0.5795920766029182,0.19834929990575145,0.2571897100677133
damped_persistence,4,R_Orinoco_River,81,5.769836642235707,0.5612849198406765,0.9294915864704453,0.2839031742371494,0.8596218808500005
damped_persistence,4,R_Parana_River,81,6.0853679295020555,0.29817887595316306,0.7877380787352304,-1.17136103136917,-0.19716081302918242
damped_persistence,4,R_Parnaiba_River,81,7.32238453758794,0.5554162397132105,0.8841818226156773,-0.2510161044022605,0.6052263409483284
damped_persistence,4,R_Rio_Grande_Rio_Bravo,81,3.894951704649958,0.12549993350623245,0.6281277888141954,-0.7082492322624849,-0.02907376219255675
damped_persistence,4,R_Saint_Lawrence_River,81,4.671268902441887,0.8444236854504312,0.802391561850462,0.6549435934332959,0.5783501036093979
damped_persistence,4,R_Sao_Francisco_River,81,8.788521775942723,0.45671128028666585,0.7219363684848084,-0.0839927603656423,0.356329924718654
damped_persistence,4,R_Saskatchewan_Nelson_Rivers,81,3.8427342203753314,0.32369206049758154,0.7752279345396224,-0.4845749685758607,0.3926208769600231
damped_persistence,4,R_Senegal_River,81,2.781613038992798,0.3810959539415813,0.9165096991405812,0.007730935543364348,0.8098064294790704
damped_persistence,4,R_Shebelli_Juba_Rivers,81,4.470722865122805,0.49785745769462886,0.5956732912762863,-0.02243725188132717,0.14932630464041108
damped_persistence,4,R_Tigris_Euphrates_River,81,3.8140511893227576,0.7899278289867816,0.8714422680978213,0.622531559722431,0.7572596949647439
damped_persistence,4,R_Tocantins_River,81,7.206463736226333,0.3756410138091001,0.9110598381824186,0.10695984602738595,0.8243192656255717
damped_persistence,4,R_Volga_River,81,2.9646345971739843,0.4489424574188923,0.9116864977541623,0.1494726887563237,0.8156913029187183
damped_persistence,4,R_Volta_River,81,3.1725162956884523,0.3267400340934219,0.9324922541716654,0.025580134634158758,0.8636634945699844
damped_persistence,4,R_Yangtze_River,81,3.7605443115814077,0.3871384196512477,0.590408275844185,0.03830232082499507,0.28750332290050606
damped_persistence,4,R_Yellow_River_Huang_He,81,2.220248468111845,0.2781355586657951,0.5036836782411122,0.03240542567763971,0.21383121020498774
damped_persistence,4,R_Yenisey_River,81,1.7299020012472905,0.17130041908299998,0.918563821450076,-0.4797915748683723,0.7920628043318191
damped_persistence,4,R_Yukon_River,81,2.0967368800192987,0.34154469706873286,0.9386605407009078,-0.35341827164599016,0.8180949702079778
damped_persistence,4,R_Zambezi_River,81,4.9052301191932,0.6566753401826535,0.919976782165223,0.38735760673706243,0.8340929380136641
damped_persistence,5,C_Aleutians_South_Alaska_Coast,80,5.1895264590278725,0.7474555860127978,0.95137964316566,0.5374311522084637,0.8862097964171667
damped_persistence,5,C_Amazon_River_Delta,80,8.040644469660984,0.6101017294443075,0.9288438310373062,0.33951083968842555,0.8492078275308356
damped_persistence,5,C_Angola_Coast,80,4.435488633253494,0.5895879987711421,0.8236722490821758,0.32491735994355775,0.6631442176468352
damped_persistence,5,C_Balkan_Peninsula_and_Adriatic_Coast,80,3.1340338725353774,0.026091112353786517,0.9314121667895481,-0.2495056477884745,0.8505355719211447
damped_persistence,5,C_Banks_Island,80,8.77166457551012,-0.01587831109412863,0.3578197673776135,-0.18917451350312975,0.017974769937169066
damped_persistence,5,C_Beaufort_Sea_Coast,80,2.0717498880315532,-0.15547031823828641,0.8877567214878714,-0.12294077405610593,0.7874186287651831
damped_persistence,5,C_Bight_of_Benin_Coast,80,5.34679077540667,0.3820625513040329,0.8848221831564457,0.13503032192884157,0.78020141101379
damped_persistence,5,C_Bismark_Sea_Islands,80,3.377408900121701,0.6122838548218856,0.4527765765904074,0.05960268877073427,-0.14235127873448694
damped_persistence,5,C_Borneo,80,4.331435148658885,0.28339691716187165,0.24310650958729357,0.0077663233651039665,-0.3793020441979469
damped_persistence,5,C_Buor_Khaya_Gulf_Coast,80,4.474914082976312,0.07397774677615643,0.7185825477953295,-0.07400744228166611,0.4913000164823432
damped_persistence,5,C_California_and_Baja_California,80,3.614564537478658,0.623610152638326,0.8091011002304653,0.3629761997388675,0.649635595509257
damped_persistence,5,C_Canadian_South_Arctic_Ocean_Coast,80,2.042113248436771,-0.006076442198408513,0.8179542565649484,-0.352455288399965,0.587423163454495
damped_persistence,5,C_Capim_River_Delta,80,10.292450460684156,0.42499431606166793,0.8931858914920949,0.13214330244338857,0.7785784639252074
damped_persistence,5,C_Carribean_Coast,80,3.968609928831338,0.6302216891241702,0.8977628046643029,0.381772104821011,0.7985774087481436
damped_persistence,5,C_Central_America_Gulf_of_Mexico_Caribbean_Coast,80,3.927319726740714,0.3090095445567503,0.8811492081294312,-0.034606686673103404,0.7445557553168425
damped_persistence,5,C_Central_American_Pacific_Coast,80,3.761840168749917,0.02795038091051607,0.8822257228153664,-0.9879029518659261,0.5739223655845309
damped_persistence,5,C_Chao_Phraya_River_Gulf_of_Thailand_Coast,80,7.047371686513872,0.5033420796047031,0.8940176406809491,0.05816722648443162,0.754705787010284
damped_persistence,5,C_Chukchi_Peninsula,80,4.664017386858208,0.12009068740059269,0.7628184447023868,0.0062848020553297745,0.5784607877381476
damped_persistence,5,C_Churchill_Seal_Rivers,80,3.7850851852289034,0.6866888161974277,0.7952733601224131,0.39144747765455257,0.5597796016958057
damped_persistence,5,C_Columbia_Ecuador_Pacific_Coast,80,1.9944936684187318,0.19192493340591982,0.709302205567954,0.03640753903559202,0.502839633324405
damped_persistence,5,C_Crimea_West_Azov_Sea_Coast,80,7.7688395725725,0.3810557631075591,0.6593621178522496,0.129039046002,0.4188942871900133
damped_persistence,5,C_Cuba,80,2.6781686260168205,-0.14397451169998252,0.7737915358790352,-0.14208283893431672,0.5264481152400426
damped_persistence,5,C_Deccan_Plateau_East_Indian_Subcontinent_Coast,80,4.864581588279865,0.4158562150496363,0.9537380651920526,-0.35913761767305763,0.8543745873640223
damped_persistence,5,C_Denmark_Germany_Coast,80,7.858165774315731,0.030176430786383324,0.3782539950723352,-0.019668597604285187,0.1239977289202886
damped_persistence,5,C_East_Australia_Coast,80,3.228167982329625,0.49141038693128153,0.43397014727310224,0.1840173650781881,0.07557141870634754
damped_persistence,5,C_East_Azov_Sea_Northeast_Black_Sea_Coast,80,9.87549372463845,0.382732858892227,0.5700680670555608,0.13835296543059583,0.3221304246572233
damped_persistence,5,C_East_Barents_Sea_Coast,80,3.4795320296853904,0.39464235734001313,0.8957785647263398,0.08573529150554449,0.7824187127047735
damped_persistence,5,C_East_Beaufort_Sea_Amundsen_Gulf_Coast,80,2.7145854577413866,0.3564046954748652,0.7585204241393013,0.10539260884377621,0.5636220848606486
damped_persistence,5,C_East_Brazil_South_Atlantic_Coast,80,4.63036307064748,0.3670793659035416,0.8203444732868528,-0.32508368653296027,0.5068795474364028
damped_persistence,5,C_East_Caspian_Sea_Coast,80,3.5835417273992984,0.5656666257088606,0.8690346281747033,-0.05365455458084312,0.6178679229349451
damped_persistence,5,C_East_Central_Africa_Coast,80,6.4987012231651935,0.208031225680542,0.8823578251989841,-1.1170443175911622,0.5054279597301972
damped_persistence,5,C_East_China_Coast,80,5.85556561407806,0.24112307350594933,0.684034716807627,-0.17076829591934573,0.32110846280742555
damped_persistence,5,C_East_Hudson_Bay_Coast,80,3.6716684585300743,0.2743267936187662,0.6889480979889693,-0.20731846280159205,0.31090689714994757
damped_persistence,5,C_East_Mediterranean_Coast,80,4.3962238934051046,0.1822896504747493,0.8486817464542699,-0.3708696991163485,0.6385125647221084
damped_persistence,5,C_East_Mississippi_Delta,80,5.726105113404387,0.4456209038457211,0.8047089014505324,0.1740745699495142,0.6278440340823305
damped_persistence,5,C_East_Nile_Delta,80,3.121371645664953,0.050042852393543724,0.47891104947343605,-0.7811432051648715,-0.36674563184231457
damped_persistence,5,C_East_Ob_Bay_Coast,80,3.6625828958590603,0.27478182563464587,0.884558643730976,0.0024728433963641105,0.7534801909276779
damped_persistence,5,C_East_Red_Sea_North_Gulf_of_Aden_Coast,80,1.8220218587172594,-0.01796479434190016,0.550868617197399,-0.09745954644841981,0.2286235088477151
damped_persistence,5,C_East_Timor_Islands,80,3.3388655290344746,0.307509298014605,0.4691890444419117,0.08668579128759024,0.21864707099051683
damped_persistence,5,C_Ellef_Ringnes_Bathurst_Devon_Islands,80,3.8782645819823984,0.1651927250953871,0.5669518174021849,-0.5825045579071071,-0.10673735460411526
damped_persistence,5,C_Ellesmere_Island,80,5.761335748146134,0.6054764345577057,0.9511839062191644,0.18883183586482655,0.8579956059022902
damped_persistence,5,C_Great_Britain,80,3.3981058424423995,-0.20984061393236866,0.5267032041834869,-0.2834076975074715,0.09953265181470317
damped_persistence,5,C_Greater_Dniester_Basin,80,5.205338277999905,0.19564392003199585,0.8020525989775524,-0.5876318444369524,0.4545288719348831
damped_persistence,5,C_Gulf_of_Darien_Coast,80,4.124842127923306,0.32197076810023506,0.8194653084970052,0.0792479593848594,0.6414707657294818
damped_persistence,5,C_Gulf_of_Guinea_Coast,80,3.7235415196649657,0.5571983710511794,0.759067736644899,0.2918342917449711,0.5648493861327213
damped_persistence,5,C_Gydan_Bay_Coast,80,4.6795322835083715,-0.04151836682035098,0.843950219752379,-0.11119269810884491,0.6947673408932521
damped_persistence,5,C_Hainan,80,5.43458648391471,-0.077937808856902,0.7872092857907692,-0.04454048821081602,0.6132437885049568
damped_persistence,5,C_Halmahera_Islands,80,3.2471022259953797,0.0789543890492447,0.19794680295971587,-0.034576752447479375,-0.02376398533615376
damped_persistence,5,C_Hispaniola,80,2.1909743037467795,-0.033459615789102296,0.574628968129772,-0.30541702220482936,0.0828041359508227
damped_persistence,5,C_Hokkaido,80,4.0398201598956085,0.20260209511266164,0.6768474239007798,0.006694552123658548,0.4348609752119511
damped_persistence,5,C_Hub_Porali_Basin,80,4.801366526734707,0.25728550578258813,0.521950593372369,-0.3011479311062284,-0.020819213671007697
damped_persistence,5,C_Iberian_Atlantic_Coast,80,3.64355372579549,0.28432454315502875,0.8405528793447988,0.07165932296402644,0.6890844167270418
damped_persistence,5,C_Iceland,80,10.703863932436201,0.19332967206788976,0.8081562578102776,-0.028487699583789494,0.6520645197881205
damped_persistence,5,C_India_West_Coast,80,5.4889950567582675,-0.15738564269634148,0.9510125986264335,-1.1522948520019658,0.81495419299307
damped_persistence,5,C_Indian_Ocean_Africa_Coast,80,5.564582131017523,0.3197309615751921,0.7336261594272642,-0.14542773135208176,0.40706876277705684
damped_persistence,5,C_Ireland,80,2.30828273241935,-0.023627418507107,0.6237467354487459,-0.06130475585955697,0.33242250829186626
damped_persistence,5,C_Irrawaddy_Sittang_Salween_Basin,80,4.003102423679311,0.5386105883186109,0.952440706149612,0.19967735231864836,0.9059128649908621
damped_persistence,5,C_Jamaica,80,2.964661228628552,0.08252345468236193,0.18301995716088365,-0.012459902730913575,0.007246125301867967
damped_persistence,5,C_Japan,80,4.413178562655668,0.21795275121963556,0.4093530370376268,-0.6103709303454687,-0.9044926267348374
damped_persistence,5,C_Java,80,3.529715235809563,0.4446856199957093,0.6810122521910565,0.18141106298659793,0.4414991912081112
damped_persistence,5,C_Kamchatka_Peninsula,80,3.447210610355717,0.16589037567416068,0.9340220525239029,-0.011423925896086429,0.8656243336488401
damped_persistence,5,C_La_Plata_Delta,80,6.928736160343472,0.4824135975924506,0.47718678807229115,0.14966717443189514,0.12081176748535016
damped_persistence,5,C_Labrador_Sea_Coast,80,3.9469132049585745,0.5715589263978786,0.8296560008081626,0.2370225309324231,0.6605629799775428
damped_persistence,5,C_Madagascar,80,4.231609015947951,0.2649910218191234,0.8678213639598875,0.039345120143155055,0.7431917691624839
damped_persistence,5,C_Malaysian_Peninsula_Coast,80,5.061825101466471,0.3363581695639169,0.6424968874716692,-0.053959389041736916,0.2860607371266739
damped_persistence,5,C_Maluku,80,4.170349931363516,0.11639268053287682,0.19528951895502972,-0.007797155404007716,-0.02181711623761662
damped_persistence,5,C_Melville_Prince_Patrick_Islands,80,9.255229410061522,0.5397912394284408,0.7916179434373365,-0.14211825392670585,0.34578128535117303
damped_persistence,5,C_Namibia_Coast,80,2.421706523908965,0.30786588556885847,0.3439281360512256,-0.1259513085406776,-0.08924130028997701
damped_persistence,5,C_Neva_River_Finland_Coast,80,3.195932158988677,0.2033423469336651,0.7968426241713462,-0.18746985058537335,0.5520390916127846
damped_persistence,5,C_New_Brunswick_and_Nova_Scotia_Coast,80,5.381861901521521,-0.17767582024063963,0.7871262393513313,-0.2864874794878274,0.4986738864426685
damped_persistence,5,C_New_Siberian_Islands,80,50.67734216270435,-0.0852225410559586,0.1700018418040276,-0.07450538527343586,-0.0180006033146487
damped_persistence,5,C_New_Zealand_North_Island,80,2.458853779855346,0.17543759025936637,0.7509517625249663,-0.107441994079019,0.49833125370035525
damped_persistence,5,C_New_Zealand_South_Island,80,2.525443618719231,-0.07140540952989216,0.7156060576910507,-0.019651778589243163,0.49814452437176804
damped_persistence,5,C_Nigerian_Delta,80,5.635921410868193,0.08406781602414072,0.942935444606044,-0.0150353005463848,0.8823912272651988
damped_persistence,5,C_North_Argentina_South_Atlantic_Coast,80,4.665202154278086,0.5449033811151065,0.5350605393478262,0.2455231153836256,0.18588095857409304
damped_persistence,5,C_North_Australia_Coast,80,5.493648421344867,0.6828884562144469,0.886282975545806,0.33382723627804844,0.7438456046174264
damped_persistence,5,C_North_Baffin_Island_Coast,80,6.243956016585848,0.6539377204242234,0.8404026115181724,0.22698815126098326,0.483159352941415
damped_persistence,5,C_North_Brazil_South_Atlantic_Coast,80,10.085124518183267,0.35111933948051355,0.9026547711061775,-0.21549906603867863,0.7515994973947082
damped_persistence,5,C_North_Caspian_Sea_Coast,80,2.591771648906426,0.46022262584681084,0.814090440016358,0.18865024488411686,0.6134878718087995
damped_persistence,5,C_North_Chile_South_Pacific_Coast,80,2.988308871023734,0.4176134382600696,0.7738973355442997,0.13192665354431632,0.57728540604694
damped_persistence,5,C_North_East_Bay_of_Bengal_Coast,80,3.51147570869328,0.4232354795560025,0.9784747743817707,0.0535114198680503,0.9558990459993422
damped_persistence,5,C_North_East_Siberian_Sea_Coast,80,1.8648796945647241,0.5301798531604586,0.8482299152097595,0.27374472784138737,0.7062958990083199
damped_persistence,5,C_North_Gulf_of_Oman_Coast,80,3.591988234903883,0.5141400412078208,0.7138671977075469,0.25753169559402256,0.4933394859689053
damped_persistence,5,C_North_Korea_Bay_Korean_Peninsula,80,3.936185146522702,0.4999534497289794,0.660580596907061,-0.6445854904630401,-0.2672790891505681
damped_persistence,5,C_North_Siberia_Coast,80,1.9646171349357648,0.17743268990208946,0.9107507706408455,-0.06699112002429675,0.8277136075991514
damped_persistence,5,C_North_St_Lawrence_Seaway_Coast,80,4.554836862015266,0.04519949126334258,0.7927239572855688,-0.9629538609218793,0.2373989143696994
damped_persistence,5,C_North_Vietnam_South_China_Coast,80,5.420341009996703,0.003914083995290403,0.6698326229225356,-0.411719525322658,0.27832692350398214
damped_persistence,5,C_North_West_Africa_Coast,80,1.7302621577360286,-0.0008728069019700638,0.3566779726659711,-0.7953885170972135,-0.8706503222762321
damped_persistence,5,C_Northeast_South_America_Coast,80,10.918490299497668,0.7208991657655908,0.712863933771177,0.45720338876871314,0.5020186296001556
damped_persistence,5,C_Northwest_Hudson_Bay_Coast,80,2.8893189469958984,0.5520494045721674,0.7677212385431453,0.28074493517543386,0.5773143466841076
damped_persistence,5,C_Northwest_Mediterranean_Coast,80,3.1340239759115485,0.5351084603434826,0.823902521259611,0.16662933102588662,0.6394511025829418
damped_persistence,5,C_Norway_Coast,80,4.036662783260081,-0.053281197000689076,0.7999856419157227,-0.08249292059258084,0.604432348584304
damped_persistence,5,C_Novaya_Zemlya,80,26.273000411734678,0.3212270762636302,0.9142150453894062,-0.8162149561374497,0.72395396190133
damped_persistence,5,C_Nusa_Tenggara,80,3.3872032711377424,0.3733491467314787,0.45386295046314623,0.11977289425901672,0.17520827684294726
damped_persistence,5,C_Olenyok_Delta,80,9.831326335570385,0.039241098621572226,0.34282553527274956,-0.08464466218943234,0.06240389031603377
damped_persistence,5,C_Oregon_Coast,80,3.39878433056739,0.051211242554597,0.9258475538976849,-0.28324800065553957,0.8099866352122731
damped_persistence,5,C_Papua_New_Guinea_Island,80,2.557206901666778,0.14363186019772958,0.4387631321026409,-0.02282035144324457,0.094798055176471
damped_persistence,5,C_Patagonia,80,3.983742474445977,0.18801885885063893,0.574368389999662,0.009121300964436752,0.2585749438945215
damped_persistence,5,C_Peru_Pacific_Coast,80,1.5511941103058173,0.12408398910226275,0.8729638689200215,-0.0007769064504818957,0.7443727382444736
damped_persistence,5,C_Philippines,80,3.393149957750873,0.39815698614051626,0.5354682038409754,0.1386035931663675,0.2724837586946667
damped_persistence,5,C_Po_River_and_East_Italy_Coast,80,3.98128053903207,0.5115450729644131,0.8374810500058855,0.09549773979161025,0.6439599823433593
damped_persistence,5,C_Prince_of_Wales_Island,80,3.7759431700142354,-0.06253721062781452,0.33377400752500747,-0.39041426244318833,-0.17114781134973378
damped_persistence,5,C_Puerto_Rico,80,2.0398903644471824,0.037030907628255026,0.554859052396701,-0.14766015767679685,0.21990600186914755
damped_persistence,5,C_Sakhalin_Island,80,8.644873771203033,0.17482196194022476,0.21757314035351868,-0.05641947591175067,-0.1645279320606452
damped_persistence,5,C_Sardinia_and_Corsica,80,9.121493781911076,0.038005604680623944,0.3813426149741917,-0.06361569645020859,0.061066134894178004
damped_persistence,5,C_Severnaya_Zemlya,80,39.855608555079094,0.26553777725074623,0.8282438465793259,-1.765386598571045,0.2026774311801739
damped_persistence,5,C_Seward_Peninsula_Alaskan_North_Slope,80,2.8860920582381877,0.40403193775949253,0.7430255756086515,-0.004757481248591322,0.4565674046236392
damped_persistence,5,C_Shelikhov_Gulf_Sea_of_Okhotsk_Coast,80,5.442769114862005,0.08467154331191079,0.793252023427889,-0.2216764749794693,0.5213284281119803
damped_persistence,5,C_Sicily,80,4.617186589551786,-0.07401159111016321,0.11508277379661705,-0.04527885233556361,-0.09845740196396746
damped_persistence,5,C_Solomon_Islands,80,8.145111700547782,0.4132880796761831,0.35452022872605615,0.17011082973638159,0.06524947523432456
damped_persistence,5,C_Somerset_Island,80,4.061644603760227,-0.16386213807015526,0.5946841407694232,-0.6926285457778354,0.10344064270997033
damped_persistence,5,C_South_Africa_South_Coast,80,2.3957168074907096,0.6379444190368073,0.726173925553838,0.22780723845936546,0.3782721047450066
damped_persistence,5,C_South_Africa_West_Coast,80,1.8937614974501107,0.36228307810626215,0.6073497180953884,0.10675947953476694,0.352907412394169
damped_persistence,5,C_South_Alaska_Coast_Frazer_River,80,7.265606473586809,0.522473163140802,0.9386387306575759,0.08384182964765063,0.855952067657013
damped_persistence,5,C_South_Amapa_Coast,80,8.479724180400792,0.6892385821231147,0.9187491138905118,0.40164352122490576,0.8392438997174859
damped_persistence,5,C_South_Australia_Coast,80,1.300200841588313,0.4020347456866697,0.7945058442868727,0.1056202745966155,0.6134906649356622
damped_persistence,5,C_South_Baffin_Island_Coast,80,4.36201904155457,0.517532293409307,0.7530382926145792,0.12287977729643762,0.46414190190914595
damped_persistence,5,C_South_Baltic_Coast,80,3.3039810061904897,0.10064244367988795,0.7332343416999462,-0.18641460045521274,0.527604958476947
damped_persistence,5,C_South_Black_Sea_Coast,80,6.245048192115472,0.20194632115651479,0.7593112398300146,-0.17764333410381328,0.5101316704255832
damped_persistence,5,C_South_Chile_South_Pacific_Coast,80,8.428439208089156,0.14266711784337777,0.9421542142143906,-2.5568105508057606,0.6493227040680212
damped_persistence,5,C_South_East_Brazil_Coast,80,6.963987182232448,0.36434323258018536,0.6634952838803558,-0.3301329908484152,0.13992034427559685
damped_persistence,5,C_South_East_Russia_Coast,80,2.9473671237983226,0.30003299514491005,0.11881980102253177,0.01758831894748436,-0.4470941785393552
damped_persistence,5,C_South_Gulf_of_Aden_Coast,80,2.7292345580582085,0.44208294813119475,0.21327426346542736,0.1463389723158448,0.005159949651726503
damped_persistence,5,C_South_Gulf_of_Oman_West_Arabian_Sea_Coast,80,1.804246561096956,0.31012016619393856,0.525198601532699,-0.11867904155404818,0.10674428416170778
damped_persistence,5,C_South_Hudson_Strait_Ungava_Bay_Coast,80,4.281191172117666,0.015265476588851844,0.7939155269285348,-0.36214184114927317,0.5104974864868822
damped_persistence,5,C_South_Mediterranean_Coast,80,1.4554215735172444,-0.10128009283004687,0.3234155938063908,-0.18667309816860755,-0.06023245933711685
damped_persistence,5,C_South_Zambezia_Coast,80,4.32337177588591,0.30294606848559114,0.8503013698632712,-0.09177227963819345,0.6647864436970169
damped_persistence,5,C_Southhampton_Coats_Islands,80,3.752758372137706,0.3667137025996472,0.5878342995833562,0.1043209787592757,0.3427733331368925
damped_persistence,5,C_Southwest_Hudson_Bay_Coast,80,2.784855241407439,0.14746014540307945,0.8391645322625267,-0.0595211386125698,0.6653655999178052
damped_persistence,5,C_Southwest_Mediterranean_Coast,80,2.938070723808882,-0.0092385664685372,0.6211697579601047,-0.8520601674821706,-0.31442696723221353
damped_persistence,5,C_Sri_Lanka,80,2.1800506978082828,0.27268626867828344,0.9162822896516165,-0.5490452370118535,0.7314049928792159
damped_persistence,5,C_Sulawesi,80,3.308857131185113,0.26265069999982016,0.2743129217797484,0.046351581669216935,-0.07274483187978387
damped_persistence,5,C_Sumatra,80,3.688515750449018,0.11820027151315736,0.5196046197652794,-0.3976574349878761,-0.20267020652026924
damped_persistence,5,C_Svalbard,80,28.362640330917905,0.654135010281947,0.9649227928173427,-0.08313780672809412,0.8867927904311877
damped_persistence,5,C_Sweden_Coast,80,3.741044751553168,-0.10245388960788274,0.7300368828033998,-0.04508548964711778,0.5302942221820937
damped_persistence,5,C_Taiwan,80,2.1335084803632323,0.043169611287214034,0.5952195363983148,-0.1764012362786962,0.2858185106243243
damped_persistence,5,C_Tasmania,80,2.6618028649662646,0.48893805169004206,0.7906219863555929,0.20642890318456064,0.6189048072523222
damped_persistence,5,C_Texas_Gulf_Coast,80,4.692882925981341,0.19864141272486796,0.5679490344102994,-0.17512482870988277,0.23222766176115306
damped_persistence,5,C_Thar_Desert_Sabarmati_River_Gulf_of_Cambay_Luni_Delta,80,5.659878034061746,0.5193390127727374,0.6638117175547991,0.26092424364861666,0.436475434103495
damped_persistence,5,C_US_East_Gulf_of_Mexico_North_Atlantic_Coast,80,4.847916230993674,0.5771193651437124,0.5760057278607463,0.3286754009995678,0.2619344798613936
damped_persistence,5,C_US_North_Atlantic_Coast,80,3.131578501844943,0.18458913798453042,0.8257766899928415,-0.04793798032267782,0.6565446245853005
damped_persistence,5,C_Uda_Basin,80,3.616796746303292,0.12553445600997165,0.5283537930753427,0.0029554142064576183,0.21812924021768465
damped_persistence,5,C_Uruguay_South_Brazil_Coast,80,5.960320747536157,0.2967573125056623,0.43629903826922056,-0.017058490637237522,0.11478008011339724
damped_persistence,5,C_Victoria_Island,80,3.2461920549685765,-0.25415636309881723,0.6391028729999126,-0.5543199962873708,0.2745090682674063
damped_persistence,5,C_Vietnam_Coast,80,4.100803475908254,0.514154062263928,0.9563051524323597,0.10684478767297279,0.9009770809292036
damped_persistence,5,C_West_Africa_Coast,80,2.3312519030542296,0.26498325890199753,0.9802443357063575,0.029027766089619433,0.9551670962356715
damped_persistence,5,C_West_Australia_Coast,80,2.1138773039247267,0.1835336102553832,0.47405962327870843,-0.24382337531790177,0.005015907693376898
damped_persistence,5,C_West_Barents_Sea_Coast,80,3.42999448757224,-0.18760112901382864,0.8475444096851936,-0.06204843048418618,0.6940601778091513
damped_persistence,5,C_West_Black_Sea_Coast,80,6.377250965817426,0.1327824595314707,0.7259850816815835,-0.11196138904780595,0.48756312625704035
damped_persistence,5,C_West_Caspian_Sea_Coast,80,4.254426494537601,0.4038025618340231,0.8478207461319693,0.024341973887484936,0.6391744388543323
damped_persistence,5,C_West_Continental_Europe,80,3.1839657352080053,0.5425431603242669,0.8264579358209664,0.2529998399068122,0.6724913786567519
damped_persistence,5,C_West_Italy_Coast,80,2.921658195954463,-0.05052240413042839,0.8655397872993523,-0.26724234731220387,0.71357949548459
damped_persistence,5,C_West_Mississippi_Delta,80,5.742268018720241,0.38437648781443645,0.773067459392254,0.12994536846116111,0.5833976098982379
damped_persistence,5,C_West_Nile_Delta,80,2.4497882145048626,-0.09181283195668508,0.4455829652102364,-0.6658624165785128,-0.3017757773200307
damped_persistence,5,C_West_Red_Sea_Coast,80,2.7644872852039826,0.08460598365613298,0.5298206721130216,-0.41459927118771156,-0.11910826150548748
damped_persistence,5,C_Yamal_Peninsula,80,3.9986510837888036,-0.06846772297440491,0.8082193810876014,-0.2059396116805723,0.5944461249316533
damped_persistence,5,C_Yellow_Sea_Coast,80,5.652380432768703,0.6157494179578952,0.5928336618008508,-0.08056020630626581,-0.02952556024985964
damped_persistence,5,C_Yenisey_Gulf_Coast,80,4.139756800649625,0.02376664814942701,0.8576774451061943,-0.02684639467002703,0.7324522971244019
damped_persistence,5,C_Ziya_He_Interior_Coast,80,7.063338908315174,0.7588206334320273,0.774391506116823,0.1129439884005653,0.1676738145315826
damped_persistence,5,E_Altai_Mountains,80,1.4625635559069436,0.1590294847435474,0.2130695749319545,-0.15869049569163596,-0.22763153386905755
damped_persistence,5,E_Amu_Darya,80,3.5774939317840664,0.3139984366600249,0.890529870044485,-0.5257155744858886,0.6159888428760176
damped_persistence,5,E_Australia_Northwest_Plateau,80,5.562145272938583,0.6509443045337622,0.7613962649090344,0.2230257814923684,0.4058764682823075
damped_persistence,5,E_Badain_Jaran_Desert,80,1.2313236084693682,0.1698553777195557,0.49807862545062304,0.004020402859266414,0.22922901302613385
damped_persistence,5,E_Central_Iran,80,3.1184374595188893,0.503509663991746,0.8210215687862106,0.2001800969853076,0.6492566012615881
damped_persistence,5,E_Central_Mongolia,80,2.633256785528436,0.27973143087160146,0.3067096640435811,-0.13784058551315592,-0.1389302246668327
damped_persistence,5,E_Dayan_Khyargas_Uvs_Nuur_Basins,80,1.6867785003463445,0.40637326178660704,0.5143143287044167,0.14226167376665355,0.23444840009882373
damped_persistence,5,E_East_Gobi_Desert,80,2.3451530649795767,0.46202403309203605,0.34561922189216915,-0.1034931707725697,-0.178514165495687
damped_persistence,5,E_Egyptian_Western_Desert,80,2.0399447164848468,0.24562443938000456,0.469001712344438,-1.0654012626446452,-0.9879546154403998
damped_persistence,5,E_Farahrud_Helmand_Hamun_i_Mashkel,80,3.301045471609781,0.1610262977538046,0.7363730489069001,-0.27050379038151173,0.40790762920075074
damped_persistence,5,E_Great_Basin_Great_Salt_Lake,80,4.19254847521665,0.6417181463422503,0.7687822663069027,0.3895050952608381,0.5675005294218654
damped_persistence,5,E_Great_Victoria_Desert,80,1.8615194175585705,0.31321181556307987,0.20087112633235737,0.02188239687868021,-0.19466948313832355
damped_persistence,5,E_Jordan_Northwest_Saudi_Arabia,80,3.425127917174771,0.2502700749225471,0.7377126429816981,-0.1973604260004016,0.39816252929677987
damped_persistence,5,E_Junggar_Pendi,80,2.9480952471654365,0.44512415533149086,0.7836179764861724,-0.40012641584328823,0.25684669389186554
damped_persistence,5,E_La_Puna_Altiplano,80,2.40234895028359,0.20445792933526002,0.7503873308454345,-0.21873419380502868,0.438778429613054
damped_persistence,5,E_Lake_Eyre_Basin,80,2.728035726748278,0.660576355279966,0.586163057862561,0.41301706262712334,0.3232936130502112
damped_persistence,5,E_Lake_Rukwa_Basin,80,15.425362789992686,0.2697858540134773,0.7846517802022597,-0.8638175572302038,0.2670380910466499
damped_persistence,5,E_Lakes_Balkash_Alakol,80,2.4582971375055545,0.49029945559687294,0.8702874813464236,-0.07386736605061195,0.6796498998042015
damped_persistence,5,E_Libyian_Desert,80,1.0321887760134454,0.11489736856988865,0.5680230260614543,-0.005661679476640646,0.2995331042090117
damped_persistence,5,E_Lower_Lake_Chad,80,7.465560350379496,0.4107679254470738,0.9238793989655449,-1.4657709193095254,0.6072884425539311
damped_persistence,5,E_North_Central_Arabia,80,2.1709388042236264,0.03052391293362795,0.6580941146435779,-0.07473327571074417,0.422373574538654
damped_persistence,5,E_North_Plateau_of_Tibet,80,2.940542313573166,0.37793644699491014,0.37995108738688016,0.048132674339278814,-0.04680910533061833
damped_persistence,5,E_Northern_Kordofan,80,2.8098509807582612,0.4081391198175614,0.6173886312775387,-0.07472498092315183,0.17813649938866583
damped_persistence,5,E_Plateau_of_Tibet,80,1.8518665920399464,0.32171272275445095,0.6171590168126241,0.0226612384385676,0.3420444733921868
damped_persistence,5,E_Qinghai_Lake,80,2.328389584028078,0.6747226212997729,0.3102012613724173,0.4158052015749686,-0.19234552467920873
damped_persistence,5,E_Rift_Valley,80,6.397747035053382,0.23994970337760238,0.41760636902410836,-0.5953535070465521,-1.4973618927167296
damped_persistence,5,E_Rub_al_Khali_Desert,80,1.5545364427143602,-0.014659022443040678,0.4425255617965135,-0.06605379961057944,0.15026824922940973
damped_persistence,5,E_Sahara,80,0.7935938490866168,0.055008173699716674,0.2843516508960127,-0.05865138444101459,-0.022285289525578733
damped_persistence,5,E_Saharan_and_Algerian_Atlas,80,2.2465396333288905,-0.0021289114806506333,0.8514154275486697,-2.2376061972430645,0.05054229824786938
damped_persistence,5,E_Salinas_Grande_Mar_Chiquita,80,3.424731153538323,0.703630486266713,0.7480918704053124,0.0917964616228456,0.17346206091659078
damped_persistence,5,E_South_Interior_Africa,80,4.331315326642524,0.6092602318532578,0.7855189597182421,0.2855111204291373,0.5725456663851184
damped_persistence,5,E_Syr_Darya,80,2.172760523255569,0.3996121613383469,0.8653603447138168,0.010114043606974543,0.7219756990893833
damped_persistence,5,E_Tarim_He_Lop_Nur,80,1.4165178846034934,0.40564365282039966,0.7845005533100763,-0.04040845477935906,0.5000918932326095
damped_persistence,5,E_Turpan_Pendi,80,3.006787315583886,0.31587751962835436,0.7564347542891092,-0.6880694425985738,0.173826773114518
damped_persistence,5,E_Upper_Lake_Chad,80,2.498314518159939,0.40491357936857564,0.6943201047514986,-0.6179844540433994,-0.017227114430750534
damped_persistence,5,R_Amazon_River,80,5.704173226267778,0.6355242651193267,0.9532020800846365,0.16125444201080197,0.8745499810000329
damped_persistence,5,R_Amur_River,80,2.6249036344180268,0.575214593274926,0.11894562780854472,0.21298363931888165,-0.7500641540896027
damped_persistence,5,R_Colorado_River_Argentina,80,4.06352726981669,0.0006758402216872037,0.2717515083220543,-0.5342943239937787,-0.5010559037696649
damped_persistence,5,R_Colorado_River_of_the_West_North_America,80,2.7833760409076946,0.4592702735342114,0.7171834688371921,0.11220938992427276,0.44205175026575605
damped_persistence,5,R_Columbia_River,80,3.3298082988236386,0.08364081126931244,0.9753761827387382,-2.045087331445139,0.8597095648694237
damped_persistence,5,R_Congo_River,80,4.2110394493946695,0.5009945131484743,0.708665068199195,-0.020197791757285977,0.29662468180775836
damped_persistence,5,R_Danube_River,80,3.3390059074333203,0.32443863077538826,0.886889884512416,-0.2677176231809215,0.7052783442709332
damped_persistence,5,R_Dnieper_River,80,4.562309532712621,0.6694159037931698,0.7676038830156204,0.4373414251976977,0.5851929407668328
damped_persistence,5,R_Don_River,80,4.641525906422074,0.7445979273527558,0.8566825041029023,0.47359873559327803,0.6869129864452376
damped_persistence,5,R_Ganges_Bramaputra_Basin,80,4.180849493781445,0.18888960624901777,0.9415777842256166,-0.4713920170274326,0.8314871832430316
damped_persistence,5,R_Indus_River,80,5.563047542228165,0.2847829601412118,0.8000994358089548,-0.9571264441938134,0.23821543156070557
damped_persistence,5,R_Lena_River,80,1.89381904481439,0.2459274755945337,0.8703663736420569,0.007009176687856167,0.7482304729580274
damped_persistence,5,R_Limpopo_River,80,6.738246112221394,0.5324403345844924,0.7381754962319568,-0.08954270600219427,0.20909809396978685
damped_persistence,5,R_Mackenzie_River,80,3.8738889813250443,0.813231415873058,0.8436748905038117,0.553106514560457,0.686685815127609
damped_persistence,5,R_Magdalena_River,80,4.986513199436058,0.42783283301313785,0.7430622348479982,0.16010544484952483,0.49237629377215986
damped_persistence,5,R_Mekong_River,80,5.678655780939359,0.6013300918929583,0.9134093276961974,0.2377074163195383,0.8256166925566629
damped_persistence,5,R_Mississippi_River,80,3.2272240906871543,0.8177351750266759,0.9192987744970701,0.42404296812533493,0.7220939338396621
damped_persistence,5,R_Murray_Darling_River,80,3.4725760543673134,0.6304327460518644,0.6342084524168533,0.3788591589082807,0.37474374200489247
damped_persistence,5,R_Niger_River,80,3.321323823543068,0.20094988044362294,0.9547049030126683,-1.2191232382333932,0.7968306499616608
damped_persistence,5,R_Nile_River,80,4.471402331937,0.02913769640407234,0.8207111518861999,-1.6886420203133805,0.3163800534180443
damped_persistence,5,R_Ob_River,80,2.590627154059355,0.6884846108396159,0.8997819510506663,0.4727155100263051,0.8018960437952034
damped_persistence,5,R_Orange_River,80,2.9096255950622893,0.585375903656895,0.6225982735644368,0.2468360088967948,0.2974815354456638
damped_persistence,5,R_Orinoco_River,80,6.218299094153363,0.45587698564328016,0.9184842332266983,0.16973316568725438,0.8382254601253811
damped_persistence,5,R_Parana_River,80,6.930511444245367,0.10120466091392048,0.7669721638164217,-1.8073767278814072,-0.539303072527723
damped_persistence,5,R_Parnaiba_River,80,8.152134059995916,0.4540689436705802,0.8648118763123868,-0.6102234064503316,0.4893024087708546
damped_persistence,5,R_Rio_Grande_Rio_Bravo,80,4.168000042905022,-0.02840733141143517,0.5876075981996236,-0.9564737025486441,-0.17972083805553019
damped_persistence,5,R_Saint_Lawrence_River,80,5.012091941535432,0.8269623219470688,0.7852087999720442,0.5921561512314598,0.5144181224615025
damped_persistence,5,R_Sao_Francisco_River,80,9.409601428223707,0.3690040226030063,0.6910786755679679,-0.31146218877908227,0.22168268733921204
damped_persistence,5,R_Saskatchewan_Nelson_Rivers,80,4.359508505395604,0.2232346432124971,0.7669179421001164,-0.9615731600665514,0.22318327409522742
damped_persistence,5,R_Senegal_River,80,2.9009653246491722,0.27880036330998637,0.9124166010901291,-0.09011388524346708,0.7945033328716602
damped_persistence,5,R_Shebelli_Juba_Rivers,80,4.720894568377343,0.45505698087932883,0.561123194811379,-0.1383302950903582,0.06069754987124243
damped_persistence,5,R_Tigris_Euphrates_River,80,4.0053774250594545,0.7625730420890737,0.8580681234306828,0.5805613223961785,0.7354185516337495
damped_persistence,5,R_Tocantins_River,80,7.594474876439766,0.2655383579834081,0.8999355677365096,0.01171498905751367,0.802465596849593
damped_persistence,5,R_Volga_River,80,3.0526821564751687,0.38969970539308235,0.9085244183501229,0.09562596225678777,0.8065747439634258
damped_persistence,5,R_Volta_River,80,3.1021972497249544,0.3342606743236571,0.9355743226381303,0.0604359436024029,0.8676165906314212
damped_persistence,5,R_Yangtze_River,80,3.9127036692062864,0.3089198407241166,0.5595561583944859,-0.039291156376866976,0.2368819403378648
damped_persistence,5,R_Yellow_River_Huang_He,80,2.2408901228639895,0.3054941192817459,0.4940382456406943,0.036988316698984613,0.19711622695193598
damped_persistence,5,R_Yenisey_River,80,1.9067101046550667,-0.0351463388035694,0.9067458513997375,-0.7921432409108715,0.7406885838205423
damped_persistence,5,R_Yukon_River,80,2.385977606415315,0.17107160830772405,0.9328389246538341,-0.7919835508308151,0.7600383670119077
damped_persistence,5,R_Zambezi_River,80,5.226142848281652,0.6022868436005845,0.9087872528084,0.30460535591873716,0.8100774268245547
damped_persistence,6,C_Aleutians_South_Alaska_Coast,79,5.443157667969438,0.7188246250966177,0.9525804386318644,0.4773069042161707,0.8761233987352789
damped_persistence,6,C_Amazon_River_Delta,79,8.513702324099366,0.5550282002976513,0.9168130763203081,0.2688773398758175,0.8275498079579812
damped_persistence,6,C_Angola_Coast,79,4.9239734098644545,0.44926137501814545,0.7705788527989051,0.18750772881329203,0.5855060660002767
damped_persistence,6,C_Balkan_Peninsula_and_Adriatic_Coast,79,3.117489511158363,0.06768343019211882,0.933947540258488,-0.22411985857971528,0.853454717182681
damped_persistence,6,C_Banks_Island,79,8.874954216093105,-0.06518458937281255,0.36846647760231804,-0.20146016012274415,0.005465744365048653
damped_persistence,6,C_Beaufort_Sea_Coast,79,1.917227641856913,0.21421865976849944,0.9056498768684541,0.041823211876691135,0.8193767610279287
damped_persistence,6,C_Bight_of_Benin_Coast,79,5.32909339230397,0.38476984027825145,0.8846646380708563,0.14417977415196803,0.7804004172544441
damped_persistence,6,C_Bismark_Sea_Islands,79,3.597106939587855,0.5868278628943546,0.40151052718866226,-0.07611929947904605,-0.2994316620401236
damped_persistence,6,C_Borneo,79,4.52671293747364,0.2044531477572022,0.17375238672661691,-0.06946167777887213,-0.5555952456418607
damped_persistence,6,C_Buor_Khaya_Gulf_Coast,79,4.510990214008797,0.07318648901062418,0.7165140880580919,-0.07299667141396249,0.4877720871459402
damped_persistence,6,C_California_and_Baja_California,79,3.869507623460208,0.5665187621706189,0.780703566197749,0.2778967915071915,0.6001156425080932
damped_persistence,6,C_Canadian_South_Arctic_Ocean_Coast,79,2.1167170556905037,-0.1596096757700659,0.819112234571411,-0.4559164184213145,0.5609762460215542
damped_persistence,6,C_Capim_River_Delta,79,10.376706334023435,0.42682679008681296,0.8894548952783378,0.12067657147030753,0.7701905625146683
damped_persistence,6,C_Carribean_Coast,79,4.1699927842416065,0.5907120913802537,0.8870022485240576,0.31181056868866974,0.7803044902861941
damped_persistence,6,C_Central_America_Gulf_of_Mexico_Caribbean_Coast,79,4.168967075695438,-0.012995264797297406,0.8704246965273797,-0.19507032357543408,0.7137192047093642
damped_persistence,6,C_Central_American_Pacific_Coast,79,3.9462865951167636,-0.060734212521719046,0.8757887955310308,-1.194340850707532,0.5240045397262771
damped_persistence,6,C_Chao_Phraya_River_Gulf_of_Thailand_Coast,79,7.330926293942108,0.4456457420671475,0.8902742233020507,-0.04395448601312779,0.73718418906051
damped_persistence,6,C_Chukchi_Peninsula,79,4.74611394617592,-0.020202196251443153,0.7553615734280401,-0.017497483000262104,0.5637623350217955
damped_persistence,6,C_Churchill_Seal_Rivers,79,4.159220688618769,0.6365428496411876,0.758284325633702,0.2852422515334071,0.4733226889731068
damped_persistence,6,C_Columbia_Ecuador_Pacific_Coast,79,2.0052960729624787,0.19128619095167226,0.7102321002878142,0.035514779625135384,0.5035360654755738
damped_persistence,6,C_Crimea_West_Azov_Sea_Coast,79,7.958197912886894,0.3331763729648062,0.643687993625113,0.09336322329068614,0.3963257796369699
damped_persistence,6,C_Cuba,79,2.7208998280416687,-0.23940276862095805,0.7698478822360437,-0.16031448277391092,0.5156581983027543
damped_persistence,6,C_Deccan_Plateau_East_Indian_Subcontinent_Coast,79,5.166717835892393,0.3524892548239871,0.9503937293900342,-0.5254216590617038,0.8365180222773129
damped_persistence,6,C_Denmark_Germany_Coast,79,7.738952445746909,0.0616807221654081,0.3898959217903614,-0.015463994740774867,0.12852395475450273
damped_persistence,6,C_East_Australia_Coast,79,3.2993251621291577,0.45647003959520865,0.37550287107362185,0.16527318453913253,0.025858109520067063
damped_persistence,6,C_East_Azov_Sea_Northeast_Black_Sea_Coast,79,9.953289137298832,0.3481070635718723,0.5522079511093114,0.1142262980044797,0.2997450227039793
damped_persistence,6,C_East_Barents_Sea_Coast,79,3.6624859003921046,0.3038459708743672,0.887035584909079,-0.023725035306641384,0.7619314561905908
damped_persistence,6,C_East_Beaufort_Sea_Amundsen_Gulf_Coast,79,2.7730981689886787,0.2776314564723144,0.7488673417466194,0.0693562002472391,0.5498184612787271
damped_persistence,6,C_East_Brazil_South_Atlantic_Coast,79,4.803997593304221,0.3709913403989375,0.8262268005009775,-0.44717692650473695,0.45961246073144446
damped_persistence,6,C_East_Caspian_Sea_Coast,79,4.037002600189908,0.4852621237976373,0.852230158494115,-0.35922123883964274,0.5127006939934347
damped_persistence,6,C_East_Central_Africa_Coast,79,6.78571266660532,0.13191127957742232,0.8705512553053992,-1.3266088139512857,0.43979513643594836
damped_persistence,6,C_East_China_Coast,79,5.908560642997148,0.22011908876980044,0.6757034606951725,-0.20863466314223422,0.2954272159380059
damped_persistence,6,C_East_Hudson_Bay_Coast,79,3.931080285363284,0.12100100948313584,0.6598410598925186,-0.3646860931033844,0.21945020888100764
damped_persistence,6,C_East_Mediterranean_Coast,79,4.59362523376623,0.12060429760661535,0.8466978374938977,-0.4923467765325056,0.6101090780313385
damped_persistence,6,C_East_Mississippi_Delta,79,5.961135636831956,0.3830484774592107,0.7834534313488861,0.11694474792848131,0.600899121940293
damped_persistence,6,C_East_Nile_Delta,79,3.21447086038199,-0.058015654864189345,0.4798972313151369,-0.885471638921306,-0.44198957958494
damped_persistence,6,C_East_Ob_Bay_Coast,79,3.8177588823854496,0.15109095364686648,0.8770663342872663,-0.07403813059055797,0.7354887140385478
damped_persistence,6,C_East_Red_Sea_North_Gulf_of_Aden_Coast,79,1.8372447370961,0.00044849727278536484,0.5415482937423919,-0.10225254147602092,0.21479718190499286
damped_persistence,6,C_East_Timor_Islands,79,3.3868847103535753,0.2648544737695419,0.45249889202865495,0.06429299346476358,0.20435692944080164
damped_persistence,6,C_Ellef_Ringnes_Bathurst_Devon_Islands,79,4.0155579853671775,0.24101222569581798,0.6130151700549682,-0.6792920886441915,-0.17954544888541468
damped_persistence,6,C_Ellesmere_Island,79,6.444193108461268,0.5359208016733952,0.9440330185290434,-0.041895700524665624,0.8170314739013073
damped_persistence,6,C_Great_Britain,79,3.3582777560193753,-0.17867184161086294,0.5398709809440387,-0.2891942172137594,0.09829299844873507
damped_persistence,6,C_Greater_Dniester_Basin,79,5.424858552139622,0.1658366260975009,0.8079352535047581,-0.7459236144285666,0.4149562471643602
damped_persistence,6,C_Gulf_of_Darien_Coast,79,4.134038942481712,0.3405949984275585,0.8132569939793669,0.0796403152812486,0.6388059034073397
damped_persistence,6,C_Gulf_of_Guinea_Coast,79,3.63320219270436,0.5744292181722528,0.7560837762193874,0.29871396944555595,0.5547899773203402
damped_persistence,6,C_Gydan_Bay_Coast,79,4.637541606958543,-0.10227768686259121,0.8501100016872867,-0.08348572077028371,0.7037226226943671
damped_persistence,6,C_Hainan,79,5.358805255468492,0.07703353961176324,0.7958589479127829,-0.011970907604079706,0.6272124160224042
damped_persistence,6,C_Halmahera_Islands,79,3.3114851323209358,-0.021637179084416,0.1362115985998883,-0.06554877160672934,-0.07693311055259255
damped_persistence,6,C_Hispaniola,79,2.2621116979190177,-0.21440173663286546,0.5543830899426835,-0.3841946938889851,0.027913290180394568
damped_persistence,6,C_Hokkaido,79,4.067145023637609,0.19723826116238358,0.6768303401766336,-0.002464028855703626,0.4323468131858367
damped_persistence,6,C_Hub_Porali_Basin,79,5.034709212583751,0.1111150120470878,0.4801607100413415,-0.4214404672598544,-0.11010248466013306
damped_persistence,6,C_Iberian_Atlantic_Coast,79,3.6399832383398194,0.2842278971863057,0.8413009571491753,0.07966817975880403,0.6919468300509373
damped_persistence,6,C_Iceland,79,11.017996395952546,0.11048517153634757,0.7963938435848886,-0.07256806907897628,0.6326689537114537
damped_persistence,6,C_India_West_Coast,79,5.535659080754593,-0.07581948147343413,0.9547465978864942,-1.1915675071645557,0.8124378681242996
damped_persistence,6,C_Indian_Ocean_Africa_Coast,79,5.8459897703929355,0.17991813277916555,0.7074438969392416,-0.280944908544587,0.3361910345081165
damped_persistence,6,C_Ireland,79,2.281779060949278,-0.030604338247388813,0.6392353671954917,-0.07756964904766894,0.3458064223180516
damped_persistence,6,C_Irrawaddy_Sittang_Salween_Basin,79,4.128509667147076,0.5001567322417863,0.9499468005201311,0.16046752994782265,0.900706255673149
damped_persistence,6,C_Jamaica,79,3.020405743854618,-0.10204415252084496,0.11995742393307678,-0.04277390593304631,-0.01811772420902069
damped_persistence,6,C_Japan,79,4.385790386431919,0.20957875511618465,0.4386717206503082,-0.5888121989138959,-0.8601363880375632
damped_persistence,6,C_Java,79,3.5972853025475486,0.36557616813639443,0.6423806837365664,0.11371006997674837,0.37085216801987564
damped_persistence,6,C_Kamchatka_Peninsula,79,3.5346647025950815,0.03832816829509564,0.9309017305586686,-0.06073156897687171,0.8591978250980745
damped_persistence,6,C_La_Plata_Delta,79,7.5643488754935175,0.37095478861794495,0.35341358312791826,0.010664757121773283,-0.046141235731164354
damped_persistence,6,C_Labrador_Sea_Coast,79,4.273065954320873,0.4565999511787619,0.8024179647626534,0.12458209182944935,0.6056778418732093
damped_persistence,6,C_Madagascar,79,4.272539455921092,0.2836330866528506,0.8642970317642594,0.04197485412872215,0.7369557181366186
damped_persistence,6,C_Malaysian_Peninsula_Coast,79,5.222944460652425,0.32618782728812734,0.6335409339636893,-0.08302860860682482,0.24189495453945586
damped_persistence,6,C_Maluku,79,4.233024834875131,-0.004796045178631003,0.14641390243958025,-0.026357442545182463,-0.05660546485865914
damped_persistence,6,C_Melville_Prince_Patrick_Islands,79,9.35459398103577,0.5933327701593023,0.8137855473132882,-0.1583259440286544,0.3346246429834495
damped_persistence,6,C_Namibia_Coast,79,2.6098614868601326,0.14635010880152977,0.18517235154068346,-0.30850849378862955,-0.2735276745422861
damped_persistence,6,C_Neva_River_Finland_Coast,79,3.2540393394360896,0.1977104501950342,0.7974932013986743,-0.22144694885650296,0.5377114160820942
damped_persistence,6,C_New_Brunswick_and_Nova_Scotia_Coast,79,5.238496628517669,0.10562005032272186,0.7909662545225334,-0.19595982319451166,0.5283935763394705
damped_persistence,6,C_New_Siberian_Islands,79,50.17504268547323,0.07163415785762796,0.23679416492593539,-0.04359142803013216,0.010130542900420703
damped_persistence,6,C_New_Zealand_North_Island,79,2.4764349400864836,0.22414439341252781,0.7519710650251807,-0.0919776746242309,0.4974880869385315
damped_persistence,6,C_New_Zealand_South_Island,79,2.536950610202572,0.00816513287975856,0.7146833556857274,-0.012923208858589108,0.4966696000821671
damped_persistence,6,C_Nigerian_Delta,79,4.700093772951187,-0.05597945447622541,0.9580668347679523,-0.0963156046553788,0.9115377585942501
damped_persistence,6,C_North_Argentina_South_Atlantic_Coast,79,4.906877727361646,0.48120729300709836,0.4522856697981217,0.1761432477660444,0.09793420246694506
damped_persistence,6,C_North_Australia_Coast,79,5.981035844782091,0.6348224677545227,0.8588083768832253,0.22076789655384166,0.6935494356590896
damped_persistence,6,C_North_Baffin_Island_Coast,79,6.8352420035798955,0.5934696619001534,0.8094314596497366,0.08710193421895673,0.3550027772911427
damped_persistence,6,C_North_Brazil_South_Atlantic_Coast,79,10.977776641646749,0.24304629036836659,0.8903833891628228,-0.4570410099305082,0.6943145488929048
damped_persistence,6,C_North_Caspian_Sea_Coast,79,2.710332861163119,0.38789028215005017,0.7915685327918452,0.12827986437630057,0.5824889651893529
damped_persistence,6,C_North_Chile_South_Pacific_Coast,79,3.020132209872814,0.3985378765989265,0.7726833235924387,0.1103478852163996,0.5735639838270551
damped_persistence,6,C_North_East_Bay_of_Bengal_Coast,79,3.592567163303338,0.33439026718290765,0.9778156402193964,0.02337523147887377,0.9542842375020621
damped_persistence,6,C_North_East_Siberian_Sea_Coast,79,1.9055890828358213,0.5055767925917841,0.837022870723603,0.2526986772341836,0.6951943721471685
damped_persistence,6,C_North_Gulf_of_Oman_Coast,79,3.553400920071636,0.5208760303901064,0.7240314430124586,0.26643762150748873,0.5048475510502479
damped_persistence,6,C_North_Korea_Bay_Korean_Peninsula,79,4.464124822715277,0.4297305366971265,0.621569300231037,-1.1538405796665234,-0.6964717197919137
damped_persistence,6,C_North_Siberia_Coast,79,1.9597557694574772,0.0747052742454094,0.9133397510514041,-0.05148549243042333,0.8306391130665054
damped_persistence,6,C_North_St_Lawrence_Seaway_Coast,79,4.749451032428238,0.011422358654629209,0.7938895373535643,-1.139462389117662,0.17743997305415182
damped_persistence,6,C_North_Vietnam_South_China_Coast,79,5.694131327420919,-0.16120856401852185,0.663099748245725,-0.524410044041433,0.2135138378366559
damped_persistence,6,C_North_West_Africa_Coast,79,1.7691726804429024,0.012465969879638354,0.341539862063431,-0.8103202914627075,-0.9726618507464129
damped_persistence,6,C_Northeast_South_America_Coast,79,11.463258648204642,0.6804514678915212,0.6745156275993736,0.40652348994648546,0.4467481890189252
damped_persistence,6,C_Northwest_Hudson_Bay_Coast,79,3.1281757156877994,0.4501347884643243,0.725402189646655,0.17251113128447038,0.5107329675860173
damped_persistence,6,C_Northwest_Mediterranean_Coast,79,3.251084732347729,0.5088589959670794,0.8126675920825448,0.12137287636917105,0.6163441924784967
damped_persistence,6,C_Norway_Coast,79,4.023938553407704,-0.16588109649841914,0.8007538731688794,-0.07096370966265542,0.6084949623836005
damped_persistence,6,C_Novaya_Zemlya,79,27.408254202288962,0.2930449799270644,0.9123067686011374,-0.9535447625485953,0.6990487029471616
damped_persistence,6,C_Nusa_Tenggara,79,3.5034349552658486,0.28697959354221,0.3925952318352879,0.05791862810848247,0.12496774169506264
damped_persistence,6,C_Olenyok_Delta,79,9.96733941216729,-0.037697239818876065,0.32826973191098247,-0.09133726025584044,0.04237434579598409
damped_persistence,6,C_Oregon_Coast,79,3.4484257644934058,0.056491743037088475,0.9254568467333684,-0.30699737287052664,0.8049903353016501
damped_persistence,6,C_Papua_New_Guinea_Island,79,2.613660061695922,-0.00419634740896938,0.38722004744563876,-0.05797051754603766,0.041287762744889434
damped_persistence,6,C_Patagonia,79,3.9444889997230197,0.24689589385285035,0.5734773023777998,0.04204813195040147,0.2586544035504452
damped_persistence,6,C_Peru_Pacific_Coast,79,1.5367822869413446,0.1856887788239562,0.8783351305671798,0.02733088165132469,0.7515971131057342
damped_persistence,6,C_Philippines,79,3.5725352787837354,0.2626163261163515,0.4787519244979104,0.05385066162872665,0.20262489596196798
damped_persistence,6,C_Po_River_and_East_Italy_Coast,79,4.150932771056698,0.4731414582895501,0.8285467099657038,0.02694892685996897,0.6167056437095718
damped_persistence,6,C_Prince_of_Wales_Island,79,3.855720919740155,-0.16914900384393547,0.34512669375385857,-0.44180788953073713,-0.21109472975382082
damped_persistence,6,C_Puerto_Rico,79,2.095091172450363,-0.026870031628312276,0.568326273328659,-0.20985831650586606,0.18441393602298117
damped_persistence,6,C_Sakhalin_Island,79,8.944673099192691,0.07363575491476751,0.16646250669532295,-0.11533371767810108,-0.2318270695138207
damped_persistence,6,C_Sardinia_and_Corsica,79,9.02494434680892,0.2645067992565761,0.4614398778814346,-0.029120296169482307,0.09047988388737516
damped_persistence,6,C_Severnaya_Zemlya,79,40.53592712452142,0.23761244461248,0.8191033339636012,-2.0536263168924935,0.146379955689939
damped_persistence,6,C_Seward_Peninsula_Alaskan_North_Slope,79,2.9911778991433904,0.30416702266675194,0.7216766551906085,-0.10642774099305519,0.3908833160977412
damped_persistence,6,C_Shelikhov_Gulf_Sea_of_Okhotsk_Coast,79,5.694641966699804,-0.11821222333795912,0.7888754062941981,-0.3135440200897608,0.4809612399944113
damped_persistence,6,C_Sicily,79,4.563612429182814,0.03842476393671604,0.14349197016308257,-0.00858432563833711,-0.06514711244209659
damped_persistence,6,C_Solomon_Islands,79,7.520630049723789,0.5423258007799181,0.47265129810862994,0.27665870507069823,0.1878509502790331
damped_persistence,6,C_Somerset_Island,79,4.073688664838466,-0.0896811039100154,0.6254230716464804,-0.6770821104452698,0.1071620735627844
damped_persistence,6,C_South_Africa_South_Coast,79,2.5060324264752283,0.6042240559267822,0.692498744110238,0.123347375756646,0.2826954382267295
damped_persistence,6,C_South_Africa_West_Coast,79,1.9705025651190218,0.26019173756051384,0.5730178514425486,0.043550241589452754,0.30355458659955115
damped_persistence,6,C_South_Alaska_Coast_Frazer_River,79,7.812343555979273,0.42331528808577207,0.9313201774360451,-0.09228466897950849,0.8354942340389986
damped_persistence,6,C_South_Amapa_Coast,79,9.02233161144624,0.6309232385702034,0.9053407758162583,0.3332000016597547,0.813171269622365
damped_persistence,6,C_South_Australia_Coast,79,1.3267138283629565,0.3799637361841227,0.7917372485233598,0.08084450311289237,0.6020130975512348
damped_persistence,6,C_South_Baffin_Island_Coast,79,4.659630718300929,0.41589582729774366,0.7245362310152057,0.0028300806913563736,0.3932843774461715
damped_persistence,6,C_South_Baltic_Coast,79,3.236617912222422,0.08304501774252174,0.7461319965999424,-0.14610288306947194,0.5459532873168202
damped_persistence,6,C_South_Black_Sea_Coast,79,6.421562532266966,0.17719248780924185,0.762005858890354,-0.2309122105485253,0.48618142633377137
damped_persistence,6,C_South_Chile_South_Pacific_Coast,79,8.65784328720418,0.01950457906627734,0.9319559484164854,-2.7944274986504785,0.6192840922362205
damped_persistence,6,C_South_East_Brazil_Coast,79,7.526780772422861,0.24823996731794293,0.6244533073305705,-0.6252230149794582,-0.054365774260880295
damped_persistence,6,C_South_East_Russia_Coast,79,3.0707678499009794,0.30898396036147424,0.09519178003359637,-0.03341447082345139,-0.5568159025922743
damped_persistence,6,C_South_Gulf_of_Aden_Coast,79,2.75339131137293,0.38937427222873655,0.19421665786317238,0.12778386280630083,-0.012975856212377845
damped_persistence,6,C_South_Gulf_of_Oman_West_Arabian_Sea_Coast,79,1.8217956601699385,0.25624020078699006,0.5105406710133055,-0.1722436527976512,0.08221568675665725
damped_persistence,6,C_South_Hudson_Strait_Ungava_Bay_Coast,79,4.434312184319565,-0.13667136921523526,0.7937648304164349,-0.4437388270913827,0.48138051238719615
damped_persistence,6,C_South_Mediterranean_Coast,79,1.4545759407280572,0.039635632011881756,0.31926925815002255,-0.19745132415965516,-0.09516178809838838
damped_persistence,6,C_South_Zambezia_Coast,79,4.513243353510048,0.14780755002046309,0.8373372357827618,-0.2009336717671164,0.6308219586344044
damped_persistence,6,C_Southhampton_Coats_Islands,79,4.101964149018225,0.09711719194281627,0.4791196971405755,-0.07664081432047576,0.21778324601486854
damped_persistence,6,C_Southwest_Hudson_Bay_Coast,79,2.8828224648770395,-0.08980647020840993,0.8286369131872466,-0.11323372542866572,0.6458198907423655
damped_persistence,6,C_Southwest_Mediterranean_Coast,79,2.9869282540837343,0.060678780499738565,0.6509531881177821,-0.8672274917087832,-0.40203139562916324
damped_persistence,6,C_Sri_Lanka,79,2.2151828573742236,0.3133437941019542,0.917097070021652,-0.5801107296083943,0.7240586607226859
damped_persistence,6,C_Sulawesi,79,3.432145314526916,0.15485237807160587,0.16656492370482098,-0.012834235138663885,-0.21350018125191195
damped_persistence,6,C_Sumatra,79,3.8727321833453834,-0.05084560801623358,0.4944818266954733,-0.6018257220216587,-0.3685803437971571
damped_persistence,6,C_Svalbard,79,33.047957954688314,0.6054276193713581,0.9606657899798423,-0.47836979143198666,0.8433268422542777
damped_persistence,6,C_Sweden_Coast,79,3.7159039983864735,-0.17569226532971788,0.7321579896149947,-0.024535460663292374,0.5324632838106546
damped_persistence,6,C_Taiwan,79,2.0724996215635816,0.17489558061937993,0.6247143926478284,-0.10080474413370188,0.3345029940138141
damped_persistence,6,C_Tasmania,79,2.8070248655136556,0.3973245061848711,0.7655689288845239,0.12927238647140404,0.5800669502764533
damped_persistence,6,C_Texas_Gulf_Coast,79,4.8193136992202765,0.09696280106450576,0.561843273123478,-0.23268678139649768,0.1991666410030446
damped_persistence,6,C_Thar_Desert_Sabarmati_River_Gulf_of_Cambay_Luni_Delta,79,5.759385835281294,0.5015273761097584,0.651457347316919,0.2350639503737869,0.4200043892439679
damped_persistence,6,C_US_East_Gulf_of_Mexico_North_Atlantic_Coast,79,4.997979017210992,0.5559668267140695,0.5584203186306885,0.30054035318153627,0.20933086975664195
damped_persistence,6,C_US_North_Atlantic_Coast,79,3.1917773860312804,0.10655595218241788,0.8229436044618785,-0.08630464916030522,0.6472461093823141
damped_persistence,6,C_Uda_Basin,79,3.625354606828147,0.09910909487729731,0.5295692749673974,0.0066000214400231405,0.22410571439600935
damped_persistence,6,C_Uruguay_South_Brazil_Coast,79,6.193730078103173,0.22892320248119835,0.38965511207557685,-0.07435787186332132,0.0428430465071763
damped_persistence,6,C_Victoria_Island,79,3.1897737331968683,-0.11602869438920499,0.6962168515590681,-0.5205601238348527,0.3035535090492758
damped_persistence,6,C_Vietnam_Coast,79,4.252050064663228,0.4583219266312217,0.9535782263086002,0.038835187466693455,0.8938387851948997
damped_persistence,6,C_West_Africa_Coast,79,2.31189363321778,0.2426736764027436,0.9797167636214505,0.03385692979631705,0.9556337962499336
damped_persistence,6,C_West_Australia_Coast,79,2.175922946687754,0.12429480139902557,0.4597709872061036,-0.3068173689695355,-0.04168293602363393
damped_persistence,6,C_West_Barents_Sea_Coast,79,3.348614344532921,0.07853566203405184,0.8496564403649153,-0.01633048507240975,0.7077526885016359
damped_persistence,6,C_West_Black_Sea_Coast,79,6.428291088142198,0.0760683889318691,0.723254234692065,-0.14171712785859159,0.4798208721403806
damped_persistence,6,C_West_Caspian_Sea_Coast,79,4.647997569009664,0.21896524380931487,0.8211695697044582,-0.17082231052380292,0.5746869506627668
damped_persistence,6,C_West_Continental_Europe,79,3.3003129303612493,0.46812598153185775,0.8127258159660332,0.19572625711991953,0.6517708188729467
damped_persistence,6,C_West_Italy_Coast,79,2.9974552367196727,-0.1021702538210454,0.8579589185319001,-0.3177939126426754,0.7022933261814636
damped_persistence,6,C_West_Mississippi_Delta,79,5.965885320886058,0.30926515883356165,0.7523126036731311,0.05487844055577229,0.5559053079124214
damped_persistence,6,C_West_Nile_Delta,79,2.4949838751141975,-0.132478029460119,0.45115476073194577,-0.7115388413172434,-0.34653457741801796
damped_persistence,6,C_West_Red_Sea_Coast,79,2.7574477108067437,0.030552227416123966,0.47587023746244095,-0.39754290338693443,-0.0995399933643677
damped_persistence,6,C_Yamal_Peninsula,79,4.0639028638097745,-0.15258671173548363,0.8087854689319016,-0.2261746691347193,0.5863377619489418
damped_persistence,6,C_Yellow_Sea_Coast,79,5.853232507476109,0.5370843855227998,0.5318096738837557,-0.2990886544523159,-0.23943637411085206
damped_persistence,6,C_Yenisey_Gulf_Coast,79,4.135929411395298,-0.07726287131194667,0.8604717614232752,-0.026173941669973333,0.7344664388594598
damped_persistence,6,C_Ziya_He_Interior_Coast,79,8.035404803591407,0.7122750806626827,0.7271111851935258,-0.1574743362150226,-0.08320069443029698
damped_persistence,6,E_Altai_Mountains,79,1.4468361369150093,0.19210166687825925,0.21946792713641086,-0.12300501620453241,-0.18637844391060154
damped_persistence,6,E_Amu_Darya,79,3.9732566426109353,0.16051401274667246,0.8769470051886546,-0.9439027667300455,0.5308204157841352
damped_persistence,6,E_Australia_Northwest_Plateau,79,5.938357675956007,0.61427196948279,0.7332448573416154,0.11206053980864128,0.3114990550546194
damped_persistence,6,E_Badain_Jaran_Desert,79,1.2140980884589587,0.19338620423529104,0.5110912466357718,-0.011271121924167238,0.22279180795409514
damped_persistence,6,E_Central_Iran,79,3.1898226065284505,0.47965971281235614,0.8160030798450011,0.16238051022031696,0.6352492666437954
damped_persistence,6,E_Central_Mongolia,79,2.8159445178451143,0.13504382391087966,0.16177837756376665,-0.28293310857646614,-0.2943275852492324
damped_persistence,6,E_Dayan_Khyargas_Uvs_Nuur_Basins,79,1.7252159308793324,0.365025647391611,0.48340079734226854,0.10641294748186203,0.20821659200905207
damped_persistence,6,E_East_Gobi_Desert,79,2.3752088902411264,0.45553045847194623,0.3422852220846924,-0.11917201653365916,-0.19625919443200823
damped_persistence,6,E_Egyptian_Western_Desert,79,2.353325089004013,-0.04721641866790796,0.3020183907876631,-1.7725061542662632,-1.664365670816069
damped_persistence,6,E_Farahrud_Helmand_Hamun_i_Mashkel,79,3.5034958710524404,0.016347727085525395,0.7319795951811886,-0.43152462009533044,0.33807272391535415
damped_persistence,6,E_Great_Basin_Great_Salt_Lake,79,4.505904549092888,0.5729678557940354,0.7320055661536305,0.30696743611074906,0.5066756633970475
damped_persistence,6,E_Great_Victoria_Desert,79,1.8917883541498017,0.3038705636195533,0.17879788266260893,0.018607814415229962,-0.2208774652050347
damped_persistence,6,E_Jordan_Northwest_Saudi_Arabia,79,3.5519909832967,-0.040220045749206706,0.6973327111827308,-0.28783428987502346,0.3604518833174811
damped_persistence,6,E_Junggar_Pendi,79,3.166009159899431,0.34982400481934356,0.7465239101146173,-0.5897134843867884,0.1319248275927103
damped_persistence,6,E_La_Puna_Altiplano,79,2.3906210864271404,0.30187986225501634,0.762116596972795,-0.1907122956016578,0.44722000566893994
damped_persistence,6,E_Lake_Eyre_Basin,79,2.8240605486322528,0.6358367818714973,0.5457142489568767,0.37843584907903416,0.27507820589147536
damped_persistence,6,E_Lake_Rukwa_Basin,79,16.991792809111097,0.1614919850276131,0.762083953182206,-1.3333697106167413,0.035881509164192193
damped_persistence,6,E_Lakes_Balkash_Alakol,79,2.57634227581236,0.47928768090357854,0.8715587379120644,-0.17961614014293925,0.6498256724575986
damped_persistence,6,E_Libyian_Desert,79,1.0512782354642474,-0.11861378112929277,0.5618105256088382,-0.026600579013747128,0.27970033241179115
damped_persistence,6,E_Lower_Lake_Chad,79,8.26639074059042,0.3758587995478257,0.9224428179741652,-1.9672159894127388,0.5243826438991948
damped_persistence,6,E_North_Central_Arabia,79,2.2439918975753392,-0.16224503905564128,0.6229236226707573,-0.14210259481418452,0.3712262182127538
damped_persistence,6,E_North_Plateau_of_Tibet,79,3.2086763927889237,0.1881417292536278,0.2436300823941411,-0.11899369982873265,-0.23590631822454955
damped_persistence,6,E_Northern_Kordofan,79,3.365159423116486,-0.20083939762950714,0.5169382509069124,-0.5169737696497057,-0.1677870569574884
damped_persistence,6,E_Plateau_of_Tibet,79,1.9431581123539328,0.2016862662908119,0.5880371807046704,-0.08020500640187067,0.2841996170860127
damped_persistence,6,E_Qinghai_Lake,79,2.4479980507042987,0.6204807676653126,0.23038971838645125,0.33854086905087233,-0.36051775852071155
damped_persistence,6,E_Rift_Valley,79,6.582701244998882,0.22046783823713118,0.39986884086575286,-0.6646410703486427,-1.7131257507761064
damped_persistence,6,E_Rub_al_Khali_Desert,79,1.5767654894248861,-0.0824280252465264,0.395375447586061,-0.10778016885664332,0.09889932889171482
damped_persistence,6,E_Sahara,79,0.7881511893828448,0.08059275060996793,0.30828992761368235,-0.03388192948608593,0.004221245206688651
damped_persistence,6,E_Saharan_and_Algerian_Atlas,79,2.550328754242521,-0.10304367483048218,0.8465645922276337,-3.107720816812087,-0.26013672617691297
damped_persistence,6,E_Salinas_Grande_Mar_Chiquita,79,3.4752892245279003,0.70426975049274,0.753254306451381,0.06075881196794086,0.13589821678423442
damped_persistence,6,E_South_Interior_Africa,79,4.689849746466941,0.5400624073070083,0.7627015877472025,0.13166190383070708,0.4926329071708222
damped_persistence,6,E_Syr_Darya,79,2.2793988099864695,0.31015140875703306,0.8529647527251799,-0.09810894498215394,0.697838740326364
damped_persistence,6,E_Tarim_He_Lop_Nur,79,1.4866098395557423,0.3257613738015953,0.7701681699824116,-0.1387650149001174,0.4522575993232162
damped_persistence,6,E_Turpan_Pendi,79,3.2195251707090082,0.08475163591473445,0.7183388996332406,-0.943074120854418,0.034996116553218215
damped_persistence,6,E_Upper_Lake_Chad,79,2.8815196338227675,0.37098662894228984,0.6754840953131648,-1.1280375743595585,-0.360180608652392
damped_persistence,6,R_Amazon_River,79,6.212050880624017,0.572221299368311,0.9450897871635304,0.003417825941204655,0.851606660543589
damped_persistence,6,R_Amur_River,79,2.7511180081641022,0.5651669557207162,0.0406482850005049,0.16059062714304306,-0.9531523056180256
damped_persistence,6,R_Colorado_River_Argentina,79,3.8027493201108364,0.1399259206776271,0.36420804561043896,-0.3593183342798225,-0.2981445443359847
damped_persistence,6,R_Colorado_River_of_the_West_North_America,79,2.8414886871235945,0.44881457894803933,0.7105567210074671,0.08512186230968488,0.42577371662145336
damped_persistence,6,R_Columbia_River,79,3.6605042111415718,-0.046165860791965344,0.9735675875311908,-2.5113316954573595,0.8320873977633181
damped_persistence,6,R_Congo_River,79,4.665723017614332,0.3866338313005997,0.6584872669900154,-0.2196259818254549,0.1401343556845771
damped_persistence,6,R_Danube_River,79,3.490629157718287,0.2507017234971225,0.8843369892715616,-0.41541816989154445,0.6808048026022671
damped_persistence,6,R_Dnieper_River,79,5.015181589653408,0.587341837535599,0.7156446110409647,0.3332757169001118,0.5002238451393115
damped_persistence,6,R_Don_River,79,4.9556256081116254,0.7090783674569048,0.8345472012155608,0.4135442172913726,0.641910177009373
damped_persistence,6,R_Ganges_Bramaputra_Basin,79,4.436552817932587,0.013311668582032074,0.9384653682764874,-0.6900213768689134,0.8113036557082545
damped_persistence,6,R_Indus_River,79,5.888529070424743,0.2808060605164281,0.8045828642488532,-1.211815696600389,0.151823718986547
damped_persistence,6,R_Lena_River,79,1.958694632195359,0.1548088457876759,0.8625622856246835,-0.04729393161785844,0.7340485957081793
damped_persistence,6,R_Limpopo_River,79,7.26932317183812,0.42562563221430655,0.6551757411047382,-0.30098474108408624,0.05875985578590737
damped_persistence,6,R_Mackenzie_River,79,4.286148523916362,0.7712371327399687,0.8035817363345487,0.4672181511775412,0.6210975252576407
damped_persistence,6,R_Magdalena_River,79,5.034899610180789,0.4201653114862705,0.7216802042282568,0.14786329878584215,0.48513316804885886
damped_persistence,6,R_Mekong_River,79,5.9530037485767755,0.5261647435611135,0.9068451045540554,0.1403947202769701,0.8104526149137681
damped_persistence,6,R_Mississippi_River,79,3.5815248978032317,0.7939085046990587,0.9110950152769692,0.25357878868194783,0.6582820303077976
damped_persistence,6,R_Murray_Darling_River,79,3.4841448995090043,0.621563221019742,0.618313428444508,0.3645842371457294,0.34916291009682465
damped_persistence,6,R_Niger_River,79,3.8363140361274946,0.016724393747517597,0.950819281725383,-1.9395307771536627,0.7322366544559494
damped_persistence,6,R_Nile_River,79,4.797454984315958,-0.041971599114374744,0.8243772643072954,-2.0705581560840103,0.21732916235081345
damped_persistence,6,R_Ob_River,79,2.6794197536548836,0.6652022461881676,0.895373894729165,0.4396495058318116,0.7907250229901801
damped_persistence,6,R_Orange_River,79,3.0618190624204997,0.5580049392764386,0.5829453333791528,0.15043568206474056,0.19369016475573797
damped_persistence,6,R_Orinoco_River,79,6.5145059922508475,0.3541761047475506,0.9116436770163655,0.08688968473219316,0.8245345735575103
damped_persistence,6,R_Parana_River,79,7.642147147182446,-0.09067390706568877,0.7387155145424578,-2.310284359023347,-0.8529936698105198
damped_persistence,6,R_Parnaiba_River,79,9.222958591314809,0.3221617559656342,0.8426793948430283,-1.1520323852161471,0.30650378405927603
damped_persistence,6,R_Rio_Grande_Rio_Bravo,79,4.358322944627677,-0.04522926566664358,0.5951643984342303,-1.1408724350209933,-0.31957986362525914
damped_persistence,6,R_Saint_Lawrence_River,79,5.303584165391004,0.8154668945349499,0.7735423310797147,0.5249684875227278,0.44968308554408376
damped_persistence,6,R_Sao_Francisco_River,79,10.103717524599585,0.2750017753586509,0.6654993414514164,-0.6409116845950473,0.026702448382860178
damped_persistence,6,R_Saskatchewan_Nelson_Rivers,79,4.924229792227659,0.13259064349954522,0.7577381679620088,-1.5108897082594113,0.007273505455715812
damped_persistence,6,R_Senegal_River,79,3.0601431047327825,0.10967537955232402,0.9114195181012481,-0.2601253142825781,0.7741154893834798
damped_persistence,6,R_Shebelli_Juba_Rivers,79,4.694088122535921,0.48146306246468956,0.5720527407550984,-0.10744196818940721,0.08290659609691664
damped_persistence,6,R_Tigris_Euphrates_River,79,4.247199562788718,0.7277235285122879,0.840647198764359,0.5282980625760003,0.7060890877874159
damped_persistence,6,R_Tocantins_River,79,7.744718335184119,0.1812401533054936,0.8970757812105404,-0.0375738543050097,0.7920119731328634
damped_persistence,6,R_Volga_River,79,3.115563828365948,0.348031727790618,0.9062620508703889,0.0642939121736037,0.8010400715269774
damped_persistence,6,R_Volta_River,79,3.226520623340739,0.24317043648373285,0.9305040333176899,-0.007317324614545706,0.8577069936446889
damped_persistence,6,R_Yangtze_River,79,4.0532262602438625,0.1174176664714054,0.5358159885457654,-0.12284786464295938,0.18879172233650376
damped_persistence,6,R_Yellow_River_Huang_He,79,2.3249246476909198,0.1724210966707769,0.4267515193280693,-0.024138756279808105,0.12433461156491188
damped_persistence,6,R_Yenisey_River,79,2.0205257473369014,-0.08142520418633564,0.9120116890859518,-0.9720740031712163,0.7101176562272844
damped_persistence,6,R_Yukon_River,79,2.5152353476322493,0.09356867013511666,0.9302514320044561,-0.956044589322329,0.7347100684709836
damped_persistence,6,R_Zambezi_River,79,5.583400860855149,0.5357588265659808,0.89598655985532,0.20335808663585409,0.7794785932566642
kalman_ar1,1,C_Aleutians_South_Alaska_Coast,84,3.2162298316831097,0.9095541906318104,0.9779881580714206,0.8259996617212657,0.9551120248125238
kalman_ar1,1,C_Amazon_River_Delta,84,4.444451212080227,0.8887367917749515,0.9769429413377648,0.7807475042665035,0.9528275470342931
kalman_ar1,1,C_Angola_Coast,84,3.3527245204819325,0.7718786709841714,0.9036689309132995,0.5937613489959526,0.8138767907873936
kalman_ar1,1,C_Balkan_Peninsula_and_Adriatic_Coast,84,2.48996208835525,0.4976960101867958,0.9530990577099295,0.1912875880373044,0.9058942569971308
kalman_ar1,1,C_Banks_Island,84,8.279517687401329,-0.006858365755248007,0.40995976782567295,-0.06527046673315562,0.12773424771324016
kalman_ar1,1,C_Beaufort_Sea_Coast,84,2.1099767194742727,-0.11511176926433729,0.8822474982911096,-0.16357767830355097,0.7763312947326695
kalman_ar1,1,C_Bight_of_Benin_Coast,84,4.339999324388248,0.6564803745419051,0.9265494777455271,0.4297409655101603,0.8582248169740281
kalman_ar1,1,C_Bismark_Sea_Islands,84,2.9260871840731144,0.7108420515686935,0.6400413556816713,0.4803906399892641,0.37972537880957213
kalman_ar1,1,C_Borneo,84,3.004977414717241,0.7517385593353203,0.7559877309691745,0.5538032764324643,0.558440190165354
kalman_ar1,1,C_Buor_Khaya_Gulf_Coast,84,4.320641168504717,0.14928275305400227,0.7359489607777512,-0.001872671137809201,0.5381821815867966
kalman_ar1,1,C_California_and_Baja_California,84,2.381604154034081,0.846021328161474,0.9184283758952999,0.715219104899128,0.842557092955007
kalman_ar1,1,C_Canadian_South_Arctic_Ocean_Coast,84,1.5158293401439182,0.5692139937220789,0.8940714825597995,0.27726800181621014,0.7740267712270521
kalman_ar1,1,C_Capim_River_Delta,84,5.828777471534113,0.840051825153133,0.9654921784709014,0.7013467224258852,0.9279101746473063
kalman_ar1,1,C_Carribean_Coast,84,2.425025304064236,0.8763566983754948,0.9614306731966006,0.7678921854060806,0.9221850668495557
kalman_ar1,1,C_Central_America_Gulf_of_Mexico_Caribbean_Coast,84,2.985415934175764,0.7640842063819631,0.9234675614688264,0.5726059298083445,0.8488412372550198
kalman_ar1,1,C_Central_American_Pacific_Coast,84,1.935420254091857,0.7253212760215951,0.9526356147277507,0.44064668638589444,0.8870126673576533
kalman_ar1,1,C_Chao_Phraya_River_Gulf_of_Thailand_Coast,84,4.052329806123029,0.8380439763714881,0.9589731331825917,0.6943442000250645,0.9173620130069339
kalman_ar1,1,C_Chukchi_Peninsula,84,4.395712309463629,0.3284072328366713,0.8002472230882985,0.10435891716593915,0.6388920538676355
kalman_ar1,1,C_Churchill_Seal_Rivers,84,1.983857489147379,0.9062378966102806,0.9375869543123342,0.8156429504475601,0.874258115780767
kalman_ar1,1,C_Columbia_Ecuador_Pacific_Coast,84,1.7821989999837748,0.4554720853714551,0.7677027608592182,0.20736363500385047,0.589336018304516
kalman_ar1,1,C_Crimea_West_Azov_Sea_Coast,84,5.892314492335591,0.6933809942849433,0.8109725459681798,0.4758779793961828,0.6512854061915672
kalman_ar1,1,C_Cuba,84,2.60661570288793,0.19771382089259912,0.7750212322670069,-0.06332020669186056,0.5638976041118552
kalman_ar1,1,C_Deccan_Plateau_East_Indian_Subcontinent_Coast,84,2.9658124262629557,0.7677183220308955,0.9747179294370615,0.5397141777271353,0.9455651422850265
kalman_ar1,1,C_Denmark_Germany_Coast,84,7.276299726654496,0.33654846083034684,0.4995135574088107,0.10801826156493799,0.24415215106195187
kalman_ar1,1,C_East_Australia_Coast,84,2.4122959762678615,0.7496159089774852,0.7107130995742361,0.5514719790444884,0.47815436256773847
kalman_ar1,1,C_East_Azov_Sea_Northeast_Black_Sea_Coast,84,7.821170525548503,0.660753550859165,0.7569831857619548,0.4348529454716411,0.5679166394366273
kalman_ar1,1,C_East_Barents_Sea_Coast,84,2.3438939551983746,0.778944296100901,0.9496485868475748,0.5851664746958964,0.8984882285171308
kalman_ar1,1,C_East_Beaufort_Sea_Amundsen_Gulf_Coast,84,2.7330775321141316,0.3596920451279652,0.7529846012067306,0.12346086381438626,0.540517801457472
kalman_ar1,1,C_East_Brazil_South_Atlantic_Coast,84,3.16558079081227,0.6538863221216857,0.8857412019102173,0.35783452663803206,0.766452874705809
kalman_ar1,1,C_East_Caspian_Sea_Coast,84,2.360537068530591,0.7379168292946181,0.9216810079925523,0.5114918831235591,0.8353241303438598
kalman_ar1,1,C_East_Central_Africa_Coast,84,3.33715818855168,0.7550479970031597,0.9487967220536402,0.484137950305114,0.8802008703505325
kalman_ar1,1,C_East_China_Coast,84,4.4275071963097,0.6396806113089085,0.8043341052145739,0.3615488056122145,0.6189386528134238
kalman_ar1,1,C_East_Hudson_Bay_Coast,84,2.736409445432454,0.6000188219694139,0.786290023611448,0.3273126602847686,0.5993607884607477
kalman_ar1,1,C_East_Mediterranean_Coast,84,3.171395685266669,0.59538183533795,0.9005330216357517,0.3142745294405742,0.8039220993368161
kalman_ar1,1,C_East_Mississippi_Delta,84,3.758809286364784,0.8045247079843153,0.9237944848285659,0.6431060358523379,0.8392149617203091
kalman_ar1,1,C_East_Nile_Delta,84,2.610044074313191,0.09969697897293812,0.4747229513405401,-0.20600652156520805,0.08116586172226425
kalman_ar1,1,C_East_Ob_Bay_Coast,84,2.8713000739263745,0.6192167127469703,0.922112589030108,0.37040624499680086,0.8433797765029556
kalman_ar1,1,C_East_Red_Sea_North_Gulf_of_Aden_Coast,84,1.5666625476992508,0.4462894897012651,0.687801671259764,0.16449827627405966,0.45407014614007457
kalman_ar1,1,C_East_Timor_Islands,84,3.2089014998969936,0.36733267637464145,0.5048195947656859,0.13395323543940707,0.254066089173162
kalman_ar1,1,C_Ellef_Ringnes_Bathurst_Devon_Islands,84,2.6553225553461233,0.5611416645144569,0.7475700726146446,0.2597232655647944,0.48360023315798073
kalman_ar1,1,C_Ellesmere_Island,84,3.7512317705558904,0.8323752203268754,0.9755567052984218,0.6720454169395068,0.9464630773652909
kalman_ar1,1,C_Great_Britain,84,3.03041705977307,0.2595337341895219,0.5949781121653808,-0.04434203039188933,0.2749463101465136
kalman_ar1,1,C_Greater_Dniester_Basin,84,3.460443578174327,0.5767386501830093,0.8794069966198563,0.23989430978706827,0.7511325021451667
kalman_ar1,1,C_Gulf_of_Darien_Coast,84,3.065813985649904,0.6869291071780093,0.8957573193485237,0.46948513128779645,0.79336948664247
kalman_ar1,1,C_Gulf_of_Guinea_Coast,84,2.698333866827207,0.7841501545372404,0.8845981894753001,0.6104667746843329,0.7759933983383238
kalman_ar1,1,C_Gydan_Bay_Coast,84,4.362570501120608,0.2724507030139288,0.8578149541441992,0.029241004767016965,0.7271854224830416
kalman_ar1,1,C_Hainan,84,5.471782265954135,0.13347676257976623,0.7859571309440135,-0.03307545154977887,0.6173531044379299
kalman_ar1,1,C_Halmahera_Islands,84,2.779073961206546,0.49820918815719484,0.4840483268946513,0.2395889316351506,0.22023490517191835
kalman_ar1,1,C_Hispaniola,84,2.0295474598927483,-0.00294591418390061,0.5676248163363181,-0.13289048407276383,0.21608479260827695
kalman_ar1,1,C_Hokkaido,84,4.001130453645592,0.16235021850242667,0.6908701024094465,0.009385656952474508,0.4709974326218933
kalman_ar1,1,C_Hub_Porali_Basin,84,3.630995954618447,0.6323570734621154,0.7224573219373039,0.36714981780837175,0.49609759820868726
kalman_ar1,1,C_Iberian_Atlantic_Coast,84,2.6717291657638027,0.6924695595120216,0.9155990034932432,0.4770398349685726,0.8358682533063294
kalman_ar1,1,C_Iceland,84,9.005939829651306,0.5014206337260507,0.8680815239908388,0.22894900959469133,0.7526265635419158
kalman_ar1,1,C_India_West_Coast,84,3.6187239882774693,0.5459438417856253,0.9634554694452736,0.17681400224966326,0.9201084606251455
kalman_ar1,1,C_Indian_Ocean_Africa_Coast,84,3.035044042277996,0.8249309493902022,0.9162901833311123,0.64729439580267,0.8222050451702333
kalman_ar1,1,C_Ireland,84,2.2811337372870897,0.10904120351844845,0.624320039196551,-0.034644380618522375,0.34798110448629693
kalman_ar1,1,C_Irrawaddy_Sittang_Salween_Basin,84,2.5689056095527247,0.8325287987317002,0.9806927874458289,0.6661358984289749,0.9616637843470436
kalman_ar1,1,C_Jamaica,84,2.9542256835403684,0.1399334187996588,0.16324610589383332,0.004248907930704315,0.00033068283521153763
kalman_ar1,1,C_Japan,84,3.3309204476387864,0.36936341148925084,0.4594101796239911,0.018065361920912126,-0.03258651503776222
kalman_ar1,1,C_Java,84,2.8603481006681166,0.7054418294609601,0.8214830568786785,0.49480203706430104,0.6735736944193418
kalman_ar1,1,C_Kamchatka_Peninsula,84,2.98697163523167,0.5322155097533341,0.9528387017217902,0.2684035920675416,0.9070824291034973
kalman_ar1,1,C_La_Plata_Delta,84,4.750589869108915,0.7728814065454945,0.7886875586946775,0.5923271249433117,0.6155360162616454
kalman_ar1,1,C_Labrador_Sea_Coast,84,3.3665291216331337,0.6661084274322194,0.8730502865730928,0.4197522408561558,0.7507261441389267
kalman_ar1,1,C_Madagascar,84,3.0503892464086664,0.6941471961405024,0.9291321408104861,0.4673619429831488,0.861072746867777
kalman_ar1,1,C_Malaysian_Peninsula_Coast,84,3.8067633694519687,0.6223998415861379,0.7786339657888436,0.3739310275949884,0.595307782504483
kalman_ar1,1,C_Maluku,84,3.612882909275109,0.49086549084267195,0.4851202869597517,0.22483854274422854,0.2120355271280282
kalman_ar1,1,C_Melville_Prince_Patrick_Islands,84,6.001468812432227,0.7529239778106219,0.8731175538324331,0.4990592624120922,0.7248993990271921
kalman_ar1,1,C_Namibia_Coast,84,2.1244013790553455,0.5056705201091766,0.4867159199737277,0.19606854483624148,0.14023618583898667
kalman_ar1,1,C_Neva_River_Finland_Coast,84,2.419232263735518,0.6106290168880514,0.8765275535673951,0.3324515242474678,0.7585732930046722
kalman_ar1,1,C_New_Brunswick_and_Nova_Scotia_Coast,84,4.626153690133609,0.3028111029554062,0.8151852604621044,0.025261541203771554,0.6345454398321964
kalman_ar1,1,C_New_Siberian_Islands,84,51.687080871694285,-0.022970340956195236,0.17628030987627494,-0.09135196912143817,-0.007672281065071118
kalman_ar1,1,C_New_Zealand_North_Island,84,2.06799595111998,0.4829031154944947,0.8032720314104227,0.2002468594661594,0.6310879647055407
kalman_ar1,1,C_New_Zealand_South_Island,84,2.3681474419872837,0.31739328632431923,0.7459528664138669,0.09419811271307788,0.5427149723732236
kalman_ar1,1,C_Nigerian_Delta,84,5.484916051566322,0.39864151335581,0.9481723848917413,0.1478451142231988,0.893997642738439
kalman_ar1,1,C_North_Argentina_South_Atlantic_Coast,84,3.159984933872816,0.8076020953525059,0.8187434674593217,0.6467899406130253,0.658106659476662
kalman_ar1,1,C_North_Australia_Coast,84,3.15153219097445,0.8878625647369285,0.9595000105123895,0.7758862279081893,0.9168564560120435
kalman_ar1,1,C_North_Baffin_Island_Coast,84,5.013061506393824,0.7197689830272695,0.8618345523007511,0.4904590343137488,0.6894461502504341
kalman_ar1,1,C_North_Brazil_South_Atlantic_Coast,84,6.045789032092977,0.7596923266321152,0.9582763185120005,0.5456607512661175,0.9121563737007514
kalman_ar1,1,C_North_Caspian_Sea_Coast,84,2.18225381732908,0.6444304212149996,0.8578837978171037,0.40030947741105405,0.7138231422910348
kalman_ar1,1,C_North_Chile_South_Pacific_Coast,84,2.2802206820374864,0.7007124273169102,0.8742941135360797,0.4867131917394253,0.7601347033361938
kalman_ar1,1,C_North_East_Bay_of_Bengal_Coast,84,2.461206424925203,0.7395348787310468,0.9893830984087669,0.5224847319895072,0.9785417279870962
kalman_ar1,1,C_North_East_Siberian_Sea_Coast,84,1.5563915408220492,0.7210224297450131,0.9085015013804151,0.5174233249563518,0.8121045681743487
kalman_ar1,1,C_North_Gulf_of_Oman_Coast,84,2.7443557734719737,0.7377354919397107,0.832571593637592,0.5430720416534741,0.6918283424577346
kalman_ar1,1,C_North_Korea_Bay_Korean_Peninsula,84,2.121173315541921,0.8235377202907712,0.8609049288985712,0.6185341773464335,0.6937356177227376
kalman_ar1,1,C_North_Siberia_Coast,84,1.6726021950458365,0.4419047917992795,0.9350613628728269,0.1725947692991915,0.8736891301575987
kalman_ar1,1,C_North_St_Lawrence_Seaway_Coast,84,3.158864571649299,0.512296418912373,0.830087978057421,0.10663230717144045,0.623378424135461
kalman_ar1,1,C_North_Vietnam_South_China_Coast,84,2.9178214828404347,0.7792815177970821,0.8980260490396548,0.5829517288421642,0.7951206642613562
kalman_ar1,1,C_North_West_Africa_Coast,84,1.2454841989613616,0.280225553343347,0.4724225012387693,-0.013554881373774252,0.04053640397208347
kalman_ar1,1,C_Northeast_South_America_Coast,84,4.832179640762883,0.9450956713543498,0.9482936434607492,0.8857750622485936,0.89849383953854
kalman_ar1,1,C_Northwest_Hudson_Bay_Coast,84,2.085820082221556,0.782496729929445,0.8789894790212028,0.605233237857044,0.7695461038233766
kalman_ar1,1,C_Northwest_Mediterranean_Coast,84,2.2983033774376618,0.7410862034371308,0.9029797910193632,0.5307426596158193,0.8078956067368043
kalman_ar1,1,C_Norway_Coast,84,3.2298738767348363,0.5495916701217847,0.8643145162585426,0.2917366947068879,0.7435512428964046
kalman_ar1,1,C_Novaya_Zemlya,84,17.8351839419969,0.5525452215943298,0.9465430579539909,0.18781355543809208,0.8797051868027823
kalman_ar1,1,C_Nusa_Tenggara,84,3.2667829734301845,0.41358169013647883,0.4805270072440464,0.15787573564177892,0.20919989930345273
kalman_ar1,1,C_Olenyok_Delta,84,9.315293119966556,0.16843114324376962,0.4239102474405799,0.004332892231371899,0.1643249338613132
kalman_ar1,1,C_Oregon_Coast,84,2.8190741581663072,0.4499690349478889,0.9377684054319742,0.1386497620022049,0.8666793186925643
kalman_ar1,1,C_Papua_New_Guinea_Island,84,1.7779175669688019,0.7017718427627608,0.7551989496006778,0.491892926846329,0.56650112346763
kalman_ar1,1,C_Patagonia,84,3.60258465455461,0.3894659140351599,0.6786963084057415,0.14226437908448364,0.44147106632178323
kalman_ar1,1,C_Peru_Pacific_Coast,84,1.3786035242435013,0.48226199342587234,0.889941884914955,0.2071647606864332,0.7912533131674075
kalman_ar1,1,C_Philippines,84,2.499829793533649,0.713142507520649,0.7688878535918235,0.5042234828066166,0.5904947521326687
kalman_ar1,1,C_Po_River_and_East_Italy_Coast,84,3.0823183195051818,0.6737716359140543,0.8920343846062748,0.4277002241896978,0.7864585310328703
kalman_ar1,1,C_Prince_of_Wales_Island,84,3.3895966568527047,0.15719164230433014,0.3734765721746229,-0.05919957102938578,0.044821242104171155
kalman_ar1,1,C_Puerto_Rico,84,1.9359949164733914,0.064163372027047,0.5591151702949576,-0.05344760703452245,0.2803103862699484
kalman_ar1,1,C_Sakhalin_Island,84,8.405658403860789,0.14420763364929992,0.23170216310175978,-0.0368707313957366,-0.10626788356838723
kalman_ar1,1,C_Sardinia_and_Corsica,84,8.624060313460875,0.2584782373153376,0.4234014669883792,0.045296940669115604,0.1678373945835413
kalman_ar1,1,C_Severnaya_Zemlya,84,23.48560748876237,0.5720045513558297,0.8938698058403137,0.15030509760554667,0.7566522117938929
kalman_ar1,1,C_Seward_Peninsula_Alaskan_North_Slope,84,2.3875244972603147,0.5587132069715464,0.8083529068830497,0.28229202599611813,0.637216699710949
kalman_ar1,1,C_Shelikhov_Gulf_Sea_of_Okhotsk_Coast,84,4.175079012629676,0.5638922312724549,0.8643798591492048,0.2736878745217317,0.7246444529277805
kalman_ar1,1,C_Sicily,84,4.402843439695268,0.18048079406597237,0.20031154564403583,0.02371768325327528,0.0034417026740303225
kalman_ar1,1,C_Solomon_Islands,84,7.963595512366533,0.519618144556927,0.36614035569156617,0.2630506420259249,0.12448917244612734
kalman_ar1,1,C_Somerset_Island,84,3.088217505350479,0.3212933641489059,0.7186536765734621,0.015684062038108237,0.4746051185748714
kalman_ar1,1,C_South_Africa_South_Coast,84,1.59303682933865,0.840993982657597,0.8792838658322804,0.6772498315726435,0.7513523850206254
kalman_ar1,1,C_South_Africa_West_Coast,84,1.9882887096109911,0.2316208790817134,0.5192569703879371,0.01389117741499668,0.2594847696079404
kalman_ar1,1,C_South_Alaska_Coast_Frazer_River,84,4.250304715395671,0.8366842736501732,0.9746738360959106,0.6795555032730936,0.9484061218532348
kalman_ar1,1,C_South_Amapa_Coast,84,5.17614041526705,0.8868369152668621,0.9690895168735703,0.7566683630781296,0.9386141448122804
kalman_ar1,1,C_South_Australia_Coast,84,1.177452261702416,0.5349519542652365,0.8188910944347879,0.2706448072134735,0.669657697343707
kalman_ar1,1,C_South_Baffin_Island_Coast,84,4.33284070362714,0.45650555539354576,0.726334943657758,0.15099649828522121,0.4594178127945666
kalman_ar1,1,C_South_Baltic_Coast,84,2.5167219696136467,0.5793904363640923,0.8585645658658501,0.32584950629224774,0.7356262599111053
kalman_ar1,1,C_South_Black_Sea_Coast,84,4.307570820764289,0.6497877342395237,0.8777099102145866,0.4028398287484234,0.758294703536905
kalman_ar1,1,C_South_Chile_South_Pacific_Coast,84,4.803624417497894,0.5393105609486362,0.9617168151565789,0.0731991240372677,0.9060921205080049
kalman_ar1,1,C_South_East_Brazil_Coast,84,3.6108157914014196,0.833162933477435,0.9005205695664439,0.6580332017748661,0.7884634384679309
kalman_ar1,1,C_South_East_Russia_Coast,84,2.276201662936732,0.6473562243625192,0.5359559903325406,0.3913397634769219,0.1765795245121503
kalman_ar1,1,C_South_Gulf_of_Aden_Coast,84,2.400333894337829,0.5583032675371579,0.48207824181565506,0.3037356231087106,0.22796660906688138
kalman_ar1,1,C_South_Gulf_of_Oman_West_Arabian_Sea_Coast,84,1.4714052391146317,0.5916339420444899,0.6916416703416253,0.2511670445307643,0.4021997931252985
kalman_ar1,1,C_South_Hudson_Strait_Ungava_Bay_Coast,84,3.610335452261415,0.4039167790725609,0.8115754230775618,0.08560477554695145,0.6368609511363434
kalman_ar1,1,C_South_Mediterranean_Coast,84,1.3583585056587257,0.1133733761832315,0.37351108149440987,-0.06942391921419189,0.05809083275714555
kalman_ar1,1,C_South_Zambezia_Coast,84,3.857547073350246,0.3901295573751203,0.8637630531387859,0.08004474919748761,0.735620829456957
kalman_ar1,1,C_Southhampton_Coats_Islands,84,3.8141105520337364,0.26064111194489253,0.5435797055360717,0.05054678890719566,0.2905281758929401
kalman_ar1,1,C_Southwest_Hudson_Bay_Coast,84,2.1739680757962376,0.5804003602150467,0.89592114155057,0.3254133160892455,0.7963969732201035
kalman_ar1,1,C_Southwest_Mediterranean_Coast,84,1.9684950423196466,0.43275498235973936,0.7047050358768584,0.14723120629288755,0.41764109061619914
kalman_ar1,1,C_Sri_Lanka,84,1.808029632788793,0.5024298321364403,0.9266938636473456,0.16587433577137622,0.8423084046626341
kalman_ar1,1,C_Sulawesi,84,2.098777490609154,0.7942647169705503,0.7774004118515431,0.6276621649774443,0.6037516967471204
kalman_ar1,1,C_Sumatra,84,2.5520214313664735,0.6361930380700003,0.7772103783522611,0.3749132844295382,0.5773494204355927
kalman_ar1,1,C_Svalbard,84,19.847356006163412,0.7613886069247968,0.9783028130149856,0.4849062158208992,0.947993574674036
kalman_ar1,1,C_Sweden_Coast,84,3.638185808799218,0.2602074258363129,0.7670359952716838,0.012495334838451111,0.5879832226099824
kalman_ar1,1,C_Taiwan,84,2.096105787963485,0.2680228285745806,0.6428363408178143,0.032633309181771875,0.40212725243493275
kalman_ar1,1,C_Tasmania,84,2.5540908880017454,0.5005205276413709,0.8066183508167001,0.2378795936227558,0.6460067703717884
kalman_ar1,1,C_Texas_Gulf_Coast,84,2.5843482790592187,0.8276546771563706,0.8771681592115905,0.6686033498349367,0.7655455062332794
kalman_ar1,1,C_Thar_Desert_Sabarmati_River_Gulf_of_Cambay_Luni_Delta,84,3.9694531431561497,0.7915534035268641,0.8562175728179283,0.6250787466653276,0.7320349534707216
kalman_ar1,1,C_US_East_Gulf_of_Mexico_North_Atlantic_Coast,84,3.1981617205962456,0.8297745247911831,0.8290490148631668,0.6879407912684549,0.6865459537300024
kalman_ar1,1,C_US_North_Atlantic_Coast,84,2.619464749655997,0.5428665389317391,0.8758519738454206,0.2540446281968881,0.7618306149830053
kalman_ar1,1,C_Uda_Basin,84,3.214009130814839,0.4581295072289286,0.6396473029846056,0.19355842633776865,0.3823976119858332
kalman_ar1,1,C_Uruguay_South_Brazil_Coast,84,3.7174836603543198,0.7856866410083923,0.8238742566214425,0.6052170505918157,0.6663525426596109
kalman_ar1,1,C_Victoria_Island,84,2.4659929316473526,0.37632723665324247,0.7819753942846626,0.09197118353550005,0.5919920072098273
kalman_ar1,1,C_Vietnam_Coast,84,2.8274288364192564,0.7645160013463758,0.9763550975103996,0.5767204260951817,0.9523803285006629
kalman_ar1,1,C_West_Africa_Coast,84,1.9905101112027561,0.538199932667106,0.9847890239599429,0.27133774694229573,0.9677256790743777
kalman_ar1,1,C_West_Australia_Coast,84,1.7747662424504689,0.4267149498563197,0.5818738798043133,0.1014166624889512,0.2899920585918536
kalman_ar1,1,C_West_Barents_Sea_Coast,84,3.1008179413918437,0.3378432271471715,0.87541059085412,0.09387751980945902,0.7553273197188324
kalman_ar1,1,C_West_Black_Sea_Coast,84,4.766605023025169,0.6046260587816183,0.8425894234782284,0.3524626146922222,0.703937404889469
kalman_ar1,1,C_West_Caspian_Sea_Coast,84,3.7530417220305625,0.4841628657150108,0.8559166690351362,0.210358025056266,0.7114937186525359
kalman_ar1,1,C_West_Continental_Europe,84,2.1663531046241196,0.8261375068896117,0.9260743782116603,0.6757676894077853,0.8561670397456419
kalman_ar1,1,C_West_Italy_Coast,84,2.5793654555700822,0.28551368437834396,0.8885276526847311,-0.021658377894501868,0.7814417642471158
kalman_ar1,1,C_West_Mississippi_Delta,84,4.181181541119613,0.7431091550642324,0.8912093302380751,0.5474082559512883,0.7779870044928552
kalman_ar1,1,C_West_Nile_Delta,84,2.1088084920556827,0.10496372306318699,0.4711747087983817,-0.18388099059595087,0.09227969748882237
kalman_ar1,1,C_West_Red_Sea_Coast,84,2.041956040013735,0.447140747033281,0.6959169626900955,0.17837137215798582,0.460187220858279
kalman_ar1,1,C_Yamal_Peninsula,84,3.797814603976199,0.04815035590330376,0.8105389288713832,-0.11883658967550725,0.632397827564906
kalman_ar1,1,C_Yellow_Sea_Coast,84,3.6187710097987127,0.8519718150430683,0.8273901436072042,0.6742521939184112,0.6500686133739911
kalman_ar1,1,C_Yenisey_Gulf_Coast,84,4.109333799803547,0.1369450557741725,0.8585615734371908,0.0003068042160291329,0.7365919842170361
kalman_ar1,1,C_Ziya_He_Interior_Coast,84,3.4107615513399105,0.9151595375752509,0.9179764793739349,0.8023365066211674,0.8095477087166714
kalman_ar1,1,E_Altai_Mountains,84,1.2928975399987914,0.33843629274719683,0.34103373029995415,0.07494766704811717,0.04100350898771077
kalman_ar1,1,E_Amu_Darya,84,2.328578444257328,0.6639396110347333,0.9231327245025938,0.36880016690428585,0.8350596459223454
kalman_ar1,1,E_Australia_Northwest_Plateau,84,2.827310958649444,0.9026310890954424,0.9265295752343063,0.80346985789111,0.8490464093679192
kalman_ar1,1,E_Badain_Jaran_Desert,84,1.1206956613141739,0.3546833419277797,0.6106656447166005,0.11643382367642374,0.36619529858547706
kalman_ar1,1,E_Central_Iran,84,2.263560361540896,0.7582112948290931,0.9052694916157309,0.5651175644413742,0.8148005818937425
kalman_ar1,1,E_Central_Mongolia,84,2.0675677941837165,0.5354470508681756,0.5676495201265241,0.26257222704707683,0.2953986966717783
kalman_ar1,1,E_Dayan_Khyargas_Uvs_Nuur_Basins,84,1.2901273768353867,0.702619479220914,0.7448394392504433,0.49036805391166594,0.5464458255989939
kalman_ar1,1,E_East_Gobi_Desert,84,1.4330408868634315,0.7860962877131383,0.770604524437966,0.5692102507093624,0.5442532114772108
kalman_ar1,1,E_Egyptian_Western_Desert,84,1.4480001391128081,0.3884478707629465,0.5687483689751068,0.007219955277442347,0.15617108587412087
kalman_ar1,1,E_Farahrud_Helmand_Hamun_i_Mashkel,84,2.404456088807422,0.5825236397399005,0.8306506414873354,0.2840865395082105,0.6710052318288903
kalman_ar1,1,E_Great_Basin_Great_Salt_Lake,84,2.134276980145052,0.9145178754634036,0.9415771047995142,0.8346285967018007,0.8844604157752629
kalman_ar1,1,E_Great_Victoria_Desert,84,1.4678358259110276,0.6229774142746437,0.5256025041289306,0.36666582515591717,0.22467707053043462
kalman_ar1,1,E_Jordan_Northwest_Saudi_Arabia,84,3.232674582636032,0.14688077058437063,0.7206804074140855,-0.07452565315684923,0.476192689629683
kalman_ar1,1,E_Junggar_Pendi,84,1.7970623882600862,0.7242076654936209,0.8882769246910786,0.46135046051034323,0.7527158604099311
kalman_ar1,1,E_La_Puna_Altiplano,84,2.031423828672944,0.5624317660249765,0.7815585862664001,0.2924226223506239,0.5978063183615937
kalman_ar1,1,E_Lake_Eyre_Basin,84,1.822646851322544,0.8529780562642676,0.8313947722898103,0.7240872658580759,0.6880484545385643
kalman_ar1,1,E_Lake_Rukwa_Basin,84,7.711545187149263,0.7764420487934665,0.9268717718117904,0.5592381433476199,0.8469062453725102
kalman_ar1,1,E_Lakes_Balkash_Alakol,84,1.7924310610457852,0.6796610504296156,0.9138584822331765,0.41331310872879345,0.8252744067360724
kalman_ar1,1,E_Libyian_Desert,84,0.9752911589243205,0.27747707225738794,0.601015603260903,0.07033977967020699,0.3529783711825991
kalman_ar1,1,E_Lower_Lake_Chad,84,2.8355634738534614,0.8803653217283323,0.9789120518253813,0.6844689623938992,0.9429248855587397
kalman_ar1,1,E_North_Central_Arabia,84,1.9265185324509893,0.37709934023292446,0.7384513391564038,0.1355763498420166,0.5434009309132329
kalman_ar1,1,E_North_Plateau_of_Tibet,84,2.655973838615137,0.5403716521321238,0.44541025359143455,0.25669815132074314,0.12909243962894745
kalman_ar1,1,E_Northern_Kordofan,84,2.3362703521382002,0.5714949531392262,0.7076818857290285,0.23426941833440273,0.42833277265178415
kalman_ar1,1,E_Plateau_of_Tibet,84,1.5930232496443961,0.5571666619818149,0.726684955101658,0.29254590756545185,0.5214965185126246
kalman_ar1,1,E_Qinghai_Lake,84,1.7834115841563385,0.8283702645676008,0.6261098158458739,0.6802502073781872,0.36896169013841285
kalman_ar1,1,E_Rift_Valley,84,3.055332990890767,0.8226866902764296,0.8124363507770765,0.6307971927669038,0.576344816328471
kalman_ar1,1,E_Rub_al_Khali_Desert,84,1.354536031133178,0.4346215562059144,0.5962795935044696,0.16554105836065247,0.3380565074818017
kalman_ar1,1,E_Sahara,84,0.7854873839931491,0.05131674535466909,0.2539255944843562,-0.03977605623303293,0.003102014268184461
kalman_ar1,1,E_Saharan_and_Algerian_Atlas,84,1.2212299728703795,0.41302189577695253,0.8974140550419579,-0.05492101285103512,0.7377748605774881
kalman_ar1,1,E_Salinas_Grande_Mar_Chiquita,84,2.2542784567259595,0.8531507834830757,0.8715275561117148,0.7140152613604661,0.7430924133649828
kalman_ar1,1,E_South_Interior_Africa,84,2.3264809700220663,0.9109527352918256,0.9385758166935723,0.8276731541435747,0.8784399438885715
kalman_ar1,1,E_Syr_Darya,84,1.4255645755307014,0.7700124500867985,0.937308720937364,0.584447181990204,0.8747422547415188
kalman_ar1,1,E_Tarim_He_Lop_Nur,84,0.9940303691151496,0.7005574210147933,0.8776821366434352,0.4580393908566457,0.7535171332074228
kalman_ar1,1,E_Turpan_Pendi,84,2.07178368391916,0.5561207130059107,0.830399988858453,0.1881658241618206,0.6346336414718277
kalman_ar1,1,E_Upper_Lake_Chad,84,1.5805357795108474,0.7168817761485307,0.8399541679861503,0.35157298665917947,0.6074728234012405
kalman_ar1,1,R_Amazon_River,84,2.1570598655671485,0.9409171719436734,0.9914228615996891,0.8785436951503178,0.9816338104098009
kalman_ar1,1,R_Amur_River,84,1.5532524332541895,0.8436360356054527,0.7069099624998791,0.7021035314293922,0.42937036756590696
kalman_ar1,1,R_Colorado_River_Argentina,84,3.0544829137831093,0.46335843718794784,0.6036792217813219,0.1179336559559121,0.2783010800903831
kalman_ar1,1,R_Colorado_River_of_the_West_North_America,84,1.6623945325411427,0.8270981215430833,0.8947041485764496,0.6763993225439664,0.7944875827996649
kalman_ar1,1,R_Columbia_River,84,1.986287120074307,0.4800250183325431,0.977752779853707,0.01221504288901687,0.9487475727876592
kalman_ar1,1,R_Congo_River,84,2.180933862444022,0.8569137459708117,0.9257362007943197,0.7127669913108197,0.8453232622260513
kalman_ar1,1,R_Danube_River,84,2.2098202926409702,0.7230905333082411,0.9378909856532691,0.47876509212674023,0.8680743775069458
kalman_ar1,1,R_Dnieper_River,84,2.809957273977513,0.879475568664707,0.9180390582238942,0.7719807024530266,0.8413466739996802
kalman_ar1,1,R_Don_River,84,2.832227215924781,0.8933441582656422,0.9426000484914194,0.7896948932388204,0.8838959752751393
kalman_ar1,1,R_Ganges_Bramaputra_Basin,84,2.5240434313583013,0.7373989406611478,0.9730187680684447,0.49380493991519225,0.9408898001259334
kalman_ar1,1,R_Indus_River,84,2.83475219671018,0.7293701120086851,0.913322841458445,0.44455497319336335,0.8055998093007871
kalman_ar1,1,R_Lena_River,84,1.4213204012821348,0.6726807536538829,0.9299710709735306,0.44372485933195605,0.8645268949905393
kalman_ar1,1,R_Limpopo_River,84,3.128637617759174,0.9004788694636037,0.9312804784450552,0.7736471308111557,0.8369440620101591
kalman_ar1,1,R_Mackenzie_River,84,1.5680696270758077,0.9632296286049518,0.9749299272291354,0.91611811269975,0.9462318339153342
kalman_ar1,1,R_Magdalena_River,84,3.407539465371262,0.7769966449767058,0.8769831988142074,0.6028197866632883,0.7541643697186282
kalman_ar1,1,R_Mekong_River,84,3.087629320951549,0.8900780345767141,0.9737428022572566,0.785771852285504,0.947433786518599
kalman_ar1,1,R_Mississippi_River,84,1.443617993765074,0.9543735843629046,0.9761451156037033,0.8966871744989985,0.9434289909291613
kalman_ar1,1,R_Murray_Darling_River,84,2.1910625578137193,0.8796080158102957,0.8759685066340812,0.7726226051430398,0.7651961192067156
kalman_ar1,1,R_Niger_River,84,2.019605447856557,0.6181149024059703,0.9709999944159567,0.1940526147997711,0.9238398696865096
kalman_ar1,1,R_Nile_River,84,2.319063885727878,0.6768493686510926,0.9196372887757299,0.3567820854428404,0.8235319450996594
kalman_ar1,1,R_Ob_River,84,1.5828688498346966,0.8883125721641209,0.9614932265790451,0.7880342688686591,0.9241641660401781
kalman_ar1,1,R_Orange_River,84,1.8425263582991125,0.8503444988176594,0.8640085509339063,0.711003012227732,0.7362305508721265
kalman_ar1,1,R_Orinoco_River,84,2.8895818723152713,0.9044674402559875,0.9826642019884614,0.8129264772836592,0.964911462771051
kalman_ar1,1,R_Parana_River,84,2.2992353768449845,0.8734767740432278,0.9360887190068164,0.7138776484439799,0.8433535045126589
kalman_ar1,1,R_Parnaiba_River,84,3.8712298327303536,0.8378983349572386,0.9531645214662907,0.6536076519247371,0.8932094307850371
kalman_ar1,1,R_Rio_Grande_Rio_Bravo,84,2.4576731435866073,0.6129363192312359,0.8091524474455225,0.2692049489190088,0.5852392875800694
kalman_ar1,1,R_Saint_Lawrence_River,84,2.4121550344070455,0.9557630473457628,0.9444054741172131,0.9098184767843134,0.8868843063335863
kalman_ar1,1,R_Sao_Francisco_River,84,4.598440852024399,0.8584538701604417,0.9184812738366157,0.7143189323838112,0.8303811102986831
kalman_ar1,1,R_Saskatchewan_Nelson_Rivers,84,1.7050758452129926,0.8599886697576876,0.9400262675285853,0.7207255748919734,0.8761868930602874
kalman_ar1,1,R_Senegal_River,84,2.2970138032180074,0.6107980573020713,0.9350918413805309,0.35061318917672635,0.8700619736568105
kalman_ar1,1,R_Shebelli_Juba_Rivers,84,3.0940521581881693,0.7360132852844063,0.7965892004749378,0.5026166314486147,0.604952630282676
kalman_ar1,1,R_Tigris_Euphrates_River,84,2.160202512500294,0.9375858402767736,0.9602862052415357,0.878688566573187,0.920399497398663
kalman_ar1,1,R_Tocantins_River,84,4.363470931860483,0.8160421940027437,0.9675872242302587,0.6635681358867247,0.9357421104034893
kalman_ar1,1,R_Volga_River,84,1.7837285390948503,0.8413166484744595,0.9662066547260033,0.7020268468607749,0.931886562813544
kalman_ar1,1,R_Volta_River,84,2.605327303148502,0.5917930513049096,0.9536022452415189,0.33641877767826345,0.9078745760341531
kalman_ar1,1,R_Yangtze_River,84,2.5951615285829592,0.7729747589823969,0.8207503495716817,0.5466467844937701,0.6561578196375766
kalman_ar1,1,R_Yellow_River_Huang_He,84,1.587060078202143,0.7004931650698469,0.7691450008510309,0.48404464955807613,0.5861995583596288
kalman_ar1,1,R_Yenisey_River,84,1.4333606796197875,0.41660773299160614,0.9378265969586191,0.07420370891400885,0.8708501925559193
kalman_ar1,1,R_Yukon_River,84,1.6638471999328452,0.6112872345128154,0.9517318266059858,0.29160880007105605,0.8942988508815519
kalman_ar1,1,R_Zambezi_River,84,2.4605080590388897,0.9210291791024515,0.9790432680558455,0.845770171881405,0.9578336183899363
kalman_ar1,2,C_Aleutians_South_Alaska_Coast,83,4.296077718373349,0.8319343929559201,0.9609621171312953,0.6897806350865473,0.9194285233558583
kalman_ar1,2,C_Amazon_River_Delta,83,6.148317869874751,0.783661397284411,0.9573048869214503,0.5896626051587781,0.9105778440117148
kalman_ar1,2,C_Angola_Coast,83,4.092344713764402,0.6298972327933297,0.852326440601906,0.3958111726600779,0.7221343517563468
kalman_ar1,2,C_Balkan_Peninsula_and_Adriatic_Coast,83,2.5846532735966843,0.4587724020925407,0.9517017844205712,0.1493576646081144,0.8997080626559104
kalman_ar1,2,C_Banks_Island,83,8.279243629629038,-0.077395557765683,0.41392764343504423,-0.08110128218243884,0.13062534928995428
kalman_ar1,2,C_Beaufort_Sea_Coast,83,2.0957513511692176,-0.17874449881773335,0.8841217497058391,-0.15941752650127095,0.7798308443930982
kalman_ar1,2,C_Bight_of_Benin_Coast,83,4.628541746846727,0.5990165309238097,0.9168335730514835,0.35739902729002837,0.8401811069835837
kalman_ar1,2,C_Bismark_Sea_Islands,83,3.2585355728456467,0.6308924600513549,0.5332642091382462,0.3506085675025715,0.23239409804357303
kalman_ar1,2,C_Borneo,83,3.8106440586264267,0.5589340423681458,0.5864435551316243,0.2851874729684908,0.28415854538437846
kalman_ar1,2,C_Buor_Khaya_Gulf_Coast,83,4.3889193646315405,0.08422065482008645,0.7305329157031408,-0.036407402004206446,0.5282351180639062
kalman_ar1,2,C_California_and_Baja_California,83,2.894767766858204,0.7633763015365712,0.8773944508959458,0.5812573805115566,0.7682706801530687
kalman_ar1,2,C_Canadian_South_Arctic_Ocean_Coast,83,1.7930868823100523,0.31785365160990803,0.8556832843960988,-0.011745881036592687,0.6850858508047151
kalman_ar1,2,C_Capim_River_Delta,83,7.931411891026677,0.6869845661652223,0.9383701531559585,0.4553429406205085,0.8680223261926974
kalman_ar1,2,C_Carribean_Coast,83,3.2181262372642707,0.7695789617247772,0.9334966642816728,0.5911944792017663,0.8641987300372097
kalman_ar1,2,C_Central_America_Gulf_of_Mexico_Caribbean_Coast,83,3.8605316484807357,0.557604250491153,0.8724934499075139,0.2763634008330115,0.7487759945371307
kalman_ar1,2,C_Central_American_Pacific_Coast,83,2.660533876415699,0.4828962308871543,0.9218416878568005,-0.030188479881049002,0.7890154566048455
kalman_ar1,2,C_Chao_Phraya_River_Gulf_of_Thailand_Coast,83,5.4047894774829865,0.6997105601701298,0.9281081822962705,0.46233430338301384,0.8541256467638232
kalman_ar1,2,C_Chukchi_Peninsula,83,4.495930393381643,0.23393369070542092,0.7882097554508704,0.0508291526830188,0.6189428403229886
kalman_ar1,2,C_Churchill_Seal_Rivers,83,2.6437331132845348,0.8357031960765628,0.8916458600044211,0.6809514195111381,0.7791449334610518
kalman_ar1,2,C_Columbia_Ecuador_Pacific_Coast,83,1.9559117612400012,0.2336693647155348,0.712922276716372,0.05433990915172904,0.5080298881988234
kalman_ar1,2,C_Crimea_West_Azov_Sea_Coast,83,6.731565323043917,0.5770186775942603,0.748804606466166,0.3257750148318319,0.5501853878451526
kalman_ar1,2,C_Cuba,83,2.711484866616306,-0.1335129023429095,0.7620383125873249,-0.18796689528428567,0.5177896101603335
kalman_ar1,2,C_Deccan_Plateau_East_Indian_Subcontinent_Coast,83,4.055909652352539,0.5312540126567548,0.955866830804956,0.06819004754785207,0.8971044394270378
kalman_ar1,2,C_Denmark_Germany_Coast,83,7.581896311357948,0.24554541217786738,0.4363272931027986,0.04983928232660417,0.185105438071967
kalman_ar1,2,C_East_Australia_Coast,83,3.1753927740302452,0.5355328004242642,0.46850165663311444,0.23780982842660925,0.10629808485887382
kalman_ar1,2,C_East_Azov_Sea_Northeast_Black_Sea_Coast,83,8.851308575645659,0.5347982819866549,0.6753916033027902,0.28519225346492516,0.4531794542309364
kalman_ar1,2,C_East_Barents_Sea_Coast,83,3.0297890975279245,0.5965612793516749,0.9169181655993587,0.3131704256125931,0.831374881063535
kalman_ar1,2,C_East_Beaufort_Sea_Amundsen_Gulf_Coast,83,3.0217692201095963,0.0469999115254216,0.7002676965787492,-0.05991255052208766,0.4408766607021043
kalman_ar1,2,C_East_Brazil_South_Atlantic_Coast,83,3.943580860572051,0.46433137716188927,0.8344848433884614,0.02566193556098728,0.6418381858034478
kalman_ar1,2,C_East_Caspian_Sea_Coast,83,2.5668113529147476,0.7003837835817456,0.910363782120643,0.4331790012235276,0.8043865091046771
kalman_ar1,2,C_East_Central_Africa_Coast,83,4.402494210125655,0.5960207073850795,0.9256194626137842,0.07174952539759227,0.7899782920050932
kalman_ar1,2,C_East_China_Coast,83,5.0348218027256095,0.506366015495279,0.7425890204816675,0.1505081356645085,0.48585702389467866
kalman_ar1,2,C_East_Hudson_Bay_Coast,83,3.166154871817709,0.4333477314065693,0.7125655367189706,0.11320887672436664,0.4697064679840631
kalman_ar1,2,C_East_Mediterranean_Coast,83,3.335099395494772,0.5504399817581924,0.89596293371987,0.22669857840831087,0.7841804620987746
kalman_ar1,2,C_East_Mississippi_Delta,83,4.648616056612086,0.6682947844584152,0.8857290712083377,0.4294460399817721,0.7550950154790022
kalman_ar1,2,C_East_Nile_Delta,83,2.64352733391026,0.16965483806856588,0.5079834003135228,-0.23675592150638192,0.06356047882021942
kalman_ar1,2,C_East_Ob_Bay_Coast,83,3.1235125917873123,0.5323813105812758,0.9103662482449651,0.26424128842263195,0.8162807265312897
kalman_ar1,2,C_East_Red_Sea_North_Gulf_of_Aden_Coast,83,1.7354251047257634,0.18873023440711825,0.5994249250234438,-0.022773496114324887,0.30910147214697326
kalman_ar1,2,C_East_Timor_Islands,83,3.5765906238797647,-0.14630506850650224,0.2913134848999668,-0.0669191253191126,0.08128666980439725
kalman_ar1,2,C_Ellef_Ringnes_Bathurst_Devon_Islands,83,2.905949979522126,0.47628639861658467,0.7047154067745387,0.1213476491088249,0.3773093836650786
kalman_ar1,2,C_Ellesmere_Island,83,5.006096474805485,0.6964029237534876,0.9578210817372496,0.41121459843476216,0.900291336126233
kalman_ar1,2,C_Great_Britain,83,3.257804769441726,-0.011093518281604996,0.5309976664487981,-0.2025018984580771,0.15913631607028
kalman_ar1,2,C_Greater_Dniester_Basin,83,3.8568775088618965,0.5060575353572084,0.8616493155043401,0.08547638295009918,0.6905110397427887
kalman_ar1,2,C_Gulf_of_Darien_Coast,83,3.5803252012184617,0.5418201958459732,0.8662150066978049,0.28352066636103457,0.721549683581528
kalman_ar1,2,C_Gulf_of_Guinea_Coast,83,3.416755621669437,0.6294764089688674,0.8068547649509629,0.3885074603836054,0.6414849422100084
kalman_ar1,2,C_Gydan_Bay_Coast,83,4.485503044434278,0.1764225553077484,0.8508379674460707,-0.02974253421251949,0.7143130420069592
kalman_ar1,2,C_Hainan,83,5.431849325925356,0.1286220807526341,0.7841989090868886,-0.011646264340204882,0.6140787646959756
kalman_ar1,2,C_Halmahera_Islands,83,3.00064025699787,0.3641657044182928,0.3616777116310288,0.11525607382612635,0.10164984595572746
kalman_ar1,2,C_Hispaniola,83,2.1070100727172165,-0.13376915846986423,0.5525340391111726,-0.20948236085218563,0.16415420203340936
kalman_ar1,2,C_Hokkaido,83,4.075594644493576,0.08897791193333342,0.6671636937578914,-0.018951414615017592,0.4360486063311223
kalman_ar1,2,C_Hub_Porali_Basin,83,3.893561187861317,0.5122224952629538,0.6468861158212251,0.15124363058594192,0.33143184083445076
kalman_ar1,2,C_Iberian_Atlantic_Coast,83,3.319431966055079,0.4692003908577667,0.8687029873882052,0.20665783060116505,0.7482618100613261
kalman_ar1,2,C_Iceland,83,9.78750808820912,0.37449191206684285,0.8398583839489904,0.09583096178669936,0.7036576491696246
kalman_ar1,2,C_India_West_Coast,83,4.3879903032050525,0.25799641033805987,0.9508516386885215,-0.3498551186411143,0.8813063767713665
kalman_ar1,2,C_Indian_Ocean_Africa_Coast,83,4.020469781180685,0.6972434932999071,0.8629827197932036,0.38362034021140246,0.690055042573378
kalman_ar1,2,C_Ireland,83,2.3124237558391676,0.03393675795227958,0.618348943933067,-0.056344000422818175,0.3291988430848316
kalman_ar1,2,C_Irrawaddy_Sittang_Salween_Basin,83,3.377993892363545,0.6805456870709568,0.9666737342952848,0.4222244348143728,0.9342933061562927
kalman_ar1,2,C_Jamaica,83,2.99102145290727,0.043618009061891,0.11562183459538113,-0.00725175846244186,-0.013024007392525183
kalman_ar1,2,C_Japan,83,3.7157010075766217,0.1937280895694309,0.3765005103569131,-0.20599923742725768,-0.29338234320286327
kalman_ar1,2,C_Java,83,3.2519408652061657,0.6132305300845214,0.7634932203727022,0.3410538172291492,0.5816717212840773
kalman_ar1,2,C_Kamchatka_Peninsula,83,3.524918438785514,0.1597456567888844,0.933466354029296,-0.05267019516128446,0.868895147485834
kalman_ar1,2,C_La_Plata_Delta,83,5.6618136917415836,0.6678188596049502,0.6845266404494538,0.42926082413442923,0.44782762374880825
kalman_ar1,2,C_Labrador_Sea_Coast,83,3.9120150299352217,0.5364248510430148,0.831377398576786,0.24110597675735435,0.6644081946230576
kalman_ar1,2,C_Madagascar,83,3.6690550818188084,0.5186844307065558,0.897849455316311,0.23842467591403582,0.8013573387577098
kalman_ar1,2,C_Malaysian_Peninsula_Coast,83,4.357386890981093,0.48584675639931124,0.7114278429728182,0.1956566116219357,0.4760783778456569
kalman_ar1,2,C_Maluku,83,4.271447633786356,0.10434454774318196,0.13457536854455354,-0.07137285479064226,-0.08831153024691996
kalman_ar1,2,C_Melville_Prince_Patrick_Islands,83,6.49991536798627,0.7190450017718591,0.858789068528412,0.4177307619575118,0.680374928984988
kalman_ar1,2,C_Namibia_Coast,83,2.5455084490676185,0.22663579868547332,0.22488200108118497,-0.14161950479346785,-0.233791747530548
kalman_ar1,2,C_Neva_River_Finland_Coast,83,2.752860694363722,0.4470015512482796,0.8410306582860007,0.11269322964503148,0.6831817361547934
kalman_ar1,2,C_New_Brunswick_and_Nova_Scotia_Coast,83,4.973497268966291,0.12616859842305186,0.7898569785746523,-0.10694001556034127,0.5700345117442034
kalman_ar1,2,C_New_Siberian_Islands,83,50.65832107708211,-0.02505416693448726,0.24026073050147062,-0.045854334476939096,0.04279963259573638
kalman_ar1,2,C_New_Zealand_North_Island,83,2.2588272869106074,0.34905929847770073,0.7665014255041734,0.06574501761217588,0.5620207119996365
kalman_ar1,2,C_New_Zealand_South_Island,83,2.505475453198417,0.08252190742402214,0.7114661331841063,-0.007175403058365726,0.4905414302625344
kalman_ar1,2,C_Nigerian_Delta,83,5.9206622650563645,0.08185369755046928,0.9407682693683922,0.002663509041924139,0.8777267615964592
kalman_ar1,2,C_North_Argentina_South_Atlantic_Coast,83,4.102407897646936,0.6630016616491358,0.6836610867178616,0.4130367447364719,0.4174728804501675
kalman_ar1,2,C_North_Australia_Coast,83,4.08384562670161,0.8191467522171666,0.9360339277774049,0.6265967801862793,0.8608449235333095
kalman_ar1,2,C_North_Baffin_Island_Coast,83,5.672022598320452,0.6402461325764247,0.8248513320163362,0.3592983653714047,0.5764370028904597
kalman_ar1,2,C_North_Brazil_South_Atlantic_Coast,83,7.841044395695685,0.590789670825478,0.9332358040929476,0.250048782149045,0.8539733738378512
kalman_ar1,2,C_North_Caspian_Sea_Coast,83,2.389737730514307,0.550807950514632,0.8374166279854152,0.27642066081377803,0.6607371661177257
kalman_ar1,2,C_North_Chile_South_Pacific_Coast,83,2.6156265131625824,0.590044038201283,0.8323968511564042,0.33717712142002665,0.6875440797045641
kalman_ar1,2,C_North_East_Bay_of_Bengal_Coast,83,3.082646753669144,0.5522547500766036,0.9834544165481541,0.25467848234081003,0.9665110472866136
kalman_ar1,2,C_North_East_Siberian_Sea_Coast,83,1.6272857890966017,0.6762619999160195,0.9017004262651693,0.45274722977887694,0.7926615937931669
kalman_ar1,2,C_North_Gulf_of_Oman_Coast,83,3.0655699154333815,0.6881489935730688,0.7961634149158457,0.4441557653727497,0.6198096010371156
kalman_ar1,2,C_North_Korea_Bay_Korean_Peninsula,83,2.7181797858633487,0.7085722106912067,0.7791246440197097,0.3296461661296327,0.4685369519228777
kalman_ar1,2,C_North_Siberia_Coast,83,1.7890629354828604,0.3288641761136478,0.9262018169220343,0.05999801372689462,0.8568945267752541
kalman_ar1,2,C_North_St_Lawrence_Seaway_Coast,83,3.5831304551958216,0.4319334756552303,0.8196339729987718,-0.14873582408278474,0.517201301851264
kalman_ar1,2,C_North_Vietnam_South_China_Coast,83,4.078974059902144,0.5277141675207581,0.7956528595185017,0.18081475684501858,0.5939549071983544
kalman_ar1,2,C_North_West_Africa_Coast,83,1.3936694263292855,0.06755167234355658,0.389237790789162,-0.22345769335358545,-0.20807696624319894
kalman_ar1,2,C_Northeast_South_America_Coast,83,7.310619393126063,0.8741174604209663,0.8788778603831269,0.7455872681924485,0.7702203672639616
kalman_ar1,2,C_Northwest_Hudson_Bay_Coast,83,2.6311855392691914,0.6391519821690819,0.8041366635342296,0.3873351793516492,0.6376447912458418
kalman_ar1,2,C_Northwest_Mediterranean_Coast,83,2.785155066299619,0.6144274962699168,0.8598596636249668,0.32363999816960953,0.718630008610837
kalman_ar1,2,C_Norway_Coast,83,3.560083127636656,0.4079634293912742,0.8361765571985268,0.14777834727757233,0.6861813324039729
kalman_ar1,2,C_Novaya_Zemlya,83,19.780241887144367,0.44917131561240486,0.9366753124206367,-0.05023895068613715,0.8456902009350808
kalman_ar1,2,C_Nusa_Tenggara,83,3.7415617222164186,-0.07049121283262838,0.21989406884945836,-0.09937604408309464,-0.025153215754618596
kalman_ar1,2,C_Olenyok_Delta,83,9.297088578984967,0.1896413956842901,0.4427551800546281,0.01080953181588995,0.17518666595629817
kalman_ar1,2,C_Oregon_Coast,83,3.003570852145061,0.353475779887596,0.9357954573409148,0.011953565589983506,0.8504568648385427
kalman_ar1,2,C_Papua_New_Guinea_Island,83,2.146884928090757,0.513174472549935,0.6274258880356011,0.2604868348393149,0.3704553060068817
kalman_ar1,2,C_Patagonia,83,3.9088367604643866,0.18210738920441136,0.6145722606612082,0.011247607300418183,0.33453544452105943
kalman_ar1,2,C_Peru_Pacific_Coast,83,1.5637961749636529,0.23043205879704898,0.8584924980675998,-0.013156377963416954,0.7344390516319079
kalman_ar1,2,C_Philippines,83,2.9135580183493963,0.5912433947388526,0.6719551590095779,0.34134975806661516,0.44985957295950607
kalman_ar1,2,C_Po_River_and_East_Italy_Coast,83,3.663089448401407,0.5274389883548054,0.8520465178681231,0.21322233266117185,0.7004677012384325
kalman_ar1,2,C_Prince_of_Wales_Island,83,3.51286428994978,0.06011640920981096,0.32798578139120144,-0.1445672442266719,-0.047373265698104516
kalman_ar1,2,C_Puerto_Rico,83,1.9918666732688102,-0.044632666779804264,0.535769681973084,-0.10886521724290166,0.2352602004821287
kalman_ar1,2,C_Sakhalin_Island,83,8.779726034461547,-0.08162133323641393,0.1681270470230691,-0.12159950698639888,-0.2101899450404041
kalman_ar1,2,C_Sardinia_and_Corsica,83,8.758871865901414,0.20817790998709185,0.3857798175055138,0.01677375879823695,0.12924025897587432
kalman_ar1,2,C_Severnaya_Zemlya,83,26.896227498092983,0.4480006506815197,0.8660040885547347,-0.17770606130968525,0.6642883523471375
kalman_ar1,2,C_Seward_Peninsula_Alaskan_North_Slope,83,2.4909394692790365,0.5184459998868626,0.7964473636632543,0.21425520810619125,0.6042993396105887
kalman_ar1,2,C_Shelikhov_Gulf_Sea_of_Okhotsk_Coast,83,4.841301632501046,0.32934475371559685,0.8185929340232829,0.014121953724467229,0.6279080245848061
kalman_ar1,2,C_Sicily,83,4.6186421526078805,-0.054529518147548264,0.0858972674642827,-0.06264608200030075,-0.0885819563458421
kalman_ar1,2,C_Solomon_Islands,83,8.677280969534689,0.3754322651517539,0.20960785918071786,0.1345840989220527,-0.028934692102899673
kalman_ar1,2,C_Somerset_Island,83,3.343285190134005,0.16154737549946332,0.6808038972530351,-0.1631907656869065,0.3819870921824191
kalman_ar1,2,C_South_Africa_South_Coast,83,1.94462162632161,0.7698225691290024,0.8227344581838781,0.5244382985442888,0.6263599689052782
kalman_ar1,2,C_South_Africa_West_Coast,83,2.046364116043331,0.03601849219655753,0.48537945555703077,-0.04062737190232757,0.22351635394803715
kalman_ar1,2,C_South_Alaska_Coast_Frazer_River,83,6.3441507926742355,0.6237436846738666,0.9449525830672777,0.2845005028106139,0.8863510463481831
kalman_ar1,2,C_South_Amapa_Coast,83,7.15733293387112,0.7914908490050563,0.9410707959347755,0.5480581389317387,0.8836027191489838
kalman_ar1,2,C_South_Australia_Coast,83,1.2783355886790586,0.43561185063853725,0.7859741220399643,0.15715499345762818,0.6135814672682288
kalman_ar1,2,C_South_Baffin_Island_Coast,83,4.915632736399479,0.20071526250359842,0.6593160387242964,-0.07529817962561625,0.3034262816736657
kalman_ar1,2,C_South_Baltic_Coast,83,2.945242727719356,0.3616317393675331,0.7988617604858952,0.06703008277191624,0.6354305702104527
kalman_ar1,2,C_South_Black_Sea_Coast,83,5.261092806803924,0.43423929041815723,0.815083969635447,0.12570980830464162,0.6411630831882643
kalman_ar1,2,C_South_Chile_South_Pacific_Coast,83,6.163048567492462,0.2872786435879823,0.9454208332832917,-0.523001567092874,0.8432130613899607
kalman_ar1,2,C_South_East_Brazil_Coast,83,4.990505481065634,0.6771725988536322,0.8166263939300096,0.33580317353547495,0.5907355035803699
kalman_ar1,2,C_South_East_Russia_Coast,83,2.8608276759014477,0.35484137758156614,0.2030992050890386,0.0484049868280646,-0.3849352294317947
kalman_ar1,2,C_South_Gulf_of_Aden_Coast,83,2.5949748100169527,0.4689189695238495,0.33862414897186593,0.20617102533478437,0.09583269578790254
kalman_ar1,2,C_South_Gulf_of_Oman_West_Arabian_Sea_Coast,83,1.7546201991713422,0.4432255446335585,0.5752234805692779,-0.052333403193300265,0.14942638758382154
kalman_ar1,2,C_South_Hudson_Strait_Ungava_Bay_Coast,83,4.0574089906700666,0.15572459541440123,0.7704107733755557,-0.1329519866379043,0.5461483955991195
kalman_ar1,2,C_South_Mediterranean_Coast,83,1.3849295976110496,0.08529524256625631,0.36330390315921857,-0.0946361162282705,0.027436196023422288
kalman_ar1,2,C_South_Zambezia_Coast,83,4.063117056235703,0.304577310613229,0.8565580915664665,-0.012031394631037973,0.7081023676833588
kalman_ar1,2,C_Southhampton_Coats_Islands,83,4.084168804102371,-0.1951784289493737,0.4515107584104808,-0.08441699636710309,0.19562425639663228
kalman_ar1,2,C_Southwest_Hudson_Bay_Coast,83,2.299958933427827,0.5213671177753287,0.8880758024588732,0.2536438148691852,0.7702599153408931
kalman_ar1,2,C_Southwest_Mediterranean_Coast,83,2.1272324962941127,0.3323495697722922,0.6876492259116654,0.020796308048285028,0.3191618668425067
kalman_ar1,2,C_Sri_Lanka,83,1.9867120826190559,0.39925657937829656,0.9169661088297413,-0.020820286564610768,0.8061508083853469
kalman_ar1,2,C_Sulawesi,83,2.5851146071234883,0.6619917538511138,0.639805483895225,0.4352443390226014,0.40595678067984775
kalman_ar1,2,C_Sumatra,83,3.048340537585748,0.44685219394984776,0.6853620852145649,0.11554049978086411,0.3889700870819236
kalman_ar1,2,C_Svalbard,83,23.66708601974039,0.6712554662765405,0.9703969287384695,0.26226484130944583,0.9247753841696125
kalman_ar1,2,C_Sweden_Coast,83,3.9096463334119407,0.028015872630607938,0.7222652339116848,-0.13356824433310455,0.5211635647091722
kalman_ar1,2,C_Taiwan,83,2.151106942188376,0.16904652823410615,0.6259014578598393,-0.03520712146085647,0.3742760340890552
kalman_ar1,2,C_Tasmania,83,2.805091258336248,0.3399793190730692,0.7656349866002015,0.09043108030914426,0.5733853611510171
kalman_ar1,2,C_Texas_Gulf_Coast,83,3.519727925182385,0.6382130188408127,0.7537230257063152,0.34037803256022126,0.5528990056945111
kalman_ar1,2,C_Thar_Desert_Sabarmati_River_Gulf_of_Cambay_Luni_Delta,83,4.796252490687433,0.6682013528643987,0.7819573679793318,0.440446842150805,0.6079387359299415
kalman_ar1,2,C_US_East_Gulf_of_Mexico_North_Atlantic_Coast,83,3.93625033265259,0.729582143679984,0.7295410281146516,0.5316643301537273,0.5296710240460651
kalman_ar1,2,C_US_North_Atlantic_Coast,83,3.0827055361302094,0.24737464290514843,0.8288712837918959,-0.04168437483752463,0.6734816869289654
kalman_ar1,2,C_Uda_Basin,83,3.776579646268662,0.018475213611019805,0.4825335438102468,-0.1058204042490154,0.14743873761454696
kalman_ar1,2,C_Uruguay_South_Brazil_Coast,83,4.868224729554913,0.6025541717417873,0.6753568842304158,0.3212617924865848,0.4227891035879979
kalman_ar1,2,C_Victoria_Island,83,2.7225719491646214,0.16962929752432024,0.7296280726473701,-0.11001591358137208,0.4964722431878965
kalman_ar1,2,C_Vietnam_Coast,83,3.4299909898096286,0.6361516354351632,0.9663248280800059,0.378836531174195,0.9304412599205139
kalman_ar1,2,C_West_Africa_Coast,83,2.2311538007712763,0.37383621525219685,0.982089440513559,0.08884254854326634,0.9598312805929644
kalman_ar1,2,C_West_Australia_Coast,83,1.9578439709242337,0.258579220247904,0.48526654683649606,-0.09022155229242501,0.13927440346846842
kalman_ar1,2,C_West_Barents_Sea_Coast,83,3.2503435202275646,0.18140872285229176,0.8705467521972494,0.0117162392703688,0.730742977985651
kalman_ar1,2,C_West_Black_Sea_Coast,83,5.403256268746867,0.4646164762967047,0.7976682808467247,0.18694264828816343,0.6239250563953693
kalman_ar1,2,C_West_Caspian_Sea_Coast,83,3.8465902942805044,0.44978236005689004,0.8511692996550086,0.17641989212637,0.6972711632008262
kalman_ar1,2,C_West_Continental_Europe,83,2.628789269683231,0.7261517511117518,0.8886307482559976,0.5140954613272963,0.7856980026256334
kalman_ar1,2,C_West_Italy_Coast,83,2.8624743857933304,0.0192513749179282,0.8656537387999513,-0.24251281796560442,0.7322812957940724
kalman_ar1,2,C_West_Mississippi_Delta,83,4.768747574450391,0.6302434831486547,0.8643447924921283,0.38226484561225715,0.7122741193589792
kalman_ar1,2,C_West_Nile_Delta,83,2.130333658875067,0.19773869201825087,0.5137759428338952,-0.2127991263990776,0.07209670017438852
kalman_ar1,2,C_West_Red_Sea_Coast,83,2.1510967139374992,0.38352755578758874,0.6425582606707695,0.11098312898414275,0.3629984785568352
kalman_ar1,2,C_Yamal_Peninsula,83,3.8407882350434983,-0.012230311041129349,0.8093134721211919,-0.14615096498559632,0.625447369699279
kalman_ar1,2,C_Yellow_Sea_Coast,83,4.251704623116974,0.8018093837621917,0.762996443183069,0.5324309109324136,0.5038987217938813
kalman_ar1,2,C_Yenisey_Gulf_Coast,83,4.090653724436287,0.08499539324155166,0.8597735704920852,-0.01610446052862713,0.7384302901546662
kalman_ar1,2,C_Ziya_He_Interior_Coast,83,4.573376206886097,0.8640812990996702,0.8693769880084637,0.6422213495386047,0.6551937856861103
kalman_ar1,2,E_Altai_Mountains,83,1.3554588490582817,0.23524913471645428,0.27583435116130894,-0.020343173978109474,-0.04211697138808845
kalman_ar1,2,E_Amu_Darya,83,2.662706845145557,0.5776459709042655,0.9113912133756368,0.17139618163400072,0.7816689167671642
kalman_ar1,2,E_Australia_Northwest_Plateau,83,4.031986155759002,0.7969894658442948,0.8516231984753841,0.5955233093746675,0.6924048005904875
kalman_ar1,2,E_Badain_Jaran_Desert,83,1.1651893299850007,0.2791435171687643,0.5686460802351613,0.06557871820071148,0.31458118053634365
kalman_ar1,2,E_Central_Iran,83,2.6381667041865735,0.6691673001529559,0.8703528245046677,0.4275017007377797,0.7481979044341971
kalman_ar1,2,E_Central_Mongolia,83,2.2670451219427474,0.4194818256309781,0.4674758078311125,0.11811506925607929,0.15633982710019267
kalman_ar1,2,E_Dayan_Khyargas_Uvs_Nuur_Basins,83,1.5218340259351149,0.5565617132129117,0.6316294219363778,0.29909858324909067,0.37595867278387385
kalman_ar1,2,E_East_Gobi_Desert,83,1.7206186629515456,0.7003936403263432,0.6697001248370709,0.3906859687962101,0.3502929008234893
kalman_ar1,2,E_Egyptian_Western_Desert,83,1.4904015965395039,0.3365316416750774,0.543230845182759,-0.12337669174362853,0.028100426039332493
kalman_ar1,2,E_Farahrud_Helmand_Hamun_i_Mashkel,83,2.7962738920317776,0.4143008961826935,0.7773412177851868,0.05379446439034208,0.5600769018690493
kalman_ar1,2,E_Great_Basin_Great_Salt_Lake,83,2.7920018550975922,0.852356797318573,0.898970424011127,0.719816015222213,0.8018230231474888
kalman_ar1,2,E_Great_Victoria_Desert,83,1.6662719875984955,0.4896495928960398,0.3568169725027482,0.19997222250174762,0.007957099244954247
kalman_ar1,2,E_Jordan_Northwest_Saudi_Arabia,83,3.256962641141894,0.1684356418872852,0.7313766843096045,-0.0923992973811989,0.4705744892812057
kalman_ar1,2,E_Junggar_Pendi,83,2.172030808968462,0.6128740637032957,0.8448073848971784,0.2233392154494619,0.6215266719398338
kalman_ar1,2,E_La_Puna_Altiplano,83,2.1584244457441195,0.49528681394501306,0.7582063577084406,0.20019806652156213,0.5501742968787149
kalman_ar1,2,E_Lake_Eyre_Basin,83,2.257123563393397,0.7681156176251756,0.7297572852345229,0.5836727660591485,0.5271899149903552
kalman_ar1,2,E_Lake_Rukwa_Basin,83,10.267231834467868,0.5976525074267759,0.8747823186381057,0.18852961415215708,0.72076577146448
kalman_ar1,2,E_Lakes_Balkash_Alakol,83,2.120980216980569,0.5526292382196587,0.8815766101578262,0.1923581362319936,0.7552973178795227
kalman_ar1,2,E_Libyian_Desert,83,1.0082761038200048,0.1592462914460453,0.5697076348452823,0.009826652440059314,0.31526339060574793
kalman_ar1,2,E_Lower_Lake_Chad,83,4.469743147006555,0.7253510788802947,0.9538449274576695,0.1720499186251837,0.8551571396707375
kalman_ar1,2,E_North_Central_Arabia,83,2.019262238022548,0.2665250159946509,0.710225636854457,0.058689704590796254,0.5020560794898595
kalman_ar1,2,E_North_Plateau_of_Tibet,83,2.5700160563137646,0.5702540848294828,0.4956527153126154,0.29259699324420085,0.18933553324412833
kalman_ar1,2,E_Northern_Kordofan,83,2.509250626862457,0.5134955995167003,0.6701542919717454,0.11331623191077167,0.33160496975139353
kalman_ar1,2,E_Plateau_of_Tibet,83,1.6706154101603603,0.498648786781757,0.6998058588154168,0.22575580848194954,0.4786805535058919
kalman_ar1,2,E_Qinghai_Lake,83,1.9001673854888526,0.7913120602218463,0.545397727099697,0.6115493920531365,0.21971764660249704
kalman_ar1,2,E_Rift_Valley,83,4.335590524306381,0.6403826128196637,0.6394188491130695,0.24853302684809764,0.037743054917547036
kalman_ar1,2,E_Rub_al_Khali_Desert,83,1.472853873931132,0.2591044561574271,0.5054645463652195,0.0210694083627605,0.22660285594474994
kalman_ar1,2,E_Sahara,83,0.7926121511520537,-0.0605993060218876,0.24515450032263655,-0.08045249915453523,-0.015401919517871177
kalman_ar1,2,E_Saharan_and_Algerian_Atlas,83,1.4124934707483456,0.30859867142801434,0.8830717013709556,-0.30782616692554843,0.6466426962422958
kalman_ar1,2,E_Salinas_Grande_Mar_Chiquita,83,2.542102219196577,0.8130466829788774,0.8355594486110154,0.6269257310038816,0.6565517155199332
kalman_ar1,2,E_South_Interior_Africa,83,3.3345642450668436,0.8063117414611967,0.8713990387071413,0.6384180908995913,0.7491842510192799
kalman_ar1,2,E_Syr_Darya,83,1.7618582216594607,0.6340516301035735,0.9060222494537603,0.36952452798369406,0.8107053319492792
kalman_ar1,2,E_Tarim_He_Lop_Nur,83,1.117560017994511,0.6333158434938306,0.8520762016288385,0.3265967140556876,0.6868910946231351
kalman_ar1,2,E_Turpan_Pendi,83,2.2609577249338,0.5053424462763212,0.8131201419755396,0.026024072032934553,0.554514863845215
kalman_ar1,2,E_Upper_Lake_Chad,83,1.836690895983913,0.613682078589424,0.7854770687431644,0.10285778440347182,0.4488607977635112
kalman_ar1,2,R_Amazon_River,83,3.365559033691153,0.8508914942911346,0.9800894480988581,0.705260032701492,0.9556746871123702
kalman_ar1,2,R_Amur_River,83,2.226351900047197,0.6615284284187245,0.3681115788585785,0.4000026698415744,-0.23409531853648224
kalman_ar1,2,R_Colorado_River_Argentina,83,3.3690850726495003,0.3162751325429718,0.51223893765221,-0.07948093284359858,0.07902434267762559
kalman_ar1,2,R_Colorado_River_of_the_West_North_America,83,2.036310818448074,0.73542392437039,0.841819182211662,0.5179653227189696,0.6923376955936127
kalman_ar1,2,R_Columbia_River,83,2.37159482539214,0.32835182307862204,0.9752820786372729,-0.4135417943127071,0.9277906515803948
kalman_ar1,2,R_Congo_River,83,3.107115111815691,0.703238101869254,0.8436125221676748,0.41049846929348044,0.6649463342264913
kalman_ar1,2,R_Danube_River,83,2.709781108384993,0.581072178453295,0.9121675173330682,0.22839509972922323,0.8039797826931722
kalman_ar1,2,R_Dnieper_River,83,3.2813528972889934,0.8335093330502596,0.8875677961941656,0.6915960852591407,0.7852224442928676
kalman_ar1,2,R_Don_River,83,3.2538281975811385,0.8631010240766677,0.9271610731758884,0.7233291117782636,0.8477105700287142
kalman_ar1,2,R_Ganges_Bramaputra_Basin,83,3.222788526271867,0.562569539455386,0.9598988440033167,0.17394603942190734,0.9045290019916777
kalman_ar1,2,R_Indus_River,83,3.6878207245081502,0.5878251967728706,0.8710465355331023,0.0958690109235969,0.6701067052852424
kalman_ar1,2,R_Lena_River,83,1.7184191783185678,0.4758413361063884,0.8962423974162321,0.179710221335035,0.8019076018035083
kalman_ar1,2,R_Limpopo_River,83,4.399243683997838,0.8247267946879661,0.8875676789316872,0.5491030953899205,0.6745151934146096
kalman_ar1,2,R_Mackenzie_River,83,2.2417707294262534,0.9352515687770336,0.9504800122313892,0.8353005443131818,0.8913399367745198
kalman_ar1,2,R_Magdalena_River,83,4.219178015746184,0.6351097024896885,0.8241675862140165,0.3964249689147189,0.6275815026190561
kalman_ar1,2,R_Mekong_River,83,4.2755492489900035,0.7769296325937319,0.9496443315639116,0.5882243423076818,0.9000877465993734
kalman_ar1,2,R_Mississippi_River,83,2.0700333236790094,0.9127790718830704,0.9572852155937787,0.7791461825573458,0.8821487666259431
kalman_ar1,2,R_Murray_Darling_River,83,2.9826418243834265,0.7648507988309866,0.7603039187883613,0.5786703001533235,0.56573344011941
kalman_ar1,2,R_Niger_River,83,2.5462527054476394,0.3998100504598038,0.959800423236829,-0.32702730598674545,0.8782114270885365
kalman_ar1,2,R_Nile_River,83,3.0750329439082837,0.4370616226775805,0.8696791920742967,-0.20140684029910805,0.676389109698994
kalman_ar1,2,R_Ob_River,83,2.0741850248443705,0.804779146693517,0.9336274291494692,0.6448468993408476,0.8712074544884307
kalman_ar1,2,R_Orange_River,83,2.5717462136939906,0.6908281758723548,0.7175281176516952,0.440857023791288,0.4815042547189925
kalman_ar1,2,R_Orinoco_River,83,4.228887111794641,0.7832760579621876,0.9629071696132387,0.6045530918470543,0.9251086751120607
kalman_ar1,2,R_Parana_River,83,3.585764991204313,0.695405073265613,0.8598219183556979,0.2978653993551036,0.5991828434728541
kalman_ar1,2,R_Parnaiba_River,83,5.285824459930518,0.7244180422692336,0.9233235440306179,0.36005324777586556,0.8008774768176434
kalman_ar1,2,R_Rio_Grande_Rio_Bravo,83,3.285890416902748,0.2892664397611339,0.6797339529329361,-0.27366506610472907,0.2594814433726177
kalman_ar1,2,R_Saint_Lawrence_River,83,3.2760574392286834,0.9198003789109934,0.8983214383320249,0.8327588035024223,0.7897020307181459
kalman_ar1,2,R_Sao_Francisco_River,83,6.409755632770413,0.7214005335153686,0.8454453464500863,0.4405973585147107,0.6687233001942313
kalman_ar1,2,R_Saskatchewan_Nelson_Rivers,83,2.5178595695069705,0.6830846143025143,0.872540446155483,0.3744922556726926,0.7329145863285891
kalman_ar1,2,R_Senegal_River,83,2.5522341686039804,0.4874507430028976,0.9219886144446137,0.1867778344463954,0.8389888235847769
kalman_ar1,2,R_Shebelli_Juba_Rivers,83,3.7463929754764553,0.6175422843888418,0.7036654256925778,0.27528953875696816,0.4145040273173215
kalman_ar1,2,R_Tigris_Euphrates_River,83,2.671610596910625,0.9042717924156568,0.9396688284656006,0.8156826511007232,0.8784066243945768
kalman_ar1,2,R_Tocantins_River,83,5.960678255081529,0.6254390705811063,0.9396470800034777,0.38263000286130877,0.8812947514234053
kalman_ar1,2,R_Volga_River,83,2.468949803870404,0.6673233379502599,0.9358312711214053,0.4231794933706403,0.8702917708202703
kalman_ar1,2,R_Volta_River,83,2.852382760878237,0.4873268447052441,0.9449457121903071,0.20899584919391456,0.8891157817051851
kalman_ar1,2,R_Yangtze_River,83,3.423463027342376,0.535592704054074,0.6632597614413822,0.21112667938772345,0.39676040096989784
kalman_ar1,2,R_Yellow_River_Huang_He,83,1.975069804663731,0.4798955911039214,0.6169609535876235,0.21193088714238972,0.3667277847029271
kalman_ar1,2,R_Yenisey_River,83,1.6679341826532799,0.12435067184545803,0.9192381532809867,-0.3469680732252063,0.8198555972193687
kalman_ar1,2,R_Yukon_River,83,1.9381300143139932,0.4577152781428036,0.9442022209394024,-0.06690058404289712,0.8528385023239322
kalman_ar1,2,R_Zambezi_River,83,3.5677292138848324,0.8279605443286935,0.9563440395601139,0.6753457197714422,0.911955511448223
kalman_ar1,3,C_Aleutians_South_Alaska_Coast,82,4.754116422964743,0.7898469621452315,0.9537227491168732,0.6183852449538588,0.9021372702851427
kalman_ar1,3,C_Amazon_River_Delta,82,7.191205700843631,0.700721910413736,0.942803169669452,0.4478447778300215,0.8791423983751508
kalman_ar1,3,C_Angola_Coast,82,4.191320500243465,0.6236767558999068,0.8471393802044461,0.37550772453783066,0.706075322669321
kalman_ar1,3,C_Balkan_Peninsula_and_Adriatic_Coast,82,2.8367749474010022,0.30856485671130646,0.9431866483709443,-0.012990509654919435,0.8793279848696282
kalman_ar1,3,C_Banks_Island,82,8.317703198282242,-0.04728635706080502,0.4108537180398027,-0.08179711783394783,0.11982578524102716
kalman_ar1,3,C_Beaufort_Sea_Coast,82,2.024002146668808,-0.09231807782422413,0.8929398999670171,-0.08650738900020838,0.7966991676004264
kalman_ar1,3,C_Bight_of_Benin_Coast,82,4.514602652356524,0.6303754902570249,0.9216327301354059,0.395165920823944,0.8492172337080002
kalman_ar1,3,C_Bismark_Sea_Islands,82,3.337958805091901,0.5615841955507318,0.4299022241624002,0.21978272257967768,0.06807870737090516
kalman_ar1,3,C_Borneo,82,4.249635746353511,0.3738234540647117,0.4253289338700703,0.10114214720697867,0.02952498279784288
kalman_ar1,3,C_Buor_Khaya_Gulf_Coast,82,4.316660600178315,0.12573939124225755,0.7372659587544687,-0.018760249314512256,0.5345320567161858
kalman_ar1,3,C_California_and_Baja_California,82,3.1769155490900483,0.7077825155793214,0.8519010445831489,0.4961346775222705,0.7238214233630046
kalman_ar1,3,C_Canadian_South_Arctic_Ocean_Coast,82,1.8860801944367667,0.20324479321662609,0.8403355384515917,-0.12883852959838804,0.6514262409754601
kalman_ar1,3,C_Capim_River_Delta,82,8.909048517662548,0.5918874264898439,0.923433139217446,0.3236492195480827,0.8352273771719082
kalman_ar1,3,C_Carribean_Coast,82,3.6654407198890904,0.6840332687062414,0.9146683230852607,0.46394549711986677,0.8259383892224755
kalman_ar1,3,C_Central_America_Gulf_of_Mexico_Caribbean_Coast,82,3.7294288515146286,0.5506525950491802,0.8844946069634247,0.24293122290687985,0.7656593681695978
kalman_ar1,3,C_Central_American_Pacific_Coast,82,3.065438948625654,0.3413700248046978,0.9070660381938722,-0.33612977202666516,0.7215412951038764
kalman_ar1,3,C_Chao_Phraya_River_Gulf_of_Thailand_Coast,82,5.947086301182683,0.6398182753334997,0.9167318137545305,0.3509988234617508,0.8252970396173274
kalman_ar1,3,C_Chukchi_Peninsula,82,4.52189216709305,0.23737091919990785,0.7844379870600995,0.050511979998772105,0.6127349502734035
kalman_ar1,3,C_Churchill_Seal_Rivers,82,3.06361981564225,0.7878340726437965,0.8615523686202613,0.5804452540457123,0.7056554787712035
kalman_ar1,3,C_Columbia_Ecuador_Pacific_Coast,82,1.993736682679307,0.17210508422358484,0.7032585271605164,0.024767012177762893,0.4944251449773074
kalman_ar1,3,C_Crimea_West_Azov_Sea_Coast,82,7.352891519308111,0.462016658285068,0.6957369481870879,0.2023262212342597,0.4697270179152764
kalman_ar1,3,C_Cuba,82,2.6120929316318677,0.0584828356819479,0.7846901968411925,-0.09723240261060262,0.5563510045791491
kalman_ar1,3,C_Deccan_Plateau_East_Indian_Subcontinent_Coast,82,4.537540533563931,0.4109841008016046,0.9511710202382778,-0.21025366942691925,0.8727673086751675
kalman_ar1,3,C_Denmark_Germany_Coast,82,7.583653242246831,0.24039902032695395,0.43690022396912337,0.048818410189780725,0.1815244585538186
kalman_ar1,3,C_East_Australia_Coast,82,3.321522481341196,0.44418153164752155,0.3844582292650929,0.1342037004226373,0.015523450842392594
kalman_ar1,3,C_East_Azov_Sea_Northeast_Black_Sea_Coast,82,9.219641901088023,0.4930220662222595,0.6473664104206751,0.24247225981197873,0.41297692080178705
kalman_ar1,3,C_East_Barents_Sea_Coast,82,3.247563796387986,0.5262578155444099,0.9091469016129656,0.19230840230538793,0.8079260713056136
kalman_ar1,3,C_East_Beaufort_Sea_Amundsen_Gulf_Coast,82,2.9157600964626753,0.10219886245778384,0.7225923222763558,-0.010734392315615127,0.4856688618029287
kalman_ar1,3,C_East_Brazil_South_Atlantic_Coast,82,4.303762857464792,0.40666113256989406,0.8238401255798671,-0.12563048527782938,0.5782349499314796
kalman_ar1,3,C_East_Caspian_Sea_Coast,82,2.7094601020530877,0.6776443990624444,0.9047066168099405,0.3666444287006504,0.7798622572910128
kalman_ar1,3,C_East_Central_Africa_Coast,82,5.312931938483032,0.42981553600991834,0.9055274857129013,-0.3743133756285435,0.6891272771236787
kalman_ar1,3,C_East_China_Coast,82,5.257010765860837,0.4622202528949211,0.7421961600397285,0.052195154631538454,0.4460076388602622
kalman_ar1,3,C_East_Hudson_Bay_Coast,82,3.2872120653401917,0.3934036014107705,0.7065077988372775,0.04068489595431524,0.4352443779862367
kalman_ar1,3,C_East_Mediterranean_Coast,82,3.7289237218968583,0.4301069002959245,0.8762370611446184,0.03992050309890882,0.7334241841174043
kalman_ar1,3,C_East_Mississippi_Delta,82,5.097566661373902,0.5887635724754573,0.8643969203656942,0.32351954697841123,0.7064963245095393
kalman_ar1,3,C_East_Nile_Delta,82,2.6846268589458053,0.21788779341553627,0.5261319305789036,-0.3065888413302391,0.009955154994584658
kalman_ar1,3,C_East_Ob_Bay_Coast,82,3.2374765542177926,0.5086325120562984,0.9077723092106806,0.22503831114643447,0.8036295604459862
kalman_ar1,3,C_East_Red_Sea_North_Gulf_of_Aden_Coast,82,1.7825494654971048,0.0846320940535037,0.5703248257808265,-0.06395096779688836,0.25347633055618524
kalman_ar1,3,C_East_Timor_Islands,82,3.5068333985447517,-0.11590769286729165,0.3537296608435895,-0.017955316133316135,0.12359758785650699
kalman_ar1,3,C_Ellef_Ringnes_Bathurst_Devon_Islands,82,3.1291633960428666,0.3904450695585981,0.6688586768679533,-0.015398136574029664,0.27838572293663466
kalman_ar1,3,C_Ellesmere_Island,82,5.307294628024624,0.6860042452224978,0.9578114701263029,0.3410112245159719,0.8858671394433657
kalman_ar1,3,C_Great_Britain,82,3.3019400718611283,-0.020931858252662913,0.5347349237316412,-0.22683928530200892,0.13916598576467287
kalman_ar1,3,C_Greater_Dniester_Basin,82,4.41503992628188,0.36743264482934745,0.8301020890105698,-0.16331203061906385,0.5979793633381469
kalman_ar1,3,C_Gulf_of_Darien_Coast,82,3.7548350142512787,0.4817166060237503,0.8575130548053526,0.22149959086586724,0.6970809925724796
kalman_ar1,3,C_Gulf_of_Guinea_Coast,82,3.664029497290536,0.5898119360337285,0.7724925923524456,0.32100338516327787,0.5885376512937577
kalman_ar1,3,C_Gydan_Bay_Coast,82,4.484002237655161,0.1850476041162163,0.8521445514661619,-0.014712210347033405,0.7149036791320575
kalman_ar1,3,C_Hainan,82,5.1760683758668495,0.23507315586436311,0.8024994480885367,0.04933843198892007,0.6416357442923281
kalman_ar1,3,C_Halmahera_Islands,82,3.118957153236087,0.2617382782214174,0.28749495512424594,0.04347792900053804,0.04099309104651805
kalman_ar1,3,C_Hispaniola,82,2.1278245782254697,-0.13438099655179098,0.5550785064466682,-0.23047768155393222,0.15749176366680195
kalman_ar1,3,C_Hokkaido,82,4.0078466084197135,0.17225488719201576,0.6744953449446696,0.015035204865487373,0.4446729391732952
kalman_ar1,3,C_Hub_Porali_Basin,82,4.23760065009095,0.4224877240758664,0.5867189892646605,0.0025835032343417552,0.20374397031811886
kalman_ar1,3,C_Iberian_Atlantic_Coast,82,3.5047362678673224,0.36638211976962287,0.8552022559433422,0.12434972099173514,0.7177336260756719
kalman_ar1,3,C_Iceland,82,10.215171209628107,0.29843211569764355,0.8252996751773262,0.04008418521938928,0.6799203205875479
kalman_ar1,3,C_India_West_Coast,82,4.851156141962183,0.06141447940277001,0.9467983090577098,-0.6729681802257803,0.856574621785181
kalman_ar1,3,C_Indian_Ocean_Africa_Coast,82,4.729807418777249,0.5650009236156849,0.8131799081394276,0.15789704432729224,0.5741562274203367
kalman_ar1,3,C_Ireland,82,2.326107528462817,-0.06344629576138375,0.6187379189601695,-0.06170942838444815,0.3287467057431195
kalman_ar1,3,C_Irrawaddy_Sittang_Salween_Basin,82,3.7760596829306032,0.5812796750095467,0.9581926807358077,0.28049180631041504,0.917377053810767
kalman_ar1,3,C_Jamaica,82,2.987999461212309,-0.00998878596651602,0.13566761407625713,-0.009496414328540759,-0.004608278106770891
kalman_ar1,3,C_Japan,82,3.798821442113533,0.21196238917675655,0.40059126046060034,-0.22628204575013533,-0.36916465000204135
kalman_ar1,3,C_Java,82,3.5985101907083776,0.47933074369032197,0.7008924755282246,0.18843055110869156,0.486899792493389
kalman_ar1,3,C_Kamchatka_Peninsula,82,3.2817570546605146,0.3456924879306364,0.9432426682007309,0.0953037313819215,0.8841833755197694
kalman_ar1,3,C_La_Plata_Delta,82,5.992336640234591,0.6262322173956929,0.6312223256964576,0.3690974313001435,0.366607857642689
kalman_ar1,3,C_Labrador_Sea_Coast,82,3.931520186405815,0.5466435121031913,0.8368296442332981,0.23049662568140383,0.6627963810527527
kalman_ar1,3,C_Madagascar,82,3.9903902033354086,0.38214523080381974,0.8805122254700259,0.11030183303020702,0.7678675088104998
kalman_ar1,3,C_Malaysian_Peninsula_Coast,82,4.396208648171013,0.46523637880037616,0.7064766537482324,0.1782307756863145,0.46037596031752726
kalman_ar1,3,C_Maluku,82,4.291908131734101,-0.024127673957863402,0.08282161897351166,-0.07503131932194917,-0.09580851556357262
kalman_ar1,3,C_Melville_Prince_Patrick_Islands,82,6.971124447958667,0.6877894812032613,0.8440971751312386,0.3302142780791385,0.6285432486447695
kalman_ar1,3,C_Namibia_Coast,82,2.6730060841372634,0.0834135229524738,0.11440380899554142,-0.2878186667746432,-0.35210237761082563
kalman_ar1,3,C_Neva_River_Finland_Coast,82,2.9623101574995445,0.32114109716370526,0.8163450207613354,-0.03313580190497323,0.6244702877471422
kalman_ar1,3,C_New_Brunswick_and_Nova_Scotia_Coast,82,4.996942689435878,0.18244169625579307,0.796289772395795,-0.10867664709408942,0.5634546750705854
kalman_ar1,3,C_New_Siberian_Islands,82,50.87149331261946,-0.1318460521713994,0.22057250781838678,-0.05447959229604704,0.027948971591103988
kalman_ar1,3,C_New_Zealand_North_Island,82,2.3269059444093823,0.2596643134472282,0.7624333808932142,-0.023176063009890946,0.5399213942203892
kalman_ar1,3,C_New_Zealand_South_Island,82,2.5350257988671934,-0.17747130191096114,0.7063902937136917,-0.032072034524169846,0.484719927991491
kalman_ar1,3,C_Nigerian_Delta,82,5.919538442185662,0.26582452008087887,0.9411925072832634,0.008893185839846995,0.8781829591929695
kalman_ar1,3,C_North_Argentina_South_Atlantic_Coast,82,4.3157811185994,0.6192423134110852,0.6340965077065442,0.35478644216225896,0.33626988196653607
kalman_ar1,3,C_North_Australia_Coast,82,4.789884185037811,0.7546101811923979,0.9150842030488211,0.4873091776383195,0.8081974947688432
kalman_ar1,3,C_North_Baffin_Island_Coast,82,5.602973101766517,0.6781493844832651,0.8434179790793226,0.3764961189459618,0.5883262083646923
kalman_ar1,3,C_North_Brazil_South_Atlantic_Coast,82,9.052505798420189,0.46338077672430256,0.9159057848727952,0.02413169479301469,0.805980389269025
kalman_ar1,3,C_North_Caspian_Sea_Coast,82,2.6358091858350785,0.42691991409211766,0.8067051707668611,0.13079602515526034,0.5922228091203534
kalman_ar1,3,C_North_Chile_South_Pacific_Coast,82,2.781476473245092,0.5152676471134016,0.803567942265312,0.24785631554558374,0.6403016122524484
kalman_ar1,3,C_North_East_Bay_of_Bengal_Coast,82,3.359029352604077,0.4269925318533836,0.9803198435683574,0.11539907176973874,0.9599522940310347
kalman_ar1,3,C_North_East_Siberian_Sea_Coast,82,1.6747740715868416,0.6481663349689955,0.8910849094295512,0.4159305902538847,0.774968178663543
kalman_ar1,3,C_North_Gulf_of_Oman_Coast,82,3.5545971844108353,0.538091843389864,0.7138246129422007,0.2650876142177413,0.4948378008214793
kalman_ar1,3,C_North_Korea_Bay_Korean_Peninsula,82,3.0847183335863035,0.6534415798437796,0.7447125521803645,0.09676141895413648,0.29201869524185686
kalman_ar1,3,C_North_Siberia_Coast,82,1.7515729684013859,0.36632042452232016,0.9301379122758624,0.11204153567671371,0.8626082084320006
kalman_ar1,3,C_North_St_Lawrence_Seaway_Coast,82,3.9515857721122623,0.3379986229479068,0.8177673830975789,-0.4784273118451756,0.41924718736263433
kalman_ar1,3,C_North_Vietnam_South_China_Coast,82,4.574037670629391,0.3698934535797616,0.7439703886294419,-0.03758957342681324,0.48547099410748806
kalman_ar1,3,C_North_West_Africa_Coast,82,1.4845855360707219,-0.07905369328628821,0.36430098481439305,-0.384143762353905,-0.3740432043850328
kalman_ar1,3,C_Northeast_South_America_Coast,82,8.832304838343452,0.8166999557027244,0.8194907077767396,0.6354620342879093,0.6679962706203404
kalman_ar1,3,C_Northwest_Hudson_Bay_Coast,82,2.705869923756382,0.6645949965838996,0.7989037949849439,0.36346312937605674,0.6211936598659906
kalman_ar1,3,C_Northwest_Mediterranean_Coast,82,2.982997320404449,0.5878209688794483,0.8445656846311898,0.23210891252498533,0.6762559059623985
kalman_ar1,3,C_Norway_Coast,82,3.8257743939029067,0.23644043200185566,0.8102431741231287,0.024960691012277825,0.6360065991250945
kalman_ar1,3,C_Novaya_Zemlya,82,20.80032261108221,0.4407448964766146,0.9361594065680406,-0.15829401953813216,0.8280865023046875
kalman_ar1,3,C_Nusa_Tenggara,82,3.7477340309076443,-0.212793013716926,0.21250241261925085,-0.08329467734586937,-0.017607020361880554
kalman_ar1,3,C_Olenyok_Delta,82,9.269525232926755,0.21373103634052673,0.45184005419086976,0.01328661561937694,0.17583070217931585
kalman_ar1,3,C_Oregon_Coast,82,3.207235747722584,0.19167534272945966,0.9307566606190659,-0.14591255650010493,0.8308591723604241
kalman_ar1,3,C_Papua_New_Guinea_Island,82,2.3389071689036154,0.3655429194148193,0.5410326645387563,0.12457811115058415,0.24354764860533507
kalman_ar1,3,C_Patagonia,82,3.960235503069817,0.1316067412996996,0.5961699688208908,-0.009094294511311274,0.29813146652539546
kalman_ar1,3,C_Peru_Pacific_Coast,82,1.5420687135109823,0.21016719337172465,0.8680615650046836,0.01615542683501714,0.7441563622366789
kalman_ar1,3,C_Philippines,82,3.150923984721132,0.5102196361733479,0.6069124695423616,0.24535464813745167,0.3632201832781572
kalman_ar1,3,C_Po_River_and_East_Italy_Coast,82,3.804641699057122,0.5393151464431412,0.8484184810791655,0.168154937792785,0.6767733105749336
kalman_ar1,3,C_Prince_of_Wales_Island,82,3.549132349542176,0.032973338845489975,0.32403353318507433,-0.1634128048848562,-0.05640423011791107
kalman_ar1,3,C_Puerto_Rico,82,1.9673210185927095,0.024431489577963292,0.559769514821918,-0.09214429796912738,0.2611961926909865
kalman_ar1,3,C_Sakhalin_Island,82,8.924463215881044,-0.17470628066664343,0.14977688879946904,-0.14785558140170618,-0.2578765208627696
kalman_ar1,3,C_Sardinia_and_Corsica,82,8.4882807334148,0.3711247706554074,0.49458611441457634,0.08754450299026117,0.19007702578788876
kalman_ar1,3,C_Severnaya_Zemlya,82,29.39393861595687,0.36954318111387663,0.8482959379499749,-0.4341675201990758,0.5901039281409304
kalman_ar1,3,C_Seward_Peninsula_Alaskan_North_Slope,82,2.504331492279091,0.55362913626225,0.8006867765218426,0.21855455808806012,0.6026146845214366
kalman_ar1,3,C_Shelikhov_Gulf_Sea_of_Okhotsk_Coast,82,5.026328369183671,0.2721035314092629,0.8151975162478329,-0.056716439254512085,0.596611115126854
kalman_ar1,3,C_Sicily,82,4.632191547286703,-0.12732492359702655,0.08200621045467868,-0.06808990188339004,-0.11012785627308652
kalman_ar1,3,C_Solomon_Islands,82,8.757506488555142,0.34573147182884567,0.23297105309889607,0.11058207758845917,-0.03969735923232176
kalman_ar1,3,C_Somerset_Island,82,3.4588630018222086,0.11510621878425069,0.6693851517607381,-0.23184477960204553,0.33804160715880205
kalman_ar1,3,C_South_Africa_South_Coast,82,2.142908742073609,0.7217069970234995,0.7847747966606333,0.40076980946720286,0.5252299926694955
kalman_ar1,3,C_South_Africa_West_Coast,82,2.0004898337735217,0.14335513632379837,0.5401913262879265,-0.0016935502138943903,0.263611825137933
kalman_ar1,3,C_South_Alaska_Coast_Frazer_River,82,7.096056611182662,0.5237741786356371,0.9343366317786119,0.11377481624340335,0.8595284085346607
kalman_ar1,3,C_South_Amapa_Coast,82,8.323131139388703,0.7277739392400164,0.9208108480255779,0.3999893238313058,0.844441192945674
kalman_ar1,3,C_South_Australia_Coast,82,1.226804255417058,0.4767451265791057,0.8082219053152169,0.21044522595640025,0.6482865116899224
kalman_ar1,3,C_South_Baffin_Island_Coast,82,4.9322941193834655,0.23162148915243483,0.6758440928843834,-0.09049501881826205,0.3055682364408886
kalman_ar1,3,C_South_Baltic_Coast,82,3.1133519801690435,0.2395016147490896,0.7691393357369131,-0.048566846254368023,0.5875369523435041
kalman_ar1,3,C_South_Black_Sea_Coast,82,5.912310408240691,0.24973589717965503,0.7680084058873018,-0.07616675740823231,0.5518114899405322
kalman_ar1,3,C_South_Chile_South_Pacific_Coast,82,6.967093038921268,0.2167282406829614,0.9426885239309699,-1.0130434179639853,0.7903120148959187
kalman_ar1,3,C_South_East_Brazil_Coast,82,5.911429565979481,0.5497774626521755,0.7528418218502306,0.08031661498118037,0.4262202724197942
kalman_ar1,3,C_South_East_Russia_Coast,82,2.95236960626546,0.3316211220542524,0.1469471504380098,-0.012834132596061254,-0.4638924747547941
kalman_ar1,3,C_South_Gulf_of_Aden_Coast,82,2.648503624450947,0.4547984677235256,0.2820916198076976,0.17436850689548378,0.0595655830320736
kalman_ar1,3,C_South_Gulf_of_Oman_West_Arabian_Sea_Coast,82,1.9318741890771365,0.19936549205436643,0.47725925149363135,-0.28899974233346404,-0.04000155637764968
kalman_ar1,3,C_South_Hudson_Strait_Ungava_Bay_Coast,82,4.076319810419579,0.15021604891418638,0.7932967165219655,-0.19427666266894272,0.5465312950660852
kalman_ar1,3,C_South_Mediterranean_Coast,82,1.4088227469284396,0.04522346171101863,0.3473893086364387,-0.12894371643756508,-0.011223987734617413
kalman_ar1,3,C_South_Zambezia_Coast,82,4.17733808482055,0.26058922022034964,0.8559960078471911,-0.06686014681174757,0.6950011319035541
kalman_ar1,3,C_Southhampton_Coats_Islands,82,3.9740364621077555,-0.17241595963808498,0.5079924929746507,-0.031801981761750975,0.24742187450435327
kalman_ar1,3,C_Southwest_Hudson_Bay_Coast,82,2.555244673650586,0.3361467316510409,0.8606233717338039,0.08486285366940194,0.7157862526469689
kalman_ar1,3,C_Southwest_Mediterranean_Coast,82,2.1997505531762704,0.3206668247384628,0.7050018389125657,-0.027658419928878963,0.2759410779416903
kalman_ar1,3,C_Sri_Lanka,82,2.1075536082960613,0.26295039155142547,0.9087948383909946,-0.25938713808771063,0.7660271729382837
kalman_ar1,3,C_Sulawesi,82,2.896350393671828,0.5288043949672747,0.5184991087187214,0.2763933307829498,0.24097579719530482
kalman_ar1,3,C_Sumatra,82,3.3465356343308557,0.3116669162412323,0.614030909510214,-0.06310871113817274,0.21476658217047784
kalman_ar1,3,C_Svalbard,82,25.151850595391274,0.6675384637030866,0.969965718778174,0.1660529053203571,0.9141160251629373
kalman_ar1,3,C_Sweden_Coast,82,3.8215567043835468,0.0019065622199277686,0.7255886482559035,-0.10183986236207465,0.5252205186816694
kalman_ar1,3,C_Taiwan,82,2.0915352824312565,0.24420158973526582,0.6572507926206573,0.022382084185910034,0.4124351738242975
kalman_ar1,3,C_Tasmania,82,2.880340255703135,0.2806910792764162,0.7547273810895382,0.05067679459394703,0.5555656990032862
kalman_ar1,3,C_Texas_Gulf_Coast,82,3.9543736485961207,0.5096359533694615,0.6852203408078394,0.16508298329814886,0.4422688798834955
kalman_ar1,3,C_Thar_Desert_Sabarmati_River_Gulf_of_Cambay_Luni_Delta,82,5.092192833637449,0.6273843078052759,0.7515837213777152,0.3854903025448677,0.5593310325190946
kalman_ar1,3,C_US_East_Gulf_of_Mexico_North_Atlantic_Coast,82,4.2673605117098194,0.6788908565994488,0.6753876262328292,0.4567643058878853,0.44934233386181743
kalman_ar1,3,C_US_North_Atlantic_Coast,82,3.156678390548003,0.15198198655483924,0.8221514445673587,-0.07912224195067874,0.6552315076688373
kalman_ar1,3,C_Uda_Basin,82,3.676689905955509,0.0061964831446220826,0.503558048524369,-0.041225145787503914,0.1820114090050975
kalman_ar1,3,C_Uruguay_South_Brazil_Coast,82,5.545187806351669,0.4468996818826572,0.547286224506915,0.11885074539260099,0.2451537264835263
kalman_ar1,3,C_Victoria_Island,82,2.9378789479171386,-0.04352961968620109,0.6794968478508779,-0.2864130689661417,0.4130466286540506
kalman_ar1,3,C_Vietnam_Coast,82,3.6295510898073258,0.5925531552122629,0.9641766224924204,0.29519635834814706,0.9230225543969006
kalman_ar1,3,C_West_Africa_Coast,82,2.2963163851292334,0.31346406539744287,0.9822072862196867,0.050866984106167745,0.9578231034895273
kalman_ar1,3,C_West_Australia_Coast,82,2.053848597469056,0.17011874045992947,0.44128526249769745,-0.180614757579872,0.05173508938654725
kalman_ar1,3,C_West_Barents_Sea_Coast,82,3.325455414175823,0.06866907642568101,0.8631497302090151,-0.019586470434910463,0.7137550631567927
kalman_ar1,3,C_West_Black_Sea_Coast,82,5.917587753222392,0.31494969162887054,0.7577882016015591,0.04279145833698017,0.5542231025646804
kalman_ar1,3,C_West_Caspian_Sea_Coast,82,3.907580720055689,0.42472461053640187,0.8501894820276357,0.1517841403521033,0.6891192266917767
kalman_ar1,3,C_West_Continental_Europe,82,2.824193322635563,0.6821045558766886,0.8717904868666524,0.4324851956426049,0.7495882471988193
kalman_ar1,3,C_West_Italy_Coast,82,2.882579437903246,-0.039799599440024105,0.8674119791037285,-0.24969727305273137,0.7251312728602732
kalman_ar1,3,C_West_Mississippi_Delta,82,5.197956731387317,0.5421870024989988,0.8345300633167132,0.2762014269477513,0.657970300348319
kalman_ar1,3,C_West_Nile_Delta,82,2.181286219856182,0.22689943512435162,0.5174249030266285,-0.3081173874686911,-0.009115946888913706
kalman_ar1,3,C_West_Red_Sea_Coast,82,2.202867438166106,0.36206090639273303,0.6095471423424645,0.08359716916112947,0.2966454992653421
kalman_ar1,3,C_Yamal_Peninsula,82,3.815419879220002,0.07131572759595575,0.815545584695954,-0.115023521241161,0.6292476235125586
kalman_ar1,3,C_Yellow_Sea_Coast,82,4.69601432009188,0.7741221602223446,0.7259374839622347,0.4052902335620959,0.38805108875419303
kalman_ar1,3,C_Yenisey_Gulf_Coast,82,4.081698801348754,0.1076931782546804,0.8594083428566488,0.0013425953071781738,0.7376141234858028
kalman_ar1,3,C_Ziya_He_Interior_Coast,82,5.463108112051686,0.8273551297718812,0.8386319125204343,0.48076941231712533,0.5068714841555693
kalman_ar1,3,E_Altai_Mountains,82,1.3660525551300917,0.2262270909088394,0.273923404224865,-0.021714370193762766,-0.05001287697050549
kalman_ar1,3,E_Amu_Darya,82,2.9544409971657535,0.504757593623489,0.9079375346972168,-0.03535006029399934,0.7320783075762378
kalman_ar1,3,E_Australia_Northwest_Plateau,82,4.596659772218352,0.7471084897781356,0.8202496421151425,0.473142545719235,0.5993327669475241
kalman_ar1,3,E_Badain_Jaran_Desert,82,1.175131646039146,0.2743801376262353,0.5531146220010319,0.059465769590477446,0.29408278013041944
kalman_ar1,3,E_Central_Iran,82,2.8732656220138084,0.5978619482712683,0.845374680879803,0.3245029242130534,0.700285269099663
kalman_ar1,3,E_Central_Mongolia,82,2.4069560460333648,0.34154756691440835,0.3946108837504544,0.029257700741716075,0.05908251424961142
kalman_ar1,3,E_Dayan_Khyargas_Uvs_Nuur_Basins,82,1.5690377242708728,0.5066686671397552,0.6020240910970073,0.2483977534266466,0.3443649232106941
kalman_ar1,3,E_East_Gobi_Desert,82,1.9453228069754822,0.6154245774569458,0.566543109346971,0.2302128309106991,0.17916010428079998
kalman_ar1,3,E_Egyptian_Western_Desert,82,1.5572651818720804,0.2728598129035307,0.5102292734210799,-0.2743316237705524,-0.126076509109615
kalman_ar1,3,E_Farahrud_Helmand_Hamun_i_Mashkel,82,2.921000375214397,0.3782817829603286,0.7722504908967056,-0.014491365519814225,0.5257306011271614
kalman_ar1,3,E_Great_Basin_Great_Salt_Lake,82,3.390775412783198,0.7764150034091285,0.8506833137126752,0.591509085854145,0.7104898862890086
kalman_ar1,3,E_Great_Victoria_Desert,82,1.6943752720178547,0.4634191718985612,0.32762150409780855,0.18190657406459265,-0.013708822365916307
kalman_ar1,3,E_Jordan_Northwest_Saudi_Arabia,82,3.37158239373602,0.07175640601235496,0.7134145326253439,-0.15943815392023852,0.42984986840375594
kalman_ar1,3,E_Junggar_Pendi,82,2.45352683357266,0.5226202310307564,0.8146786525931939,0.005997827435324288,0.5027458026618132
kalman_ar1,3,E_La_Puna_Altiplano,82,2.1587948421815257,0.46004417699031275,0.7687527587316826,0.1247592444812009,0.544682258963778
kalman_ar1,3,E_Lake_Eyre_Basin,82,2.4725533241444975,0.7170456720473011,0.6691664485733724,0.5001556379535967,0.43555108434365297
kalman_ar1,3,E_Lake_Rukwa_Basin,82,11.123276279542234,0.5711319243379734,0.8674650842854427,0.03544042246528567,0.6592776988193226
kalman_ar1,3,E_Lakes_Balkash_Alakol,82,2.342434104198025,0.4612412639951276,0.860831043628999,0.02276845478352363,0.7028547353768664
kalman_ar1,3,E_Libyian_Desert,82,1.0249930087552026,0.08644916319258304,0.5591898105712886,-0.01927647214587247,0.30014853669860353
kalman_ar1,3,E_Lower_Lake_Chad,82,5.645629210629365,0.5970349491387715,0.9370076813186421,-0.3844065479857508,0.7699722749393558
kalman_ar1,3,E_North_Central_Arabia,82,2.1522098518939115,0.05550138658245602,0.667652839312536,-0.06377281148222269,0.43901061485743964
kalman_ar1,3,E_North_Plateau_of_Tibet,82,2.74985909026659,0.4801866703586003,0.4092253403732229,0.16642494918743045,0.06352123298071422
kalman_ar1,3,E_Northern_Kordofan,82,2.6600384627209963,0.45611465705194765,0.6370371862320491,0.017081054675641805,0.2560650394337599
kalman_ar1,3,E_Plateau_of_Tibet,82,1.7156567806844902,0.4414352323640973,0.6732314098775461,0.1630829211734348,0.43586097735395635
kalman_ar1,3,E_Qinghai_Lake,82,1.9994847165838383,0.7673858626552986,0.4936472794370356,0.5669769564825389,0.12962454989421834
kalman_ar1,3,E_Rift_Valley,82,5.226465695448501,0.4693380213785221,0.5184908929981072,-0.09982040054748409,-0.5280009725527253
kalman_ar1,3,E_Rub_al_Khali_Desert,82,1.5239689989341658,0.13021659518434306,0.4656246300280954,-0.031237553073648394,0.1793586389709826
kalman_ar1,3,E_Sahara,82,0.7984977329973383,-0.1055769243343336,0.23907661092490942,-0.08883575656904363,-0.030465211974481488
kalman_ar1,3,E_Saharan_and_Algerian_Atlas,82,1.615776091733713,0.1656009116349238,0.8707543580123304,-0.6922475140768145,0.5286715931996556
kalman_ar1,3,E_Salinas_Grande_Mar_Chiquita,82,2.7900104392302167,0.7698004379363335,0.8021033548278451,0.518351307863799,0.5542813923073704
kalman_ar1,3,E_South_Interior_Africa,82,3.81833831817061,0.7273880270973685,0.8283387065905444,0.502305443195165,0.6698468784403848
kalman_ar1,3,E_Syr_Darya,82,1.8726389605304528,0.5775335188284004,0.8965747098058467,0.28533533734409944,0.78866410283516
kalman_ar1,3,E_Tarim_He_Lop_Nur,82,1.199705250164907,0.6103354596741006,0.8417574322064804,0.2356889083606657,0.6381974117989179
kalman_ar1,3,E_Turpan_Pendi,82,2.4878906089391557,0.4206361941643819,0.7823082723968758,-0.16528283017617795,0.44857347623498367
kalman_ar1,3,E_Upper_Lake_Chad,82,2.0544335744743294,0.512426222453477,0.736579071948014,-0.12662626514951447,0.30444602989502
kalman_ar1,3,R_Amazon_River,82,4.112986404608106,0.7736083489878337,0.9721963726938677,0.5602085916431322,0.9345835525605313
kalman_ar1,3,R_Amur_River,82,2.389377613988358,0.6090962009822556,0.27539526332322056,0.31139182148458133,-0.40433315035984574
kalman_ar1,3,R_Colorado_River_Argentina,82,3.5365653001927706,0.21453960912121361,0.4518435527125801,-0.19715134624071173,-0.07038679362107558
kalman_ar1,3,R_Colorado_River_of_the_West_North_America,82,2.372067547933682,0.625104031817189,0.7862176507043932,0.3471382485911455,0.5849670844947334
kalman_ar1,3,R_Columbia_River,82,2.678113536118978,0.2466910794779803,0.9748654824442382,-0.8145684155551813,0.9085876874468802
kalman_ar1,3,R_Congo_River,82,3.5624483121264436,0.6260429729426944,0.7911225131369722,0.23737556750326183,0.5278390218900473
kalman_ar1,3,R_Danube_River,82,2.9703919689588263,0.5018754904199912,0.9017324125793994,0.06693995723283541,0.7670346032306263
kalman_ar1,3,R_Dnieper_River,82,3.8808262476665,0.7618725152655892,0.8383984574637191,0.5780292571340608,0.7014344101812715
kalman_ar1,3,R_Don_River,82,3.741603297694939,0.822852893003873,0.9047421458999854,0.6424996326687163,0.7994660360417022
kalman_ar1,3,R_Ganges_Bramaputra_Basin,82,3.5958881433290784,0.46000546346314,0.954568601961279,-0.04250688789087098,0.8802177713425895
kalman_ar1,3,R_Indus_River,82,4.3491247121645165,0.47261814947207986,0.8397114421774147,-0.24079107932282584,0.5322584400599601
kalman_ar1,3,R_Lena_River,82,1.741897246173339,0.43072423492541156,0.8917716714512527,0.14559259013219739,0.7904756756494475
kalman_ar1,3,R_Limpopo_River,82,5.457391950234609,0.7277550780428826,0.8393548305390797,0.3041600055395526,0.49491442038392774
kalman_ar1,3,R_Mackenzie_River,82,2.8562251217518475,0.8991186010230877,0.9188903869480471,0.7414098420119544,0.825726870512984
kalman_ar1,3,R_Magdalena_River,82,4.598647635073513,0.5412649606646139,0.7972262828928331,0.27928462935557985,0.5598839818703634
kalman_ar1,3,R_Mekong_River,82,4.672510164479791,0.7292914061151201,0.9412455661070737,0.4930753818409255,0.8821055864384748
kalman_ar1,3,R_Mississippi_River,82,2.5850715322554447,0.8761273924963571,0.9402305445808969,0.6520112206602808,0.8179603910628533
kalman_ar1,3,R_Murray_Darling_River,82,3.3574948311517563,0.6759597480558186,0.6791315533534694,0.44098886666004433,0.43563928516681183
kalman_ar1,3,R_Niger_River,82,2.8278802302361523,0.3517451585332545,0.9594726706574832,-0.6286675811585285,0.851580803831475
kalman_ar1,3,R_Nile_River,82,3.6084153683224423,0.2721027398257117,0.8440954658718736,-0.7057278193726764,0.5486807110949128
kalman_ar1,3,R_Ob_River,82,2.2988713601025967,0.7568164991986408,0.9181759529805337,0.5707257649525029,0.8429391939253787
kalman_ar1,3,R_Orange_River,82,2.879112820305788,0.5947012377350788,0.630864192431268,0.28270844627683034,0.33265712028775496
kalman_ar1,3,R_Orinoco_River,82,5.119427195173486,0.6644187530825759,0.9448615349887804,0.4296571668529302,0.8894297962608573
kalman_ar1,3,R_Parana_River,82,4.393815950986091,0.5638237000071773,0.8267290452290044,-0.09190103791435655,0.38053415987775885
kalman_ar1,3,R_Parnaiba_River,82,6.3123356924497065,0.6481808283712889,0.9041450591490878,0.08914301388125989,0.7131332893758568
kalman_ar1,3,R_Rio_Grande_Rio_Bravo,82,3.537730334268187,0.21363964819109468,0.6632044260626553,-0.4582731082010878,0.15079471111780984
kalman_ar1,3,R_Saint_Lawrence_River,82,4.042048843591128,0.8792350567940572,0.8468672322689106,0.7444974205867629,0.6818311426995199
kalman_ar1,3,R_Sao_Francisco_River,82,7.68143356512559,0.5960749922824624,0.7829799776166124,0.18773932048544328,0.516397641989649
kalman_ar1,3,R_Saskatchewan_Nelson_Rivers,82,3.0586429754643056,0.5260145821375608,0.8189816840185651,0.0659277854550897,0.6104580489557041
kalman_ar1,3,R_Senegal_River,82,2.5622985757320618,0.5007479335526508,0.9277517562805947,0.1567853941029448,0.839463857940357
kalman_ar1,3,R_Shebelli_Juba_Rivers,82,4.134974344396101,0.552733332656141,0.6470198023203982,0.11911373974140349,0.2800917246600675
kalman_ar1,3,R_Tigris_Euphrates_River,82,3.3764680584467675,0.8393791173011625,0.9001694798910235,0.7037867522566534,0.8074717053628885
kalman_ar1,3,R_Tocantins_River,82,6.635681955471599,0.509556782286345,0.9253449820875703,0.24319067533144756,0.8531208107352869
kalman_ar1,3,R_Volga_River,82,2.783200808403176,0.5385031739020611,0.920137849378485,0.2543200120979304,0.8366756289777679
kalman_ar1,3,R_Volta_River,82,2.944090494788393,0.4363122987750068,0.9438682943228205,0.16029383979995093,0.8832933571391699
kalman_ar1,3,R_Yangtze_River,82,3.6860758302977388,0.4498888494643974,0.6078338321678746,0.08545480819405649,0.308204890781275
kalman_ar1,3,R_Yellow_River_Huang_He,82,2.1318299646947874,0.35288073128692615,0.5445443134410297,0.09238099894850382,0.2706790826746719
kalman_ar1,3,R_Yenisey_River,82,1.6625403916550496,0.14294185588249064,0.9231109184631704,-0.3683069995275323,0.8154782810137022
kalman_ar1,3,R_Yukon_River,82,2.1121302598772838,0.40868276678069254,0.9417459258796362,-0.29260381620553777,0.8223857877016647
kalman_ar1,3,R_Zambezi_River,82,4.394235935187293,0.7287698050492418,0.9343824106132714,0.507661541208711,0.8669523796353871
kalman_ar1,4,C_Aleutians_South_Alaska_Coast,81,4.936845258029976,0.7744884812057847,0.9523474093132832,0.5873855062265534,0.8957394027275726
kalman_ar1,4,C_Amazon_River_Delta,81,7.876752010345659,0.6492208487033916,0.931497737379796,0.35230834487923957,0.8559994071398044
kalman_ar1,4,C_Angola_Coast,81,4.178319244432757,0.6700019621274022,0.8504522343545711,0.38850032429412706,0.7028509868265806
kalman_ar1,4,C_Balkan_Peninsula_and_Adriatic_Coast,81,2.961759275216093,0.19287567316401893,0.9392902420035155,-0.1230050152217832,0.8673960349754681
kalman_ar1,4,C_Banks_Island,81,8.359119993880835,-0.04259553317013858,0.398935839616143,-0.08909738412636714,0.10160779782088414
kalman_ar1,4,C_Beaufort_Sea_Coast,81,2.058762086197191,-0.21661962933610956,0.8885086056985565,-0.11147536615585318,0.7889395842286459
kalman_ar1,4,C_Bight_of_Benin_Coast,81,4.919328132190606,0.5377794793462554,0.9067041389923749,0.2891327234315888,0.821654903350267
kalman_ar1,4,C_Bismark_Sea_Islands,81,3.3851383740908485,0.5538243989393408,0.39201361365400045,0.1520467846089324,-0.022733526211984545
kalman_ar1,4,C_Borneo,81,4.271947428636758,0.3791842682810918,0.32198727378375785,0.05754663871163235,-0.17627634134133152
kalman_ar1,4,C_Buor_Khaya_Gulf_Coast,81,4.360411610161503,0.10095239511461586,0.7253898303619356,-0.03342969398760842,0.514078049912981
kalman_ar1,4,C_California_and_Baja_California,81,3.381456225922125,0.6659340714347953,0.8326505590969631,0.4324018418779976,0.6908917227375244
kalman_ar1,4,C_Canadian_South_Arctic_Ocean_Coast,81,1.9683666346355853,0.08378950175201162,0.8238425432198297,-0.23593048922168802,0.614469818920119
kalman_ar1,4,C_Capim_River_Delta,81,9.829161646856097,0.4873038156404347,0.9061890835228074,0.19298771179284757,0.7998366392298117
kalman_ar1,4,C_Carribean_Coast,81,3.812760707787975,0.6590111423109382,0.9068787488255338,0.42618976298993005,0.8128277407317884
kalman_ar1,4,C_Central_America_Gulf_of_Mexico_Caribbean_Coast,81,3.5285020692008615,0.5625171317624503,0.9001739736369384,0.21248047186841623,0.7918289028193902
kalman_ar1,4,C_Central_American_Pacific_Coast,81,3.3414112177777118,0.22653161852677647,0.8972776287579168,-0.5919618204903618,0.6687532288501613
kalman_ar1,4,C_Chao_Phraya_River_Gulf_of_Thailand_Coast,81,6.388081518197757,0.5958371552476324,0.9076183076950096,0.2564088086508377,0.7973193264875211
kalman_ar1,4,C_Chukchi_Peninsula,81,4.566418039062636,0.2324481917797427,0.7751979284252978,0.039131715305960935,0.5984901609722879
kalman_ar1,4,C_Churchill_Seal_Rivers,81,3.438370838525266,0.7417540108246103,0.8329572454681929,0.4827533650341158,0.6325782589449989
kalman_ar1,4,C_Columbia_Ecuador_Pacific_Coast,81,2.0115899391836978,0.17960837434165963,0.6986470265946971,0.015000903950334488,0.4880499602861601
kalman_ar1,4,C_Crimea_West_Azov_Sea_Coast,81,7.541650220399193,0.42806476861657916,0.6858865140159534,0.16799543929149363,0.44699995411473625
kalman_ar1,4,C_Cuba,81,2.631044592038973,0.08553843840484746,0.7822416300403348,-0.10471934635968272,0.5485024798278642
kalman_ar1,4,C_Deccan_Plateau_East_Indian_Subcontinent_Coast,81,4.827876933592332,0.3770047991112428,0.9521026463157873,-0.36826897359613864,0.8569468299296973
kalman_ar1,4,C_Denmark_Germany_Coast,81,7.685562665254005,0.19165321095355048,0.4123581488578253,0.025496013297562348,0.1606167843891817
kalman_ar1,4,C_East_Australia_Coast,81,3.1240486312175126,0.4938191968478277,0.4354749876678117,0.22183764849654608,0.1291571016774805
kalman_ar1,4,C_East_Azov_Sea_Northeast_Black_Sea_Coast,81,9.417088926440838,0.46814127494101615,0.6319408964411459,0.2172084576772585,0.388639208651529
kalman_ar1,4,C_East_Barents_Sea_Coast,81,3.4267724057167737,0.4805256616007362,0.9016095425151232,0.1080354968375089,0.7868887601482335
kalman_ar1,4,C_East_Beaufort_Sea_Amundsen_Gulf_Coast,81,2.8144872655497264,0.2388060659042035,0.7410475502672164,0.047909819755927785,0.5258172738586185
kalman_ar1,4,C_East_Brazil_South_Atlantic_Coast,81,4.550789807714064,0.397871841413746,0.8293115360079404,-0.26378356234984723,0.5301557457626456
kalman_ar1,4,C_East_Caspian_Sea_Coast,81,2.891095637362624,0.6588861773518125,0.8970456482836903,0.30198379966084343,0.7505610674716738
kalman_ar1,4,C_East_Central_Africa_Coast,81,5.983713678059894,0.30073414582994695,0.8934840851942737,-0.7910157590020634,0.595004457812043
kalman_ar1,4,C_East_China_Coast,81,5.606997203605156,0.33629645607673037,0.7112250733453308,-0.08243235866459808,0.3763280119843764
kalman_ar1,4,C_East_Hudson_Bay_Coast,81,3.4439157989133986,0.31613649111590914,0.6950110309056986,-0.07807640842786823,0.38626006831893056
kalman_ar1,4,C_East_Mediterranean_Coast,81,4.089311771871326,0.2950700734088408,0.8600973979724295,-0.16532383758169455,0.6833142450608733
kalman_ar1,4,C_East_Mississippi_Delta,81,5.4183159974754584,0.5207817739234735,0.8369743289771232,0.24336848676305578,0.6665615715516934
kalman_ar1,4,C_East_Nile_Delta,81,2.789627847467814,0.15763753925887358,0.4994451061790189,-0.43411284538875883,-0.09488343705740832
kalman_ar1,4,C_East_Ob_Bay_Coast,81,3.445319689388528,0.39752767505809095,0.8983842892214037,0.10644208515729969,0.7800162039514646
kalman_ar1,4,C_East_Red_Sea_North_Gulf_of_Aden_Coast,81,1.795591222888213,0.1333192378146887,0.5664841224865854,-0.06894369530889577,0.24518299089506024
kalman_ar1,4,C_East_Timor_Islands,81,3.4795479175029946,0.09458583376704517,0.3817060321779794,0.002351476996918067,0.14111461419109983
kalman_ar1,4,C_Ellef_Ringnes_Bathurst_Devon_Islands,81,3.4063571043017644,0.2641973594575461,0.6206604032352796,-0.20780890150835307,0.145944011683394
kalman_ar1,4,C_Ellesmere_Island,81,5.538620108756021,0.6940809852049298,0.9597011903348174,0.27885312854826616,0.8731590521516348
kalman_ar1,4,C_Great_Britain,81,3.3469752129613086,-0.06534087653300397,0.5278694337913581,-0.2507015662316512,0.11737721675570323
kalman_ar1,4,C_Greater_Dniester_Basin,81,4.804817153775178,0.27256676297155596,0.8139066155506053,-0.35814325532910374,0.529444171409525
kalman_ar1,4,C_Gulf_of_Darien_Coast,81,3.9581090881755516,0.39534639215894646,0.8384240584062435,0.13851715387742414,0.6670458890697906
kalman_ar1,4,C_Gulf_of_Guinea_Coast,81,3.8179038110190135,0.5972389300383986,0.7524115234186565,0.2867427327695231,0.557748659766742
kalman_ar1,4,C_Gydan_Bay_Coast,81,4.6027225573637915,0.057372123472004974,0.8473058206735323,-0.08642829402095509,0.7028994774767773
kalman_ar1,4,C_Hainan,81,5.419149444640895,0.021070612419259664,0.7832224474111396,-0.03706572865302826,0.6106495940575177
kalman_ar1,4,C_Halmahera_Islands,81,3.200407611008681,0.16413957384683922,0.22941471372591515,-0.008308604286024313,-0.005399138242906165
kalman_ar1,4,C_Hispaniola,81,2.146488880846781,-0.13352682493230622,0.5486248105217482,-0.2613277745478686,0.12000665117546772
kalman_ar1,4,C_Hokkaido,81,4.028453465211347,0.15951027820928038,0.6699656744402805,0.0030501330164323104,0.43344783038611545
kalman_ar1,4,C_Hub_Porali_Basin,81,4.482081715595433,0.3372963611646485,0.5488375344895053,-0.13594350909529207,0.10251216353461468
kalman_ar1,4,C_Iberian_Atlantic_Coast,81,3.6042121082154526,0.30712659521175123,0.8473056936437694,0.0910996058587713,0.6992797692803223
kalman_ar1,4,C_Iceland,81,10.387419510804465,0.25783347048041627,0.8202215700667558,0.029513130894340822,0.6725190936782931
kalman_ar1,4,C_India_West_Coast,81,5.096319216829841,-0.03540586375348828,0.9465771038921877,-0.8295999094728219,0.8416552712450107
kalman_ar1,4,C_Indian_Ocean_Africa_Coast,81,5.247727360371168,0.428157111358329,0.7667634508712421,-0.02406011433399624,0.4770532549456161
kalman_ar1,4,C_Ireland,81,2.351515419078205,-0.23110514882913435,0.6127258021172725,-0.07008045065785562,0.31284762918856024
kalman_ar1,4,C_Irrawaddy_Sittang_Salween_Basin,81,3.979405792639069,0.5519603566481855,0.9531173901663246,0.2089330569336082,0.9069253702205109
kalman_ar1,4,C_Jamaica,81,2.9961199531446403,0.17724772635562663,0.1492426870541217,-0.008350317778749394,0.0017228702530858175
kalman_ar1,4,C_Japan,81,3.9831794184435267,0.16706293452269316,0.3962693354029706,-0.3495428608186675,-0.5549133205929413
kalman_ar1,4,C_Java,81,3.6890118443139372,0.4795497356581223,0.6649017709112188,0.13709533735202795,0.4314900010093782
kalman_ar1,4,C_Kamchatka_Peninsula,81,3.2669238352471686,0.4435473805444963,0.942419219435339,0.09760376157312711,0.8813364400371052
kalman_ar1,4,C_La_Plata_Delta,81,6.41828666131416,0.559640847333398,0.55784097605578,0.2704777429755735,0.2533881610451928
kalman_ar1,4,C_Labrador_Sea_Coast,81,3.916177313888146,0.5758185267978261,0.8452929058089447,0.23159565807812976,0.6676040644951251
kalman_ar1,4,C_Madagascar,81,4.094743303257414,0.38221160107099617,0.8756656325976231,0.08121335244209515,0.7580002843285929
kalman_ar1,4,C_Malaysian_Peninsula_Coast,81,4.450848370225551,0.4612872344295892,0.7027917976407744,0.17410665439939788,0.44218448632002616
kalman_ar1,4,C_Maluku,81,4.181508750381822,0.07077063763652153,0.15744379018691132,-0.004086536679069441,-0.034989531324999046
kalman_ar1,4,C_Melville_Prince_Patrick_Islands,81,7.353288912219558,0.6735416869841646,0.8373022351202632,0.26254472931480966,0.5856894782330564
kalman_ar1,4,C_Namibia_Coast,81,2.5111997808661544,0.20409460906027713,0.25415243703690665,-0.20275459625834014,-0.18566349280711125
kalman_ar1,4,C_Neva_River_Finland_Coast,81,3.070812197912889,0.2609352747673118,0.8042365788833998,-0.10476992295468746,0.5867399423324993
kalman_ar1,4,C_New_Brunswick_and_Nova_Scotia_Coast,81,5.193156192038411,-0.00219843883488774,0.7905561759482996,-0.22234643982149427,0.5339803505943413
kalman_ar1,4,C_New_Siberian_Islands,81,50.495099744389144,-0.21274406967764373,0.20661785770785548,-0.05840706842258814,0.01242746290498975
kalman_ar1,4,C_New_Zealand_North_Island,81,2.420733520220856,0.11628560878549073,0.7501276763626229,-0.1063453322790644,0.5081268518317217
kalman_ar1,4,C_New_Zealand_South_Island,81,2.513224172932782,-0.1835948029222203,0.7175275570527021,-0.018620519607190245,0.49956040485223396
kalman_ar1,4,C_Nigerian_Delta,81,5.9672837587935055,0.2820225634132452,0.9394921173936486,-0.0015045961629420734,0.8754055800535598
kalman_ar1,4,C_North_Argentina_South_Atlantic_Coast,81,4.410526165145935,0.595079595342582,0.5955112407319014,0.3218152463306462,0.27863666562466727
kalman_ar1,4,C_North_Australia_Coast,81,5.212793821458231,0.743356171270555,0.9021909222398816,0.39168539672773206,0.7711538330734498
kalman_ar1,4,C_North_Baffin_Island_Coast,81,5.589774598712538,0.7124257371858426,0.8582636410211313,0.3795070290858106,0.5913000777964803
kalman_ar1,4,C_North_Brazil_South_Atlantic_Coast,81,9.85443365422797,0.3812805321496988,0.9072706918580123,-0.15548866700301645,0.7681660148357324
kalman_ar1,4,C_North_Caspian_Sea_Coast,81,2.647588302547363,0.4166403511022888,0.8027556961715563,0.14191699865979301,0.5923168576801536
kalman_ar1,4,C_North_Chile_South_Pacific_Coast,81,2.8570949687854945,0.47049208390509495,0.7849675863770587,0.20240646119467143,0.6113919836941255
kalman_ar1,4,C_North_East_Bay_of_Bengal_Coast,81,3.4624294907853796,0.42744262474437345,0.9790243763437881,0.06440608954841609,0.9570682177021903
kalman_ar1,4,C_North_East_Siberian_Sea_Coast,81,1.7864180468194673,0.5833937617151898,0.8658339212908803,0.33303287386220704,0.7337522326781027
kalman_ar1,4,C_North_Gulf_of_Oman_Coast,81,3.698881828039101,0.5138282864238033,0.6996506493747278,0.2110759052889294,0.45866430778571887
kalman_ar1,4,C_North_Korea_Bay_Korean_Peninsula,81,3.5031248328348017,0.5750484686736622,0.6972681739871494,-0.20257169560263777,0.0565872927200749
kalman_ar1,4,C_North_Siberia_Coast,81,1.8235902755456452,0.3080438628853412,0.9247260391847731,0.06551477151477103,0.8511664850760432
kalman_ar1,4,C_North_St_Lawrence_Seaway_Coast,81,4.282168677038092,0.25153435068153046,0.8118167700404176,-0.7659205241173845,0.32331331598843116
kalman_ar1,4,C_North_Vietnam_South_China_Coast,81,4.986045785558026,0.20261611160149715,0.6951331463604838,-0.22670240930482377,0.3840010250910777
kalman_ar1,4,C_North_West_Africa_Coast,81,1.5708607828355086,-0.1901578306051352,0.3409184976258039,-0.53261400502271,-0.5490591125782625
kalman_ar1,4,C_Northeast_South_America_Coast,81,9.851190659999999,0.7759336198510406,0.7723012774121757,0.5529485885101062,0.5919338791589104
kalman_ar1,4,C_Northwest_Hudson_Bay_Coast,81,2.8989136620069096,0.6261997805268246,0.770367012756584,0.27587635850447556,0.5691922498234567
kalman_ar1,4,C_Northwest_Mediterranean_Coast,81,3.206073793601111,0.5314397633633215,0.8189837806772846,0.12624106452942507,0.6227830031075505
kalman_ar1,4,C_Norway_Coast,81,3.9136750731101113,0.14912915471356894,0.8087692195854582,-0.023190547745669532,0.6237332190156941
kalman_ar1,4,C_Novaya_Zemlya,81,21.908845299005552,0.44137480525423683,0.9363939389387238,-0.2759585486374365,0.8084220605182497
kalman_ar1,4,C_Nusa_Tenggara,81,3.670137855826229,0.04846870620541066,0.27244523924310626,-0.033250706625334914,0.028914546609906888
kalman_ar1,4,C_Olenyok_Delta,81,9.407424951439703,0.1748784833685375,0.41626822015055603,-0.010443868268984913,0.13834349564266735
kalman_ar1,4,C_Oregon_Coast,81,3.317075417295811,0.1087391508461143,0.9283946130433327,-0.22780473443074944,0.819366199930473
kalman_ar1,4,C_Papua_New_Guinea_Island,81,2.4469928061558313,0.25826357718819326,0.48540883037686244,0.05211305952283729,0.1637950721232112
kalman_ar1,4,C_Patagonia,81,3.975494563602599,0.17782844756129088,0.5833000978505275,-0.00161969875540513,0.27340731739727797
kalman_ar1,4,C_Peru_Pacific_Coast,81,1.5367493030930923,0.18063517051034086,0.8739466902273819,0.019137322880656393,0.7478472418899681
kalman_ar1,4,C_Philippines,81,3.273302718335707,0.47202452658460775,0.5712630512969412,0.19573310164450486,0.3181341739592216
kalman_ar1,4,C_Po_River_and_East_Italy_Coast,81,3.9870493264671096,0.5304087057228146,0.8382151796202076,0.0902862147234541,0.6429995838329156
kalman_ar1,4,C_Prince_of_Wales_Island,81,3.5179124556167354,0.02845047500295839,0.33989670161291313,-0.16539719454347845,-0.025696524344070326
kalman_ar1,4,C_Puerto_Rico,81,2.006261934986095,-0.07950439731916412,0.5420243689850662,-0.12636295908973016,0.23624163239230034
kalman_ar1,4,C_Sakhalin_Island,81,9.03209410982474,-0.2266078843501111,0.1343687275645406,-0.16157576661076,-0.2800277818416532
kalman_ar1,4,C_Sardinia_and_Corsica,81,8.792630015697805,0.2346847970927497,0.42685003198752575,0.015093637879605382,0.128642547643657
kalman_ar1,4,C_Severnaya_Zemlya,81,30.36618840614227,0.38460793965132467,0.8524399649571792,-0.5560118620417251,0.5512180673689036
kalman_ar1,4,C_Seward_Peninsula_Alaskan_North_Slope,81,2.5468615328635527,0.5847996643436079,0.7970781057421725,0.20610955492572514,0.5842665759068476
kalman_ar1,4,C_Shelikhov_Gulf_Sea_of_Okhotsk_Coast,81,5.201318757044613,0.20830800432923394,0.8080369315176922,-0.12330015036185382,0.563025917110678
kalman_ar1,4,C_Sicily,81,4.6369380566982095,-0.18064955269624738,0.08616579602239534,-0.067635420018888,-0.12142566758900553
kalman_ar1,4,C_Solomon_Islands,81,8.3192870430676,0.38799126354177094,0.32412773591649474,0.13629235743434787,0.02280451763586233
kalman_ar1,4,C_Somerset_Island,81,3.596470161033933,0.0028133216132547618,0.646959396277743,-0.3401729191895517,0.2891837840487699
kalman_ar1,4,C_South_Africa_South_Coast,81,2.2981873019583627,0.7000332815269181,0.7644380039026243,0.31229896510124966,0.45131555535492185
kalman_ar1,4,C_South_Africa_West_Coast,81,1.9874107310617593,0.23538084554113875,0.5670078069201915,0.0013404532047349704,0.2786088372561363
kalman_ar1,4,C_South_Alaska_Coast_Frazer_River,81,7.276250202045297,0.5223098753346557,0.9360111235387256,0.09262848065789908,0.8540565852858009
kalman_ar1,4,C_South_Amapa_Coast,81,9.049822264497827,0.7100357741947066,0.9068556435585149,0.3050604399443394,0.8177528593961368
kalman_ar1,4,C_South_Australia_Coast,81,1.2132707651014565,0.4894385695693899,0.8165027049222132,0.22487203999370164,0.6599720298465793
kalman_ar1,4,C_South_Baffin_Island_Coast,81,4.920135014091034,0.27597617474198793,0.69158452680785,-0.10677868684003,0.3098906240674697
kalman_ar1,4,C_South_Baltic_Coast,81,3.1804843107339327,0.16173087546678366,0.7538266515718302,-0.10367306680991195,0.5630653119422772
kalman_ar1,4,C_South_Black_Sea_Coast,81,6.07829143225632,0.21657592222775704,0.7675684477901888,-0.12722167266306128,0.5315399035084596
kalman_ar1,4,C_South_Chile_South_Pacific_Coast,81,7.734650938433814,0.13866004392313588,0.9432527321860069,-1.8349625629778301,0.7210571685748292
kalman_ar1,4,C_South_East_Brazil_Coast,81,6.533773582666078,0.4574116004617032,0.7112697968052459,-0.13741920973065458,0.28214302035392547
kalman_ar1,4,C_South_East_Russia_Coast,81,3.0449865937957186,0.24761085013313427,0.09219566792465982,-0.08494535797234759,-0.5408217002826361
kalman_ar1,4,C_South_Gulf_of_Aden_Coast,81,2.6613590758115464,0.515367248870467,0.25580967411153316,0.1758663229748264,0.04222756126563043
kalman_ar1,4,C_South_Gulf_of_Oman_West_Arabian_Sea_Coast,81,1.9866080987497132,0.20497150708533637,0.4605387968582871,-0.3490152969758795,-0.09638188420742555
kalman_ar1,4,C_South_Hudson_Strait_Ungava_Bay_Coast,81,4.136583066825189,0.13786199988717443,0.8100894040891717,-0.28718280023980136,0.5377151741768345
kalman_ar1,4,C_South_Mediterranean_Coast,81,1.4608255071518457,-0.19825753477476057,0.2920714261683411,-0.1860369428878843,-0.07598046312442785
kalman_ar1,4,C_South_Zambezia_Coast,81,4.2867129865281495,0.2738094487626554,0.8541288355575645,-0.09923678175470019,0.6767194178616045
kalman_ar1,4,C_Southhampton_Coats_Islands,81,3.9493133278616854,0.07141090368043561,0.5285494159572748,-0.009023964562824283,0.26463193475589775
kalman_ar1,4,C_Southwest_Hudson_Bay_Coast,81,2.613025886716177,0.3255096712203107,0.8565783724243251,0.060882785840943754,0.7017507453352105
kalman_ar1,4,C_Southwest_Mediterranean_Coast,81,2.4308517183039724,0.12057008545705063,0.6743438937627338,-0.26915648063694175,0.1071058698611459
kalman_ar1,4,C_Sri_Lanka,81,2.1118600629043542,0.2325793291909847,0.9153823660981766,-0.491344915237772,0.7453045248492018
kalman_ar1,4,C_Sulawesi,81,3.154382736767017,0.37684575271961207,0.3912929143321045,0.1295614706821563,0.06575482664809917
kalman_ar1,4,C_Sumatra,81,3.537481100414834,0.21558701877189893,0.5502785900791516,-0.21406495182948948,0.00018806067342147514
kalman_ar1,4,C_Svalbard,81,26.445929817794294,0.6866816198311589,0.9716582746485187,0.07273026338555222,0.9038347400451577
kalman_ar1,4,C_Sweden_Coast,81,3.789844897471648,-0.021682282048202932,0.7267957450297614,-0.07494033094938035,0.52658854499335
kalman_ar1,4,C_Taiwan,81,2.1173118881127357,0.21047626885496903,0.6438755393902489,-0.0005523957420576764,0.389117964767112
kalman_ar1,4,C_Tasmania,81,2.9284782524421487,0.2495331158136247,0.7455778007750417,0.0302975022081603,0.5404016780900885
kalman_ar1,4,C_Texas_Gulf_Coast,81,4.321391270300721,0.37393159459299086,0.6240877720652024,0.008391772716554224,0.34109451855296113
kalman_ar1,4,C_Thar_Desert_Sabarmati_River_Gulf_of_Cambay_Luni_Delta,81,5.296204691528889,0.6052114421124175,0.7221671335237395,0.34909070830602307,0.5146279387678898
kalman_ar1,4,C_US_East_Gulf_of_Mexico_North_Atlantic_Coast,81,4.647711511385791,0.6139616700887359,0.6065570033947835,0.36928148666698213,0.3368911928567667
kalman_ar1,4,C_US_North_Atlantic_Coast,81,3.103513074522063,0.22258526892551522,0.8296393270501244,-0.03083947374196261,0.6620947901415919
kalman_ar1,4,C_Uda_Basin,81,3.6383226773062494,0.0004254049831663492,0.5128760030875243,-0.0171280170639736,0.20226088837982736
kalman_ar1,4,C_Uruguay_South_Brazil_Coast,81,5.808414699179539,0.3601553312194055,0.47569614571949403,0.025829569171548106,0.16256354330295908
kalman_ar1,4,C_Victoria_Island,81,3.0912783292693744,-0.2090061902103554,0.6369377852407686,-0.4067729122448249,0.34221448013220324
kalman_ar1,4,C_Vietnam_Coast,81,3.8545535145249836,0.5551269733544412,0.9608578040071354,0.21115110428719885,0.9129657915874629
kalman_ar1,4,C_West_Africa_Coast,81,2.3276249972175274,0.26855568468228,0.9813768282415971,0.029783051879036404,0.9561730457936554
kalman_ar1,4,C_West_Australia_Coast,81,2.11136788272671,0.12140686930249414,0.4342476008121033,-0.24173719705584906,0.0006445550315266058
kalman_ar1,4,C_West_Barents_Sea_Coast,81,3.3647581068258092,-0.0037193009155536256,0.8567782353011274,-0.026149476374033087,0.7050758586826942
kalman_ar1,4,C_West_Black_Sea_Coast,81,6.124055195435298,0.23073344531970272,0.7438884600355947,-0.024158610827769378,0.5262094183293329
kalman_ar1,4,C_West_Caspian_Sea_Coast,81,4.006652733959205,0.415762593515354,0.8466575027613801,0.13999075570840103,0.6764737201406039
kalman_ar1,4,C_West_Continental_Europe,81,3.0649932192347245,0.596505472839808,0.8435993391561795,0.321552141748237,0.6991849464977586
kalman_ar1,4,C_West_Italy_Coast,81,2.9275241677524826,-0.14747983969644451,0.863640989927151,-0.2940996864314822,0.7120966030799952
kalman_ar1,4,C_West_Mississippi_Delta,81,5.426447532872675,0.4820940960132392,0.8091866520952838,0.21316212048306182,0.6259580963632635
kalman_ar1,4,C_West_Nile_Delta,81,2.2791477866213876,0.10345588922786803,0.4757957367290914,-0.4546145079335342,-0.13291268268937495
kalman_ar1,4,C_West_Red_Sea_Coast,81,2.2386866393375997,0.3448502495555294,0.592933897448541,0.05840446381707054,0.2578842477366162
kalman_ar1,4,C_Yamal_Peninsula,81,3.879387363998464,0.050649668082451804,0.8129762169161576,-0.13467051420626253,0.6184758102354104
kalman_ar1,4,C_Yellow_Sea_Coast,81,4.8909066394093585,0.7563919862072884,0.7151625291881841,0.24372791157229312,0.26400238275738586
kalman_ar1,4,C_Yenisey_Gulf_Coast,81,4.1069476986210995,0.058956754650589964,0.8579680469899981,-0.010004651888551264,0.7353536470735966
kalman_ar1,4,C_Ziya_He_Interior_Coast,81,6.352822194310575,0.7913736089688024,0.803174755735639,0.2975886393538292,0.3334856175530556
kalman_ar1,4,E_Altai_Mountains,81,1.392099770717689,0.1929205420548171,0.2477403287117771,-0.05198033554926318,-0.08679007075810663
kalman_ar1,4,E_Amu_Darya,81,3.2806567625840986,0.405756982213715,0.9018228512849982,-0.2994531001605416,0.6730542738033058
kalman_ar1,4,E_Australia_Northwest_Plateau,81,5.089464955347808,0.7034288470860491,0.7959201215218745,0.34775210521599553,0.5054821273348078
kalman_ar1,4,E_Badain_Jaran_Desert,81,1.201412816567298,0.21941204528812985,0.5248429303230471,0.029287748600303587,0.2611383786067325
kalman_ar1,4,E_Central_Iran,81,3.0418020580553287,0.5376832882905263,0.8288777728198133,0.23970400882357001,0.6653728928905537
kalman_ar1,4,E_Central_Mongolia,81,2.5323308555790995,0.26009739037048746,0.3172177931387738,-0.06367901358251249,-0.04698566174446284
kalman_ar1,4,E_Dayan_Khyargas_Uvs_Nuur_Basins,81,1.6622987673314564,0.42000136105240904,0.5350886884565021,0.16214913255042096,0.2635846332922914
kalman_ar1,4,E_East_Gobi_Desert,81,2.126297225092907,0.5382457324033089,0.46548007678044934,0.0904343752182023,0.026920575367053834
kalman_ar1,4,E_Egyptian_Western_Desert,81,1.633724173199793,0.24476226937182696,0.48104323232830276,-0.3526408963191707,-0.2592563478228074
kalman_ar1,4,E_Farahrud_Helmand_Hamun_i_Mashkel,81,3.121266233892241,0.28352353396604135,0.752412980974286,-0.1387478120447525,0.465032114136131
kalman_ar1,4,E_Great_Basin_Great_Salt_Lake,81,3.822377646902099,0.708518688464176,0.8103522325903205,0.4852187756063422,0.6362567624748882
kalman_ar1,4,E_Great_Victoria_Desert,81,1.7589801988830664,0.3929208286317068,0.264713434049194,0.11323893388786688,-0.07979338038378114
kalman_ar1,4,E_Jordan_Northwest_Saudi_Arabia,81,3.3524108339145595,0.1787986180019351,0.7278002297161605,-0.14716687959052033,0.4309084847273419
kalman_ar1,4,E_Junggar_Pendi,81,2.6329342116992844,0.48666402622610716,0.8047631218276061,-0.15052768958809382,0.4140134119655501
kalman_ar1,4,E_La_Puna_Altiplano,81,2.2095091641158864,0.40071294412259734,0.7693548395317115,0.02574586061625017,0.52246013798145
kalman_ar1,4,E_Lake_Eyre_Basin,81,2.573617866348715,0.7077948971723601,0.6524670308152074,0.4658080096152982,0.39300972229915276
kalman_ar1,4,E_Lake_Rukwa_Basin,81,12.36978165095742,0.523101760157846,0.8490484868323592,-0.17605541166441796,0.5592430377576295
kalman_ar1,4,E_Lakes_Balkash_Alakol,81,2.3518504219197673,0.4919422012409533,0.8711248559869083,0.0197167529866058,0.7036517697424425
kalman_ar1,4,E_Libyian_Desert,81,1.036972848382426,0.05729454584337417,0.5511655299389713,-0.023655220707708313,0.28968569077061723
kalman_ar1,4,E_Lower_Lake_Chad,81,6.608494395826995,0.4909526207549906,0.9246151644654985,-0.9311313186376504,0.6886109916609512
kalman_ar1,4,E_North_Central_Arabia,81,2.176499698625779,-0.031824072349221875,0.6579597894501862,-0.08615642508817234,0.42443686451731644
kalman_ar1,4,E_North_Plateau_of_Tibet,81,2.880435884092739,0.41733246561613246,0.3526729931253166,0.08733435635713915,-0.016267298294594834
kalman_ar1,4,E_Northern_Kordofan,81,2.815534541223533,0.37456815164358914,0.5921552779855125,-0.08175464036362046,0.1760037665636952
kalman_ar1,4,E_Plateau_of_Tibet,81,1.7819557904300332,0.38041974860451194,0.6432358762991364,0.10061746735574839,0.3869806738386028
kalman_ar1,4,E_Qinghai_Lake,81,2.1398531110246077,0.733735150038299,0.4166800100877914,0.5108935708801456,0.014640298486902958
kalman_ar1,4,E_Rift_Valley,81,5.871237495012447,0.34036620733934986,0.4560297129868864,-0.3789101817322238,-1.0574298000154512
kalman_ar1,4,E_Rub_al_Khali_Desert,81,1.537768680349304,0.12829356586854157,0.46053329841395896,-0.042758754925111164,0.17046590725060173
kalman_ar1,4,E_Sahara,81,0.7932041141473892,-0.06342408900198508,0.24536625959125016,-0.06634065432543901,-0.0303586724878393
kalman_ar1,4,E_Saharan_and_Algerian_Atlas,81,1.83241256565751,0.02489212662933112,0.858919583579562,-1.1542301148913063,0.3754541421703097
kalman_ar1,4,E_Salinas_Grande_Mar_Chiquita,81,2.815977592629115,0.7708826667926495,0.808844664971949,0.45736690925664825,0.5023397796295437
kalman_ar1,4,E_South_Interior_Africa,81,4.095618883176617,0.6609709760256093,0.8011859594180137,0.3884026804285342,0.6181969706557963
kalman_ar1,4,E_Syr_Darya,81,2.006623432125246,0.4979409667199156,0.8835927028405893,0.16886748926329853,0.7602578243532845
kalman_ar1,4,E_Tarim_He_Lop_Nur,81,1.3135594937288904,0.5346555733768429,0.8187189992742723,0.09241840505369348,0.5670199425517704
kalman_ar1,4,E_Turpan_Pendi,81,2.724698089300922,0.2666898766454462,0.74280656332101,-0.4123349529274234,0.32544295868050854
kalman_ar1,4,E_Upper_Lake_Chad,81,2.228595504946615,0.4291387277297445,0.6967824579276404,-0.30367155130302903,0.18705757778583343
kalman_ar1,4,R_Amazon_River,81,4.687370793540862,0.7022652669363404,0.9654174999578254,0.4320200593922414,0.915397156324017
kalman_ar1,4,R_Amur_River,81,2.486723532396252,0.5962006950105504,0.222949165556788,0.2645676618116485,-0.5036751153592636
kalman_ar1,4,R_Colorado_River_Argentina,81,3.7723655775434084,0.09128497730113687,0.36092144091356465,-0.33173304594375486,-0.25776804416302723
kalman_ar1,4,R_Colorado_River_of_the_West_North_America,81,2.5621257863855598,0.5544969504791947,0.7549116873965799,0.24365982412223697,0.5213196397467007
kalman_ar1,4,R_Columbia_River,81,2.8940175737777576,0.28995571564979716,0.9775356913535568,-1.2157046428955303,0.8935264380171529
kalman_ar1,4,R_Congo_River,81,3.894129179161554,0.5792786298720644,0.750906235237574,0.11438583690254278,0.4038576769959017
kalman_ar1,4,R_Danube_River,81,3.140324223642798,0.43342651301090085,0.8964202451448322,-0.0814495234662993,0.7399667573551458
kalman_ar1,4,R_Dnieper_River,81,4.273419659911037,0.7059292464620663,0.797933614901139,0.4953439387562716,0.6353709025746703
kalman_ar1,4,R_Don_River,81,4.109059501531333,0.7928796719800507,0.8854984227486926,0.5776057851105412,0.7556664233722233
kalman_ar1,4,R_Ganges_Bramaputra_Basin,81,3.9858683864228315,0.28526307937582085,0.9452138809697285,-0.3047250897170406,0.8494092825467167
kalman_ar1,4,R_Indus_River,81,4.874330522982772,0.40714031227396097,0.8223748584918198,-0.5143432086678834,0.41259403086939017
kalman_ar1,4,R_Lena_River,81,1.8397720479792972,0.3347633521912524,0.877369996903956,0.06144840606314517,0.7623851091735705
kalman_ar1,4,R_Limpopo_River,81,6.145321159129874,0.6556671379161297,0.8119851864532842,0.10863122040280815,0.35270403228324243
kalman_ar1,4,R_Mackenzie_River,81,3.398127474454998,0.8541603145227686,0.8830922279685754,0.6431575604760015,0.7562378186220591
kalman_ar1,4,R_Magdalena_River,81,4.728914269942066,0.5004434557557343,0.7783496286647675,0.23447102441769807,0.5389604589964713
kalman_ar1,4,R_Mekong_River,81,5.060023216146,0.6932706631006775,0.9312591862991029,0.40914156283636716,0.8610543047399306
kalman_ar1,4,R_Mississippi_River,81,2.9983271738654667,0.8486850221301226,0.9268132189753655,0.524674219624372,0.7579775201556398
kalman_ar1,4,R_Murray_Darling_River,81,3.414674859664139,0.6513083645824072,0.6567383943792381,0.40840876889563194,0.4078065487631146
kalman_ar1,4,R_Niger_River,81,3.082969648362267,0.2843298903453431,0.9570683586215228,-0.9185233632770013,0.8242362016052317
kalman_ar1,4,R_Nile_River,81,4.107349698650027,0.10490292664164046,0.8248186500608958,-1.238882401033949,0.4178686454497418
kalman_ar1,4,R_Ob_River,81,2.4564899558870104,0.7194988955636897,0.9075474902691859,0.5167233119614927,0.8214161084876914
kalman_ar1,4,R_Orange_River,81,3.0566781617265164,0.532998182765652,0.579205924105869,0.17582136959058847,0.2363153087268136
kalman_ar1,4,R_Orinoco_River,81,5.6954798366466255,0.5638626524961786,0.9312580358021796,0.30224115382093353,0.8632167174564055
kalman_ar1,4,R_Parana_River,81,5.019544332883656,0.48105948797349524,0.8218721456559095,-0.4773620719266436,0.18546941129778527
kalman_ar1,4,R_Parnaiba_River,81,7.249052426964414,0.5686535049072505,0.8868355156485014,-0.22608426029455408,0.6130938938044987
kalman_ar1,4,R_Rio_Grande_Rio_Bravo,81,3.8645003880759954,0.10077524462181182,0.6233481912771487,-0.6816429489951012,-0.013045756733620184
kalman_ar1,4,R_Saint_Lawrence_River,81,4.581766345215705,0.8496188038071624,0.8119435193624611,0.6680396342275072,0.5943531226489498
kalman_ar1,4,R_Sao_Francisco_River,81,8.69454474011676,0.46750828829142194,0.7262137710601991,-0.06093410024744528,0.37002205444206704
kalman_ar1,4,R_Saskatchewan_Nelson_Rivers,81,3.590637958723754,0.33836866369879925,0.7600512655604014,-0.2961780820360962,0.4696990563393738
kalman_ar1,4,R_Senegal_River,81,2.749412600197704,0.37697500580641713,0.9166927519127556,0.030571324024753155,0.8141843700931308
kalman_ar1,4,R_Shebelli_Juba_Rivers,81,4.433054289681796,0.5199053471776288,0.602547729646829,-0.005280516856832618,0.16360080721427273
kalman_ar1,4,R_Tigris_Euphrates_River,81,3.750802270886235,0.7976648710841597,0.875828774608316,0.6349469745423859,0.7652437308706834
kalman_ar1,4,R_Tocantins_River,81,7.175604545919814,0.38077747094422937,0.9117725797455143,0.1145917421145477,0.8258206282499706
kalman_ar1,4,R_Volga_River,81,2.964838998397576,0.44130812827290206,0.9114077876153351,0.14935540292526883,0.8156658871579049
kalman_ar1,4,R_Volta_River,81,3.017217051060311,0.3853157243658315,0.9414526156716726,0.11864370059811213,0.8766845359273643
kalman_ar1,4,R_Yangtze_River,81,3.8245820026168906,0.37938683548832514,0.57812022132506,0.005270263089220073,0.2630307345974042
kalman_ar1,4,R_Yellow_River_Huang_He,81,2.1979735590488443,0.29787583040609406,0.5145560954647843,0.05172305118214071,0.2295267449543663
kalman_ar1,4,R_Yenisey_River,81,1.7192605361985325,0.11732392016716431,0.9207613794785995,-0.4616417419438703,0.7946131806309291
kalman_ar1,4,R_Yukon_River,81,2.268471406127261,0.31093359188713393,0.937589360770099,-0.5842028336248493,0.7870765677659544
kalman_ar1,4,R_Zambezi_River,81,4.916019650995796,0.6530274775519365,0.9192129011266708,0.38465950930570114,0.8333622778068085
kalman_ar1,5,C_Aleutians_South_Alaska_Coast,80,5.019027202297216,0.7674278742261449,0.9539267750694937,0.5673267764574359,0.8935640079810625
kalman_ar1,5,C_Amazon_River_Delta,80,8.4005500683485,0.6141712269929235,0.9208177250191536,0.2790594977258106,0.8354065576070129
kalman_ar1,5,C_Angola_Coast,80,4.559114348012723,0.5830167574740226,0.8125524924160791,0.28676118661799943,0.6441048780837422
kalman_ar1,5,C_Balkan_Peninsula_and_Adriatic_Coast,80,3.0984049720740816,0.03199244176895457,0.9338127859965012,-0.22125741411905464,0.8539145931341424
kalman_ar1,5,C_Banks_Island,80,8.392926297941703,-0.02328157303068276,0.4035018500221434,-0.08870039223405879,0.10094671470577898
kalman_ar1,5,C_Beaufort_Sea_Coast,80,1.984933241125772,-0.016531159536539344,0.8974645808094606,-0.03079905776906955,0.8048617681085666
kalman_ar1,5,C_Bight_of_Benin_Coast,80,5.207836236964041,0.43063044631945613,0.8909872037500296,0.1794044803554411,0.7914773871050753
kalman_ar1,5,C_Bismark_Sea_Islands,80,3.261465755383009,0.6365142624740755,0.4612794425165961,0.12306028783533962,-0.06526591431323636
kalman_ar1,5,C_Borneo,80,4.392803814060208,0.2984419886057519,0.21705051510192488,-0.02054919793274146,-0.41866339357393634
kalman_ar1,5,C_Buor_Khaya_Gulf_Coast,80,4.407307072924446,0.07715241162382025,0.720752892474536,-0.04180037356866828,0.5065547853772847
kalman_ar1,5,C_California_and_Baja_California,80,3.5887702274265263,0.6267530910929783,0.8114938381816716,0.3720356366732267,0.6546183045151481
kalman_ar1,5,C_Canadian_South_Arctic_Ocean_Coast,80,2.002668431265074,-0.0022180455786300003,0.8198711846283904,-0.3007126817715329,0.6032076416109838
kalman_ar1,5,C_Capim_River_Delta,80,10.371182055645603,0.42376882017230977,0.8937867547793683,0.1188152661095544,0.7751780012840744
kalman_ar1,5,C_Carribean_Coast,80,3.9651226044230783,0.6328852445302133,0.8980080734239977,0.38285813444688876,0.798931244126855
kalman_ar1,5,C_Central_America_Gulf_of_Mexico_Caribbean_Coast,80,3.7010086681443863,0.43566817988798606,0.8918455654159633,0.0811958092235695,0.7731473751833943
kalman_ar1,5,C_Central_American_Pacific_Coast,80,3.6112346238977175,0.08881562336635777,0.8848285536123693,-0.8319174981135518,0.6073555435350196
kalman_ar1,5,C_Chao_Phraya_River_Gulf_of_Thailand_Coast,80,6.815152116726874,0.5103102617783479,0.9003109473671209,0.11921369777740054,0.7706049429461234
kalman_ar1,5,C_Chukchi_Peninsula,80,4.676646238256889,0.08995172519598266,0.7611029790967564,0.0008961121067846411,0.5761748771264035
kalman_ar1,5,C_Churchill_Seal_Rivers,80,3.830941208108705,0.6838122903538245,0.7938919127691673,0.3766130232945222,0.5490485157710792
kalman_ar1,5,C_Columbia_Ecuador_Pacific_Coast,80,2.023870354558258,0.1887599911643471,0.6987493828307911,0.007813194239160604,0.48808653435389804
kalman_ar1,5,C_Crimea_West_Azov_Sea_Coast,80,7.754750756819686,0.3903403871645691,0.6714036705372916,0.1321951626186023,0.42100005024148335
kalman_ar1,5,C_Cuba,80,2.6694415525197512,-0.1479850075357006,0.7760227493863021,-0.13465178960352575,0.5295293167924833
kalman_ar1,5,C_Deccan_Plateau_East_Indian_Subcontinent_Coast,80,5.029443712382582,0.4043511157139794,0.954070869510091,-0.4528218186394284,0.844336751426145
kalman_ar1,5,C_Denmark_Germany_Coast,80,7.696204202911103,0.1812004536896396,0.41359140580553405,0.02193022882482254,0.1597354838259183
kalman_ar1,5,C_East_Australia_Coast,80,3.0430525146555985,0.5344527668434967,0.4587322006558547,0.2749172732461387,0.1785521312253998
kalman_ar1,5,C_East_Azov_Sea_Northeast_Black_Sea_Coast,80,9.56373145560033,0.4428963546989321,0.6129651972023576,0.1918973914201033,0.3642545611670398
kalman_ar1,5,C_East_Barents_Sea_Coast,80,3.6075346757729956,0.38986282970677166,0.8924901101170598,0.017231320576907794,0.7661157951350553
kalman_ar1,5,C_East_Beaufort_Sea_Amundsen_Gulf_Coast,80,2.7885040941624895,0.2799479999692195,0.7457794922272203,0.05600864198319955,0.5395332245259745
kalman_ar1,5,C_East_Brazil_South_Atlantic_Coast,80,4.84900923432878,0.3758440062385725,0.8283573644274019,-0.4531794180449882,0.45920963365159906
kalman_ar1,5,C_East_Caspian_Sea_Coast,80,3.112740063539701,0.627359828204345,0.8866616297098631,0.2050148285337543,0.7116803287305425
kalman_ar1,5,C_East_Central_Africa_Coast,80,6.546668079782142,0.20621066720989922,0.8813663371064211,-1.1484114231214289,0.49810015215878367
kalman_ar1,5,C_East_China_Coast,80,5.816078443292719,0.26047299021731013,0.6895827829525223,-0.15503131919233715,0.33023383830503694
kalman_ar1,5,C_East_Hudson_Bay_Coast,80,3.68979561635314,0.17222965417687874,0.6527405111583306,-0.2192690387865437,0.3040859466385092
kalman_ar1,5,C_East_Mediterranean_Coast,80,4.330448862311789,0.1954250854565544,0.8540691824084924,-0.3301554597966756,0.649248585775346
kalman_ar1,5,C_East_Mississippi_Delta,80,5.702995788161617,0.4613629721531541,0.8080870226121337,0.18072763144703774,0.6308418549967066
kalman_ar1,5,C_East_Nile_Delta,80,2.9059082602643906,0.08659147153290556,0.4749602963303944,-0.5437311779871534,-0.18456945973495187
kalman_ar1,5,C_East_Ob_Bay_Coast,80,3.6465907641458855,0.27959708310787396,0.8848526561409664,0.011164937917733098,0.755628276288223
kalman_ar1,5,C_East_Red_Sea_North_Gulf_of_Aden_Coast,80,1.799626600923465,0.06606172101584284,0.5662744496615686,-0.07064665107562407,0.24746961321414396
kalman_ar1,5,C_East_Timor_Islands,80,3.4868005791144396,0.28460200413445746,0.3922101481499295,0.003960466600289703,0.14787441232487653
kalman_ar1,5,C_Ellef_Ringnes_Bathurst_Devon_Islands,80,3.6268967121141524,0.1490559331570367,0.5863948044460577,-0.3840139799056881,0.03207863560172619
kalman_ar1,5,C_Ellesmere_Island,80,6.217058336514983,0.5998621791167056,0.9518373283020881,0.05542942441414567,0.8346419667349738
kalman_ar1,5,C_Great_Britain,80,3.3775423322686544,-0.17026182402979606,0.5247950029301003,-0.2679217089716548,0.11039796535299418
kalman_ar1,5,C_Greater_Dniester_Basin,80,5.104481922022444,0.1973103096109,0.8055492409634851,-0.5267053417902934,0.47546171492627676
kalman_ar1,5,C_Gulf_of_Darien_Coast,80,4.055560278944542,0.3631927042421303,0.8241471350566406,0.10991855181798149,0.653413507678035
kalman_ar1,5,C_Gulf_of_Guinea_Coast,80,3.821551729608093,0.6025158183039826,0.744254351122261,0.2540632970309443,0.5416400280056721
kalman_ar1,5,C_Gydan_Bay_Coast,80,4.730647820578172,-0.07521623299565162,0.8395157532707214,-0.13560087529012388,0.6880626776627701
kalman_ar1,5,C_Hainan,80,5.428609594763574,-0.017772294879655582,0.7861995637414742,-0.04224420690666708,0.6140940198437541
kalman_ar1,5,C_Halmahera_Islands,80,3.2701007556182105,0.0674037963902449,0.18796682435872808,-0.04928402399180376,-0.038317545421491905
kalman_ar1,5,C_Hispaniola,80,2.178109433769175,-0.16233055278717282,0.5383389193281579,-0.29013184517586854,0.09354361683222234
kalman_ar1,5,C_Hokkaido,80,4.035365386109215,0.20473018026265008,0.6738849226378726,0.008884011636291378,0.4361066635512506
kalman_ar1,5,C_Hub_Porali_Basin,80,4.677701093498695,0.26996293417993406,0.5269850551403426,-0.23498558461407537,0.0310886385463236
kalman_ar1,5,C_Iberian_Atlantic_Coast,80,3.5856037598161286,0.32248215813718684,0.8473636453194205,0.10095461933476757,0.6988958624425785
kalman_ar1,5,C_Iceland,80,10.588723656950839,0.19889895388806114,0.8122359228681422,-0.0064800506651148115,0.6595096665778704
kalman_ar1,5,C_India_West_Coast,80,5.307366562797032,-0.1572983347865407,0.9428264083666226,-1.0122144136653048,0.8269977555810589
kalman_ar1,5,C_Indian_Ocean_Africa_Coast,80,5.553027795637104,0.3282590483731678,0.7352636095846149,-0.14067592229015724,0.4095285391112723
kalman_ar1,5,C_Ireland,80,2.306649292830333,-0.09987534885362977,0.6248597866010395,-0.0598032380400928,0.33336698676907894
kalman_ar1,5,C_Irrawaddy_Sittang_Salween_Basin,80,4.132055048509268,0.5109402701115594,0.9494936492067759,0.1472850053976339,0.899753541832278
kalman_ar1,5,C_Jamaica,80,2.968391260914321,0.09732365842147327,0.16646200800272787,-0.01500918817605168,0.004746457911044888
kalman_ar1,5,C_Japan,80,4.125123961095366,0.20770865347491527,0.4331653669171244,-0.4070091767430697,-0.6639884341929683
kalman_ar1,5,C_Java,80,3.732114978419919,0.4534140265600635,0.6318383557668513,0.08484098582694743,0.3756120728266459
kalman_ar1,5,C_Kamchatka_Peninsula,80,3.441508556640444,0.17219046454875228,0.9343083498681514,-0.00808068730156064,0.8660685093326538
kalman_ar1,5,C_La_Plata_Delta,80,6.8432188048210865,0.48681622061845314,0.4813678296951895,0.1705279645085762,0.14238045283408174
kalman_ar1,5,C_Labrador_Sea_Coast,80,4.005237510795856,0.5778622177493838,0.8402334906501406,0.21430658939425984,0.6504570046174294
kalman_ar1,5,C_Madagascar,80,4.288543779434986,0.23374569170176968,0.8640199372616216,0.013320689928276619,0.7362347567929289
kalman_ar1,5,C_Malaysian_Peninsula_Coast,80,4.6779994385374515,0.4070409874999417,0.6796766567731535,0.09981880232677298,0.3902282123948122
kalman_ar1,5,C_Maluku,80,4.120626236838854,0.1309959982502256,0.20745336185210583,0.0160918016095275,0.0024041717811111862
kalman_ar1,5,C_Melville_Prince_Patrick_Islands,80,7.814383248805198,0.6559727334032129,0.8287417396796732,0.18580935059320236,0.5336220585717111
kalman_ar1,5,C_Namibia_Coast,80,2.4929090864002563,0.2768080213115386,0.33048499534106024,-0.19313467561911812,-0.15423425119229006
kalman_ar1,5,C_Neva_River_Finland_Coast,80,3.153026549309047,0.2413140245782843,0.8024970759967779,-0.15580014191396208,0.5639861666966786
kalman_ar1,5,C_New_Brunswick_and_Nova_Scotia_Coast,80,5.303071333020186,-0.06067869528149118,0.785531792730396,-0.24909480649219407,0.5132452862637411
kalman_ar1,5,C_New_Siberian_Islands,80,50.07763908011145,-0.11847989573599618,0.2114258679901505,-0.04922499671238523,0.005950370928844206
kalman_ar1,5,C_New_Zealand_North_Island,80,2.498586580562873,0.024311821527118298,0.7391514440461608,-0.14352163928548833,0.4819872551212532
kalman_ar1,5,C_New_Zealand_South_Island,80,2.5188861593615983,-0.1628117191560097,0.719202313226911,-0.014363484418641992,0.5007473339210446
kalman_ar1,5,C_Nigerian_Delta,80,5.639578191745167,0.08441478883695658,0.9422565820581139,-0.016352907931417526,0.8822385604688651
kalman_ar1,5,C_North_Argentina_South_Atlantic_Coast,80,4.608119652276283,0.5519903774505214,0.5382272330564917,0.2638734224195447,0.20568187584347997
kalman_ar1,5,C_North_Australia_Coast,80,5.725877411918793,0.6876112512949405,0.8759603747700756,0.2763155521364832,0.7217314152044455
kalman_ar1,5,C_North_Baffin_Island_Coast,80,6.097377432408062,0.6582205628087182,0.8386649768846904,0.2628554846509247,0.5071404805628907
kalman_ar1,5,C_North_Brazil_South_Atlantic_Coast,80,10.469898596001855,0.3316027426672561,0.9028853423371461,-0.31001736031955085,0.7322836521910752
kalman_ar1,5,C_North_Caspian_Sea_Coast,80,2.530625416808858,0.4825927551907107,0.8160759699269016,0.22648209498271143,0.6315102706606113
kalman_ar1,5,C_North_Chile_South_Pacific_Coast,80,2.919044134150691,0.43688581413802846,0.775834718344914,0.17170168814278164,0.5966541467972557
kalman_ar1,5,C_North_East_Bay_of_Bengal_Coast,80,3.5626042575532604,0.42664028510731755,0.9778995578835225,0.025748222982088342,0.9546054398275611
kalman_ar1,5,C_North_East_Siberian_Sea_Coast,80,1.774284147194468,0.5893039671154385,0.8607778246137436,0.34259348734951534,0.7341389506059004
kalman_ar1,5,C_North_Gulf_of_Oman_Coast,80,3.814137311323413,0.4902207426612609,0.689593492838387,0.16285486973128804,0.42873200175202164
kalman_ar1,5,C_North_Korea_Bay_Korean_Peninsula,80,3.8674304252235263,0.492761745656174,0.6626784710222108,-0.5876341683436448,-0.223393733211384
kalman_ar1,5,C_North_Siberia_Coast,80,1.9031702029211608,0.2195441109902097,0.9179072072638106,-0.0012907612533983315,0.8383222036592777
kalman_ar1,5,C_North_St_Lawrence_Seaway_Coast,80,4.568407211156856,0.12576250927012117,0.7978297775873114,-0.9746678483432738,0.23284806898181054
kalman_ar1,5,C_North_Vietnam_South_China_Coast,80,5.306011347023966,0.05568511520629846,0.6601722939779776,-0.35279363085605264,0.3084499265383669
kalman_ar1,5,C_North_West_Africa_Coast,80,1.61978458938346,-0.15808708132245947,0.34842523431606864,-0.5734362434655302,-0.6393939183028243
kalman_ar1,5,C_Northeast_South_America_Coast,80,10.817291941371765,0.7260065543569432,0.7187163213846922,0.4672186131422905,0.5112069610215741
kalman_ar1,5,C_Northwest_Hudson_Bay_Coast,80,3.1189665592707563,0.5066924404197736,0.7300503805768623,0.16186612392749478,0.5074526655432068
kalman_ar1,5,C_Northwest_Mediterranean_Coast,80,3.33723350656708,0.503550910283354,0.8037471519384584,0.05505447506199124,0.5911794357305784
kalman_ar1,5,C_Norway_Coast,80,4.00218739719845,0.022914103877156727,0.8032953555820387,-0.06408167392570152,0.6111602388689497
kalman_ar1,5,C_Novaya_Zemlya,80,23.106988533724646,0.44739118564997393,0.9373242998249399,-0.40486502335531105,0.7864749310371387
kalman_ar1,5,C_Nusa_Tenggara,80,3.652704426589016,0.3979070116088316,0.2928087908948999,-0.02362593260314272,0.040840492966562114
kalman_ar1,5,C_Olenyok_Delta,80,9.588034576967155,0.1267854689059304,0.3854704463511693,-0.03162638759836556,0.10823431730435074
kalman_ar1,5,C_Oregon_Coast,80,3.373597214147065,0.11426619357037048,0.9275105775275739,-0.2642991336041318,0.8127924357944786
kalman_ar1,5,C_Papua_New_Guinea_Island,80,2.5688664005694393,0.1051253106998871,0.4277654864265531,-0.03216864459976776,0.08652476149970267
kalman_ar1,5,C_Patagonia,80,3.9748309150618075,0.2804561599161942,0.5757205474291102,0.013549497738724825,0.2618883424417081
kalman_ar1,5,C_Peru_Pacific_Coast,80,1.5340931864943657,0.16441500348679797,0.877002926305565,0.021167314332759424,0.7499779246092093
kalman_ar1,5,C_Philippines,80,3.3992756312309003,0.40347162361834177,0.5323107996799731,0.135490617813539,0.26985460896755
kalman_ar1,5,C_Po_River_and_East_Italy_Coast,80,4.142365315631228,0.5253757558468828,0.8291264572772121,0.020823712206076483,0.6145659793986673
kalman_ar1,5,C_Prince_of_Wales_Island,80,3.5616363922627534,-0.07838738194468314,0.31529902459831516,-0.23706487511868746,-0.04198141527052934
kalman_ar1,5,C_Puerto_Rico,80,2.0230849018378296,-0.06477718329960878,0.5446693649807193,-0.12882825061283665,0.23270653134269104
kalman_ar1,5,C_Sakhalin_Island,80,9.021850215177633,-0.17984097230707063,0.14274137476031812,-0.15056275563188937,-0.2683053437325391
kalman_ar1,5,C_Sardinia_and_Corsica,80,8.948787943581069,0.1518225610053897,0.39891859794712914,-0.023720119711416965,0.096284972104835
kalman_ar1,5,C_Severnaya_Zemlya,80,32.20775176967022,0.3513681423917744,0.8455953209607378,-0.8059169952703162,0.47931389466906826
kalman_ar1,5,C_Seward_Peninsula_Alaskan_North_Slope,80,2.7340693158251885,0.49129879453726216,0.7645034754086977,0.09830444080979417,0.5123094208155123
kalman_ar1,5,C_Shelikhov_Gulf_Sea_of_Okhotsk_Coast,80,5.364952992106634,0.12038397222779829,0.7995783680152809,-0.18699319633955835,0.534917868397368
kalman_ar1,5,C_Sicily,80,4.588563911121133,-0.07997441318982226,0.12919768861189276,-0.03235932026179622,-0.08488058884407024
kalman_ar1,5,C_Solomon_Islands,80,8.343744689092087,0.37783198154429276,0.33857261748286865,0.12914064515382928,0.01910246800669424
kalman_ar1,5,C_Somerset_Island,80,3.777069309125929,-0.1590141629469801,0.6111603116693776,-0.4637527696422741,0.22467262787482933
kalman_ar1,5,C_South_Africa_South_Coast,80,2.4710245541756097,0.6338557588543291,0.7121192665752543,0.178497501413737,0.3385705683465169
kalman_ar1,5,C_South_Africa_West_Coast,80,1.9959750498507765,0.3538359106041266,0.5724416830037268,0.007734098856451044,0.2811701945299264
kalman_ar1,5,C_South_Alaska_Coast_Frazer_River,80,7.43189149922575,0.5203402157833411,0.9385353826107474,0.0414264589760176,0.8492830811844476
kalman_ar1,5,C_South_Amapa_Coast,80,9.674677460089965,0.6775240158833317,0.8928569846873323,0.22112182305791894,0.7907444428834777
kalman_ar1,5,C_South_Australia_Coast,80,1.2314742808793036,0.46643504494952026,0.8143186560923267,0.19767236283330603,0.6532712977083921
kalman_ar1,5,C_South_Baffin_Island_Coast,80,5.032967810222884,0.219294953018688,0.68872039987149,-0.167702783570574,0.28661661589462906
kalman_ar1,5,C_South_Baltic_Coast,80,3.2574014204640886,0.08224267918342104,0.7401437396590003,-0.1531982150127078,0.5408307361893397
kalman_ar1,5,C_South_Black_Sea_Coast,80,6.191613911342503,0.22380994687401784,0.7731841720559668,-0.15757709452958513,0.5184786928018849
kalman_ar1,5,C_South_Chile_South_Pacific_Coast,80,8.532930745313173,0.07059564857020031,0.9420375136507061,-2.645548310754666,0.6405737653035166
kalman_ar1,5,C_South_East_Brazil_Coast,80,6.9648001328010345,0.4049319673941608,0.6819821594274992,-0.3304435587625467,0.1397195274050259
kalman_ar1,5,C_South_East_Russia_Coast,80,3.140861010468586,0.2999448906992174,0.05273152167151765,-0.11563590952102198,-0.6433337074205949
kalman_ar1,5,C_South_Gulf_of_Aden_Coast,80,2.7674389148220713,0.44491628129839034,0.17787810123835293,0.1222722713319574,-0.022886918182312366
kalman_ar1,5,C_South_Gulf_of_Oman_West_Arabian_Sea_Coast,80,2.0045793561416168,0.25309469114225386,0.4685570237509653,-0.380893662005356,-0.1026318637717678
kalman_ar1,5,C_South_Hudson_Strait_Ungava_Bay_Coast,80,4.3170267469257295,-0.07701999423838664,0.796900748202418,-0.3850408093471913,0.5022684591190125
kalman_ar1,5,C_South_Mediterranean_Coast,80,1.4536903773644847,-0.17735586661046973,0.3182724853271828,-0.18385172719790388,-0.05771170691794758
kalman_ar1,5,C_South_Zambezia_Coast,80,4.435052310604927,0.2593388160985826,0.845835150085063,-0.1489057167757435,0.6472444131803253
kalman_ar1,5,C_Southhampton_Coats_Islands,80,3.9814337662593906,0.35355456291191156,0.5248141511430543,-0.008161684439464967,0.26023639293750245
kalman_ar1,5,C_Southwest_Hudson_Bay_Coast,80,2.7187009459987554,0.22256007096203526,0.8460621965267433,-0.009781133183759838,0.6810752599426642
kalman_ar1,5,C_Southwest_Mediterranean_Coast,80,2.574288657828005,0.013196033365311598,0.665800637361018,-0.42182153054290095,-0.009081991584358517
kalman_ar1,5,C_Sri_Lanka,80,2.1650114980026416,0.32196388202226134,0.9183844114399171,-0.5277466084077969,0.7350980453252536
kalman_ar1,5,C_Sulawesi,80,3.3283538951904266,0.25335856697665293,0.2808512188838728,0.035080115230248454,-0.08542393576932206
kalman_ar1,5,C_Sumatra,80,3.7218460533940068,0.06959547757657572,0.5124267155428128,-0.42303068671537347,-0.2245036351783185
kalman_ar1,5,C_Svalbard,80,28.840860714936543,0.674326052460555,0.9704784568621821,-0.11997114601234071,0.882943049859333
kalman_ar1,5,C_Sweden_Coast,80,3.788934859637888,-0.07646116911544597,0.7211547418518172,-0.07201358450960194,0.5181915933848953
kalman_ar1,5,C_Taiwan,80,2.045981738786782,0.11500210049824489,0.6255511311442895,-0.08185792704820938,0.34321481327555514
kalman_ar1,5,C_Tasmania,80,2.9066644403547257,0.3700107102037385,0.7484820566978041,0.053710850122773324,0.5455652966512103
kalman_ar1,5,C_Texas_Gulf_Coast,80,4.68299857624113,0.19955569382005234,0.5684818304444762,-0.1701798460151871,0.23545848527309032
kalman_ar1,5,C_Thar_Desert_Sabarmati_River_Gulf_of_Cambay_Luni_Delta,80,5.557353616406077,0.55470778613256,0.6805944992246498,0.2874573324907853,0.45670617126837065
kalman_ar1,5,C_US_East_Gulf_of_Mexico_North_Atlantic_Coast,80,4.861948405881294,0.5854171429421188,0.5682589508445969,0.32478351140476935,0.25765567118615085
kalman_ar1,5,C_US_North_Atlantic_Coast,80,3.1554083659072885,0.169510360168039,0.8257163881275621,-0.06394730796557724,0.6512976636592008
kalman_ar1,5,C_Uda_Basin,80,3.6100578059767163,0.10894241890633738,0.5242491683830508,0.006667408481484949,0.22104014292502272
kalman_ar1,5,C_Uruguay_South_Brazil_Coast,80,5.959761131027193,0.30961705153084745,0.42963321023780515,-0.016867515679140244,0.11494629949867696
kalman_ar1,5,C_Victoria_Island,80,3.129037470778845,-0.25924533137392747,0.6345618840464132,-0.4441541118556156,0.32592985055962775
kalman_ar1,5,C_Vietnam_Coast,80,4.0315291311221335,0.5249331786902963,0.9579562193892069,0.1367658206393395,0.9042943856765204
kalman_ar1,5,C_West_Africa_Coast,80,2.281448252381887,0.2961027638226269,0.9811351682150371,0.07007130560536834,0.9570622081585392
kalman_ar1,5,C_West_Australia_Coast,80,2.108992648348356,0.18758415359925895,0.48030520856873926,-0.23808167110191558,0.0096089266629521
kalman_ar1,5,C_West_Barents_Sea_Coast,80,3.4028943168557393,-0.16643998834045168,0.8505145457996839,-0.04533237294937731,0.6988755021607913
kalman_ar1,5,C_West_Black_Sea_Coast,80,6.358890164769401,0.10900158384168557,0.7247479521183857,-0.10556769017067569,0.4905096018240167
kalman_ar1,5,C_West_Caspian_Sea_Coast,80,3.96242838542714,0.4411126461415843,0.8542260942486892,0.1536725548219009,0.687004496302734
kalman_ar1,5,C_West_Continental_Europe,80,3.2118478100147585,0.5235877876745193,0.8238210109704716,0.23985955424348426,0.6667302596214948
kalman_ar1,5,C_West_Italy_Coast,80,2.901910684448134,-0.10036219137675763,0.8704528975308553,-0.25016963759133803,0.717438247634143
kalman_ar1,5,C_West_Mississippi_Delta,80,5.692576896111302,0.4102303908622298,0.7788463376571992,0.14493837367450135,0.5905766094463909
kalman_ar1,5,C_West_Nile_Delta,80,2.3609769329177577,0.024566885690873144,0.45941357922452714,-0.5472679731232795,-0.20910103282831072
kalman_ar1,5,C_West_Red_Sea_Coast,80,2.3672160327485368,0.2349093719939015,0.5478674293257889,-0.037241831838109585,0.17942421798753871
kalman_ar1,5,C_Yamal_Peninsula,80,3.899773888805683,0.021706295551737174,0.8119127630131716,-0.14703691533992602,0.6142549250751639
kalman_ar1,5,C_Yellow_Sea_Coast,80,5.342864695961848,0.6901703387535573,0.6536223887202253,0.03453940368912889,0.08013791779928747
kalman_ar1,5,C_Yenisey_Gulf_Coast,80,4.145000102605293,-0.024161761796746836,0.8560063801599743,-0.02944919267167445,0.7317741308183169
kalman_ar1,5,C_Ziya_He_Interior_Coast,80,7.174482743679161,0.7558507631331949,0.769623375416096,0.0848081486466934,0.14127390756847447
kalman_ar1,5,E_Altai_Mountains,80,1.3942930478708726,0.20818391386897364,0.22889508309386866,-0.0530429222626807,-0.11569802522254458
kalman_ar1,5,E_Amu_Darya,80,3.577249583779794,0.33186554570201515,0.8954891157830539,-0.5255071644473295,0.616041298118267
kalman_ar1,5,E_Australia_Northwest_Plateau,80,5.564053903631286,0.6532778648459929,0.762759784369681,0.2224924580339449,0.4054686555014986
kalman_ar1,5,E_Badain_Jaran_Desert,80,1.2064539643825956,0.26250532556330236,0.5273440141049893,0.04384667678270626,0.26004986171378397
kalman_ar1,5,E_Central_Iran,80,3.066776903944175,0.5565572022270042,0.8323827891398444,0.22646049618594255,0.6607812913838138
kalman_ar1,5,E_Central_Mongolia,80,2.617920389033387,0.20873981201357403,0.26177397144569414,-0.12462534729615204,-0.12570233103819217
kalman_ar1,5,E_Dayan_Khyargas_Uvs_Nuur_Basins,80,1.667190230282968,0.4230936146688124,0.5206489807282388,0.16206753786065742,0.25212559893774444
kalman_ar1,5,E_East_Gobi_Desert,80,2.2627957763368656,0.4741390061398471,0.38253203721401247,-0.02734894917334052,-0.0971932781969389
kalman_ar1,5,E_Egyptian_Western_Desert,80,1.7291331616651224,0.17461977126564215,0.43773723726407965,-0.4839679519079958,-0.42832339290028765
kalman_ar1,5,E_Farahrud_Helmand_Hamun_i_Mashkel,80,3.2915178079746896,0.14959959184136062,0.7332172624536243,-0.26318037487817336,0.411320557584394
kalman_ar1,5,E_Great_Basin_Great_Salt_Lake,80,4.196405786040955,0.6394277273157087,0.7705444530865646,0.3883812194586137,0.5667043300012243
kalman_ar1,5,E_Great_Victoria_Desert,80,1.8383857764657956,0.3197683623623622,0.19210814243783897,0.04604204045094262,-0.165160977405296
kalman_ar1,5,E_Jordan_Northwest_Saudi_Arabia,80,3.386727512515474,0.204062049774202,0.7269330980555688,-0.17066280692948332,0.41158173640145335
kalman_ar1,5,E_Junggar_Pendi,80,2.8586602333202586,0.4401265916431866,0.7842029198600295,-0.3164649739648788,0.3012521678706327
kalman_ar1,5,E_La_Puna_Altiplano,80,2.2446787739140235,0.36188019573138147,0.7777568708617025,-0.06400878743180516,0.510028777707768
kalman_ar1,5,E_Lake_Eyre_Basin,80,2.6767234784303224,0.6930428226123878,0.6251095732293549,0.43489078845158446,0.34851085367061185
kalman_ar1,5,E_Lake_Rukwa_Basin,80,14.406942717677797,0.3120768806791112,0.787330018831776,-0.6258343063675544,0.3606270033168153
kalman_ar1,5,E_Lakes_Balkash_Alakol,80,2.3651092184874387,0.5335162469945591,0.8840053739304059,0.006004780974003032,0.7034769115107693
kalman_ar1,5,E_Libyian_Desert,80,1.0389349799625882,0.05438909529310694,0.5538135345494587,-0.01885029336055455,0.2903469259787157
kalman_ar1,5,E_Lower_Lake_Chad,80,7.3931505014727,0.4118435719594742,0.916291798508092,-1.4181709494303614,0.6148694624123643
kalman_ar1,5,E_North_Central_Arabia,80,2.1612719346291267,-0.03656259006719228,0.660120828334318,-0.06518332857994746,0.4275062916036011
kalman_ar1,5,E_North_Plateau_of_Tibet,80,2.9160457387978336,0.40392960589835897,0.3570534172264516,0.06392592737698632,-0.02944059121423459
kalman_ar1,5,E_Northern_Kordofan,80,2.932196949854007,0.30287753171977194,0.5573332365819951,-0.1703534595696865,0.10500750581947571
kalman_ar1,5,E_Plateau_of_Tibet,80,1.8118422049926117,0.342688861028511,0.6378935105927949,0.06445114174482891,0.37017790973807807
kalman_ar1,5,E_Qinghai_Lake,80,2.2152897198968455,0.716258509267839,0.3678964142080698,0.47118050823726276,-0.07932415020868921
kalman_ar1,5,E_Rift_Valley,80,6.347962320344062,0.25036953201643325,0.43325971833405363,-0.5706213021051427,-1.4586461686651484
kalman_ar1,5,E_Rub_al_Khali_Desert,80,1.5447174770762129,0.04916412146446466,0.4549331339799208,-0.052629235087975346,0.16096872111862592
kalman_ar1,5,E_Sahara,80,0.7846163763448697,0.016803440278177543,0.2755009797067477,-0.03483502743627298,0.0007129436736272865
kalman_ar1,5,E_Saharan_and_Algerian_Atlas,80,1.9807012483575532,-0.014674441075317613,0.8625731376680632,-1.5167136446090028,0.2619506489042902
kalman_ar1,5,E_Salinas_Grande_Mar_Chiquita,80,2.975870720804197,0.7477357662405221,0.7986733555067811,0.31426180226342626,0.3759233335285843
kalman_ar1,5,E_South_Interior_Africa,80,4.3261117433631275,0.6065245564592835,0.7826516144305515,0.2872268436162866,0.5735721250643228
kalman_ar1,5,E_Syr_Darya,80,2.138563105489178,0.4048374295278575,0.8693242850363382,0.04102876785968901,0.7306585625472348
kalman_ar1,5,E_Tarim_He_Lop_Nur,80,1.4032576469560818,0.477310168346376,0.8054966697198275,-0.021020785912428286,0.5094075161433786
kalman_ar1,5,E_Turpan_Pendi,80,2.8379014237808913,0.2912331699475257,0.7453553525058404,-0.5037633684037841,0.2640296641861707
kalman_ar1,5,E_Upper_Lake_Chad,80,2.364174453560683,0.36776718207074677,0.6683222166735585,-0.4489024987247183,0.08907474099271173
kalman_ar1,5,R_Amazon_River,80,5.140230128351335,0.6366184501482044,0.9591951963296862,0.3189014635147567,0.8981290290850947
kalman_ar1,5,R_Amur_River,80,2.6533054669064824,0.5802731042877157,0.10509484544463354,0.19586023997693602,-0.7881409322630142
kalman_ar1,5,R_Colorado_River_Argentina,80,3.8677367442260326,0.027861883510778833,0.30094859886885894,-0.3900042685613123,-0.3598916980660438
kalman_ar1,5,R_Colorado_River_of_the_West_North_America,80,2.7293869671514104,0.47524203347571664,0.7258240982370636,0.14631626870092296,0.46348684216845915
kalman_ar1,5,R_Columbia_River,80,3.1816455055462947,0.18847817013837312,0.9769973626471119,-1.7801284933535144,0.8719165023531922
kalman_ar1,5,R_Congo_River,80,4.292139983851618,0.4803935346111139,0.7014655981279029,-0.05987223300512112,0.2692711402080187
kalman_ar1,5,R_Danube_River,80,3.3331773561077673,0.32617446529835437,0.8877154509900902,-0.26329564348094703,0.7063063753994321
kalman_ar1,5,R_Dnieper_River,80,4.6456891886725025,0.6481500667269067,0.7569431824622068,0.4165874737160815,0.5698925686280417
kalman_ar1,5,R_Don_River,80,4.424338239172885,0.7684058011326408,0.8684060632229136,0.5217092204413702,0.7155275986056724
kalman_ar1,5,R_Ganges_Bramaputra_Basin,80,4.185942785372756,0.17588493713778452,0.9413477344396252,-0.4749792274714457,0.8310763539540146
kalman_ar1,5,R_Indus_River,80,5.335855233921512,0.34522408824018014,0.8108623302836332,-0.8005343815742902,0.29916673963664875
kalman_ar1,5,R_Lena_River,80,1.9077746621325602,0.24344724111380547,0.8681903144198877,-0.00767951204354822,0.7445062046889237
kalman_ar1,5,R_Limpopo_River,80,6.716718471422715,0.5346956160102252,0.7486622792055349,-0.08259199044787091,0.21414363660882596
kalman_ar1,5,R_Mackenzie_River,80,3.883713437318114,0.8082875536068577,0.8427710161217501,0.5508369334274135,0.6850946262070501
kalman_ar1,5,R_Magdalena_River,80,4.9175903406046935,0.4515614710228405,0.7453294383456535,0.1831627886347802,0.5063119172814036
kalman_ar1,5,R_Mekong_River,80,5.441871939917172,0.6250489017476178,0.9216210451721285,0.29995293132072887,0.8398560791279108
kalman_ar1,5,R_Mississippi_River,80,3.3871388214199287,0.8128037337840397,0.9135411307310124,0.3655493709101201,0.6938700827569912
kalman_ar1,5,R_Murray_Darling_River,80,3.4322037233493585,0.6397219515825603,0.6417717602169081,0.39321802715471277,0.3891977460485313
kalman_ar1,5,R_Niger_River,80,3.327288027607051,0.1818616955895218,0.95331802903252,-1.2271002907957311,0.7961003198220863
kalman_ar1,5,R_Nile_River,80,4.538223060934736,-0.05801741573849535,0.8138770881856083,-1.7696007019465676,0.2957953235822093
kalman_ar1,5,R_Ob_River,80,2.5755572690467683,0.6921482312244114,0.9003634427871917,0.47883217951534374,0.8041941133337863
kalman_ar1,5,R_Orange_River,80,3.0402626784394258,0.590321555147466,0.6169771485081074,0.17768625836073038,0.23298166935440945
kalman_ar1,5,R_Orinoco_River,80,6.1461755845248955,0.4573713720056532,0.920028936929997,0.18888132343882935,0.8419564105640696
kalman_ar1,5,R_Parana_River,80,5.594473744830048,0.43259569431695527,0.8204158006185363,-0.8293154632043933,-0.003025666333709598
kalman_ar1,5,R_Parnaiba_River,80,8.067127218360726,0.4774384258894369,0.8688616869924983,-0.5768171000568658,0.49989753497425204
kalman_ar1,5,R_Rio_Grande_Rio_Bravo,80,4.140104456405794,-0.0450128245037313,0.5923723396628041,-0.930372769506498,-0.16398241307061978
kalman_ar1,5,R_Saint_Lawrence_River,80,4.948409510417381,0.8329647750366282,0.7955330949345916,0.6024542415398029,0.5266791043105243
kalman_ar1,5,R_Sao_Francisco_River,80,9.235914071322908,0.39111671686704896,0.698106455015577,-0.2634937129600661,0.25015067941044955
kalman_ar1,5,R_Saskatchewan_Nelson_Rivers,80,3.890372849136178,0.2428087500124239,0.7410402311248269,-0.5621110451059605,0.3813771455163443
kalman_ar1,5,R_Senegal_River,80,2.868194958594291,0.27398832771432063,0.9121887334662006,-0.06562434151598517,0.7991198410031637
kalman_ar1,5,R_Shebelli_Juba_Rivers,80,4.66920430308871,0.48260359768092526,0.5711051764282958,-0.11353903409750088,0.08115425939817622
kalman_ar1,5,R_Tigris_Euphrates_River,80,3.9660961582643655,0.769723387589106,0.8616561393270317,0.5887479621543505,0.7405826748301224
kalman_ar1,5,R_Tocantins_River,80,7.509434808957484,0.27837251729680373,0.9025747822272017,0.03372395737945599,0.8068646602506304
kalman_ar1,5,R_Volga_River,80,3.051678766522801,0.38129858753716483,0.9088128830611729,0.09622038423875445,0.8067018774494141
kalman_ar1,5,R_Volta_River,80,3.0179126213773633,0.3656090591161095,0.9404068491314354,0.11079703951567788,0.8747124065378952
kalman_ar1,5,R_Yangtze_River,80,3.9391614889189412,0.2974012737589199,0.55423369410807,-0.0533941140373555,0.22652659225341842
kalman_ar1,5,R_Yellow_River_Huang_He,80,2.2378708485510472,0.2798490236811224,0.49055784747090236,0.039581605523489216,0.1992783082144235
kalman_ar1,5,R_Yenisey_River,80,1.8642408822626906,-0.0632579840846861,0.9096197389009889,-0.7131975228569127,0.7521115133512596
kalman_ar1,5,R_Yukon_River,80,2.405161121575916,0.19371052489674262,0.9334691342194454,-0.820914869436576,0.7561642207040811
kalman_ar1,5,R_Zambezi_River,80,5.294178332417373,0.5943895736928054,0.9078855742084355,0.28638179398010566,0.805100302244627
kalman_ar1,6,C_Aleutians_South_Alaska_Coast,79,5.121028136301363,0.7535542804180138,0.9555389916570326,0.5373428707733867,0.8903517318637236
kalman_ar1,6,C_Amazon_River_Delta,79,8.859222403161075,0.5606333319970364,0.9091725385304548,0.2083293750084073,0.8132683354518975
kalman_ar1,6,C_Angola_Coast,79,4.923853916173444,0.4668419791267466,0.7708637685994524,0.18754716303207042,0.5855261834156112
kalman_ar1,6,C_Balkan_Peninsula_and_Adriatic_Coast,79,3.1325747808329196,0.03394446107136604,0.9355505892242638,-0.2359953476592025,0.8520330452005218
kalman_ar1,6,C_Banks_Island,79,8.468495432496248,-0.030973663439880166,0.40151285869340747,-0.09393028815693616,0.09447588779178606
kalman_ar1,6,C_Beaufort_Sea_Coast,79,1.9270631552484132,0.2016600515582251,0.9047257262925024,0.0319669655656134,0.8175187874734865
kalman_ar1,6,C_Bight_of_Benin_Coast,79,5.294651461187325,0.40025016634419464,0.8864301107324954,0.15520635863128374,0.7832297887481674
kalman_ar1,6,C_Bismark_Sea_Islands,79,3.4750391497813804,0.5880989001161507,0.3754047805544229,-0.004322344394527944,-0.2127356640034188
kalman_ar1,6,C_Borneo,79,4.532143155921096,0.23354176999963794,0.17164679653431517,-0.07202905674886395,-0.5593296501581351
kalman_ar1,6,C_Buor_Khaya_Gulf_Coast,79,4.452371511627272,0.06765671903469987,0.7180671450162149,-0.04529144342260838,0.5009980285558573
kalman_ar1,6,C_California_and_Baja_California,79,3.816477791402808,0.5688345355754564,0.7856303429324648,0.2975533584242317,0.6110010028550215
kalman_ar1,6,C_Canadian_South_Arctic_Ocean_Coast,79,2.0302553161989785,-0.04736996721875292,0.8208498742878452,-0.33940568504664115,0.5961094301094121
kalman_ar1,6,C_Capim_River_Delta,79,10.47922481702583,0.4308067989488258,0.8898661022162886,0.10321588363965817,0.7656272463123717
kalman_ar1,6,C_Carribean_Coast,79,4.13106840537358,0.5929025303313628,0.8893665357165512,0.324598276313399,0.7843867993378353
kalman_ar1,6,C_Central_America_Gulf_of_Mexico_Caribbean_Coast,79,3.8498068601399695,0.3043233324458902,0.8841292592709316,-0.01909440082900704,0.7558744872245615
kalman_ar1,6,C_Central_American_Pacific_Coast,79,3.796136534080655,0.040374475802399876,0.881933662628755,-1.0305350568262663,0.5595372210911049
kalman_ar1,6,C_Chao_Phraya_River_Gulf_of_Thailand_Coast,79,7.1012174194090285,0.46056126503614137,0.8970396175938724,0.020443528488204077,0.7533964058102043
kalman_ar1,6,C_Chukchi_Peninsula,79,4.7478199617957335,-0.0237915677027316,0.7539548692792654,-0.01822910411260681,0.563448662810286
kalman_ar1,6,C_Churchill_Seal_Rivers,79,4.143567935389549,0.6405347222553865,0.7605405310983384,0.29061194708347793,0.4772794097213766
kalman_ar1,6,C_Columbia_Ecuador_Pacific_Coast,79,2.038723355433459,0.17244941626833582,0.6979408138076773,0.0030918036119053083,0.48684650103179417
kalman_ar1,6,C_Crimea_West_Azov_Sea_Coast,79,7.978284484557675,0.33104943265771697,0.6492852441630047,0.08878072673770587,0.3932745742314522
kalman_ar1,6,C_Cuba,79,2.6963898954297605,-0.31572418029816574,0.7743257458325375,-0.13950435308904985,0.5243448223643821
kalman_ar1,6,C_Deccan_Plateau_East_Indian_Subcontinent_Coast,79,5.382112150976768,0.33472318461944467,0.9507689385210438,-0.6552588016501448,0.8226031596384298
kalman_ar1,6,C_Denmark_Germany_Coast,79,7.597809592162118,0.19090999139728876,0.42032680315522913,0.021238260069991632,0.160022004946075
kalman_ar1,6,C_East_Australia_Coast,79,3.1394903295639676,0.5080895183963249,0.39754589068544793,0.2441903608729581,0.11795593832017115
kalman_ar1,6,C_East_Azov_Sea_Northeast_Black_Sea_Coast,79,9.622435448893452,0.42497669238126906,0.5955136723907716,0.17213493840632965,0.34552512836582694
kalman_ar1,6,C_East_Barents_Sea_Coast,79,3.6925605909592445,0.33075979372976305,0.8896944411119787,-0.0406068057763207,0.7580055792470447
kalman_ar1,6,C_East_Beaufort_Sea_Amundsen_Gulf_Coast,79,2.8564868591352823,0.1389889090885189,0.7333532909443665,0.012544663742196982,0.5223369426485551
kalman_ar1,6,C_East_Brazil_South_Atlantic_Coast,79,5.108840898854998,0.36210178802808796,0.8271946101744212,-0.6366688742739435,0.3888546387327727
kalman_ar1,6,C_East_Caspian_Sea_Coast,79,3.315216936800589,0.5939779584325808,0.8787714750251041,0.0833659227908401,0.671374212731317
kalman_ar1,6,C_East_Central_Africa_Coast,79,7.063445058611032,0.1013256243146227,0.8666806349606808,-1.520957824087854,0.39299944819884347
kalman_ar1,6,C_East_China_Coast,79,5.891411527457168,0.20547955335724905,0.6741149526056109,-0.20162891758147805,0.29951121071715536
kalman_ar1,6,C_East_Hudson_Bay_Coast,79,3.810394684411771,0.10376333288946414,0.6396790858660756,-0.2821796034398203,0.26664085850974795
kalman_ar1,6,C_East_Mediterranean_Coast,79,4.511814750401767,0.1537608553100659,0.8543584676640638,-0.43966401582385606,0.6238729903254208
kalman_ar1,6,C_East_Mississippi_Delta,79,5.901562829767245,0.41341077657453396,0.7911702791855627,0.1345062405845735,0.6088361192262997
kalman_ar1,6,C_East_Nile_Delta,79,2.9438215454526504,0.10848421039168402,0.4874801084392109,-0.5813353404304202,-0.20938922424451345
kalman_ar1,6,C_East_Ob_Bay_Coast,79,3.738121018535897,0.22407032009332842,0.8799318623997201,-0.029696939382857,0.7464089459868889
kalman_ar1,6,C_East_Red_Sea_North_Gulf_of_Aden_Coast,79,1.81111928521333,-0.09245378722938445,0.5590113979728094,-0.07112756296520617,0.23696943365331857
kalman_ar1,6,C_East_Timor_Islands,79,3.4993306798127137,0.27864502016579484,0.3982082243713217,0.0011298769607887005,0.15064856174630525
kalman_ar1,6,C_Ellef_Ringnes_Bathurst_Devon_Islands,79,3.736005316975208,0.12101242257072166,0.576763971836632,-0.45361504763952576,-0.02102845923538932
kalman_ar1,6,C_Ellesmere_Island,79,6.794180797321801,0.5203498778600445,0.944942308991506,-0.1581407762410918,0.796617539800845
kalman_ar1,6,C_Great_Britain,79,3.385979585098397,-0.2629764529704327,0.5230791194326447,-0.31055060026040504,0.08335560587914204
kalman_ar1,6,C_Greater_Dniester_Basin,79,5.308449307603706,0.14644244426509484,0.8060232960157678,-0.6717978033580561,0.4397951589771607
kalman_ar1,6,C_Gulf_of_Darien_Coast,79,4.079735316527524,0.36441910790689097,0.8174161479395214,0.10366070514933079,0.6482326777024966
kalman_ar1,6,C_Gulf_of_Guinea_Coast,79,3.8130491277481866,0.6225707409012032,0.7279783821018887,0.2275669380681088,0.5096224278853388
kalman_ar1,6,C_Gydan_Bay_Coast,79,4.735084733262552,-0.09242730632462125,0.8417290902865536,-0.12954376878534468,0.6911281256851977
kalman_ar1,6,C_Hainan,79,5.385216465303568,0.032960135519751244,0.7927179229985488,-0.021970614064728,0.6235287464782114
kalman_ar1,6,C_Halmahera_Islands,79,3.3116459816385206,-0.006473270359787632,0.140169893727801,-0.0656522882758146,-0.07703773319531204
kalman_ar1,6,C_Hispaniola,79,2.1971682965745836,-0.1753677004857507,0.5339854578761981,-0.305857346484528,0.0829277289949546
kalman_ar1,6,C_Hokkaido,79,4.10079447520689,0.1172708327575936,0.6659786546424037,-0.019120384432049553,0.4229150200726062
kalman_ar1,6,C_Hub_Porali_Basin,79,4.837962888074156,0.21564449045547074,0.5149394736971585,-0.3125170565861799,-0.025036559205235065
kalman_ar1,6,C_Iberian_Atlantic_Coast,79,3.596463893962991,0.3389711783763924,0.846173081402328,0.1015434490488204,0.6992689131301824
kalman_ar1,6,C_Iceland,79,10.898645991533641,0.12390932588765546,0.8004867537790236,-0.0494571334473588,0.6405839424296608
kalman_ar1,6,C_India_West_Coast,79,5.276099349140426,-0.07706822028052043,0.9480485166540061,-0.9908663709069931,0.8296145842707474
kalman_ar1,6,C_Indian_Ocean_Africa_Coast,79,5.756520578574693,0.21838450795903103,0.71395332806837,-0.24203682600812315,0.35635391102647385
kalman_ar1,6,C_Ireland,79,2.280108883115462,-0.07369610748178554,0.6408935986518101,-0.0759927441631727,0.34676376280083554
kalman_ar1,6,C_Irrawaddy_Sittang_Salween_Basin,79,4.270852408656529,0.472577865324317,0.946517747501448,0.10157875564873198,0.893741323276178
kalman_ar1,6,C_Jamaica,79,2.9808309176785435,-0.11289587496120414,0.17319816193041146,-0.015627061780241647,0.008387238210018855
kalman_ar1,6,C_Japan,79,4.382636671015836,0.0948938369924502,0.4276522992167983,-0.586528067862887,-0.8574621920023537
kalman_ar1,6,C_Java,79,3.746968413367851,0.37979517327406187,0.6035625039141723,0.03841847100652673,0.31740515857772933
kalman_ar1,6,C_Kamchatka_Peninsula,79,3.517413518551747,-0.03233375411514329,0.9315507595810361,-0.05040288291065287,0.8605688613758066
kalman_ar1,6,C_La_Plata_Delta,79,7.320097866204832,0.40397489232577843,0.39018018617483985,0.07352404289012171,0.02032732622925537
kalman_ar1,6,C_Labrador_Sea_Coast,79,4.262016815310724,0.49887788266235833,0.8211527213105932,0.12910348640427083,0.6077144532445853
kalman_ar1,6,C_Madagascar,79,4.353778403267099,0.23988578939001826,0.8587160901308758,0.005196313826889232,0.7268574605247262
kalman_ar1,6,C_Malaysian_Peninsula_Coast,79,4.696307000025927,0.4380524015104566,0.6823638808621041,0.12436709795448775,0.3870690804134146
kalman_ar1,6,C_Maluku,79,4.187121784784948,0.0139148383730611,0.1656304112302074,-0.00421843232821173,-0.03381399064885082
kalman_ar1,6,C_Melville_Prince_Patrick_Islands,79,8.111586813930126,0.6696460667358481,0.8390568773220539,0.12905137096920782,0.49970234373848854
kalman_ar1,6,C_Namibia_Coast,79,2.6496865497924977,0.11052176101554814,0.20503583353207427,-0.3487474332124325,-0.3126908922009417
kalman_ar1,6,C_Neva_River_Finland_Coast,79,3.232815660915678,0.20246554372354456,0.7979535900981632,-0.2055657289301016,0.5437220796459421
kalman_ar1,6,C_New_Brunswick_and_Nova_Scotia_Coast,79,5.326867119778074,0.059883803661653884,0.7886116013001099,-0.23665050583832392,0.5123478974246923
kalman_ar1,6,C_New_Siberian_Islands,79,50.34183525911035,-0.15914075692685684,0.21302758018223147,-0.05054120236393289,0.0035385288593037245
kalman_ar1,6,C_New_Zealand_North_Island,79,2.54569272375802,-0.01386477338123142,0.7344408152207859,-0.15390983811048775,0.46898782482078816
kalman_ar1,6,C_New_Zealand_South_Island,79,2.5381383627922602,-0.11212613232132444,0.7164507001584575,-0.013871894098693716,0.4961981900906475
kalman_ar1,6,C_Nigerian_Delta,79,4.623623390693503,0.0545625129859235,0.9595985945887844,-0.06093176958469804,0.9143928975219384
kalman_ar1,6,C_North_Argentina_South_Atlantic_Coast,79,4.924384099292146,0.477334230160871,0.45010378825704134,0.1702541787133034,0.09148608177438133
kalman_ar1,6,C_North_Australia_Coast,79,6.121567220136424,0.6417245276801804,0.8516199022972374,0.18371978184172122,0.6789794306360861
kalman_ar1,6,C_North_Baffin_Island_Coast,79,6.6922848805876605,0.5801676672251731,0.8088422272967714,0.12488861119966654,0.3817005025044198
kalman_ar1,6,C_North_Brazil_South_Atlantic_Coast,79,11.33811517010485,0.21481110482427143,0.8900424761943242,-0.5542637693221513,0.673917330928581
kalman_ar1,6,C_North_Caspian_Sea_Coast,79,2.652804067745338,0.4173619149029977,0.7946307510986866,0.16489291930013927,0.6000248162316073
kalman_ar1,6,C_North_Chile_South_Pacific_Coast,79,3.0216731723719703,0.3723789406316419,0.7616351359049915,0.10943979895170597,0.5731287117891175
kalman_ar1,6,C_North_East_Bay_of_Bengal_Coast,79,3.64519415407758,0.36720155975003727,0.977121170092861,-0.005447208073379617,0.9529350603731868
kalman_ar1,6,C_North_East_Siberian_Sea_Coast,79,1.8031055887505831,0.5805208770831041,0.8546120938485835,0.3309176742978046,0.7270979561282009
kalman_ar1,6,C_North_Gulf_of_Oman_Coast,79,3.8749147606730894,0.4767056125579878,0.6847645440200044,0.12768581251584676,0.4111904878845949
kalman_ar1,6,C_North_Korea_Bay_Korean_Peninsula,79,4.2200021676852195,0.4363311075615605,0.6319028497295811,-0.9247141719304666,-0.5160003912027225
kalman_ar1,6,C_North_Siberia_Coast,79,1.916891429881719,0.20123976276825828,0.918260247504566,-0.005991736053936325,0.8379667110080129
kalman_ar1,6,C_North_St_Lawrence_Seaway_Coast,79,4.776363325060971,0.08636560433300874,0.7978637357535523,-1.1637771855220262,0.16809165279982607
kalman_ar1,6,C_North_Vietnam_South_China_Coast,79,5.454147049892159,-0.011297797274638033,0.655724762940274,-0.398622557964325,0.27841115175796904
kalman_ar1,6,C_North_West_Africa_Coast,79,1.7055961382189615,-0.21712167348876538,0.3033293518144541,-0.6825476743854295,-0.833431147501783
kalman_ar1,6,C_Northeast_South_America_Coast,79,11.562868962531699,0.6827989802487303,0.6666165650137567,0.39616461551466176,0.43709141921919836
kalman_ar1,6,C_Northwest_Hudson_Bay_Coast,79,3.285981798992837,0.4107375937922572,0.6969435583980252,0.08691714719099375,0.46012405165593273
kalman_ar1,6,C_Northwest_Mediterranean_Coast,79,3.5010429655743396,0.451040248613381,0.7873708592383732,-0.01892662332483619,0.5550818931454936
kalman_ar1,6,C_Norway_Coast,79,3.9887761093023233,0.04063344884295981,0.8058363590286538,-0.05232864918842761,0.6153072567555962
kalman_ar1,6,C_Novaya_Zemlya,79,24.40939138498157,0.45290094491844385,0.938215742417645,-0.5494391377728349,0.7613027727049245
kalman_ar1,6,C_Nusa_Tenggara,79,3.6740935526702287,0.2973620997523828,0.28932703733302284,-0.03609772413358092,0.03764265123627519
kalman_ar1,6,C_Olenyok_Delta,79,9.683623077070255,0.14919268793453033,0.3775475112157566,-0.030092539850900435,0.09611530890630027
kalman_ar1,6,C_Oregon_Coast,79,3.4278581782007835,0.10044894352715517,0.926184341217571,-0.2914531117905266,0.8073096063301273
kalman_ar1,6,C_Papua_New_Guinea_Island,79,2.6477568720002806,-0.03578590057209123,0.37624628360916523,-0.08575432968164143,0.016110614374267418
kalman_ar1,6,C_Patagonia,79,4.031577695170971,0.2427053345816989,0.5547368960869637,-0.000719258543581569,0.2255573162417629
kalman_ar1,6,C_Peru_Pacific_Coast,79,1.5264469758075738,0.21275226504903638,0.8803546519114773,0.04036985784612601,0.7549270423363785
kalman_ar1,6,C_Philippines,79,3.529334723419747,0.3096324051314805,0.49280733773783014,0.07659475795590442,0.22179266941975362
kalman_ar1,6,C_Po_River_and_East_Italy_Coast,79,4.382474450801151,0.4626729003861121,0.8151725378101026,-0.08463352174536043,0.5727522233886071
kalman_ar1,6,C_Prince_of_Wales_Island,79,3.6012575969397234,-0.10914596438161452,0.29966456470012304,-0.257779722725346,-0.05651411983858101
kalman_ar1,6,C_Puerto_Rico,79,2.0484908308890986,-0.1171429395169408,0.5418792451832518,-0.1566360092034209,0.2202919983848115
kalman_ar1,6,C_Sakhalin_Island,79,9.163152768531983,-0.2633175441313265,0.113587286370697,-0.17048469651211784,-0.2927384071351342
kalman_ar1,6,C_Sardinia_and_Corsica,79,8.935909125650703,0.24713993572728296,0.4448056408501359,-0.008914968858264594,0.108337030141894
kalman_ar1,6,C_Severnaya_Zemlya,79,34.29216456451932,0.29162537272626005,0.8345943108566048,-1.1853724669099566,0.3890942936540912
kalman_ar1,6,C_Seward_Peninsula_Alaskan_North_Slope,79,2.796313241914662,0.4701972927834644,0.7538692227745153,0.033036217107073496,0.4676617811835757
kalman_ar1,6,C_Shelikhov_Gulf_Sea_of_Okhotsk_Coast,79,5.468784695168111,0.0977488873885404,0.7963935212994242,-0.21141635945371573,0.5213163506934666
kalman_ar1,6,C_Sicily,79,4.591932168198287,-0.05258140267546712,0.13023550507868842,-0.021140812170141743,-0.0784077838919579
kalman_ar1,6,C_Solomon_Islands,79,8.360004668400355,0.3343292300250929,0.3270395710085951,0.10618456945009247,-0.003553035939962035
kalman_ar1,6,C_Somerset_Island,79,3.8164880903822427,-0.12672623004686306,0.6217796702674329,-0.47199549228373705,0.21634522551397173
kalman_ar1,6,C_South_Africa_South_Coast,79,2.5991777705304298,0.586635155764716,0.6654660553513502,0.05696864497842713,0.22838228718468245
kalman_ar1,6,C_South_Africa_West_Coast,79,2.0296009742358185,0.19828735205348724,0.5513199742107231,-0.014680882757013514,0.26115319634185197
kalman_ar1,6,C_South_Alaska_Coast_Frazer_River,79,8.05771686848967,0.4145877949505015,0.9309542697027748,-0.16197605102300439,0.8249982209486957
kalman_ar1,6,C_South_Amapa_Coast,79,10.18911383728657,0.6165945038739175,0.8782305383722505,0.14958512467741603,0.7617247572791668
kalman_ar1,6,C_South_Australia_Coast,79,1.2782560300160017,0.42230203208791955,0.8037468530949547,0.14676202286283602,0.6305548509229253
kalman_ar1,6,C_South_Baffin_Island_Coast,79,5.2004613606372665,0.10064639218680523,0.675701480129593,-0.24208099750271783,0.24427128108254648
kalman_ar1,6,C_South_Baltic_Coast,79,3.281578253852822,0.027824025409413145,0.7357654869349289,-0.17816541149399123,0.5332512115725596
kalman_ar1,6,C_South_Black_Sea_Coast,79,6.375185133520256,0.19454219989188676,0.7700593665490602,-0.21319678292016353,0.49357636130792026
kalman_ar1,6,C_South_Chile_South_Pacific_Coast,79,9.301068078274088,-0.048505125279875744,0.9366748027753947,-3.3791766492037496,0.5606129741963672
kalman_ar1,6,C_South_East_Brazil_Coast,79,7.3444265373775846,0.35205881192948796,0.6601311254233867,-0.5474271503403578,-0.00389559490796465
kalman_ar1,6,C_South_East_Russia_Coast,79,3.231959428941632,0.33294437197013066,0.02325219209629587,-0.14475452640094777,-0.724547218547658
kalman_ar1,6,C_South_Gulf_of_Aden_Coast,79,2.844151269863603,0.3261572625582639,0.11953207551245267,0.06933447903123213,-0.08085790063904197
kalman_ar1,6,C_South_Gulf_of_Oman_West_Arabian_Sea_Coast,79,1.9971841776010135,0.2120461983210568,0.4757025814677491,-0.4088176925983167,-0.10300514351311962
kalman_ar1,6,C_South_Hudson_Strait_Ungava_Bay_Coast,79,4.3762304034826975,-0.10475526772114992,0.7980640760206185,-0.40616558378945244,0.4948775631165556
kalman_ar1,6,C_South_Mediterranean_Coast,79,1.4390208547395424,-0.14261935580299429,0.30461375337706537,-0.1719774206283391,-0.07186393441671135
kalman_ar1,6,C_South_Zambezia_Coast,79,4.58637624263387,0.1178998191825683,0.8365853240681994,-0.24016901779620103,0.6187606528855155
kalman_ar1,6,C_Southhampton_Coats_Islands,79,3.989177171086328,0.10238886841880801,0.528292948108628,-0.018248476186885965,0.260207297365074
kalman_ar1,6,C_Southwest_Hudson_Bay_Coast,79,2.7919496232231467,0.15829484537039265,0.8378155012032241,-0.04415678518618571,0.6677970170936569
kalman_ar1,6,C_Southwest_Mediterranean_Coast,79,2.646685546517841,0.06032002376702572,0.6724206683165777,-0.46606201806780545,-0.10081122219846117
kalman_ar1,6,C_Sri_Lanka,79,2.24545288430982,0.3188793400370466,0.9167696281014434,-0.6235895673023479,0.7164657696178556
kalman_ar1,6,C_Sulawesi,79,3.4315028455102996,0.17346524722245507,0.1899230130013376,-0.012455082363219239,-0.21304590952040647
kalman_ar1,6,C_Sumatra,79,3.91112552603837,-0.10803755160093623,0.5000631886166839,-0.6337433896316906,-0.39585040939193994
kalman_ar1,6,C_Svalbard,79,32.18265647991366,0.6159669689746264,0.9652700734095913,-0.4019663828626452,0.8514238443389189
kalman_ar1,6,C_Sweden_Coast,79,3.8156367769813344,-0.15399557832899294,0.7144166227422983,-0.08026940434598506,0.5070296448492289
kalman_ar1,6,C_Taiwan,79,2.050399204554351,0.11462945330731254,0.6306606842470813,-0.07745272065186048,0.34862057644040023
kalman_ar1,6,C_Tasmania,79,2.976041330539506,0.2680539307380203,0.7362586153477841,0.02125915090135977,0.5279745086004355
kalman_ar1,6,C_Texas_Gulf_Coast,79,4.822515041640995,0.10023517839722144,0.5608650720111862,-0.23432500767791797,0.19810234285728157
kalman_ar1,6,C_Thar_Desert_Sabarmati_River_Gulf_of_Cambay_Luni_Delta,79,5.64105656918398,0.5494953617923407,0.6716278095467645,0.2661729937571812,0.44359212396506575
kalman_ar1,6,C_US_East_Gulf_of_Mexico_North_Atlantic_Coast,79,5.047879526351261,0.5643141818751376,0.5392823260231459,0.2865036265320535,0.1934637550461764
kalman_ar1,6,C_US_North_Atlantic_Coast,79,3.203856144055287,0.09165588025658025,0.8234937110092683,-0.09454208989823276,0.6445711790381582
kalman_ar1,6,C_Uda_Basin,79,3.6329464217816625,0.0943945465325667,0.5235844324993025,0.0024351293755023873,0.22085272866743766
kalman_ar1,6,C_Uruguay_South_Brazil_Coast,79,6.1533884044490055,0.2521774677527747,0.3697918182967014,-0.06040820141384362,0.05527095755928568
kalman_ar1,6,C_Victoria_Island,79,3.0639037025713853,-0.17520525669109574,0.6731518891394445,-0.40292374245981866,0.3574332890938574
kalman_ar1,6,C_Vietnam_Coast,79,4.215580782348313,0.47422118474934627,0.9549362089058563,0.055252053631821285,0.8956520376492725
kalman_ar1,6,C_West_Africa_Coast,79,2.268705582023883,0.28597290188563607,0.9803395537443617,0.06961644703567615,0.9572759071098821
kalman_ar1,6,C_West_Australia_Coast,79,2.175798607134929,0.14446583595055013,0.47356452792379794,-0.3066680213605657,-0.041563888894712964
kalman_ar1,6,C_West_Barents_Sea_Coast,79,3.3771251822698134,-0.20371647550451782,0.8503357375956039,-0.03371068261773025,0.7027549873792804
kalman_ar1,6,C_West_Black_Sea_Coast,79,6.410223201800679,0.04779086780576073,0.7231571062761373,-0.13530813826767374,0.4827408796750997
kalman_ar1,6,C_West_Caspian_Sea_Coast,79,4.177286263205699,0.3455273622539446,0.8408740792621383,0.05431243010965814,0.6564694228533817
kalman_ar1,6,C_West_Continental_Europe,79,3.3440432794067494,0.45387996871964825,0.8066633710154107,0.17427120866167967,0.6424813524172849
kalman_ar1,6,C_West_Italy_Coast,79,2.951198501736814,-0.16151039605697887,0.8707873838163521,-0.2774353444993438,0.7114108482513108
kalman_ar1,6,C_West_Mississippi_Delta,79,5.85102217070184,0.3463866487548623,0.7649433508208205,0.09092156463119361,0.572841288187341
kalman_ar1,6,C_West_Nile_Delta,79,2.387226839825646,0.0863351755461042,0.4681698762433243,-0.5668905103933863,-0.23273407552296632
kalman_ar1,6,C_West_Red_Sea_Coast,79,2.458705698023098,0.15034897592778196,0.5191881045455308,-0.11112692910802902,0.12580251146668708
kalman_ar1,6,C_Yamal_Peninsula,79,3.9217173010273134,0.07770678733979047,0.8149456320429429,-0.14187422690319718,0.6147773558175653
kalman_ar1,6,C_Yellow_Sea_Coast,79,5.6477463594318555,0.6354935503325485,0.6025172404776874,-0.20947697955190048,-0.1539395382822022
kalman_ar1,6,C_Yenisey_Gulf_Coast,79,4.153596959930196,-0.059569470888532976,0.8567170100755848,-0.03495973042143463,0.7321930213813201
kalman_ar1,6,C_Ziya_He_Interior_Coast,79,7.9531009561919825,0.7215171305359136,0.7342376059226599,-0.1338845576111356,-0.061124641626616905
kalman_ar1,6,E_Altai_Mountains,79,1.4149337080998508,0.17922200073026015,0.19748065136295284,-0.07402697042622508,-0.13463646867647894
kalman_ar1,6,E_Amu_Darya,79,3.898718753050531,0.20038055474197913,0.8831890193273626,-0.8716520563049388,0.5482588179803392
kalman_ar1,6,E_Australia_Northwest_Plateau,79,5.916028334768523,0.6169231696153189,0.7350066940171562,0.11872562380081098,0.31666710629288763
kalman_ar1,6,E_Badain_Jaran_Desert,79,1.2039718875566305,0.19848373577963627,0.5123979597332335,0.005527569750754302,0.23570237219581924
kalman_ar1,6,E_Central_Iran,79,3.167732824394748,0.528587145086729,0.8256205062025526,0.17394150749379012,0.6402836316332462
kalman_ar1,6,E_Central_Mongolia,79,2.7181711820105314,0.1364056435346328,0.19635526829546832,-0.19538949021980656,-0.20600644099465493
kalman_ar1,6,E_Dayan_Khyargas_Uvs_Nuur_Basins,79,1.7125088950201866,0.37660214898975636,0.49031893625482637,0.11952785745756878,0.21983736033464152
kalman_ar1,6,E_East_Gobi_Desert,79,2.3710680911232895,0.42939154828839016,0.3133742791791118,-0.11527322096723647,-0.1920918546713255
kalman_ar1,6,E_Egyptian_Western_Desert,79,1.8314474559507654,0.06538631046921208,0.3890258885315066,-0.6791813254026438,-0.6136855355916246
kalman_ar1,6,E_Farahrud_Helmand_Hamun_i_Mashkel,79,3.445954137266377,0.009672384294546432,0.7199151366348905,-0.38488779467777845,0.3596372757089653
kalman_ar1,6,E_Great_Basin_Great_Salt_Lake,79,4.517175003373261,0.571806221089749,0.7331845446035,0.3034961862585145,0.5042047087554262
kalman_ar1,6,E_Great_Victoria_Desert,79,1.8900636583298422,0.2955854886141234,0.15253191453321996,0.02039641983161744,-0.21865239343547493
kalman_ar1,6,E_Jordan_Northwest_Saudi_Arabia,79,3.411227118235418,0.16467441206971487,0.7287474698092715,-0.18778420611739755,0.4101375013695735
kalman_ar1,6,E_Junggar_Pendi,79,3.119643456732842,0.3430304221228908,0.7501943744939618,-0.543492227593545,0.1571642973800308
kalman_ar1,6,E_La_Puna_Altiplano,79,2.2934166516441548,0.36628236996525143,0.7732649567477958,-0.09585039727793765,0.49125898957069203
kalman_ar1,6,E_Lake_Eyre_Basin,79,2.758486193502416,0.6780251227677081,0.5974048935084555,0.4069660182607451,0.3083525531954199
kalman_ar1,6,E_Lake_Rukwa_Basin,79,15.660187981270267,0.19764211794674366,0.756184538497483,-0.9819791897692192,0.1810715736070776
kalman_ar1,6,E_Lakes_Balkash_Alakol,79,2.5296012739247122,0.49149658095385396,0.8771376952933443,-0.1372022983232697,0.6624164111159326
kalman_ar1,6,E_Libyian_Desert,79,1.0540106128062225,-0.010749862876878983,0.5407984203342909,-0.03194398931683429,0.2759512047142414
kalman_ar1,6,E_Lower_Lake_Chad,79,8.064604845400154,0.37153228155722384,0.9140712131909028,-1.824122205534858,0.5473192576830561
kalman_ar1,6,E_North_Central_Arabia,79,2.1780838055096243,-0.10929331421439215,0.646779532830309,-0.0759986370705874,0.4076191269499134
kalman_ar1,6,E_North_Plateau_of_Tibet,79,3.067488826435276,0.3235008443846059,0.2822204322062965,-0.022684755282342595,-0.129535001670543
kalman_ar1,6,E_Northern_Kordofan,79,3.0400907622421314,0.22768313891077488,0.5235026562661718,-0.23805484375560404,0.04692852884649712
kalman_ar1,6,E_Plateau_of_Tibet,79,1.8723260235009334,0.26116262896403253,0.6216398540133554,-0.002888965475998484,0.3354332730792191
kalman_ar1,6,E_Qinghai_Lake,79,2.314879759682492,0.683236535884168,0.2989175847869865,0.4085231436675082,-0.21657518831083844
kalman_ar1,6,E_Rift_Valley,79,6.807325964109643,0.11577088602142589,0.3924985692881174,-0.7801861141890776,-1.901447569456443
kalman_ar1,6,E_Rub_al_Khali_Desert,79,1.5443504072756766,-0.10832903265943492,0.43783770850265413,-0.06270094848154772,0.13556808039587154
kalman_ar1,6,E_Sahara,79,0.7929756833212205,-0.028438299272181944,0.26826274190228017,-0.046578030208061394,-0.008006947401284936
kalman_ar1,6,E_Saharan_and_Algerian_Atlas,79,2.1550352703958757,-0.07534119640914588,0.8580683084986125,-1.9330356980876298,0.10022463376258173
kalman_ar1,6,E_Salinas_Grande_Mar_Chiquita,79,3.1783713725153753,0.7256449921594631,0.7821287906597497,0.21439452327405029,0.2772430532296952
kalman_ar1,6,E_South_Interior_Africa,79,4.604947696304197,0.534390443955264,0.7535054404915263,0.1628170005839109,0.5108367277059551
kalman_ar1,6,E_Syr_Darya,79,2.226150220881177,0.33639997776847164,0.8602931584828656,-0.047402796941601766,0.7117913027156814
kalman_ar1,6,E_Tarim_He_Lop_Nur,79,1.4798526562007541,0.41339973498897326,0.7962726296763174,-0.12843633838409985,0.4572256603337608
kalman_ar1,6,E_Turpan_Pendi,79,3.0166550632536784,0.16545530705612618,0.7174441219555866,-0.7059135780976828,0.15277898561842929
kalman_ar1,6,E_Upper_Lake_Chad,79,2.494301077322768,0.3106256409343849,0.6391013168566444,-0.5945343315425935,-0.019180630890629713
kalman_ar1,6,R_Amazon_River,79,5.519607453405636,0.5711952279121918,0.9531677683059938,0.21320880502515294,0.8828450117648508
kalman_ar1,6,R_Amur_River,79,2.798245420229186,0.5744148163424966,0.019216544125843227,0.1315856762610651,-1.0206415290188304
kalman_ar1,6,R_Colorado_River_Argentina,79,3.7448825105939485,0.09197036602302244,0.3402959497365501,-0.3182633372065722,-0.2589371569828183
kalman_ar1,6,R_Colorado_River_of_the_West_North_America,79,2.7900487173033643,0.4612261634567394,0.7189825852944114,0.11794643378907554,0.4463761672731752
kalman_ar1,6,R_Columbia_River,79,3.4424007854916705,0.1255822755924183,0.9756806270510147,-2.1053667561176965,0.851500724470552
kalman_ar1,6,R_Congo_River,79,4.724607458072493,0.3459339967671866,0.6461105550327961,-0.2506051812660901,0.11829327515304566
kalman_ar1,6,R_Danube_River,79,3.4773107248732487,0.2528313303747619,0.8850464556610486,-0.4046377702113677,0.6832359228726844
kalman_ar1,6,R_Dnieper_River,79,5.044871471435868,0.5744465920070477,0.7110238721151321,0.32535833329115615,0.4942889787530995
kalman_ar1,6,R_Don_River,79,4.773206770522441,0.7375098696198966,0.8474109929675369,0.45592497342010263,0.6677878610698027
kalman_ar1,6,R_Ganges_Bramaputra_Basin,79,4.391800466113762,0.017651587749533956,0.9378460650086214,-0.656098204996524,0.8150912873954701
kalman_ar1,6,R_Indus_River,79,5.714280243885797,0.3225854180815108,0.810688758885624,-1.0828517527173047,0.20127818233795003
kalman_ar1,6,R_Lena_River,79,1.9680096476266629,0.15988544898260987,0.8608814247426013,-0.05727890462754415,0.7315129965668383
kalman_ar1,6,R_Limpopo_River,79,7.104749375440329,0.44864765347100755,0.6971259598351177,-0.2427442847022523,0.10089582697205124
kalman_ar1,6,R_Mackenzie_River,79,4.27114429221162,0.7650167352109261,0.8058913118696176,0.4709417693701108,0.623745678814821
kalman_ar1,6,R_Magdalena_River,79,5.000715852145809,0.4306445308458131,0.7260204780370311,0.15939494890365258,0.49210067004104674
kalman_ar1,6,R_Mekong_River,79,5.705706786723611,0.5684650871657595,0.9159718307854973,0.21032995918401998,0.8258736947662364
kalman_ar1,6,R_Mississippi_River,79,3.6838519808313985,0.7911083507534501,0.9066567293694644,0.21031776769544197,0.6384767674961793
kalman_ar1,6,R_Murray_Darling_River,79,3.4619242467632327,0.628000889586298,0.6209803032417928,0.37266330921860846,0.35743805853414246
kalman_ar1,6,R_Niger_River,79,3.550621240365731,0.08681595746776061,0.9506840019702332,-1.5180155258668049,0.770632691932277
kalman_ar1,6,R_Nile_River,79,4.909101706718926,-0.17062265810072075,0.8116303063091015,-2.2151376446254,0.18047653046713819
kalman_ar1,6,R_Ob_River,79,2.673604732088904,0.6649554372168058,0.8948760476442045,0.4420790724357593,0.7916323970363826
kalman_ar1,6,R_Orange_River,79,3.1579264133240104,0.5680024706898897,0.5751001833406731,0.09626473382024336,0.1422772611862939
kalman_ar1,6,R_Orinoco_River,79,6.4700279901640405,0.3556728972706688,0.9121239240186089,0.09931570081514451,0.8269223860425076
kalman_ar1,6,R_Parana_River,79,6.166765094417374,0.3784412483920291,0.8086912487606174,-1.1555064252392064,-0.20658509300468886
kalman_ar1,6,R_Parnaiba_River,79,8.880548576332174,0.3614780471211178,0.8472326360616711,-0.995206603139978,0.35704116778031336
kalman_ar1,6,R_Rio_Grande_Rio_Bravo,79,4.300151774515006,-0.043069768824176034,0.5996994946653823,-1.0841047520888019,-0.28458969322715744
kalman_ar1,6,R_Saint_Lawrence_River,79,5.207670196728596,0.8254271943509935,0.7909616571406044,0.5419947724599554,0.46940778242248415
kalman_ar1,6,R_Sao_Francisco_River,79,9.717836551982671,0.31017350925960047,0.6686955429270308,-0.5179658323196605,0.09962709029047612
kalman_ar1,6,R_Saskatchewan_Nelson_Rivers,79,4.193727246846501,0.16078885761534725,0.7228488426249455,-0.8211737270201156,0.27996542260149193
kalman_ar1,6,R_Senegal_River,79,2.952342091662086,0.14088277959029905,0.9112736987807907,-0.17290711304173878,0.7897498397777155
kalman_ar1,6,R_Shebelli_Juba_Rivers,79,4.859074788663175,0.4728239901629462,0.5450895791823803,-0.1866582641777852,0.017306099981213685
kalman_ar1,6,R_Tigris_Euphrates_River,79,4.202640823821742,0.7384163053843282,0.8451487249242812,0.5381436973570262,0.7122237657910853
kalman_ar1,6,R_Tocantins_River,79,7.667366960373367,0.20669521472991298,0.898294073260583,-0.016951549335645355,0.7961458403291446
kalman_ar1,6,R_Volga_River,79,3.1173092356820655,0.3391187025471368,0.9062778921497627,0.06324521228145141,0.8008170856361653
kalman_ar1,6,R_Volta_River,79,3.1086045510415374,0.3057651307601158,0.9360349303876067,0.0649639192731798,0.8679173963098288
kalman_ar1,6,R_Yangtze_River,79,4.007283196351286,0.18479709898556976,0.5434847199576192,-0.0975373096454577,0.2070774869291624
kalman_ar1,6,R_Yellow_River_Huang_He,79,2.3293615585359992,0.15113495713114022,0.42189943556131115,-0.028051440744482292,0.12098916414328653
kalman_ar1,6,R_Yenisey_River,79,1.929254926316332,-0.07698496184680012,0.9106332744971077,-0.7979336713052265,0.7357151781587619
kalman_ar1,6,R_Yukon_River,79,2.50876467571134,0.1759675204495037,0.931803169298178,-0.9459933292929452,0.7360732777247663
kalman_ar1,6,R_Zambezi_River,79,5.661555795259088,0.5240728280283911,0.8945350443496797,0.18089963959437738,0.7732617871210908
kalman_own_ridge,1,C_Aleutians_South_Alaska_Coast,84,3.2266732085985845,0.9092348635324226,0.9779461983460698,0.8248678387889052,0.9548200412439458
kalman_own_ridge,1,C_Amazon_River_Delta,84,4.452199306388919,0.888801452765589,0.9768461350269613,0.7799823840307584,0.9526629304436675
kalman_own_ridge,1,C_Angola_Coast,84,3.3549032793398808,0.7717303813305157,0.9036127092331884,0.5932331912886709,0.8136348088705901
kalman_own_ridge,1,C_Balkan_Peninsula_and_Adriatic_Coast,84,2.489540688201032,0.4976650547277155,0.9531740716260362,0.1915612971825188,0.9059261071358156
kalman_own_ridge,1,C_Banks_Island,84,8.279999348454067,-0.005975824305170409,0.4103256806217678,-0.06539441458582274,0.12763275661747886
kalman_own_ridge,1,C_Beaufort_Sea_Coast,84,2.10879060879737,-0.11531650604296406,0.8823757751414623,-0.1622698496640247,0.7765826920772292
kalman_own_ridge,1,C_Bight_of_Benin_Coast,84,4.3382287681164815,0.6566592621475151,0.9266010183437892,0.4302061590181606,0.8583404712482269
kalman_own_ridge,1,C_Bismark_Sea_Islands,84,2.9269877120459635,0.7110426604900328,0.6398604197763184,0.4800707624615014,0.37934353058351966
kalman_own_ridge,1,C_Borneo,84,3.0093348134072597,0.7515286125696873,0.7550042872944734,0.5525083138452116,0.5571586849377976
kalman_own_ridge,1,C_Buor_Khaya_Gulf_Coast,84,4.320427024102195,0.14893067489323294,0.736008006326323,-0.0017733617531932033,0.5382279587046606
kalman_own_ridge,1,C_California_and_Baja_California,84,2.381822642434625,0.8459758643791354,0.9183721351452798,0.7151668508952345,0.8425282040006591
kalman_own_ridge,1,C_Canadian_South_Arctic_Ocean_Coast,84,1.5177669632516408,0.5687687784000074,0.8939270149437449,0.27541914296497694,0.7734486971896377
kalman_own_ridge,1,C_Capim_River_Delta,84,5.8310766234387215,0.8399873603827941,0.9654662195189343,0.701111069347979,0.9278532919994141
kalman_own_ridge,1,C_Carribean_Coast,84,2.426069399666255,0.8762260644719068,0.9613313069114922,0.7676922741569993,0.9221180459243425
kalman_own_ridge,1,C_Central_America_Gulf_of_Mexico_Caribbean_Coast,84,2.9907015170636657,0.7636562637739643,0.9233200700531816,0.5710912152085845,0.8483055199842846
kalman_own_ridge,1,C_Central_American_Pacific_Coast,84,1.9449919230478723,0.7242958521719944,0.9525331061413743,0.43510041418025247,0.885892340567105
kalman_own_ridge,1,C_Chao_Phraya_River_Gulf_of_Thailand_Coast,84,4.056725269426232,0.8378104138315013,0.9588820125978219,0.6936807656321442,0.9171826449637382
kalman_own_ridge,1,C_Chukchi_Peninsula,84,4.395918735959892,0.32791018346631284,0.8002412777130761,0.10427479501290393,0.638858137181042
kalman_own_ridge,1,C_Churchill_Seal_Rivers,84,1.9876251939850773,0.9061445351281555,0.9375420091577968,0.814942030608616,0.87378004899976
kalman_own_ridge,1,C_Columbia_Ecuador_Pacific_Coast,84,1.7828128306593154,0.4548129969846652,0.7675119056476258,0.20681753627526134,0.589053085186399
kalman_own_ridge,1,C_Crimea_West_Azov_Sea_Coast,84,5.894295590378908,0.6934263135179394,0.8110267432756338,0.47552548237170256,0.6510508790168289
kalman_own_ridge,1,C_Cuba,84,2.6045541794383102,0.1976365953685506,0.7753623382536473,-0.061638951792074126,0.5645871417368163
kalman_own_ridge,1,C_Deccan_Plateau_East_Indian_Subcontinent_Coast,84,2.970515984394891,0.7674156026977634,0.9747548273709183,0.5382530618097736,0.9453923460935776
kalman_own_ridge,1,C_Denmark_Germany_Coast,84,7.2762828001698265,0.33632100636856216,0.49956066689222095,0.10802241150329339,0.24415566763840635
kalman_own_ridge,1,C_East_Australia_Coast,84,2.412504085375074,0.7490623521598174,0.7098828442584011,0.5513945865576082,0.47806431929337967
kalman_own_ridge,1,C_East_Azov_Sea_Northeast_Black_Sea_Coast,84,7.823963885776584,0.6606582936576657,0.7569679965607775,0.43444918462484483,0.5676079439525941
kalman_own_ridge,1,C_East_Barents_Sea_Coast,84,2.347258012121098,0.7789278752565002,0.9495327227376191,0.5839748465106077,0.8981966313325761
kalman_own_ridge,1,C_East_Beaufort_Sea_Amundsen_Gulf_Coast,84,2.7330516906216133,0.3592597132078239,0.752905355104428,0.12347743924788879,0.5405264903069633
kalman_own_ridge,1,C_East_Brazil_South_Atlantic_Coast,84,3.1681386217036818,0.6536016240953497,0.8858912626710025,0.3567963510898323,0.7660753039317788
kalman_own_ridge,1,C_East_Caspian_Sea_Coast,84,2.363597621110776,0.7378341341243952,0.9216345090347884,0.5102243122508234,0.8348968327645417
kalman_own_ridge,1,C_East_Central_Africa_Coast,84,3.350771712764808,0.7544505410318891,0.9487652693712652,0.47992057478633,0.8792214652617997
kalman_own_ridge,1,C_East_China_Coast,84,4.431852796460079,0.6398519087895549,0.8043511984747902,0.3602949103402485,0.6181902619798465
kalman_own_ridge,1,C_East_Hudson_Bay_Coast,84,2.7368877675120418,0.6001729609065255,0.7864686453037243,0.32707746936363136,0.5992207134219555
kalman_own_ridge,1,C_East_Mediterranean_Coast,84,3.1716425236989383,0.595511961598976,0.9006875312963353,0.3141677814948517,0.8038915755864291
kalman_own_ridge,1,C_East_Mississippi_Delta,84,3.757498154228495,0.8046226828376297,0.9239567388033362,0.6433549729483212,0.8393271108865257
kalman_own_ridge,1,C_East_Nile_Delta,84,2.6114430904265484,0.09962453758287035,0.47491016862176394,-0.20729973707772698,0.0801805846613155
kalman_own_ridge,1,C_East_Ob_Bay_Coast,84,2.870883662594161,0.6194229337174273,0.9222101542316088,0.37058884587924223,0.8434252010180361
kalman_own_ridge,1,C_East_Red_Sea_North_Gulf_of_Aden_Coast,84,1.5694130271746118,0.44402501450672954,0.6866675886200598,0.16156203759087318,0.45215156200111994
kalman_own_ridge,1,C_East_Timor_Islands,84,3.2082938041413214,0.3674950419373241,0.5052254227027491,0.13428122500771755,0.2543485895546793
kalman_own_ridge,1,C_Ellef_Ringnes_Bathurst_Devon_Islands,84,2.6543339328414617,0.561993617564215,0.7478119201972613,0.26027439860652024,0.4839846907006905
kalman_own_ridge,1,C_Ellesmere_Island,84,3.75436035855775,0.8329056001348568,0.9755903719957307,0.6714981499609226,0.9463737388062149
kalman_own_ridge,1,C_Great_Britain,84,3.031938691407628,0.2589569585173022,0.5948441492747713,-0.04539106278541616,0.274218000085664
kalman_own_ridge,1,C_Greater_Dniester_Basin,84,3.464186195527811,0.5763530749133441,0.8795825128374756,0.23824924720453877,0.7505938894048594
kalman_own_ridge,1,C_Gulf_of_Darien_Coast,84,3.0659014015176296,0.6867359440278024,0.8956653868798846,0.4694548776070705,0.7933577031205594
kalman_own_ridge,1,C_Gulf_of_Guinea_Coast,84,2.7004296630342077,0.784160267599139,0.8845662945736583,0.6098614386966325,0.7756452912998076
kalman_own_ridge,1,C_Gydan_Bay_Coast,84,4.361114277564002,0.2727090278263112,0.8579299506625438,0.029888974206050634,0.7273675227876713
kalman_own_ridge,1,C_Hainan,84,5.469297424339386,0.13317352786936132,0.7861804102311881,-0.032137385713148836,0.617700560163144
kalman_own_ridge,1,C_Halmahera_Islands,84,2.777754488918323,0.4983971334834256,0.4841685662389401,0.24031082904336432,0.2209751763546911
kalman_own_ridge,1,C_Hispaniola,84,2.029515365341882,-0.0027089186522785,0.5679841940375963,-0.13285465409145392,0.21610958553188642
kalman_own_ridge,1,C_Hokkaido,84,4.000604940777498,0.1621541623456593,0.6909302845078943,0.009645856615448256,0.47113638305271444
kalman_own_ridge,1,C_Hub_Porali_Basin,84,3.6319811703131215,0.6322895617337005,0.722452148828817,0.36680634261452494,0.495824108558205
kalman_own_ridge,1,C_Iberian_Atlantic_Coast,84,2.6704268196568592,0.6925625708668512,0.91574566363076,0.4775495491620685,0.8360282277871544
kalman_own_ridge,1,C_Iceland,84,9.000107071886076,0.5014105506222347,0.868214552638578,0.229947438934878,0.7529468859330624
kalman_own_ridge,1,C_India_West_Coast,84,3.6191255928043575,0.5458420312567441,0.963576538588903,0.17663127841170245,0.9200907269796085
kalman_own_ridge,1,C_Indian_Ocean_Africa_Coast,84,3.0412797534353793,0.8248984689284145,0.9162021035727789,0.6458435900673686,0.8214737102067254
kalman_own_ridge,1,C_Ireland,84,2.2808344329012624,0.10997365494052497,0.6245497998406201,-0.03437288992956544,0.34815219424667443
kalman_own_ridge,1,C_Irrawaddy_Sittang_Salween_Basin,84,2.576361315024402,0.8323097746663956,0.9805820797648378,0.6641951462448628,0.961440935906888
kalman_own_ridge,1,C_Jamaica,84,2.9536255933062785,0.1395220552039985,0.16306492870907374,0.0046533995849656895,0.0007367661416070037
kalman_own_ridge,1,C_Japan,84,3.3359264887006788,0.3682958243138792,0.4602588668666635,0.015111644455937157,-0.03569259634428512
kalman_own_ridge,1,C_Java,84,2.8619758566816165,0.7054071529342966,0.8211702255639205,0.4942268811881576,0.6732020658270736
kalman_own_ridge,1,C_Kamchatka_Peninsula,84,2.985345296910954,0.5318753182116076,0.9529083133331787,0.26920005048957196,0.9071835845781452
kalman_own_ridge,1,C_La_Plata_Delta,84,4.7491340612819855,0.7729858938292352,0.7887688849724968,0.592576947572213,0.6157716164426043
kalman_own_ridge,1,C_Labrador_Sea_Coast,84,3.365698967207568,0.6662274040775042,0.8731008632838417,0.42003837285562307,0.7508490661591645
kalman_own_ridge,1,C_Madagascar,84,3.05522667779889,0.6935501472100944,0.9289264364904088,0.46567124524791126,0.8606317644987196
kalman_own_ridge,1,C_Malaysian_Peninsula_Coast,84,3.8073517332586597,0.6220598529213206,0.7785453001053206,0.37373748533652995,0.5951826764072206
kalman_own_ridge,1,C_Maluku,84,3.6098097840921173,0.4908875362463669,0.4851807913795993,0.2261566895630085,0.21337544522316265
kalman_own_ridge,1,C_Melville_Prince_Patrick_Islands,84,6.010407353659173,0.7528672469952269,0.873076198390132,0.4975659566611862,0.7240793233601811
kalman_own_ridge,1,C_Namibia_Coast,84,2.124659915087465,0.5053656224828754,0.48623639051311435,0.19587285875001503,0.14002690951972885
kalman_own_ridge,1,C_Neva_River_Finland_Coast,84,2.4185966777644707,0.6107966520894729,0.8767252890650864,0.3328022377511477,0.7587001326415942
kalman_own_ridge,1,C_New_Brunswick_and_Nova_Scotia_Coast,84,4.629253243572443,0.30188069881244334,0.8150876457545919,0.023954941261625007,0.6340555618522488
kalman_own_ridge,1,C_New_Siberian_Islands,84,51.660697468158844,-0.0232266166400824,0.17696794979434075,-0.09023810352299089,-0.006643821392898763
kalman_own_ridge,1,C_New_Zealand_North_Island,84,2.069396276047433,0.4822807029743867,0.8030194196968188,0.19916340141795175,0.6305881845940757
kalman_own_ridge,1,C_New_Zealand_South_Island,84,2.3684460591677303,0.3174150314489129,0.7459603799430445,0.09396965982645211,0.5425996402172208
kalman_own_ridge,1,C_Nigerian_Delta,84,5.489686066195764,0.3982016981434429,0.948107035637915,0.14636229890657315,0.8938131904498123
kalman_own_ridge,1,C_North_Argentina_South_Atlantic_Coast,84,3.157533302193088,0.8077089679424612,0.8187465750441648,0.6473377945268862,0.6586369603549942
kalman_own_ridge,1,C_North_Australia_Coast,84,3.1599380988009957,0.8876492373016518,0.95933190842681,0.7746891009358294,0.916412336143119
kalman_own_ridge,1,C_North_Baffin_Island_Coast,84,5.017243817720504,0.7200955731717982,0.8620191522140963,0.4896084770634679,0.6889277545839514
kalman_own_ridge,1,C_North_Brazil_South_Atlantic_Coast,84,6.059361094495304,0.7592319891112579,0.9582528803009126,0.5436185887217473,0.9117615344613726
kalman_own_ridge,1,C_North_Caspian_Sea_Coast,84,2.180458310947296,0.6444560731473701,0.8580187437274067,0.4012958935561489,0.71429386754375
kalman_own_ridge,1,C_North_Chile_South_Pacific_Coast,84,2.280540987856167,0.70075036028737,0.8743688123542003,0.4865689773657923,0.7600673101693367
kalman_own_ridge,1,C_North_East_Bay_of_Bengal_Coast,84,2.4634215304512885,0.7396800829212941,0.9893604561229015,0.5216248100516272,0.9785030853716888
kalman_own_ridge,1,C_North_East_Siberian_Sea_Coast,84,1.5563901501292923,0.7206908111398779,0.9083063181845538,0.5174241873557792,0.8121049039570776
kalman_own_ridge,1,C_North_Gulf_of_Oman_Coast,84,2.747012392444022,0.7373384517220507,0.8323411419197136,0.5421869734472218,0.6912314147994978
kalman_own_ridge,1,C_North_Korea_Bay_Korean_Peninsula,84,2.13020735509884,0.8231580462866604,0.8604929644915329,0.6152779456087913,0.6911213132622662
kalman_own_ridge,1,C_North_Siberia_Coast,84,1.6722710453732423,0.44161441478777996,0.9351041959204983,0.172922364047844,0.8737391404501649
kalman_own_ridge,1,C_North_St_Lawrence_Seaway_Coast,84,3.1610110596044576,0.5128606769101621,0.8304916899700242,0.10541778564557314,0.622866412099806
kalman_own_ridge,1,C_North_Vietnam_South_China_Coast,84,2.9214770073154166,0.7791705503703039,0.8980664400132192,0.5819060958879647,0.7946069861096927
kalman_own_ridge,1,C_North_West_Africa_Coast,84,1.2476597567038186,0.2790324153630099,0.4726589691934588,-0.017098841243782248,0.037181577762329776
kalman_own_ridge,1,C_Northeast_South_America_Coast,84,4.848850358279842,0.9450854170077471,0.9479718736165128,0.8849855649541908,0.8977922515961245
kalman_own_ridge,1,C_Northwest_Hudson_Bay_Coast,84,2.088846351445829,0.7822084837249083,0.8787018346922609,0.6040868905057571,0.7688768980066515
kalman_own_ridge,1,C_Northwest_Mediterranean_Coast,84,2.3001226476854133,0.7412354717810148,0.90300015168667,0.5299994646044929,0.8075913578429879
kalman_own_ridge,1,C_Norway_Coast,84,3.2294296082594856,0.5494831520310273,0.8644291096907032,0.29193152424522495,0.7436217869900774
kalman_own_ridge,1,C_Novaya_Zemlya,84,17.890621301457543,0.5532610719051337,0.9466246649838538,0.18275664672499026,0.8789561963547502
kalman_own_ridge,1,C_Nusa_Tenggara,84,3.2666885524829543,0.4131675339365825,0.4800052391689193,0.15792441535038526,0.20924561217517135
kalman_own_ridge,1,C_Olenyok_Delta,84,9.315514138478562,0.16796775981235712,0.42388386626786073,0.0042856444485257494,0.16428527824374106
kalman_own_ridge,1,C_Oregon_Coast,84,2.8192788190796056,0.4497364583182083,0.937832767552404,0.1385246917731141,0.8666599601930619
kalman_own_ridge,1,C_Papua_New_Guinea_Island,84,1.777623332350973,0.7019883793354822,0.7551426180183742,0.4920610902329412,0.5666445944858896
kalman_own_ridge,1,C_Patagonia,84,3.604193879270897,0.38863810546262306,0.6783841449151474,0.14149793067497807,0.4409719805866896
kalman_own_ridge,1,C_Peru_Pacific_Coast,84,1.3777362571402432,0.4821141677618166,0.8901133763341774,0.20816197798321645,0.7915158718888587
kalman_own_ridge,1,C_Philippines,84,2.5005392560957764,0.7132816196855792,0.7687790805787245,0.5039420358129177,0.5902622804101907
kalman_own_ridge,1,C_Po_River_and_East_Italy_Coast,84,3.0829986394644195,0.6738595529889392,0.8921320780068969,0.4274475637649602,0.7863642561781022
kalman_own_ridge,1,C_Prince_of_Wales_Island,84,3.389483087734493,0.15683570212653547,0.37400529110310554,-0.059128594828816716,0.04488524794495319
kalman_own_ridge,1,C_Puerto_Rico,84,1.9372038329823285,0.062091338051784344,0.5588848396196111,-0.05476365163305785,0.2794112968207466
kalman_own_ridge,1,C_Sakhalin_Island,84,8.404895161971236,0.14342957189989522,0.231720130751637,-0.03668244221979022,-0.1060669923079185
kalman_own_ridge,1,C_Sardinia_and_Corsica,84,8.622945025889377,0.25826193191534486,0.42357003305231866,0.04554385443558484,0.16805261585177755
kalman_own_ridge,1,C_Severnaya_Zemlya,84,23.551897008634388,0.5717187738975589,0.893946102839298,0.1455016997207358,0.7552765459544856
kalman_own_ridge,1,C_Seward_Peninsula_Alaskan_North_Slope,84,2.3887285120204935,0.5584291642167964,0.808167855429357,0.28156797153442314,0.6368507084210133
kalman_own_ridge,1,C_Shelikhov_Gulf_Sea_of_Okhotsk_Coast,84,4.176628296684757,0.5640464998214502,0.864466075075833,0.27314873618567614,0.7244400577011767
kalman_own_ridge,1,C_Sicily,84,4.402135060285636,0.18055168743871766,0.20053145452443266,0.024031808734301663,0.0037623520898278917
kalman_own_ridge,1,C_Solomon_Islands,84,7.96991064719568,0.5191467313647034,0.3647537096203655,0.2618813762497487,0.1231000609200048
kalman_own_ridge,1,C_Somerset_Island,84,3.0892269134978925,0.3218214252853983,0.7189783583031409,0.015040494086801859,0.47426160355654745
kalman_own_ridge,1,C_South_Africa_South_Coast,84,1.5966118415955453,0.8408342730916882,0.8790669742086348,0.6757996070999926,0.7502351281092925
kalman_own_ridge,1,C_South_Africa_West_Coast,84,1.9870605102250887,0.23108119106222935,0.5197619498971002,0.015109073160461395,0.26039934447826985
kalman_own_ridge,1,C_South_Alaska_Coast_Frazer_River,84,4.250423247941702,0.836935780169065,0.9748014922846938,0.6795376299043638,0.9484032441117922
kalman_own_ridge,1,C_South_Amapa_Coast,84,5.192058559825523,0.8868610963912195,0.9688917286800879,0.7551694299885001,0.9382360053695838
kalman_own_ridge,1,C_South_Australia_Coast,84,1.1775449647934542,0.534193703547874,0.8189498527158366,0.27052995560597237,0.6696056783207933
kalman_own_ridge,1,C_South_Baffin_Island_Coast,84,4.3345827400397,0.4563650572378133,0.7262847472697187,0.15031367035150434,0.4589830388305628
kalman_own_ridge,1,C_South_Baltic_Coast,84,2.5162254372255877,0.5793343309635661,0.8586991567012117,0.3261154908053201,0.7357305679568356
kalman_own_ridge,1,C_South_Black_Sea_Coast,84,4.31145772071459,0.6497289071335339,0.8777490923225605,0.40176165770964056,0.757858305292158
kalman_own_ridge,1,C_South_Chile_South_Pacific_Coast,84,4.822844439602293,0.5390119332872487,0.9617731022469218,0.06576774794256124,0.9053391380833428
kalman_own_ridge,1,C_South_East_Brazil_Coast,84,3.6194395483738266,0.8330020271350203,0.900447727691929,0.656397803934532,0.7874518009707329
kalman_own_ridge,1,C_South_East_Russia_Coast,84,2.278521592348936,0.6473315410190157,0.5347288514440632,0.39009842498265057,0.17490019099919862
kalman_own_ridge,1,C_South_Gulf_of_Aden_Coast,84,2.4019296497951377,0.5579745530971856,0.4809372266669736,0.30280955444485247,0.2269397635832916
kalman_own_ridge,1,C_South_Gulf_of_Oman_West_Arabian_Sea_Coast,84,1.4747820221117407,0.5907255088864656,0.6907086921025275,0.24772605102732126,0.3994528164956125
kalman_own_ridge,1,C_South_Hudson_Strait_Ungava_Bay_Coast,84,3.608848197144407,0.40433229160886985,0.8120132833035805,0.08635797916768662,0.6371600752340201
kalman_own_ridge,1,C_South_Mediterranean_Coast,84,1.3586199695379981,0.11244295605972283,0.3732374612330171,-0.06983565534464797,0.057728190750740316
kalman_own_ridge,1,C_South_Zambezia_Coast,84,3.855519336184708,0.39037574988097223,0.8640215529839578,0.08101165232634633,0.7358987006327344
kalman_own_ridge,1,C_Southhampton_Coats_Islands,84,3.812761278084863,0.26034013705090114,0.5439132848082118,0.05121842433611201,0.291030050453288
kalman_own_ridge,1,C_Southwest_Hudson_Bay_Coast,84,2.172728222022594,0.5808435897422729,0.8961541672962057,0.32618255493049075,0.7966291440591219
kalman_own_ridge,1,C_Southwest_Mediterranean_Coast,84,1.9718824399445787,0.4321084769704355,0.7050336488492958,0.1442937821778436,0.4156351130093049
kalman_own_ridge,1,C_Sri_Lanka,84,1.8089078984143132,0.5023666618345245,0.9267158352089745,0.16506377181338838,0.8421551674117742
kalman_own_ridge,1,C_Sulawesi,84,2.100298113424021,0.7942533303663892,0.7771336271899185,0.6271224312344771,0.6031773028506576
kalman_own_ridge,1,C_Sumatra,84,2.5557479571386654,0.6357139352038114,0.7768584423137387,0.3730864169493182,0.5761141892587508
kalman_own_ridge,1,C_Svalbard,84,20.005129642204935,0.7616824088155575,0.9783319697687836,0.47668434142290983,0.9471634534222334
kalman_own_ridge,1,C_Sweden_Coast,84,3.6361994655917695,0.2597138532841195,0.7673161055555795,0.013573337898127757,0.5884329980513894
kalman_own_ridge,1,C_Taiwan,84,2.095332664831593,0.2680422767057558,0.6431785026725265,0.033346780461955605,0.4025682072854987
kalman_own_ridge,1,C_Tasmania,84,2.554878717905051,0.5005711760715634,0.8065054391672505,0.2374093567558776,0.645788352565621
kalman_own_ridge,1,C_Texas_Gulf_Coast,84,2.5794406749378203,0.8277821399864416,0.8776630580538611,0.6698607804762937,0.7664351056432893
kalman_own_ridge,1,C_Thar_Desert_Sabarmati_River_Gulf_of_Cambay_Luni_Delta,84,3.969475941671779,0.7914617952580154,0.8561631295383122,0.6250744399397952,0.7320318753525903
kalman_own_ridge,1,C_US_East_Gulf_of_Mexico_North_Atlantic_Coast,84,3.1974824504853685,0.8297319680491572,0.8290539739798973,0.6880733361495444,0.6866790910581997
kalman_own_ridge,1,C_US_North_Atlantic_Coast,84,2.6172215465240782,0.5429938442667019,0.8761175762803419,0.2553216928650571,0.7622383574809373
kalman_own_ridge,1,C_Uda_Basin,84,3.212130220316232,0.4581354146432486,0.6398990088798369,0.19450104260004708,0.3831195019200543
kalman_own_ridge,1,C_Uruguay_South_Brazil_Coast,84,3.7167731948923572,0.7854558945537001,0.8237267338357176,0.60536793375595,0.6664800602845344
kalman_own_ridge,1,C_Victoria_Island,84,2.4676362864542845,0.3757981722963739,0.7819409736789391,0.09076054686907908,0.5914480272971766
kalman_own_ridge,1,C_Vietnam_Coast,84,2.828710692606699,0.764331450990083,0.9763360265539961,0.576336539131926,0.952337140564816
kalman_own_ridge,1,C_West_Africa_Coast,84,1.9894131381157445,0.5379791912142539,0.9848150800815326,0.2721406593441097,0.9677612421249167
kalman_own_ridge,1,C_West_Australia_Coast,84,1.7744859720096562,0.4266852192552985,0.5823964370827045,0.10170044798852396,0.290216289278026
kalman_own_ridge,1,C_West_Barents_Sea_Coast,84,3.0995449376995095,0.33754126968821657,0.8756739444116541,0.09462136256807296,0.7555281733621715
kalman_own_ridge,1,C_West_Black_Sea_Coast,84,4.770011868042397,0.6042957013627381,0.8424859910241697,0.351536652555825,0.7035140428422793
kalman_own_ridge,1,C_West_Caspian_Sea_Coast,84,3.7533667008295275,0.4839736490011951,0.8560643522391662,0.21022126771117622,0.7114437525231623
kalman_own_ridge,1,C_West_Continental_Europe,84,2.1688068738917456,0.8261670408914477,0.9259772840591289,0.6750327751872827,0.8558410238477356
kalman_own_ridge,1,C_West_Italy_Coast,84,2.577785272419817,0.2858079488678147,0.8888239098635581,-0.02040697488944887,0.7817094705948715
kalman_own_ridge,1,C_West_Mississippi_Delta,84,4.179080939998947,0.7431905320362956,0.8914407726929449,0.5478629006007253,0.778210024514409
kalman_own_ridge,1,C_West_Nile_Delta,84,2.109477793869228,0.10482269390528523,0.47143458669456384,-0.18463259932697684,0.09170341447548225
kalman_own_ridge,1,C_West_Red_Sea_Coast,84,2.0438388467564144,0.4464680871460824,0.6957076026465797,0.17685549121926003,0.4591912819697682
kalman_own_ridge,1,C_Yamal_Peninsula,84,3.7980469228854816,0.04819133533270458,0.8106589290377276,-0.11897347621335763,0.6323528524638454
kalman_own_ridge,1,C_Yellow_Sea_Coast,84,3.6333601494014873,0.851707831489404,0.8263679886543155,0.6716203833628616,0.6472414166904015
kalman_own_ridge,1,C_Yenisey_Gulf_Coast,84,4.108298689559548,0.1371047626899431,0.8586351668748863,0.0008103711638498545,0.7367246684956715
kalman_own_ridge,1,C_Ziya_He_Interior_Coast,84,3.4277685130069706,0.9150239569680725,0.9177822957830971,0.8003603869440998,0.8076436822628523
kalman_own_ridge,1,E_Altai_Mountains,84,1.2925897790379284,0.338321700900806,0.3408776103873466,0.07538801301780729,0.04146001314939063
kalman_own_ridge,1,E_Amu_Darya,84,2.3305641046897647,0.6641122354838597,0.92329070420138,0.3677232154932335,0.8347782251459929
kalman_own_ridge,1,E_Australia_Northwest_Plateau,84,2.8313977119971674,0.9025572040799705,0.9265282013160593,0.8029012959596373,0.848609700453289
kalman_own_ridge,1,E_Badain_Jaran_Desert,84,1.1207937772545733,0.35451792600499177,0.6105771871308965,0.11627910598777835,0.3660843156154595
kalman_own_ridge,1,E_Central_Iran,84,2.264962025344762,0.7580157643924462,0.9052094810416506,0.5645788134473841,0.8145711489196032
kalman_own_ridge,1,E_Central_Mongolia,84,2.067982765992135,0.5354942096397808,0.5676330045182458,0.26227618602102754,0.295115833860743
kalman_own_ridge,1,E_Dayan_Khyargas_Uvs_Nuur_Basins,84,1.2895357556022993,0.702787983451744,0.7448597299400278,0.4908353565259497,0.5468617081845415
kalman_own_ridge,1,E_East_Gobi_Desert,84,1.4350982556710825,0.7861121258929102,0.770572520002255,0.567972421960933,0.5429436713180803
kalman_own_ridge,1,E_Egyptian_Western_Desert,84,1.451180868681288,0.3877172571865924,0.5685728961084054,0.002853611672647971,0.15245984389023937
kalman_own_ridge,1,E_Farahrud_Helmand_Hamun_i_Mashkel,84,2.404440684191135,0.5825801740467785,0.830896763177539,0.28409571275689427,0.6710094473535181
kalman_own_ridge,1,E_Great_Basin_Great_Salt_Lake,84,2.137344338311051,0.9143971041663246,0.9413559714041201,0.8341529153929976,0.8841280728214845
kalman_own_ridge,1,E_Great_Victoria_Desert,84,1.467732179524225,0.6224444045371078,0.5251746888753356,0.366755263606904,0.22478656040889156
kalman_own_ridge,1,E_Jordan_Northwest_Saudi_Arabia,84,3.233070141842489,0.1472029516377533,0.7209200015621992,-0.07478863324239238,0.4760644926984282
kalman_own_ridge,1,E_Junggar_Pendi,84,1.8013216099721938,0.7239925577930858,0.8883376801143775,0.4587941256761898,0.7515422939003102
kalman_own_ridge,1,E_La_Puna_Altiplano,84,2.0327349738740863,0.5622318135787998,0.7813896566139931,0.2915089419405146,0.5972869737646769
kalman_own_ridge,1,E_Lake_Eyre_Basin,84,1.823721970212038,0.8529065124622275,0.831210685884259,0.7237616663258779,0.6876803262693615
kalman_own_ridge,1,E_Lake_Rukwa_Basin,84,7.735548050816708,0.7757370867732948,0.9268184603365536,0.5564900529497883,0.8459517265757723
kalman_own_ridge,1,E_Lakes_Balkash_Alakol,84,1.7939792555163876,0.6794933490553537,0.913982335591231,0.4122991811187897,0.8249724414018876
kalman_own_ridge,1,E_Libyian_Desert,84,0.9753227670257185,0.27744693900691053,0.6010651351402203,0.07027952018686123,0.3529364320007201
kalman_own_ridge,1,E_Lower_Lake_Chad,84,2.8581740800397775,0.8800888667712834,0.9789135065310588,0.6794168501630096,0.9420110297113536
kalman_own_ridge,1,E_North_Central_Arabia,84,1.9261909775108248,0.3769768385110414,0.7385227211662085,0.13587027088286496,0.5435561835762204
kalman_own_ridge,1,E_North_Plateau_of_Tibet,84,2.6545998832908704,0.5400760260348609,0.4452886790795945,0.25746698372716004,0.12999326068380757
kalman_own_ridge,1,E_Northern_Kordofan,84,2.337891715994283,0.5717052243400107,0.7078077142126827,0.23320622057941132,0.42753902700903246
kalman_own_ridge,1,E_Plateau_of_Tibet,84,1.593279877973272,0.5565540864449295,0.7266651692097227,0.2923179543511174,0.5213423369086989
kalman_own_ridge,1,E_Qinghai_Lake,84,1.784288038383384,0.8282777545233727,0.6248654828788655,0.6799358492983966,0.36834129257775816
kalman_own_ridge,1,E_Rift_Valley,84,3.0759746482559156,0.821542798930397,0.8109466309809716,0.6257917146415122,0.5706010984773826
kalman_own_ridge,1,E_Rub_al_Khali_Desert,84,1.3554933439392787,0.4339972236285432,0.5956892458780744,0.16436114066122287,0.33712052512979995
kalman_own_ridge,1,E_Sahara,84,0.785308912722539,0.05129245369191811,0.2547688356047016,-0.03930361306994934,0.0035549749175738388
kalman_own_ridge,1,E_Saharan_and_Algerian_Atlas,84,1.2282060358683224,0.4116612555304663,0.8975507384732163,-0.06700753982301544,0.734770473346831
kalman_own_ridge,1,E_Salinas_Grande_Mar_Chiquita,84,2.2567339504282025,0.8530379381476787,0.8713257775938436,0.7133918989893561,0.7425324306081309
kalman_own_ridge,1,E_South_Interior_Africa,84,2.3302222033770046,0.9109565004827326,0.9385131187083103,0.8271184680423692,0.8780486660626956
kalman_own_ridge,1,E_Syr_Darya,84,1.425475111923915,0.7699523520640402,0.9373248685419983,0.5844993377297627,0.8747579757523176
kalman_own_ridge,1,E_Tarim_He_Lop_Nur,84,0.9943444109986023,0.7009032337453235,0.8778649819779768,0.4576968958566169,0.7533613669985046
kalman_own_ridge,1,E_Turpan_Pendi,84,2.074144933156895,0.5562471678500434,0.8304942368525655,0.1863142455139979,0.6338003376171519
kalman_own_ridge,1,E_Upper_Lake_Chad,84,1.5836095002823103,0.7167891277911917,0.8398877594329567,0.3490484989333321,0.6059446174212344
kalman_own_ridge,1,R_Amazon_River,84,2.162030626009876,0.940985386505038,0.9914202153407766,0.8779832787912903,0.981549066245123
kalman_own_ridge,1,R_Amur_River,84,1.5553824149108735,0.8436403236090789,0.7058299730395736,0.7012859578580487,0.4278042808353656
kalman_own_ridge,1,R_Colorado_River_Argentina,84,3.0510544834800233,0.46335738494939693,0.6038076479366976,0.11991265266535278,0.2799202777815226
kalman_own_ridge,1,R_Colorado_River_of_the_West_North_America,84,1.6630781536626995,0.8270903274105358,0.8946386983379565,0.6761331213028372,0.7943185236340407
kalman_own_ridge,1,R_Columbia_River,84,1.9899012111785332,0.4797504175454702,0.9778010481755931,0.00861718174896231,0.9485608933744192
kalman_own_ridge,1,R_Congo_River,84,2.1873611522648337,0.8565798842638185,0.9256482202870784,0.711071524859558,0.8444102431378793
kalman_own_ridge,1,R_Danube_River,84,2.2125482931978904,0.7229100950345205,0.9379378215786156,0.4774773794541921,0.86774845479273
kalman_own_ridge,1,R_Dnieper_River,84,2.8140336095658935,0.8792875940979713,0.9178520872837652,0.7713186586737977,0.8408860312003098
kalman_own_ridge,1,R_Don_River,84,2.83675624316237,0.8933107536903383,0.942549870750762,0.7890217557822413,0.8835243534486155
kalman_own_ridge,1,R_Ganges_Bramaputra_Basin,84,2.5271679628380337,0.7372908785943969,0.973053831843453,0.49255091921862393,0.9407433636632623
kalman_own_ridge,1,R_Indus_River,84,2.84177560737764,0.729439811489309,0.913430517270314,0.4417992111508673,0.8046353202141481
kalman_own_ridge,1,R_Lena_River,84,1.4207951742304166,0.672422557411132,0.930046484089786,0.44413590918139756,0.8646270004875253
kalman_own_ridge,1,R_Limpopo_River,84,3.1381760282073716,0.900511836016553,0.9313105527673992,0.7722648436784495,0.8359483152992718
kalman_own_ridge,1,R_Mackenzie_River,84,1.5790992281319292,0.9631296553515526,0.9747176438382583,0.9149339336954821,0.9454727769195428
kalman_own_ridge,1,R_Magdalena_River,84,3.408694059047914,0.7767541696026078,0.876670945659955,0.6025505839384193,0.7539977460568257
kalman_own_ridge,1,R_Mekong_River,84,3.0949213943743588,0.8899357927923185,0.9736082564988706,0.7847587694896007,0.9471852014139247
kalman_own_ridge,1,R_Mississippi_River,84,1.4515942229990486,0.9542722397249088,0.976091887136979,0.8955423795736815,0.9428021355141603
kalman_own_ridge,1,R_Murray_Darling_River,84,2.191174913359145,0.8794136724925514,0.8756910690609176,0.7725992851642095,0.7651720375624835
kalman_own_ridge,1,R_Niger_River,84,2.025980115111859,0.6178787963194287,0.9710082967907181,0.18895681291887578,0.9233583284067345
kalman_own_ridge,1,R_Nile_River,84,2.3304090384217186,0.6754612322325849,0.9195426835594284,0.3504732852286606,0.8218011137945057
kalman_own_ridge,1,R_Ob_River,84,1.5818790725595036,0.8883150358943532,0.9615164109579092,0.7882992728449251,0.9242589775808717
kalman_own_ridge,1,R_Orange_River,84,1.8442306815014642,0.8503399952235496,0.8639233079564531,0.7104681248223521,0.7357423556236222
kalman_own_ridge,1,R_Orinoco_River,84,2.8948497809318927,0.9044230054382517,0.982590429732227,0.8122437594574898,0.9647834084664515
kalman_own_ridge,1,R_Parana_River,84,2.3201858717840755,0.8727327908038144,0.9357222449195254,0.7086396329994951,0.8404857915981491
kalman_own_ridge,1,R_Parnaiba_River,84,3.888407179616346,0.8375867104517762,0.9530870646657794,0.6505268209653391,0.8922596300933149
kalman_own_ridge,1,R_Rio_Grande_Rio_Bravo,84,2.4625481766912176,0.6125169174709179,0.8093958274059138,0.26630286773134115,0.583592219419007
kalman_own_ridge,1,R_Saint_Lawrence_River,84,2.416765685439331,0.9556932856562586,0.9443811783924102,0.9094733970461107,0.8864514689566475
kalman_own_ridge,1,R_Sao_Francisco_River,84,4.608394317534883,0.858265638060057,0.9184436413249797,0.7130808631406087,0.8296460250787991
kalman_own_ridge,1,R_Saskatchewan_Nelson_Rivers,84,1.7111221548619673,0.8598487446941065,0.9400637422651152,0.7187414126477792,0.8753072375313891
kalman_own_ridge,1,R_Senegal_River,84,2.2961234876839525,0.6110749116943942,0.9351811320019665,0.35111649230717634,0.8701626813002874
kalman_own_ridge,1,R_Shebelli_Juba_Rivers,84,3.0992728475359543,0.7357746119720427,0.7962399604633428,0.5009367148515336,0.6036183544001626
kalman_own_ridge,1,R_Tigris_Euphrates_River,84,2.164064666397742,0.9375033728578139,0.9602832771847567,0.8782544014878397,0.9201146128001603
kalman_own_ridge,1,R_Tocantins_River,84,4.366411945281957,0.8158830305842876,0.9675412786722133,0.6631144676524484,0.9356554605750361
kalman_own_ridge,1,R_Volga_River,84,1.7842363054877624,0.8413431036841534,0.9662293003948508,0.7018571772222537,0.931847778170887
kalman_own_ridge,1,R_Volta_River,84,2.603771716726621,0.5918295532504046,0.9536852515775971,0.337210962036983,0.9079845555173742
kalman_own_ridge,1,R_Yangtze_River,84,2.6006542530744974,0.7729507020830071,0.8201545895939952,0.5447256867053434,0.6547007781307143
kalman_own_ridge,1,R_Yellow_River_Huang_He,84,1.5867303250679907,0.7008787729767781,0.7694065232093958,0.48425903365220646,0.5863714961692781
kalman_own_ridge,1,R_Yenisey_River,84,1.4335061619911789,0.4164486754355727,0.937909280378079,0.07401576755778305,0.8708239744880775
kalman_own_ridge,1,R_Yukon_River,84,1.6661124802335832,0.6106866240633989,0.9517460117687557,0.28967857834135247,0.8940108367801577
kalman_own_ridge,1,R_Zambezi_River,84,2.463337271333012,0.9211206889738109,0.979068384259562,0.8454152859936073,0.9577365927110812
kalman_own_ridge,2,C_Aleutians_South_Alaska_Coast,83,4.3263593989055185,0.831129660995613,0.9611689211488411,0.6853919476153298,0.9182886750095622
kalman_own_ridge,2,C_Amazon_River_Delta,83,6.209941542024695,0.7839065509246471,0.9562431145320703,0.5813958827735284,0.9087763310422919
kalman_own_ridge,2,C_Angola_Coast,83,4.098722045470384,0.6293428637359353,0.8523392657012804,0.39392662231249864,0.7212676495263777
kalman_own_ridge,2,C_Balkan_Peninsula_and_Adriatic_Coast,83,2.589949704951512,0.4590160654032049,0.9519934959197487,0.1458678464968699,0.8992966081528919
kalman_own_ridge,2,C_Banks_Island,83,8.28430778880205,-0.07617016754184504,0.4154452803945279,-0.08242423959853973,0.12956148445094018
kalman_own_ridge,2,C_Beaufort_Sea_Coast,83,2.0882176474911676,-0.1786674992566357,0.8849290534749965,-0.15109687478860612,0.781410905777201
kalman_own_ridge,2,C_Bight_of_Benin_Coast,83,4.62386759696561,0.5992030520436182,0.9169447566553393,0.3586962378671189,0.8405037313916445
kalman_own_ridge,2,C_Bismark_Sea_Islands,83,3.2750674274345966,0.6315087266641117,0.5298324238905416,0.3440026074919491,0.22458559667061717
kalman_own_ridge,2,C_Borneo,83,3.8345302501992435,0.5573764921764347,0.5786758561148132,0.2761980940151506,0.27515622678655893
kalman_own_ridge,2,C_Buor_Khaya_Gulf_Coast,83,4.385431313771601,0.08379569668915232,0.7313575758229776,-0.034760707262284196,0.528984681169115
kalman_own_ridge,2,C_California_and_Baja_California,83,2.900964820874563,0.7633420156979212,0.8767479468285183,0.5794625917971221,0.767277456275898
kalman_own_ridge,2,C_Canadian_South_Arctic_Ocean_Coast,83,1.7976351087356257,0.3169606309715355,0.8558406932435125,-0.016885046927904712,0.6834862435470332
kalman_own_ridge,2,C_Capim_River_Delta,83,7.939753411692057,0.6867927624992272,0.9382470833086574,0.4541966989999642,0.8677445765517162
kalman_own_ridge,2,C_Carribean_Coast,83,3.2211447198959346,0.7691861285541537,0.9328648654414073,0.59042723081975,0.8639438574893752
kalman_own_ridge,2,C_Central_America_Gulf_of_Mexico_Caribbean_Coast,83,3.876922999893997,0.5563414742618699,0.8722931185543065,0.27020540816646665,0.7466381319897122
kalman_own_ridge,2,C_Central_American_Pacific_Coast,83,2.7080762668830265,0.47828022516450974,0.9218241753185193,-0.06733532927058539,0.7814077117988418
kalman_own_ridge,2,C_Chao_Phraya_River_Gulf_of_Thailand_Coast,83,5.433728358666971,0.6989910886064997,0.9276559679305986,0.4565612390425303,0.8525593537453963
kalman_own_ridge,2,C_Chukchi_Peninsula,83,4.495209951871334,0.2331126088972895,0.7883207720249832,0.05113332433608897,0.619064954046246
kalman_own_ridge,2,C_Churchill_Seal_Rivers,83,2.6756350408166765,0.8352514233319768,0.8916331984089637,0.6732050435984787,0.7737826580200995
kalman_own_ridge,2,C_Columbia_Ecuador_Pacific_Coast,83,1.9587495185591641,0.23028409698870228,0.7118559363277112,0.05159387466273957,0.5066012914888299
kalman_own_ridge,2,C_Crimea_West_Azov_Sea_Coast,83,6.743813753633887,0.5767847063512209,0.749236278675303,0.3233192083009868,0.5485469768006199
kalman_own_ridge,2,C_Cuba,83,2.6988536211776983,-0.13850191913185683,0.7649779782689377,-0.17692456890463304,0.5222718263983499
kalman_own_ridge,2,C_Deccan_Plateau_East_Indian_Subcontinent_Coast,83,4.082782878331972,0.5300944961216575,0.9565495324766548,0.05580136153455695,0.8957364128366951
kalman_own_ridge,2,C_Denmark_Germany_Coast,83,7.578276255381962,0.2446397219188558,0.43771572882903426,0.05074639413558424,0.18588341222565397
kalman_own_ridge,2,C_East_Australia_Coast,83,3.159074072012523,0.5346623205854906,0.4656055713611075,0.24562366132717728,0.11546015187085701
kalman_own_ridge,2,C_East_Azov_Sea_Northeast_Black_Sea_Coast,83,8.85314967935145,0.5341999542878134,0.6761645848072633,0.284894857424593,0.4529519493306716
kalman_own_ridge,2,C_East_Barents_Sea_Coast,83,3.046287970983004,0.5959807395974206,0.9162806659308438,0.3056697263030371,0.8295333670106367
kalman_own_ridge,2,C_East_Beaufort_Sea_Amundsen_Gulf_Coast,83,3.0192615920676356,0.036898962119649936,0.6998783417615065,-0.058154134561562376,0.4418042574205687
kalman_own_ridge,2,C_East_Brazil_South_Atlantic_Coast,83,3.9724598295315845,0.4631886862155745,0.8361566914162876,0.011339467220117805,0.6365733178567233
kalman_own_ridge,2,C_East_Caspian_Sea_Coast,83,2.593435703591182,0.6999746306848547,0.9098941288094133,0.42135927145059415,0.8003074460365943
kalman_own_ridge,2,C_East_Central_Africa_Coast,83,4.493930870746715,0.5932682976872953,0.9260839246409212,0.032790913410707834,0.7811636945936553
kalman_own_ridge,2,C_East_China_Coast,83,5.064143694476684,0.5066513343154052,0.7424343077407246,0.14058474954467126,0.47985103432974463
kalman_own_ridge,2,C_East_Hudson_Bay_Coast,83,3.172459725150319,0.4327038930614686,0.7136432777504771,0.1096735759946591,0.4675923882853734
kalman_own_ridge,2,C_East_Mediterranean_Coast,83,3.351562808323332,0.5506444910088815,0.8965823142813236,0.2190450711602755,0.7820444562005896
kalman_own_ridge,2,C_East_Mississippi_Delta,83,4.637369321249506,0.6685634343530448,0.8869237376901923,0.43220346581372826,0.7562786148894268
kalman_own_ridge,2,C_East_Nile_Delta,83,2.6562994411903547,0.16959403815770693,0.5086749126616119,-0.24873547470316004,0.05448987170650954
kalman_own_ridge,2,C_East_Ob_Bay_Coast,83,3.126270647742521,0.5325790181839429,0.9106421736813484,0.26294136754542285,0.81595613571725
kalman_own_ridge,2,C_East_Red_Sea_North_Gulf_of_Aden_Coast,83,1.7456590173270763,0.16449977686030845,0.5955943136837901,-0.0348717845972093,0.3009289004738491
kalman_own_ridge,2,C_East_Timor_Islands,83,3.5532172359850915,-0.1483217198614508,0.3075830449972992,-0.05301983822150058,0.09325520615711536
kalman_own_ridge,2,C_Ellef_Ringnes_Bathurst_Devon_Islands,83,2.9171843913059123,0.4776263271216369,0.7056784285157971,0.11454077126985684,0.37248542917094374
kalman_own_ridge,2,C_Ellesmere_Island,83,5.058046228946513,0.6977932433288135,0.9580848081854969,0.398931190176398,0.8982111856639398
kalman_own_ridge,2,C_Great_Britain,83,3.2661315147494294,-0.022297867394393642,0.5311368437234912,-0.20865679352255606,0.15483243285416626
kalman_own_ridge,2,C_Greater_Dniester_Basin,83,3.892853049377958,0.5056438949237521,0.862520545362036,0.0683361324851306,0.6847105134402931
kalman_own_ridge,2,C_Gulf_of_Darien_Coast,83,3.575749389533004,0.5413236991833404,0.8657978692892692,0.28535087971119,0.7222609720479737
kalman_own_ridge,2,C_Gulf_of_Guinea_Coast,83,3.4288148701254717,0.6292504865090341,0.8058715438639209,0.38418338538907126,0.6389497583833568
kalman_own_ridge,2,C_Gydan_Bay_Coast,83,4.477681649399686,0.17683332045067274,0.8514934462414998,-0.02615453030605952,0.7153084810485131
kalman_own_ridge,2,C_Hainan,83,5.422520790487684,0.12830571348350994,0.7850931930414063,-0.008174491150912955,0.6154031713044266
kalman_own_ridge,2,C_Halmahera_Islands,83,2.9941092213216494,0.36410137571701706,0.3616609706496774,0.11910325661801247,0.10555619348915846
kalman_own_ridge,2,C_Hispaniola,83,2.1109689407521026,-0.13124629723005157,0.5531756026394025,-0.21403163129339098,0.16101030452388654
kalman_own_ridge,2,C_Hokkaido,83,4.072948842815379,0.08784654087446596,0.6676887283902708,-0.017628874706486775,0.4367805825705199
kalman_own_ridge,2,C_Hub_Porali_Basin,83,3.909753808493287,0.5121027367917266,0.6471560237127734,0.14416930053510457,0.3258593679908207
kalman_own_ridge,2,C_Iberian_Atlantic_Coast,83,3.3093093398913296,0.46921609811975973,0.8701422053572364,0.21148905560667375,0.749794823034776
kalman_own_ridge,2,C_Iceland,83,9.748155251281933,0.37443841886828144,0.8408989181729722,0.10308716725247202,0.7060358781234544
kalman_own_ridge,2,C_India_West_Coast,83,4.389628548279839,0.2586286201048623,0.9521324076618177,-0.3508632367799611,0.8812177322991636
kalman_own_ridge,2,C_Indian_Ocean_Africa_Coast,83,4.071855910929983,0.6970710932484501,0.8616135690582477,0.36776359831862937,0.6820815199030061
kalman_own_ridge,2,C_Ireland,83,2.3128395978885816,0.04181696771275533,0.619097117774418,-0.05672395824843024,0.3289575616945861
kalman_own_ridge,2,C_Irrawaddy_Sittang_Salween_Basin,83,3.4127861600769873,0.6793543784737551,0.9660064793318744,0.41026133154467725,0.9329328194702383
kalman_own_ridge,2,C_Jamaica,83,2.9925880373455365,0.04003246600046044,0.11604446464078644,-0.008307155883791495,-0.014085452970738377
kalman_own_ridge,2,C_Japan,83,3.747298074708983,0.19065377307854803,0.3812231788382829,-0.2265972668351357,-0.3154728443525623
kalman_own_ridge,2,C_Java,83,3.279191392318442,0.6127111329847866,0.7587393086612397,0.3299639064257477,0.5746313537718288
kalman_own_ridge,2,C_Kamchatka_Peninsula,83,3.5038872562492265,0.15880502694702095,0.9344408926351453,-0.04014630032406341,0.8704549364806058
kalman_own_ridge,2,C_La_Plata_Delta,83,5.655396532673777,0.6677301657121814,0.6843520615099997,0.43055385449729,0.4490785903517981
kalman_own_ridge,2,C_Labrador_Sea_Coast,83,3.9063282038608964,0.5376355482280962,0.8320286538433225,0.2433107543256462,0.6653831730283902
kalman_own_ridge,2,C_Madagascar,83,3.696165338681345,0.5132377127023722,0.8963919788327981,0.2271286993764321,0.7984109948179909
kalman_own_ridge,2,C_Malaysian_Peninsula_Coast,83,4.354786065883363,0.4853872977009703,0.7121113419358657,0.19661651360144727,0.47670362498448027
kalman_own_ridge,2,C_Maluku,83,4.243074227463316,0.10423469556588005,0.14135502935444777,-0.057186781216342686,-0.07390117126609796
kalman_own_ridge,2,C_Melville_Prince_Patrick_Islands,83,6.572395228512463,0.7190068366323381,0.8588707463503933,0.4046727172987643,0.6732069761228365
kalman_own_ridge,2,C_Namibia_Coast,83,2.5418915453509427,0.22549392249734274,0.22345716915197722,-0.13837756364017517,-0.23028805805772667
kalman_own_ridge,2,C_Neva_River_Finland_Coast,83,2.7541205631147885,0.4479813978465901,0.8424152473099698,0.11188087769380994,0.6828916809637186
kalman_own_ridge,2,C_New_Brunswick_and_Nova_Scotia_Coast,83,4.981322799650997,0.12257552587358049,0.7901424902355686,-0.11042617730691595,0.5686803920842091
kalman_own_ridge,2,C_New_Siberian_Islands,83,50.57736042652638,-0.025962560126491466,0.24549348805103471,-0.04251409798626282,0.04585672715536404
kalman_own_ridge,2,C_New_Zealand_North_Island,83,2.2725173694220966,0.33795131080951624,0.7640623745772538,0.05438621549985512,0.5566956988549636
kalman_own_ridge,2,C_New_Zealand_South_Island,83,2.505321157203559,0.08202763636353105,0.711492552514285,-0.00705135606722318,0.4906041768332865
kalman_own_ridge,2,C_Nigerian_Delta,83,5.921900248971076,0.08081870912312819,0.9407707606047412,0.0022463882666502455,0.8776756226794934
kalman_own_ridge,2,C_North_Argentina_South_Atlantic_Coast,83,4.082572835914289,0.662975756275881,0.6826836764821288,0.4186989349321788,0.4230922770912189
kalman_own_ridge,2,C_North_Australia_Coast,83,4.145496905604119,0.8186889406137642,0.934784111884177,0.6152376087500313,0.8566117346213395
kalman_own_ridge,2,C_North_Baffin_Island_Coast,83,5.717622460327758,0.6408349015069418,0.8267482261814764,0.3489551957804924,0.5695992118271067
kalman_own_ridge,2,C_North_Brazil_South_Atlantic_Coast,83,7.922747700358057,0.5892573874459357,0.9335275623647128,0.234338444814705,0.8509143381269992
kalman_own_ridge,2,C_North_Caspian_Sea_Coast,83,2.3791817495952134,0.5509642155785255,0.8380352984809701,0.28279895083738416,0.663727738998324
kalman_own_ridge,2,C_North_Chile_South_Pacific_Coast,83,2.614938513970523,0.590061161069311,0.8332497249252159,0.3375257657146238,0.6877084312643013
kalman_own_ridge,2,C_North_East_Bay_of_Bengal_Coast,83,3.1034354471225774,0.553189601413085,0.9832326904078544,0.24459201655719054,0.9660578399557241
kalman_own_ridge,2,C_North_East_Siberian_Sea_Coast,83,1.62466197498653,0.6758376025543744,0.9009064009295559,0.4545105733110725,0.7933296741711114
kalman_own_ridge,2,C_North_Gulf_of_Oman_Coast,83,3.0962950009391754,0.6861029001183826,0.7934071935642149,0.4329578823069672,0.6121503911989952
kalman_own_ridge,2,C_North_Korea_Bay_Korean_Peninsula,83,2.779530712056958,0.7066088383995587,0.7772660108971635,0.2990441012991527,0.44427533689136633
kalman_own_ridge,2,C_North_Siberia_Coast,83,1.7836869971468192,0.32835181236781696,0.9267402180129323,0.0656387323040235,0.8577532671961208
kalman_own_ridge,2,C_North_St_Lawrence_Seaway_Coast,83,3.6274722147920198,0.4307870850520586,0.8195415815263454,-0.17734329153475814,0.505177956053571
kalman_own_ridge,2,C_North_Vietnam_South_China_Coast,83,4.088299442425727,0.5271651873209159,0.797202225906788,0.1770648197013669,0.5920961779448463
kalman_own_ridge,2,C_North_West_Africa_Coast,83,1.404531804000542,0.06266954452889857,0.39008146519774717,-0.24260348165106094,-0.22698206281368094
kalman_own_ridge,2,C_Northeast_South_America_Coast,83,7.416319721232791,0.8740166108627022,0.875347749790755,0.7381772492240029,0.7635278113331345
kalman_own_ridge,2,C_Northwest_Hudson_Bay_Coast,83,2.6485635962329126,0.6375272765668628,0.8018447140213181,0.37921558186071125,0.6328425268678822
kalman_own_ridge,2,C_Northwest_Mediterranean_Coast,83,2.808362569505843,0.6133244944763503,0.8586762774840198,0.31232140141834674,0.7139214015645574
kalman_own_ridge,2,C_Norway_Coast,83,3.56278205810675,0.40822492726037046,0.8366197175118318,0.14648570395355764,0.6857053346347033
kalman_own_ridge,2,C_Novaya_Zemlya,83,20.184647623741892,0.4508651483949867,0.9373061553612675,-0.09362207736457817,0.8393159928977723
kalman_own_ridge,2,C_Nusa_Tenggara,83,3.7216817919659455,-0.07283154331602162,0.2266350826987559,-0.08772451536369563,-0.014288323619269905
kalman_own_ridge,2,C_Olenyok_Delta,83,9.300303860675177,0.18908705597821765,0.4431179254411186,0.010125215226668427,0.17461606457501566
kalman_own_ridge,2,C_Oregon_Coast,83,3.01456047441276,0.3524928524749496,0.9357237854598335,0.00471010637936653,0.8493605503718884
kalman_own_ridge,2,C_Papua_New_Guinea_Island,83,2.1437006839611943,0.5136317707661706,0.6265281608794525,0.26267888912230053,0.37232139333001757
kalman_own_ridge,2,C_Patagonia,83,3.9177934257355678,0.17025523092574477,0.613144433245342,0.006711183323591774,0.3314822742961455
kalman_own_ridge,2,C_Peru_Pacific_Coast,83,1.5560390968852595,0.22989838900645637,0.8602853114093,-0.003129955116403016,0.7370671023631727
kalman_own_ridge,2,C_Philippines,83,2.9231145170524293,0.5909132741230559,0.6694381424285235,0.33702191357293254,0.4462447223660705
kalman_own_ridge,2,C_Po_River_and_East_Italy_Coast,83,3.68106685462505,0.5265357735865364,0.8518689187714947,0.20548081837295562,0.6975204473102827
kalman_own_ridge,2,C_Prince_of_Wales_Island,83,3.5118019196359413,0.05959362852669878,0.33095422486895787,-0.14387506240810266,-0.046739862343755156
kalman_own_ridge,2,C_Puerto_Rico,83,1.9963940947543135,-0.04316541776342599,0.5361148412341218,-0.11391174543924021,0.23177981269367864
kalman_own_ridge,2,C_Sakhalin_Island,83,8.781548090131867,-0.08994462842714772,0.17038122534696706,-0.12206508616035094,-0.21069229835941616
kalman_own_ridge,2,C_Sardinia_and_Corsica,83,8.75794568646034,0.20707669566187706,0.3873177591638143,0.016981684156176513,0.1294244007565193
kalman_own_ridge,2,C_Severnaya_Zemlya,83,27.267690304619826,0.4479332109019882,0.8670454103493392,-0.21046121014716568,0.6549513154186559
kalman_own_ridge,2,C_Seward_Peninsula_Alaskan_North_Slope,83,2.5006194422117765,0.5179758164296591,0.7954939027794544,0.20813641868961652,0.6012179205061912
kalman_own_ridge,2,C_Shelikhov_Gulf_Sea_of_Okhotsk_Coast,83,4.848247624111127,0.33000966824135036,0.81968159142435,0.011290974114316121,0.6268395508527044
kalman_own_ridge,2,C_Sicily,83,4.612059030182558,-0.05881192867632692,0.0898441433016889,-0.059618982897310824,-0.08548097520131814
kalman_own_ridge,2,C_Solomon_Islands,83,8.724116880008406,0.36452255451940496,0.2040306667044711,0.1252166646591938,-0.04007208636275017
kalman_own_ridge,2,C_Somerset_Island,83,3.3542974161554096,0.16260032883721345,0.6824381343528736,-0.17086609984091128,0.37790912344425864
kalman_own_ridge,2,C_South_Africa_South_Coast,83,1.9704597519906086,0.7690281243662515,0.821207186726564,0.5117167948172037,0.6163649187706484
kalman_own_ridge,2,C_South_Africa_West_Coast,83,2.039792445656397,0.0365995346028748,0.49142105367734085,-0.0339543861587539,0.22849552751210633
kalman_own_ridge,2,C_South_Alaska_Coast_Frazer_River,83,6.355344418392366,0.6241654832004875,0.9460472433672958,0.281973419388969,0.8859496479016588
kalman_own_ridge,2,C_South_Amapa_Coast,83,7.2741162305198275,0.7912305023372418,0.9390222437052723,0.5331895140384729,0.8797733161733907
kalman_own_ridge,2,C_South_Australia_Coast,83,1.2769622706801764,0.4339494882842991,0.7870408790627588,0.15896496022854312,0.6144112814078171
kalman_own_ridge,2,C_South_Baffin_Island_Coast,83,4.923442109121566,0.1989863402231271,0.6608002983784719,-0.07871750532441757,0.30121125661241976
kalman_own_ridge,2,C_South_Baltic_Coast,83,2.9343175570130406,0.3610435454657673,0.8007408907930554,0.0739388177793252,0.6381302430891898
kalman_own_ridge,2,C_South_Black_Sea_Coast,83,5.2768953995383585,0.4337099025550462,0.816274591080718,0.12044975995446083,0.6390041895506731
kalman_own_ridge,2,C_South_Chile_South_Pacific_Coast,83,6.288562745825583,0.2858558424397798,0.9460006546927849,-0.5856669232918363,0.8367619128372397
kalman_own_ridge,2,C_South_East_Brazil_Coast,83,5.053277626249467,0.6768201361155708,0.8168321153609766,0.31898913576741317,0.5803750374869747
kalman_own_ridge,2,C_South_East_Russia_Coast,83,2.870349144743101,0.3553239219018407,0.19733939719600907,0.04206020754782891,-0.39416931349753326
kalman_own_ridge,2,C_South_Gulf_of_Aden_Coast,83,2.6038000811128317,0.4668507915727996,0.3304897867194052,0.20076236483879173,0.08967225804106616
kalman_own_ridge,2,C_South_Gulf_of_Oman_West_Arabian_Sea_Coast,83,1.776112167504029,0.43911121954398274,0.5676016510882812,-0.07827090220567756,0.12846178438387323
kalman_own_ridge,2,C_South_Hudson_Strait_Ungava_Bay_Coast,83,4.059132771090315,0.1553921598447889,0.7726278994216548,-0.1339148549666369,0.5457626781627443
kalman_own_ridge,2,C_South_Mediterranean_Coast,83,1.3864444984812418,0.08301778229570764,0.3627159254073974,-0.0970321544845989,0.025307360653840538
kalman_own_ridge,2,C_South_Zambezia_Coast,83,4.069498542048532,0.30371974596636725,0.8572775663541111,-0.015212861241918674,0.7071847453883024
kalman_own_ridge,2,C_Southhampton_Coats_Islands,83,4.054326695748683,-0.1958514407568622,0.46404441593473145,-0.06862770718783162,0.20733609904304318
kalman_own_ridge,2,C_Southwest_Hudson_Bay_Coast,83,2.3065132880179404,0.5217601015087362,0.8879548419053572,0.24938386623430797,0.7689486366518197
kalman_own_ridge,2,C_Southwest_Mediterranean_Coast,83,2.1484582936807293,0.33063621801977594,0.6883189027916278,0.0011575766955147504,0.30550710093251354
kalman_own_ridge,2,C_Sri_Lanka,83,1.9973421916386045,0.3993840543455086,0.9170504965333204,-0.0317735211918051,0.8040708382809196
kalman_own_ridge,2,C_Sulawesi,83,2.5921439944582625,0.6619027496767288,0.6366022294981037,0.43216882067325624,0.402721769598841
kalman_own_ridge,2,C_Sumatra,83,3.0677002897744607,0.44513421547670035,0.6845016985816639,0.1042705713530343,0.3811842434292254
kalman_own_ridge,2,C_Svalbard,83,24.67131072732332,0.6722062636898348,0.9707233114444634,0.19833052178153,0.9182561955851871
kalman_own_ridge,2,C_Sweden_Coast,83,3.889492006374206,0.02759763644308919,0.7256520318326188,-0.12191122140651833,0.5260876681605298
kalman_own_ridge,2,C_Taiwan,83,2.146676492489224,0.16909072974970227,0.6279317028565278,-0.030947258922755516,0.3768508792831401
kalman_own_ridge,2,C_Tasmania,83,2.814602997844212,0.3348206033070364,0.7640406023513979,0.08425213631926809,0.5704872542548349
kalman_own_ridge,2,C_Texas_Gulf_Coast,83,3.4904870295674773,0.6385880346667708,0.7586414769591874,0.351292408991416,0.5602969226764938
kalman_own_ridge,2,C_Thar_Desert_Sabarmati_River_Gulf_of_Cambay_Luni_Delta,83,4.791876568390744,0.6679946126523448,0.7822607117622818,0.44146740733428225,0.6086538137921378
kalman_own_ridge,2,C_US_East_Gulf_of_Mexico_North_Atlantic_Coast,83,3.937615949502697,0.7294273795676505,0.7287909860830791,0.5313393111779043,0.5293446217412512
kalman_own_ridge,2,C_US_North_Atlantic_Coast,83,3.0696412777190525,0.24692689355137995,0.8310260792687718,-0.032873934057971343,0.6762433394316256
kalman_own_ridge,2,C_Uda_Basin,83,3.751105436588689,0.017706136164253213,0.48880828229984075,-0.09095250997191595,0.15890153090827852
kalman_own_ridge,2,C_Uruguay_South_Brazil_Coast,83,4.849867185387006,0.602191129653487,0.6761306393020236,0.3263710365032817,0.4271340944640375
kalman_own_ridge,2,C_Victoria_Island,83,2.7262140345611483,0.16826223137484111,0.7310180589368661,-0.1129877188506323,0.49512416662196235
kalman_own_ridge,2,C_Vietnam_Coast,83,3.439352058058822,0.6360105556285937,0.9662679462473001,0.3754413686783493,0.9300610649518326
kalman_own_ridge,2,C_West_Africa_Coast,83,2.2209377117176867,0.3733618658269205,0.9822896830576365,0.09716752792415906,0.9601982904443198
kalman_own_ridge,2,C_West_Australia_Coast,83,1.9570422236540332,0.2584543405273318,0.48914817062008514,-0.08932883234553168,0.13997920232995642
kalman_own_ridge,2,C_West_Barents_Sea_Coast,83,3.2471091798103355,0.17756749417050788,0.8711080083350727,0.013682096563267354,0.7312785740375383
kalman_own_ridge,2,C_West_Black_Sea_Coast,83,5.412932395790295,0.4638185188197938,0.797818284728681,0.1840280019520648,0.6225769037045807
kalman_own_ridge,2,C_West_Caspian_Sea_Coast,83,3.847904849620924,0.44940679943991424,0.851722142462116,0.17585688617032114,0.6970642153440769
kalman_own_ridge,2,C_West_Continental_Europe,83,2.646064550444085,0.7260908201379255,0.8875489671349274,0.507688162903601,0.7828721454033027
kalman_own_ridge,2,C_West_Italy_Coast,83,2.851645737165706,0.019679464412323957,0.8678773839217578,-0.23312982724041165,0.7343030070248973
kalman_own_ridge,2,C_West_Mississippi_Delta,83,4.756568447294793,0.6304541254721856,0.865639715173589,0.3854161416703429,0.7137419157552714
kalman_own_ridge,2,C_West_Nile_Delta,83,2.1399084386734457,0.19761207389033633,0.5140631389720421,-0.22372547140592136,0.0637370375013242
kalman_own_ridge,2,C_West_Red_Sea_Coast,83,2.1591477478386816,0.3817087994555021,0.6422724875508682,0.10431592585523652,0.3582212705247413
kalman_own_ridge,2,C_Yamal_Peninsula,83,3.840869031043078,-0.01248884125259074,0.8100443112393333,-0.1461991870594237,0.6254316111254591
kalman_own_ridge,2,C_Yellow_Sea_Coast,83,4.3414747193332035,0.8002671490034298,0.7555093091954909,0.5124780494300751,0.4827282887463945
kalman_own_ridge,2,C_Yenisey_Gulf_Coast,83,4.086370676513739,0.0852065993773033,0.8601316913984105,-0.01397778541205219,0.7389777474435442
kalman_own_ridge,2,C_Ziya_He_Interior_Coast,83,4.715967944939636,0.8634209499895134,0.868376006210307,0.6195634325594713,0.6333574056568991
kalman_own_ridge,2,E_Altai_Mountains,83,1.3537996607467477,0.23488240408229621,0.2757785311671841,-0.01784674212789983,-0.03956726647961717
kalman_own_ridge,2,E_Amu_Darya,83,2.6883603873202184,0.5782082215265038,0.9119377002012452,0.15535309354000115,0.7774416796674486
kalman_own_ridge,2,E_Australia_Northwest_Plateau,83,4.068417308827309,0.7967018735071006,0.8523949008666071,0.5881809607366681,0.6868211137037403
kalman_own_ridge,2,E_Badain_Jaran_Desert,83,1.1653816254644938,0.2786232127685849,0.568591354582132,0.06527027079075853,0.3143549274921177
kalman_own_ridge,2,E_Central_Iran,83,2.6488766227971303,0.6683389842450087,0.8699391191666768,0.42284403013928673,0.7461493198031734
kalman_own_ridge,2,E_Central_Mongolia,83,2.2703203774043805,0.4191075493744954,0.4668515099864976,0.11556506716052362,0.1539003532710882
kalman_own_ridge,2,E_Dayan_Khyargas_Uvs_Nuur_Basins,83,1.5186958963871078,0.5571012000859017,0.6310764191022408,0.30198621964867056,0.3785296541062755
kalman_own_ridge,2,E_East_Gobi_Desert,83,1.739678467771104,0.700274700021064,0.6681880878772902,0.37711209639848464,0.3358191798709371
kalman_own_ridge,2,E_Egyptian_Western_Desert,83,1.5097743723983021,0.3351320984057646,0.5427774275522239,-0.15277060284289878,0.0026700162005123262
kalman_own_ridge,2,E_Farahrud_Helmand_Hamun_i_Mashkel,83,2.8013718832893546,0.4150573737741069,0.7792302137884903,0.05034119413721805,0.5584713592133947
kalman_own_ridge,2,E_Great_Basin_Great_Salt_Lake,83,2.8110337602068545,0.8521186071885447,0.8970715754754606,0.7159832029426394,0.7991120361115542
kalman_own_ridge,2,E_Great_Victoria_Desert,83,1.6646346837123625,0.4880865674206116,0.3542637398836734,0.20154368867384187,0.00990573390946281
kalman_own_ridge,2,E_Jordan_Northwest_Saudi_Arabia,83,3.266148909052765,0.16579916715892795,0.7315384114149979,-0.09857021531127619,0.46758378671981915
kalman_own_ridge,2,E_Junggar_Pendi,83,2.200405008084968,0.6121681314249369,0.8450521578687588,0.20291494887969885,0.6115737551766685
kalman_own_ridge,2,E_La_Puna_Altiplano,83,2.1668957697943063,0.4943586319348391,0.7572030831585651,0.19390766587148656,0.5466364410960606
kalman_own_ridge,2,E_Lake_Eyre_Basin,83,2.2634089848715004,0.7678442313116516,0.7284258274075491,0.581350841219352,0.524552976084153
kalman_own_ridge,2,E_Lake_Rukwa_Basin,83,10.411564168074685,0.594773063315374,0.8756290091920526,0.16555465116230295,0.7128598809008939
kalman_own_ridge,2,E_Lakes_Balkash_Alakol,83,2.129622671691895,0.5522621219828551,0.8828326592617918,0.1857628563200494,0.7532990526134571
kalman_own_ridge,2,E_Libyian_Desert,83,1.007752050166591,0.15946459263317356,0.5709069596127441,0.010855674366923362,0.3159749922530045
kalman_own_ridge,2,E_Lower_Lake_Chad,83,4.605454222356308,0.7250783782779232,0.954971262254603,0.12100995108704726,0.8462281292682496
kalman_own_ridge,2,E_North_Central_Arabia,83,2.0161827809642565,0.2663268575792114,0.7110555625963917,0.061558588326851016,0.5035736908683666
kalman_own_ridge,2,E_North_Plateau_of_Tibet,83,2.567206507309332,0.5703392143782534,0.49586975913122655,0.2941428178682677,0.1911070059161406
kalman_own_ridge,2,E_Northern_Kordofan,83,2.5223143702511126,0.5150110050359019,0.6711574297455972,0.10405963390301909,0.32462721248543636
kalman_own_ridge,2,E_Plateau_of_Tibet,83,1.6725847720247726,0.49703569943765763,0.7002922409224024,0.2239293370016251,0.47745074111389574
kalman_own_ridge,2,E_Qinghai_Lake,83,1.9037275211655724,0.7910920102368497,0.5380463582370081,0.6100924336743148,0.2167910482412848
kalman_own_ridge,2,E_Rift_Valley,83,4.439328967938942,0.6323114392308568,0.6321512881400732,0.2121418374657028,-0.008856031900792427
kalman_own_ridge,2,E_Rub_al_Khali_Desert,83,1.479346747215002,0.256623240207647,0.5004345641817112,0.012419423008173114,0.2197689966022106
kalman_own_ridge,2,E_Sahara,83,0.7912621668399618,-0.060767377035678034,0.24896993336168502,-0.07677516017757924,-0.011945981326380917
kalman_own_ridge,2,E_Saharan_and_Algerian_Atlas,83,1.4527575661102685,0.3043772313492765,0.8834212721538045,-0.3834498367696233,0.6262101825396651
kalman_own_ridge,2,E_Salinas_Grande_Mar_Chiquita,83,2.566298643827004,0.8126663575629012,0.8338773635976734,0.6197898854088999,0.6499825304230735
kalman_own_ridge,2,E_South_Interior_Africa,83,3.3555092548453977,0.8062576590439823,0.8712676357170509,0.6338615006995649,0.7460235160514791
kalman_own_ridge,2,E_Syr_Darya,83,1.7565182568272513,0.6339555180875895,0.9065435736107186,0.3733405158591456,0.8118510484604371
kalman_own_ridge,2,E_Tarim_He_Lop_Nur,83,1.1245195336845628,0.6344764013976306,0.8528841325541127,0.31818346868226133,0.6829792306561417
kalman_own_ridge,2,E_Turpan_Pendi,83,2.2819072738839163,0.5059348186494521,0.8136292411242686,0.007891147789140796,0.5462210775270135
kalman_own_ridge,2,E_Upper_Lake_Chad,83,1.8566091232334185,0.6138256074511608,0.7855888856867371,0.08329393019273157,0.43684218263769303
kalman_own_ridge,2,R_Amazon_River,83,3.4021998460371425,0.8511318941678603,0.9800434079959335,0.6988074351862992,0.9547042947817326
kalman_own_ridge,2,R_Amur_River,83,2.2351123063151426,0.6618588649857424,0.36025135818504805,0.39527155644945733,-0.2438264366518499
kalman_own_ridge,2,R_Colorado_River_Argentina,83,3.3489883921545887,0.3165564233808856,0.5142916080606379,-0.06664107849005774,0.08997886067177441
kalman_own_ridge,2,R_Colorado_River_of_the_West_North_America,83,2.045411629367211,0.7353167663748154,0.8406960854925822,0.513647013808148,0.6895815020389581
kalman_own_ridge,2,R_Columbia_River,83,2.4084469752688458,0.32724037546343554,0.9755627922889298,-0.45781308553899636,0.9255290975846041
kalman_own_ridge,2,R_Congo_River,83,3.1410187725274823,0.7017694665004637,0.8439487562855799,0.397563447317296,0.6575944847329246
kalman_own_ridge,2,R_Danube_River,83,2.728529636315963,0.5807198974108484,0.9124839246247525,0.21768094906264046,0.8012579361351932
kalman_own_ridge,2,R_Dnieper_River,83,3.302284395631536,0.8329209730303275,0.8865034350579255,0.6876489662851528,0.7824736057574336
kalman_own_ridge,2,R_Don_River,83,3.2974664186265668,0.8629266602070719,0.9267258802486396,0.715858289662687,0.8435983656377476
kalman_own_ridge,2,R_Ganges_Bramaputra_Basin,83,3.246928538201356,0.5622318695744755,0.960127337953193,0.16152472460807032,0.9030934113663115
kalman_own_ridge,2,R_Indus_River,83,3.752907455714201,0.5873715194781326,0.8714740065865881,0.06367317880851664,0.6583593044541118
kalman_own_ridge,2,R_Lena_River,83,1.7093348553103367,0.47548629237541823,0.8976282247426376,0.1883601255143098,0.8039964736968422
kalman_own_ridge,2,R_Limpopo_River,83,4.48785204660752,0.8249707703528141,0.8878246273815641,0.5307564872452986,0.6612714959254592
kalman_own_ridge,2,R_Mackenzie_River,83,2.3183943109380647,0.9346299591276286,0.9480763003564775,0.8238492972753036,0.8837850045377522
kalman_own_ridge,2,R_Magdalena_River,83,4.214084440356133,0.6345488480957401,0.8226143537173677,0.39788141335264626,0.6284801594904585
kalman_own_ridge,2,R_Mekong_River,83,4.311440861570387,0.7764274583817211,0.9488120014991838,0.581281924019114,0.8984032549537336
kalman_own_ridge,2,R_Mississippi_River,83,2.1336837804915727,0.9124215590411616,0.9567582272000381,0.7653555164586302,0.8747898401305683
kalman_own_ridge,2,R_Murray_Darling_River,83,2.9732523642303126,0.7645141982741117,0.7591401912780752,0.5813188458090658,0.5684633089395392
kalman_own_ridge,2,R_Niger_River,83,2.5843890193347625,0.399794659844217,0.9602470044838656,-0.367075898222055,0.8745359481639904
kalman_own_ridge,2,R_Nile_River,83,3.143650099457342,0.43078678881786053,0.8706287972545153,-0.255622118102554,0.6617856850060553
kalman_own_ridge,2,R_Ob_River,83,2.068335533477494,0.8048234610685367,0.9338810899022377,0.646847237402018,0.8719328560977752
kalman_own_ridge,2,R_Orange_River,83,2.5835512182806624,0.6906881306470767,0.7165276645970977,0.43571201000936155,0.47673326077138145
kalman_own_ridge,2,R_Orinoco_River,83,4.252854575969532,0.7831881046240325,0.9624215015909073,0.6000579528122164,0.924257367614306
kalman_own_ridge,2,R_Parana_River,83,3.695134052207526,0.6921281994685422,0.8585957236051659,0.25438072497463116,0.5743593929240831
kalman_own_ridge,2,R_Parnaiba_River,83,5.4150259035851995,0.723400262010745,0.92302272102398,0.3283864590762974,0.7910242025490805
kalman_own_ridge,2,R_Rio_Grande_Rio_Bravo,83,3.3098351186275323,0.2882750166533773,0.6827218791591396,-0.2922954194723508,0.248649614226638
kalman_own_ridge,2,R_Saint_Lawrence_River,83,3.3230244820981025,0.9195814228039163,0.8981339948499872,0.8279291387287298,0.7836289535368646
kalman_own_ridge,2,R_Sao_Francisco_River,83,6.479901850278381,0.7208242641559567,0.8461684131233864,0.4282865322628743,0.6614328628774497
kalman_own_ridge,2,R_Saskatchewan_Nelson_Rivers,83,2.5533641060954397,0.682683353081423,0.8739245084470658,0.3567272112652079,0.725329093938616
kalman_own_ridge,2,R_Senegal_River,83,2.5553524657155826,0.4878730408326003,0.9223070666245643,0.18478944520540197,0.8385951391718025
kalman_own_ridge,2,R_Shebelli_Juba_Rivers,83,3.786005188322564,0.616075983391491,0.700494652378647,0.2598831716447534,0.40205717249698303
kalman_own_ridge,2,R_Tigris_Euphrates_River,83,2.698890897620603,0.9039752358092946,0.9394261923257199,0.8118992368499547,0.8759107220131033
kalman_own_ridge,2,R_Tocantins_River,83,5.96504085968894,0.6251314558027722,0.9396318282775136,0.38172596922509083,0.8811209277228591
kalman_own_ridge,2,R_Volga_River,83,2.4702426555146935,0.6676333661013781,0.9361715215725839,0.4225752375923866,0.8701558932880603
kalman_own_ridge,2,R_Volta_River,83,2.842494176657641,0.4874523489891561,0.945532014919454,0.21447081759409703,0.889883271471989
kalman_own_ridge,2,R_Yangtze_River,83,3.4509622090784084,0.5346915232043083,0.6583035649870821,0.19840243068523755,0.387030358788614
kalman_own_ridge,2,R_Yellow_River_Huang_He,83,1.9739900682773845,0.48002132319965723,0.6176095119258916,0.21279229903384056,0.36741999330225195
kalman_own_ridge,2,R_Yenisey_River,83,1.6683424516266323,0.1240179371533613,0.9202737578402684,-0.3476275627688068,0.8197673966507484
kalman_own_ridge,2,R_Yukon_River,83,1.9594855460660485,0.4552588881561871,0.9442397971600112,-0.09054167580862327,0.8495776001152576
kalman_own_ridge,2,R_Zambezi_River,83,3.5917835467030876,0.8282022360436363,0.956466162746825,0.6709531957323207,0.9107642826364434
kalman_own_ridge,3,C_Aleutians_South_Alaska_Coast,82,4.751177705266385,0.7895278951548144,0.9534784954957162,0.6188568831405867,0.9022582189638315
kalman_own_ridge,3,C_Amazon_River_Delta,82,7.162811862377849,0.7008793582180748,0.9433566804633821,0.4521964416880788,0.8800949052714824
kalman_own_ridge,3,C_Angola_Coast,82,4.18495649259038,0.6235767203197093,0.847432108080276,0.37740271510027956,0.7069672223957031
kalman_own_ridge,3,C_Balkan_Peninsula_and_Adriatic_Coast,82,2.835693298475045,0.30863151013217355,0.9429933218916696,-0.012218159909562765,0.8794199906675791
kalman_own_ridge,3,C_Banks_Island,82,8.313452597023929,-0.045969404350883813,0.41070717328083445,-0.08069173738273028,0.12072514738076778
kalman_own_ridge,3,C_Beaufort_Sea_Coast,82,2.025894343590828,-0.09171665250197436,0.8927406198006852,-0.08853984429459216,0.7963188665943344
kalman_own_ridge,3,C_Bight_of_Benin_Coast,82,4.511981198361229,0.6304747507146504,0.9217472828922517,0.39586812409779204,0.8493922902330464
kalman_own_ridge,3,C_Bismark_Sea_Islands,82,3.3305409674016837,0.5615873773329346,0.4319731338644058,0.22324657264482062,0.07221606208426701
kalman_own_ridge,3,C_Borneo,82,4.244223436617068,0.37393252671497623,0.4278989798910351,0.10343024879833329,0.031995390576258775
kalman_own_ridge,3,C_Buor_Khaya_Gulf_Coast,82,4.317399212042467,0.12531043659793772,0.7369702300188217,-0.019108913642319036,0.5343727532218947
kalman_own_ridge,3,C_California_and_Baja_California,82,3.174261983512003,0.7076049868965457,0.8521463651684027,0.49697604787913985,0.7242825951428804
kalman_own_ridge,3,C_Canadian_South_Arctic_Ocean_Coast,82,1.8850859047877309,0.20251919572145724,0.8399924766461438,-0.12764865801022318,0.6517936611169313
kalman_own_ridge,3,C_Capim_River_Delta,82,8.9058471510017,0.5918021923794935,0.9234569236466796,0.32413521034871706,0.8353457742835924
kalman_own_ridge,3,C_Carribean_Coast,82,3.668016196214952,0.6836594765687158,0.9147558938912381,0.46319192841352474,0.8256936988371646
kalman_own_ridge,3,C_Central_America_Gulf_of_Mexico_Caribbean_Coast,82,3.7213514127839638,0.5503186454785804,0.8847297217790322,0.24620708877379538,0.7666733691431846
kalman_own_ridge,3,C_Central_American_Pacific_Coast,82,3.0484512680433578,0.34203857551182504,0.9069023471600656,-0.32136199857217074,0.7246190014438081
kalman_own_ridge,3,C_Chao_Phraya_River_Gulf_of_Thailand_Coast,82,5.931009787517835,0.639662365407603,0.916921381646775,0.354502917161276,0.8262402976034386
kalman_own_ridge,3,C_Chukchi_Peninsula,82,4.521127481126074,0.23681825651945623,0.7845147035592198,0.050833083973286675,0.6128659180623997
kalman_own_ridge,3,C_Churchill_Seal_Rivers,82,3.0485572677454225,0.787858363119129,0.8613260914058356,0.5845606655520332,0.7085427034806565
kalman_own_ridge,3,C_Columbia_Ecuador_Pacific_Coast,82,1.9918730694931146,0.17418327662496644,0.7039532437750141,0.026589326681149772,0.49536985911470843
kalman_own_ridge,3,C_Crimea_West_Azov_Sea_Coast,82,7.350291492444345,0.4623756377236697,0.6953118466145833,0.20289024602998296,0.4701019670716353
kalman_own_ridge,3,C_Cuba,82,2.6100470505761155,0.062037129783026425,0.7847607523021555,-0.09551429537632194,0.5570456947347627
kalman_own_ridge,3,C_Deccan_Plateau_East_Indian_Subcontinent_Coast,82,4.523289174039202,0.4113750369323898,0.9508389622260515,-0.20266335726108298,0.8735652701846024
kalman_own_ridge,3,C_Denmark_Germany_Coast,82,7.586582201368652,0.2395489390615957,0.4356054402363933,0.048083537456513836,0.18089211309560305
kalman_own_ridge,3,C_East_Australia_Coast,82,3.33167753587001,0.443249822465783,0.3842661738014213,0.12890152402064026,0.00949447112763635
kalman_own_ridge,3,C_East_Azov_Sea_Northeast_Black_Sea_Coast,82,9.21977028688265,0.4929889041158013,0.6468822945673995,0.2424511621426605,0.4129605718047141
kalman_own_ridge,3,C_East_Barents_Sea_Coast,82,3.239667148706766,0.5266618852335093,0.909477575867523,0.19623152872700256,0.8088590144075538
kalman_own_ridge,3,C_East_Beaufort_Sea_Amundsen_Gulf_Coast,82,2.913971690608548,0.1080439261861925,0.7233012698503313,-0.009494887767850235,0.4862996069222194
kalman_own_ridge,3,C_East_Brazil_South_Atlantic_Coast,82,4.287762131705772,0.4058552809031224,0.8229649980954379,-0.11727620349465129,0.5813652347990743
kalman_own_ridge,3,C_East_Caspian_Sea_Coast,82,2.697478969519326,0.6777041763661644,0.9049529861657608,0.3722333941230279,0.7818048347118394
kalman_own_ridge,3,C_East_Central_Africa_Coast,82,5.276036295039185,0.43069656273965207,0.9050198456976971,-0.3552918212736418,0.6934299947574525
kalman_own_ridge,3,C_East_China_Coast,82,5.243008439090652,0.46232048235305845,0.7424796902168209,0.057237487285389466,0.44895488457883936
kalman_own_ridge,3,C_East_Hudson_Bay_Coast,82,3.2813311560002756,0.3945879619159047,0.7064009427963308,0.04411430575024933,0.4372632959145326
kalman_own_ridge,3,C_East_Mediterranean_Coast,82,3.7214350215340133,0.43048323605972805,0.875914329992084,0.04377283622288852,0.7344938235054874
kalman_own_ridge,3,C_East_Mississippi_Delta,82,5.09925461317849,0.5890430053241947,0.8642412237322009,0.3230714683048743,0.7063019172106962
kalman_own_ridge,3,C_East_Nile_Delta,82,2.6780154813653576,0.21762470958094787,0.5258897525620242,-0.30016134441834463,0.01482547837606285
kalman_own_ridge,3,C_East_Ob_Bay_Coast,82,3.233998751606825,0.5088765748867213,0.9078646798366939,0.2267023949620146,0.8040512288652388
kalman_own_ridge,3,C_East_Red_Sea_North_Gulf_of_Aden_Coast,82,1.779268423849845,0.10040685651391386,0.5714276651933863,-0.060037859320768217,0.2562219722135013
kalman_own_ridge,3,C_East_Timor_Islands,82,3.515293967215963,-0.1258022114752955,0.34699960623708836,-0.022873069040546312,0.11936367852677998
kalman_own_ridge,3,C_Ellef_Ringnes_Bathurst_Devon_Islands,82,3.122023466626479,0.39135274735618747,0.6687342561890781,-0.010769679087539785,0.2816750346683865
kalman_own_ridge,3,C_Ellesmere_Island,82,5.262709312314128,0.6872545533233189,0.9579425678678318,0.35203673274012404,0.8877766906216675
kalman_own_ridge,3,C_Great_Britain,82,3.295659975729287,-0.009924232903614947,0.5359170689704154,-0.22217697068162567,0.14243738329683175
kalman_own_ridge,3,C_Greater_Dniester_Basin,82,4.402097290624156,0.36727288289143006,0.8295556716762016,-0.15650155764264895,0.600332945704599
kalman_own_ridge,3,C_Gulf_of_Darien_Coast,82,3.756603225612381,0.48146418486707143,0.857740956265652,0.22076620184439966,0.6967956266666501
kalman_own_ridge,3,C_Gulf_of_Guinea_Coast,82,3.6550359097419927,0.5903170030537109,0.7736834148687785,0.32433257286334927,0.5905550919708141
kalman_own_ridge,3,C_Gydan_Bay_Coast,82,4.485795995269338,0.18517854368269132,0.851995166666787,-0.015524213427485778,0.7146755365233357
kalman_own_ridge,3,C_Hainan,82,5.175823770284748,0.23498805494684605,0.8024697954053072,0.04942828073697847,0.6416696139477425
kalman_own_ridge,3,C_Halmahera_Islands,82,3.1221745012533546,0.26196629320087317,0.28724526602264566,0.04150351799680396,0.039013550949010156
kalman_own_ridge,3,C_Hispaniola,82,2.1261727102859003,-0.13454220672441838,0.5550119034411843,-0.22856793985173618,0.15879936407068518
kalman_own_ridge,3,C_Hokkaido,82,4.00682869553822,0.17294741785026493,0.6745843568406279,0.015535464046786074,0.4449549872852424
kalman_own_ridge,3,C_Hub_Porali_Basin,82,4.229304386924864,0.42177055243390654,0.5862150121665853,0.0064851118586013445,0.20685869661610934
kalman_own_ridge,3,C_Iberian_Atlantic_Coast,82,3.5089915480779603,0.3661597261002885,0.8545707680335317,0.12222208623349473,0.7170477817807052
kalman_own_ridge,3,C_Iceland,82,10.231124551858919,0.2985212133795163,0.8248511371548666,0.037083584787889756,0.6789197836556934
kalman_own_ridge,3,C_India_West_Coast,82,4.848061927611436,0.06184000223766117,0.9462236085113304,-0.6708347212610151,0.8567575255382494
kalman_own_ridge,3,C_Indian_Ocean_Africa_Coast,82,4.7080736652961415,0.5654184849258368,0.8140176722370058,0.16561829252673765,0.5780607921058377
kalman_own_ridge,3,C_Ireland,82,2.326307881078433,-0.06597486472706723,0.6183254639627832,-0.06189233086788937,0.328631067799954
kalman_own_ridge,3,C_Irrawaddy_Sittang_Salween_Basin,82,3.7621451981785383,0.5823093944168336,0.9584894287650837,0.2857846992589793,0.9179848500987176
kalman_own_ridge,3,C_Jamaica,82,2.98915128261518,-0.017001147995498646,0.13317921699564814,-0.010274850672292946,-0.005382945142545115
kalman_own_ridge,3,C_Japan,82,3.782113868240867,0.2121233513643029,0.3993662889207546,-0.2155191585392826,-0.3571477043473861
kalman_own_ridge,3,C_Java,82,3.5895924540564867,0.47900113388063414,0.7027465169472781,0.1924479886106829,0.4894397451970456
kalman_own_ridge,3,C_Kamchatka_Peninsula,82,3.2797205712064734,0.34442198008958946,0.9432680541069494,0.09642619553999776,0.8843270701655835
kalman_own_ridge,3,C_La_Plata_Delta,82,5.994232414581113,0.626332421956404,0.6315236252521498,0.36869817532652394,0.36620702618466994
kalman_own_ridge,3,C_Labrador_Sea_Coast,82,3.9288362929561256,0.5468147081311299,0.83697847595378,0.23154688615599983,0.6632566150747083
kalman_own_ridge,3,C_Madagascar,82,3.9813522912853543,0.38521549671256017,0.8810303657733638,0.11432745822021073,0.7689178407529983
kalman_own_ridge,3,C_Malaysian_Peninsula_Coast,82,4.397366225443047,0.4651784973038475,0.7061756809001337,0.1777979542746706,0.4600917432506161
kalman_own_ridge,3,C_Maluku,82,4.301139063402636,-0.023084171331792323,0.07830052317447639,-0.07966059469330711,-0.1005272612239525
kalman_own_ridge,3,C_Melville_Prince_Patrick_Islands,82,6.936250857802534,0.6877069737957242,0.8439209883765207,0.336898826102515,0.6322504350056859
kalman_own_ridge,3,C_Namibia_Coast,82,2.6755132857503345,0.08343697013002961,0.1139150076700832,-0.2902356723533073,-0.3546400322309402
kalman_own_ridge,3,C_Neva_River_Finland_Coast,82,2.959498327528053,0.32213338452946144,0.8159765351582433,-0.031175424131240748,0.62518285631743
kalman_own_ridge,3,C_New_Brunswick_and_Nova_Scotia_Coast,82,4.9931424056551705,0.18215337850467594,0.7962625125201174,-0.10699094285695532,0.5641184270363758
kalman_own_ridge,3,C_New_Siberian_Islands,82,50.90642027608928,-0.1309020083710398,0.2176312415314808,-0.05592804253615791,0.026613746560875562
kalman_own_ridge,3,C_New_Zealand_North_Island,82,2.3210570864560953,0.26566460911346124,0.7633185945388569,-0.01803886326382753,0.5422313736874884
kalman_own_ridge,3,C_New_Zealand_South_Island,82,2.5380261103219777,-0.1684211389093605,0.7055605299869689,-0.03451648301147303,0.48349949419382554
kalman_own_ridge,3,C_Nigerian_Delta,82,5.904254976838408,0.27173192587140604,0.9415884185419858,0.014004392504476715,0.8788111781315769
kalman_own_ridge,3,C_North_Argentina_South_Atlantic_Coast,82,4.324824502062179,0.6192675191375923,0.6347532476742525,0.35207961956764944,0.33348537804780776
kalman_own_ridge,3,C_North_Australia_Coast,82,4.7650664320038105,0.7543584937712204,0.9156216927054938,0.4926082081864306,0.8101799124172464
kalman_own_ridge,3,C_North_Baffin_Island_Coast,82,5.571737090928072,0.678230187013325,0.842913352726041,0.38342868345921455,0.5929034936160726
kalman_own_ridge,3,C_North_Brazil_South_Atlantic_Coast,82,9.020046005121197,0.46335870999741113,0.9155995047714212,0.031117537741729984,0.8073692964835595
kalman_own_ridge,3,C_North_Caspian_Sea_Coast,82,2.641399780554957,0.42680152343794686,0.8062797239285822,0.1271049229485367,0.5904911703650471
kalman_own_ridge,3,C_North_Chile_South_Pacific_Coast,82,2.7835145317259204,0.5150113116414673,0.8029518267006297,0.24675368215519755,0.6397742988401365
kalman_own_ridge,3,C_North_East_Bay_of_Bengal_Coast,82,3.3486218289980703,0.42794201761202816,0.980429926312595,0.12087222575994128,0.9602000749848271
kalman_own_ridge,3,C_North_East_Siberian_Sea_Coast,82,1.6762619363457294,0.6479269361417336,0.8912692875516885,0.414892357907065,0.7745681657334413
kalman_own_ridge,3,C_North_Gulf_of_Oman_Coast,82,3.5438592832516527,0.5398739157754602,0.7151568141522409,0.26952102636640707,0.49788522834374227
kalman_own_ridge,3,C_North_Korea_Bay_Korean_Peninsula,82,3.055080307573472,0.6542568954504172,0.7455168288359095,0.11403470057732423,0.305557931405661
kalman_own_ridge,3,C_North_Siberia_Coast,82,1.7536493228943468,0.36578435873050646,0.9299396387333259,0.1099350755154348,0.8622822806470277
kalman_own_ridge,3,C_North_St_Lawrence_Seaway_Coast,82,3.9302593889322273,0.33891202941767506,0.8179451368595371,-0.4625124725418974,0.42549882220054536
kalman_own_ridge,3,C_North_Vietnam_South_China_Coast,82,4.573606975637575,0.3695765109411082,0.7426621064269007,-0.037394182122451936,0.48556788645892235
kalman_own_ridge,3,C_North_West_Africa_Coast,82,1.4811947110753896,-0.07846605275890933,0.3639240408913783,-0.37782815540223114,-0.36777368452045156
kalman_own_ridge,3,C_Northeast_South_America_Coast,82,8.785757388680096,0.8170678280328988,0.8215396957613454,0.639294238963733,0.6714864591981866
kalman_own_ridge,3,C_Northwest_Hudson_Bay_Coast,82,2.693973577055522,0.6649242736481563,0.8005760181347689,0.3690478894427649,0.6245171790822814
kalman_own_ridge,3,C_Northwest_Mediterranean_Coast,82,2.970362783403815,0.5888381369165969,0.8455972277883638,0.23859996895704083,0.6789925455955692
kalman_own_ridge,3,C_Norway_Coast,82,3.8259537223487046,0.236817329080848,0.8099749185693808,0.02486928134518207,0.6359724748438554
kalman_own_ridge,3,C_Novaya_Zemlya,82,20.6165865804713,0.4413053736867618,0.9359257305521356,-0.13792122113050787,0.8311102242379949
kalman_own_ridge,3,C_Nusa_Tenggara,82,3.7589930592564174,-0.21545036490117683,0.20614309899435077,-0.0898133717904297,-0.023730441227042265
kalman_own_ridge,3,C_Olenyok_Delta,82,9.26685419864762,0.21353636395996772,0.45171800180372695,0.013855180996358518,0.17630560617365687
kalman_own_ridge,3,C_Oregon_Coast,82,3.204798608660575,0.1916018338150576,0.930726357559517,-0.14417168842233852,0.831116130769523
kalman_own_ridge,3,C_Papua_New_Guinea_Island,82,2.340679165634678,0.3660383166304742,0.5416030989841186,0.12325113898943174,0.24240101151032445
kalman_own_ridge,3,C_Patagonia,82,3.956363920379639,0.13762972300594742,0.5967010750540046,-0.0071222489940290235,0.2995031090990268
kalman_own_ridge,3,C_Peru_Pacific_Coast,82,1.54451617411546,0.21010380706681037,0.8674729616344411,0.013029973796435002,0.7433436045137014
kalman_own_ridge,3,C_Philippines,82,3.145992990848857,0.5107574000242702,0.6084073144960708,0.24771474310771957,0.3652116629035257
kalman_own_ridge,3,C_Po_River_and_East_Italy_Coast,82,3.7914473164966576,0.539737648217128,0.8489931540989684,0.17391456047558196,0.6790113039906283
kalman_own_ridge,3,C_Prince_of_Wales_Island,82,3.5490975890559033,0.03329265686662043,0.32316509308233266,-0.16339001588021462,-0.0563835372040955
kalman_own_ridge,3,C_Puerto_Rico,82,1.9648741664782288,0.027192454351831402,0.5601811140250808,-0.08942928225423308,0.2630328217433907
kalman_own_ridge,3,C_Sakhalin_Island,82,8.921252872665388,-0.1714090125925251,0.14920212349109713,-0.14702990763378887,-0.2569717069964754
kalman_own_ridge,3,C_Sardinia_and_Corsica,82,8.480341572485365,0.37074203987971793,0.49421741778991296,0.08925055949582017,0.19159137291351247
kalman_own_ridge,3,C_Severnaya_Zemlya,82,29.250333192636926,0.369898440956166,0.8478998239055648,-0.42018837047380386,0.5940992762990893
kalman_own_ridge,3,C_Seward_Peninsula_Alaskan_North_Slope,82,2.4986395394288237,0.5533090062132173,0.8011977709013619,0.22210272723174163,0.6044190207411008
kalman_own_ridge,3,C_Shelikhov_Gulf_Sea_of_Okhotsk_Coast,82,5.0212324450498595,0.2721559549026044,0.8149204160826795,-0.05457482945267489,0.5974286491006853
kalman_own_ridge,3,C_Sicily,82,4.6324196423001816,-0.12155423136642962,0.08165861777997076,-0.06819509268834989,-0.11023718718484199
kalman_own_ridge,3,C_Solomon_Islands,82,8.738218137700763,0.35087196281610483,0.23490364381746554,0.11449563737453772,-0.03512254949186655
kalman_own_ridge,3,C_Somerset_Island,82,3.451755156128298,0.11589566619074103,0.6690849206766556,-0.2267871833858115,0.34075941569959844
kalman_own_ridge,3,C_South_Africa_South_Coast,82,2.1318666024408732,0.7217435129905071,0.785228694535598,0.4069294144745408,0.5301102469702454
kalman_own_ridge,3,C_South_Africa_West_Coast,82,2.0004497048519605,0.1401195041273396,0.5396680321221755,-0.0016533635775406452,0.2636413680692937
kalman_own_ridge,3,C_South_Alaska_Coast_Frazer_River,82,7.085481476824136,0.5241017412757512,0.9339646927436045,0.11641430109334128,0.8599467814767924
kalman_own_ridge,3,C_South_Amapa_Coast,82,8.269518395267394,0.7284777660219143,0.9218762821713226,0.4076942641683573,0.846438776280207
kalman_own_ridge,3,C_South_Australia_Coast,82,1.2275130015285478,0.47611239892920326,0.8077876420692189,0.20953268344281273,0.6478800123294772
kalman_own_ridge,3,C_South_Baffin_Island_Coast,82,4.921570424959308,0.23510247400502066,0.6759872913044332,-0.08575830908705662,0.3085845928985944
kalman_own_ridge,3,C_South_Baltic_Coast,82,3.119798338072225,0.23903276283937677,0.7680015582086219,-0.05291356651172707,0.5858271314664996
kalman_own_ridge,3,C_South_Black_Sea_Coast,82,5.909891075623784,0.24951177084350395,0.7669739903719773,-0.07528619720192053,0.5521782146736349
kalman_own_ridge,3,C_South_Chile_South_Pacific_Coast,82,6.907801713956823,0.21812115278379304,0.9425056515176716,-0.9789264227430101,0.7938658001356467
kalman_own_ridge,3,C_South_East_Brazil_Coast,82,5.884881157954484,0.5497555597834862,0.7524644624701938,0.08855871706519691,0.4313624236921677
kalman_own_ridge,3,C_South_East_Russia_Coast,82,2.9443006115023174,0.3327179925236627,0.15034376148872758,-0.007305430995126594,-0.45590160595574614
kalman_own_ridge,3,C_South_Gulf_of_Aden_Coast,82,2.644274938949153,0.4557179543692019,0.2859483821344095,0.17700286140666488,0.06256624091576668
kalman_own_ridge,3,C_South_Gulf_of_Oman_West_Arabian_Sea_Coast,82,1.9257128535513117,0.20165844898568477,0.4787264500255465,-0.28079082760720575,-0.03337837111926856
kalman_own_ridge,3,C_South_Hudson_Strait_Ungava_Bay_Coast,82,4.068539483526959,0.15333319193233536,0.7931592947760611,-0.18972206649240198,0.548260682312971
kalman_own_ridge,3,C_South_Mediterranean_Coast,82,1.4080124480002767,0.04613976253353763,0.34759201006008467,-0.1276454426664133,-0.010061090452033516
kalman_own_ridge,3,C_South_Zambezia_Coast,82,4.171528891710771,0.26136069432800413,0.8558715629342318,-0.06389496316573706,0.6958488321934505
kalman_own_ridge,3,C_Southhampton_Coats_Islands,82,3.9827188549810533,-0.1710336866192335,0.5041106405590126,-0.0363154261866907,0.2441298479286239
kalman_own_ridge,3,C_Southwest_Hudson_Bay_Coast,82,2.553786938984558,0.3364920780423095,0.8605762435105826,0.08590670409464596,0.7161104408216313
kalman_own_ridge,3,C_Southwest_Mediterranean_Coast,82,2.190773523661534,0.3207170480588618,0.7053482041953789,-0.019287929004036863,0.2818386880021999
kalman_own_ridge,3,C_Sri_Lanka,82,2.1026886868655517,0.2623536787566063,0.9086168617242858,-0.25357969565395866,0.7671060975065355
kalman_own_ridge,3,C_Sulawesi,82,2.8958267471093717,0.5287162385625197,0.5197606217258468,0.27665495651220107,0.2412502284146757
kalman_own_ridge,3,C_Sumatra,82,3.3396290621335267,0.3111368224730957,0.6137374974021741,-0.058725156790294,0.21800436333694118
kalman_own_ridge,3,C_Svalbard,82,24.726211698218663,0.6678332283185896,0.9698202645388723,0.1940394636061552,0.9169982186293189
kalman_own_ridge,3,C_Sweden_Coast,82,3.8289158354379467,0.0014967534997756184,0.7242863687937803,-0.10608755087375354,0.5233902024830401
kalman_own_ridge,3,C_Taiwan,82,2.0921282327307416,0.24405947609715187,0.6568744472466849,0.021827696210421244,0.4121019773175817
kalman_own_ridge,3,C_Tasmania,82,2.8753054044742696,0.28564470843635503,0.755646110183337,0.0539927386914868,0.5571180884200224
kalman_own_ridge,3,C_Texas_Gulf_Coast,82,3.9653468736563195,0.5098755396675341,0.6831039554387854,0.16044283299253748,0.4391692230604969
kalman_own_ridge,3,C_Thar_Desert_Sabarmati_River_Gulf_of_Cambay_Luni_Delta,82,5.089717541471605,0.62744593094272,0.7518168636994955,0.3860875781751716,0.5597593428230613
kalman_own_ridge,3,C_US_East_Gulf_of_Mexico_North_Atlantic_Coast,82,4.263507450573008,0.6789952088836434,0.6763613050414821,0.45774485364388184,0.45033627837744183
kalman_own_ridge,3,C_US_North_Atlantic_Coast,82,3.159313345357653,0.1534512844483281,0.8215218892532399,-0.08092453203704109,0.6546556944646768
kalman_own_ridge,3,C_Uda_Basin,82,3.682191737145214,0.008736639943399575,0.5022252404813388,-0.04434367431542885,0.179561486654629
kalman_own_ridge,3,C_Uruguay_South_Brazil_Coast,82,5.558244468063956,0.44651463685145065,0.5459591423695977,0.11469636405167138,0.24159482967056323
kalman_own_ridge,3,C_Victoria_Island,82,2.939591219754698,-0.04434371919547727,0.6779391900914858,-0.28791301556063553,0.4123622460620854
kalman_own_ridge,3,C_Vietnam_Coast,82,3.6217425700556825,0.5925366031050542,0.9642413505315771,0.298225687875628,0.9233534125751713
kalman_own_ridge,3,C_West_Africa_Coast,82,2.3006111149952835,0.3131317200969402,0.9821383171096276,0.04731339558699077,0.9576651916555649
kalman_own_ridge,3,C_West_Australia_Coast,82,2.0536353039906237,0.17044991919847302,0.4399119002804691,-0.18036955513121722,0.05193203498337562
kalman_own_ridge,3,C_West_Barents_Sea_Coast,82,3.328306529198588,0.06897982397405573,0.8629620049311679,-0.02133552678759898,0.7132640223871001
kalman_own_ridge,3,C_West_Black_Sea_Coast,82,5.9191147617833675,0.31465968542832823,0.7572431688189546,0.0422973873448641,0.5539930111850155
kalman_own_ridge,3,C_West_Caspian_Sea_Coast,82,3.907259943536358,0.4246822800094741,0.850063198949078,0.15192339611296302,0.6891702655141843
kalman_own_ridge,3,C_West_Continental_Europe,82,2.816272712787085,0.6819666981333895,0.8724336377274948,0.4356639865440075,0.7509908654129996
kalman_own_ridge,3,C_West_Italy_Coast,82,2.8850579969931855,-0.03869633108869478,0.8667086119299928,-0.2518472781149983,0.7246583830112254
kalman_own_ridge,3,C_West_Mississippi_Delta,82,5.202086152802745,0.5423366997854319,0.8341784643946037,0.27505095313323125,0.6574266460391125
kalman_own_ridge,3,C_West_Nile_Delta,82,2.176259935747143,0.22627406112879056,0.5173536396690082,-0.30209580780865797,-0.00447074293503924
kalman_own_ridge,3,C_West_Red_Sea_Coast,82,2.200480306569795,0.3618794739609721,0.60933967024596,0.085582208147162,0.29816904988956017
kalman_own_ridge,3,C_Yamal_Peninsula,82,3.814855670990733,0.07117272378254423,0.815363586278419,-0.11469377565525263,0.6293572660064457
kalman_own_ridge,3,C_Yellow_Sea_Coast,82,4.657295564959719,0.7748474651958877,0.7292796918234968,0.41505659863144384,0.3981005562563221
kalman_own_ridge,3,C_Yenisey_Gulf_Coast,82,4.082869224957463,0.10707358273967943,0.8592884091058662,0.0007697848946319752,0.7374636240638127
kalman_own_ridge,3,C_Ziya_He_Interior_Coast,82,5.397236336797104,0.8273391237990049,0.8385959277965113,0.4932152360560642,0.5186916479410526
kalman_own_ridge,3,E_Altai_Mountains,82,1.3663745953168696,0.22591039547795852,0.2738541343732964,-0.022196155274933682,-0.050508006092615965
kalman_own_ridge,3,E_Amu_Darya,82,2.9404655670961155,0.5052327601868436,0.9079706999331253,-0.02557816785305711,0.7346070194210188
kalman_own_ridge,3,E_Australia_Northwest_Plateau,82,4.5770198952055585,0.7468785713142719,0.8195402370911861,0.47763507321568566,0.6027492670782328
kalman_own_ridge,3,E_Badain_Jaran_Desert,82,1.174820633195491,0.27482078049690184,0.5532905902868311,0.059963551293986894,0.29445638979276034
kalman_own_ridge,3,E_Central_Iran,82,2.8689247689809774,0.5981128222586463,0.8455239844387185,0.3265424283490873,0.7011901870559538
kalman_own_ridge,3,E_Central_Mongolia,82,2.405896779541566,0.341586659381454,0.39488213255561955,0.03011193198291351,0.059910500330295435
kalman_own_ridge,3,E_Dayan_Khyargas_Uvs_Nuur_Basins,82,1.568709125329668,0.5074221446191665,0.6029455600636848,0.24871253214345468,0.34463950989415204
kalman_own_ridge,3,E_East_Gobi_Desert,82,1.936459332565923,0.6152382761931154,0.5677409588602601,0.2372116128684637,0.186623049472741
kalman_own_ridge,3,E_Egyptian_Western_Desert,82,1.5495958306297957,0.272587004752387,0.5101752383948592,-0.2618106597676939,-0.11501222790366983
kalman_own_ridge,3,E_Farahrud_Helmand_Hamun_i_Mashkel,82,2.914368064299574,0.37896790245090034,0.7718821267151061,-0.009889665660069769,0.5278818717051578
kalman_own_ridge,3,E_Great_Basin_Great_Salt_Lake,82,3.38742295624236,0.7762716739543094,0.8513308874858927,0.5923164357280599,0.7110620800531964
kalman_own_ridge,3,E_Great_Victoria_Desert,82,1.6952418072834392,0.4629539213866448,0.32838237819092936,0.18106958347586255,-0.014745946876558502
kalman_own_ridge,3,E_Jordan_Northwest_Saudi_Arabia,82,3.369531248816505,0.07079881505511253,0.7128457610025611,-0.15802786521624523,0.4305433735186702
kalman_own_ridge,3,E_Junggar_Pendi,82,2.442471853943625,0.5227137686199689,0.8145408892945378,0.014935098883117282,0.5072167141576094
kalman_own_ridge,3,E_La_Puna_Altiplano,82,2.155206996165688,0.4602875465664773,0.7690748536130747,0.12766606963899785,0.5461944475314262
kalman_own_ridge,3,E_Lake_Eyre_Basin,82,2.4703830226521446,0.7169490414361627,0.6694418445710508,0.5010327368239083,0.436541547663563
kalman_own_ridge,3,E_Lake_Rukwa_Basin,82,11.048160438248047,0.5714788580910112,0.8669608068782445,0.04842383872445444,0.663863977954425
kalman_own_ridge,3,E_Lakes_Balkash_Alakol,82,2.340014383528745,0.46102161065574704,0.8600655989191746,0.024786360893502613,0.7034683169256504
kalman_own_ridge,3,E_Libyian_Desert,82,1.025282516820226,0.08660458410302967,0.5584996916310601,-0.0198523403330495,0.2997531364274524
kalman_own_ridge,3,E_Lower_Lake_Chad,82,5.592605331966653,0.5966010200109292,0.93602784028471,-0.35852391069633915,0.7742728354812831
kalman_own_ridge,3,E_North_Central_Arabia,82,2.1553946421144836,0.05503312597860805,0.6666997167023238,-0.06692343353411956,0.4373491082757406
kalman_own_ridge,3,E_North_Plateau_of_Tibet,82,2.7518332497872615,0.4802407722214813,0.40844473008533644,0.16522765087420976,0.06217612980490994
kalman_own_ridge,3,E_Northern_Kordofan,82,2.653360866783,0.45586886055760617,0.6367093954591664,0.022009778302619742,0.2597954078781973
kalman_own_ridge,3,E_Plateau_of_Tibet,82,1.715352562870965,0.4415957908002016,0.6727074023782366,0.16337969674484687,0.43606102427023674
kalman_own_ridge,3,E_Qinghai_Lake,82,1.9980935466841934,0.767344441882083,0.49651907542108037,0.5675793107309308,0.13083528072694406
kalman_own_ridge,3,E_Rift_Valley,82,5.190528303538378,0.47248758877901165,0.5202446791446854,-0.08474757986392789,-0.5070600219646821
kalman_own_ridge,3,E_Rub_al_Khali_Desert,82,1.5218017934576027,0.13469426668722376,0.4671580095893364,-0.028306634441346068,0.18169101432747425
kalman_own_ridge,3,E_Sahara,82,0.7990971131281231,-0.10582308748038635,0.237888694517449,-0.09047100594612156,-0.03201279854648331
kalman_own_ridge,3,E_Saharan_and_Algerian_Atlas,82,1.6021765962505494,0.16545975779726252,0.8705421636645131,-0.6638811298537151,0.5365722593677804
kalman_own_ridge,3,E_Salinas_Grande_Mar_Chiquita,82,2.7819853538636616,0.7696934237476633,0.8026961549795372,0.5211181167993744,0.5568418025122577
kalman_own_ridge,3,E_South_Interior_Africa,82,3.813008898713134,0.7275085457238906,0.8281223759366525,0.5036937811492327,0.6707678531688563
kalman_own_ridge,3,E_Syr_Darya,82,1.8754674147644197,0.5774574659152567,0.8962924706512081,0.28317483240635766,0.7880252126350348
kalman_own_ridge,3,E_Tarim_He_Lop_Nur,82,1.1945774536474798,0.6108796195971851,0.8418288507058548,0.24220860298821667,0.6412836451616567
kalman_own_ridge,3,E_Turpan_Pendi,82,2.478418717177669,0.42085095674602724,0.7821129348650648,-0.15642679610931576,0.45276426318676266
kalman_own_ridge,3,E_Upper_Lake_Chad,82,2.0463711575274774,0.5122472794154952,0.7362841343161612,-0.11780095436909899,0.309894580262265
kalman_own_ridge,3,R_Amazon_River,82,4.097601586198037,0.7738200535822904,0.9722315111867202,0.5634925589670912,0.9350720238488708
kalman_own_ridge,3,R_Amur_River,82,2.3827749109851455,0.6095804699946478,0.27954792778038146,0.3151923034331706,-0.39658252677699135
kalman_own_ridge,3,R_Colorado_River_Argentina,82,3.544576093635449,0.21430013035044104,0.45068568091912103,-0.20258090447331112,-0.07524142411171564
kalman_own_ridge,3,R_Colorado_River_of_the_West_North_America,82,2.3697388961223393,0.6250157644926243,0.7865443148411949,0.3484194443735269,0.5857815577270025
kalman_own_ridge,3,R_Columbia_River,82,2.6605476365687486,0.24711900437282971,0.9747584294545745,-0.7908427648934129,0.9097829119284858
kalman_own_ridge,3,R_Congo_River,82,3.5492359148667534,0.6260236741018703,0.7906460149642572,0.24302191573476595,0.5313348255781198
kalman_own_ridge,3,R_Danube_River,82,2.962118444531647,0.5018699995283968,0.9015931960146985,0.07213048035838387,0.7683305672886284
kalman_own_ridge,3,R_Dnieper_River,82,3.879329520050112,0.7616577014032374,0.8384086867557098,0.5783546793164931,0.7016646627935215
kalman_own_ridge,3,R_Don_River,82,3.7264934263251446,0.822697952864406,0.9047668617345749,0.6453812195239146,0.8010824148971329
kalman_own_ridge,3,R_Ganges_Bramaputra_Basin,82,3.581978386567786,0.46119936071817397,0.9545640929027068,-0.03445715444455111,0.881142671718307
kalman_own_ridge,3,R_Indus_River,82,4.317706633148568,0.4736525125268198,0.8397109488700312,-0.22292888076350237,0.538991960922035
kalman_own_ridge,3,R_Lena_River,82,1.745629070226236,0.43021176594164073,0.8911380981979322,0.14192771996362663,0.7895769481372165
kalman_own_ridge,3,R_Limpopo_River,82,5.417602030578101,0.7281197867453482,0.8394209195580898,0.314269773375327,0.5022527423944001
kalman_own_ridge,3,R_Mackenzie_River,82,2.8257750801050716,0.8993766140831537,0.9201729051505276,0.7468940795615086,0.8294228937802548
kalman_own_ridge,3,R_Magdalena_River,82,4.604086943158912,0.5408624334477605,0.7976914567326496,0.2775786881015474,0.5588422223873979
kalman_own_ridge,3,R_Mekong_River,82,4.656217810874883,0.7292137518953076,0.9415955743557969,0.49660436129354335,0.8829263139157632
kalman_own_ridge,3,R_Mississippi_River,82,2.5574690523557564,0.8761059408206593,0.9405101330904547,0.6594029480338257,0.8218271455110953
kalman_own_ridge,3,R_Murray_Darling_River,82,3.3648320386099764,0.6756526135185387,0.6790483068760057,0.43854295832625956,0.43316997016869396
kalman_own_ridge,3,R_Niger_River,82,2.80976951649589,0.3519625619106996,0.9592801161542757,-0.6078732916991583,0.8534757710808754
kalman_own_ridge,3,R_Nile_River,82,3.5809497628005267,0.2732416693301481,0.8431758280610409,-0.6798602034452328,0.5555250351971821
kalman_own_ridge,3,R_Ob_River,82,2.301228292848296,0.7568490013450768,0.917980514837104,0.5698450813430018,0.8426169736141839
kalman_own_ridge,3,R_Orange_River,82,2.8738905040654665,0.5946351977194995,0.6311457705486945,0.28530822354695273,0.3350758617897962
kalman_own_ridge,3,R_Orinoco_River,82,5.1131187715399165,0.6644972871057687,0.9450193978805573,0.4310619128417885,0.8897021290424103
kalman_own_ridge,3,R_Parana_River,82,4.352160531751918,0.5642228950385866,0.8268665800287769,-0.07129571753712383,0.3922241314550837
kalman_own_ridge,3,R_Parnaiba_River,82,6.256156936015487,0.6481040108678553,0.9041317818890813,0.10528382429268868,0.71821670121778
kalman_own_ridge,3,R_Rio_Grande_Rio_Bravo,82,3.5254723707505686,0.21356969938861228,0.6622318864097066,-0.44818500745374745,0.1566693778460373
kalman_own_ridge,3,R_Saint_Lawrence_River,82,4.025432022781949,0.8791305535690953,0.8468483221881274,0.7465938394328402,0.6844417433056327
kalman_own_ridge,3,R_Sao_Francisco_River,82,7.654399310820817,0.5959147178822369,0.7821272260709788,0.19344664588679372,0.5197956595123919
kalman_own_ridge,3,R_Saskatchewan_Nelson_Rivers,82,3.04630470430703,0.5261364151547668,0.8179887583211387,0.07344850056704111,0.6135944596018393
kalman_own_ridge,3,R_Senegal_River,82,2.556850522207608,0.5006398677615975,0.9278018592761464,0.16036732987923363,0.8401458078812254
kalman_own_ridge,3,R_Shebelli_Juba_Rivers,82,4.116933740400503,0.55295868948397,0.6485101810479429,0.12678346227589676,0.28635984004708914
kalman_own_ridge,3,R_Tigris_Euphrates_River,82,3.3749295110483084,0.8392662252832689,0.8999678803739404,0.7040566403653215,0.807647123233968
kalman_own_ridge,3,R_Tocantins_River,82,6.6364116681755005,0.5091314328492096,0.9252567695647659,0.24302421655676576,0.8530885049363567
kalman_own_ridge,3,R_Volga_River,82,2.7824648741149676,0.5388020214519217,0.9199874584698241,0.2547143055433495,0.8367619900576092
kalman_own_ridge,3,R_Volta_River,82,2.9476397354267814,0.43639653070344164,0.9436620934876894,0.1582680082629021,0.8830117967447169
kalman_own_ridge,3,R_Yangtze_River,82,3.673540693369217,0.450822753462057,0.6103810204698704,0.09166436934512967,0.3129020277551454
kalman_own_ridge,3,R_Yellow_River_Huang_He,82,2.1307585149996666,0.3549570794890898,0.5452002469114529,0.09329310145073377,0.2714120063274936
kalman_own_ridge,3,R_Yenisey_River,82,1.6602259423950327,0.14260148247382784,0.922716042396967,-0.3644999668586246,0.8159916747276469
kalman_own_ridge,3,R_Yukon_River,82,2.100398456715986,0.410345926920632,0.941907825173104,-0.2782841900914148,0.8243534200734557
kalman_own_ridge,3,R_Zambezi_River,82,4.386587602972229,0.7290203443044814,0.9343268435600824,0.5093739167363034,0.8674151253036335
kalman_own_ridge,4,C_Aleutians_South_Alaska_Coast,81,4.895242652470153,0.7742029809699965,0.951415142809894,0.5943103779655248,0.8974891989039921
kalman_own_ridge,4,C_Amazon_River_Delta,81,7.737491671890731,0.6497247967067318,0.9344174530949305,0.37500816187139996,0.8610462331701314
kalman_own_ridge,4,C_Angola_Coast,81,4.112097327245147,0.6709946166088251,0.8556301883944534,0.40772996172381937,0.7121953381205037
kalman_own_ridge,4,C_Balkan_Peninsula_and_Adriatic_Coast,81,2.957337686539424,0.19302800238869477,0.9382075829616493,-0.11965446621085829,0.8677916664088415
kalman_own_ridge,4,C_Banks_Island,81,8.342111880713126,-0.0418734579234487,0.3973196893019763,-0.0846699690616477,0.10525995531196575
kalman_own_ridge,4,C_Beaufort_Sea_Coast,81,2.071687372075174,-0.21674869785168646,0.8870550379080566,-0.1254752679135287,0.7862811131768288
kalman_own_ridge,4,C_Bight_of_Benin_Coast,81,4.922822660356548,0.5379050184269549,0.9067283994160912,0.28812241146175965,0.8214014324256025
kalman_own_ridge,4,C_Bismark_Sea_Islands,81,3.3420504577523396,0.5539215480116677,0.40561685147404714,0.1734958390048097,0.003136612184850618
kalman_own_ridge,4,C_Borneo,81,4.223153811791856,0.3816939877381441,0.3419832148653832,0.07895284168543171,-0.14955925257037195
kalman_own_ridge,4,C_Buor_Khaya_Gulf_Coast,81,4.363194128429355,0.10057229659165606,0.7240187756412769,-0.03474904396891554,0.513457687328575
kalman_own_ridge,4,C_California_and_Baja_California,81,3.3613267716558317,0.6656825130389109,0.8345713079374625,0.43913943253597676,0.6945609471903986
kalman_own_ridge,4,C_Canadian_South_Arctic_Ocean_Coast,81,1.963640805518451,0.08338653091058032,0.8213542370542402,-0.2300029504803831,0.6163188266954126
kalman_own_ridge,4,C_Capim_River_Delta,81,9.806900920531662,0.4877866313469837,0.9059853510391763,0.1966389564173051,0.8007422578996949
kalman_own_ridge,4,C_Carribean_Coast,81,3.803876536010856,0.6591738289864317,0.9082047029277023,0.4288607354632432,0.8136989903540994
kalman_own_ridge,4,C_Central_America_Gulf_of_Mexico_Caribbean_Coast,81,3.4604785044912645,0.5635286450015412,0.9027828978112016,0.242551882370881,0.7997779101702539
kalman_own_ridge,4,C_Central_American_Pacific_Coast,81,3.251004074985874,0.23549686168355963,0.8965324980583964,-0.5069811608860453,0.686435543050035
kalman_own_ridge,4,C_Chao_Phraya_River_Gulf_of_Thailand_Coast,81,6.299840423348199,0.5953687975983939,0.9091721554879683,0.2768099621480996,0.8028800695132072
kalman_own_ridge,4,C_Chukchi_Peninsula,81,4.552247732250092,0.23600923778267727,0.7767098963241649,0.04508591061269507,0.6009781898074863
kalman_own_ridge,4,C_Churchill_Seal_Rivers,81,3.3603848512866255,0.7437190423011444,0.833044953101562,0.5059507085595545,0.6490562943149724
kalman_own_ridge,4,C_Columbia_Ecuador_Pacific_Coast,81,2.002047845915952,0.17558518944550913,0.7021314673580071,0.024323540558557233,0.49289536999359884
kalman_own_ridge,4,C_Crimea_West_Azov_Sea_Coast,81,7.528630856705578,0.4286152223021428,0.6839200575764153,0.1708655856689847,0.448907625242282
kalman_own_ridge,4,C_Cuba,81,2.6150156704630403,0.10419175545457722,0.7843162602525804,-0.09129994565084032,0.5539869733892414
kalman_own_ridge,4,C_Deccan_Plateau_East_Indian_Subcontinent_Coast,81,4.731395299253499,0.3802870773623322,0.9509368004924226,-0.31412768620356313,0.8626073272022762
kalman_own_ridge,4,C_Denmark_Germany_Coast,81,7.693489738792554,0.19160384432993546,0.40844373600589867,0.02348472304862681,0.15888437149019397
kalman_own_ridge,4,C_East_Australia_Coast,81,3.1517503801482554,0.4912419275864172,0.4365064846110058,0.20797612840183688,0.11364464940950558
kalman_own_ridge,4,C_East_Azov_Sea_Northeast_Black_Sea_Coast,81,9.410445348637234,0.4681696559420447,0.6301789607678476,0.21831255728087196,0.38950151128370836
kalman_own_ridge,4,C_East_Barents_Sea_Coast,81,3.3851547187163376,0.4836181037281948,0.9037043886515108,0.12956951039107145,0.7920337410427798
kalman_own_ridge,4,C_East_Beaufort_Sea_Amundsen_Gulf_Coast,81,2.8049636886976606,0.25097117484176945,0.7440229745661319,0.054342226310388875,0.5290208948379486
kalman_own_ridge,4,C_East_Brazil_South_Atlantic_Coast,81,4.440479096169501,0.3988963406044174,0.8269672072575199,-0.20325814103757578,0.5526576379268306
kalman_own_ridge,4,C_East_Caspian_Sea_Coast,81,2.8266983158571515,0.660385638118609,0.898504641912279,0.332733216984891,0.76154949700877
kalman_own_ridge,4,C_East_Central_Africa_Coast,81,5.805452072035027,0.30687721268554946,0.8909902038506567,-0.6858925312292383,0.6187755711673636
kalman_own_ridge,4,C_East_China_Coast,81,5.5579258943786725,0.3357812107384302,0.711001991945851,-0.06356880686529509,0.3871967454969454
kalman_own_ridge,4,C_East_Hudson_Bay_Coast,81,3.4101418673863813,0.327392914156465,0.6954463560007601,-0.05703504558294137,0.3982387411606395
kalman_own_ridge,4,C_East_Mediterranean_Coast,81,4.062996177923172,0.2957854036287919,0.8578164947239313,-0.15037388076838965,0.6873770113126596
kalman_own_ridge,4,C_East_Mississippi_Delta,81,5.434960802194594,0.5209652608353529,0.835788944480362,0.23871267567982557,0.6645098114761673
kalman_own_ridge,4,C_East_Nile_Delta,81,2.7574554995630463,0.15991388798199566,0.49882590848753233,-0.4012247870516623,-0.06977481993146428
kalman_own_ridge,4,C_East_Ob_Bay_Coast,81,3.4380419239834463,0.398529513285534,0.8981913130484096,0.11021313516547515,0.7809445935746859
kalman_own_ridge,4,C_East_Red_Sea_North_Gulf_of_Aden_Coast,81,1.7692703916945849,0.25111306055724186,0.5778340211724409,-0.037834974173678315,0.2671499026673205
kalman_own_ridge,4,C_East_Timor_Islands,81,3.4712601165261656,0.09452032304718763,0.38617180996796413,0.007098338147893624,0.14520123345332703
kalman_own_ridge,4,C_Ellef_Ringnes_Bathurst_Devon_Islands,81,3.3881988203662545,0.2648813882683557,0.6177889459605991,-0.19496627785109344,0.15502518307274316
kalman_own_ridge,4,C_Ellesmere_Island,81,5.330249312077467,0.6937175229011037,0.9602295510798702,0.33209358753279306,0.8825234001767255
kalman_own_ridge,4,C_Great_Britain,81,3.312690518480908,0.005080225170876813,0.5356623716357183,-0.22520971258493994,0.1353668726601951
kalman_own_ridge,4,C_Greater_Dniester_Basin,81,4.736849456904896,0.2729741108432115,0.8108125353685588,-0.319991138225852,0.5426627335940062
kalman_own_ridge,4,C_Gulf_of_Darien_Coast,81,3.967332442346422,0.39508704715536314,0.8389964949242331,0.13449754805034175,0.6654923534533012
kalman_own_ridge,4,C_Gulf_of_Guinea_Coast,81,3.7612214627627716,0.5973823327346454,0.7597231631997816,0.3077642065213769,0.5707829117366299
kalman_own_ridge,4,C_Gydan_Bay_Coast,81,4.618873854251141,0.05721409691859323,0.84599995168207,-0.09406638776525633,0.7008107232948382
kalman_own_ridge,4,C_Hainan,81,5.437148799290766,0.021225926376782164,0.7814634625288452,-0.04396626308040741,0.6080588943494002
kalman_own_ridge,4,C_Halmahera_Islands,81,3.2195096325896984,0.16521568867704936,0.22654283129645383,-0.020380949486284772,-0.01743664879207696
kalman_own_ridge,4,C_Hispaniola,81,2.1323817682614408,-0.12773911766867455,0.5503868363914335,-0.24480290791652193,0.13153559156608918
kalman_own_ridge,4,C_Hokkaido,81,4.020702731890762,0.16556445602148856,0.6708010186204565,0.0068827001131116505,0.43562582275636785
kalman_own_ridge,4,C_Hub_Porali_Basin,81,4.437184573779441,0.33672501513211367,0.5463964813142512,-0.11329993286534101,0.12040243191305122
kalman_own_ridge,4,C_Iberian_Atlantic_Coast,81,3.617511772399318,0.3061127854524433,0.8455374383924812,0.08437948376384985,0.6970563389904074
kalman_own_ridge,4,C_Iceland,81,10.453932886252927,0.2575656696027182,0.8180891287205151,0.017044774557705034,0.6683117738644493
kalman_own_ridge,4,C_India_West_Coast,81,5.078606650171884,-0.03574001765094311,0.9439280573389051,-0.8169042391719972,0.8427540319411272
kalman_own_ridge,4,C_Indian_Ocean_Africa_Coast,81,5.168872827867372,0.428885423588037,0.7700781489299512,0.006484565734510062,0.49265120744564217
kalman_own_ridge,4,C_Ireland,81,2.361011248703635,-0.259734413316251,0.6082041019217485,-0.07874024350206987,0.30728674151887203
kalman_own_ridge,4,C_Irrawaddy_Sittang_Salween_Basin,81,3.9070269022914794,0.5577794242719138,0.9547334080589702,0.23744778951203016,0.9102803305070705
kalman_own_ridge,4,C_Jamaica,81,2.9720972984903784,0.1886341879067457,0.17830261683636361,0.007754605767191447,0.017666909312498258
kalman_own_ridge,4,C_Japan,81,3.8794459024086945,0.17453834308504648,0.392754720256245,-0.2801661632753174,-0.4749790300410557
kalman_own_ridge,4,C_Java,81,3.6300133181210987,0.4799861114249038,0.6777895470901859,0.16447556909360206,0.44952899905117627
kalman_own_ridge,4,C_Kamchatka_Peninsula,81,3.2228499639622217,0.4397723241602844,0.9440503262301426,0.1217878663687606,0.8845166084014685
kalman_own_ridge,4,C_La_Plata_Delta,81,6.4257496118208035,0.5611769753018804,0.559862139706537,0.2687802327041615,0.2516508853785764
kalman_own_ridge,4,C_Labrador_Sea_Coast,81,3.891103973261488,0.5778601173599718,0.8473434619357079,0.2414035832355691,0.6718467714661905
kalman_own_ridge,4,C_Madagascar,81,4.031824729288651,0.4070582421459696,0.8793773565474792,0.10923201228950175,0.7653801344108602
kalman_own_ridge,4,C_Malaysian_Peninsula_Coast,81,4.4482713547635155,0.4614879579388229,0.7025767609361859,0.17506275247166048,0.44283024323300835
kalman_own_ridge,4,C_Maluku,81,4.202535090777004,0.06928569936931833,0.14617151001441459,-0.01420984246789292,-0.04542440434748518
kalman_own_ridge,4,C_Melville_Prince_Patrick_Islands,81,7.203158562299665,0.6731319075295819,0.8363962676294896,0.2923502229340049,0.6024345339723916
kalman_own_ridge,4,C_Namibia_Coast,81,2.5002666095977166,0.20651226837644654,0.2517097140827873,-0.19230437539888845,-0.1753617692440761
kalman_own_ridge,4,C_Neva_River_Finland_Coast,81,3.05972705592234,0.2607881119233115,0.8018220205025414,-0.09680823291124141,0.5897181628815216
kalman_own_ridge,4,C_New_Brunswick_and_Nova_Scotia_Coast,81,5.180516614202724,0.005378199453617944,0.7900550407715149,-0.21640356398393346,0.5362460723439673
kalman_own_ridge,4,C_New_Siberian_Islands,81,50.75009181477922,-0.21907021187076364,0.1855438882206736,-0.06912362705313413,0.0024281164234241093
kalman_own_ridge,4,C_New_Zealand_North_Island,81,2.3891011246217126,0.17077285768423078,0.7554341727560209,-0.07762040290730687,0.5208977480688777
kalman_own_ridge,4,C_New_Zealand_South_Island,81,2.5371189109450043,-0.2182507831216743,0.7107370684434139,-0.03808187659773843,0.48999920573449784
kalman_own_ridge,4,C_Nigerian_Delta,81,5.891420718969752,0.2958905829773323,0.9416013551870769,0.02379811476197269,0.8785534204157914
kalman_own_ridge,4,C_North_Argentina_South_Atlantic_Coast,81,4.442182208148262,0.5959303726142028,0.5996329093121723,0.3120451239989438,0.26824450038603687
kalman_own_ridge,4,C_North_Australia_Coast,81,5.075463843223104,0.7430655332305289,0.9073132532773116,0.4233150426481792,0.7830528129618195
kalman_own_ridge,4,C_North_Baffin_Island_Coast,81,5.423538576889856,0.7123015701354681,0.8570671066490259,0.41586431041822214,0.6152475175719794
kalman_own_ridge,4,C_North_Brazil_South_Atlantic_Coast,81,9.64876606860071,0.384660071523637,0.9058993435819067,-0.10776057552053464,0.7777420444140819
kalman_own_ridge,4,C_North_Caspian_Sea_Coast,81,2.6695368117293046,0.41650374354288605,0.8010757264793475,0.12763101010789846,0.585529452854647
kalman_own_ridge,4,C_North_Chile_South_Pacific_Coast,81,2.8670401543082127,0.4704463427874119,0.7822505367142232,0.1968441531014492,0.6086818846160578
kalman_own_ridge,4,C_North_East_Bay_of_Bengal_Coast,81,3.4123682878842696,0.4257754895744228,0.9795999380500249,0.09126489657846693,0.9583006930777904
kalman_own_ridge,4,C_North_East_Siberian_Sea_Coast,81,1.7964383494188496,0.5829650265495911,0.8658337907382497,0.3255296401821116,0.7307570037729121
kalman_own_ridge,4,C_North_Gulf_of_Oman_Coast,81,3.639458052842649,0.5245488560474266,0.7083750293602997,0.23622094746750655,0.4759180700991674
kalman_own_ridge,4,C_North_Korea_Bay_Korean_Peninsula,81,3.352928818275184,0.5848220558195362,0.7043610031254187,-0.10166212293625954,0.13575045071535885
kalman_own_ridge,4,C_North_Siberia_Coast,81,1.832820571946114,0.30744711384427237,0.9237983683392361,0.05603083711171475,0.849655998607677
kalman_own_ridge,4,C_North_St_Lawrence_Seaway_Coast,81,4.1840301436497835,0.25323562285004186,0.8125064627767052,-0.6859054816590173,0.3539744431528371
kalman_own_ridge,4,C_North_Vietnam_South_China_Coast,81,4.988064836065104,0.20285481071997774,0.6856505649515063,-0.22769609275693026,0.3835020385534801
kalman_own_ridge,4,C_North_West_Africa_Coast,81,1.5511228179346868,-0.1827222282332337,0.33829231534890414,-0.4943411919190204,-0.5103756282123495
kalman_own_ridge,4,C_Northeast_South_America_Coast,81,9.628410232400757,0.7774825603917777,0.7835469760574869,0.5729397077339627,0.6101816651255481
kalman_own_ridge,4,C_Northwest_Hudson_Bay_Coast,81,2.833511926796759,0.630814724018489,0.7809617826448798,0.3081813671560283,0.5884116859792299
kalman_own_ridge,4,C_Northwest_Mediterranean_Coast,81,3.1299836235233,0.5447865688991277,0.8263582829322644,0.1672229807035447,0.6404756122684214
kalman_own_ridge,4,C_Norway_Coast,81,3.917352268117436,0.15040897841272557,0.8076760866471449,-0.025114181500196064,0.6230258244036122
kalman_own_ridge,4,C_Novaya_Zemlya,81,21.019512888637124,0.4397430515771068,0.9352624120612388,-0.17447258326841641,0.823659602640974
kalman_own_ridge,4,C_Nusa_Tenggara,81,3.6691000280300456,0.04157545440647062,0.2727182736577605,-0.032666431739614143,0.02946366875293227
kalman_own_ridge,4,C_Olenyok_Delta,81,9.396100395059277,0.17512043978840136,0.4159721333481521,-0.008012609717810593,0.14041675256487773
kalman_own_ridge,4,C_Oregon_Coast,81,3.3012089415142816,0.11258982321830455,0.9283441496781742,-0.21608697687036438,0.8210901084780379
kalman_own_ridge,4,C_Papua_New_Guinea_Island,81,2.460412483719463,0.25891077887039465,0.4867585563365088,0.04168784110831836,0.15459817464509618
kalman_own_ridge,4,C_Patagonia,81,3.941617714206906,0.22205832042003434,0.5892371297195196,0.01537800855826621,0.28573775555707326
kalman_own_ridge,4,C_Peru_Pacific_Coast,81,1.5449719539851583,0.18041461356468172,0.8721734530617744,0.008612680065058886,0.745141646319883
kalman_own_ridge,4,C_Philippines,81,3.246863842589332,0.4750580962175244,0.5797214938471903,0.20867296011356729,0.32910472030633486
kalman_own_ridge,4,C_Po_River_and_East_Italy_Coast,81,3.9019851677991815,0.5349039359540265,0.8428280468999716,0.1286898224066959,0.6580703721919894
kalman_own_ridge,4,C_Prince_of_Wales_Island,81,3.5187033222177386,0.028384223596737042,0.33430503009623974,-0.1659212424446399,-0.02615775259597264
kalman_own_ridge,4,C_Puerto_Rico,81,1.9931185805246847,-0.061497368766800516,0.544731010378161,-0.11165331921390798,0.2462158688930588
kalman_own_ridge,4,C_Sakhalin_Island,81,8.947711372186047,-0.15941885216995338,0.14799363671099383,-0.13997300690353165,-0.25622207464238467
kalman_own_ridge,4,C_Sardinia_and_Corsica,81,8.77110503754801,0.235874061707036,0.42321375709901277,0.019909975706062788,0.1329036145019461
kalman_own_ridge,4,C_Severnaya_Zemlya,81,29.61358578207598,0.3842719252778129,0.8501937870722427,-0.47983854048413854,0.5731878294879965
kalman_own_ridge,4,C_Seward_Peninsula_Alaskan_North_Slope,81,2.5128607177688513,0.5843220183230932,0.8009711369889827,0.2271650720745627,0.5952926340923941
kalman_own_ridge,4,C_Shelikhov_Gulf_Sea_of_Okhotsk_Coast,81,5.176729934219181,0.20985364907990628,0.8071463821840162,-0.11270462930395264,0.567147672187021
kalman_own_ridge,4,C_Sicily,81,4.645641101664393,-0.16062674763142834,0.08213849053095591,-0.07164685976912666,-0.1256392141008147
kalman_own_ridge,4,C_Solomon_Islands,81,8.20491973538322,0.41740507659272813,0.33746269372820614,0.15987633552116387,0.04948733912179082
kalman_own_ridge,4,C_Somerset_Island,81,3.572543949053416,0.002326359047934623,0.6426087160464405,-0.32240071491496103,0.2986100086879131
kalman_own_ridge,4,C_South_Africa_South_Coast,81,2.240387135062179,0.7022962117490933,0.769644298713474,0.3464557819919847,0.47856767968725744
kalman_own_ridge,4,C_South_Africa_West_Coast,81,1.9780864590789788,0.22673326494532356,0.572789038326766,0.01068922969219721,0.28536201431448915
kalman_own_ridge,4,C_South_Alaska_Coast_Frazer_River,81,7.17676440766197,0.5238586699198184,0.934575529175217,0.11727124412742207,0.8580201756917948
kalman_own_ridge,4,C_South_Amapa_Coast,81,8.769038151689466,0.7161321706142199,0.9127693312393924,0.34751451585548365,0.8288863944350195
kalman_own_ridge,4,C_South_Australia_Coast,81,1.2123932477864192,0.488903945423112,0.8158538047901371,0.2259928816844129,0.6604637132132234
kalman_own_ridge,4,C_South_Baffin_Island_Coast,81,4.841299420162345,0.3119401699629835,0.6962183131418512,-0.07159488776927647,0.3318287675358601
kalman_own_ridge,4,C_South_Baltic_Coast,81,3.2116921608747973,0.16085812633761004,0.7479161519559807,-0.12543846102223455,0.5544485793095758
kalman_own_ridge,4,C_South_Black_Sea_Coast,81,6.053220552802158,0.21590528198344577,0.7634320782854763,-0.1179420398414277,0.5353964099902402
kalman_own_ridge,4,C_South_Chile_South_Pacific_Coast,81,7.411013380102169,0.1516883375066937,0.9425514015954622,-1.602681859102181,0.7439121572334614
kalman_own_ridge,4,C_South_East_Brazil_Coast,81,6.400018655910756,0.4580751581938672,0.7088289346453895,-0.09132694307367473,0.31123313510172923
kalman_own_ridge,4,C_South_East_Russia_Coast,81,3.009019298113758,0.2479628711118635,0.09958371148450137,-0.05946604457527482,-0.5046363950024855
kalman_own_ridge,4,C_South_Gulf_of_Aden_Coast,81,2.630545854480935,0.5218582190863885,0.2831858413906769,0.19483949085428443,0.06427735461471362
kalman_own_ridge,4,C_South_Gulf_of_Oman_West_Arabian_Sea_Coast,81,1.9504640756419833,0.22848237060834053,0.4726919685274701,-0.30037431447625695,-0.05685001814023871
kalman_own_ridge,4,C_South_Hudson_Strait_Ungava_Bay_Coast,81,4.078984442867621,0.17152567912037375,0.8121328046707389,-0.25158637345056656,0.5504994406812678
kalman_own_ridge,4,C_South_Mediterranean_Coast,81,1.4607170386695647,-0.19100320698730036,0.2871359889786064,-0.18586081938736387,-0.07582068273411746
kalman_own_ridge,4,C_South_Zambezia_Coast,81,4.242150173460693,0.2792555259074693,0.8546194138199044,-0.07650119413206924,0.6834058516890551
kalman_own_ridge,4,C_Southhampton_Coats_Islands,81,3.939799790601873,0.07644923330896386,0.531583092261928,-0.004168525522684874,0.26817053734439533
kalman_own_ridge,4,C_Southwest_Hudson_Bay_Coast,81,2.5998697708082923,0.32641835922575774,0.8577854850684533,0.0703155526886502,0.704746447723942
kalman_own_ridge,4,C_Southwest_Mediterranean_Coast,81,2.3887473386929914,0.12520004951505362,0.6742836586320992,-0.22557154393501833,0.13776933393146296
kalman_own_ridge,4,C_Sri_Lanka,81,2.0863025220819282,0.22842769634952872,0.9145873803832822,-0.45546708752881515,0.7514318266439408
kalman_own_ridge,4,C_Sulawesi,81,3.1638027042606165,0.3770809355160715,0.39638091157317507,0.12435490796062343,0.06016660194467527
kalman_own_ridge,4,C_Sumatra,81,3.494775121386801,0.21722423923532116,0.5497997245924917,-0.18492847514042166,0.024182656036497274
kalman_own_ridge,4,C_Svalbard,81,24.28393493011801,0.6868270435065605,0.9711395819292185,0.21814444748659867,0.9189153495625724
kalman_own_ridge,4,C_Sweden_Coast,81,3.816191125544885,-0.020245610832105167,0.7220403424420382,-0.08993781157904168,0.5199835466302768
kalman_own_ridge,4,C_Taiwan,81,2.1192523926995412,0.20986733905123595,0.642088283694796,-0.0023872375962294967,0.38799771166394925
kalman_own_ridge,4,C_Tasmania,81,2.9022579490954823,0.2796114208415663,0.7502582328084818,0.04758434222839647,0.5485949153793784
kalman_own_ridge,4,C_Texas_Gulf_Coast,81,4.38199264366433,0.3739974261828018,0.613918594890446,-0.0196150310392198,0.32248451108756715
kalman_own_ridge,4,C_Thar_Desert_Sabarmati_River_Gulf_of_Cambay_Luni_Delta,81,5.27285315978666,0.605164019936928,0.7253129340755388,0.35481791156041653,0.5188986174694425
kalman_own_ridge,4,C_US_East_Gulf_of_Mexico_North_Atlantic_Coast,81,4.631510784404995,0.6141546183868672,0.6123577633716605,0.3736708682280703,0.34150598933021803
kalman_own_ridge,4,C_US_North_Atlantic_Coast,81,3.0955666824418553,0.22824112096135626,0.8294489481869785,-0.025567404621591905,0.663822954097169
kalman_own_ridge,4,C_Uda_Basin,81,3.6597885398805654,0.001414362416247097,0.5075430216189193,-0.029165398224131334,0.19281990396897952
kalman_own_ridge,4,C_Uruguay_South_Brazil_Coast,81,5.86583287835455,0.3595592966309507,0.46648284662524736,0.00647435296236154,0.14592501356741572
kalman_own_ridge,4,C_Victoria_Island,81,3.0989170921544824,-0.20810149760804508,0.627938124749127,-0.4137339688853521,0.3389595964041596
kalman_own_ridge,4,C_Vietnam_Coast,81,3.8132659419995676,0.553945331868465,0.9613342209143662,0.22795991130118987,0.9148203181270481
kalman_own_ridge,4,C_West_Africa_Coast,81,2.3465944343223017,0.2686637652744335,0.9810982363393109,0.013904665269046101,0.9554557821711487
kalman_own_ridge,4,C_West_Australia_Coast,81,2.1077028377007636,0.12245675388035812,0.42745451843153337,-0.23742996779542502,0.004111031693688427
kalman_own_ridge,4,C_West_Barents_Sea_Coast,81,3.3721677591090846,0.011491734435284756,0.8569233795029668,-0.0306738923577361,0.703775502808937
kalman_own_ridge,4,C_West_Black_Sea_Coast,81,6.1301176195401395,0.23003683646997924,0.7408355826175028,-0.026187317902005125,0.5252709091037309
kalman_own_ridge,4,C_West_Caspian_Sea_Coast,81,3.997165113757629,0.4166411492461905,0.8462416887350094,0.14405887989010324,0.6780041049489629
kalman_own_ridge,4,C_West_Continental_Europe,81,3.0294017230741592,0.5974979297147195,0.8475791607635436,0.33721728170821674,0.7061306680559698
kalman_own_ridge,4,C_West_Italy_Coast,81,2.944190901675112,-0.1448678639774835,0.8595712444575241,-0.30887654882138427,0.7088091369578113
kalman_own_ridge,4,C_West_Mississippi_Delta,81,5.450246820407338,0.48189781846222096,0.8071601541825542,0.20624516591146747,0.6226699592225906
kalman_own_ridge,4,C_West_Nile_Delta,81,2.2551921306947507,0.10883267611409272,0.47578510293445103,-0.42419689834410645,-0.10922221659474474
kalman_own_ridge,4,C_West_Red_Sea_Coast,81,2.223740522292805,0.34628274860893954,0.5927325622310772,0.07093522045518708,0.26776032672337835
kalman_own_ridge,4,C_Yamal_Peninsula,81,3.87479654758482,0.050757485704575306,0.8122499596539343,-0.1319865946266945,0.6193782574482072
kalman_own_ridge,4,C_Yellow_Sea_Coast,81,4.68648282778725,0.7640248872654187,0.736130109053758,0.3056261025849304,0.32424118013471914
kalman_own_ridge,4,C_Yenisey_Gulf_Coast,81,4.112072645641841,0.05774072579076159,0.8574491793393442,-0.01252693867824095,0.7346927451671771
kalman_own_ridge,4,C_Ziya_He_Interior_Coast,81,6.040642654441026,0.7933659043797805,0.8061662086984259,0.36492587786680664,0.3973815629458979
kalman_own_ridge,4,E_Altai_Mountains,81,1.3925933132679678,0.19282121436147057,0.24811757803117535,-0.052726387095716865,-0.08756080894166418
kalman_own_ridge,4,E_Amu_Darya,81,3.2199284904004206,0.40471340407331047,0.9015385060928994,-0.2517899872466185,0.685046435015213
kalman_own_ridge,4,E_Australia_Northwest_Plateau,81,4.984417193211844,0.7030001087630856,0.7927066261480411,0.37439933704504635,0.5256853851787939
kalman_own_ridge,4,E_Badain_Jaran_Desert,81,1.200821399981279,0.22127627554582044,0.5248263757006746,0.030243213721958817,0.2618656348126298
kalman_own_ridge,4,E_Central_Iran,81,3.02384549318968,0.5392867530549349,0.8295466286025086,0.24865397166471093,0.6693120168751927
kalman_own_ridge,4,E_Central_Mongolia,81,2.526182531185908,0.2626018102390672,0.32002910720578,-0.05852020546938075,-0.041907815836844
kalman_own_ridge,4,E_Dayan_Khyargas_Uvs_Nuur_Basins,81,1.6644504320169353,0.4212726227399648,0.5367286626670997,0.15997871540759745,0.26167698051273836
kalman_own_ridge,4,E_East_Gobi_Desert,81,2.0896197888332653,0.538660313012967,0.4754545351194517,0.12154273538757565,0.06020119238921784
kalman_own_ridge,4,E_Egyptian_Western_Desert,81,1.5969611769324825,0.24672386746667554,0.48165200973778555,-0.2924500283185716,-0.20322097818628682
kalman_own_ridge,4,E_Farahrud_Helmand_Hamun_i_Mashkel,81,3.0953735162995177,0.283729107886139,0.7489213728897675,-0.1199330269176786,0.47387103853708346
kalman_own_ridge,4,E_Great_Basin_Great_Salt_Lake,81,3.8090713010123767,0.7085208821004927,0.8138069808982796,0.48879661898187177,0.6387848584331388
kalman_own_ridge,4,E_Great_Victoria_Desert,81,1.7597902299301913,0.39298345501001164,0.27002015493722487,0.1124220180532226,-0.08078812445215466
kalman_own_ridge,4,E_Jordan_Northwest_Saudi_Arabia,81,3.337475789958537,0.17523476490692508,0.7265551113860304,-0.13696835396163287,0.43596781350238656
kalman_own_ridge,4,E_Junggar_Pendi,81,2.570057392472151,0.48878688187072444,0.8041908819522411,-0.09623257565645216,0.4416669911428883
kalman_own_ridge,4,E_La_Puna_Altiplano,81,2.191468834770279,0.4032124610699362,0.7705665763224524,0.04159020613772069,0.5302263934873113
kalman_own_ridge,4,E_Lake_Eyre_Basin,81,2.5567834718906064,0.7077229508419003,0.6546351838093808,0.4727736024662472,0.40092456792591646
kalman_own_ridge,4,E_Lake_Rukwa_Basin,81,11.937023927731497,0.5285424250913845,0.8477730954382708,-0.0952060804157191,0.589543400552671
kalman_own_ridge,4,E_Lakes_Balkash_Alakol,81,2.3261635513974217,0.491539615069711,0.8681274106034697,0.04101308935915471,0.7100898391618704
kalman_own_ridge,4,E_Libyian_Desert,81,1.03838381111085,0.05725259110799639,0.5477574428053361,-0.026442799938008354,0.2877513896745668
kalman_own_ridge,4,E_Lower_Lake_Chad,81,6.358210849115643,0.48781618185468517,0.9198097804632068,-0.7876257696427431,0.7117508217498751
kalman_own_ridge,4,E_North_Central_Arabia,81,2.1920381081238633,-0.030718249626469955,0.6531786448216234,-0.10172030295305468,0.4161894388820503
kalman_own_ridge,4,E_North_Plateau_of_Tibet,81,2.8949548623685057,0.4167833427827719,0.3467891518652909,0.0781104963052145,-0.026538209005555036
kalman_own_ridge,4,E_Northern_Kordofan,81,2.788256163571374,0.376100805635235,0.5915454182817703,-0.060894967575992,0.19189303679778635
kalman_own_ridge,4,E_Plateau_of_Tibet,81,1.777988477997063,0.3833570968880749,0.6414730891134346,0.10461774560382409,0.3897072643460743
kalman_own_ridge,4,E_Qinghai_Lake,81,2.135590437363931,0.7336414946324575,0.4308831393925001,0.5128402694441112,0.018562140854374798
kalman_own_ridge,4,E_Rift_Valley,81,5.675923664964328,0.3695848452319141,0.46506993076234665,-0.28869390374206705,-0.9228208448837587
kalman_own_ridge,4,E_Rub_al_Khali_Desert,81,1.5251589140438273,0.16577018915812014,0.4704486420876123,-0.02572754153290968,0.18401455604687667
kalman_own_ridge,4,E_Sahara,81,0.7951392350935165,-0.0635936351334601,0.24037568432957573,-0.07154994454552321,-0.03539218343389372
kalman_own_ridge,4,E_Saharan_and_Algerian_Atlas,81,1.7617439324071749,0.03129151492861185,0.8580414240611225,-0.9912745313974978,0.42269757915401995
kalman_own_ridge,4,E_Salinas_Grande_Mar_Chiquita,81,2.7633465474938297,0.7716858441097538,0.8126151566760513,0.4774611440405623,0.520768624978874
kalman_own_ridge,4,E_South_Interior_Africa,81,4.072508165839841,0.661648094832261,0.7979306300814201,0.39528543700529883,0.6224936822782225
kalman_own_ridge,4,E_Syr_Darya,81,2.0239657149452506,0.4976363259676975,0.8817213769165263,0.1544392509342235,0.7560959642370249
kalman_own_ridge,4,E_Tarim_He_Lop_Nur,81,1.2958573601282204,0.5326589593251151,0.8172739350132173,0.11671555098424324,0.5786113847972025
kalman_own_ridge,4,E_Turpan_Pendi,81,2.689746598803663,0.2647184399447901,0.7394812959968234,-0.3763334563042766,0.34263793285773647
kalman_own_ridge,4,E_Upper_Lake_Chad,81,2.1964518404537934,0.42800147262394117,0.6946601033887252,-0.26633630711324496,0.21033905832076116
kalman_own_ridge,4,R_Amazon_River,81,4.6246946044447705,0.7027437974032614,0.965453135846443,0.44710775724104623,0.9176445281962825
kalman_own_ridge,4,R_Amur_River,81,2.4441442223107392,0.5970945801198486,0.24505517737585972,0.28953715281380565,-0.45262214921472244
kalman_own_ridge,4,R_Colorado_River_Argentina,81,3.8144331728739798,0.09092956250059826,0.35473844711851044,-0.3616003402567842,-0.28597649665052893
kalman_own_ridge,4,R_Colorado_River_of_the_West_North_America,81,2.5507314369888663,0.5547391420184546,0.756843294367907,0.25037209498047464,0.525567770858882
kalman_own_ridge,4,R_Columbia_River,81,2.789845336064235,0.2950198788293504,0.9773478384500667,-1.0590637581217575,0.9010536655325554
kalman_own_ridge,4,R_Congo_River,81,3.8039118247385413,0.5820042792413913,0.750958592447584,0.15494548258836283,0.43115999713360154
kalman_own_ridge,4,R_Danube_River,81,3.0993633765906354,0.4327871100143274,0.8952596756900504,-0.053421720821497765,0.7467060089316573
kalman_own_ridge,4,R_Dnieper_River,81,4.264045561597228,0.7064578215777606,0.7988212454659045,0.4975555197960506,0.63696883601954
kalman_own_ridge,4,R_Don_River,81,4.029260095190915,0.7931871438715056,0.8862603887847595,0.5938525726993136,0.7650643639224162
kalman_own_ridge,4,R_Ganges_Bramaputra_Basin,81,3.9416585361006002,0.28660372536298645,0.9443046115333196,-0.27594249942712956,0.8527313547258157
kalman_own_ridge,4,R_Indus_River,81,4.718217951307979,0.4132509253793476,0.8229758672536646,-0.41889533783308996,0.44961777076418263
kalman_own_ridge,4,R_Lena_River,81,1.857168445202644,0.33447361357661237,0.8741188510295806,0.04361509869980662,0.7578702168548228
kalman_own_ridge,4,R_Limpopo_River,81,5.991124430514342,0.6552508844670989,0.8136553716556031,0.15280198563007796,0.3847800471460199
kalman_own_ridge,4,R_Mackenzie_River,81,3.2595787477122267,0.8572901775156893,0.8909823697417152,0.6716627762697924,0.7757099800382073
kalman_own_ridge,4,R_Magdalena_River,81,4.743789365593161,0.5001038065419326,0.7807721946106413,0.22964741128242727,0.5360554397786523
kalman_own_ridge,4,R_Mekong_River,81,4.970846102413139,0.6931385169146095,0.9335082078053589,0.42978444849758146,0.8659086656493563
kalman_own_ridge,4,R_Mississippi_River,81,2.862780530241157,0.8492716795343149,0.9292109116942424,0.566679297917678,0.7793653211845859
kalman_own_ridge,4,R_Murray_Darling_River,81,3.4453210419653177,0.6505398961603394,0.6569563778264338,0.3977422366463583,0.39712915833994167
kalman_own_ridge,4,R_Niger_River,81,2.9954095530180362,0.2863287272552854,0.9563208082435216,-0.8110940969052602,0.8340782375573028
kalman_own_ridge,4,R_Nile_River,81,3.961323479055837,0.11982856713931479,0.8207833539313838,-1.0825169186258066,0.45852520250567286
kalman_own_ridge,4,R_Ob_River,81,2.4672576500273165,0.7197255833658341,0.9060557476067902,0.512477269289558,0.8198470801388194
kalman_own_ridge,4,R_Orange_River,81,3.0312803542937896,0.5328298870496506,0.5800447161932483,0.18946059892829947,0.24895343141242587
kalman_own_ridge,4,R_Orinoco_River,81,5.679059557546315,0.564412255557621,0.9317112136316769,0.30625868325840266,0.8640042830561565
kalman_own_ridge,4,R_Parana_River,81,4.7872229879843,0.49100651608129964,0.8243837602848765,-0.34377225921392607,0.25912297995316846
kalman_own_ridge,4,R_Parnaiba_River,81,6.958122310230126,0.5703765013917348,0.8867504475274746,-0.12964491817734292,0.6435265251912371
kalman_own_ridge,4,R_Rio_Grande_Rio_Bravo,81,3.8001577161306677,0.10187505892324925,0.6165604418238105,-0.6261115059656459,0.02040717854012597
kalman_own_ridge,4,R_Saint_Lawrence_River,81,4.5006601588857436,0.8497942155912782,0.8137222865587002,0.6796883012732664,0.6085874888553441
kalman_own_ridge,4,R_Sao_Francisco_River,81,8.57358407035358,0.4678098784741612,0.7194718041045378,-0.03161948639103618,0.3874289416443706
kalman_own_ridge,4,R_Saskatchewan_Nelson_Rivers,81,3.53886206843069,0.3402819690113497,0.7527939982881292,-0.25906661793170893,0.48488234381193274
kalman_own_ridge,4,R_Senegal_River,81,2.731989984538733,0.3769136565669341,0.9165718770178555,0.04281864447616468,0.8165318801480206
kalman_own_ridge,4,R_Shebelli_Juba_Rivers,81,4.334305409263148,0.5244569260125393,0.6144848396746183,0.03900708569128675,0.2004483481747601
kalman_own_ridge,4,R_Tigris_Euphrates_River,81,3.7428077963798807,0.797993564862008,0.8756252725671975,0.6365014670177721,0.7662433852454247
kalman_own_ridge,4,R_Tocantins_River,81,7.187397419295619,0.38029502923462105,0.9109994920391306,0.11167907112112185,0.8252476414958589
kalman_own_ridge,4,R_Volga_River,81,2.967275016048776,0.4415703405553579,0.9102798607280241,0.1479569886807094,0.8153628517303678
kalman_own_ridge,4,R_Volta_River,81,3.0362310913298933,0.38504517147458206,0.940395238702694,0.10750035392162394,0.8751254082877639
kalman_own_ridge,4,R_Yangtze_River,81,3.7675485952177823,0.38511930608091327,0.5900121991626897,0.034716522651365156,0.2848466987463827
kalman_own_ridge,4,R_Yellow_River_Huang_He,81,2.197378617085988,0.3021223982522502,0.5155477991642518,0.052236336151300966,0.22994378803597648
kalman_own_ridge,4,R_Yenisey_River,81,1.7016559686768633,0.11790357988963078,0.9190402522730179,-0.4318616946513065,0.7987978101598764
kalman_own_ridge,4,R_Yukon_River,81,2.2099514445154314,0.321676436170027,0.9383537805607192,-0.5035214575835949,0.7979204793784351
kalman_own_ridge,4,R_Zambezi_River,81,4.887117813151301,0.6540954362847896,0.9186825236955758,0.39187355395052503,0.8353158823324217
kalman_own_ridge,5,C_Aleutians_South_Alaska_Coast,80,4.956944384756908,0.7666005666406287,0.9530043711847602,0.577964471655726,0.8961808411466436
kalman_own_ridge,5,C_Amazon_River_Delta,80,8.233206422023354,0.6150099503360476,0.9243315119352298,0.307496482318492,0.8418988287037554
kalman_own_ridge,5,C_Angola_Coast,80,4.4969477545530445,0.5846440102926403,0.8186463163226104,0.30607955578132895,0.6537444451117975
kalman_own_ridge,5,C_Balkan_Peninsula_and_Adriatic_Coast,80,3.094383205962905,0.03333426195710751,0.9324398643294427,-0.21808905874879847,0.8542935881584579
kalman_own_ridge,5,C_Banks_Island,80,8.373098119545055,-0.022652732343755012,0.4020247100904887,-0.08356238782552317,0.10518969999016115
kalman_own_ridge,5,C_Beaufort_Sea_Coast,80,1.9915777956717684,-0.017558110728459576,0.8967316371400054,-0.03771179846609152,0.8035531328445218
kalman_own_ridge,5,C_Bight_of_Benin_Coast,80,5.229960341000607,0.4307222683945847,0.8904096037390192,0.1724175080184931,0.7897019183228962
kalman_own_ridge,5,C_Bismark_Sea_Islands,80,3.180232470640065,0.6403922983625522,0.49120765500703384,0.16620012306540033,-0.012861632260328104
kalman_own_ridge,5,C_Borneo,80,4.346371991542028,0.29824382395457427,0.23458761745601453,0.0009111390383111928,-0.3888314221841549
kalman_own_ridge,5,C_Buor_Khaya_Gulf_Coast,80,4.411147953717184,0.0762398702577626,0.7190781951749896,-0.043616981561897195,0.505694355160665
kalman_own_ridge,5,C_California_and_Baja_California,80,3.557275791444698,0.6263886896538229,0.8145766674306867,0.383009090373719,0.6606537266915311
kalman_own_ridge,5,C_Canadian_South_Arctic_Ocean_Coast,80,1.9967271053355062,-0.0008915388952025869,0.8165914489448838,-0.2930064688229821,0.6055584808493149
kalman_own_ridge,5,C_Capim_River_Delta,80,10.32418334497225,0.42397314655969504,0.8933947130792157,0.1267836361054051,0.7772110197875451
kalman_own_ridge,5,C_Carribean_Coast,80,3.943364458601241,0.6325256628791748,0.8996334107500761,0.3896125388512809,0.8011318721607966
kalman_own_ridge,5,C_Central_America_Gulf_of_Mexico_Caribbean_Coast,80,3.643119706422818,0.43643905771649866,0.8937177491252835,0.10971379071563536,0.7801884607823614
kalman_own_ridge,5,C_Central_American_Pacific_Coast,80,3.5112708954186753,0.10142311678399069,0.8836298582141243,-0.731901438539946,0.6287925085672808
kalman_own_ridge,5,C_Chao_Phraya_River_Gulf_of_Thailand_Coast,80,6.724662152811241,0.5090838601510265,0.9019341198828976,0.14244815686197776,0.7766562065203558
kalman_own_ridge,5,C_Chukchi_Peninsula,80,4.676809297917713,0.08990868472487785,0.7608203539725872,0.0008264397933681611,0.5761453217646914
kalman_own_ridge,5,C_Churchill_Seal_Rivers,80,3.7411704001094526,0.6868427887653082,0.7946707428412702,0.4054864873985915,0.5699352714767766
kalman_own_ridge,5,C_Columbia_Ecuador_Pacific_Coast,80,2.009703848274589,0.1868285958028228,0.7038783398529462,0.021654621631239435,0.4952279446454152
kalman_own_ridge,5,C_Crimea_West_Azov_Sea_Coast,80,7.73327966295705,0.39124172528271534,0.6703804522697888,0.1369940078368198,0.42420184288028806
kalman_own_ridge,5,C_Cuba,80,2.6724539642348617,-0.09891643763464389,0.7744867785264945,-0.1372140985137913,0.5284668840402973
kalman_own_ridge,5,C_Deccan_Plateau_East_Indian_Subcontinent_Coast,80,4.889470311612917,0.40788255538892504,0.9535058267207543,-0.3730807430164551,0.8528806449146596
kalman_own_ridge,5,C_Denmark_Germany_Coast,80,7.700743276650844,0.18102261145828352,0.410111512370488,0.020776194999319153,0.15874404773146666
kalman_own_ridge,5,C_East_Australia_Coast,80,3.0548992220542157,0.5299203931936017,0.4608293118460654,0.2692607404468307,0.17214383236349284
kalman_own_ridge,5,C_East_Azov_Sea_Northeast_Black_Sea_Coast,80,9.552546085020335,0.4421894901691122,0.6118848583195194,0.1937865371778429,0.36574077812268624
kalman_own_ridge,5,C_East_Barents_Sea_Coast,80,3.5684120652068794,0.39471974660867565,0.8945318210994255,0.038431391413843,0.7711610940081206
kalman_own_ridge,5,C_East_Beaufort_Sea_Amundsen_Gulf_Coast,80,2.7655240154245657,0.30917617428933464,0.7508843769486068,0.0715034083185061,0.5470913711451677
kalman_own_ridge,5,C_East_Brazil_South_Atlantic_Coast,80,4.70295981902478,0.37839295040752297,0.8270670754784566,-0.3669598296566954,0.49129563914542973
kalman_own_ridge,5,C_East_Caspian_Sea_Coast,80,3.032362204511905,0.6295951243449739,0.8883048828424053,0.245541306859954,0.7263781889273158
kalman_own_ridge,5,C_East_Central_Africa_Coast,80,6.343411504277428,0.21425115509407386,0.878410237855409,-1.0170774717376858,0.5287816545500325
kalman_own_ridge,5,C_East_China_Coast,80,5.766490638383184,0.2608922268194825,0.6899578327382685,-0.13541971891868543,0.34160598555483146
kalman_own_ridge,5,C_East_Hudson_Bay_Coast,80,3.661442647996732,0.18616294369812192,0.6509231780028346,-0.20060292293547088,0.31473988102805395
kalman_own_ridge,5,C_East_Mediterranean_Coast,80,4.298159737843498,0.19703831040171224,0.8515009040065481,-0.3103933361985509,0.6544597005732993
kalman_own_ridge,5,C_East_Mississippi_Delta,80,5.720116009532907,0.4604272177896813,0.8065871004235252,0.17580138642217946,0.6286221249716109
kalman_own_ridge,5,C_East_Nile_Delta,80,2.8724333682916687,0.085837633112023,0.4722903156540694,-0.5083697108520477,-0.15743512791800662
kalman_own_ridge,5,C_East_Ob_Bay_Coast,80,3.6462027931152723,0.28131803673680744,0.884002099538106,0.01137533660226897,0.7556802723097824
kalman_own_ridge,5,C_East_Red_Sea_North_Gulf_of_Aden_Coast,80,1.7767215848746882,0.20489489770661062,0.5758007411236682,-0.04356645843450946,0.26650359405364876
kalman_own_ridge,5,C_East_Timor_Islands,80,3.4383605933565526,0.31013865519039147,0.4259409399871347,0.03144296741105901,0.17138607162039265
kalman_own_ridge,5,C_Ellef_Ringnes_Bathurst_Devon_Islands,80,3.6010625919914183,0.1511905274777555,0.5824000061325502,-0.3643677385692248,0.04581839328898829
kalman_own_ridge,5,C_Ellesmere_Island,80,5.992529000975533,0.6004006546177278,0.952273088480968,0.1224238402552067,0.8463701161496919
kalman_own_ridge,5,C_Great_Britain,80,3.3558709941961866,-0.1339506531763293,0.5247588733229043,-0.25170316594702746,0.12177725539245599
kalman_own_ridge,5,C_Greater_Dniester_Basin,80,5.0221034995230935,0.19800401339914778,0.801873819003845,-0.47782565811297095,0.4922555681664722
kalman_own_ridge,5,C_Gulf_of_Darien_Coast,80,4.0589206533166715,0.36197794848303155,0.8242352455706647,0.10844292535320799,0.65283891733976
kalman_own_ridge,5,C_Gulf_of_Guinea_Coast,80,3.7502858188323067,0.6011562770715116,0.7537593265721474,0.28162497275689213,0.5585760077792619
kalman_own_ridge,5,C_Gydan_Bay_Coast,80,4.757228081954931,-0.07636363295757045,0.8374154614504753,-0.14839800954873938,0.6845474427936505
kalman_own_ridge,5,C_Hainan,80,5.446192284843829,-0.01674066582128734,0.7843994274495363,-0.049006577146082364,0.6115901545326038
kalman_own_ridge,5,C_Halmahera_Islands,80,3.294245863576268,0.06927820181139918,0.18217343714333872,-0.06483621026438846,-0.053707189700126445
kalman_own_ridge,5,C_Hispaniola,80,2.162074079613859,-0.15431596787308774,0.5394272854764731,-0.27120573550530747,0.10684124449993948
kalman_own_ridge,5,C_Hokkaido,80,4.020932248332644,0.21391868672734698,0.6758181937905433,0.015961106435070316,0.4401331616052636
kalman_own_ridge,5,C_Hub_Porali_Basin,80,4.623416413294435,0.2691022213253372,0.5230947287241564,-0.20648791353526685,0.0534465653328583
kalman_own_ridge,5,C_Iberian_Atlantic_Coast,80,3.586290691695959,0.3198343110257917,0.8475950288551245,0.10061010715037644,0.6987804800087327
kalman_own_ridge,5,C_Iceland,80,10.6646110327434,0.1983460085806729,0.8096512479810865,-0.020958250246178922,0.6546117185266884
kalman_own_ridge,5,C_India_West_Coast,80,5.283198035057567,-0.15751596202342,0.9396831320881603,-0.9939298164993777,0.8285697929974094
kalman_own_ridge,5,C_Indian_Ocean_Africa_Coast,80,5.475974004088461,0.3295837077185212,0.7386439093271446,-0.109239522658795,0.4258016070814846
kalman_own_ridge,5,C_Ireland,80,2.3054559498456415,-0.04608815538715511,0.6247409166538124,-0.058706945148740974,0.3340565723518679
kalman_own_ridge,5,C_Irrawaddy_Sittang_Salween_Basin,80,4.052369770113323,0.5197952614189484,0.9513707865114066,0.17985652047896894,0.9035826981678987
kalman_own_ridge,5,C_Jamaica,80,2.9583697317077435,0.07850712750207633,0.1779507436285647,-0.00816725079106484,0.01145522714829228
kalman_own_ridge,5,C_Japan,80,3.9873588495829364,0.2167263843098281,0.4342684947732434,-0.31459981723252173,-0.5547012255674548
kalman_own_ridge,5,C_Java,80,3.664874131814005,0.45312471008554694,0.6473401912295673,0.11752043171810567,0.39790836359704485
kalman_own_ridge,5,C_Kamchatka_Peninsula,80,3.4350764046480786,0.16436330128285753,0.9344748124467915,-0.004316019160960138,0.8665686752641013
kalman_own_ridge,5,C_La_Plata_Delta,80,6.855234825978343,0.48878457105586337,0.48361555440667114,0.16761246397911955,0.13936601697989015
kalman_own_ridge,5,C_Labrador_Sea_Coast,80,3.971271651379008,0.5794765675475251,0.8431667420242203,0.22757601235082414,0.6563603681745449
kalman_own_ridge,5,C_Madagascar,80,4.233677370127894,0.2795175891985245,0.8673896349544059,0.03840577998573447,0.7429406589156721
kalman_own_ridge,5,C_Malaysian_Peninsula_Coast,80,4.667512121889605,0.40638926476526693,0.6786760463398334,0.10385039889504721,0.3929591668434208
kalman_own_ridge,5,C_Maluku,80,4.120020618811053,0.13076313152225902,0.2085356050435478,0.016380994911716185,0.002697388193256267
kalman_own_ridge,5,C_Melville_Prince_Patrick_Islands,80,7.6384477914627045,0.6558894369049103,0.8276411296824867,0.22205852559431416,0.5543860106360212
kalman_own_ridge,5,C_Namibia_Coast,80,2.4622020752649205,0.2819324584670712,0.3309614744089166,-0.16392225570635177,-0.12597425983294874
kalman_own_ridge,5,C_Neva_River_Finland_Coast,80,3.1292720607457545,0.24333644128429213,0.8015401165129828,-0.13845045076628004,0.5705311609994157
kalman_own_ridge,5,C_New_Brunswick_and_Nova_Scotia_Coast,80,5.290894594418953,-0.048739871737847176,0.7851145874920734,-0.24336513108158075,0.5154780603492622
kalman_own_ridge,5,C_New_Siberian_Islands,80,50.1749608352359,-0.11291692440020888,0.20056311515983102,-0.053307123729679384,0.0020829098408245983
kalman_own_ridge,5,C_New_Zealand_North_Island,80,2.4680519805436725,0.09142124650287588,0.744129610706605,-0.11574303810676745,0.4945708993227502
kalman_own_ridge,5,C_New_Zealand_South_Island,80,2.5360992312886728,-0.1578051582522035,0.7144066965916169,-0.028274371169013435,0.4939006291605458
kalman_own_ridge,5,C_Nigerian_Delta,80,5.613705452129163,0.11139886366616503,0.9431044796075106,-0.007048837859246371,0.8833165922004095
kalman_own_ridge,5,C_North_Argentina_South_Atlantic_Coast,80,4.641214810759475,0.5527741428183153,0.5422909276730487,0.25326184485515635,0.19423144239629853
kalman_own_ridge,5,C_North_Australia_Coast,80,5.582476870008949,0.6866324254454752,0.8828851640091557,0.3121099735480104,0.735494959549176
kalman_own_ridge,5,C_North_Baffin_Island_Coast,80,5.913151642963962,0.6583817965971507,0.8364297736192366,0.3067266373682387,0.5364730127803599
kalman_own_ridge,5,C_North_Brazil_South_Atlantic_Coast,80,10.195799289013541,0.33516771530395006,0.9017340299873002,-0.24232337020051853,0.7461176580235325
kalman_own_ridge,5,C_North_Caspian_Sea_Coast,80,2.539647198278133,0.4824561404834437,0.8157005788369573,0.22095701901624698,0.628878225902169
kalman_own_ridge,5,C_North_Chile_South_Pacific_Coast,80,2.9273609398266434,0.43725930518846734,0.7733316776710277,0.1669750657251836,0.5943524838281273
kalman_own_ridge,5,C_North_East_Bay_of_Bengal_Coast,80,3.4967442719217106,0.430889772678075,0.9786836107054927,0.061436230128825375,0.9562682968282593
kalman_own_ridge,5,C_North_East_Siberian_Sea_Coast,80,1.7801169182736378,0.5885463709442144,0.8606477271060687,0.3382640743191717,0.7323880974133041
kalman_own_ridge,5,C_North_Gulf_of_Oman_Coast,80,3.742295812819995,0.5056656157786802,0.7025340232762913,0.19409410062918975,0.4500496589378461
kalman_own_ridge,5,C_North_Korea_Bay_Korean_Peninsula,80,3.6977895329463144,0.5059298105360557,0.670822947140845,-0.4514089459107633,-0.11842176501320334
kalman_own_ridge,5,C_North_Siberia_Coast,80,1.91640016366097,0.21847607295559948,0.9165950254003833,-0.015260169858979822,0.836066571941767
kalman_own_ridge,5,C_North_St_Lawrence_Seaway_Coast,80,4.467258830392729,0.12605413905748541,0.7977499007549212,-0.8881942474578168,0.266442777052351
kalman_own_ridge,5,C_North_Vietnam_South_China_Coast,80,5.318968455444193,0.053985838987633455,0.6460614659780712,-0.35940865459465665,0.3050683167731826
kalman_own_ridge,5,C_North_West_Africa_Coast,80,1.5950486504167019,-0.15134442139046805,0.3467876453240851,-0.5257468855772218,-0.5897054459452393
kalman_own_ridge,5,C_Northeast_South_America_Coast,80,10.579147642108111,0.7278325054412005,0.7329874146577665,0.49041891545236294,0.5324917629142257
kalman_own_ridge,5,C_Northwest_Hudson_Bay_Coast,80,3.0608110489762304,0.5148184106411713,0.7408993855387437,0.19283002526813287,0.5256492657584152
kalman_own_ridge,5,C_Northwest_Mediterranean_Coast,80,3.2458816137889457,0.5250918253094834,0.8134631006073998,0.10607942436763707,0.6132548337471162
kalman_own_ridge,5,C_Norway_Coast,80,4.014967694058791,0.026060709910778235,0.8012982274790188,-0.07088844822411233,0.6086728879849688
kalman_own_ridge,5,C_Novaya_Zemlya,80,22.033666474336414,0.44644382474793703,0.9362545312890949,-0.2773839198265873,0.8058507507564029
kalman_own_ridge,5,C_Nusa_Tenggara,80,3.592074935978455,0.3791525942202523,0.3309775238240534,0.010073400085300888,0.07241749223875138
kalman_own_ridge,5,C_Olenyok_Delta,80,9.579072799844639,0.12667010699761905,0.38441814872567337,-0.029698800663873204,0.109900575456776
kalman_own_ridge,5,C_Oregon_Coast,80,3.3453211458441108,0.12653448833724773,0.9279698689497464,-0.2431943080021184,0.8159174739194928
kalman_own_ridge,5,C_Papua_New_Guinea_Island,80,2.5914517997184463,0.10589773290741597,0.42601311113915746,-0.050398023735392705,0.07039165520864277
kalman_own_ridge,5,C_Patagonia,80,3.931941233116193,0.325030631812396,0.5836888777597028,0.03472286983517159,0.2777313195990835
kalman_own_ridge,5,C_Peru_Pacific_Coast,80,1.5404013600852722,0.16242622202489862,0.8759035045875601,0.013100866231810393,0.7479175213096847
kalman_own_ridge,5,C_Philippines,80,3.3726597029403522,0.4076390167883957,0.5412505661003375,0.14897563080451925,0.2812437509320652
kalman_own_ridge,5,C_Po_River_and_East_Italy_Coast,80,4.03310479520524,0.5342447557975144,0.8359582945364461,0.07179670043475195,0.6346305214427836
kalman_own_ridge,5,C_Prince_of_Wales_Island,80,3.5684031008734873,-0.07946714439093923,0.30591764581466085,-0.24176990868398018,-0.04594447139787161
kalman_own_ridge,5,C_Puerto_Rico,80,2.0104266707400913,-0.05148913468709531,0.5463947856750239,-0.11474652170517863,0.24227824308217216
kalman_own_ridge,5,C_Sakhalin_Island,80,8.966800934361705,-0.14883910183738586,0.14882035173882846,-0.13656464776237365,-0.252874742553987
kalman_own_ridge,5,C_Sardinia_and_Corsica,80,8.935432145168747,0.15217809373770788,0.39095846291754444,-0.020666656680970785,0.09898049442055779
kalman_own_ridge,5,C_Severnaya_Zemlya,80,31.30449787574472,0.3512981593752571,0.8432225318148929,-0.7060448674428608,0.5081092542596717
kalman_own_ridge,5,C_Seward_Peninsula_Alaskan_North_Slope,80,2.701839034373038,0.490382957267013,0.7681777887923392,0.1194382174422548,0.5237398239723123
kalman_own_ridge,5,C_Shelikhov_Gulf_Sea_of_Okhotsk_Coast,80,5.341831626020644,0.12235448891630665,0.798259359282007,-0.1767840614038072,0.5389179639770059
kalman_own_ridge,5,C_Sicily,80,4.596925766263731,-0.06960951025569863,0.12646081623599198,-0.03612533717413391,-0.08883820182364555
kalman_own_ridge,5,C_Solomon_Islands,80,8.237557900680027,0.40644734384062586,0.34902146807411183,0.15116560568622284,0.0439104112276647
kalman_own_ridge,5,C_Somerset_Island,80,3.757585156838664,-0.1594949228805154,0.6035970792980621,-0.448690074810008,0.23265110610122985
kalman_own_ridge,5,C_South_Africa_South_Coast,80,2.410261019964036,0.6372050400339522,0.719380875977883,0.21840293271498412,0.37070026581048554
kalman_own_ridge,5,C_South_Africa_West_Coast,80,1.966633906891459,0.4157423561453907,0.5952373491591849,0.036692601035391736,0.3021486786882581
kalman_own_ridge,5,C_South_Alaska_Coast_Frazer_River,80,7.260337299701866,0.523454558073348,0.937492600017161,0.08517018296745871,0.8561609252051214
kalman_own_ridge,5,C_South_Amapa_Coast,80,9.364673990439353,0.6875952238013737,0.8997865924157629,0.2702369477108697,0.8039398476031876
kalman_own_ridge,5,C_South_Australia_Coast,80,1.229901896157319,0.46504954738745036,0.8138035144174314,0.19971992863927046,0.654156160452577
kalman_own_ridge,5,C_South_Baffin_Island_Coast,80,4.934255133789013,0.2766534529569016,0.6953441712339755,-0.12234716338660157,0.3143256753147864
kalman_own_ridge,5,C_South_Baltic_Coast,80,3.2941540727105747,0.08006687058217504,0.7329977555540323,-0.1793676597507896,0.5304108408770787
kalman_own_ridge,5,C_South_Black_Sea_Coast,80,6.14483532829675,0.22219665393066257,0.769929759144661,-0.1401518280386027,0.5257271405628723
kalman_own_ridge,5,C_South_Chile_South_Pacific_Coast,80,8.163516403330917,0.08578044302528516,0.9412546022534721,-2.3367291520138482,0.6710212310800352
kalman_own_ridge,5,C_South_East_Brazil_Coast,80,6.800823126744334,0.4045749293346474,0.6801487893877113,-0.26853396257974893,0.1797510013533371
kalman_own_ridge,5,C_South_East_Russia_Coast,80,3.0870488427966762,0.29904534198361793,0.0668341592259843,-0.07773515531649888,-0.5875058281013499
kalman_own_ridge,5,C_South_Gulf_of_Aden_Coast,80,2.7366677768741545,0.4561285697466579,0.20452487123023808,0.14168265556010484,-0.00026643183400731907
kalman_own_ridge,5,C_South_Gulf_of_Oman_West_Arabian_Sea_Coast,80,1.955230106398791,0.3140159863427567,0.49192088163756426,-0.31374017436395696,-0.049010374098710896
kalman_own_ridge,5,C_South_Hudson_Strait_Ungava_Bay_Coast,80,4.2827038187569375,-0.047484698086877365,0.7948743964614801,-0.3631045653988898,0.5101515196236885
kalman_own_ridge,5,C_South_Mediterranean_Coast,80,1.452336487782586,-0.16717987767950276,0.3134265464720499,-0.18164760153036608,-0.05574243199228501
kalman_own_ridge,5,C_South_Zambezia_Coast,80,4.371776075705343,0.27338006772113965,0.8475601680195833,-0.116356011514551,0.6572383493341487
kalman_own_ridge,5,C_Southhampton_Coats_Islands,80,3.9125196005189813,0.36171262687319183,0.5520683182321127,0.026436575459038658,0.28562372310055384
kalman_own_ridge,5,C_Southwest_Hudson_Bay_Coast,80,2.7057797248230813,0.22668457398999642,0.8469569004856475,-0.0002055308504373965,0.684099575197415
kalman_own_ridge,5,C_Southwest_Mediterranean_Coast,80,2.5241973802219406,0.018658276804729628,0.6660012103532662,-0.367027412234336,0.029805981935639658
kalman_own_ridge,5,C_Sri_Lanka,80,2.122644403776136,0.32746917491261696,0.9191319744932697,-0.4685387275672048,0.7453643311612066
kalman_own_ridge,5,C_Sulawesi,80,3.3453378539335517,0.2534661058125247,0.2853281186942895,0.025207383624286872,-0.0965296237810207
kalman_own_ridge,5,C_Sumatra,80,3.675776568638301,0.07173033523162942,0.5086785116306491,-0.3880198103081063,-0.1943771271334136
kalman_own_ridge,5,C_Svalbard,80,26.265792427356775,0.675185459107475,0.969957612175189,0.07109475448550429,0.9029128425346092
kalman_own_ridge,5,C_Sweden_Coast,80,3.8121790278270082,-0.07046776052117595,0.7168483889242842,-0.08520700061847108,0.5122619121895471
kalman_own_ridge,5,C_Taiwan,80,2.051968151706834,0.11285247307124119,0.6217393758453046,-0.08819808442870913,0.3393657667927369
kalman_own_ridge,5,C_Tasmania,80,2.8484288853957347,0.44220790958692807,0.7592166679633214,0.09124915476055406,0.5635922478579315
kalman_own_ridge,5,C_Texas_Gulf_Coast,80,4.762723672282647,0.1989019366871567,0.5570179165321413,-0.21036214535192532,0.2092052250543861
kalman_own_ridge,5,C_Thar_Desert_Sabarmati_River_Gulf_of_Cambay_Luni_Delta,80,5.530022031436558,0.5542063657228504,0.6845857505483172,0.2944488007550117,0.46203697001899857
kalman_own_ridge,5,C_US_East_Gulf_of_Mexico_North_Atlantic_Coast,80,4.831519676329171,0.5853622263349606,0.5780542988720206,0.33320881098704636,0.2669185868126239
kalman_own_ridge,5,C_US_North_Atlantic_Coast,80,3.1423790562223006,0.17989673666902584,0.826033862290859,-0.05517894783591615,0.6541714409977955
kalman_own_ridge,5,C_Uda_Basin,80,3.601231430623335,0.12004409604269597,0.5274935647532727,0.011518748119513589,0.2248445070054199
kalman_own_ridge,5,C_Uruguay_South_Brazil_Coast,80,6.011040977557558,0.3088803449052051,0.4163622210086784,-0.034441759004432804,0.09965015831142243
kalman_own_ridge,5,C_Victoria_Island,80,3.1362872645173336,-0.25851802043207117,0.6233587895320523,-0.4508539027721088,0.3228026711075006
kalman_own_ridge,5,C_Vietnam_Coast,80,3.9786511060632868,0.5222982667790094,0.9586113997552441,0.1592618845789987,0.9067884940780203
kalman_own_ridge,5,C_West_Africa_Coast,80,2.2954979441873937,0.2957386660682722,0.9809462168224196,0.05858260244714142,0.956531737867957
kalman_own_ridge,5,C_West_Australia_Coast,80,2.094257752345221,0.1891085172879269,0.4779455818442854,-0.22084189978868363,0.023399709624629228
kalman_own_ridge,5,C_West_Barents_Sea_Coast,80,3.4246701869445664,-0.1467241411858821,0.8486496363357886,-0.05875380342692749,0.6950092471615004
kalman_own_ridge,5,C_West_Black_Sea_Coast,80,6.378232400031386,0.10651933312737212,0.7196214393799129,-0.11230366848212325,0.48740539002177563
kalman_own_ridge,5,C_West_Caspian_Sea_Coast,80,3.940473503388349,0.44172419421313613,0.8542286569773365,0.16302517442685394,0.6904633559921125
kalman_own_ridge,5,C_West_Continental_Europe,80,3.1745258219447763,0.5257936453975334,0.8292210026679927,0.25742272877331085,0.6744305137632836
kalman_own_ridge,5,C_West_Italy_Coast,80,2.909052132302143,-0.0958000248639294,0.8672568967231091,-0.25633041091643527,0.7160457974783208
kalman_own_ridge,5,C_West_Mississippi_Delta,80,5.721386527375892,0.40889696032957057,0.7760761529320083,0.1362616896722887,0.5864220113758234
kalman_own_ridge,5,C_West_Nile_Delta,80,2.3353321042611235,0.031335516741055086,0.4582833111188469,-0.5138378083224437,-0.18297727954805687
kalman_own_ridge,5,C_West_Red_Sea_Coast,80,2.35519876574523,0.23614359455699407,0.5456359690040125,-0.026737363458874785,0.18773444236370063
kalman_own_ridge,5,C_Yamal_Peninsula,80,3.894985172416239,0.02277616006732003,0.811136641065543,-0.14422164338982024,0.6152016925896213
kalman_own_ridge,5,C_Yellow_Sea_Coast,80,5.123846469766239,0.7029933129762477,0.6796558723585118,0.11207063803603812,0.1540073671941703
kalman_own_ridge,5,C_Yenisey_Gulf_Coast,80,4.153326440029085,-0.025783318438791704,0.855213330261384,-0.03358919278702688,0.7306954421979773
kalman_own_ridge,5,C_Ziya_He_Interior_Coast,80,6.823732886786267,0.7580676638495063,0.7742388346870225,0.1721055137487041,0.2231851757935649
kalman_own_ridge,5,E_Altai_Mountains,80,1.391866654372263,0.20785691581352636,0.23044399921485953,-0.04938103314435316,-0.11181825700842163
kalman_own_ridge,5,E_Amu_Darya,80,3.501517558932592,0.3307153928343554,0.8955475605063474,-0.4615994975226416,0.6321263781523441
kalman_own_ridge,5,E_Australia_Northwest_Plateau,80,5.438448759069482,0.6523980820267687,0.7591381414720533,0.25719976069754535,0.4320080499160259
kalman_own_ridge,5,E_Badain_Jaran_Desert,80,1.203814680444596,0.2648742650237492,0.5288790176077774,0.04802553460121528,0.26328380583718003
kalman_own_ridge,5,E_Central_Iran,80,3.0338246349259155,0.5583096201046204,0.8341686921782633,0.24299442693078555,0.6680318824757501
kalman_own_ridge,5,E_Central_Mongolia,80,2.607664208559518,0.2134426475015696,0.2669962812783219,-0.11583075858725622,-0.11689932029872407
kalman_own_ridge,5,E_Dayan_Khyargas_Uvs_Nuur_Basins,80,1.662800157851379,0.4246293847354927,0.5237354979913521,0.16647464255808786,0.25605904337978747
kalman_own_ridge,5,E_East_Gobi_Desert,80,2.2218356325088884,0.4753368347680038,0.3982698612854864,0.009507669503985627,-0.05783096191446324
kalman_own_ridge,5,E_Egyptian_Western_Desert,80,1.6897359201497746,0.17604217520810725,0.43793793028271855,-0.41711571742983433,-0.36397792624109027
kalman_own_ridge,5,E_Farahrud_Helmand_Hamun_i_Mashkel,80,3.2684491402306635,0.1498658525322771,0.727118231057755,-0.24553637212897383,0.4195431850942458
kalman_own_ridge,5,E_Great_Basin_Great_Salt_Lake,80,4.187140952665629,0.6390851321469697,0.7741609444309556,0.3910789046079737,0.5686154801022775
kalman_own_ridge,5,E_Great_Victoria_Desert,80,1.8393594027508577,0.31886275097454414,0.19667794198822752,0.04503132278074695,-0.16639546449846154
kalman_own_ridge,5,E_Jordan_Northwest_Saudi_Arabia,80,3.3543989152464206,0.22796402095813,0.7298593242360042,-0.1484199462127367,0.42276181780742284
kalman_own_ridge,5,E_Junggar_Pendi,80,2.7826308224370355,0.44312703316214996,0.783862974182069,-0.24737033359007876,0.3379259352161038
kalman_own_ridge,5,E_La_Puna_Altiplano,80,2.222848382379735,0.3659987434231015,0.779125967855313,-0.04341360984334619,0.5195127636066998
kalman_own_ridge,5,E_Lake_Eyre_Basin,80,2.655870308757498,0.6926376725299496,0.6278743860580658,0.4436615226412235,0.35862224101507456
kalman_own_ridge,5,E_Lake_Rukwa_Basin,80,13.980943636327575,0.3205494891194887,0.7840048347542394,-0.5311071838927017,0.3978792398619023
kalman_own_ridge,5,E_Lakes_Balkash_Alakol,80,2.3209639494697782,0.5320416519506944,0.8815225791615865,0.04276474916355899,0.7144429394067726
kalman_own_ridge,5,E_Libyian_Desert,80,1.0401038585133826,0.05366648945681532,0.5503465493227704,-0.021144146603468306,0.28874920351075795
kalman_own_ridge,5,E_Lower_Lake_Chad,80,7.111221956049749,0.4070980086549395,0.9104821619105166,-1.2372595640892348,0.643682354697157
kalman_own_ridge,5,E_North_Central_Arabia,80,2.175826665278062,-0.03558905868191157,0.6556706157672211,-0.07957824014078385,0.41976959869789443
kalman_own_ridge,5,E_North_Plateau_of_Tibet,80,2.9264035685868715,0.4032665989761081,0.3514851099424567,0.05726422423591371,-0.036766750351217015
kalman_own_ridge,5,E_Northern_Kordofan,80,2.9038935795273457,0.3052066045104223,0.555833140812303,-0.14786856053363073,0.12220215390218048
kalman_own_ridge,5,E_Plateau_of_Tibet,80,1.8050270744212515,0.3458135428606059,0.6369758152980132,0.0714759216700196,0.37490707116783506
kalman_own_ridge,5,E_Qinghai_Lake,80,2.2081464007130536,0.7156936901279558,0.3838954960963026,0.4745854226999281,-0.07237469682016262
kalman_own_ridge,5,E_Rift_Valley,80,6.1265299546696586,0.29069480101194684,0.44381085951293425,-0.46295822672629416,-1.2901106932885433
kalman_own_ridge,5,E_Rub_al_Khali_Desert,80,1.537369658118648,0.08545518668122362,0.45935998142746237,-0.042638885923602654,0.16893184351390544
kalman_own_ridge,5,E_Sahara,80,0.7855738739035264,0.016669730551933975,0.27229359930070274,-0.037362266555146295,-0.0017274813919874177
kalman_own_ridge,5,E_Saharan_and_Algerian_Atlas,80,1.8993726442494647,-0.00824868673088107,0.8621045068910441,-1.3142816437088256,0.3213156891922144
kalman_own_ridge,5,E_Salinas_Grande_Mar_Chiquita,80,2.9107961268496254,0.7486678511390816,0.8030181865445517,0.34392453409973534,0.40291879457179514
kalman_own_ridge,5,E_South_Interior_Africa,80,4.284711282269635,0.6078655224772056,0.7775306901714969,0.3008039027909619,0.5816948166105459
kalman_own_ridge,5,E_Syr_Darya,80,2.1601231957416274,0.40426781692632013,0.8665968980060899,0.021595413638364702,0.7252004138717858
kalman_own_ridge,5,E_Tarim_He_Lop_Nur,80,1.3835975030924172,0.47485283347563495,0.803460459736756,0.007388533929509666,0.5230579716269842
kalman_own_ridge,5,E_Turpan_Pendi,80,2.790174727848628,0.29107089674426806,0.7431491370635714,-0.45360929350402457,0.2885760204294333
kalman_own_ridge,5,E_Upper_Lake_Chad,80,2.3294781865736858,0.36653066042725896,0.6652073936201929,-0.4066868159249786,0.11561574828779875
kalman_own_ridge,5,R_Amazon_River,80,5.067274863805538,0.6375066118363466,0.9593741604474318,0.3380979195714221,0.9010002166032904
kalman_own_ridge,5,R_Amur_River,80,2.5934267928577968,0.581180025854585,0.13411429912917955,0.23174566627875237,-0.7083436099167779
kalman_own_ridge,5,R_Colorado_River_Argentina,80,3.9086333021562947,0.028543306354163814,0.2929815170038255,-0.41955484772049223,-0.38880210372487345
kalman_own_ridge,5,R_Colorado_River_of_the_West_North_America,80,2.7197809536463624,0.475226021664174,0.7277304550473639,0.15231473415932906,0.4672566875189563
kalman_own_ridge,5,R_Columbia_River,80,3.065737464513969,0.1958945821387426,0.9767093088347493,-1.5812567938949256,0.8810787345703424
kalman_own_ridge,5,R_Congo_River,80,4.190502530565499,0.4839306877054684,0.7012887574018095,-0.010271202600238727,0.3034685682220536
kalman_own_ridge,5,R_Danube_River,80,3.2910350918239772,0.3249470450885003,0.8856923798464214,-0.23155320608973917,0.7136859239154015
kalman_own_ridge,5,R_Dnieper_River,80,4.639101688118091,0.6486210425770698,0.7580934070513962,0.4182408368103099,0.5711114724423174
kalman_own_ridge,5,R_Don_River,80,4.324303162027,0.7687569010125977,0.8697908555869173,0.5430931883089767,0.7282461141000558
kalman_own_ridge,5,R_Ganges_Bramaputra_Basin,80,4.137988795925299,0.17795794786558897,0.9401660446607973,-0.4413781987901777,0.8349245493523091
kalman_own_ridge,5,R_Indus_River,80,5.157960595693491,0.35240425766320577,0.8116616215139807,-0.6824779536195043,0.3451185815770743
kalman_own_ridge,5,R_Lena_River,80,1.9279060424192327,0.2429808639116733,0.8643376505522699,-0.029058358904633153,0.7390856690338564
kalman_own_ridge,5,R_Limpopo_River,80,6.572166754929231,0.5347808719382716,0.7524947146484323,-0.03649608793395376,0.24760477306322992
kalman_own_ridge,5,R_Mackenzie_River,80,3.7338727179306517,0.813461823999631,0.8538584194093982,0.584827382869085,0.7089251144715837
kalman_own_ridge,5,R_Magdalena_River,80,4.930017079839003,0.4502020587599717,0.746353636220109,0.1790292811163282,0.5038136674792468
kalman_own_ridge,5,R_Mekong_River,80,5.351069412966667,0.6243372756416521,0.9240088375571169,0.3231198544762367,0.845155782640226
kalman_own_ridge,5,R_Mississippi_River,80,3.2378147692920676,0.8132340246042384,0.9165409762633931,0.42025656571680636,0.7202669499849305
kalman_own_ridge,5,R_Murray_Darling_River,80,3.4533361634334407,0.6383177631882782,0.6422152663303238,0.38572298295725016,0.3816530428533964
kalman_own_ridge,5,R_Niger_River,80,3.2346105956368323,0.1815463327903463,0.9521619620478156,-1.1047619776894897,0.8073008674664653
kalman_own_ridge,5,R_Nile_River,80,4.374076273351325,-0.04066147298779093,0.809073955084373,-1.5728720408053216,0.34581597929034347
kalman_own_ridge,5,R_Ob_River,80,2.5824517096492046,0.6924140745177655,0.8986361101369833,0.47603824451466104,0.803144415139474
kalman_own_ridge,5,R_Orange_River,80,2.9865335296951927,0.5894528327362083,0.6223733497920505,0.20649417141197968,0.25985243200748653
kalman_own_ridge,5,R_Orinoco_River,80,6.142626392786841,0.45764889460109937,0.9200171867744614,0.18981783573348576,0.842138886654037
kalman_own_ridge,5,R_Parana_River,80,5.322889906451392,0.4447641911093994,0.8243499925154835,-0.6560181521305715,0.09199438592626463
kalman_own_ridge,5,R_Parnaiba_River,80,7.7371265704650085,0.4794539930406019,0.8683201588263835,-0.45045050107899764,0.539975897673054
kalman_own_ridge,5,R_Rio_Grande_Rio_Bravo,80,4.069126881167638,-0.04481647926468776,0.5826490218960542,-0.8647518610660656,-0.12441410555978205
kalman_own_ridge,5,R_Saint_Lawrence_River,80,4.835114998368347,0.8329850123365641,0.7986056000171436,0.6204495820551998,0.5481044887089788
kalman_own_ridge,5,R_Sao_Francisco_River,80,9.079038664039432,0.3911808484318336,0.6893798388547957,-0.22093642083760656,0.2754072804182979
kalman_own_ridge,5,R_Saskatchewan_Nelson_Rivers,80,3.816037349516855,0.2444793601115308,0.7317036856069905,-0.5029851350176149,0.40479202334298137
kalman_own_ridge,5,R_Senegal_River,80,2.8518594506981603,0.27436204159851596,0.9117648847565909,-0.05352060118797497,0.8014015093048544
kalman_own_ridge,5,R_Shebelli_Juba_Rivers,80,4.552780732069223,0.4899300813515026,0.5873481663361059,-0.05870060310404379,0.1264046342810501
kalman_own_ridge,5,R_Tigris_Euphrates_River,80,3.9524842728391447,0.7697963264060086,0.8620757780114617,0.5915660024650551,0.7423602915039595
kalman_own_ridge,5,R_Tocantins_River,80,7.525622068393568,0.2775086212928334,0.9014549273883394,0.029553678373241854,0.8060311217821298
kalman_own_ridge,5,R_Volga_River,80,3.0517299856745734,0.38090422447589856,0.9078301692611953,0.09619004604307835,0.8066953887920429
kalman_own_ridge,5,R_Volta_River,80,3.035814863900333,0.36541596957675654,0.9394852479726602,0.10021625474270468,0.8732215870961513
kalman_own_ridge,5,R_Yangtze_River,80,3.8806254837858,0.30989310718517904,0.5663303815052317,-0.022319816572740292,0.24934344914771722
kalman_own_ridge,5,R_Yellow_River_Huang_He,80,2.2340541764732236,0.2848188669515192,0.4936144219355007,0.04285478479839999,0.20200722892397793
kalman_own_ridge,5,R_Yenisey_River,80,1.8455889043629177,-0.06225810301632464,0.9069611913128075,-0.6790874805180269,0.7570470135852376
kalman_own_ridge,5,R_Yukon_River,80,2.3412086444760423,0.21405412078982589,0.934130768602686,-0.7253671705922031,0.7689588592666506
kalman_own_ridge,5,R_Zambezi_River,80,5.24677477734347,0.5965931411367573,0.9074588965805999,0.2991039167857682,0.8085749023441111
kalman_own_ridge,6,C_Aleutians_South_Alaska_Coast,79,5.086962839014,0.751460954463329,0.9548756392356333,0.5434776282077813,0.891805649863954
kalman_own_ridge,6,C_Amazon_River_Delta,79,8.753006993350603,0.5621954001610475,0.9114427675629169,0.22719864872628115,0.8177190385333586
kalman_own_ridge,6,C_Angola_Coast,79,4.894264107450671,0.46852398656317934,0.7742037757006395,0.19728266270758055,0.5904927605795531
kalman_own_ridge,6,C_Balkan_Peninsula_and_Adriatic_Coast,79,3.1230839534155606,0.03624147279914108,0.934916532065746,-0.22851725113959853,0.8529282841444207
kalman_own_ridge,6,C_Banks_Island,79,8.455993448816582,-0.029921325120599668,0.4007233076984775,-0.09070274824653057,0.09714755274487064
kalman_own_ridge,6,C_Beaufort_Sea_Coast,79,1.9252441306453627,0.20265225799193298,0.9049220358725203,0.033793625811992745,0.8178631261115042
kalman_own_ridge,6,C_Bight_of_Benin_Coast,79,5.306776095023475,0.39996508128707914,0.8861125668623646,0.1513328113161253,0.7822358541010737
kalman_own_ridge,6,C_Bismark_Sea_Islands,79,3.422090626329703,0.5922819541474388,0.3983846374817174,0.026049836165210505,-0.17606075901506912
kalman_own_ridge,6,C_Borneo,79,4.502839073782918,0.2374879990507732,0.18097778929768452,-0.05821075272041254,-0.5392301098977152
kalman_own_ridge,6,C_Buor_Khaya_Gulf_Coast,79,4.455039770367916,0.06598140587736516,0.7169482072679271,-0.04654468285444291,0.5003997562260568
kalman_own_ridge,6,C_California_and_Baja_California,79,3.7948194133868927,0.5684945281445035,0.7878595755387029,0.3055034562270519,0.6154035864670153
kalman_own_ridge,6,C_Canadian_South_Arctic_Ocean_Coast,79,2.0253150597558593,-0.04605290564018543,0.8188493803909864,-0.3328952162681056,0.5980726269022689
kalman_own_ridge,6,C_Capim_River_Delta,79,10.420946944300026,0.43058351101752945,0.8900064962913925,0.11316267797032209,0.7682268213216881
kalman_own_ridge,6,C_Carribean_Coast,79,4.114873144445018,0.5920942377818372,0.8902211068120915,0.3298835270251389,0.7860740467674687
kalman_own_ridge,6,C_Central_America_Gulf_of_Mexico_Caribbean_Coast,79,3.8251125626966576,0.3025536134323955,0.8846171100272472,-0.006062522070066301,0.7589962923113776
kalman_own_ridge,6,C_Central_American_Pacific_Coast,79,3.73120217592496,0.047075671338601466,0.8810103522671807,-0.9616630315315724,0.5744769107794963
kalman_own_ridge,6,C_Chao_Phraya_River_Gulf_of_Thailand_Coast,79,7.0410813502117096,0.4579137283099588,0.8980849415909454,0.0369638655365101,0.7575554049203338
kalman_own_ridge,6,C_Chukchi_Peninsula,79,4.753118829242822,-0.023651146029535438,0.75313908294873,-0.02050318861237299,0.5624736812219131
kalman_own_ridge,6,C_Churchill_Seal_Rivers,79,4.08022619345518,0.642280047336646,0.7615888867264855,0.31213466804312884,0.4931386694850235
kalman_own_ridge,6,C_Columbia_Ecuador_Pacific_Coast,79,2.029104308532656,0.17455796975209895,0.7014429654277706,0.012476779433634344,0.49167737031153425
kalman_own_ridge,6,C_Crimea_West_Azov_Sea_Coast,79,7.966672957824482,0.3314041663396812,0.648882031916702,0.09143115803791568,0.39503933503741384
kalman_own_ridge,6,C_Cuba,79,2.710000482994618,-0.2852236206677495,0.7707254321943672,-0.15103715631589676,0.5195307665403461
kalman_own_ridge,6,C_Deccan_Plateau_East_Indian_Subcontinent_Coast,79,5.294722872652207,0.33657962324211815,0.9504302187900411,-0.6019423664297874,0.8283171707272122
kalman_own_ridge,6,C_Denmark_Germany_Coast,79,7.594697698140815,0.19168185906105556,0.419462221784946,0.022039854009204385,0.16070993668925437
kalman_own_ridge,6,C_East_Australia_Coast,79,3.1466956476692354,0.5022729935272631,0.3981404712766462,0.24071712313110982,0.11390260456203338
kalman_own_ridge,6,C_East_Azov_Sea_Northeast_Black_Sea_Coast,79,9.61629639751005,0.42271775686841834,0.5951825519515405,0.17319094651144096,0.34635996341455677
kalman_own_ridge,6,C_East_Barents_Sea_Coast,79,3.6683452231728624,0.33533775818680944,0.8908830038736839,-0.027003209593785993,0.7611691126393654
kalman_own_ridge,6,C_East_Beaufort_Sea_Amundsen_Gulf_Coast,79,2.8468805754866033,0.16251833697755672,0.7354029943720942,0.0191750641750682,0.5255442748953301
kalman_own_ridge,6,C_East_Brazil_South_Atlantic_Coast,79,5.005859264781506,0.36380282914224343,0.8272373462476416,-0.5713514787494749,0.41324468116120483
kalman_own_ridge,6,C_East_Caspian_Sea_Coast,79,3.2582975610381837,0.5951881736193222,0.8795419363701551,0.11457132951368576,0.682561775583614
kalman_own_ridge,6,C_East_Central_Africa_Coast,79,6.935045170557277,0.10819095644533391,0.8642367144935492,-1.430138496813607,0.41486708170025843
kalman_own_ridge,6,C_East_China_Coast,79,5.86050155334892,0.2083317004975585,0.6751292895628723,-0.18905302373489863,0.3068423197857274
kalman_own_ridge,6,C_East_Hudson_Bay_Coast,79,3.7943480128661484,0.11066018794710754,0.6373816318142727,-0.2714030862396377,0.27280462634771585
kalman_own_ridge,6,C_East_Mediterranean_Coast,79,4.482032406265341,0.1555108790171153,0.8530513028907478,-0.42072039420069207,0.6288222060279818
kalman_own_ridge,6,C_East_Mississippi_Delta,79,5.91094754231313,0.4112154434857697,0.790176489336497,0.1317514217212561,0.6075910661849795
kalman_own_ridge,6,C_East_Nile_Delta,79,2.9229243465817785,0.10553949220159319,0.48531441935227493,-0.5589642902752396,-0.19228007206092612
kalman_own_ridge,6,C_East_Ob_Bay_Coast,79,3.7378224120552246,0.22426073696949456,0.879227865305899,-0.029532438609894518,0.7464494588045987
kalman_own_ridge,6,C_East_Red_Sea_North_Gulf_of_Aden_Coast,79,1.8064657653452962,0.017446532951777737,0.5601371111573672,-0.06563028866583709,0.24088548293357315
kalman_own_ridge,6,C_East_Timor_Islands,79,3.4717064816359007,0.2777529823080313,0.4178356140035966,0.016838066514932692,0.16400542675051577
kalman_own_ridge,6,C_Ellef_Ringnes_Bathurst_Devon_Islands,79,3.704576957080006,0.12557864348483905,0.5749174786592268,-0.42926145261988613,-0.00392233912461859
kalman_own_ridge,6,C_Ellesmere_Island,79,6.6418690239770655,0.5240444565321305,0.9452928796876573,-0.10679647666053538,0.805634172476355
kalman_own_ridge,6,C_Great_Britain,79,3.3727794504525628,-0.23977321612528787,0.5222636312780068,-0.30035223770064245,0.0904886931996629
kalman_own_ridge,6,C_Greater_Dniester_Basin,79,5.249155857596512,0.14739384657086013,0.8039024934227041,-0.6346596300879832,0.45223983644404686
kalman_own_ridge,6,C_Gulf_of_Darien_Coast,79,4.075975217384907,0.3628992448248202,0.8175907258185189,0.10531217085397782,0.6488807935132472
kalman_own_ridge,6,C_Gulf_of_Guinea_Coast,79,3.7629746815206255,0.6204331924144438,0.7350665279599612,0.24772150815321148,0.522417516071529
kalman_own_ridge,6,C_Gydan_Bay_Coast,79,4.7521572611532665,-0.09600982059945878,0.840379416557784,-0.137703678685126,0.6888968118267753
kalman_own_ridge,6,C_Hainan,79,5.390814462222815,0.03175354643995377,0.7920242647672785,-0.02409641974176191,0.6227456469282218
kalman_own_ridge,6,C_Halmahera_Islands,79,3.327215964809596,-0.004788697444985734,0.13556705930902518,-0.07569635281271725,-0.08718910866732066
kalman_own_ridge,6,C_Hispaniola,79,2.193242512906582,-0.18526603533482972,0.5307367937521236,-0.30119504222633964,0.08620195336998593
kalman_own_ridge,6,C_Hokkaido,79,4.095010262458335,0.12315736757162708,0.6665557798529983,-0.016247452461848555,0.4245418405284447
kalman_own_ridge,6,C_Hub_Porali_Basin,79,4.80121228809025,0.21364559875127997,0.512451950663861,-0.29265225656418825,-0.009522744613900347
kalman_own_ridge,6,C_Iberian_Atlantic_Coast,79,3.5907608435769647,0.33567728767437455,0.8470417850871503,0.10439062367060392,0.7002219185010159
kalman_own_ridge,6,C_Iceland,79,10.948224890518823,0.12315058382394932,0.7985317025257483,-0.05902699669186173,0.6373064740994128
kalman_own_ridge,6,C_India_West_Coast,79,5.23961508841794,-0.0756010849100354,0.9466415127521159,-0.9634278614285459,0.8319628693755615
kalman_own_ridge,6,C_Indian_Ocean_Africa_Coast,79,5.715951009693901,0.2207338806956622,0.7153359026684715,-0.22459179550627661,0.36539424334143844
kalman_own_ridge,6,C_Ireland,79,2.2737895061830256,0.09867477700537142,0.6426274580809722,-0.07003672939203653,0.3503796651374499
kalman_own_ridge,6,C_Irrawaddy_Sittang_Salween_Basin,79,4.222080438791222,0.48070288240936215,0.9477163955409547,0.12198104361039486,0.8961543562877805
kalman_own_ridge,6,C_Jamaica,79,2.9885947651398066,-0.12312580201926857,0.16031359723597552,-0.020924539317256574,0.003215018476338094
kalman_own_ridge,6,C_Japan,79,4.297619832453523,0.09898512004185624,0.42860582133168684,-0.5255723664145826,-0.7860969806829448
kalman_own_ridge,6,C_Java,79,3.709782623372882,0.380978295890353,0.6123376257378637,0.05740968396921242,0.3308863909119758
kalman_own_ridge,6,C_Kamchatka_Peninsula,79,3.52960726186789,-0.04345571141058522,0.9309218310617885,-0.05769832558276411,0.8596004597319331
kalman_own_ridge,6,C_La_Plata_Delta,79,7.330072903531529,0.4049819557843639,0.3918824648381303,0.07099732011353332,0.017655523211139723
kalman_own_ridge,6,C_Labrador_Sea_Coast,79,4.241254175372614,0.5011476375756813,0.8228843994194476,0.1375680549586602,0.6115272230186859
kalman_own_ridge,6,C_Madagascar,79,4.314748973010019,0.28120720903186996,0.8612353418549291,0.022952197089118442,0.7317326807438316
kalman_own_ridge,6,C_Malaysian_Peninsula_Coast,79,4.677768013089701,0.4361921333281263,0.6819273811462274,0.13126669196264984,0.39189870078322686
kalman_own_ridge,6,C_Maluku,79,4.197219097063104,0.006203226537622274,0.1603047979155224,-0.009067650432654561,-0.03880612120401117
kalman_own_ridge,6,C_Melville_Prince_Patrick_Islands,79,7.985544394947507,0.6690407817920844,0.8379878306552071,0.15590766680580503,0.5151293636740586
kalman_own_ridge,6,C_Namibia_Coast,79,2.6338945976757597,0.11549617389915978,0.20240676340726016,-0.33271845534762745,-0.2970904226569111
kalman_own_ridge,6,C_Neva_River_Finland_Coast,79,3.2124755731590704,0.2086456938681786,0.7982328191281196,-0.19044320155652694,0.5494455961452336
kalman_own_ridge,6,C_New_Brunswick_and_Nova_Scotia_Coast,79,5.312186469863387,0.0643317694115046,0.7890737235236538,-0.2298435719655334,0.5150320960721568
kalman_own_ridge,6,C_New_Siberian_Islands,79,50.38471396513814,-0.13865637544998072,0.20713073191040215,-0.05233156344536605,0.0018403319365525306
kalman_own_ridge,6,C_New_Zealand_North_Island,79,2.5267553410625565,0.037060373119754665,0.7375418831779054,-0.13680584635786563,0.47685882787912026
kalman_own_ridge,6,C_New_Zealand_South_Island,79,2.545551094139562,-0.11515914007954141,0.714130279508427,-0.019802646199360563,0.49325114751078003
kalman_own_ridge,6,C_Nigerian_Delta,79,4.61212300904666,0.07079088950441417,0.959867146835613,-0.05566060225916303,0.9148182305870353
kalman_own_ridge,6,C_North_Argentina_South_Atlantic_Coast,79,4.95026824843113,0.4770988458647542,0.45193655626067425,0.16150843107784085,0.08191009687844653
kalman_own_ridge,6,C_North_Australia_Coast,79,6.035244801248497,0.640028864183869,0.8564484344564279,0.2065787871815472,0.6879692490171323
kalman_own_ridge,6,C_North_Baffin_Island_Coast,79,6.574509162129314,0.5812955983955413,0.8065132956397858,0.15541927488478813,0.40327157820553183
kalman_own_ridge,6,C_North_Brazil_South_Atlantic_Coast,79,11.170804987228378,0.2155855118874997,0.8888652715336725,-0.5087314230715734,0.683469962397915
kalman_own_ridge,6,C_North_Caspian_Sea_Coast,79,2.659126052683102,0.41713170076717626,0.7938243060548141,0.16090783395877983,0.5981161565176851
kalman_own_ridge,6,C_North_Chile_South_Pacific_Coast,79,3.0269783358184035,0.3732955860416014,0.7600637055859396,0.10630993372374564,0.5716284767682698
kalman_own_ridge,6,C_North_East_Bay_of_Bengal_Coast,79,3.6045034363700856,0.37693428625914477,0.9776059340219603,0.016874796017403604,0.9539799524037641
kalman_own_ridge,6,C_North_East_Siberian_Sea_Coast,79,1.8042395688382922,0.5794238644853971,0.8546088515298146,0.3300758327306882,0.7267545898854277
kalman_own_ridge,6,C_North_Gulf_of_Oman_Coast,79,3.8277198465246225,0.48817973601078507,0.6949636522408601,0.1488052879040287,0.42544607168441084
kalman_own_ridge,6,C_North_Korea_Bay_Korean_Peninsula,79,4.109447324353009,0.44516800711478033,0.6377828682753425,-0.8251885343249807,-0.43760906030017854
kalman_own_ridge,6,C_North_Siberia_Coast,79,1.9249838439997686,0.19987022201059815,0.9174933154477963,-0.014503522954591563,0.8365957327213303
kalman_own_ridge,6,C_North_St_Lawrence_Seaway_Coast,79,4.7045834672885505,0.09395978643343474,0.7984851192377661,-1.0992307698957577,0.19290784103798342
kalman_own_ridge,6,C_North_Vietnam_South_China_Coast,79,5.465090882556523,-0.01759796538045767,0.6460277745695614,-0.40424090571073523,0.27551248759995917
kalman_own_ridge,6,C_North_West_Africa_Coast,79,1.690959314392616,-0.21551110536104162,0.30188201023057337,-0.6537935249471041,-0.8020984524449235
kalman_own_ridge,6,C_Northeast_South_America_Coast,79,11.406193359407617,0.6846020875994352,0.6777052982211339,0.41241755776582134,0.4522427682311654
kalman_own_ridge,6,C_Northwest_Hudson_Bay_Coast,79,3.2573042854689422,0.4153752053504213,0.7029803039265848,0.10278496780210689,0.4695061736333894
kalman_own_ridge,6,C_Northwest_Mediterranean_Coast,79,3.4451357397731797,0.4702505740331953,0.7934922467563432,0.013355487462029414,0.5691779971119328
kalman_own_ridge,6,C_Norway_Coast,79,3.9914603456932527,0.04062746289560328,0.8054808647686006,-0.053745449337030404,0.6147893266049578
kalman_own_ridge,6,C_Novaya_Zemlya,79,23.664956709400965,0.45387218306896676,0.9376330363734167,-0.4563710870746247,0.775640274004493
kalman_own_ridge,6,C_Nusa_Tenggara,79,3.6446444023010134,0.2833187879001645,0.30724613094300823,-0.019554914731159778,0.05300808813165159
kalman_own_ridge,6,C_Olenyok_Delta,79,9.675843635299692,0.14754515178315805,0.3771185174873547,-0.0284381330271406,0.09756701634323983
kalman_own_ridge,6,C_Oregon_Coast,79,3.409411381464522,0.10932909328091121,0.9264747814209482,-0.27759076954577644,0.8093779277890644
kalman_own_ridge,6,C_Papua_New_Guinea_Island,79,2.6659327196181284,-0.035504978890057215,0.37286226245405746,-0.10071207780904845,0.00255619491389647
kalman_own_ridge,6,C_Patagonia,79,4.012654147440482,0.2644755047377062,0.5580322055677644,0.008653109379488377,0.2328104611228512
kalman_own_ridge,6,C_Peru_Pacific_Coast,79,1.5263139289197936,0.20985917256258038,0.8805548773014406,0.04053713550682625,0.7549697621606714
kalman_own_ridge,6,C_Philippines,79,3.516244161356835,0.3135845068640642,0.4972965734185965,0.0834320103745424,0.22755481989383286
kalman_own_ridge,6,C_Po_River_and_East_Italy_Coast,79,4.316662795017081,0.4708113523920878,0.8194591349341432,-0.052302216553987924,0.585487841439329
kalman_own_ridge,6,C_Prince_of_Wales_Island,79,3.604432348423722,-0.11053206434563444,0.2934815230324189,-0.2599983355537785,-0.05837771784174728
kalman_own_ridge,6,C_Puerto_Rico,79,2.043656914123943,-0.12012233994246659,0.5409470595591552,-0.15118371686538956,0.22396748136241318
kalman_own_ridge,6,C_Sakhalin_Island,79,9.150659031564151,-0.2646059234781733,0.11227531428955732,-0.16729501742616315,-0.2892155753773702
kalman_own_ridge,6,C_Sardinia_and_Corsica,79,8.912448879555754,0.2450967186019049,0.44251480973242674,-0.003624332520776541,0.11301281021725795
kalman_own_ridge,6,C_Severnaya_Zemlya,79,33.675984075133215,0.2925245514793449,0.8331697460812544,-1.1075421046138367,0.41085123128079204
kalman_own_ridge,6,C_Seward_Peninsula_Alaskan_North_Slope,79,2.775194423669377,0.4675620618671229,0.7561245697353537,0.047586817524085334,0.4756722577347531
kalman_own_ridge,6,C_Shelikhov_Gulf_Sea_of_Okhotsk_Coast,79,5.452029378329644,0.09906291311496286,0.7957462798884601,-0.20400463199982388,0.524245048756364
kalman_own_ridge,6,C_Sicily,79,4.591340756667794,-0.03832648636459371,0.13182029546830973,-0.020877796281276728,-0.07813001771274064
kalman_own_ridge,6,C_Solomon_Islands,79,8.287760218968174,0.35872297701603784,0.33492438131489055,0.12156594682506983,0.013716779990716188
kalman_own_ridge,6,C_Somerset_Island,79,3.7989495618382323,-0.12593386027993464,0.6174210413121122,-0.4584975776265974,0.2235311885975011
kalman_own_ridge,6,C_South_Africa_South_Coast,79,2.561753109790921,0.5879470309976185,0.6708612574136323,0.08392989846151255,0.2504428269922655
kalman_own_ridge,6,C_South_Africa_West_Coast,79,2.019167563356369,0.24155162109771838,0.5584751947088417,-0.004275515507817129,0.26872993545619184
kalman_own_ridge,6,C_South_Alaska_Coast_Frazer_River,79,7.934958099681381,0.41854524046737196,0.930346570235282,-0.12684049701366296,0.8302898829017752
kalman_own_ridge,6,C_South_Amapa_Coast,79,10.004590569247672,0.6271963989791741,0.8826339814317286,0.18010797955952074,0.7702768662163576
kalman_own_ridge,6,C_South_Australia_Coast,79,1.2783536718657573,0.4189847091358677,0.8029197909024826,0.14663166569749486,0.6304984073237498
kalman_own_ridge,6,C_South_Baffin_Island_Coast,79,5.1414176165635395,0.1405047012683481,0.6792028691377114,-0.21403702645198552,0.261334286118562
kalman_own_ridge,6,C_South_Baltic_Coast,79,3.3061077858620647,0.024711601633379435,0.7311774855236491,-0.19584462310238315,0.5262473133779033
kalman_own_ridge,6,C_South_Black_Sea_Coast,79,6.343884184934935,0.1906583416192975,0.7680372328651799,-0.20131289680491915,0.49853704116877384
kalman_own_ridge,6,C_South_Chile_South_Pacific_Coast,79,9.076297381964213,-0.04060436360179522,0.9359523354039517,-3.1700787059764597,0.5815929279036471
kalman_own_ridge,6,C_South_East_Brazil_Coast,79,7.234311591594255,0.35095888815760395,0.6597293258084421,-0.5013738631741056,0.025981541542086206
kalman_own_ridge,6,C_South_East_Russia_Coast,79,3.195297674008567,0.3271448020310302,0.035925500355995274,-0.11893076552634119,-0.6856442974744772
kalman_own_ridge,6,C_South_Gulf_of_Aden_Coast,79,2.8305572219725317,0.33503492925077055,0.13108699472419472,0.07820972902013656,-0.07055034775939051
kalman_own_ridge,6,C_South_Gulf_of_Oman_West_Arabian_Sea_Coast,79,1.9693278656498232,0.2558352692583286,0.48760149571394906,-0.3697919695609162,-0.07245074781967742
kalman_own_ridge,6,C_South_Hudson_Strait_Ungava_Bay_Coast,79,4.351000445751437,-0.07866163581618671,0.797206445736344,-0.3899985966424151,0.5006850640530865
kalman_own_ridge,6,C_South_Mediterranean_Coast,79,1.4376463505219932,-0.13601418493761352,0.3020174549807316,-0.16973962321309477,-0.06981729571897488
kalman_own_ridge,6,C_South_Zambezia_Coast,79,4.560987757751352,0.1235121401495612,0.8366141369350909,-0.2264767853095857,0.6229697709160666
kalman_own_ridge,6,C_Southhampton_Coats_Islands,79,3.980422093738283,0.07627509707669229,0.5309584351341137,-0.013783865542322804,0.26345099126906335
kalman_own_ridge,6,C_Southwest_Hudson_Bay_Coast,79,2.781454914475537,0.16485155002562155,0.838326427951124,-0.03632173979821762,0.6702897705632668
kalman_own_ridge,6,C_Southwest_Mediterranean_Coast,79,2.6083542193759484,0.06266388817775918,0.673851909538718,-0.4239042593587483,-0.06915653548143674
kalman_own_ridge,6,C_Sri_Lanka,79,2.2151630989174835,0.327290463404134,0.9176064685365485,-0.5800825419487121,0.7240635832514797
kalman_own_ridge,6,C_Sulawesi,79,3.4416408588437037,0.1737824743181326,0.19266649527042154,-0.01844630309557216,-0.2202241299955816
kalman_own_ridge,6,C_Sumatra,79,3.8854500245602903,-0.10815788572750751,0.4951800367492601,-0.6123636131555343,-0.3775837893484588
kalman_own_ridge,6,C_Svalbard,79,30.50805305400537,0.6179784842802389,0.9648793180386733,-0.25986150639669203,0.8664836892140101
kalman_own_ridge,6,C_Sweden_Coast,79,3.827993773623283,-0.1451191561848455,0.7121374451282575,-0.08727767136178222,0.5038314908833108
kalman_own_ridge,6,C_Taiwan,79,2.0520572490888034,0.11421597104173564,0.628972212901979,-0.07919597815824075,0.3475666814082963
kalman_own_ridge,6,C_Tasmania,79,2.951491003997214,0.3090010835275695,0.7408218930200089,0.037340445305172554,0.5357301682321873
kalman_own_ridge,6,C_Texas_Gulf_Coast,79,4.870186268522293,0.09848971668297866,0.5546029502762925,-0.2588485670951761,0.18217024659481085
kalman_own_ridge,6,C_Thar_Desert_Sabarmati_River_Gulf_of_Cambay_Luni_Delta,79,5.613983003728739,0.5484870437619916,0.67543330184774,0.2731999178324659,0.44892013161063626
kalman_own_ridge,6,C_US_East_Gulf_of_Mexico_North_Atlantic_Coast,79,5.023550930327671,0.5634187066865253,0.5467689032485602,0.29336454111536003,0.2012193323563637
kalman_own_ridge,6,C_US_North_Atlantic_Coast,79,3.194928661956173,0.10468902193977858,0.8237018466528109,-0.08845074845063383,0.6465492101516053
kalman_own_ridge,6,C_Uda_Basin,79,3.624492689663414,0.10765194089297787,0.5268494912126372,0.007072321009548355,0.2244746036098173
kalman_own_ridge,6,C_Uruguay_South_Brazil_Coast,79,6.181158314404479,0.25122926454254746,0.3593123376722086,-0.07000092843973382,0.04672469414347913
kalman_own_ridge,6,C_Victoria_Island,79,3.064262213450425,-0.1759666232944684,0.6671190933443177,-0.40325207709375355,0.3572829053634956
kalman_own_ridge,6,C_Vietnam_Coast,79,4.181702877334851,0.47110500874216055,0.9553130870648944,0.07037569932349708,0.8973224531471916
kalman_own_ridge,6,C_West_Africa_Coast,79,2.2763977777981577,0.28417838734778567,0.9802126335990164,0.06329669791528136,0.9569856982518238
kalman_own_ridge,6,C_West_Australia_Coast,79,2.165544511145539,0.14458354982509838,0.47236270293887,-0.294380922175872,-0.03176966526573133
kalman_own_ridge,6,C_West_Barents_Sea_Coast,79,3.3896477677226096,-0.18502984012333426,0.8489576157402887,-0.04139101993429528,0.7005464951957494
kalman_own_ridge,6,C_West_Black_Sea_Coast,79,6.4251622729459,0.043051360543159854,0.7193872030179687,-0.1406059919426077,0.4803271181251404
kalman_own_ridge,6,C_West_Caspian_Sea_Coast,79,4.1680382402208815,0.34560823733794716,0.8404791175300067,0.05849507827377132,0.6579888121142405
kalman_own_ridge,6,C_West_Continental_Europe,79,3.3195838960614528,0.45722717568758875,0.810591846729724,0.1863063125356922,0.6476922329215007
kalman_own_ridge,6,C_West_Italy_Coast,79,2.9514953406819897,-0.15329497695997216,0.8690977935372022,-0.27769233272296723,0.7113527912907107
kalman_own_ridge,6,C_West_Mississippi_Delta,79,5.86952695977114,0.3443449766650261,0.7631392703555034,0.08516226110756975,0.5701351007139892
kalman_own_ridge,6,C_West_Nile_Delta,79,2.3721078287878594,0.0785488452250641,0.46622348949231895,-0.5471062006872673,-0.21716898493516923
kalman_own_ridge,6,C_West_Red_Sea_Coast,79,2.453626915819186,0.149219122228946,0.5164485827264956,-0.10654131048828908,0.12941032275784725
kalman_own_ridge,6,C_Yamal_Peninsula,79,3.9165258682638417,0.07715057293501837,0.8147021764139685,-0.13885308121474726,0.6157965694079459
kalman_own_ridge,6,C_Yellow_Sea_Coast,79,5.512007942463078,0.6460009592854099,0.619902043732363,-0.15203827305473738,-0.09913833447638876
kalman_own_ridge,6,C_Yenisey_Gulf_Coast,79,4.159349835483855,-0.0624259718868722,0.8561528314803283,-0.037828625903540525,0.7314506637721766
kalman_own_ridge,6,C_Ziya_He_Interior_Coast,79,7.726111910467069,0.7225337579214512,0.7379489031782244,-0.07008392202202374,-0.0014180108936985292
kalman_own_ridge,6,E_Altai_Mountains,79,1.412986842706423,0.178330555351068,0.1973567188828329,-0.07107340816156471,-0.13151623096339748
kalman_own_ridge,6,E_Amu_Darya,79,3.8494257416936732,0.20020646548681226,0.8827494394015315,-0.8246232058422356,0.559609682274523
kalman_own_ridge,6,E_Australia_Northwest_Plateau,79,5.823014299173886,0.61585020739143,0.7331996560613532,0.14621923706724027,0.33798542760031103
kalman_own_ridge,6,E_Badain_Jaran_Desert,79,1.2027759249768752,0.19991130833354254,0.5125524254568781,0.007502302060670596,0.23722004445510858
kalman_own_ridge,6,E_Central_Iran,79,3.144785983512219,0.5289976000827249,0.8265966307580783,0.18586598338996185,0.6454762774361287
kalman_own_ridge,6,E_Central_Mongolia,79,2.711312666531004,0.14037579546577228,0.20035646273126057,-0.18936466441972,-0.19992810520517157
kalman_own_ridge,6,E_Dayan_Khyargas_Uvs_Nuur_Basins,79,1.708634205636068,0.3776570926597351,0.4919790727993855,0.1235076284396256,0.22336372816004413
kalman_own_ridge,6,E_East_Gobi_Desert,79,2.34277384232147,0.4311280380060167,0.32881437170811384,-0.08881464866904754,-0.1638108487887051
kalman_own_ridge,6,E_Egyptian_Western_Desert,79,1.8083473749612464,0.06437246579599648,0.38804520706731255,-0.6370893725266105,-0.5732353623474862
kalman_own_ridge,6,E_Farahrud_Helmand_Hamun_i_Mashkel,79,3.4299827072390245,0.014184471660904845,0.7152605294285628,-0.37208009062505876,0.36555947120424825
kalman_own_ridge,6,E_Great_Basin_Great_Salt_Lake,79,4.512985776481696,0.5713100294348937,0.7353044488892593,0.30478746211794217,0.5051238831779796
kalman_own_ridge,6,E_Great_Victoria_Desert,79,1.890506903162138,0.29171822958899335,0.15425343637897412,0.019936906062332227,-0.2192240405446655
kalman_own_ridge,6,E_Jordan_Northwest_Saudi_Arabia,79,3.396796319614586,0.17001018909649976,0.7289205947741026,-0.1777558976655147,0.4151176341664222
kalman_own_ridge,6,E_Junggar_Pendi,79,3.073605724394253,0.34418664459496995,0.7493173939918945,-0.49827259790402056,0.1818568210482625
kalman_own_ridge,6,E_La_Puna_Altiplano,79,2.277484049097879,0.36789173521249047,0.774574434906651,-0.08067731350567309,0.49830298936190853
kalman_own_ridge,6,E_Lake_Eyre_Basin,79,2.745508221970816,0.6771003411700462,0.5987508413810063,0.41253303788601725,0.31484529227731517
kalman_own_ridge,6,E_Lake_Rukwa_Basin,79,15.386333166945892,0.2033233766812088,0.7538438479779018,-0.9132662591286704,0.20946287683204368
kalman_own_ridge,6,E_Lakes_Balkash_Alakol,79,2.500290443942501,0.48869752718807213,0.8753055352860035,-0.11100114923905258,0.6701943394175005
kalman_own_ridge,6,E_Libyian_Desert,79,1.0554594542690012,-0.014047347820516082,0.5376092729652129,-0.03478295662499864,0.2739592837566972
kalman_own_ridge,6,E_Lower_Lake_Chad,79,7.8757551872466935,0.3690269628689651,0.9103476648622137,-1.6934053385862642,0.5682719658369966
kalman_own_ridge,6,E_North_Central_Arabia,79,2.187738514001337,-0.10888256923108829,0.6437153323601826,-0.0855588545433148,0.4023558396390101
kalman_own_ridge,6,E_North_Plateau_of_Tibet,79,3.0743442177079823,0.32289387133275205,0.27678614608479607,-0.027260966456134073,-0.1345893360283541
kalman_own_ridge,6,E_Northern_Kordofan,79,3.027926551902707,0.22344973104603646,0.5185915656815304,-0.2281670928571986,0.05454025408037766
kalman_own_ridge,6,E_Plateau_of_Tibet,79,1.8697591421071527,0.262223965250318,0.620469135132537,-0.00014101200428084937,0.3372542108971591
kalman_own_ridge,6,E_Qinghai_Lake,79,2.3112268200407655,0.6817821716813031,0.3065324147343807,0.4103884020961034,-0.21273864407462417
kalman_own_ridge,6,E_Rift_Valley,79,6.680889530273788,0.1430105505378268,0.3977467518793762,-0.7146713700966645,-1.7946679504630194
kalman_own_ridge,6,E_Rub_al_Khali_Desert,79,1.5454839496197479,-0.0578917187434337,0.4345078475132445,-0.06426155106052467,0.13429864078069864
kalman_own_ridge,6,E_Sahara,79,0.7938110187233628,-0.029543101482555487,0.2659001957045599,-0.048784161292403816,-0.010131772684931484
kalman_own_ridge,6,E_Saharan_and_Algerian_Atlas,79,2.105703424794067,-0.07397026307104494,0.8577463114532042,-1.8002898801257183,0.14094743064195214
kalman_own_ridge,6,E_Salinas_Grande_Mar_Chiquita,79,3.125931703329476,0.7257160285794235,0.785329457696599,0.24010394145204594,0.3008957149486653
kalman_own_ridge,6,E_South_Interior_Africa,79,4.568032601365111,0.5361766152949314,0.7500739667835721,0.17618558575917598,0.5186479480422919
kalman_own_ridge,6,E_Syr_Darya,79,2.2396166659658414,0.3356758249256317,0.8582472864736738,-0.060113038616089076,0.708293887770954
kalman_own_ridge,6,E_Tarim_He_Lop_Nur,79,1.4664855855676933,0.4128384250051145,0.7947866398595496,-0.10814274492361542,0.46698681514178697
kalman_own_ridge,6,E_Turpan_Pendi,79,2.987670453661237,0.16568355252029318,0.7148294778657662,-0.6732895635633189,0.16898130151641555
kalman_own_ridge,6,E_Upper_Lake_Chad,79,2.4717576465295577,0.3104725481846594,0.6367197784260066,-0.565841858199019,-0.0008412245162139342
kalman_own_ridge,6,R_Amazon_River,79,5.466120303892687,0.5721999062268553,0.9533862021179506,0.22838354969073715,0.8851045655627612
kalman_own_ridge,6,R_Amur_River,79,2.755507981922023,0.5753557537689594,0.03877357574429901,0.15790958970058688,-0.9593905900969788
kalman_own_ridge,6,R_Colorado_River_Argentina,79,3.7569306098055812,0.09405600252976927,0.33660876551956387,-0.3267592599815996,-0.26705073532673507
kalman_own_ridge,6,R_Colorado_River_of_the_West_North_America,79,2.78011040453891,0.46033028108089535,0.7210481880719085,0.12421909235905604,0.4503132221323457
kalman_own_ridge,6,R_Columbia_River,79,3.3686196469034946,0.12970370293577055,0.9754938675538942,-1.9736783409216487,0.8577980915089892
kalman_own_ridge,6,R_Congo_River,79,4.669683363953752,0.3459183381916008,0.6442239722731998,-0.22169733978135842,0.13867399851778806
kalman_own_ridge,6,R_Danube_River,79,3.447380383979163,0.2528865953570029,0.8838176299840664,-0.3805614887907356,0.6886654373187586
kalman_own_ridge,6,R_Dnieper_River,79,5.051237253423679,0.5731055436379912,0.7108214729356328,0.323654689762944,0.4930119285040453
kalman_own_ridge,6,R_Don_River,79,4.706837968474908,0.7366115600862969,0.8482551025571826,0.47094991048774426,0.6769620856467138
kalman_own_ridge,6,R_Ganges_Bramaputra_Basin,79,4.366194200743997,0.021530374968545415,0.9369315912353692,-0.6368428378477597,0.8172412113187395
kalman_own_ridge,6,R_Indus_River,79,5.591365191729837,0.3297374940342699,0.8118879220346574,-0.9942105337210869,0.2352698840824804
kalman_own_ridge,6,R_Lena_River,79,1.9813242267886009,0.1585435034059626,0.8583353612234264,-0.0716333499451225,0.7278678070218719
kalman_own_ridge,6,R_Limpopo_River,79,7.0203580117258415,0.44945202155252995,0.7023269388074134,-0.2133965886434379,0.12212838166576123
kalman_own_ridge,6,R_Mackenzie_River,79,4.177023150677487,0.7691115246106848,0.8143015574625249,0.49400205525414476,0.6401456357747632
kalman_own_ridge,6,R_Magdalena_River,79,5.003498141433655,0.42880420779839357,0.7260452639824504,0.15845930003712994,0.4915353445867636
kalman_own_ridge,6,R_Mekong_River,79,5.653129822608518,0.5663254549103311,0.9172967613500669,0.224816214001768,0.8290679884556396
kalman_own_ridge,6,R_Mississippi_River,79,3.5847561815149045,0.7904250717692953,0.9087146180617497,0.2522313253587576,0.6576651501548044
kalman_own_ridge,6,R_Murray_Darling_River,79,3.4674800561243155,0.6263510903270811,0.6213511481700454,0.3706481526045823,0.3553739947462369
kalman_own_ridge,6,R_Niger_River,79,3.4954303682115317,0.08463156814993357,0.9496817229831219,-1.4403438301028828,0.7777078459920571
kalman_own_ridge,6,R_Nile_River,79,4.807081946301467,-0.16140690368573704,0.808545316916048,-2.082893782216051,0.21418486924613422
kalman_own_ridge,6,R_Ob_River,79,2.6740158325314014,0.6652378503537179,0.8940409250152465,0.44190748448854933,0.7915683138168954
kalman_own_ridge,6,R_Orange_River,79,3.120629614218878,0.566445994338632,0.5815656859566952,0.11748586616282519,0.16241794666662235
kalman_own_ridge,6,R_Orinoco_River,79,6.472482795831781,0.3563076002767195,0.9118898150830345,0.09863211046077669,0.8267910257117397
kalman_own_ridge,6,R_Parana_River,79,5.996924269328917,0.3833884525310303,0.8112192524432701,-1.0384104623179473,-0.14103843461505217
kalman_own_ridge,6,R_Parnaiba_River,79,8.679266314484881,0.3613756600625164,0.8460797703673598,-0.9057867973047484,0.3858568572666301
kalman_own_ridge,6,R_Rio_Grande_Rio_Bravo,79,4.245118210559353,-0.045331716998669794,0.5948862694262956,-1.0311011478797432,-0.2519196061777387
kalman_own_ridge,6,R_Saint_Lawrence_River,79,5.114818823335674,0.8248813657740578,0.7931399033832274,0.5581813954532238,0.48815974347589486
kalman_own_ridge,6,R_Sao_Francisco_River,79,9.60505744369698,0.30947560340171915,0.6627534079074529,-0.4829371626758445,0.12040414899558571
kalman_own_ridge,6,R_Saskatchewan_Nelson_Rivers,79,4.134945537775267,0.16124673787494784,0.7163808514134963,-0.770478272308424,0.30000880438752564
kalman_own_ridge,6,R_Senegal_River,79,2.945239502649876,0.1415157060415694,0.9106488938104853,-0.16727046514454647,0.790760240439732
kalman_own_ridge,6,R_Shebelli_Juba_Rivers,79,4.776569374712973,0.48042578722006246,0.5589171173215165,-0.14670229200149754,0.05039438774884997
kalman_own_ridge,6,R_Tigris_Euphrates_River,79,4.19399081624074,0.7375098743389171,0.8454944857458303,0.5400429551365349,0.7134071668802364
kalman_own_ridge,6,R_Tocantins_River,79,7.674857137117289,0.20494307408805248,0.8975762657746674,-0.018939420124278294,0.795747359467971
kalman_own_ridge,6,R_Volga_River,79,3.114766479062338,0.33803691793455526,0.9059266071438756,0.0647727912259497,0.8011418959601424
kalman_own_ridge,6,R_Volta_River,79,3.1203269422645876,0.3052615739524436,0.935434937946256,0.05789867505261315,0.8669193643925642
kalman_own_ridge,6,R_Yangtze_River,79,3.9765951407915954,0.2009922481131586,0.5489918663009042,-0.08079164058783372,0.21917549751662302
kalman_own_ridge,6,R_Yellow_River_Huang_He,79,2.3298343961575236,0.15713501742586058,0.4230152258333987,-0.028468851887188062,0.12063226671295935
kalman_own_ridge,6,R_Yenisey_River,79,1.9141677256661043,-0.07695096802483568,0.9090897821426651,-0.7699231467654251,0.7398325472285046
kalman_own_ridge,6,R_Yukon_River,79,2.468250778535117,0.19181474025551115,0.9323523547226032,-0.8836493518690633,0.7445287237776388
kalman_own_ridge,6,R_Zambezi_River,79,5.619040037894836,0.5273236340044908,0.8945305771926475,0.19315560405412147,0.7766544061614898
ridge_own_era5_flat12,1,C_Aleutians_South_Alaska_Coast,84,3.1296909315863966,0.9148954194617663,0.9795982726823809,0.8352373213683546,0.9574951226911304
ridge_own_era5_flat12,1,C_Amazon_River_Delta,84,4.385382426518283,0.8885652184571347,0.977898416483832,0.7865367078514711,0.9540731015394182
ridge_own_era5_flat12,1,C_Angola_Coast,84,2.9057518238094002,0.8405980647255054,0.9345450520927987,0.6948576137995977,0.8601952816502298
ridge_own_era5_flat12,1,C_Balkan_Peninsula_and_Adriatic_Coast,84,2.270898306487904,0.5865038863952764,0.9606019798526677,0.32732697521259246,0.9217244673641457
ridge_own_era5_flat12,1,C_Banks_Island,84,8.11892081833437,0.11655061593850806,0.42695191931463394,-0.024345401515316833,0.16124454759895446
ridge_own_era5_flat12,1,C_Beaufort_Sea_Coast,84,2.102798635738453,0.07030908139410862,0.8857759244507887,-0.15567422529091113,0.7778505358933074
ridge_own_era5_flat12,1,C_Bight_of_Benin_Coast,84,4.43436721320716,0.6630238732523378,0.9276016311711439,0.404672204945267,0.8519923368161265
ridge_own_era5_flat12,1,C_Bismark_Sea_Islands,84,2.75420319081375,0.7385133259143887,0.6782861291520812,0.5396433766780753,0.4504573009662267
ridge_own_era5_flat12,1,C_Borneo,84,2.7583626816625335,0.8119662600982817,0.808660734158174,0.6240356294518121,0.6279426826881819
ridge_own_era5_flat12,1,C_Buor_Khaya_Gulf_Coast,84,4.180070349517356,0.32130504600481646,0.7664486716263522,0.06225811808088444,0.5677435640092345
ridge_own_era5_flat12,1,C_California_and_Baja_California,84,2.160295443390917,0.8758106779104061,0.933280052976242,0.7656861329025807,0.8704581064551234
ridge_own_era5_flat12,1,C_Canadian_South_Arctic_Ocean_Coast,84,1.487232802235891,0.611191629746738,0.8996610418146807,0.3042798588208737,0.782472442039796
ridge_own_era5_flat12,1,C_Capim_River_Delta,84,6.081489820628781,0.8309294987252195,0.961828693897701,0.6748885216662566,0.9215236146624262
ridge_own_era5_flat12,1,C_Carribean_Coast,84,2.4575238011491427,0.8788887643146814,0.9632641751134412,0.7616294060658249,0.9200854488054558
ridge_own_era5_flat12,1,C_Central_America_Gulf_of_Mexico_Caribbean_Coast,84,2.4461310110608836,0.845130487508927,0.9481112516823439,0.7130685015628013,0.8985193915374613
ridge_own_era5_flat12,1,C_Central_American_Pacific_Coast,84,1.6135928837775142,0.803711121145296,0.9651079218510613,0.6112023853705231,0.9214642975280591
ridge_own_era5_flat12,1,C_Chao_Phraya_River_Gulf_of_Thailand_Coast,84,3.8800149635084686,0.8633060394334358,0.9648440710863369,0.7197859712436556,0.924240523930708
ridge_own_era5_flat12,1,C_Chukchi_Peninsula,84,4.245641527223588,0.4172681693035287,0.818642646321547,0.16446984329426206,0.6631278035338158
ridge_own_era5_flat12,1,C_Churchill_Seal_Rivers,84,1.722937075141574,0.9280978541383931,0.9516163650582935,0.8609478720184284,0.9051586222520702
ridge_own_era5_flat12,1,C_Columbia_Ecuador_Pacific_Coast,84,1.6793067397421126,0.5494081117806314,0.7992350107441829,0.296244723689398,0.6353852073008014
ridge_own_era5_flat12,1,C_Crimea_West_Azov_Sea_Coast,84,5.677273702448921,0.7318476719847196,0.8399764654456784,0.5134357078201136,0.6762737247450026
ridge_own_era5_flat12,1,C_Cuba,84,2.4255654565066394,0.3008211995497027,0.7979922481091039,0.07926203555077749,0.6223752452417746
ridge_own_era5_flat12,1,C_Deccan_Plateau_East_Indian_Subcontinent_Coast,84,2.646965810530475,0.82778181756146,0.9809787361700002,0.6333624850807886,0.9566402874217416
ridge_own_era5_flat12,1,C_Denmark_Germany_Coast,84,7.060587704501341,0.4117343536814387,0.5500495054720591,0.1601214172857447,0.2883033443852028
ridge_own_era5_flat12,1,C_East_Australia_Coast,84,2.1255514641596,0.8083696831962608,0.77708924754031,0.6517656207590066,0.5948422771364177
ridge_own_era5_flat12,1,C_East_Azov_Sea_Northeast_Black_Sea_Coast,84,7.3828733802613185,0.7086574708247699,0.7945177469560701,0.4964196227624045,0.614987462170923
ridge_own_era5_flat12,1,C_East_Barents_Sea_Coast,84,1.9167104009528828,0.8524035087505785,0.9658606619261602,0.7225971438490393,0.9321181784388124
ridge_own_era5_flat12,1,C_East_Beaufort_Sea_Amundsen_Gulf_Coast,84,2.5827231563059145,0.46900705630531636,0.78460331218533,0.21724992067598392,0.5896820660829267
ridge_own_era5_flat12,1,C_East_Brazil_South_Atlantic_Coast,84,3.0019759775623935,0.7129078632054681,0.9047305440798493,0.42249656335217134,0.7899696058548572
ridge_own_era5_flat12,1,C_East_Caspian_Sea_Coast,84,2.1873204004682587,0.7795603581120516,0.9327235885955728,0.5805550772744786,0.858605302478222
ridge_own_era5_flat12,1,C_East_Central_Africa_Coast,84,3.5065922420384603,0.7600712740891957,0.9504543291855174,0.4304255133611715,0.867727180531632
ridge_own_era5_flat12,1,C_East_China_Coast,84,4.274656470579696,0.653854537106547,0.8111724940816115,0.40487034739124805,0.6447952338921823
ridge_own_era5_flat12,1,C_East_Hudson_Bay_Coast,84,2.433589646108608,0.6924908653036446,0.8321425330477735,0.4679581555032196,0.6831264504319121
ridge_own_era5_flat12,1,C_East_Mediterranean_Coast,84,2.9409654734441646,0.6587964042420352,0.9145866788122222,0.4103025209883273,0.8313805616456822
ridge_own_era5_flat12,1,C_East_Mississippi_Delta,84,3.5524604511416618,0.8277559457910061,0.9344718870770281,0.6812155532804285,0.8563837592737497
ridge_own_era5_flat12,1,C_East_Nile_Delta,84,2.6514613480990508,0.07138117340426671,0.45917840237132085,-0.24458503647228658,0.05177360233823092
ridge_own_era5_flat12,1,C_East_Ob_Bay_Coast,84,2.432760268931743,0.7486880504588154,0.944315483039338,0.5480380474758525,0.8875681636706627
ridge_own_era5_flat12,1,C_East_Red_Sea_North_Gulf_of_Aden_Coast,84,1.5684777046117289,0.4470477828869541,0.6840336833496593,0.1625611069850652,0.45280436952129455
ridge_own_era5_flat12,1,C_East_Timor_Islands,84,2.8695125392102705,0.5802756705780665,0.6483176876231468,0.307460060265317,0.4035090865882085
ridge_own_era5_flat12,1,C_Ellef_Ringnes_Bathurst_Devon_Islands,84,2.9189504860144626,0.606607492834059,0.7499871354232045,0.10543276437575078,0.3759707817194603
ridge_own_era5_flat12,1,C_Ellesmere_Island,84,3.847477557999678,0.852073365502398,0.9723683462002496,0.6550007911647205,0.9436806286404503
ridge_own_era5_flat12,1,C_Great_Britain,84,2.995524417049505,0.3882068719076897,0.633003749917589,-0.020431086209653504,0.29154692354967726
ridge_own_era5_flat12,1,C_Greater_Dniester_Basin,84,3.3920774464323786,0.5983661908659976,0.8852821445855769,0.2696316295540334,0.7608688486277729
ridge_own_era5_flat12,1,C_Gulf_of_Darien_Coast,84,2.963619692683861,0.729094789026419,0.9037509505426717,0.5042634933175469,0.8069153290377749
ridge_own_era5_flat12,1,C_Gulf_of_Guinea_Coast,84,2.994671233523626,0.7546874529063825,0.8680156255541297,0.5202097259627325,0.7240898033529313
ridge_own_era5_flat12,1,C_Gydan_Bay_Coast,84,3.6557993557504114,0.5673331137225281,0.9000552576076917,0.3183032702486839,0.8084212392210047
ridge_own_era5_flat12,1,C_Hainan,84,5.332908274131243,0.25437083130604526,0.7999809244490583,0.0186980667187433,0.6365298025271705
ridge_own_era5_flat12,1,C_Halmahera_Islands,84,2.616698507257041,0.5745098292382367,0.5652275758226145,0.3258514684279119,0.3086930010370412
ridge_own_era5_flat12,1,C_Hispaniola,84,1.927795467539259,0.17733118219494798,0.5921141840404279,-0.022142427565742917,0.29271804790125333
ridge_own_era5_flat12,1,C_Hokkaido,84,4.073943626960544,0.12791963022311453,0.6838241897507782,-0.026997104831573582,0.4515685049800249
ridge_own_era5_flat12,1,C_Hub_Porali_Basin,84,3.2879532222273102,0.7088594175093947,0.7757995915663916,0.4810797247844243,0.586813466476716
ridge_own_era5_flat12,1,C_Iberian_Atlantic_Coast,84,2.471056070978541,0.7439725338384534,0.931659980059879,0.5526484500318349,0.8595981181893972
ridge_own_era5_flat12,1,C_Iceland,84,9.054403849578526,0.5395140457229521,0.8723082957344298,0.2206281065372404,0.7499569990003099
ridge_own_era5_flat12,1,C_India_West_Coast,84,3.2636112368147248,0.6467426536516968,0.972006240563318,0.33044864172732136,0.9350189521576965
ridge_own_era5_flat12,1,C_Indian_Ocean_Africa_Coast,84,3.1132161108509933,0.8227447502816304,0.9171302196837535,0.6288914983944142,0.8129283501744626
ridge_own_era5_flat12,1,C_Ireland,84,2.2973610276670775,0.1251383750140081,0.6348442657229539,-0.049417028213035286,0.33867158176639456
ridge_own_era5_flat12,1,C_Irrawaddy_Sittang_Salween_Basin,84,2.489247894570835,0.8362212935021833,0.9821043544130552,0.6865200800276379,0.9640044144956524
ridge_own_era5_flat12,1,C_Jamaica,84,2.8197894633190406,0.3139528269817291,0.3056589917533029,0.09281299794044318,0.08924326760714496
ridge_own_era5_flat12,1,C_Japan,84,3.4324616778093486,0.4685807002576203,0.4847123715210541,-0.04271459739297856,-0.09650173295373543
ridge_own_era5_flat12,1,C_Java,84,2.5809298035082704,0.7749076801216006,0.8601428758929791,0.5886834378172446,0.734233794140332
ridge_own_era5_flat12,1,C_Kamchatka_Peninsula,84,2.508523521597948,0.7138043480122199,0.9688834721800608,0.4840047274548095,0.9344651958386812
ridge_own_era5_flat12,1,C_La_Plata_Delta,84,4.300235569027801,0.8171007160286672,0.8292286162554995,0.6659578780120538,0.6849749570950949
ridge_own_era5_flat12,1,C_Labrador_Sea_Coast,84,2.9064633600638903,0.7570729743309892,0.9040107801628996,0.5675076543712079,0.8142017217190786
ridge_own_era5_flat12,1,C_Madagascar,84,3.069289487669942,0.6903198646741042,0.9276949494187947,0.46074103362133045,0.8593458241690377
ridge_own_era5_flat12,1,C_Malaysian_Peninsula_Coast,84,4.377853171231288,0.5579593127439046,0.7474840748088054,0.17199530190395074,0.4647761314828034
ridge_own_era5_flat12,1,C_Maluku,84,3.2512721168891128,0.6111669166418044,0.6034069391865925,0.3722437630849307,0.36187537746776655
ridge_own_era5_flat12,1,C_Melville_Prince_Patrick_Islands,84,6.028434411656272,0.7351329787370892,0.8650002666711663,0.49454752876464936,0.7224216994816985
ridge_own_era5_flat12,1,C_Namibia_Coast,84,1.9074835368454397,0.6118105467313236,0.5846739617315821,0.3518620236712673,0.30684938989296984
ridge_own_era5_flat12,1,C_Neva_River_Finland_Coast,84,2.254707862110874,0.6686597640632089,0.891395652113488,0.4201599147827959,0.7902940573715349
ridge_own_era5_flat12,1,C_New_Brunswick_and_Nova_Scotia_Coast,84,4.26279530482385,0.4238197369642931,0.8336602596334994,0.17236862602049885,0.6896996758163372
ridge_own_era5_flat12,1,C_New_Siberian_Islands,84,53.94158687562254,0.12348657558817526,0.27988072640571227,-0.18863431268475495,-0.09749547634891598
ridge_own_era5_flat12,1,C_New_Zealand_North_Island,84,2.0123478806719315,0.5412451267767752,0.8169980146257853,0.24270915382911162,0.6506750730803235
ridge_own_era5_flat12,1,C_New_Zealand_South_Island,84,2.3704690933073813,0.31387183538234953,0.747372529244752,0.09242120731989689,0.5418179194489416
ridge_own_era5_flat12,1,C_Nigerian_Delta,84,5.681027828284426,0.30264279915268366,0.9450084670860934,0.08581855598202481,0.8862819545506133
ridge_own_era5_flat12,1,C_North_Argentina_South_Atlantic_Coast,84,2.6484787515639825,0.8696501562973494,0.8749379934396886,0.7518832832060502,0.7598328504811132
ridge_own_era5_flat12,1,C_North_Australia_Coast,84,2.831425788550864,0.9106746585033906,0.9681384970323165,0.8191013120995692,0.9328887382759701
ridge_own_era5_flat12,1,C_North_Baffin_Island_Coast,84,5.10687032561966,0.7128163199768035,0.8598798504919082,0.47121064933433243,0.6777146890738657
ridge_own_era5_flat12,1,C_North_Brazil_South_Atlantic_Coast,84,6.9482931615012715,0.7182712042101671,0.9498110535446584,0.3998904383568489,0.8839726036909838
ridge_own_era5_flat12,1,C_North_Caspian_Sea_Coast,84,2.169900886640188,0.6558379122341209,0.8561616596517833,0.4070795136113038,0.7170538548225573
ridge_own_era5_flat12,1,C_North_Chile_South_Pacific_Coast,84,2.2361182227548775,0.716565144209392,0.8800777110297013,0.5063764586011348,0.7693235920106308
ridge_own_era5_flat12,1,C_North_East_Bay_of_Bengal_Coast,84,2.4459880328269206,0.7467557773719885,0.9898087414779313,0.528371720924061,0.9788062736851236
ridge_own_era5_flat12,1,C_North_East_Siberian_Sea_Coast,84,1.7558828717943546,0.740060069099288,0.9202211836033881,0.38578603252416055,0.7608504417628951
ridge_own_era5_flat12,1,C_North_Gulf_of_Oman_Coast,84,2.557965907648315,0.7857894289418674,0.863398221726209,0.6030311652485165,0.7322673266904582
ridge_own_era5_flat12,1,C_North_Korea_Bay_Korean_Peninsula,84,1.8933004152596413,0.8613279046282044,0.8901289762617247,0.6960918241831955,0.7560036988685306
ridge_own_era5_flat12,1,C_North_Siberia_Coast,84,1.542811257682243,0.5742370133776064,0.9464019075178633,0.29602289402813,0.8925315464477686
ridge_own_era5_flat12,1,C_North_St_Lawrence_Seaway_Coast,84,2.7258201009181704,0.6311468479608715,0.8681184313826067,0.33478411950213094,0.7195615475975099
ridge_own_era5_flat12,1,C_North_Vietnam_South_China_Coast,84,2.719827681871507,0.8167669636542283,0.9107523087114471,0.6376304727271674,0.8219821704728114
ridge_own_era5_flat12,1,C_North_West_Africa_Coast,84,1.1547442333311921,0.40578251422194755,0.5199631776010344,0.12875072547437927,0.17524746085772702
ridge_own_era5_flat12,1,C_Northeast_South_America_Coast,84,4.012273345448315,0.9629981986629315,0.966570625606394,0.9212490479252184,0.9300178495593262
ridge_own_era5_flat12,1,C_Northwest_Hudson_Bay_Coast,84,1.7930746978593484,0.8424603790148603,0.911380053898521,0.7082682783066749,0.8296951051867051
ridge_own_era5_flat12,1,C_Northwest_Mediterranean_Coast,84,2.1414840509934048,0.7782422789291931,0.9159323502532939,0.5925952831850557,0.8332168104771167
ridge_own_era5_flat12,1,C_Norway_Coast,84,3.145182947949839,0.5788572719304163,0.8714015089376922,0.3283926523466604,0.7568236723825988
ridge_own_era5_flat12,1,C_Novaya_Zemlya,84,17.878148925617513,0.5550237911746896,0.9471722484287955,0.1838957254735789,0.8791249079433219
ridge_own_era5_flat12,1,C_Nusa_Tenggara,84,2.8611760104646713,0.6483029695553236,0.6474892404521542,0.35401153323035206,0.39338199100632676
ridge_own_era5_flat12,1,C_Olenyok_Delta,84,9.085818483244422,0.32433490445411517,0.49864080848398795,0.05278357039655579,0.20499015556467304
ridge_own_era5_flat12,1,C_Oregon_Coast,84,2.7020612532069923,0.4908059202406978,0.9412227929560746,0.20867086329487639,0.8775172572202596
ridge_own_era5_flat12,1,C_Papua_New_Guinea_Island,84,1.7926468231874126,0.7276905556280684,0.7790882281557293,0.483439171312565,0.5592886800280605
ridge_own_era5_flat12,1,C_Patagonia,84,3.4576262537724882,0.4711937287168247,0.7045607889320389,0.20990165695534246,0.48551421407608275
ridge_own_era5_flat12,1,C_Peru_Pacific_Coast,84,1.2931912952200466,0.5634754818444688,0.9070037244189307,0.30236265353928815,0.8163180980572453
ridge_own_era5_flat12,1,C_Philippines,84,2.3292857956179094,0.7558590843446131,0.8040047758443406,0.5695619757376758,0.6444635360808899
ridge_own_era5_flat12,1,C_Po_River_and_East_Italy_Coast,84,2.7885722219007487,0.7377126825915742,0.90962178021576,0.5315832736853794,0.8252202778091715
ridge_own_era5_flat12,1,C_Prince_of_Wales_Island,84,3.3543923974174197,0.20807209900600496,0.4089271112473127,-0.03731218888978183,0.06455913008818936
ridge_own_era5_flat12,1,C_Puerto_Rico,84,1.878944694248135,0.19056673880924624,0.5836838242833388,0.007723948422786342,0.32210129530458653
ridge_own_era5_flat12,1,C_Sakhalin_Island,84,8.285159200793505,0.1670699442661999,0.24826341842352656,-0.007355721867102094,-0.07477745169864858
ridge_own_era5_flat12,1,C_Sardinia_and_Corsica,84,8.420476435549634,0.3531922037162891,0.49034291170382466,0.08983931144406043,0.20666255069174788
ridge_own_era5_flat12,1,C_Severnaya_Zemlya,84,22.903809874025296,0.5648672285220142,0.8949836823771125,0.19188182198702697,0.7685595492282786
ridge_own_era5_flat12,1,C_Seward_Peninsula_Alaskan_North_Slope,84,2.4638065311627133,0.5242836572901091,0.7917198485854255,0.23569745984431778,0.6136643203361096
ridge_own_era5_flat12,1,C_Shelikhov_Gulf_Sea_of_Okhotsk_Coast,84,3.7897499390493303,0.6842950100416734,0.8952281512615313,0.4015677276479285,0.7731255751366269
ridge_own_era5_flat12,1,C_Sicily,84,4.2837203618387445,0.27882845652871524,0.2699185047755914,0.07583149712610737,0.05663784556160578
ridge_own_era5_flat12,1,C_Solomon_Islands,84,8.205827443155966,0.47214678394193466,0.3220201469930251,0.21753662468138146,0.07041759404056702
ridge_own_era5_flat12,1,C_Somerset_Island,84,3.1234689058825804,0.33095707062196694,0.7165291058746749,-0.006915741059754454,0.462542100583495
ridge_own_era5_flat12,1,C_South_Africa_South_Coast,84,1.4927823525754869,0.8624743108569993,0.8939010160114187,0.7165947902877752,0.7816638491281379
ridge_own_era5_flat12,1,C_South_Africa_West_Coast,84,1.811349122781723,0.4339770573124546,0.6287406307200154,0.18159121642498954,0.3854185714156385
ridge_own_era5_flat12,1,C_South_Alaska_Coast_Frazer_River,84,5.146501643527195,0.8213616047977788,0.967915347402854,0.5301741422231339,0.9243546439276276
ridge_own_era5_flat12,1,C_South_Amapa_Coast,84,5.005017770893685,0.8915944811401243,0.9713397550959174,0.7724914475827633,0.9426058722601025
ridge_own_era5_flat12,1,C_South_Australia_Coast,84,1.099580779197956,0.6062950608030522,0.8439615696992919,0.3639273203924359,0.7119075647688966
ridge_own_era5_flat12,1,C_South_Baffin_Island_Coast,84,3.844641954383876,0.6278256583751173,0.7897541127778183,0.33153936358143865,0.5743740606887633
ridge_own_era5_flat12,1,C_South_Baltic_Coast,84,2.3070722123165983,0.6586324229741554,0.8835271841313063,0.4334884704291968,0.7778377776564529
ridge_own_era5_flat12,1,C_South_Black_Sea_Coast,84,4.303291311325158,0.6490980548876305,0.8745118228026599,0.4040257793658454,0.7587747264174896
ridge_own_era5_flat12,1,C_South_Chile_South_Pacific_Coast,84,4.60247740547494,0.5968213440634497,0.9653568020278634,0.14919177755750201,0.9137920581474057
ridge_own_era5_flat12,1,C_South_East_Brazil_Coast,84,3.4851363818382355,0.8411489386847419,0.9052632716019722,0.6814241639880603,0.802932807258079
ridge_own_era5_flat12,1,C_South_East_Russia_Coast,84,2.2004304902580665,0.7056668119491093,0.5640825858752816,0.4311879788690841,0.23048782095844245
ridge_own_era5_flat12,1,C_South_Gulf_of_Aden_Coast,84,2.2218236822467614,0.6543891233126474,0.586121996258931,0.40344561331529416,0.3385272587338912
ridge_own_era5_flat12,1,C_South_Gulf_of_Oman_West_Arabian_Sea_Coast,84,1.3861644635460113,0.6514398296417754,0.729277559884198,0.3354160102711532,0.4694565141079172
ridge_own_era5_flat12,1,C_South_Hudson_Strait_Ungava_Bay_Coast,84,3.1445115652338584,0.5909095945853375,0.8609821873320278,0.30634227061953956,0.7245237055619835
ridge_own_era5_flat12,1,C_South_Mediterranean_Coast,84,1.405849413769816,0.2092762247902115,0.4071531786798815,-0.14550948272612785,-0.008922526939718622
ridge_own_era5_flat12,1,C_South_Zambezia_Coast,84,3.7608008608991357,0.43558591981749134,0.8720569219438036,0.12561055014643907,0.7487156497207735
ridge_own_era5_flat12,1,C_Southhampton_Coats_Islands,84,3.6796128007940005,0.3854000279753963,0.5949255206639866,0.11632767102448083,0.33968244898598254
ridge_own_era5_flat12,1,C_Southwest_Hudson_Bay_Coast,84,1.8894915739129554,0.7029219455462782,0.9236081658288867,0.4904094582974965,0.8461959312514934
ridge_own_era5_flat12,1,C_Southwest_Mediterranean_Coast,84,1.7661149684898236,0.5688602477730892,0.7550550543040477,0.31356314735783497,0.531229777853671
ridge_own_era5_flat12,1,C_Sri_Lanka,84,1.7643437855984172,0.5638993154908898,0.9336068352408372,0.20569587171082226,0.8498366726447524
ridge_own_era5_flat12,1,C_Sulawesi,84,1.8866267232714862,0.8415846635610296,0.8311512250365372,0.6991317657733501,0.6798108703946836
ridge_own_era5_flat12,1,C_Sumatra,84,2.614881704162482,0.677929964442008,0.798149166261564,0.3437403119445682,0.556271905013602
ridge_own_era5_flat12,1,C_Svalbard,84,22.269727943826865,0.6490141729337394,0.9697883416558023,0.35149875732050806,0.9345240954422407
ridge_own_era5_flat12,1,C_Sweden_Coast,84,3.5153778794237485,0.33670489440590795,0.7862510471173388,0.07803711937470525,0.6153292350408204
ridge_own_era5_flat12,1,C_Taiwan,84,2.019439218527733,0.3655640544871565,0.669673197757233,0.10210344066205346,0.4450626757610051
ridge_own_era5_flat12,1,C_Tasmania,84,2.466305029640338,0.5738504913014446,0.8191712294926953,0.28936847097710994,0.6699225635090432
ridge_own_era5_flat12,1,C_Texas_Gulf_Coast,84,2.5765525143274512,0.8381496530539789,0.8782589610047778,0.6705996703387577,0.7669578509654496
ridge_own_era5_flat12,1,C_Thar_Desert_Sabarmati_River_Gulf_of_Cambay_Luni_Delta,84,3.6322090864930714,0.8346467030598624,0.883530020724405,0.6860789908892233,0.7756332641462766
ridge_own_era5_flat12,1,C_US_East_Gulf_of_Mexico_North_Atlantic_Coast,84,3.031415774379782,0.8511140359573681,0.8489748666760056,0.7196328198254283,0.7183796388376049
ridge_own_era5_flat12,1,C_US_North_Atlantic_Coast,84,2.507400372505994,0.5759347483470316,0.8852327894268367,0.31650537932923506,0.7817731467311607
ridge_own_era5_flat12,1,C_Uda_Basin,84,3.123830689515188,0.49509608906585456,0.6602173169878199,0.2381777187898908,0.41656869451669865
ridge_own_era5_flat12,1,C_Uruguay_South_Brazil_Coast,84,3.46558225410027,0.829112546094576,0.8542004917433725,0.6569063557757091,0.7100373200091665
ridge_own_era5_flat12,1,C_Victoria_Island,84,2.3643416882314576,0.42327835840379885,0.7939429594452518,0.16528838661974765,0.624935900977281
ridge_own_era5_flat12,1,C_Vietnam_Coast,84,2.596343189586142,0.8183932197246716,0.9813354776660073,0.6430822545689878,0.9598461469970891
ridge_own_era5_flat12,1,C_West_Africa_Coast,84,2.195226463166827,0.43316790715545384,0.9818585275014323,0.11375018989536678,0.9607457218051837
ridge_own_era5_flat12,1,C_West_Australia_Coast,84,1.686942254942275,0.5025314723542973,0.6372897361602646,0.1881487277703876,0.3585226584303939
ridge_own_era5_flat12,1,C_West_Barents_Sea_Coast,84,2.85737889634902,0.4919028944881166,0.8932351634405388,0.23056837196827884,0.7922368081144657
ridge_own_era5_flat12,1,C_West_Black_Sea_Coast,84,4.649433324910316,0.6203601877840413,0.8478532167618907,0.38390659077157185,0.7183140036309006
ridge_own_era5_flat12,1,C_West_Caspian_Sea_Coast,84,3.623930110479226,0.5648127734356425,0.8655906635538645,0.2637537968563137,0.7310025796940316
ridge_own_era5_flat12,1,C_West_Continental_Europe,84,1.9849565030967486,0.8562297540129719,0.9401361960423651,0.7277926871900442,0.8792458915250376
ridge_own_era5_flat12,1,C_West_Italy_Coast,84,2.443529595942801,0.3637057398970376,0.9014533087956355,0.08311440558352512,0.8038552785952956
ridge_own_era5_flat12,1,C_West_Mississippi_Delta,84,4.092298201471051,0.7584056766078425,0.8942065715349397,0.5664460730749614,0.7873257581557789
ridge_own_era5_flat12,1,C_West_Nile_Delta,84,2.1929336867721467,0.052475535489735305,0.4273206873150412,-0.28022045417954233,0.018413077682855827
ridge_own_era5_flat12,1,C_West_Red_Sea_Coast,84,2.1043106547816732,0.4081718155883623,0.6817365876222485,0.12742554472983292,0.42671564044134913
ridge_own_era5_flat12,1,C_Yamal_Peninsula,84,3.4752171070046765,0.34921867969038156,0.8411693720732458,0.06316518173288888,0.6921958777664693
ridge_own_era5_flat12,1,C_Yellow_Sea_Coast,84,3.5153550087464245,0.8550974690438442,0.8328674265729524,0.6926043802985504,0.6697832696440401
ridge_own_era5_flat12,1,C_Yenisey_Gulf_Coast,84,3.7775707504459874,0.41834976069429625,0.8844761562282775,0.15520932834620516,0.7774070729792483
ridge_own_era5_flat12,1,C_Ziya_He_Interior_Coast,84,3.264907218499064,0.9210605236106122,0.9237079447937872,0.818880405399522,0.8254880494201435
ridge_own_era5_flat12,1,E_Altai_Mountains,84,1.2882168516146943,0.37028161141762417,0.3773782017512586,0.0816334929876339,0.047934666704005036
ridge_own_era5_flat12,1,E_Amu_Darya,84,2.039074764406419,0.7283049202478438,0.9359410838474003,0.5159932378101245,0.8735230230653885
ridge_own_era5_flat12,1,E_Australia_Northwest_Plateau,84,2.755176956963263,0.9098956099345746,0.9323351070162131,0.8133701915752897,0.8566507946395414
ridge_own_era5_flat12,1,E_Badain_Jaran_Desert,84,1.0532802726129034,0.4805863263122619,0.6658727691106351,0.21953828940957854,0.4401547787801722
ridge_own_era5_flat12,1,E_Central_Iran,84,2.034984177183208,0.8132244699647797,0.9254259026549306,0.6485125843520685,0.8503152587295197
ridge_own_era5_flat12,1,E_Central_Mongolia,84,2.0420987543463935,0.5460209008472663,0.5792774016827611,0.2806281266256454,0.31265084100705154
ridge_own_era5_flat12,1,E_Dayan_Khyargas_Uvs_Nuur_Basins,84,1.1624278845742815,0.7697627134722076,0.8009104377129878,0.586263820154809,0.631789622079566
ridge_own_era5_flat12,1,E_East_Gobi_Desert,84,1.3080847713600101,0.8150719787421848,0.8027762058718247,0.6410615553165897,0.620267093840563
ridge_own_era5_flat12,1,E_Egyptian_Western_Desert,84,1.5285549814723305,0.3209270618803128,0.5152507899939259,-0.10631286160736653,0.0596720938780303
ridge_own_era5_flat12,1,E_Farahrud_Helmand_Hamun_i_Mashkel,84,2.2471338102507215,0.6388403302495173,0.8524908852971653,0.3747053744337401,0.7126487044460706
ridge_own_era5_flat12,1,E_Great_Basin_Great_Salt_Lake,84,1.9966220189161465,0.9251314034958876,0.9481650097631571,0.85527266543353,0.898883750586481
ridge_own_era5_flat12,1,E_Great_Victoria_Desert,84,1.3921203972866822,0.6666027581435189,0.5813063122623549,0.4303192428899536,0.3026011053742085
ridge_own_era5_flat12,1,E_Jordan_Northwest_Saudi_Arabia,84,3.1137551245877066,0.24285837952320988,0.7398506569422213,0.003076756470294262,0.5140221349720326
ridge_own_era5_flat12,1,E_Junggar_Pendi,84,1.6945644756145042,0.7732477303801394,0.903174481123541,0.5210433814806165,0.7801197873040994
ridge_own_era5_flat12,1,E_La_Puna_Altiplano,84,1.9654744005340457,0.5885996730559697,0.7931038272615333,0.3376193486227731,0.6234965655509359
ridge_own_era5_flat12,1,E_Lake_Eyre_Basin,84,1.472406108859483,0.9083023695615284,0.8951543432505588,0.8199380675449446,0.7964189718071
ridge_own_era5_flat12,1,E_Lake_Rukwa_Basin,84,7.498546342445314,0.8260883704321966,0.9424527916151112,0.5832502500002152,0.8552465849651462
ridge_own_era5_flat12,1,E_Lakes_Balkash_Alakol,84,1.67282669406016,0.7382887097511924,0.9251059142348947,0.4889971028320991,0.8478144207827997
ridge_own_era5_flat12,1,E_Libyian_Desert,84,0.9821556918503477,0.290029185158643,0.6061310806557199,0.057207000405029795,0.3438382659643292
ridge_own_era5_flat12,1,E_Lower_Lake_Chad,84,3.169054335978366,0.8760757635513091,0.9789799243207148,0.605885230861757,0.9287101968724956
ridge_own_era5_flat12,1,E_North_Central_Arabia,84,1.958361217866658,0.3396947353806518,0.7281215003338025,0.1067647400034809,0.5281822887245766
ridge_own_era5_flat12,1,E_North_Plateau_of_Tibet,84,2.652733516569921,0.5407392190506252,0.4439060261818997,0.25851072048715285,0.1312161800629672
ridge_own_era5_flat12,1,E_Northern_Kordofan,84,2.1380393868805045,0.6543527563882774,0.7582348942292678,0.35870005918375947,0.5212282650804487
ridge_own_era5_flat12,1,E_Plateau_of_Tibet,84,1.583684923035456,0.5837217702689262,0.7399268534606457,0.3008158105427986,0.5270900650176782
ridge_own_era5_flat12,1,E_Qinghai_Lake,84,1.6807051309463668,0.8492701085146482,0.6720878410022746,0.7160184294217647,0.43955162922816027
ridge_own_era5_flat12,1,E_Rift_Valley,84,2.9688334402115735,0.8654058341857426,0.8577671211645951,0.6514062776863172,0.5999934600705643
ridge_own_era5_flat12,1,E_Rub_al_Khali_Desert,84,1.3458818459008541,0.45955490312203984,0.6026086455707276,0.17616977942572187,0.34648785430036644
ridge_own_era5_flat12,1,E_Sahara,84,0.7365063018682418,0.3089178109501,0.371186618868131,0.08585661981480774,0.12355387593917577
ridge_own_era5_flat12,1,E_Saharan_and_Algerian_Atlas,84,1.099482378742297,0.5403707348460502,0.9106372576638636,0.14493017557597576,0.7874525190093691
ridge_own_era5_flat12,1,E_Salinas_Grande_Mar_Chiquita,84,2.2348467885950076,0.8545044055070823,0.8709019664900227,0.7189243349621511,0.747502362852575
ridge_own_era5_flat12,1,E_South_Interior_Africa,84,2.1480355020278084,0.929601139727455,0.9516103003293422,0.8530949111914227,0.8963725544335482
ridge_own_era5_flat12,1,E_Syr_Darya,84,1.2237502752500755,0.8366357514424677,0.9535202867598567,0.693776830653906,0.9076968749197759
ridge_own_era5_flat12,1,E_Tarim_He_Lop_Nur,84,0.9848168574756504,0.6885432544656603,0.8724533001738893,0.468039526059119,0.7580651795994199
ridge_own_era5_flat12,1,E_Turpan_Pendi,84,2.0590499055899047,0.5487549916881401,0.828883590664517,0.1981146882504351,0.6391111325059984
ridge_own_era5_flat12,1,E_Upper_Lake_Chad,84,1.4848595467588812,0.7755318128888062,0.8710622357525286,0.42770073652782614,0.6535569779814108
ridge_own_era5_flat12,1,R_Amazon_River,84,3.182165060778485,0.9129861393750524,0.9836149370242967,0.7356732760416778,0.9600294547740188
ridge_own_era5_flat12,1,R_Amur_River,84,1.3434863998175415,0.8884277575395436,0.7947661543014564,0.7771319473144813,0.5730895515631251
ridge_own_era5_flat12,1,R_Colorado_River_Argentina,84,2.9252497872625183,0.6012045617343323,0.6675748347782553,0.19099395974468902,0.33807837766970594
ridge_own_era5_flat12,1,R_Colorado_River_of_the_West_North_America,84,1.4980892210406616,0.8598269002120716,0.9131540463241559,0.7372053153384763,0.8331042712989148
ridge_own_era5_flat12,1,R_Columbia_River,84,1.8392024601007064,0.5663861251538272,0.9792078013753875,0.1530896634615817,0.956057024288195
ridge_own_era5_flat12,1,R_Congo_River,84,2.7566605481814435,0.8061062902606649,0.9008418057200083,0.5411022399168088,0.7528807401859244
ridge_own_era5_flat12,1,R_Danube_River,84,1.973573668965739,0.7720768163534751,0.9469962389164894,0.5842557387311534,0.8947742761711888
ridge_own_era5_flat12,1,R_Dnieper_River,84,2.7066791460292112,0.8964034771151207,0.9288495795280052,0.7884340734332256,0.8527947490442406
ridge_own_era5_flat12,1,R_Don_River,84,2.96811615432198,0.8959278154051864,0.9405783433300307,0.7690300818993848,0.872487465973399
ridge_own_era5_flat12,1,R_Ganges_Bramaputra_Basin,84,2.589654527961838,0.76702057421284,0.975029900653833,0.4671463837144928,0.9377767855794986
ridge_own_era5_flat12,1,R_Indus_River,84,2.5282248339938773,0.7941191497549017,0.9328213558502995,0.5581831575453382,0.845368534630502
ridge_own_era5_flat12,1,R_Lena_River,84,1.2304582571620615,0.7684068546765777,0.9490858075633515,0.5830927547841189,0.8984680154095899
ridge_own_era5_flat12,1,R_Limpopo_River,84,3.0165373307581795,0.9074583816189571,0.9362390926382669,0.7895771556930935,0.8484194418391588
ridge_own_era5_flat12,1,R_Mackenzie_River,84,1.3507437705107392,0.9704386760915764,0.9806852063735039,0.9377580121659819,0.9601029775674914
ridge_own_era5_flat12,1,R_Magdalena_River,84,3.112840811407917,0.8246686535293409,0.9026375340755077,0.668548766711551,0.7948474770219064
ridge_own_era5_flat12,1,R_Mekong_River,84,2.8485900642754536,0.9158449515067504,0.9796128392290114,0.8176582451264642,0.9552579074434718
ridge_own_era5_flat12,1,R_Mississippi_River,84,1.361879977049927,0.9549403842373094,0.9746089607284579,0.9080551654891553,0.9496537623290602
ridge_own_era5_flat12,1,R_Murray_Darling_River,84,1.9562391757019617,0.9050388381711049,0.9017792808595917,0.8187484892520929,0.8128285437080178
ridge_own_era5_flat12,1,R_Niger_River,84,2.037990424400823,0.6933233413275187,0.9758629234049193,0.17931234292948084,0.9224469487004595
ridge_own_era5_flat12,1,R_Nile_River,84,2.3351502738741563,0.7386925051598736,0.9329822454530027,0.3478276623100196,0.8210752821286172
ridge_own_era5_flat12,1,R_Ob_River,84,1.5103714003919884,0.9264690557799848,0.9705497793144071,0.8070062275024525,0.9309518401475246
ridge_own_era5_flat12,1,R_Orange_River,84,1.6179592896763686,0.8860801707699179,0.8962410538433518,0.7771559323711424,0.7966087556379756
ridge_own_era5_flat12,1,R_Orinoco_River,84,3.1496091539951205,0.9107024252900011,0.9835887357176446,0.7777428996022585,0.9583122377316349
ridge_own_era5_flat12,1,R_Parana_River,84,2.351610290743584,0.8478501897789635,0.9182588265218918,0.700693861685965,0.8361356343194906
ridge_own_era5_flat12,1,R_Parnaiba_River,84,4.033051487736756,0.8448404755298254,0.9564991892514527,0.6240432290720477,0.8840949062798232
ridge_own_era5_flat12,1,R_Rio_Grande_Rio_Bravo,84,2.2824580287711194,0.6490960331046873,0.830434379320503,0.3696918094026487,0.6422703276526405
ridge_own_era5_flat12,1,R_Saint_Lawrence_River,84,2.331877842179348,0.9572334190731502,0.9460433460388137,0.915721126290269,0.8942880656573114
ridge_own_era5_flat12,1,R_Sao_Francisco_River,84,4.214036942285683,0.8864790518884759,0.9358923461859573,0.7600852618448296,0.857554188492692
ridge_own_era5_flat12,1,R_Saskatchewan_Nelson_Rivers,84,1.3829003932064037,0.9065925639945491,0.9605561671078888,0.8162930602560219,0.9185556394313932
ridge_own_era5_flat12,1,R_Senegal_River,84,2.212164738554142,0.6476539942252342,0.9403695443922906,0.39770232763570057,0.8794842003044433
ridge_own_era5_flat12,1,R_Shebelli_Juba_Rivers,84,2.9818137827510505,0.772583999200945,0.8231435346708719,0.5380478062890168,0.6330938857240498
ridge_own_era5_flat12,1,R_Tigris_Euphrates_River,84,2.0718589722064102,0.9445124931524745,0.9661649842790085,0.8884079690975476,0.9267770440492066
ridge_own_era5_flat12,1,R_Tocantins_River,84,4.495389880870158,0.820620017807777,0.9688740862685287,0.6429182332409353,0.9317980156076852
ridge_own_era5_flat12,1,R_Volga_River,84,1.7034851978519483,0.863017268499527,0.9704047721477336,0.7282332359949628,0.9378770596800228
ridge_own_era5_flat12,1,R_Volta_River,84,2.7110638550720547,0.5734223240436742,0.9520008814183654,0.28146322529984835,0.9002450600203861
ridge_own_era5_flat12,1,R_Yangtze_River,84,2.336054189067246,0.8053447743565655,0.8544884772492441,0.6326553348434799,0.7213903281332599
ridge_own_era5_flat12,1,R_Yellow_River_Huang_He,84,1.5379589939586769,0.7196521773579029,0.7839289317107715,0.515476441445667,0.6114081143974586
ridge_own_era5_flat12,1,R_Yenisey_River,84,1.2162606878462097,0.6168441054956045,0.9554102309350367,0.33341152189759193,0.9070100254016112
ridge_own_era5_flat12,1,R_Yukon_River,84,1.500501508326267,0.7166240601715106,0.963033026388311,0.4238717782314674,0.9140342016013039
ridge_own_era5_flat12,1,R_Zambezi_River,84,2.445022422258674,0.9222754028903201,0.979136186965324,0.8477054074524327,0.9583627111250366
ridge_own_era5_flat12,2,C_Aleutians_South_Alaska_Coast,83,4.552693583509467,0.8105522644667363,0.9568717789854817,0.6516133631362947,0.9095155591494868
ridge_own_era5_flat12,2,C_Amazon_River_Delta,83,5.773581702638149,0.8126846340604711,0.9627949106768409,0.6381578929997671,0.9211461062479454
ridge_own_era5_flat12,2,C_Angola_Coast,83,3.6447580194675595,0.732266243618159,0.8949098438882618,0.5207460812175788,0.7795917521313797
ridge_own_era5_flat12,2,C_Balkan_Peninsula_and_Adriatic_Coast,83,2.626068012283475,0.40873306185226504,0.9484192715099361,0.12187902807764073,0.8964682924510268
ridge_own_era5_flat12,2,C_Banks_Island,83,8.123526498370124,0.06267396341370564,0.4314930931622987,-0.0408167198063385,0.16302044299850038
ridge_own_era5_flat12,2,C_Beaufort_Sea_Coast,83,2.13260085833604,-0.1024819380694929,0.8816143591450107,-0.20054795092497968,0.772020326949526
ridge_own_era5_flat12,2,C_Bight_of_Benin_Coast,83,4.995690643446757,0.5460633026451311,0.9071191946104876,0.25140989499706945,0.8138209449013574
ridge_own_era5_flat12,2,C_Bismark_Sea_Islands,83,3.0076832181022417,0.6826924166730538,0.6054030437726262,0.44674441481256444,0.3460304044249706
ridge_own_era5_flat12,2,C_Borneo,83,3.5693318845970983,0.6752860311071448,0.6583940816469441,0.3728531445999914,0.37195040622537145
ridge_own_era5_flat12,2,C_Buor_Khaya_Gulf_Coast,83,4.371688863527133,0.1849873838541895,0.7443877962149177,-0.028285692165429754,0.5319320595135719
ridge_own_era5_flat12,2,C_California_and_Baja_California,83,2.710215493553053,0.7966672246339,0.8931808056264604,0.6329482013011927,0.7968760290868486
ridge_own_era5_flat12,2,C_Canadian_South_Arctic_Ocean_Coast,83,1.8072331743521857,0.38124310014683727,0.8568885968891197,-0.027772891026877522,0.680097313356889
ridge_own_era5_flat12,2,C_Capim_River_Delta,83,8.13785220669778,0.6793082813456072,0.9337853535372537,0.42662107594212906,0.8610626350946344
ridge_own_era5_flat12,2,C_Carribean_Coast,83,3.151945412252381,0.788205188707239,0.9392607204523167,0.6078357732253994,0.8697268081752468
ridge_own_era5_flat12,2,C_Central_America_Gulf_of_Mexico_Caribbean_Coast,83,3.4357984186729036,0.6622155082514445,0.8968890008930517,0.42683238948813507,0.8010141235529961
ridge_own_era5_flat12,2,C_Central_American_Pacific_Coast,83,2.414461713548896,0.5678191207584582,0.9328041545975565,0.15156270821737505,0.8262384426713375
ridge_own_era5_flat12,2,C_Chao_Phraya_River_Gulf_of_Thailand_Coast,83,5.321817566330515,0.7325898887369788,0.9347499301112886,0.4787155982985314,0.8585700642076135
ridge_own_era5_flat12,2,C_Chukchi_Peninsula,83,4.341416590402007,0.3514473090183914,0.806756341795519,0.11494928682181749,0.6446847141511889
ridge_own_era5_flat12,2,C_Churchill_Seal_Rivers,83,2.440576457507239,0.8577357329517773,0.9058984836157671,0.7281017386105124,0.811783808851342
ridge_own_era5_flat12,2,C_Columbia_Ecuador_Pacific_Coast,83,1.8956930680908852,0.3379418107283523,0.7363300636778544,0.1116735595176408,0.5378571407745196
ridge_own_era5_flat12,2,C_Crimea_West_Azov_Sea_Coast,83,6.536322107675767,0.6218301550303899,0.783506232541961,0.36431845216125436,0.5758999515217338
ridge_own_era5_flat12,2,C_Cuba,83,2.530894099126884,0.13808861645005657,0.7850855027925469,-0.03499419787087854,0.5798831115427033
ridge_own_era5_flat12,2,C_Deccan_Plateau_East_Indian_Subcontinent_Coast,83,3.702816213161384,0.6408494073685522,0.9659973774771913,0.2233682996252524,0.9142400722824472
ridge_own_era5_flat12,2,C_Denmark_Germany_Coast,83,7.433059804388588,0.3052591693036851,0.47429782712524854,0.08677741409175455,0.21678500779455878
ridge_own_era5_flat12,2,C_East_Australia_Coast,83,2.880995725304303,0.6220573048318411,0.5608618269533466,0.3725867765383526,0.26433005789743347
ridge_own_era5_flat12,2,C_East_Azov_Sea_Northeast_Black_Sea_Coast,83,8.422923262540323,0.5946942345468432,0.7210866051691099,0.35270839336612636,0.504828604156851
ridge_own_era5_flat12,2,C_East_Barents_Sea_Coast,83,2.7126047777106916,0.6885497527245777,0.9335058931328641,0.4494494066595829,0.8648330492096652
ridge_own_era5_flat12,2,C_East_Beaufort_Sea_Amundsen_Gulf_Coast,83,2.819213430396037,0.2860115809804405,0.7408913869225127,0.07742143569526538,0.5133228610373247
ridge_own_era5_flat12,2,C_East_Brazil_South_Atlantic_Coast,83,3.6031820370993777,0.6254846793040105,0.882929643782952,0.1866067265037158,0.7010006884433522
ridge_own_era5_flat12,2,C_East_Caspian_Sea_Coast,83,2.3158378778874744,0.7699868464853014,0.9288922606880663,0.5386034594266247,0.8407691525483234
ridge_own_era5_flat12,2,C_East_Central_Africa_Coast,83,4.65190070042793,0.6000730158374528,0.9290899154281598,-0.03640252972475699,0.7655083025341111
ridge_own_era5_flat12,2,C_East_China_Coast,83,5.111195324763955,0.455893078093484,0.716731566353004,0.12454067839482297,0.4701405864300685
ridge_own_era5_flat12,2,C_East_Hudson_Bay_Coast,83,2.888501213463939,0.5501121801473394,0.7679768980608757,0.26192220993731286,0.5586357734963424
ridge_own_era5_flat12,2,C_East_Mediterranean_Coast,83,3.2180499587679523,0.5830981065465484,0.9027381214042548,0.2800260065905613,0.7990635343218475
ridge_own_era5_flat12,2,C_East_Mississippi_Delta,83,4.50957250281034,0.6917510799475706,0.8973817124384351,0.46306697664215857,0.7695264900622832
ridge_own_era5_flat12,2,C_East_Nile_Delta,83,2.71479753020123,0.1020608918041251,0.48626408742235405,-0.3043413984788681,0.012386507793070711
ridge_own_era5_flat12,2,C_East_Ob_Bay_Coast,83,2.7091179471407845,0.682020467828097,0.93578965536432,0.44651645027308684,0.8617949145111568
ridge_own_era5_flat12,2,C_East_Red_Sea_North_Gulf_of_Aden_Coast,83,1.7298016026410115,0.17073636894237038,0.6030012127700678,-0.016155809036487057,0.31357181702513104
ridge_own_era5_flat12,2,C_East_Timor_Islands,83,3.0252451137826037,0.5201812647892653,0.5997789093153769,0.23666676939601894,0.3427014309754741
ridge_own_era5_flat12,2,C_Ellef_Ringnes_Bathurst_Devon_Islands,83,3.120304839374529,0.5308563405117364,0.706238661767014,-0.013059271927292393,0.2820567750369082
ridge_own_era5_flat12,2,C_Ellesmere_Island,83,4.515534138555545,0.7708517010799314,0.9622151654600921,0.5209543908922509,0.9188753703951402
ridge_own_era5_flat12,2,C_Great_Britain,83,3.2084773399861812,0.21587163174502286,0.5772937634793508,-0.16636267692509055,0.18440709442958647
ridge_own_era5_flat12,2,C_Greater_Dniester_Basin,83,3.8988600012413523,0.5213624574208303,0.8644579020489203,0.06545866559703417,0.6837367340662357
ridge_own_era5_flat12,2,C_Gulf_of_Darien_Coast,83,3.4152746745396616,0.6110832157081187,0.8794017010243811,0.3480564507508195,0.7466306716016304
ridge_own_era5_flat12,2,C_Gulf_of_Guinea_Coast,83,3.649759449846927,0.6027338175066314,0.7903094283454215,0.30226290779094556,0.5909201867082875
ridge_own_era5_flat12,2,C_Gydan_Bay_Coast,83,3.9853894586869583,0.45029010806492864,0.8816135462216101,0.1870798738009506,0.7744672379463009
ridge_own_era5_flat12,2,C_Hainan,83,5.312622333947062,0.25131900841762356,0.7977684781340627,0.03227682764786366,0.630834477157844
ridge_own_era5_flat12,2,C_Halmahera_Islands,83,2.7502840109364146,0.5084599122569112,0.5002842959327509,0.256733062172274,0.24530256909350012
ridge_own_era5_flat12,2,C_Hispaniola,83,1.964148634356227,0.16537357850187084,0.5896187753938751,-0.051029761977295474,0.2736571954074888
ridge_own_era5_flat12,2,C_Hokkaido,83,4.059687269397735,0.14252448111920096,0.6766852899552269,-0.011012838010940662,0.440442310756478
ridge_own_era5_flat12,2,C_Hub_Porali_Basin,83,3.635926014823123,0.5731818384674217,0.6858076742931413,0.25985107421504094,0.4169822782454954
ridge_own_era5_flat12,2,C_Iberian_Atlantic_Coast,83,3.1629302660653638,0.5312706878036363,0.8855370151227691,0.2797019656230202,0.7714397010714203
ridge_own_era5_flat12,2,C_Iceland,83,9.395712371393005,0.4642284583679037,0.8555389609911415,0.16677020729276226,0.7269080613059894
ridge_own_era5_flat12,2,C_India_West_Coast,83,4.119403835037303,0.38524211222594973,0.9610674697996949,-0.18966470551255243,0.8953920221700086
ridge_own_era5_flat12,2,C_Indian_Ocean_Africa_Coast,83,4.188616884812618,0.6686965677086579,0.8558892574378433,0.3309848192217636,0.6635874035895462
ridge_own_era5_flat12,2,C_Ireland,83,2.399377586900767,-0.056954889641327944,0.6069804703636481,-0.13728083555927362,0.277802212228922
ridge_own_era5_flat12,2,C_Irrawaddy_Sittang_Salween_Basin,83,3.34691801338685,0.6722592412894296,0.9672779795884668,0.4328060380197688,0.9354966837376363
ridge_own_era5_flat12,2,C_Jamaica,83,2.9242665682804927,0.22893581133308952,0.25248104372606406,0.03720706070767599,0.03168959154762674
ridge_own_era5_flat12,2,C_Japan,83,3.970754920823527,0.25310975188069296,0.3735393060215035,-0.3772465029449985,-0.4770376745403162
ridge_own_era5_flat12,2,C_Java,83,2.8736611286798808,0.7455599171813978,0.8251013017880331,0.48544029450159343,0.6733346644598811
ridge_own_era5_flat12,2,C_Kamchatka_Peninsula,83,3.097125929235467,0.46600373244441273,0.9518741792569428,0.18733433754729278,0.8987865218290283
ridge_own_era5_flat12,2,C_La_Plata_Delta,83,5.1354197309994385,0.7327115072669986,0.7447182687102112,0.5304536964989384,0.5457285759805425
ridge_own_era5_flat12,2,C_Labrador_Sea_Coast,83,3.4260736513456265,0.6597766654067586,0.8682250023578885,0.41793230968439377,0.7426028654041132
ridge_own_era5_flat12,2,C_Madagascar,83,3.7201621820098936,0.4908120644171718,0.8936564649904779,0.21706060176036368,0.7957849201004267
ridge_own_era5_flat12,2,C_Malaysian_Peninsula_Coast,83,5.01351450318466,0.38328137963269165,0.6644434625887715,-0.06481412252094532,0.3064166991053726
ridge_own_era5_flat12,2,C_Maluku,83,3.7487366035179326,0.4238185687482923,0.40728894163046747,0.1747979101622107,0.16175125668102286
ridge_own_era5_flat12,2,C_Melville_Prince_Patrick_Islands,83,6.522925946596324,0.7046450220518393,0.8524803211729519,0.4136008410885106,0.6781078913934458
ridge_own_era5_flat12,2,C_Namibia_Coast,83,2.2766656344733645,0.39211984203562156,0.3576052725918154,0.08678970564306332,0.013058799182512182
ridge_own_era5_flat12,2,C_Neva_River_Finland_Coast,83,2.7596115494652733,0.4364651992230075,0.8359264486335478,0.10833599921808135,0.681625960604374
ridge_own_era5_flat12,2,C_New_Brunswick_and_Nova_Scotia_Coast,83,4.609411173584103,0.29091885360612574,0.8060640387509329,0.04919551807220035,0.6306817826068544
ridge_own_era5_flat12,2,C_New_Siberian_Islands,83,54.19998485652638,0.0837917115536765,0.26683857304802777,-0.19720341370522343,-0.09572003450117816
ridge_own_era5_flat12,2,C_New_Zealand_North_Island,83,2.2116219576040064,0.42141652771234306,0.7803540431853646,0.10438541390587308,0.5801353526232389
ridge_own_era5_flat12,2,C_New_Zealand_South_Island,83,2.5989023986671724,-0.0952204071034287,0.6765008578228406,-0.08368920321637141,0.45183852799217694
ridge_own_era5_flat12,2,C_Nigerian_Delta,83,6.150053633498475,0.011160842043470669,0.9358976040812881,-0.07611563063671545,0.8680684560852484
ridge_own_era5_flat12,2,C_North_Argentina_South_Atlantic_Coast,83,3.561933601165308,0.7547111622249336,0.7630962671944894,0.5575085593413234,0.5608528097101634
ridge_own_era5_flat12,2,C_North_Australia_Coast,83,4.006453089701815,0.8206836554836546,0.9391574007690601,0.640615329228292,0.8660691748530129
ridge_own_era5_flat12,2,C_North_Baffin_Island_Coast,83,5.47812981507897,0.6740727537156839,0.8406251163879641,0.40235324463531463,0.6049002574157623
ridge_own_era5_flat12,2,C_North_Brazil_South_Atlantic_Coast,83,9.06071710959004,0.5056033547214634,0.9192989384526685,-0.0014063282501288743,0.8050113340027221
ridge_own_era5_flat12,2,C_North_Caspian_Sea_Coast,83,2.2272761097366858,0.6220352287712619,0.8517503896343716,0.37145873660329054,0.7052974308639945
ridge_own_era5_flat12,2,C_North_Chile_South_Pacific_Coast,83,2.600202366190102,0.6062952849010583,0.8350704770272357,0.34497130298007916,0.6912182711831585
ridge_own_era5_flat12,2,C_North_East_Bay_of_Bengal_Coast,83,3.086441731562215,0.546112756050793,0.983599927141448,0.25284225526224946,0.9664285415218558
ridge_own_era5_flat12,2,C_North_East_Siberian_Sea_Coast,83,1.8051468415015917,0.69133274460311,0.9083860862100624,0.32658098272326397,0.7448608150578879
ridge_own_era5_flat12,2,C_North_Gulf_of_Oman_Coast,83,2.987516975922954,0.7329706734278275,0.8207303483886078,0.4721002964453127,0.6389233054806511
ridge_own_era5_flat12,2,C_North_Korea_Bay_Korean_Peninsula,83,2.5830702781830794,0.7342298187205031,0.7998741069461919,0.39463098949332354,0.5200575527736506
ridge_own_era5_flat12,2,C_North_Siberia_Coast,83,1.8051665911047965,0.37867954991845143,0.9251832493025557,0.04299962265298274,0.8543066994789141
ridge_own_era5_flat12,2,C_North_St_Lawrence_Seaway_Coast,83,3.3266086398913433,0.511028095621457,0.8379587847287744,0.00985603062272189,0.5838553918374871
ridge_own_era5_flat12,2,C_North_Vietnam_South_China_Coast,83,4.086033359875587,0.5437344275574001,0.7889414723474699,0.17797684791856783,0.5925482424628359
ridge_own_era5_flat12,2,C_North_West_Africa_Coast,83,1.3059110814359611,0.2085794600271018,0.42382654907213574,-0.07422838771168494,-0.060723700320055585
ridge_own_era5_flat12,2,C_Northeast_South_America_Coast,83,6.55802948110009,0.9043655954658818,0.907820218317875,0.7952720101273707,0.8150944648505054
ridge_own_era5_flat12,2,C_Northwest_Hudson_Bay_Coast,83,2.38713270874275,0.7123081042098398,0.8408520774818468,0.4957183982469414,0.7017470908795802
ridge_own_era5_flat12,2,C_Northwest_Mediterranean_Coast,83,2.681417451931218,0.6528268033680292,0.87263523844696,0.37308592556631626,0.7391998236918438
ridge_own_era5_flat12,2,C_Norway_Coast,83,3.4363999240224667,0.46297029358083436,0.8516469453816828,0.20596492287206258,0.7076077225534214
ridge_own_era5_flat12,2,C_Novaya_Zemlya,83,19.65559543656559,0.5173339292452429,0.9437398866640386,-0.03704436045691262,0.8476288593381855
ridge_own_era5_flat12,2,C_Nusa_Tenggara,83,3.074747508266028,0.6224618902638396,0.5950286160227064,0.2575634261520625,0.30768798786329843
ridge_own_era5_flat12,2,C_Olenyok_Delta,83,9.55200718992453,0.16409824529957473,0.42720691506354724,-0.04417975025684995,0.12933513933741814
ridge_own_era5_flat12,2,C_Oregon_Coast,83,3.0411582129556067,0.2987335723499052,0.9319243979366735,-0.012930438596551408,0.8466906126950922
ridge_own_era5_flat12,2,C_Papua_New_Guinea_Island,83,2.1053499174994426,0.5675555852676186,0.6663800310078302,0.2888242311040885,0.3945788217203474
ridge_own_era5_flat12,2,C_Patagonia,83,3.9025059950793275,0.1920015790883005,0.6144372272433587,0.014447787202241713,0.336689276270589
ridge_own_era5_flat12,2,C_Peru_Pacific_Coast,83,1.4927764429984836,0.3283818038874749,0.8751018260621235,0.07677887008205475,0.7580122040910413
ridge_own_era5_flat12,2,C_Philippines,83,2.744562376847531,0.6513039506546464,0.7172084440973199,0.41554143758554296,0.5118284900794401
ridge_own_era5_flat12,2,C_Po_River_and_East_Italy_Coast,83,3.359600166948896,0.6141005737569796,0.8734267579484164,0.33819176814212926,0.7480445248297232
ridge_own_era5_flat12,2,C_Prince_of_Wales_Island,83,3.3414736649608736,0.20340798325318227,0.41717449320205635,-0.03560622817101722,0.05233503523016625
ridge_own_era5_flat12,2,C_Puerto_Rico,83,1.8981815229365333,0.21761481681526648,0.5849989281455852,-0.007009837966895915,0.305505764249584
ridge_own_era5_flat12,2,C_Sakhalin_Island,83,8.716365071267035,-0.019792287721833703,0.20381109332698713,-0.10546934668689834,-0.1927857310720913
ridge_own_era5_flat12,2,C_Sardinia_and_Corsica,83,8.749669567948262,0.25858063168979906,0.4203590521815075,0.018838679478593634,0.13106898335437045
ridge_own_era5_flat12,2,C_Severnaya_Zemlya,83,25.95089172016543,0.45924665818539223,0.8730469083731218,-0.09637403654123755,0.6874724973039827
ridge_own_era5_flat12,2,C_Seward_Peninsula_Alaskan_North_Slope,83,2.4434321662652954,0.5317050116147439,0.799037536496444,0.24394091496850212,0.619249045839288
ridge_own_era5_flat12,2,C_Shelikhov_Gulf_Sea_of_Okhotsk_Coast,83,4.398828320719894,0.5560526863468322,0.8659008115778003,0.18609646040642014,0.6928149713964176
ridge_own_era5_flat12,2,C_Sicily,83,4.608432210913546,-0.014335382720491981,0.11807221354441044,-0.057953117184295966,-0.08377445090541169
ridge_own_era5_flat12,2,C_Solomon_Islands,83,8.961496167907752,0.3152644573602527,0.1761333956607262,0.07696408995484816,-0.09744189899820821
ridge_own_era5_flat12,2,C_Somerset_Island,83,3.426279010715333,0.16182138634951457,0.6744751274752563,-0.22165773274687472,0.3509231073315183
ridge_own_era5_flat12,2,C_South_Africa_South_Coast,83,1.8904136120603168,0.7788454414912486,0.8280479314554232,0.5505821463745069,0.6469007064926764
ridge_own_era5_flat12,2,C_South_Africa_West_Coast,83,1.9012874567518139,0.3543516951401054,0.5952309048701121,0.10169257802052578,0.3297110559190346
ridge_own_era5_flat12,2,C_South_Alaska_Coast_Frazer_River,83,6.591622169903114,0.6703635696530481,0.9481240486406044,0.22759166735114456,0.877311725385809
ridge_own_era5_flat12,2,C_South_Amapa_Coast,83,6.649403773712996,0.8437721248873788,0.9494047997099733,0.6099273132246475,0.8995370776949483
ridge_own_era5_flat12,2,C_South_Australia_Coast,83,1.188436002135462,0.5272878422160552,0.81697299696664,0.27153354464138024,0.6660205178425758
ridge_own_era5_flat12,2,C_South_Baffin_Island_Coast,83,4.161432659836307,0.5799097065283141,0.7673478074818176,0.22935245803292992,0.5007777061298919
ridge_own_era5_flat12,2,C_South_Baltic_Coast,83,2.8625524748001725,0.4019795657629713,0.8101759117373529,0.1186825498802333,0.6556144047941554
ridge_own_era5_flat12,2,C_South_Black_Sea_Coast,83,5.157508977472492,0.46302662952356494,0.8198898219571957,0.15979808775583637,0.6551540134467452
ridge_own_era5_flat12,2,C_South_Chile_South_Pacific_Coast,83,6.018144688371959,0.40050374043598785,0.9525801537248161,-0.4522267077291444,0.8504990509581634
ridge_own_era5_flat12,2,C_South_East_Brazil_Coast,83,4.905679995533472,0.6666319134074417,0.812188543883098,0.35819048301355183,0.6045301056842463
ridge_own_era5_flat12,2,C_South_East_Russia_Coast,83,2.8059344810258158,0.45361129478912865,0.23559279271374994,0.08457280024155356,-0.33229720771613613
ridge_own_era5_flat12,2,C_South_Gulf_of_Aden_Coast,83,2.445364566190533,0.580892119670812,0.44809677550848653,0.2950669320140691,0.19708469699080222
ridge_own_era5_flat12,2,C_South_Gulf_of_Oman_West_Arabian_Sea_Coast,83,1.7049449000279582,0.431991345272608,0.5782058194850632,0.006408647673936341,0.19690605349128343
ridge_own_era5_flat12,2,C_South_Hudson_Strait_Ungava_Bay_Coast,83,3.5717309061916183,0.48275791219809516,0.8368897940745659,0.12204674284162365,0.6482988696345722
ridge_own_era5_flat12,2,C_South_Mediterranean_Coast,83,1.4820189119108171,0.09124564557283167,0.36265805204240453,-0.25349287840250256,-0.11370507879575742
ridge_own_era5_flat12,2,C_South_Zambezia_Coast,83,4.09990124003397,0.3028819856248068,0.8565642799884658,-0.030438572562299093,0.7027932323301762
ridge_own_era5_flat12,2,C_Southhampton_Coats_Islands,83,3.8334908650552033,0.30817961368871993,0.5593814953253086,0.044616330240948576,0.2913358492503759
ridge_own_era5_flat12,2,C_Southwest_Hudson_Bay_Coast,83,2.110562519765523,0.6331571783938965,0.9142245829976166,0.37150414764441997,0.8065391656092982
ridge_own_era5_flat12,2,C_Southwest_Mediterranean_Coast,83,2.0475714040154296,0.38944210638838744,0.6963193812100641,0.09276199281908215,0.36919944622815126
ridge_own_era5_flat12,2,C_Sri_Lanka,83,1.9373355404118033,0.5008051247545192,0.9261492376640965,0.029290863366685516,0.8156666908897525
ridge_own_era5_flat12,2,C_Sulawesi,83,2.3868478271873492,0.7278596754667991,0.7124086279938815,0.5185508184778237,0.4935834352939197
ridge_own_era5_flat12,2,C_Sumatra,83,3.266729651383373,0.4520001443864623,0.6831168478387304,-0.01572788943545045,0.29828316200297067
ridge_own_era5_flat12,2,C_Svalbard,83,25.04518456306749,0.6144493835122834,0.9665226727599434,0.17384910867111025,0.9157599001673503
ridge_own_era5_flat12,2,C_Sweden_Coast,83,3.8883971492270657,0.041885595452303484,0.7270966436654286,-0.12127969439224384,0.5263544347586739
ridge_own_era5_flat12,2,C_Taiwan,83,2.012838745839117,0.3386495624198001,0.6744977923196045,0.09359724954105608,0.45213096783047546
ridge_own_era5_flat12,2,C_Tasmania,83,2.690249642294687,0.480083120615739,0.7836071202113483,0.16338280377350245,0.6076018701866777
ridge_own_era5_flat12,2,C_Texas_Gulf_Coast,83,3.5620931343731805,0.6448811094283579,0.7454174208609412,0.3244033871424694,0.5420711676258728
ridge_own_era5_flat12,2,C_Thar_Desert_Sabarmati_River_Gulf_of_Cambay_Luni_Delta,83,4.667718315170689,0.6941899295373191,0.7983579065946302,0.47003577373045247,0.6286707678287331
ridge_own_era5_flat12,2,C_US_East_Gulf_of_Mexico_North_Atlantic_Coast,83,3.8955659756397947,0.7371166804107375,0.737224409864031,0.5412955603911133,0.5393432462285294
ridge_own_era5_flat12,2,C_US_North_Atlantic_Coast,83,2.905950064135909,0.3357125383136018,0.8467624437890992,0.07434668810789502,0.7098518849005792
ridge_own_era5_flat12,2,C_Uda_Basin,83,3.4275276075973435,0.30668195125927156,0.5738471709017817,0.0891450435461526,0.2977524663675235
ridge_own_era5_flat12,2,C_Uruguay_South_Brazil_Coast,83,4.835964990903015,0.632017097489044,0.6860732407938652,0.33022743016596556,0.43041363938771326
ridge_own_era5_flat12,2,C_Victoria_Island,83,2.605609168572662,0.2222024921086616,0.7443031287067228,-0.016691098679073813,0.5388064422995511
ridge_own_era5_flat12,2,C_Vietnam_Coast,83,3.1329840949635877,0.7372592231836003,0.9737823669425371,0.4817535588668269,0.9419660503151541
ridge_own_era5_flat12,2,C_West_Africa_Coast,83,2.4256817971068094,0.23609819385593875,0.9795627150560233,-0.07696619697680451,0.9525215395999231
ridge_own_era5_flat12,2,C_West_Australia_Coast,83,1.8605366364836826,0.3844433833015508,0.5659312339638289,0.015456158961790978,0.22270653785263117
ridge_own_era5_flat12,2,C_West_Barents_Sea_Coast,83,3.172013686592621,0.2832075843120481,0.8714538526440244,0.058775466873075,0.7435642222336041
ridge_own_era5_flat12,2,C_West_Black_Sea_Coast,83,5.3441571692725836,0.46126617656766683,0.7962976017212168,0.20463130560218434,0.6321068418349896
ridge_own_era5_flat12,2,C_West_Caspian_Sea_Coast,83,3.764584276107111,0.5078394091282054,0.8526777404740821,0.21116161836063763,0.7100414113779578
ridge_own_era5_flat12,2,C_West_Continental_Europe,83,2.4870070027321534,0.760051807547156,0.9030368958170807,0.5650959768520492,0.8081911293083599
ridge_own_era5_flat12,2,C_West_Italy_Coast,83,2.8974493974168483,-0.03887352209299215,0.8576966748754891,-0.273061484906467,0.7256991105559217
ridge_own_era5_flat12,2,C_West_Mississippi_Delta,83,4.718761334139463,0.6432476125864094,0.8634157980469077,0.3951472319024645,0.7182744188623827
ridge_own_era5_flat12,2,C_West_Nile_Delta,83,2.246126963458379,0.07216869938507228,0.4551322737508295,-0.34822451503075746,-0.03151622488155503
ridge_own_era5_flat12,2,C_West_Red_Sea_Coast,83,2.170350406341839,0.3828528629901853,0.6424407166861584,0.09499736629852218,0.35154430318158725
ridge_own_era5_flat12,2,C_Yamal_Peninsula,83,3.681072412200175,0.22641902966645494,0.8249455323758432,-0.052809561725050136,0.6559505662024004
ridge_own_era5_flat12,2,C_Yellow_Sea_Coast,83,4.148639765982809,0.8014752788010293,0.7668517336141654,0.5548246863475157,0.5276590191853263
ridge_own_era5_flat12,2,C_Yenisey_Gulf_Coast,83,3.9159605049489414,0.3238827124999724,0.8752724156465501,0.06882881529897822,0.76029415669343
ridge_own_era5_flat12,2,C_Ziya_He_Interior_Coast,83,4.406582634803533,0.8735891579412123,0.8783152844512432,0.6678422401018884,0.6798857069929956
ridge_own_era5_flat12,2,E_Altai_Mountains,83,1.3733072736450989,0.2353578448427358,0.29554157850666923,-0.0473914626249341,-0.06974246187474753
ridge_own_era5_flat12,2,E_Amu_Darya,83,2.3659857454775177,0.6408851914338145,0.9211770562290196,0.34577901837198743,0.8276175267039364
ridge_own_era5_flat12,2,E_Australia_Northwest_Plateau,83,4.0783903493393066,0.7920149997699292,0.8499432571368707,0.5861594759343007,0.6852838211098798
ridge_own_era5_flat12,2,E_Badain_Jaran_Desert,83,1.1158927528973879,0.3821981028396267,0.6103554295587617,0.14297273750107353,0.37135141723328147
ridge_own_era5_flat12,2,E_Central_Iran,83,2.512363213576267,0.7155375004166905,0.8861746702352695,0.4808001209689269,0.7716401643008987
ridge_own_era5_flat12,2,E_Central_Mongolia,83,2.2145986888199767,0.4451818958788748,0.491708675931503,0.15844661689937523,0.19492322871173495
ridge_own_era5_flat12,2,E_Dayan_Khyargas_Uvs_Nuur_Basins,83,1.388873089813649,0.651410883229025,0.7048527387123538,0.4162223226086723,0.4802387498556029
ridge_own_era5_flat12,2,E_East_Gobi_Desert,83,1.5808109585286116,0.741567816507945,0.7189121551686476,0.48568191417518636,0.4515863832397219
ridge_own_era5_flat12,2,E_Egyptian_Western_Desert,83,1.5690255130049906,0.2850332775140809,0.49554948099490376,-0.24502710217790868,-0.07714653425651052
ridge_own_era5_flat12,2,E_Farahrud_Helmand_Hamun_i_Mashkel,83,2.6686778372598816,0.47900572238035644,0.8000040055333584,0.1381764315027625,0.5993089450155332
ridge_own_era5_flat12,2,E_Great_Basin_Great_Salt_Lake,83,2.792332202949439,0.851720689944857,0.8974868570991168,0.7197497089244316,0.8017761240299286
ridge_own_era5_flat12,2,E_Great_Victoria_Desert,83,1.6335509984857621,0.5116964022136687,0.37587401766717365,0.23108439560555216,0.04653652276348175
ridge_own_era5_flat12,2,E_Jordan_Northwest_Saudi_Arabia,83,3.1642559447681466,0.25194420868602224,0.7452362001178763,-0.031095917802495876,0.5002848462175828
ridge_own_era5_flat12,2,E_Junggar_Pendi,83,2.1147517267488354,0.6708126820324606,0.8626306108305891,0.26376206434783167,0.6412250659576197
ridge_own_era5_flat12,2,E_La_Puna_Altiplano,83,2.140027214785105,0.4869953983045761,0.7556467993888207,0.21377411109500055,0.557809754534204
ridge_own_era5_flat12,2,E_Lake_Eyre_Basin,83,2.1830546932932253,0.7855899242701672,0.7505237798977565,0.6105484965441004,0.5577118587387955
ridge_own_era5_flat12,2,E_Lake_Rukwa_Basin,83,10.224464605783977,0.6742292804717883,0.8977818428003725,0.19527574810940485,0.7230871765878244
ridge_own_era5_flat12,2,E_Lakes_Balkash_Alakol,83,1.9847859619300385,0.639479397053324,0.8999363410376441,0.29275001649119803,0.7857144662030793
ridge_own_era5_flat12,2,E_Libyian_Desert,83,1.013051520321586,0.19512830589894647,0.5775608714519297,0.00042508533362917156,0.30876190558869154
ridge_own_era5_flat12,2,E_Lower_Lake_Chad,83,4.8748380188776865,0.7176843806273048,0.954610191139561,0.015174244587350727,0.8277130680354159
ridge_own_era5_flat12,2,E_North_Central_Arabia,83,2.072411457459012,0.18762103093160856,0.6932512539431572,0.008484904250844694,0.4754982321661597
ridge_own_era5_flat12,2,E_North_Plateau_of_Tibet,83,2.5051159046582665,0.5843269879596185,0.5153668934816527,0.32787371981174074,0.2297616955005174
ridge_own_era5_flat12,2,E_Northern_Kordofan,83,2.3346011687476436,0.5789853066703584,0.7089840874102417,0.23245106614993083,0.4214105283966628
ridge_own_era5_flat12,2,E_Plateau_of_Tibet,83,1.6527571578012696,0.5423543446853203,0.7233120394178069,0.24222009731071925,0.489766402173745
ridge_own_era5_flat12,2,E_Qinghai_Lake,83,1.8374915507557497,0.7982214160584548,0.5678959871515582,0.6367523713246617,0.27034297599136015
ridge_own_era5_flat12,2,E_Rift_Valley,83,4.2719925977418995,0.7237836695384693,0.7098836587865788,0.2704175739567368,0.06576631900984065
ridge_own_era5_flat12,2,E_Rub_al_Khali_Desert,83,1.535882743296665,0.0792622727562306,0.4564322695501215,-0.06450743561393835,0.15899347965776733
ridge_own_era5_flat12,2,E_Sahara,83,0.7662152847252971,0.16418160164168635,0.3127412510201752,-0.009684870666662349,0.05110501703190129
ridge_own_era5_flat12,2,E_Saharan_and_Algerian_Atlas,83,1.3394367683945183,0.37435092945356513,0.8857669627995162,-0.17603854843389755,0.682249964789561
ridge_own_era5_flat12,2,E_Salinas_Grande_Mar_Chiquita,83,2.4494704931909137,0.8232779522326426,0.8429402844162425,0.653619287182116,0.6811255251818971
ridge_own_era5_flat12,2,E_South_Interior_Africa,83,2.986071718014087,0.85591744642609,0.9027738347468324,0.7100460806398845,0.7988698891624928
ridge_own_era5_flat12,2,E_Syr_Darya,83,1.6156055207534439,0.7065079033899584,0.9205694414145574,0.4698522314615423,0.8408278349951063
ridge_own_era5_flat12,2,E_Tarim_He_Lop_Nur,83,1.0761052538832174,0.6420575402547373,0.8526305474689996,0.37562856944075096,0.7096891873688298
ridge_own_era5_flat12,2,E_Turpan_Pendi,83,2.2806620539773226,0.48065959005575415,0.8063490215412874,0.00897362527086809,0.5467161899979535
ridge_own_era5_flat12,2,E_Upper_Lake_Chad,83,1.7798109255138546,0.6655832996973732,0.8111034255447,0.1575640660400256,0.4824683751289872
ridge_own_era5_flat12,2,R_Amazon_River,83,3.6979679265606578,0.8314754065689628,0.9742959991695397,0.6441631789213926,0.9464864620301916
ridge_own_era5_flat12,2,R_Amur_River,83,2.105282320535625,0.7073407454251778,0.4486681741806123,0.463484363772947,-0.10352396870599745
ridge_own_era5_flat12,2,R_Colorado_River_Argentina,83,3.490415868133156,0.38813748258954434,0.5002596308304282,-0.158631601067299,0.011495740293882228
ridge_own_era5_flat12,2,R_Colorado_River_of_the_West_North_America,83,1.9797890132495246,0.7486408671640046,0.847600497164216,0.5443535775216861,0.7091802002193399
ridge_own_era5_flat12,2,R_Columbia_River,83,2.2893929961486497,0.37224048133223475,0.974851811790004,-0.3172504797076925,0.9327095956923204
ridge_own_era5_flat12,2,R_Congo_River,83,3.6241284629535877,0.6528102607359983,0.8188725151441141,0.19799436859067765,0.5441658540688856
ridge_own_era5_flat12,2,R_Danube_River,83,2.669235218508453,0.5682982424001024,0.9080827384612041,0.25131307543165826,0.8098019159842482
ridge_own_era5_flat12,2,R_Dnieper_River,83,3.3211829158490795,0.8350439720562726,0.8886511928091041,0.6840636522621966,0.7799767341371753
ridge_own_era5_flat12,2,R_Don_River,83,3.3515888040419672,0.8680067683084662,0.9279327059192184,0.706454322648907,0.838422090008598
ridge_own_era5_flat12,2,R_Ganges_Bramaputra_Basin,83,3.2540606744062455,0.6157976294460956,0.963985926650103,0.1578371240329275,0.9026672177712605
ridge_own_era5_flat12,2,R_Indus_River,83,3.611366227927348,0.6244314465121765,0.880938677896747,0.13296861492670597,0.6836433617488162
ridge_own_era5_flat12,2,R_Lena_River,83,1.6511605972151115,0.541177104497001,0.9046458168325779,0.24266555384103394,0.8171107325991493
ridge_own_era5_flat12,2,R_Limpopo_River,83,4.341314274640943,0.8275395458156598,0.8920063824851951,0.5608997665400313,0.6830307480533484
ridge_own_era5_flat12,2,R_Mackenzie_River,83,1.885244537953183,0.9539587358958942,0.9652120493602386,0.8835216640264126,0.9231537026123778
ridge_own_era5_flat12,2,R_Magdalena_River,83,3.959001948460094,0.6975824541617618,0.854185901276654,0.46856886198741543,0.6720958030284593
ridge_own_era5_flat12,2,R_Mekong_River,83,3.933272236111294,0.8305287809863275,0.9600068705441162,0.6515143848081415,0.915444290013038
ridge_own_era5_flat12,2,R_Mississippi_River,83,1.9488203594932096,0.9046601987037369,0.9528861322535472,0.8042535687814255,0.8955464813114722
ridge_own_era5_flat12,2,R_Murray_Darling_River,83,2.8679880130969666,0.7821772094661364,0.7772548211353889,0.6104398443967092,0.5984784630612293
ridge_own_era5_flat12,2,R_Niger_River,83,2.593966146605537,0.5075714035614132,0.9663236862733183,-0.377226784098885,0.8736043457024969
ridge_own_era5_flat12,2,R_Nile_River,83,3.1348483999253407,0.5227574063165659,0.8869059671878041,-0.24860089314213196,0.6636769218329408
ridge_own_era5_flat12,2,R_Ob_River,83,1.9282044757486911,0.857297047878434,0.947060055970571,0.6930788654013209,0.8886982709065525
ridge_own_era5_flat12,2,R_Orange_River,83,2.325224392610335,0.7572083786171,0.7759457450682764,0.5429156034578253,0.5761436252880864
ridge_own_era5_flat12,2,R_Orinoco_River,83,4.426365653984229,0.7938957030651576,0.9642801458949217,0.5667579770959286,0.9179508843703797
ridge_own_era5_flat12,2,R_Parana_River,83,3.3651291128172116,0.66517478495161,0.8329612148104933,0.3816132245490831,0.6469907212341156
ridge_own_era5_flat12,2,R_Parnaiba_River,83,5.5929982204212205,0.7228720699852644,0.9247951944847286,0.28351396659172734,0.7770619097583835
ridge_own_era5_flat12,2,R_Rio_Grande_Rio_Bravo,83,3.150409579856548,0.30511709256113156,0.7002030405448652,-0.17080110712429009,0.3192873314826944
ridge_own_era5_flat12,2,R_Saint_Lawrence_River,83,3.417110314133288,0.9056337308168616,0.879720542114621,0.8180474069261565,0.771203138758033
ridge_own_era5_flat12,2,R_Sao_Francisco_River,83,6.242023830932073,0.738231982465317,0.8575379932645477,0.4694914200118475,0.6858342836378233
ridge_own_era5_flat12,2,R_Saskatchewan_Nelson_Rivers,83,2.2173795534125285,0.7559716732033374,0.8999018296847272,0.5148793520354796,0.7928584416145168
ridge_own_era5_flat12,2,R_Senegal_River,83,2.4955006570723963,0.5169326481839238,0.9261488903061039,0.22253016584898244,0.8460674857051075
ridge_own_era5_flat12,2,R_Shebelli_Juba_Rivers,83,3.701624057203767,0.6488728523487721,0.7259196431952856,0.2925064456766828,0.4284136232216712
ridge_own_era5_flat12,2,R_Tigris_Euphrates_River,83,2.58523353251054,0.9118292424127309,0.9479565418442407,0.827408476965553,0.8861421021300188
ridge_own_era5_flat12,2,R_Tocantins_River,83,6.370624627360974,0.5865259816921394,0.9351267079009972,0.2947904387084327,0.8644053377072339
ridge_own_era5_flat12,2,R_Volga_River,83,2.394171942129975,0.7040279108087129,0.9419193224707482,0.4575910529068614,0.8780298148035507
ridge_own_era5_flat12,2,R_Volta_River,83,2.956139349377585,0.46075828609223957,0.9443633352256966,0.1504030175234139,0.8809021454924771
ridge_own_era5_flat12,2,R_Yangtze_River,83,3.3242386109203514,0.5509097520858193,0.68762030360427,0.25619282434719615,0.43122180624861217
ridge_own_era5_flat12,2,R_Yellow_River_Huang_He,83,1.9414255346435196,0.4943513221853448,0.6263647461968075,0.23855089205895297,0.3881189408968343
ridge_own_era5_flat12,2,R_Yenisey_River,83,1.4736300590158038,0.3402789108128683,0.933979328192929,-0.051420467074705156,0.8593823299323018
ridge_own_era5_flat12,2,R_Yukon_River,83,1.9523312884812611,0.4764690159993804,0.9456794363313834,-0.0825928821664288,0.8506740062796171
ridge_own_era5_flat12,2,R_Zambezi_River,83,3.4255287303911937,0.8398980686594127,0.9588227413269846,0.7007097337726931,0.9188340951489772
ridge_own_era5_flat12,3,C_Aleutians_South_Alaska_Coast,82,5.293752416642971,0.7364260236579653,0.9424486265615356,0.5268348126997109,0.8786597315147072
ridge_own_era5_flat12,3,C_Amazon_River_Delta,82,6.762009241690301,0.736814385631499,0.9498608701346827,0.5117870662868123,0.8931383026335968
ridge_own_era5_flat12,3,C_Angola_Coast,82,3.9247357282506607,0.6900587215208562,0.8744480840777689,0.4524217802773065,0.7422758329137248
ridge_own_era5_flat12,3,C_Balkan_Peninsula_and_Adriatic_Coast,82,2.849454059218664,0.2870422316226454,0.9408453441940301,-0.022065972628463326,0.8782468746372808
ridge_own_era5_flat12,3,C_Banks_Island,82,8.086645485975968,0.1296566212089426,0.4470428258657395,-0.022529367545935486,0.16804734611441208
ridge_own_era5_flat12,3,C_Beaufort_Sea_Coast,82,2.094132623378464,-0.10450140296506853,0.8855396313483068,-0.1631055058729356,0.7823665812985561
ridge_own_era5_flat12,3,C_Bight_of_Benin_Coast,82,4.713451478775108,0.6011837840021521,0.9171017196617492,0.3407118497138496,0.8356420471229016
ridge_own_era5_flat12,3,C_Bismark_Sea_Islands,82,3.0764798979454926,0.6275032176361434,0.5221472828164321,0.337231618504217,0.20836415102289385
ridge_own_era5_flat12,3,C_Borneo,82,3.9727829608788747,0.5459221999803793,0.5263476255859338,0.2144437594571661,0.1518539848262117
ridge_own_era5_flat12,3,C_Buor_Khaya_Gulf_Coast,82,4.3627514850477755,0.16349272377601812,0.7389534274839609,-0.04063189887390828,0.5245389776345406
ridge_own_era5_flat12,3,C_California_and_Baja_California,82,2.9702603740108118,0.7501564705959098,0.8715581777743348,0.5595545050999111,0.758583088692197
ridge_own_era5_flat12,3,C_Canadian_South_Arctic_Ocean_Coast,82,1.918146032076996,0.2491799473214379,0.836810281897674,-0.16754828612285189,0.6394730652210343
ridge_own_era5_flat12,3,C_Capim_River_Delta,82,8.939570596557653,0.6012447055929063,0.9219685235856216,0.3190069743049786,0.8340964330721522
ridge_own_era5_flat12,3,C_Carribean_Coast,82,3.582163206356227,0.7088241929960033,0.921343355680809,0.488026731762244,0.8337577778645685
ridge_own_era5_flat12,3,C_Central_America_Gulf_of_Mexico_Caribbean_Coast,82,3.4876565696370654,0.6110242501777179,0.8970350351311281,0.33790835201763847,0.7950582829296438
ridge_own_era5_flat12,3,C_Central_American_Pacific_Coast,82,2.913751078831401,0.3873969482101878,0.9121120674208271,-0.20716933164817597,0.7484175446736758
ridge_own_era5_flat12,3,C_Chao_Phraya_River_Gulf_of_Thailand_Coast,82,5.9215865737584386,0.6616103241091696,0.921353243125694,0.35655242479476645,0.8267919993011266
ridge_own_era5_flat12,3,C_Chukchi_Peninsula,82,4.502416262691695,0.2601289938659226,0.787168553975463,0.05867330458243236,0.6160636871338454
ridge_own_era5_flat12,3,C_Churchill_Seal_Rivers,82,2.936229308905461,0.7959132102280021,0.8667388971297327,0.6146114236962238,0.7296252346730885
ridge_own_era5_flat12,3,C_Columbia_Ecuador_Pacific_Coast,82,1.9650218978067484,0.23386809796664698,0.714033852891473,0.05265629643262537,0.5088833524209719
ridge_own_era5_flat12,3,C_Crimea_West_Azov_Sea_Coast,82,7.224098019382184,0.4984321179432753,0.7205952505632648,0.2300256482898424,0.4881408835553499
ridge_own_era5_flat12,3,C_Cuba,82,2.579407642783686,0.10958736069173454,0.7821912632358674,-0.06994472282330855,0.5673843569447875
ridge_own_era5_flat12,3,C_Deccan_Plateau_East_Indian_Subcontinent_Coast,82,4.1690788338495155,0.5418757306432541,0.9612078293365004,-0.021681636689768302,0.8925916875139469
ridge_own_era5_flat12,3,C_Denmark_Germany_Coast,82,7.37847421680649,0.32710706456006416,0.4887492560738813,0.09959140897912433,0.22521375838903268
ridge_own_era5_flat12,3,C_East_Australia_Coast,82,3.081484616567268,0.5347124599165491,0.47856633022538575,0.25481974183495604,0.15267310634521136
ridge_own_era5_flat12,3,C_East_Azov_Sea_Northeast_Black_Sea_Coast,82,9.125991319680486,0.5081094966950174,0.6583560010755987,0.2577836145864505,0.42484198943171714
ridge_own_era5_flat12,3,C_East_Barents_Sea_Coast,82,3.026144094205623,0.5970764482716812,0.9221727013812814,0.2986910361392888,0.8332245026420995
ridge_own_era5_flat12,3,C_East_Beaufort_Sea_Amundsen_Gulf_Coast,82,2.7502786870006677,0.3175319918660412,0.752345334354902,0.10073669095557336,0.5423930116595291
ridge_own_era5_flat12,3,C_East_Brazil_South_Atlantic_Coast,82,3.994961120913462,0.5716041040887143,0.8688659317970646,0.030105951535411513,0.636588190119193
ridge_own_era5_flat12,3,C_East_Caspian_Sea_Coast,82,2.504965947527872,0.7359016639019715,0.9199189033441271,0.4586405433129527,0.81183768772293
ridge_own_era5_flat12,3,C_East_Central_Africa_Coast,82,5.364163315221864,0.47930606406290976,0.9151026601007628,-0.4009455369321413,0.6831030233782442
ridge_own_era5_flat12,3,C_East_China_Coast,82,5.401919837911014,0.3590700795774777,0.697834583365625,-0.0007773370954780034,0.415045193467934
ridge_own_era5_flat12,3,C_East_Hudson_Bay_Coast,82,3.2173294521230993,0.4153297411576461,0.7168290306914643,0.0810393675134995,0.4590013422937209
ridge_own_era5_flat12,3,C_East_Mediterranean_Coast,82,3.662037684872023,0.45370605662798114,0.8791295811132094,0.07405367086978099,0.7429016045565944
ridge_own_era5_flat12,3,C_East_Mississippi_Delta,82,5.043588733651761,0.6005579225912833,0.8681671798784503,0.337770144336605,0.7126792122543105
ridge_own_era5_flat12,3,C_East_Nile_Delta,82,2.7715774519016616,0.06709099784111369,0.475855902674699,-0.3925959316634935,-0.055215213620886994
ridge_own_era5_flat12,3,C_East_Ob_Bay_Coast,82,2.9417116240859786,0.6265313380228179,0.9286942906872395,0.3601662235671129,0.8378701273536479
ridge_own_era5_flat12,3,C_East_Red_Sea_North_Gulf_of_Aden_Coast,82,1.7302001020541473,0.20261415988036785,0.598221337223738,-0.0023770159882736674,0.2966798369560204
ridge_own_era5_flat12,3,C_East_Timor_Islands,82,3.0629789603688637,0.5154967991675021,0.593943453957193,0.22341951295489515,0.33140777273492394
ridge_own_era5_flat12,3,C_Ellef_Ringnes_Bathurst_Devon_Islands,82,3.3082335450404137,0.4544840965805891,0.6594444482993671,-0.1349381674343375,0.19343205812054365
ridge_own_era5_flat12,3,C_Ellesmere_Island,82,4.9333851361732215,0.7461812173137307,0.9593344102285166,0.4305944917337148,0.9013824181946017
ridge_own_era5_flat12,3,C_Great_Britain,82,3.3056294297398954,0.08348377652715923,0.5436719552938413,-0.22958238647432339,0.13724123912352182
ridge_own_era5_flat12,3,C_Greater_Dniester_Basin,82,4.523080759409611,0.37618969367404037,0.8270472726818435,-0.22094368511962825,0.5780628544184694
ridge_own_era5_flat12,3,C_Gulf_of_Darien_Coast,82,3.6108232750056453,0.54445234492081,0.8703764397763392,0.28007112365870146,0.7198715144128565
ridge_own_era5_flat12,3,C_Gulf_of_Guinea_Coast,82,3.7450613715989314,0.6039600927541661,0.7742345998959625,0.290638580462072,0.5701370089527513
ridge_own_era5_flat12,3,C_Gydan_Bay_Coast,82,4.141533618953642,0.3978006264492335,0.8729386956288504,0.1343673530219045,0.7567894814311622
ridge_own_era5_flat12,3,C_Hainan,82,5.246429041243157,0.23307819226856796,0.7996782901926679,0.02331721155751454,0.6318267064535361
ridge_own_era5_flat12,3,C_Halmahera_Islands,82,2.9496841862652476,0.3903758226577591,0.3985743963204567,0.14448580894600005,0.14226336766985426
ridge_own_era5_flat12,3,C_Hispaniola,82,2.041640489193548,0.05762407919255182,0.5691421307751776,-0.1328192974917346,0.22435847254971797
ridge_own_era5_flat12,3,C_Hokkaido,82,4.06822338536521,0.1225629231772944,0.6677964201260809,-0.014864611771188141,0.42781530388102584
ridge_own_era5_flat12,3,C_Hub_Porali_Basin,82,4.067953329494081,0.4395336611863851,0.59687804522574,0.08084571256434225,0.2662221389440782
ridge_own_era5_flat12,3,C_Iberian_Atlantic_Coast,82,3.450566231081063,0.398345748880287,0.860674476760244,0.1512090499561466,0.7263917463030893
ridge_own_era5_flat12,3,C_Iceland,82,9.698039315813043,0.40196253691152045,0.8448731149953941,0.1348135130223581,0.7115073956281452
ridge_own_era5_flat12,3,C_India_West_Coast,82,4.577371125376942,0.21891793221302022,0.9560794700303584,-0.48946199274107083,0.8723068064470566
ridge_own_era5_flat12,3,C_Indian_Ocean_Africa_Coast,82,4.782882365467554,0.5471874460023866,0.8097117353405199,0.13889189981223893,0.5645454994396388
ridge_own_era5_flat12,3,C_Ireland,82,2.364540870717831,-0.002712935397661825,0.6165270526863048,-0.09708366969330995,0.3063817578811201
ridge_own_era5_flat12,3,C_Irrawaddy_Sittang_Salween_Basin,82,3.7802630025830513,0.5377328263569855,0.958239983547392,0.2788890741256602,0.9171930080191857
ridge_own_era5_flat12,3,C_Jamaica,82,2.8174357478016794,0.33659619596496915,0.342783888302341,0.10246417510228345,0.10681018100557005
ridge_own_era5_flat12,3,C_Japan,82,4.012068739751513,0.26161898165338776,0.4095622197401121,-0.36782122617032975,-0.5271955394643808
ridge_own_era5_flat12,3,C_Java,82,3.1122661487565333,0.7069393578997905,0.7885471578062938,0.3929371252551923,0.6161954008660114
ridge_own_era5_flat12,3,C_Kamchatka_Peninsula,82,3.1676338380987357,0.43942688770344035,0.9488742694805412,0.1571313682939507,0.8920983724697165
ridge_own_era5_flat12,3,C_La_Plata_Delta,82,5.600810297616637,0.6787444613000232,0.6806269456132857,0.44884771134785584,0.4466728363558238
ridge_own_era5_flat12,3,C_Labrador_Sea_Coast,82,3.6358598679200376,0.6200773119588392,0.8565077348101484,0.3418819811420638,0.7116064918496281
ridge_own_era5_flat12,3,C_Madagascar,82,3.963826826471867,0.39454709301390756,0.8821662812370475,0.12210755863585276,0.7709477584916608
ridge_own_era5_flat12,3,C_Malaysian_Peninsula_Coast,82,4.769292695739067,0.4016007854764632,0.6819525142333743,0.032833528080990715,0.36489921600768216
ridge_own_era5_flat12,3,C_Maluku,82,3.8747391344601536,0.3545825098935036,0.3483233106729206,0.12379602221613306,0.10686157419875908
ridge_own_era5_flat12,3,C_Melville_Prince_Patrick_Islands,82,6.847919982224825,0.6873163274749317,0.8439009279720948,0.3536800408931039,0.6415571361279935
ridge_own_era5_flat12,3,C_Namibia_Coast,82,2.4640855567465247,0.23458363683465158,0.23070821437512215,-0.09437556469279706,-0.14900322630535112
ridge_own_era5_flat12,3,C_Neva_River_Finland_Coast,82,2.8581599026893425,0.38392339592129743,0.8254476642746614,0.03823404294596788,0.6504121796562081
ridge_own_era5_flat12,3,C_New_Brunswick_and_Nova_Scotia_Coast,82,4.729482570934126,0.2806490347111724,0.8036224788365671,0.0068303914935604615,0.6089359773276904
ridge_own_era5_flat12,3,C_New_Siberian_Islands,82,53.374690223478474,0.10465547993657116,0.28027190985421435,-0.1608067941415836,-0.07006664355868342
ridge_own_era5_flat12,3,C_New_Zealand_North_Island,82,2.255162171683118,0.3694770557299945,0.7795794544643542,0.03894494082726396,0.5678545582849904
ridge_own_era5_flat12,3,C_New_Zealand_South_Island,82,2.5678823377485784,-0.04009622984976358,0.692393779187692,-0.058998838351373095,0.47127624872211016
ridge_own_era5_flat12,3,C_Nigerian_Delta,82,6.1325991367393415,0.009463165478946645,0.9362790194884069,-0.06373616970554896,0.8692560776078004
ridge_own_era5_flat12,3,C_North_Argentina_South_Atlantic_Coast,82,3.851913515145936,0.7065794367642962,0.7088500964142742,0.4860300613685119,0.4712799756149586
ridge_own_era5_flat12,3,C_North_Australia_Coast,82,4.668360120050627,0.7525609532667147,0.9170693783962317,0.5129941045173694,0.8178064698220487
ridge_own_era5_flat12,3,C_North_Baffin_Island_Coast,82,5.336784693241852,0.7002659030542319,0.8523575872347912,0.4343322099760927,0.6265129841189802
ridge_own_era5_flat12,3,C_North_Brazil_South_Atlantic_Coast,82,9.711918844028427,0.44673942649132065,0.9125141824203041,-0.12321702842239057,0.7766848974824613
ridge_own_era5_flat12,3,C_North_Caspian_Sea_Coast,82,2.4440255703652096,0.5317866465221526,0.8257075062128684,0.2526823145988192,0.6494043800225298
ridge_own_era5_flat12,3,C_North_Chile_South_Pacific_Coast,82,2.855701666575131,0.5017435516893989,0.7920406231979529,0.20717798434047585,0.6208479753302003
ridge_own_era5_flat12,3,C_North_East_Bay_of_Bengal_Coast,82,3.373244646210585,0.3704951178505343,0.9801845588095791,0.10789602920453245,0.9596126158406385
ridge_own_era5_flat12,3,C_North_East_Siberian_Sea_Coast,82,1.8561962249314994,0.6360626696160172,0.8857498503572029,0.2825365627405534,0.7235737716532894
ridge_own_era5_flat12,3,C_North_Gulf_of_Oman_Coast,82,3.4299381921874623,0.6031499037519709,0.7458938010099114,0.31573020493088866,0.5296483755126656
ridge_own_era5_flat12,3,C_North_Korea_Bay_Korean_Peninsula,82,2.8829378959323875,0.684283891235784,0.7687644613099031,0.2110635447755218,0.38161160001121675
ridge_own_era5_flat12,3,C_North_Siberia_Coast,82,1.790339329642149,0.3981642564762932,0.9275314994389454,0.07230142935219386,0.8564593122567841
ridge_own_era5_flat12,3,C_North_St_Lawrence_Seaway_Coast,82,3.7148626432980665,0.45304368898463687,0.8352992443952536,-0.3066000533573616,0.4867440219077308
ridge_own_era5_flat12,3,C_North_Vietnam_South_China_Coast,82,4.652953139797316,0.3745069392197676,0.7219749742139413,-0.0737013085138396,0.4675635906107315
ridge_own_era5_flat12,3,C_North_West_Africa_Coast,82,1.4019228030049735,0.06204089729260811,0.39621090398871267,-0.23429494263662165,-0.22528788140651845
ridge_own_era5_flat12,3,C_Northeast_South_America_Coast,82,8.13535961390585,0.8469575884103436,0.8524216807850015,0.6907226067504258,0.718324954792843
ridge_own_era5_flat12,3,C_Northwest_Hudson_Bay_Coast,82,2.608328448403356,0.659781929921657,0.8107545341714119,0.4085278638062152,0.6480119133033231
ridge_own_era5_flat12,3,C_Northwest_Mediterranean_Coast,82,2.9965145280991514,0.5721481088528985,0.8456348079963577,0.2251338738798614,0.6733152186645837
ridge_own_era5_flat12,3,C_Norway_Coast,82,3.6378280909204737,0.3745145317462292,0.8349224564637932,0.11840776353669813,0.670891467269827
ridge_own_era5_flat12,3,C_Novaya_Zemlya,82,20.36022700860599,0.5454777708234215,0.9453859049381464,-0.10979791372894265,0.8352842733659455
ridge_own_era5_flat12,3,C_Nusa_Tenggara,82,3.1734626659128944,0.5940750744279638,0.5686944239865867,0.22325964080952954,0.27035878691179904
ridge_own_era5_flat12,3,C_Olenyok_Delta,82,9.443646817654761,0.20531923598657728,0.445059157037452,-0.024130995664978006,0.14457699983117978
ridge_own_era5_flat12,3,C_Oregon_Coast,82,3.1929774113200264,0.19405628062030095,0.9297279828810504,-0.13574648860451366,0.8323597206596348
ridge_own_era5_flat12,3,C_Papua_New_Guinea_Island,82,2.2619332921037203,0.45029748533887964,0.5904546638856152,0.18125055824012481,0.292518329377914
ridge_own_era5_flat12,3,C_Patagonia,82,3.9789978199403677,0.13623101549433916,0.5931253619603293,-0.01867846999038769,0.29146525978470605
ridge_own_era5_flat12,3,C_Peru_Pacific_Coast,82,1.5033432325872194,0.2781585414006727,0.874987855407405,0.06494891983844309,0.7568448550023774
ridge_own_era5_flat12,3,C_Philippines,82,3.0243341680873046,0.5606703644855371,0.6464348558188837,0.30477304604915956,0.41335822022324453
ridge_own_era5_flat12,3,C_Po_River_and_East_Italy_Coast,82,3.6511846951583005,0.5713830911887562,0.8579295192242072,0.2339051892200561,0.7023216212679273
ridge_own_era5_flat12,3,C_Prince_of_Wales_Island,82,3.4807343539399422,0.09056910475067986,0.3606131748663827,-0.11900289263108199,-0.016079060094795095
ridge_own_era5_flat12,3,C_Puerto_Rico,82,1.9499005573630055,0.09370437447205655,0.5652874897662398,-0.07288824171045949,0.2742223538897538
ridge_own_era5_flat12,3,C_Sakhalin_Island,82,8.83227204087291,-0.012953016273961754,0.1891883524525912,-0.12426299726577184,-0.23202260846132305
ridge_own_era5_flat12,3,C_Sardinia_and_Corsica,82,8.766327861674007,0.2710904535604117,0.43352028741866644,0.026787583110998825,0.13614735424353086
ridge_own_era5_flat12,3,C_Severnaya_Zemlya,82,28.236967275646514,0.38660088052712754,0.8561290991231333,-0.32348924965466574,0.6217366263420525
ridge_own_era5_flat12,3,C_Seward_Peninsula_Alaskan_North_Slope,82,2.5463933719950846,0.4915697734871495,0.7849952891452264,0.1920843460072188,0.5891538937683504
ridge_own_era5_flat12,3,C_Shelikhov_Gulf_Sea_of_Okhotsk_Coast,82,4.704743696711972,0.4622545301337339,0.8491984330264737,0.07417546273402498,0.6465775360328546
ridge_own_era5_flat12,3,C_Sicily,82,4.67864353114243,-0.09961911444029617,0.08932843831959347,-0.08961909186536943,-0.13250439356629307
ridge_own_era5_flat12,3,C_Solomon_Islands,82,9.000049414549068,0.28044941206067436,0.21215161689905224,0.06063423388032252,-0.09808458068823223
ridge_own_era5_flat12,3,C_Somerset_Island,82,3.3983516337590216,0.21472341861939623,0.6894425734427615,-0.18912057553647,0.361000380802186
ridge_own_era5_flat12,3,C_South_Africa_South_Coast,82,2.065326367421923,0.7228326479828777,0.7858707516411099,0.44337371338843956,0.5589850605825609
ridge_own_era5_flat12,3,C_South_Africa_West_Coast,82,1.9307740063282475,0.2972578284969718,0.5845358957354335,0.0669067092088873,0.31404283751753714
ridge_own_era5_flat12,3,C_South_Alaska_Coast_Frazer_River,82,7.440828817202113,0.5659135123353105,0.9360789862878076,0.025565682053113936,0.8455467730670629
ridge_own_era5_flat12,3,C_South_Amapa_Coast,82,7.689763994644779,0.7990508439052163,0.9325105462175205,0.4878330791714145,0.8672155706869752
ridge_own_era5_flat12,3,C_South_Australia_Coast,82,1.1945534209587687,0.5099661027275498,0.8182757873636994,0.25141198612337456,0.666535482624893
ridge_own_era5_flat12,3,C_South_Baffin_Island_Coast,82,4.334219433482629,0.5439394338953515,0.7568859987643014,0.1579312632188804,0.4637671260941726
ridge_own_era5_flat12,3,C_South_Baltic_Coast,82,3.1172031676120153,0.24802529342648752,0.7677787968046457,-0.05116258558744757,0.586515895307352
ridge_own_era5_flat12,3,C_South_Black_Sea_Coast,82,5.963222230281417,0.25933259900833017,0.7554034860928902,-0.09478063508279977,0.5440594143035881
ridge_own_era5_flat12,3,C_South_Chile_South_Pacific_Coast,82,7.062537257706684,0.2537162042393216,0.9438365968690112,-1.0685757326567975,0.7845275101643323
ridge_own_era5_flat12,3,C_South_East_Brazil_Coast,82,5.728090688358195,0.5383081691867538,0.7465654877625082,0.13647866481630122,0.4612591196792586
ridge_own_era5_flat12,3,C_South_East_Russia_Coast,82,2.9981727330318133,0.29240037860120005,0.12854780064579302,-0.04450416830788351,-0.5096665313961517
ridge_own_era5_flat12,3,C_South_Gulf_of_Aden_Coast,82,2.5243791208742925,0.554793443891218,0.3888044704209557,0.24994300403274605,0.1456486100804718
ridge_own_era5_flat12,3,C_South_Gulf_of_Oman_West_Arabian_Sea_Coast,82,1.7915047940795512,0.3745024227539232,0.5469275845469033,-0.10848826464322303,0.10564022428091768
ridge_own_era5_flat12,3,C_South_Hudson_Strait_Ungava_Bay_Coast,82,3.909971138001561,0.3177363047231001,0.8221080737455261,-0.09879215482991932,0.5827869110924839
ridge_own_era5_flat12,3,C_South_Mediterranean_Coast,82,1.5122443862207742,-0.0133937261587234,0.3321436615408654,-0.30077907596078135,-0.16514134868082908
ridge_own_era5_flat12,3,C_South_Zambezia_Coast,82,4.21966971808728,0.2522758326928486,0.8548687469138228,-0.08859205306627271,0.6887883149481018
ridge_own_era5_flat12,3,C_Southhampton_Coats_Islands,82,3.8254027173490974,0.29128664117598907,0.5652879136077428,0.04393595295694708,0.30266378520720627
ridge_own_era5_flat12,3,C_Southwest_Hudson_Bay_Coast,82,2.39128560927917,0.47635907807052114,0.889354396713511,0.19853584909404676,0.7510896256244779
ridge_own_era5_flat12,3,C_Southwest_Mediterranean_Coast,82,2.144999747500351,0.33517579254228175,0.7003527904147852,0.022860871430372076,0.3115355351420317
ridge_own_era5_flat12,3,C_Sri_Lanka,82,2.0674287139791536,0.3415460803811615,0.9144115537866903,-0.2118896616961654,0.7748514006070698
ridge_own_era5_flat12,3,C_Sulawesi,82,2.752232364338502,0.5992764665075376,0.5882991999163714,0.3466129015914642,0.3146323236226938
ridge_own_era5_flat12,3,C_Sumatra,82,3.5238257366945516,0.3327171586732957,0.6209554127411316,-0.17873347023498765,0.12936381590577095
ridge_own_era5_flat12,3,C_Svalbard,82,26.75241988976507,0.6085810726929654,0.9651965741176719,0.056537255796374586,0.9028375647570103
ridge_own_era5_flat12,3,C_Sweden_Coast,82,3.7369046712071343,0.09436962899104276,0.740027522855931,-0.05356637704595202,0.5460214182522145
ridge_own_era5_flat12,3,C_Taiwan,82,2.030330846897721,0.3105173931013717,0.6711981612237066,0.07876084695544516,0.44631975941835134
ridge_own_era5_flat12,3,C_Tasmania,82,2.8064024130541863,0.3895354825301553,0.7664956719836985,0.09878917667194842,0.5780899486754276
ridge_own_era5_flat12,3,C_Texas_Gulf_Coast,82,4.046562511402309,0.508595690632754,0.6658945488700216,0.12570013080596765,0.4159608253170487
ridge_own_era5_flat12,3,C_Thar_Desert_Sabarmati_River_Gulf_of_Cambay_Luni_Delta,82,5.042711568396202,0.6411671355444836,0.7595772307154143,0.39737476411543815,0.5678534584971682
ridge_own_era5_flat12,3,C_US_East_Gulf_of_Mexico_North_Atlantic_Coast,82,4.26504925972921,0.6764855396336178,0.6773690792043637,0.4573525920469972,0.44993865749612394
ridge_own_era5_flat12,3,C_US_North_Atlantic_Coast,82,3.044301536327527,0.23556278697535782,0.8322113435270279,-0.003656965800167278,0.6793418896722099
ridge_own_era5_flat12,3,C_Uda_Basin,82,3.414985705738545,0.3253066173947999,0.5705929408274989,0.10172684144310806,0.2943147807472871
ridge_own_era5_flat12,3,C_Uruguay_South_Brazil_Coast,82,5.594803554456932,0.4773099639843035,0.5471494724253574,0.10301197886541069,0.23158527161889164
ridge_own_era5_flat12,3,C_Victoria_Island,82,2.8473557785472483,0.007442344060610009,0.6869936026247411,-0.20835938879967553,0.44866028326072016
ridge_own_era5_flat12,3,C_Vietnam_Coast,82,3.4215880434758543,0.677826472692177,0.9696666721715991,0.37364903515237124,0.9315910212779185
ridge_own_era5_flat12,3,C_West_Africa_Coast,82,2.3758722417927713,0.258352616324851,0.9819587455068947,-0.016037643214493524,0.9548500433437712
ridge_own_era5_flat12,3,C_West_Australia_Coast,82,2.0027268445812667,0.27627146631891064,0.4976267368272454,-0.12257352189516024,0.09835357083029972
ridge_own_era5_flat12,3,C_West_Barents_Sea_Coast,82,3.1465023483929992,0.30304245307028094,0.8774332881525675,0.08719517834271728,0.7437335958234017
ridge_own_era5_flat12,3,C_West_Black_Sea_Coast,82,5.862725613894564,0.3130421143085336,0.7537074391250825,0.06045780440282911,0.5624504099856638
ridge_own_era5_flat12,3,C_West_Caspian_Sea_Coast,82,3.734998494113414,0.4967374188126399,0.8541667088068138,0.22505419023298812,0.7159735344817266
ridge_own_era5_flat12,3,C_West_Continental_Europe,82,2.7421309679959647,0.6965251394464742,0.8804746892354909,0.46498650294750055,0.763929211113874
ridge_own_era5_flat12,3,C_West_Italy_Coast,82,2.974664454717075,-0.115920575727744,0.8509836512585022,-0.3308166363648042,0.7072892109299407
ridge_own_era5_flat12,3,C_West_Mississippi_Delta,82,5.140955397133931,0.5589073493633617,0.8325820320650652,0.2919888871295546,0.6654306359517373
ridge_own_era5_flat12,3,C_West_Nile_Delta,82,2.3175525963054144,-0.04514709440342344,0.4078711895963923,-0.4766603207068554,-0.13913437130201767
ridge_own_era5_flat12,3,C_West_Red_Sea_Coast,82,2.188967223021366,0.38432611498813485,0.6169568523637612,0.09512578584165898,0.30549390539921717
ridge_own_era5_flat12,3,C_Yamal_Peninsula,82,3.717677260491553,0.23053501095625636,0.8256706524295404,-0.05862640590281609,0.6480000212336874
ridge_own_era5_flat12,3,C_Yellow_Sea_Coast,82,4.521091529465604,0.7695503629234881,0.7326181507097946,0.44877000151748614,0.4327912261507756
ridge_own_era5_flat12,3,C_Yenisey_Gulf_Coast,82,3.951289301000953,0.3080616857589457,0.8713280881002461,0.06413700373218056,0.7541126402117192
ridge_own_era5_flat12,3,C_Ziya_He_Interior_Coast,82,5.164752175722925,0.839088450931809,0.8493734455697115,0.535934104414231,0.5592630099750677
ridge_own_era5_flat12,3,E_Altai_Mountains,82,1.397976124892591,0.1961500598334042,0.2687689278016418,-0.07002566529372833,-0.09966225397639561
ridge_own_era5_flat12,3,E_Amu_Darya,82,2.666726919283228,0.5596081074490777,0.9134400847021842,0.1564833476298818,0.7817198088282777
ridge_own_era5_flat12,3,E_Australia_Northwest_Plateau,82,4.637480495745796,0.7322617798080915,0.8102402240020584,0.4637434607802172,0.5921849030895809
ridge_own_era5_flat12,3,E_Badain_Jaran_Desert,82,1.1563830942689652,0.3043460663886373,0.564750134022371,0.08923773146930392,0.31642810248026465
ridge_own_era5_flat12,3,E_Central_Iran,82,2.8516823245229013,0.6163629378966999,0.8513828504525935,0.33461315941637515,0.7047711307442491
ridge_own_era5_flat12,3,E_Central_Mongolia,82,2.3279035470133254,0.38338777735763585,0.4316448075449518,0.09197543250183593,0.11987332405030604
ridge_own_era5_flat12,3,E_Dayan_Khyargas_Uvs_Nuur_Basins,82,1.544505706772543,0.5388766947243037,0.6252946774760435,0.2717167303476634,0.3647064526485878
ridge_own_era5_flat12,3,E_East_Gobi_Desert,82,1.8156670572220814,0.6558486132250549,0.6214131322322399,0.32940588334255316,0.28493169685041675
ridge_own_era5_flat12,3,E_Egyptian_Western_Desert,82,1.6144628851117064,0.2130542320876664,0.4459102159877937,-0.3696621189931515,-0.21031630138152346
ridge_own_era5_flat12,3,E_Farahrud_Helmand_Hamun_i_Mashkel,82,2.870337697725217,0.40919871636990157,0.7808428312792257,0.020394715546291575,0.542039661271575
ridge_own_era5_flat12,3,E_Great_Basin_Great_Salt_Lake,82,3.4547624166777617,0.7651934478523742,0.844665148593806,0.575946430468671,0.6994601522746925
ridge_own_era5_flat12,3,E_Great_Victoria_Desert,82,1.7029983056408808,0.45884915940597704,0.31297911739850715,0.17355848492391235,-0.024053034094703607
ridge_own_era5_flat12,3,E_Jordan_Northwest_Saudi_Arabia,82,3.282737439423504,0.17357427977215162,0.7262722006968233,-0.09913827051086521,0.45950214985132454
ridge_own_era5_flat12,3,E_Junggar_Pendi,82,2.4336801639494756,0.56917543448468,0.8255373438920174,0.0220138283024085,0.5107578813831115
ridge_own_era5_flat12,3,E_La_Puna_Altiplano,82,2.1132957916351707,0.4755648610353941,0.7724255214719572,0.16126384336349753,0.5636726811941373
ridge_own_era5_flat12,3,E_Lake_Eyre_Basin,82,2.449241121150997,0.7200546775750775,0.6739848786695929,0.5095366620753744,0.44614459963630304
ridge_own_era5_flat12,3,E_Lake_Rukwa_Basin,82,11.216818752474952,0.6280524756111865,0.8835447998835815,0.019149057532485636,0.6535229155186737
ridge_own_era5_flat12,3,E_Lakes_Balkash_Alakol,82,2.2712073050314054,0.5358197492160854,0.8731455486245309,0.08129460764907637,0.720650690967674
ridge_own_era5_flat12,3,E_Libyian_Desert,82,1.018609351855794,0.1780976981310232,0.5777450157318952,-0.006619899216932845,0.30883874129643085
ridge_own_era5_flat12,3,E_Lower_Lake_Chad,82,5.913016083203423,0.5895628907155052,0.9352500594792107,-0.5186477894808503,0.7476672609711958
ridge_own_era5_flat12,3,E_North_Central_Arabia,82,2.1507273011825068,0.06036868868013366,0.6707118545719752,-0.062307755511944674,0.4397832242333274
ridge_own_era5_flat12,3,E_North_Plateau_of_Tibet,82,2.692369020191714,0.49197876641524774,0.4323229838142741,0.2009149660506001,0.10226899592660632
ridge_own_era5_flat12,3,E_Northern_Kordofan,82,2.5228562279318014,0.49064392314271127,0.6565327920471075,0.11584811585119026,0.3308181715311662
ridge_own_era5_flat12,3,E_Plateau_of_Tibet,82,1.6924772325130077,0.4941950910188776,0.7000087988737278,0.1855446530194832,0.4510017120469727
ridge_own_era5_flat12,3,E_Qinghai_Lake,82,1.8930720337441254,0.7824202322719271,0.5487338480380002,0.611841492009924,0.219802176438613
ridge_own_era5_flat12,3,E_Rift_Valley,82,5.100756024777508,0.5765134912726858,0.5824711686633003,-0.04754976837319158,-0.45538040945123526
ridge_own_era5_flat12,3,E_Rub_al_Khali_Desert,82,1.5805715602069983,0.0027976701684761904,0.4332025987600984,-0.10926364879505512,0.1172667948582975
ridge_own_era5_flat12,3,E_Sahara,82,0.7837518142925388,0.07892064889290418,0.2903164396219933,-0.04899185901707481,0.007242725231909719
ridge_own_era5_flat12,3,E_Saharan_and_Algerian_Atlas,82,1.514741086888312,0.23938806934584528,0.8734347203559646,-0.48723069671065744,0.5857733168498058
ridge_own_era5_flat12,3,E_Salinas_Grande_Mar_Chiquita,82,2.6431010706454625,0.7901368804623472,0.8181341193773276,0.5677387847719031,0.5999846565419324
ridge_own_era5_flat12,3,E_South_Interior_Africa,82,3.5442962358933636,0.7811378072689726,0.8589397811212246,0.5711809143795654,0.7155364514917857
ridge_own_era5_flat12,3,E_Syr_Darya,82,1.819546343474664,0.622290524940026,0.9020645082602525,0.3252848809011626,0.8004777170658988
ridge_own_era5_flat12,3,E_Tarim_He_Lop_Nur,82,1.154357699964259,0.609051847899689,0.8393842363434463,0.29237714470438925,0.6650319702059181
ridge_own_era5_flat12,3,E_Turpan_Pendi,82,2.491793161169281,0.40765994377127496,0.7785178466680188,-0.16894146677296273,0.44684216327984516
ridge_own_era5_flat12,3,E_Upper_Lake_Chad,82,1.9738981562106752,0.5786290527427702,0.7657360574240224,-0.040028275560221926,0.3579097004352665
ridge_own_era5_flat12,3,R_Amazon_River,82,4.006990155262363,0.7721644337382226,0.9701147886652967,0.5825843347136934,0.9379118158978329
ridge_own_era5_flat12,3,R_Amur_River,82,2.3253230525537,0.6331860953951398,0.33265259097523225,0.34781742720612396,-0.33004753012951027
ridge_own_era5_flat12,3,R_Colorado_River_Argentina,82,3.7083140044317764,0.2545819637406517,0.3989043001148326,-0.31625095075575116,-0.1768751204301391
ridge_own_era5_flat12,3,R_Colorado_River_of_the_West_North_America,82,2.3309674410881818,0.6353286283138981,0.7904956614687486,0.36956613161928276,0.599224788613089
ridge_own_era5_flat12,3,R_Columbia_River,82,2.6631463881602193,0.23089420398540786,0.9723329592120643,-0.7943429678973395,0.9096065825885439
ridge_own_era5_flat12,3,R_Congo_River,82,3.8887906868084503,0.607319085000095,0.7818731727730744,0.09125359228564,0.43737103817198597
ridge_own_era5_flat12,3,R_Danube_River,82,2.9784883083763827,0.4782763470138215,0.894300356115132,0.06184657812140115,0.7657628939823415
ridge_own_era5_flat12,3,R_Dnieper_River,82,3.8315763785949564,0.770121794590746,0.8447525545139782,0.5886713909778799,0.7089642567920331
ridge_own_era5_flat12,3,R_Don_River,82,3.668147308221955,0.8370350064329649,0.9122151121314065,0.6563988970925894,0.8072626003133158
ridge_own_era5_flat12,3,R_Ganges_Bramaputra_Basin,82,3.580749145394299,0.5208386665504791,0.9581239845636105,-0.0337472790629636,0.8812242351652858
ridge_own_era5_flat12,3,R_Indus_River,82,4.359011472739626,0.4783936534512774,0.8394611927699311,-0.24643881248081256,0.5301294116026605
ridge_own_era5_flat12,3,R_Lena_River,82,1.8543114778935186,0.41167868091662735,0.8745646161404454,0.03175488610645261,0.7625595225986416
ridge_own_era5_flat12,3,R_Limpopo_River,82,5.299450229953157,0.7373048583238435,0.8478173475000301,0.3438536299340681,0.5237266149171153
ridge_own_era5_flat12,3,R_Mackenzie_River,82,2.4672017935248607,0.9240061314393891,0.9416971815914833,0.8070536948709786,0.8699666039906062
ridge_own_era5_flat12,3,R_Magdalena_River,82,4.48778625543042,0.5852162270878771,0.8204395884889191,0.3136149031593489,0.5808482959716503
ridge_own_era5_flat12,3,R_Mekong_River,82,4.508235986054492,0.7553183751449916,0.9473180061428802,0.5280932865171843,0.8902496283493875
ridge_own_era5_flat12,3,R_Mississippi_River,82,2.467002824958199,0.8584745873637759,0.9342261908019511,0.6830728800233877,0.8342093411989115
ridge_own_era5_flat12,3,R_Murray_Darling_River,82,3.229807715918149,0.7014392622081933,0.7051119861610097,0.4826992746367823,0.47774885017867785
ridge_own_era5_flat12,3,R_Niger_River,82,2.906105443743866,0.3896247580853991,0.9609144721935426,-0.7200186827867312,0.843256049762801
ridge_own_era5_flat12,3,R_Nile_River,82,3.647394550218641,0.3255943570101359,0.8506741780352092,-0.7427784241770012,0.5388774749491008
ridge_own_era5_flat12,3,R_Ob_River,82,2.2490204154222537,0.791149854293391,0.9233445686181496,0.5891414974346312,0.84967705413676
ridge_own_era5_flat12,3,R_Orange_River,82,2.688638438896726,0.6528012752481385,0.6818256970360365,0.3744771816280241,0.418035529944105
ridge_own_era5_flat12,3,R_Orinoco_River,82,5.185271219383594,0.6821277307108736,0.9468214040810531,0.41489177768166574,0.8865672862158973
ridge_own_era5_flat12,3,R_Parana_River,82,4.024115307280161,0.5469667445198471,0.8046100252591265,0.08411617425552143,0.4803936218863851
ridge_own_era5_flat12,3,R_Parnaiba_River,82,6.426443628659412,0.6564167442383596,0.9068917710052615,0.05591428831055867,0.7026681830551409
ridge_own_era5_flat12,3,R_Rio_Grande_Rio_Bravo,82,3.5002561572928164,0.18145770925278581,0.6596361185411216,-0.4275425854112771,0.1686902084265508
ridge_own_era5_flat12,3,R_Saint_Lawrence_River,82,4.219717942159037,0.8559090658461889,0.8168368907308662,0.7215424360295968,0.6532460645266247
ridge_own_era5_flat12,3,R_Sao_Francisco_River,82,7.521611548427692,0.6011531736020557,0.7859293190339263,0.22118792959203504,0.5363122170073413
ridge_own_era5_flat12,3,R_Saskatchewan_Nelson_Rivers,82,2.8206995671086,0.6056474128240188,0.840812865725073,0.20560492192644686,0.6687084747901155
ridge_own_era5_flat12,3,R_Senegal_River,82,2.5793852244895636,0.4632780278035127,0.9249704432882778,0.14550197011976218,0.8373156535060229
ridge_own_era5_flat12,3,R_Shebelli_Juba_Rivers,82,4.029944940155089,0.5967604825587225,0.6792457964619868,0.163294887636247,0.31619896735241926
ridge_own_era5_flat12,3,R_Tigris_Euphrates_River,82,3.2257515036601783,0.8551126674806803,0.9118811479867451,0.729640892943797,0.8242759963719003
ridge_own_era5_flat12,3,R_Tocantins_River,82,6.918405317063732,0.47889731454740425,0.9217186960757886,0.1773267934884588,0.8403381543229048
ridge_own_era5_flat12,3,R_Volga_River,82,2.767066700753588,0.5621141001035267,0.92266544025749,0.26294030991028705,0.8385637106496237
ridge_own_era5_flat12,3,R_Volta_River,82,3.0361962049826694,0.41368309136684295,0.9430708012009976,0.10693165659841608,0.8758768088841327
ridge_own_era5_flat12,3,R_Yangtze_River,82,3.5791607724765853,0.46428636254885364,0.6388521912665962,0.1377383834189264,0.3477540808673447
ridge_own_era5_flat12,3,R_Yellow_River_Huang_He,82,2.0888327343978816,0.37750588574613575,0.5573763567024477,0.12862361864806815,0.2998019862442717
ridge_own_era5_flat12,3,R_Yenisey_River,82,1.5322973939016549,0.2670137256047319,0.9279312308392703,-0.1623188037191512,0.84325662022747
ridge_own_era5_flat12,3,R_Yukon_River,82,2.1741107319268576,0.3378863004520554,0.9376318700109738,-0.3695798449042118,0.81180865917105
ridge_own_era5_flat12,3,R_Zambezi_River,82,4.247347370989467,0.7498967401499105,0.9374731841454458,0.5400267435003284,0.8756986253747322
ridge_own_era5_flat12,4,C_Aleutians_South_Alaska_Coast,81,5.608637567252067,0.6992141634401181,0.9372540066895017,0.4674502282459225,0.8654338174779157
ridge_own_era5_flat12,4,C_Amazon_River_Delta,81,7.495248355612098,0.672868620892398,0.9392746104921494,0.41352971511395464,0.8696106888968139
ridge_own_era5_flat12,4,C_Angola_Coast,81,3.973732601149663,0.7078263728333472,0.8696730422986437,0.4469170488833051,0.7312377100811109
ridge_own_era5_flat12,4,C_Balkan_Peninsula_and_Adriatic_Coast,81,2.9680077468343593,0.19834035996524932,0.9371247095189434,-0.12774845742621443,0.8668359312932525
ridge_own_era5_flat12,4,C_Banks_Island,81,8.213916401660688,0.07964702098778766,0.41650330714066014,-0.05158928625113868,0.13254808207903324
ridge_own_era5_flat12,4,C_Beaufort_Sea_Coast,81,2.0849963573988815,-0.056529669214781635,0.8857045144649873,-0.1399823292049467,0.7835263365249836
ridge_own_era5_flat12,4,C_Bight_of_Benin_Coast,81,4.915348009437833,0.5536930364419533,0.9085398537181464,0.29028255298837036,0.8219433769798661
ridge_own_era5_flat12,4,C_Bismark_Sea_Islands,81,3.252882036548257,0.5538525641580943,0.4109191053225638,0.2170109876086792,0.05562111317792595
ridge_own_era5_flat12,4,C_Borneo,81,4.202625336022774,0.41666959460371267,0.39208496658050596,0.08788537910969296,-0.13841054975717282
ridge_own_era5_flat12,4,C_Buor_Khaya_Gulf_Coast,81,4.370466558727025,0.16555101242429274,0.7302584457024274,-0.03820129083481727,0.5118344298017008
ridge_own_era5_flat12,4,C_California_and_Baja_California,81,3.198688507306034,0.7043600573627999,0.8512494532133582,0.49210102314308446,0.7234032994767581
ridge_own_era5_flat12,4,C_Canadian_South_Arctic_Ocean_Coast,81,1.978027491541662,0.17616840104458972,0.8237278118600322,-0.2480922977567075,0.6106761231680888
ridge_own_era5_flat12,4,C_Capim_River_Delta,81,9.724002571157374,0.5187250211492828,0.9090785910743497,0.21016327554797565,0.8040966964985637
ridge_own_era5_flat12,4,C_Carribean_Coast,81,3.8621881388081127,0.6523649323967214,0.9070695167844656,0.4112159390861969,0.8079434004583386
ridge_own_era5_flat12,4,C_Central_America_Gulf_of_Mexico_Caribbean_Coast,81,3.3580556916956494,0.5868176794122365,0.9077609475240466,0.2867260424166407,0.8114548058347651
ridge_own_era5_flat12,4,C_Central_American_Pacific_Coast,81,3.2473747137547457,0.2417682570906414,0.8968456524474264,-0.5036183068765439,0.6871352674518127
ridge_own_era5_flat12,4,C_Chao_Phraya_River_Gulf_of_Thailand_Coast,81,6.524103145146344,0.5694267966726815,0.906726479500854,0.22440504673079176,0.7885960601331701
ridge_own_era5_flat12,4,C_Chukchi_Peninsula,81,4.554881463635833,0.2337724237674833,0.7772578778347484,0.0439806479439393,0.6005163431181071
ridge_own_era5_flat12,4,C_Churchill_Seal_Rivers,81,3.3996916530068764,0.725456492307253,0.8215503146880447,0.494325210628335,0.6407982208897065
ridge_own_era5_flat12,4,C_Columbia_Ecuador_Pacific_Coast,81,2.0369390963949874,0.09221561686543531,0.6896880436535968,-0.009980549663283877,0.4750659319546696
ridge_own_era5_flat12,4,C_Crimea_West_Azov_Sea_Coast,81,7.620851736439618,0.413182426056804,0.680869396276945,0.15042845150207595,0.4353238822367874
ridge_own_era5_flat12,4,C_Cuba,81,2.588460308447166,0.13066262382218746,0.783446940421196,-0.0692482838869577,0.5629994620678149
ridge_own_era5_flat12,4,C_Deccan_Plateau_East_Indian_Subcontinent_Coast,81,4.57065436447164,0.47551587845911836,0.9580453508803494,-0.2263540196280882,0.8717841056680733
ridge_own_era5_flat12,4,C_Denmark_Germany_Coast,81,7.512331319174159,0.27567163366524117,0.4575586115243589,0.06893124823405272,0.1980294657833065
ridge_own_era5_flat12,4,C_East_Australia_Coast,81,3.1115747873378377,0.5101285790605985,0.45773127545718245,0.2280394066639233,0.13609750048595481
ridge_own_era5_flat12,4,C_East_Azov_Sea_Northeast_Black_Sea_Coast,81,9.458301049611794,0.45964430798907885,0.6250413360810321,0.2103419848790422,0.38327648816117466
ridge_own_era5_flat12,4,C_East_Barents_Sea_Coast,81,3.181862049723886,0.5638321950331006,0.91768463541021,0.2309762669393567,0.816262193566091
ridge_own_era5_flat12,4,C_East_Beaufort_Sea_Amundsen_Gulf_Coast,81,2.6639399389787295,0.39265985092824585,0.7686810406261139,0.1470405836636216,0.5751887481680981
ridge_own_era5_flat12,4,C_East_Brazil_South_Atlantic_Coast,81,4.414561836728847,0.47678998753246693,0.8478621500858771,-0.18925328018712806,0.5578643074848217
ridge_own_era5_flat12,4,C_East_Caspian_Sea_Coast,81,2.677573789655477,0.7166980948732179,0.9131587341205655,0.4012803914435661,0.7860451090253636
ridge_own_era5_flat12,4,C_East_Central_Africa_Coast,81,5.948976063926892,0.3823548131761165,0.9054315814802841,-0.7702811364416731,0.5996930986928954
ridge_own_era5_flat12,4,C_East_China_Coast,81,5.680973510659925,0.25579722724509757,0.6750935094606816,-0.11118307097753588,0.35976252984450696
ridge_own_era5_flat12,4,C_East_Hudson_Bay_Coast,81,3.447861331817722,0.29365437424100327,0.6799525239248473,-0.08054802664291749,0.38485299662847583
ridge_own_era5_flat12,4,C_East_Mediterranean_Coast,81,4.119237418347877,0.2870246099731078,0.8537052038561893,-0.1824419601290792,0.6786622630218646
ridge_own_era5_flat12,4,C_East_Mississippi_Delta,81,5.479446602298879,0.5104198323028181,0.8299208145021847,0.22619921788917197,0.6589952807869557
ridge_own_era5_flat12,4,C_East_Nile_Delta,81,2.854171047600414,-5.2478497598069785e-05,0.44540612692256704,-0.5012422524209457,-0.14613385025561287
ridge_own_era5_flat12,4,C_East_Ob_Bay_Coast,81,3.147280740351696,0.5511196252789111,0.9214861047146728,0.2543506869418124,0.8164296195211942
ridge_own_era5_flat12,4,C_East_Red_Sea_North_Gulf_of_Aden_Coast,81,1.7335349468112256,0.22976609199542183,0.5968590742960233,0.0036656929958512885,0.29645491621128617
ridge_own_era5_flat12,4,C_East_Timor_Islands,81,3.198021193045008,0.45661031576078465,0.5459276016173105,0.15725808331948166,0.27447522894469023
ridge_own_era5_flat12,4,C_Ellef_Ringnes_Bathurst_Devon_Islands,81,3.4822566323986206,0.39291085321362207,0.6303416857015852,-0.26223269183782705,0.10746030455081068
ridge_own_era5_flat12,4,C_Ellesmere_Island,81,5.248095750728392,0.7457083918113736,0.9593008788367742,0.3525234146627335,0.8861167578409185
ridge_own_era5_flat12,4,C_Great_Britain,81,3.3524796691269305,0.02742033349552943,0.5307409105524703,-0.2548187721258721,0.11447169570762783
ridge_own_era5_flat12,4,C_Greater_Dniester_Basin,81,4.959129624868671,0.25014385246197196,0.801400632677044,-0.44678091484585725,0.49873388576434874
ridge_own_era5_flat12,4,C_Gulf_of_Darien_Coast,81,3.879070214854588,0.44738971186058474,0.8514257592384676,0.17257927108142868,0.6802105411590398
ridge_own_era5_flat12,4,C_Gulf_of_Guinea_Coast,81,3.953927119322349,0.5560733197640971,0.7450428928821459,0.23501387152579678,0.5256744570003147
ridge_own_era5_flat12,4,C_Gydan_Bay_Coast,81,4.230928175648651,0.3460285495441503,0.870188993836342,0.08199979439938954,0.7489587280988959
ridge_own_era5_flat12,4,C_Hainan,81,5.412562745051431,0.12613204697996194,0.7870053120831252,-0.03454625979174364,0.6115954899605428
ridge_own_era5_flat12,4,C_Halmahera_Islands,81,3.082684727346823,0.28880300471601983,0.3194722414212185,0.06450578614517499,0.06720514687379975
ridge_own_era5_flat12,4,C_Hispaniola,81,2.1122764275797836,-0.05466400754405534,0.5448264305837843,-0.22144011101939198,0.14783516594657276
ridge_own_era5_flat12,4,C_Hokkaido,81,4.122508797870395,0.05299546090873769,0.6564727793777667,-0.044046398433838174,0.40668355370771847
ridge_own_era5_flat12,4,C_Hub_Porali_Basin,81,4.305218722268857,0.3588896215215925,0.5588117164924511,-0.04806359167960106,0.1719444516005777
ridge_own_era5_flat12,4,C_Iberian_Atlantic_Coast,81,3.6132002624805875,0.30841411450449174,0.8443667341773518,0.0865607368793837,0.6977780318671952
ridge_own_era5_flat12,4,C_Iceland,81,9.712154502319478,0.40581125740724905,0.8466481056556695,0.1515905725435367,0.71371288259535
ridge_own_era5_flat12,4,C_India_West_Coast,81,4.936999675971174,0.08820862554607112,0.9516083274603495,-0.716995202147966,0.8514007690150817
ridge_own_era5_flat12,4,C_Indian_Ocean_Africa_Coast,81,5.235078029894209,0.42458815196786,0.7676994777956349,-0.019129193994639193,0.4795712797231618
ridge_own_era5_flat12,4,C_Ireland,81,2.3467938011907417,0.06829794572384205,0.6207425539941654,-0.06578752663391874,0.31560433119068365
ridge_own_era5_flat12,4,C_Irrawaddy_Sittang_Salween_Basin,81,4.047591404525158,0.42948093660493236,0.9521746374608822,0.18159153819936236,0.9037084468537797
ridge_own_era5_flat12,4,C_Jamaica,81,3.02125804568441,0.06591817733244461,0.1541693039623137,-0.025341854571159672,-0.015098924990140539
ridge_own_era5_flat12,4,C_Japan,81,4.184460858417948,0.19947133440250364,0.407838873106654,-0.48938152815302427,-0.7160323282843708
ridge_own_era5_flat12,4,C_Java,81,3.413329931836242,0.583324315447781,0.7219001965278137,0.2612470047900217,0.5132852066503657
ridge_own_era5_flat12,4,C_Kamchatka_Peninsula,81,3.2223431715983004,0.3915891779649519,0.9445170372797449,0.12206404193668041,0.884552925015688
ridge_own_era5_flat12,4,C_La_Plata_Delta,81,6.041961891510912,0.6169529754511881,0.6112052476150178,0.35351822016963186,0.33837392095664776
ridge_own_era5_flat12,4,C_Labrador_Sea_Coast,81,3.734492928748716,0.6049825922937063,0.8541822139950122,0.30123941687103073,0.6977305240855838
ridge_own_era5_flat12,4,C_Madagascar,81,4.135513380584529,0.3082528337035732,0.8737751141793881,0.06282612586300695,0.7531572627022424
ridge_own_era5_flat12,4,C_Malaysian_Peninsula_Coast,81,4.914764000973771,0.35648003046888543,0.6584467775211924,-0.007033007632154531,0.3198411908301375
ridge_own_era5_flat12,4,C_Maluku,81,4.006778093809678,0.2825513883336162,0.2920347845801906,0.07807475926724572,0.049700461099140836
ridge_own_era5_flat12,4,C_Melville_Prince_Patrick_Islands,81,7.1904083605495215,0.6709346152281107,0.8355866888425152,0.2948532060061717,0.6038407375264591
ridge_own_era5_flat12,4,C_Namibia_Coast,81,2.426422053413162,0.2637112606560306,0.29922277115437645,-0.1229157796349829,-0.10695918315514974
ridge_own_era5_flat12,4,C_Neva_River_Finland_Coast,81,2.9339165837028753,0.36345446322989006,0.8170712489078525,-0.00846505082163107,0.6227645988554852
ridge_own_era5_flat12,4,C_New_Brunswick_and_Nova_Scotia_Coast,81,5.008163838801428,0.13417502782700153,0.7912369541311051,-0.13681186686319324,0.5665904113786728
ridge_own_era5_flat12,4,C_New_Siberian_Islands,81,51.46574688892875,0.18969319589904865,0.3240743725321242,-0.09948883181712542,-0.02590487869997138
ridge_own_era5_flat12,4,C_New_Zealand_North_Island,81,2.325631896770911,0.302041440056373,0.7716281067156613,-0.021124486189407543,0.5460154248049842
ridge_own_era5_flat12,4,C_New_Zealand_South_Island,81,2.55390630000968,-0.0643332474493481,0.7029795243784467,-0.05186470558315426,0.4832278191143734
ridge_own_era5_flat12,4,C_Nigerian_Delta,81,5.974390322892802,0.08635240785772132,0.9400808305045566,-0.0038914424875831077,0.8751086390964645
ridge_own_era5_flat12,4,C_North_Argentina_South_Atlantic_Coast,81,4.131717896990336,0.6544863945679738,0.6477998076103314,0.404847120502028,0.3669550026082544
ridge_own_era5_flat12,4,C_North_Australia_Coast,81,5.0692422289963694,0.7311518885802323,0.9030728329157273,0.42472800208432027,0.7835843641513589
ridge_own_era5_flat12,4,C_North_Baffin_Island_Coast,81,5.368160162737829,0.7055875748377748,0.8547757854117253,0.4277323395158543,0.6230646287985016
ridge_own_era5_flat12,4,C_North_Brazil_South_Atlantic_Coast,81,10.267839559155373,0.39538245716175024,0.9075267605308142,-0.25447063115013724,0.7483065528929925
ridge_own_era5_flat12,4,C_North_Caspian_Sea_Coast,81,2.4763288297314032,0.5197278342099123,0.8228850358119809,0.24933698469887267,0.6433530830662374
ridge_own_era5_flat12,4,C_North_Chile_South_Pacific_Coast,81,2.970713355501351,0.4411908704205927,0.7666757465231613,0.1377091618731635,0.5798698011206092
ridge_own_era5_flat12,4,C_North_East_Bay_of_Bengal_Coast,81,3.489099529467148,0.28056253359324146,0.9787061376512086,0.04993739008312292,0.956404289636138
ridge_own_era5_flat12,4,C_North_East_Siberian_Sea_Coast,81,1.8863227945151388,0.6021466789445844,0.8654723313787192,0.2563471280668732,0.7031399164135016
ridge_own_era5_flat12,4,C_North_Gulf_of_Oman_Coast,81,3.66445548748056,0.5100709663528852,0.7026156722989443,0.22569295969480263,0.468694085451256
ridge_own_era5_flat12,4,C_North_Korea_Bay_Korean_Peninsula,81,3.2983645667177734,0.5989628100457761,0.7158254809145469,-0.06609783989391538,0.16365048916640013
ridge_own_era5_flat12,4,C_North_Siberia_Coast,81,1.8183729355836928,0.38720850627405956,0.9261034777309635,0.07085429617198313,0.8520169000409157
ridge_own_era5_flat12,4,C_North_St_Lawrence_Seaway_Coast,81,4.094708832341343,0.3159567294079448,0.8183598452209615,-0.6146918894565689,0.38126292465916767
ridge_own_era5_flat12,4,C_North_Vietnam_South_China_Coast,81,5.039593290408593,0.23620521721830756,0.6702573829234374,-0.25319216778317744,0.3706989691527527
ridge_own_era5_flat12,4,C_North_West_Africa_Coast,81,1.520427955687857,-0.10886267491690918,0.3526658446389268,-0.4357839271823485,-0.4511900379393079
ridge_own_era5_flat12,4,C_Northeast_South_America_Coast,81,9.395079618912627,0.7905636585511765,0.7980431486937788,0.5933872886476479,0.6288461068644161
ridge_own_era5_flat12,4,C_Northwest_Hudson_Bay_Coast,81,2.808883995859981,0.5945701846922818,0.7796509635128757,0.32015521261976343,0.5955353664249334
ridge_own_era5_flat12,4,C_Northwest_Mediterranean_Coast,81,3.173264934818708,0.5298063228668817,0.8263002995052698,0.1440325163422519,0.6304638836693921
ridge_own_era5_flat12,4,C_Norway_Coast,81,3.7746271324946394,0.2938346832136256,0.8270012641251677,0.048223227776943656,0.6499948293218407
ridge_own_era5_flat12,4,C_Novaya_Zemlya,81,21.780020323471444,0.5082084273109848,0.940656334644129,-0.2609972798451665,0.8106684101746053
ridge_own_era5_flat12,4,C_Nusa_Tenggara,81,3.3802527691465967,0.4799889879327999,0.4729605631507009,0.12352544850702551,0.17625830617499805
ridge_own_era5_flat12,4,C_Olenyok_Delta,81,9.400717994477484,0.24456579447123605,0.44519144440411873,-0.009003604272437071,0.1395716814722704
ridge_own_era5_flat12,4,C_Oregon_Coast,81,3.255263647003355,0.20232464474916534,0.9305834130093853,-0.18247222563120857,0.8260354878893135
ridge_own_era5_flat12,4,C_Papua_New_Guinea_Island,81,2.4393433274606386,0.3142013494709104,0.5112913005506026,0.058030124426771024,0.1690149761222529
ridge_own_era5_flat12,4,C_Patagonia,81,4.034206031231578,0.1055725208160121,0.5711563765228636,-0.0314226826697761,0.25178770462526856
ridge_own_era5_flat12,4,C_Peru_Pacific_Coast,81,1.5385622290397345,0.19717177617462325,0.8699022882188753,0.016821681289879264,0.7472519542645651
ridge_own_era5_flat12,4,C_Philippines,81,3.174407493617828,0.5076275735562978,0.6042329123276822,0.24359706794540104,0.35871374149592095
ridge_own_era5_flat12,4,C_Po_River_and_East_Italy_Coast,81,3.8165721028922976,0.5582542315004662,0.849883710083044,0.16641766708915884,0.6728759698104008
ridge_own_era5_flat12,4,C_Prince_of_Wales_Island,81,3.540741154950228,0.021367519842497316,0.33331963718533186,-0.1805714346377476,-0.039051769574732775
ridge_own_era5_flat12,4,C_Puerto_Rico,81,2.0094424143704015,-0.05093619566065306,0.5371564618531759,-0.12993698263515618,0.23381817699826646
ridge_own_era5_flat12,4,C_Sakhalin_Island,81,9.117009274830734,-0.19828230577376463,0.12387160109010899,-0.18351952774972236,-0.30420926418948646
ridge_own_era5_flat12,4,C_Sardinia_and_Corsica,81,8.851433075733949,0.22803320094622687,0.421413547137134,0.0018759383865798451,0.11694870404672975
ridge_own_era5_flat12,4,C_Severnaya_Zemlya,81,29.364793490954295,0.3884239264870148,0.8553392290219223,-0.4550778875710859,0.5803292491253422
ridge_own_era5_flat12,4,C_Seward_Peninsula_Alaskan_North_Slope,81,2.5705042317551023,0.5104233166553963,0.7868583044727645,0.19130165681306432,0.5765121833150296
ridge_own_era5_flat12,4,C_Shelikhov_Gulf_Sea_of_Okhotsk_Coast,81,4.870547481834243,0.4251642859204221,0.8418882405178741,0.015026740118414095,0.6168363488880397
ridge_own_era5_flat12,4,C_Sicily,81,4.64214489997657,-0.07612422240184445,0.11771497866292793,-0.0700344736029983,-0.12394559172855413
ridge_own_era5_flat12,4,C_Solomon_Islands,81,8.562683186737926,0.3094782596370417,0.3022162241398335,0.08501432327635594,-0.03521125165252248
ridge_own_era5_flat12,4,C_Somerset_Island,81,3.4675191416767146,0.18650587029797777,0.6814015636176718,-0.24579232057493416,0.3392424436484762
ridge_own_era5_flat12,4,C_South_Africa_South_Coast,81,2.250252569471862,0.6714762766928234,0.7489887304626935,0.34068740996862623,0.4739653658335221
ridge_own_era5_flat12,4,C_South_Africa_West_Coast,81,1.9212401850435248,0.32667985962968343,0.6060297460344646,0.06673383547669487,0.32584636502454023
ridge_own_era5_flat12,4,C_South_Alaska_Coast_Frazer_River,81,7.7763605430517595,0.540565757352722,0.934029289139341,-0.036388703960059665,0.8333052082824655
ridge_own_era5_flat12,4,C_South_Amapa_Coast,81,8.545021829858714,0.736941034043004,0.917280882802824,0.38042585206366253,0.8375173564094862
ridge_own_era5_flat12,4,C_South_Australia_Coast,81,1.2251086780481524,0.4710373437866063,0.8110722785934441,0.2096723627128172,0.6533043366662634
ridge_own_era5_flat12,4,C_South_Baffin_Island_Coast,81,4.449086284926029,0.5180395716661251,0.752211723591266,0.09500036637469667,0.4357058553743214
ridge_own_era5_flat12,4,C_South_Baltic_Coast,81,3.204550011345182,0.17414119458102997,0.748897031486825,-0.12043853457868847,0.5564280072458188
ridge_own_era5_flat12,4,C_South_Black_Sea_Coast,81,6.24695598830988,0.18476157057724854,0.7407998678280363,-0.19064744520048738,0.5051808968964439
ridge_own_era5_flat12,4,C_South_Chile_South_Pacific_Coast,81,7.821549182826832,0.14562334433358676,0.940720025194745,-1.899021601247612,0.71475415429637
ridge_own_era5_flat12,4,C_South_East_Brazil_Coast,81,6.28641570778318,0.457731790443098,0.7093243942725943,-0.05292779613834431,0.3354679074742739
ridge_own_era5_flat12,4,C_South_East_Russia_Coast,81,3.080446801668381,0.18754875233975973,0.0964065363517935,-0.11036182577588116,-0.5769177532759497
ridge_own_era5_flat12,4,C_South_Gulf_of_Aden_Coast,81,2.5691132466756357,0.5593584175943302,0.34342970946703316,0.23200709230035732,0.10747193004743794
ridge_own_era5_flat12,4,C_South_Gulf_of_Oman_West_Arabian_Sea_Coast,81,1.8531697734048818,0.37122762545049237,0.5312332719813492,-0.17387779315978458,0.04595718849228814
ridge_own_era5_flat12,4,C_South_Hudson_Strait_Ungava_Bay_Coast,81,3.9817610566598103,0.30167319744836346,0.8364078305318355,-0.19263381183603512,0.5716719382260811
ridge_own_era5_flat12,4,C_South_Mediterranean_Coast,81,1.5523383600494696,-0.2140836993323548,0.27534087799192797,-0.3392890221178435,-0.21501175061799183
ridge_own_era5_flat12,4,C_South_Zambezia_Coast,81,4.402537985377821,0.19128984450469874,0.8464078695846919,-0.15944102258975756,0.6590136220336218
ridge_own_era5_flat12,4,C_Southhampton_Coats_Islands,81,3.9361547393430407,0.2060077889700935,0.5337145491442025,-0.0023112978782717786,0.26952406902209103
ridge_own_era5_flat12,4,C_Southwest_Hudson_Bay_Coast,81,2.5488981124863703,0.3764389344088578,0.8715908494515663,0.1064119994757472,0.7162101267918837
ridge_own_era5_flat12,4,C_Southwest_Mediterranean_Coast,81,2.3709902703876584,0.1561595567547314,0.6759622299763776,-0.20741837231509086,0.15054069871597064
ridge_own_era5_flat12,4,C_Sri_Lanka,81,2.073254319837546,0.2916628205845607,0.9185887359787592,-0.43731838567688275,0.7545313056405961
ridge_own_era5_flat12,4,C_Sulawesi,81,3.0794002298487277,0.4463205115977631,0.4469851741599412,0.17045183369942252,0.10964261768536687
ridge_own_era5_flat12,4,C_Sumatra,81,3.7223841764031436,0.22194935479485625,0.5590703989625208,-0.34429954654061534,-0.10706328737787207
ridge_own_era5_flat12,4,C_Svalbard,81,27.429403577390026,0.6429145134029193,0.9677373410287408,0.002481100835766581,0.896549342159883
ridge_own_era5_flat12,4,C_Sweden_Coast,81,3.754189573991915,0.08025065905119587,0.7328622031823369,-0.0548091371502164,0.5354544675688532
ridge_own_era5_flat12,4,C_Taiwan,81,2.038781075345137,0.30012473717606053,0.6643615604063152,0.07229189344548359,0.4335926647661814
ridge_own_era5_flat12,4,C_Tasmania,81,2.869423892862282,0.3421094435548965,0.755422324059073,0.06901233190948186,0.5587508839591808
ridge_own_era5_flat12,4,C_Texas_Gulf_Coast,81,4.388134918611697,0.3890177033027181,0.6083824273770616,-0.02247543982983813,0.3205838219046213
ridge_own_era5_flat12,4,C_Thar_Desert_Sabarmati_River_Gulf_of_Cambay_Luni_Delta,81,5.223126548137295,0.6195300568829704,0.7326236905836494,0.3669295472138534,0.5279300595413507
ridge_own_era5_flat12,4,C_US_East_Gulf_of_Mexico_North_Atlantic_Coast,81,4.645038917975564,0.608986723368483,0.6105506767733123,0.37000664763442237,0.3376535941719986
ridge_own_era5_flat12,4,C_US_North_Atlantic_Coast,81,3.1209748291558244,0.18054244717709628,0.8219577187702063,-0.042472036133788915,0.6582816809850978
ridge_own_era5_flat12,4,C_Uda_Basin,81,3.421975676605925,0.3271279225136409,0.5723448858100427,0.10023928544441651,0.2943127108304229
ridge_own_era5_flat12,4,C_Uruguay_South_Brazil_Coast,81,5.880584452978189,0.3954094697257719,0.471264576228956,0.0014709726107062782,0.1416239046642903
ridge_own_era5_flat12,4,C_Victoria_Island,81,3.0067835618343786,-0.10900127844103875,0.6426849026796384,-0.33092049570238635,0.37768191116837413
ridge_own_era5_flat12,4,C_Vietnam_Coast,81,3.7642466469602596,0.5960375397056205,0.9637610758680589,0.24768138617489444,0.9169962011937407
ridge_own_era5_flat12,4,C_West_Africa_Coast,81,2.4146535808699303,0.21574967510417128,0.9810979362393955,-0.04412500929643759,0.9528344469175065
ridge_own_era5_flat12,4,C_West_Australia_Coast,81,2.0715982947146316,0.22713992879621484,0.4776025465591693,-0.19539919399029881,0.03793757949944121
ridge_own_era5_flat12,4,C_West_Barents_Sea_Coast,81,3.3134477493516195,0.16893581537171048,0.8609717209425538,0.00490811516858336,0.7140020762835217
ridge_own_era5_flat12,4,C_West_Black_Sea_Coast,81,6.1292001282594475,0.21312825436039212,0.7328581017462057,-0.025880163123995326,0.5254130033451869
ridge_own_era5_flat12,4,C_West_Caspian_Sea_Coast,81,3.856416210243625,0.4709076939947984,0.8468632580944551,0.20327670860867153,0.7002812187751641
ridge_own_era5_flat12,4,C_West_Continental_Europe,81,2.93547660547932,0.6355414702980824,0.859336436034931,0.37767866967833763,0.7240707270287703
ridge_own_era5_flat12,4,C_West_Italy_Coast,81,3.0072971306911502,-0.15721546997118183,0.8478959903930292,-0.3655871887276476,0.6961925000466758
ridge_own_era5_flat12,4,C_West_Mississippi_Delta,81,5.454205541218082,0.48124144070563213,0.8006764020736176,0.2050916787198177,0.6221216219396294
ridge_own_era5_flat12,4,C_West_Nile_Delta,81,2.3699797426169105,-0.11568429514998729,0.3772956216421105,-0.5728677528049215,-0.2250130984031502
ridge_own_era5_flat12,4,C_West_Red_Sea_Coast,81,2.204341900743368,0.3819473287005489,0.6047384580825401,0.08707376416319546,0.28047987247744544
ridge_own_era5_flat12,4,C_Yamal_Peninsula,81,3.8097058421661663,0.1916141673909557,0.819284690973014,-0.09427471284150002,0.6320585861977907
ridge_own_era5_flat12,4,C_Yellow_Sea_Coast,81,4.604634025383845,0.7650264389938771,0.7382168901218031,0.3296686000032625,0.34763913582186157
ridge_own_era5_flat12,4,C_Yenisey_Gulf_Coast,81,3.9728040924991412,0.28441752868698367,0.8696387569983755,0.05489659285872783,0.752359388275516
ridge_own_era5_flat12,4,C_Ziya_He_Interior_Coast,81,6.029784925239374,0.7942180656587009,0.8068480399032282,0.36720684898992195,0.39954596424217526
ridge_own_era5_flat12,4,E_Altai_Mountains,81,1.4276433666882709,0.15282872115579507,0.23099577492201598,-0.10638520966695064,-0.14299518695077373
ridge_own_era5_flat12,4,E_Amu_Darya,81,3.0280295557734855,0.44554476465559667,0.9042905428393188,-0.10702961602072025,0.721468514957234
ridge_own_era5_flat12,4,E_Australia_Northwest_Plateau,81,5.06647138729943,0.6883760298385526,0.783753963745682,0.3536323413715048,0.5099403738046631
ridge_own_era5_flat12,4,E_Badain_Jaran_Desert,81,1.1824299261530502,0.26010417883964687,0.5382573938016156,0.059720830356789545,0.2843026439162186
ridge_own_era5_flat12,4,E_Central_Iran,81,3.072685633053401,0.5315884828679263,0.8272600996524484,0.22418698438343565,0.6585434250785318
ridge_own_era5_flat12,4,E_Central_Mongolia,81,2.4431507813557896,0.3170518046698644,0.3659321636508626,0.00992011196269027,0.025458400965044148
ridge_own_era5_flat12,4,E_Dayan_Khyargas_Uvs_Nuur_Basins,81,1.6764550106066294,0.4266581719101982,0.5386930365977876,0.14781798498750498,0.2509885046757364
ridge_own_era5_flat12,4,E_East_Gobi_Desert,81,1.991037039416912,0.5918583251010977,0.543409070270705,0.2024741428975405,0.14678393618345875
ridge_own_era5_flat12,4,E_Egyptian_Western_Desert,81,1.6336490355024973,0.23187722651723136,0.43938697237662927,-0.3525164787623778,-0.25914051989050213
ridge_own_era5_flat12,4,E_Farahrud_Helmand_Hamun_i_Mashkel,81,3.126466362593855,0.2788808466143059,0.7467522126810129,-0.14254535288450865,0.46324808226090985
ridge_own_era5_flat12,4,E_Great_Basin_Great_Salt_Lake,81,3.8877768453099164,0.6952867283224264,0.8056202567724633,0.46745271993335,0.6237033081095755
ridge_own_era5_flat12,4,E_Great_Victoria_Desert,81,1.7681470409175886,0.3926770088941119,0.26145726423558874,0.10397222350059976,-0.09107729091672212
ridge_own_era5_flat12,4,E_Jordan_Northwest_Saudi_Arabia,81,3.247958254645892,0.2801992921490326,0.7416475641981002,-0.07679494034584411,0.46581890120634917
ridge_own_era5_flat12,4,E_Junggar_Pendi,81,2.634099928337659,0.5133910668040816,0.8064319186051467,-0.15154669429141032,0.41349441264489806
ridge_own_era5_flat12,4,E_La_Puna_Altiplano,81,2.1737656136332753,0.40720834474266276,0.76930358078795,0.05701219955623238,0.5377856291234929
ridge_own_era5_flat12,4,E_Lake_Eyre_Basin,81,2.6111932320868063,0.6839608119312484,0.625478361261106,0.4500955056293454,0.37515595936470514
ridge_own_era5_flat12,4,E_Lake_Rukwa_Basin,81,12.302452832157053,0.5885253745756026,0.8663217377027222,-0.1632876961675147,0.5640280669674569
ridge_own_era5_flat12,4,E_Lakes_Balkash_Alakol,81,2.376419244660823,0.5178443406346154,0.8683881131717288,-0.0008714656255053299,0.6974277705376783
ridge_own_era5_flat12,4,E_Libyian_Desert,81,1.034961870454778,0.14322533199581822,0.5595252689690339,-0.01968876775805839,0.29243801228476307
ridge_own_era5_flat12,4,E_Lower_Lake_Chad,81,6.749504376424171,0.4922612747850168,0.9215378203187842,-1.0144223053765833,0.6751805752444674
ridge_own_era5_flat12,4,E_North_Central_Arabia,81,2.2175199380241537,-0.06256206633570069,0.6480124887989438,-0.12748356370678082,0.4025372771886103
ridge_own_era5_flat12,4,E_North_Plateau_of_Tibet,81,2.8188685424181137,0.4375910853311391,0.3880291242946536,0.12593259922554456,0.026712441626614125
ridge_own_era5_flat12,4,E_Northern_Kordofan,81,2.654980509464288,0.43732182178555434,0.6253951395786098,0.03810044914279975,0.2673000167727668
ridge_own_era5_flat12,4,E_Plateau_of_Tibet,81,1.7601949141551,0.4355909119560868,0.6704972044711677,0.1224494919949165,0.4018613864911974
ridge_own_era5_flat12,4,E_Qinghai_Lake,81,1.9658179794008035,0.7682104826229519,0.5216071825100821,0.5872167632353402,0.1684019208253661
ridge_own_era5_flat12,4,E_Rift_Valley,81,5.681188261218179,0.4788806149686909,0.5154151216322422,-0.2910856200140246,-0.9263894517417672
ridge_own_era5_flat12,4,E_Rub_al_Khali_Desert,81,1.5764958934254516,0.007811139477282085,0.44419951592918455,-0.09594184563161079,0.12815776388527111
ridge_own_era5_flat12,4,E_Sahara,81,0.7931349236130594,0.032111747850945414,0.2750329500143405,-0.06615463042460212,-0.030178925669840817
ridge_own_era5_flat12,4,E_Saharan_and_Algerian_Atlas,81,1.7421404080556044,0.06393122107714923,0.8553920550448438,-0.9472059075405519,0.43547377994141767
ridge_own_era5_flat12,4,E_Salinas_Grande_Mar_Chiquita,81,2.6734941001661774,0.7837188223909491,0.8205471605887762,0.5108902221179106,0.55142713557572
ridge_own_era5_flat12,4,E_South_Interior_Africa,81,3.964061621183248,0.7005398429088697,0.818508708443971,0.42706244032548124,0.6423311729651136
ridge_own_era5_flat12,4,E_Syr_Darya,81,1.9865060515228223,0.5416571868191654,0.8859584840867398,0.1854489710196746,0.7650407927251945
ridge_own_era5_flat12,4,E_Tarim_He_Lop_Nur,81,1.241907029973309,0.5610478037340939,0.8253541760396873,0.18873198131279045,0.6129682716209328
ridge_own_era5_flat12,4,E_Turpan_Pendi,81,2.6804851420666806,0.3120808964398899,0.7525169005254669,-0.36687166722877795,0.3471570566188018
ridge_own_era5_flat12,4,E_Upper_Lake_Chad,81,2.1317607052641896,0.5115939259416878,0.7304245251348712,-0.19284109634376279,0.2561691407555322
ridge_own_era5_flat12,4,R_Amazon_River,81,4.477432454357283,0.703720458400991,0.964093221446959,0.4817581697619395,0.9228058432784254
ridge_own_era5_flat12,4,R_Amur_River,81,2.4545059790612727,0.5958012701038509,0.27647668123856756,0.2835004814189662,-0.4649648109181521
ridge_own_era5_flat12,4,R_Colorado_River_Argentina,81,4.005713446698305,0.11740245836389843,0.28705719222067416,-0.5015831512970457,-0.4181846047205515
ridge_own_era5_flat12,4,R_Colorado_River_of_the_West_North_America,81,2.564320963671606,0.5425703690550008,0.7494738373257709,0.24236323514178004,0.5204990411588427
ridge_own_era5_flat12,4,R_Columbia_River,81,2.8808534700860657,0.22716831913846766,0.974226622435126,-1.1955932048780666,0.894492873886294
ridge_own_era5_flat12,4,R_Congo_River,81,4.131638370999908,0.578640722428428,0.7541311035304357,0.003061313632737539,0.32892068674128405
ridge_own_era5_flat12,4,R_Danube_River,81,3.1313408162929663,0.4201299139908616,0.8903968791503976,-0.07527104946559571,0.7414523640285394
ridge_own_era5_flat12,4,R_Dnieper_River,81,4.200181874689016,0.7171903066879084,0.8058933091811374,0.512493288070837,0.6477618203545752
ridge_own_era5_flat12,4,R_Don_River,81,4.047068445386637,0.8007811996612231,0.8899573115996651,0.5902544931072036,0.7629830578231798
ridge_own_era5_flat12,4,R_Ganges_Bramaputra_Basin,81,3.953705641931072,0.3768695691974591,0.9481445704185534,-0.2837538836091531,0.851829768669454
ridge_own_era5_flat12,4,R_Indus_River,81,4.864515107393469,0.40174328126888076,0.8188099565640323,-0.5082504982214098,0.4149573620244137
ridge_own_era5_flat12,4,R_Lena_River,81,1.986172504561692,0.3221853858706662,0.8529043999239873,-0.09386581466396393,0.7230639127254752
ridge_own_era5_flat12,4,R_Limpopo_River,81,5.987631263412789,0.6548587833802134,0.8131718835078574,0.15378962710403432,0.3854972546119698
ridge_own_era5_flat12,4,R_Mackenzie_River,81,3.0369234745230957,0.8792029740778916,0.9099606057432063,0.714986872577994,0.8053050479241979
ridge_own_era5_flat12,4,R_Magdalena_River,81,4.803750412996116,0.5011086913800227,0.7885466828439036,0.21004996697327805,0.5242528862276783
ridge_own_era5_flat12,4,R_Mekong_River,81,5.0751135516225645,0.6730902471180154,0.9322729918614053,0.40561211367283023,0.8602243229082979
ridge_own_era5_flat12,4,R_Mississippi_River,81,2.884457068735027,0.8185955164322838,0.9180688244043497,0.5600923775743432,0.7760114471431414
ridge_own_era5_flat12,4,R_Murray_Darling_River,81,3.4149453269441064,0.6535862783037557,0.6622277553775947,0.4083150484598467,0.4077127329230531
ridge_own_era5_flat12,4,R_Niger_River,81,3.1120821961520733,0.34216010403893815,0.9588731321377302,-0.9549277528873716,0.8209010460795609
ridge_own_era5_flat12,4,R_Nile_River,81,4.106862809385917,0.17013648572147486,0.8264286928367741,-1.238351633860661,0.4180066501137627
ridge_own_era5_flat12,4,R_Ob_River,81,2.4974411238858245,0.736931107806042,0.9031746387250479,0.5004759777391186,0.815412276223592
ridge_own_era5_flat12,4,R_Orange_River,81,2.9358956464387416,0.564952939827159,0.6077827932643733,0.23966820596392346,0.2954758471410637
ridge_own_era5_flat12,4,R_Orinoco_River,81,5.710934233180271,0.5870273228405261,0.9340044983677948,0.29844934966551273,0.8624734013064477
ridge_own_era5_flat12,4,R_Parana_River,81,4.6242769559419346,0.449140615988457,0.8015345979203204,-0.2538512878010537,0.3087001169146477
ridge_own_era5_flat12,4,R_Parnaiba_River,81,7.21921774172863,0.5842230838442216,0.8899938039075838,-0.2160127197361783,0.6162720934332053
ridge_own_era5_flat12,4,R_Rio_Grande_Rio_Bravo,81,3.8574551876650016,0.06241663021267749,0.6078592002265456,-0.6755170796363104,-0.009355445443737676
ridge_own_era5_flat12,4,R_Saint_Lawrence_River,81,4.76228669279708,0.8176545935832952,0.7726012059237981,0.6413660231398064,0.5617586681265756
ridge_own_era5_flat12,4,R_Sao_Francisco_River,81,8.565999207780202,0.46176380197556427,0.7199867874906651,-0.029794991337148913,0.3885123186849053
ridge_own_era5_flat12,4,R_Saskatchewan_Nelson_Rivers,81,3.410739298563427,0.41978326073869,0.7724668902433844,-0.16954917854558316,0.5215063102548582
ridge_own_era5_flat12,4,R_Senegal_River,81,2.690020827169941,0.3978680474650157,0.9188239539338434,0.07200142398779874,0.822125501104129
ridge_own_era5_flat12,4,R_Shebelli_Juba_Rivers,81,4.273904821888146,0.5848532241096019,0.650165569352498,0.06560424120623909,0.22257733508943522
ridge_own_era5_flat12,4,R_Tigris_Euphrates_River,81,3.70933113889041,0.8023754300908412,0.8792476266997805,0.6429748401898232,0.7704062460589943
ridge_own_era5_flat12,4,R_Tocantins_River,81,7.431775845452449,0.352059882782249,0.9075536867152109,0.05024458181886793,0.8131621197547291
ridge_own_era5_flat12,4,R_Volga_River,81,2.967633964753208,0.46041262106258235,0.912846854764702,0.14775083439304537,0.8153181782346967
ridge_own_era5_flat12,4,R_Volta_River,81,3.0853807199681063,0.3674867790127739,0.9410631229715862,0.07837143053519913,0.871049818531645
ridge_own_era5_flat12,4,R_Yangtze_River,81,3.7256913079299805,0.3790464038639974,0.6066266146707501,0.056045884554073444,0.3006490655498141
ridge_own_era5_flat12,4,R_Yellow_River_Huang_He,81,2.150911392729307,0.33590417553999397,0.531929645312246,0.09189659089026547,0.2621676711565799
ridge_own_era5_flat12,4,R_Yenisey_River,81,1.5775968456607605,0.2935085938894564,0.9261917221497592,-0.23069264934140588,0.8270656607460014
ridge_own_era5_flat12,4,R_Yukon_River,81,2.33533678077708,0.21653349993138277,0.930531256613011,-0.6789710419925499,0.7743393274555381
ridge_own_era5_flat12,4,R_Zambezi_River,81,4.943937792406655,0.6523085636445594,0.9170196496870348,0.3776506100717839,0.8314642278310889
ridge_own_era5_flat12,5,C_Aleutians_South_Alaska_Coast,80,5.574061861901309,0.6958479715337617,0.9417269481722007,0.46634020037131985,0.8687216886012863
ridge_own_era5_flat12,5,C_Amazon_River_Delta,80,8.057012134331496,0.6227603777191997,0.9289195418860466,0.3368190981702349,0.8485932927653264
ridge_own_era5_flat12,5,C_Angola_Coast,80,4.2750922495254855,0.6640536715454178,0.8403807510817511,0.37285930934174816,0.6870665079174205
ridge_own_era5_flat12,5,C_Balkan_Peninsula_and_Adriatic_Coast,80,3.157496621169112,0.0026098386295789464,0.9283914525713132,-0.2682843703298621,0.8482892827349632
ridge_own_era5_flat12,5,C_Banks_Island,80,8.336988875291924,0.03729770632311986,0.40157554521915423,-0.0742367473058998,0.11289085248945929
ridge_own_era5_flat12,5,C_Beaufort_Sea_Coast,80,2.0602090434754503,-0.012621699579356207,0.8889476489267351,-0.11046476184512377,0.7897804343426698
ridge_own_era5_flat12,5,C_Bight_of_Benin_Coast,80,5.31886061492002,0.4195718390126566,0.8867348833963266,0.14404344536458724,0.7824917477316657
ridge_own_era5_flat12,5,C_Bismark_Sea_Islands,80,3.157351600942442,0.5790018426135668,0.4258682824343681,0.17815486906475253,0.0016604417782019043
ridge_own_era5_flat12,5,C_Borneo,80,4.396088085270832,0.30018095621290614,0.2838755500117278,-0.0220757916347456,-0.4207855084178662
ridge_own_era5_flat12,5,C_Buor_Khaya_Gulf_Coast,80,4.363059349002275,0.18225413708364632,0.7332214569719379,-0.020986804329146125,0.5164130618773015
ridge_own_era5_flat12,5,C_California_and_Baja_California,80,3.4781888808535357,0.6474450404489627,0.8238354866520172,0.4101385466142632,0.6755749835990116
ridge_own_era5_flat12,5,C_Canadian_South_Arctic_Ocean_Coast,80,1.9959250096157306,0.13760016931743835,0.8225085015281356,-0.2919678625514852,0.6058753156412565
ridge_own_era5_flat12,5,C_Capim_River_Delta,80,10.414209668323634,0.44193090775346705,0.8954913358922996,0.1114884395171667,0.7733086636351196
ridge_own_era5_flat12,5,C_Carribean_Coast,80,4.037775338716649,0.6178760789501093,0.8966997431044723,0.3600352248420302,0.791495394615104
ridge_own_era5_flat12,5,C_Central_America_Gulf_of_Mexico_Caribbean_Coast,80,3.4790302127975576,0.5076523231489642,0.9028007806199582,0.1881063149424309,0.7995435639320543
ridge_own_era5_flat12,5,C_Central_American_Pacific_Coast,80,3.548773343145006,0.10885734025209953,0.8820615392412141,-0.769094466476959,0.6208207324072442
ridge_own_era5_flat12,5,C_Chao_Phraya_River_Gulf_of_Thailand_Coast,80,6.881158409709512,0.5032589818810543,0.9030902694187978,0.10206984688316278,0.7661399386152398
ridge_own_era5_flat12,5,C_Chukchi_Peninsula,80,4.55264747963069,0.25314385090287145,0.776426510898125,0.05317512938888935,0.598351911158391
ridge_own_era5_flat12,5,C_Churchill_Seal_Rivers,80,3.792013633362676,0.6625660181494394,0.7802604335108752,0.3892175761920521,0.5581665147822593
ridge_own_era5_flat12,5,C_Columbia_Ecuador_Pacific_Coast,80,2.0652554857614454,0.01624979033433372,0.6836732394750199,-0.03317916195800108,0.4669367478378428
ridge_own_era5_flat12,5,C_Crimea_West_Azov_Sea_Coast,80,7.809314075535757,0.3782389066088535,0.6656218560647584,0.119940250878102,0.4128235651881669
ridge_own_era5_flat12,5,C_Cuba,80,2.602045572783363,0.12925760265056274,0.7814697380545539,-0.07808143372755372,0.5529855826020676
ridge_own_era5_flat12,5,C_Deccan_Plateau_East_Indian_Subcontinent_Coast,80,4.813188971890592,0.49606600681174484,0.9591406630865863,-0.3305716790203381,0.8574352977362055
ridge_own_era5_flat12,5,C_Denmark_Germany_Coast,80,7.55163093095456,0.2598910451571082,0.45099980022537856,0.05833119151445276,0.1910077286126296
ridge_own_era5_flat12,5,C_East_Australia_Coast,80,3.0967849812068318,0.5216540165037258,0.4560679130942383,0.24908501826706075,0.1492867108599123
ridge_own_era5_flat12,5,C_East_Azov_Sea_Northeast_Black_Sea_Coast,80,9.583557652731686,0.4347445602166281,0.6073972859574409,0.1885434267940671,0.36161595105692423
ridge_own_era5_flat12,5,C_East_Barents_Sea_Coast,80,3.361675876843578,0.5133857216985301,0.9106072464138241,0.14662099495366987,0.7969085968827746
ridge_own_era5_flat12,5,C_East_Beaufort_Sea_Amundsen_Gulf_Coast,80,2.664673973099575,0.3895818949073207,0.7681815157145105,0.1379874165926518,0.5795214105206334
ridge_own_era5_flat12,5,C_East_Brazil_South_Atlantic_Coast,80,4.807108000550966,0.4167342797248379,0.8357636639032624,-0.4281735142146619,0.4685154025920014
ridge_own_era5_flat12,5,C_East_Caspian_Sea_Coast,80,2.9643466830792553,0.6730116081687602,0.8998200959666627,0.2790065754801203,0.7385151388904386
ridge_own_era5_flat12,5,C_East_Central_Africa_Coast,80,6.59355446456848,0.28301730928556346,0.8875835427944934,-1.1792949062808873,0.4908853257378656
ridge_own_era5_flat12,5,C_East_China_Coast,80,5.954440069717274,0.1370418751687579,0.6423914935149729,-0.2106402446181992,0.29798797975593294
ridge_own_era5_flat12,5,C_East_Hudson_Bay_Coast,80,3.699349453910065,0.163540415903845,0.6342321092853892,-0.22559122044517954,0.30047747719969886
ridge_own_era5_flat12,5,C_East_Mediterranean_Coast,80,4.409267311943242,0.16057851849171992,0.8431160424715769,-0.3790163966125426,0.6363643453940553
ridge_own_era5_flat12,5,C_East_Mississippi_Delta,80,5.755529554690036,0.44632784460124425,0.7996663406990673,0.16556447990714918,0.6240094496700681
ridge_own_era5_flat12,5,C_East_Nile_Delta,80,2.958349809320949,-0.024496519696236927,0.44220775873922924,-0.599951905653471,-0.22770997405975235
ridge_own_era5_flat12,5,C_East_Ob_Bay_Coast,80,3.3197290471396936,0.49293926865007176,0.9135161613227851,0.18048844995226165,0.7974733524667283
ridge_own_era5_flat12,5,C_East_Red_Sea_North_Gulf_of_Aden_Coast,80,1.7261638769281102,0.28264594595987536,0.6022168811014829,0.014979196483379864,0.3076538505792058
ridge_own_era5_flat12,5,C_East_Timor_Islands,80,3.268224949922795,0.4302908407368944,0.5309841042074661,0.12492305994052111,0.2513595828230114
ridge_own_era5_flat12,5,C_Ellef_Ringnes_Bathurst_Devon_Islands,80,3.589960091571141,0.3509852927854686,0.6279684757416796,-0.35596769461879285,0.051693031926714816
ridge_own_era5_flat12,5,C_Ellesmere_Island,80,5.743468201937973,0.7162408186100481,0.9575550235983389,0.19385536197645092,0.858875032405025
ridge_own_era5_flat12,5,C_Great_Britain,80,3.361612498009605,0.04992501680471938,0.5418762663931357,-0.2559898660497326,0.11876961138233721
ridge_own_era5_flat12,5,C_Greater_Dniester_Basin,80,5.192270297571083,0.2120351221889665,0.8024503986304606,-0.579670364142193,0.4572642401203145
ridge_own_era5_flat12,5,C_Gulf_of_Darien_Coast,80,3.9129773632118976,0.4426842827272701,0.8446052226100199,0.1714042554782217,0.6773552653711945
ridge_own_era5_flat12,5,C_Gulf_of_Guinea_Coast,80,4.062478372045815,0.4774313471776438,0.7221278808139708,0.15704456523243737,0.4820243756144079
ridge_own_era5_flat12,5,C_Gydan_Bay_Coast,80,4.40830245586618,0.25476971213683497,0.8599635240315984,0.013885711999110262,0.7291250322091429
ridge_own_era5_flat12,5,C_Hainan,80,5.389793599109889,0.13274360651030562,0.7935257269352234,-0.02739284902104755,0.6195929497332386
ridge_own_era5_flat12,5,C_Halmahera_Islands,80,3.2222212478599483,0.1646401724203977,0.23837032277167547,-0.01878257150695828,-0.008134875570700029
ridge_own_era5_flat12,5,C_Hispaniola,80,2.1558534950167836,-0.12830169825902463,0.5330673058280135,-0.26390139084453,0.111973332253123
ridge_own_era5_flat12,5,C_Hokkaido,80,4.059625225721016,0.18904642398477245,0.6735104228694889,-0.003068606033939103,0.429306247115138
ridge_own_era5_flat12,5,C_Hub_Porali_Basin,80,4.492344192063242,0.30513549671897333,0.5398393815255926,-0.13905055897675478,0.10635472866056306
ridge_own_era5_flat12,5,C_Iberian_Atlantic_Coast,80,3.603442075445459,0.30408645448350524,0.8420523749575088,0.09198689765035317,0.6958924344046717
ridge_own_era5_flat12,5,C_Iceland,80,10.021762811756899,0.33746306612241944,0.8351817699781542,0.09841602777867853,0.6949958152604983
ridge_own_era5_flat12,5,C_India_West_Coast,80,5.216498345225863,-0.03740538566978108,0.94607615631947,-0.9439014131448551,0.8328710374404721
ridge_own_era5_flat12,5,C_Indian_Ocean_Africa_Coast,80,5.557159780683569,0.31294598927413475,0.7341611380326821,-0.14237409834271642,0.4086494774295042
ridge_own_era5_flat12,5,C_Ireland,80,2.308439695245886,0.06761359851884864,0.6289624063416576,-0.061449097846650425,0.33233171489707547
ridge_own_era5_flat12,5,C_Irrawaddy_Sittang_Salween_Basin,80,4.242748360641556,0.31839085599349,0.9482002686966393,0.10098642166933336,0.8943106106462161
ridge_own_era5_flat12,5,C_Jamaica,80,2.960033781685536,0.09901835853248783,0.19288547786567273,-0.009301735436707537,0.01034282356103955
ridge_own_era5_flat12,5,C_Japan,80,4.353738113052201,0.1988401516545859,0.4364348870890645,-0.5672833717432515,-0.8535354614534676
ridge_own_era5_flat12,5,C_Java,80,3.5238488423605805,0.5075722647933785,0.6802311309266654,0.18412979458586143,0.44335410730631386
ridge_own_era5_flat12,5,C_Kamchatka_Peninsula,80,3.1940868224189027,0.40891061206980894,0.944507928133633,0.13165757230337982,0.8846338420960933
ridge_own_era5_flat12,5,C_La_Plata_Delta,80,6.514891325412354,0.5457344166040413,0.5341354445942103,0.24821224515487228,0.22270089130469906
ridge_own_era5_flat12,5,C_Labrador_Sea_Coast,80,3.884526222211282,0.5829393964179919,0.8444178789573418,0.2609519489551059,0.6712088124874037
ridge_own_era5_flat12,5,C_Madagascar,80,4.350198493358865,0.13586461976507436,0.8610789661523307,-0.015253447563944533,0.7285961408331799
ridge_own_era5_flat12,5,C_Malaysian_Peninsula_Coast,80,5.145273672938762,0.3005028543906596,0.6363642987603594,-0.08899670510053004,0.2623268856517913
ridge_own_era5_flat12,5,C_Maluku,80,4.111493412220628,0.17607339823470253,0.2445393655759084,0.020448373893688587,0.006821350480427535
ridge_own_era5_flat12,5,C_Melville_Prince_Patrick_Islands,80,7.6829336823276995,0.6476319209913727,0.8241731058564169,0.21297076422943828,0.5491804344719737
ridge_own_era5_flat12,5,C_Namibia_Coast,80,2.4623730084893447,0.2811018969242604,0.3327196684492834,-0.16408386704775446,-0.12613060207112192
ridge_own_era5_flat12,5,C_Neva_River_Finland_Coast,80,3.132522748614257,0.25256452035927407,0.7956887966648002,-0.1408169239685959,0.5696384330831146
ridge_own_era5_flat12,5,C_New_Brunswick_and_Nova_Scotia_Coast,80,5.128079831401752,0.10808279962840356,0.7882680408904857,-0.16801930163963474,0.544839272525165
ridge_own_era5_flat12,5,C_New_Siberian_Islands,80,51.73887593414174,0.16432147499636027,0.2938416068797626,-0.11999198646249254,-0.06109521045931987
ridge_own_era5_flat12,5,C_New_Zealand_North_Island,80,2.414084667660347,0.2521260759121794,0.7602476283177608,-0.06748203923522778,0.5164330238660664
ridge_own_era5_flat12,5,C_New_Zealand_South_Island,80,2.569672257930034,-0.11569041724802673,0.7000387571969274,-0.05567928214915652,0.48041239236904265
ridge_own_era5_flat12,5,C_Nigerian_Delta,80,5.639504673804649,0.047724952533280185,0.9419439319224727,-0.01632640960723064,0.8822416307417763
ridge_own_era5_flat12,5,C_North_Argentina_South_Atlantic_Coast,80,4.457021915807173,0.5927947978918986,0.5762859621821501,0.31135635710664233,0.25691838429026226
ridge_own_era5_flat12,5,C_North_Australia_Coast,80,5.563558464195538,0.6837173820530146,0.8785340655212913,0.3167644421046105,0.7372846793394027
ridge_own_era5_flat12,5,C_North_Baffin_Island_Coast,80,5.868933833758164,0.656727093372626,0.8329562098891152,0.3170562936601371,0.5433794867891432
ridge_own_era5_flat12,5,C_North_Brazil_South_Atlantic_Coast,80,11.015106094268555,0.3431484021517694,0.9013532017290237,-0.4500048974986317,0.7036756708562265
ridge_own_era5_flat12,5,C_North_Caspian_Sea_Coast,80,2.4784030788367803,0.5193054841721614,0.8223536057206136,0.2580775382847945,0.6465617598054971
ridge_own_era5_flat12,5,C_North_Chile_South_Pacific_Coast,80,3.041994439368009,0.4011496408014434,0.7579663818731249,0.100456260610429,0.5619606706142637
ridge_own_era5_flat12,5,C_North_East_Bay_of_Bengal_Coast,80,3.6087926220063165,0.19073033363059136,0.9774306621985727,0.00032255430732330836,0.9534207490999609
ridge_own_era5_flat12,5,C_North_East_Siberian_Sea_Coast,80,1.8696255033326532,0.588763315997054,0.8545079427622878,0.27004362664140735,0.7047991407164476
ridge_own_era5_flat12,5,C_North_Gulf_of_Oman_Coast,80,3.8189881318364955,0.4421215464330061,0.6767859514293499,0.16072415301729903,0.42727800025571805
ridge_own_era5_flat12,5,C_North_Korea_Bay_Korean_Peninsula,80,3.7137351865743953,0.4979173233777983,0.668099629132943,-0.4639535022273982,-0.1280883065186056
ridge_own_era5_flat12,5,C_North_Siberia_Coast,80,1.8085544939254292,0.3817998893441146,0.9293501039752298,0.09579241007992756,0.8539981629413674
ridge_own_era5_flat12,5,C_North_St_Lawrence_Seaway_Coast,80,4.415201884669327,0.23504532511652315,0.8058526087275896,-0.8444444126744226,0.28343944323292725
ridge_own_era5_flat12,5,C_North_Vietnam_South_China_Coast,80,5.370152891589623,0.10321163610840006,0.6285583185792502,-0.38569771908930495,0.29162930873246085
ridge_own_era5_flat12,5,C_North_West_Africa_Coast,80,1.5984196706703695,-0.14464676623778552,0.3444901247139222,-0.5322028123900542,-0.5964320020404861
ridge_own_era5_flat12,5,C_Northeast_South_America_Coast,80,10.39172827907707,0.7429707876649255,0.7477116077603546,0.5083143797502132,0.5489097133040961
ridge_own_era5_flat12,5,C_Northwest_Hudson_Bay_Coast,80,2.996386849427525,0.5140541736290606,0.7488759121377101,0.22645118980338108,0.545407463638174
ridge_own_era5_flat12,5,C_Northwest_Mediterranean_Coast,80,3.3380864945582944,0.46340994812606295,0.8067023638635162,0.05457136221253833,0.5909704221287286
ridge_own_era5_flat12,5,C_Norway_Coast,80,3.8836356443896243,0.22282761054543682,0.8191877374170999,-0.001975449220451342,0.6338552726909747
ridge_own_era5_flat12,5,C_Novaya_Zemlya,80,23.32468169610216,0.5097877892994591,0.9411103127473868,-0.43146045216407014,0.7824326987400286
ridge_own_era5_flat12,5,C_Nusa_Tenggara,80,3.4513794307209307,0.46909268181150116,0.44136122043192,0.08610220196409868,0.14365811423526642
ridge_own_era5_flat12,5,C_Olenyok_Delta,80,9.40872878363653,0.28060744922856456,0.45040610232974715,0.006597705815518773,0.14127625493645168
ridge_own_era5_flat12,5,C_Oregon_Coast,80,3.3706963674528674,0.11843059166902814,0.9273249980252646,-0.2621258088524865,0.8131142447890187
ridge_own_era5_flat12,5,C_Papua_New_Guinea_Island,80,2.603844142955362,0.15604103540529796,0.4356054442886921,-0.06046806732237586,0.06147960821374998
ridge_own_era5_flat12,5,C_Patagonia,80,4.035028178543293,0.13501855086102957,0.5650116763195451,-0.016555569779670654,0.2393622235579228
ridge_own_era5_flat12,5,C_Peru_Pacific_Coast,80,1.5515120649564873,0.15502151132443953,0.8678360664437962,-0.0011872152327661034,0.7442679335574214
ridge_own_era5_flat12,5,C_Philippines,80,3.2892452233490315,0.4607945952762509,0.572151882449644,0.1905510679381992,0.3163574401861263
ridge_own_era5_flat12,5,C_Po_River_and_East_Italy_Coast,80,4.026523707494966,0.49602596787344366,0.8358762730478085,0.07482345215156871,0.6358219443746063
ridge_own_era5_flat12,5,C_Prince_of_Wales_Island,80,3.5152151530219573,0.0036210208088913215,0.3416756492991195,-0.2050280013035588,-0.0149967131824289
ridge_own_era5_flat12,5,C_Puerto_Rico,80,2.043770992595592,-0.08463176233731935,0.5300113073625594,-0.15203086174034763,0.21693512239339408
ridge_own_era5_flat12,5,C_Sakhalin_Island,80,8.871333685256493,-0.005992175821601707,0.18603520944003035,-0.11249205148922714,-0.22633868240316146
ridge_own_era5_flat12,5,C_Sardinia_and_Corsica,80,8.982360228417248,0.1638640237648075,0.3996051587506079,-0.03141570761794821,0.08949149573789494
ridge_own_era5_flat12,5,C_Severnaya_Zemlya,80,31.724643612711226,0.3396544459788564,0.8448645980976568,-0.7521467136227644,0.4948170648629011
ridge_own_era5_flat12,5,C_Seward_Peninsula_Alaskan_North_Slope,80,2.6660647949437166,0.4879289895929697,0.7745919742147731,0.14260234910828584,0.5362683638695898
ridge_own_era5_flat12,5,C_Shelikhov_Gulf_Sea_of_Okhotsk_Coast,80,5.063847796424332,0.373861758235917,0.8335844824625734,-0.05749342286540693,0.5856578649492834
ridge_own_era5_flat12,5,C_Sicily,80,4.675216729051384,-0.10749769302279309,0.12597019971112203,-0.07171870182879614,-0.12624237849703412
ridge_own_era5_flat12,5,C_Solomon_Islands,80,8.567323477640338,0.30512764868663234,0.3278339305493538,0.08184429289611306,-0.034170055212712214
ridge_own_era5_flat12,5,C_Somerset_Island,80,3.7108348850657595,0.037113301603422154,0.6359438890418396,-0.4128663535487205,0.2516263813261892
ridge_own_era5_flat12,5,C_South_Africa_South_Coast,80,2.416106939956063,0.600188770951614,0.6978901932486816,0.21460691646153152,0.36764391859621726
ridge_own_era5_flat12,5,C_South_Africa_West_Coast,80,1.9787071034698724,0.21852278534499295,0.5698802520595905,0.02482877773645853,0.293554137865808
ridge_own_era5_flat12,5,C_South_Alaska_Coast_Frazer_River,80,7.984071205287826,0.5255397987228404,0.9358582975580445,-0.10630664004747015,0.8260549442299185
ridge_own_era5_flat12,5,C_South_Amapa_Coast,80,9.201722944546178,0.6876509973287865,0.9035939662876998,0.29541263460820344,0.8107036170134128
ridge_own_era5_flat12,5,C_South_Australia_Coast,80,1.299367022883758,0.3736812058346737,0.7906824550128374,0.1067670380738962,0.61398624279425
ridge_own_era5_flat12,5,C_South_Baffin_Island_Coast,80,4.614690947098889,0.4829466233950583,0.743896130390702,0.018321562346257814,0.4002642660358322
ridge_own_era5_flat12,5,C_South_Baltic_Coast,80,3.2804617446793953,0.10866507810172359,0.7353062393727272,-0.1695838257850939,0.5343064728515217
ridge_own_era5_flat12,5,C_South_Black_Sea_Coast,80,6.454102060677066,0.12170490656317956,0.7354997349072445,-0.2578065368632989,0.47678590851965885
ridge_own_era5_flat12,5,C_South_Chile_South_Pacific_Coast,80,8.577178449014417,0.09559922963019969,0.940197619778742,-2.683454483254923,0.636836474862644
ridge_own_era5_flat12,5,C_South_East_Brazil_Coast,80,6.775845591070351,0.3876266797719684,0.6740642260049752,-0.2592331274071151,0.18576503090396568
ridge_own_era5_flat12,5,C_South_East_Russia_Coast,80,3.191884267689237,0.14883698558198144,0.053367928578166836,-0.15217731498374842,-0.6971592635907999
ridge_own_era5_flat12,5,C_South_Gulf_of_Aden_Coast,80,2.6863983967296647,0.48771973141789815,0.2566243475581232,0.1729256150280284,0.03614350883578987
ridge_own_era5_flat12,5,C_South_Gulf_of_Oman_West_Arabian_Sea_Coast,80,1.9233903033546065,0.25086700744265394,0.49891755152096695,-0.2713015419522016,-0.015123486469620362
ridge_own_era5_flat12,5,C_South_Hudson_Strait_Ungava_Bay_Coast,80,4.133122907352299,0.2562924206739404,0.8276227819387718,-0.2695497704492924,0.5437715919947079
ridge_own_era5_flat12,5,C_South_Mediterranean_Coast,80,1.5441456113506944,-0.23243315230661107,0.28668556892430286,-0.3357647659567915,-0.19343833199883886
ridge_own_era5_flat12,5,C_South_Zambezia_Coast,80,4.609574695956949,0.10890150935588185,0.8338638840422166,-0.24110524504396813,0.6189358250830976
ridge_own_era5_flat12,5,C_Southhampton_Coats_Islands,80,4.13835790121366,0.0499776495482801,0.4691820993464654,-0.0891991456992749,0.2007731485253964
ridge_own_era5_flat12,5,C_Southwest_Hudson_Bay_Coast,80,2.6519590951310867,0.30113661614774506,0.8613117435046241,0.03918888715146274,0.6965417313321343
ridge_own_era5_flat12,5,C_Southwest_Mediterranean_Coast,80,2.532563281414359,0.04419073841775197,0.6697527538855669,-0.376103856176806,0.023364332309983582
ridge_own_era5_flat12,5,C_Sri_Lanka,80,2.148207647179718,0.3381218409999115,0.9194851800000141,-0.5041232708552377,0.7391941881405442
ridge_own_era5_flat12,5,C_Sulawesi,80,3.3541018623925933,0.2910974765816091,0.301587686536923,0.02009323278731301,-0.10228245551058013
ridge_own_era5_flat12,5,C_Sumatra,80,3.957804109763599,0.07538535365344741,0.5184837420851461,-0.6091852563037172,-0.3846877754740752
ridge_own_era5_flat12,5,C_Svalbard,80,29.43895033721487,0.6851781646929874,0.9711546902601987,-0.1669037662705113,0.8780377543889165
ridge_own_era5_flat12,5,C_Sweden_Coast,80,3.788451460506166,0.02554946114988857,0.7216694400038223,-0.07174006311214787,0.5183145255105575
ridge_own_era5_flat12,5,C_Taiwan,80,2.001087173839911,0.1716840221321015,0.6289682676823922,-0.03490084602044896,0.37172199010514095
ridge_own_era5_flat12,5,C_Tasmania,80,2.939697929268832,0.2477754484524634,0.7415420493035797,0.032079967488954364,0.5351775375459227
ridge_own_era5_flat12,5,C_Texas_Gulf_Coast,80,4.739550470537168,0.2279928464245718,0.5554434779112161,-0.1986126784858544,0.21688178453847673
ridge_own_era5_flat12,5,C_Thar_Desert_Sabarmati_River_Gulf_of_Cambay_Luni_Delta,80,5.5314344856946995,0.5569229933525274,0.6843263094441755,0.2940883370684626,0.4617621265530366
ridge_own_era5_flat12,5,C_US_East_Gulf_of_Mexico_North_Atlantic_Coast,80,4.913880394225812,0.5587644252686371,0.5665813379643003,0.31028207956494747,0.24171255387814683
ridge_own_era5_flat12,5,C_US_North_Atlantic_Coast,80,3.158572278433048,0.12968607236122337,0.8192243437517565,-0.06608200717287982,0.6505980288225897
ridge_own_era5_flat12,5,C_Uda_Basin,80,3.457052406625002,0.3110913015360276,0.5708991284317687,0.08908406533565205,0.285670325999533
ridge_own_era5_flat12,5,C_Uruguay_South_Brazil_Coast,80,6.040173671960836,0.3307848528177098,0.4113527882396848,-0.04449296426593663,0.09090186389349042
ridge_own_era5_flat12,5,C_Victoria_Island,80,3.0858044672612044,-0.18491888128504377,0.6276629263085771,-0.40452288570199446,0.34442803320964355
ridge_own_era5_flat12,5,C_Vietnam_Coast,80,3.988340953526248,0.5501338967392418,0.9602641708828351,0.15516172888917712,0.906333915322338
ridge_own_era5_flat12,5,C_West_Africa_Coast,80,2.4018997180432793,0.20417749676253633,0.9796172520992339,-0.030713930907497744,0.952408630381913
ridge_own_era5_flat12,5,C_West_Australia_Coast,80,2.0910955903697626,0.2650103343899993,0.507721264705028,-0.21715793557176877,0.026346660023853108
ridge_own_era5_flat12,5,C_West_Barents_Sea_Coast,80,3.4637536056367,0.005934182395011499,0.8433621505022284,-0.08305736267874453,0.688008223119013
ridge_own_era5_flat12,5,C_West_Black_Sea_Coast,80,6.333772726499344,0.10361892493275826,0.715116363074778,-0.09685101664721718,0.49452659825374345
ridge_own_era5_flat12,5,C_West_Caspian_Sea_Coast,80,3.8646713174482445,0.46541667363491873,0.8511667204174603,0.19491691831537583,0.7022578127346462
ridge_own_era5_flat12,5,C_West_Continental_Europe,80,3.1584154776642603,0.5292032328278766,0.8294143879834048,0.26494058832843004,0.6777265824254939
ridge_own_era5_flat12,5,C_West_Italy_Coast,80,3.013893326950068,-0.15401922685839484,0.8498903890746831,-0.348517596968525,0.6952097668683127
ridge_own_era5_flat12,5,C_West_Mississippi_Delta,80,5.68754530148135,0.41492629128666325,0.7741308716193133,0.14644926133817704,0.5913000575944103
ridge_own_era5_flat12,5,C_West_Nile_Delta,80,2.445343560640655,-0.1602011196901334,0.378260465460676,-0.6598231474898255,-0.2970564354739509
ridge_own_era5_flat12,5,C_West_Red_Sea_Coast,80,2.3460108368353185,0.2684619859082229,0.5559874833226508,-0.018742123968621627,0.19405958245708188
ridge_own_era5_flat12,5,C_Yamal_Peninsula,80,3.8100659434690445,0.2011502566761795,0.8218457676824692,-0.09487244445912624,0.6317976802029405
ridge_own_era5_flat12,5,C_Yellow_Sea_Coast,80,5.043967147868053,0.7168270745100825,0.6902117902064636,0.13953997313539868,0.1801793309985127
ridge_own_era5_flat12,5,C_Yenisey_Gulf_Coast,80,3.963598819259531,0.2762986445277223,0.870872989551663,0.05868450685833293,0.7547376129686915
ridge_own_era5_flat12,5,C_Ziya_He_Interior_Coast,80,6.904644142112222,0.7512915539340286,0.7683122207710334,0.1523558779587485,0.20465405847234308
ridge_own_era5_flat12,5,E_Altai_Mountains,80,1.4342297880113486,0.14619451192104732,0.19167510593154863,-0.11423148489801926,-0.18052725208042553
ridge_own_era5_flat12,5,E_Amu_Darya,80,3.4432434163112284,0.31488622889956985,0.891624849246695,-0.41335486938265853,0.6442691889008638
ridge_own_era5_flat12,5,E_Australia_Northwest_Plateau,80,5.507744307460966,0.6418245741415509,0.7532295842756179,0.2381499619052826,0.4174413712960976
ridge_own_era5_flat12,5,E_Badain_Jaran_Desert,80,1.1737316440116496,0.3323584930104642,0.5569185058139953,0.09501025928265128,0.29964445290201014
ridge_own_era5_flat12,5,E_Central_Iran,80,3.1501576817940413,0.5093286344171059,0.8219148080901252,0.1838260751455305,0.6420849052566435
ridge_own_era5_flat12,5,E_Central_Mongolia,80,2.5449946571919964,0.25833400541560775,0.30431767182864183,-0.06284209419460529,-0.06385991195814356
ridge_own_era5_flat12,5,E_Dayan_Khyargas_Uvs_Nuur_Basins,80,1.6971220750569787,0.39527809179183476,0.5033053127557375,0.13170986401672813,0.2250306620907978
ridge_own_era5_flat12,5,E_East_Gobi_Desert,80,2.133303062948283,0.5469068099078502,0.4842557650836242,0.08687049479248155,0.024791375858074893
ridge_own_era5_flat12,5,E_Egyptian_Western_Desert,80,1.7483005188820173,0.15174960246977406,0.39609815945590426,-0.5170497216953407,-0.46016469082390743
ridge_own_era5_flat12,5,E_Farahrud_Helmand_Hamun_i_Mashkel,80,3.3321448819956245,0.14101919987669678,0.7193498147955578,-0.2945555894679863,0.39669877893921646
ridge_own_era5_flat12,5,E_Great_Basin_Great_Salt_Lake,80,4.235181521468166,0.6303320949600727,0.7686489704344683,0.37702600755745164,0.5586598351210362
ridge_own_era5_flat12,5,E_Great_Victoria_Desert,80,1.8498795552036091,0.32157282340067256,0.1945435674879487,0.03407626296871247,-0.17977593695047345
ridge_own_era5_flat12,5,E_Jordan_Northwest_Saudi_Arabia,80,3.334620306754206,0.22418584709574524,0.7284225050564062,-0.1349169704891724,0.42954891096665027
ridge_own_era5_flat12,5,E_Junggar_Pendi,80,2.897364869164211,0.4512853675243179,0.7793164619536019,-0.352354679340511,0.2822027785416813
ridge_own_era5_flat12,5,E_La_Puna_Altiplano,80,2.1793318474506362,0.405960327648482,0.7855114639928621,-0.002959845442642939,0.5381415386918915
ridge_own_era5_flat12,5,E_Lake_Eyre_Basin,80,2.7662891900506126,0.6489314147192844,0.5705378558300285,0.39643988965683796,0.30418253142870677
ridge_own_era5_flat12,5,E_Lake_Rukwa_Basin,80,14.3436403210634,0.4185168002770541,0.8126280548486251,-0.6115782490332591,0.3662333176029743
ridge_own_era5_flat12,5,E_Lakes_Balkash_Alakol,80,2.401702866142545,0.5491971964958224,0.8803070772304951,-0.024991930988151667,0.6942301459447985
ridge_own_era5_flat12,5,E_Libyian_Desert,80,1.0441315600092593,0.11769263644331145,0.553628721130824,-0.029068022871220567,0.2832300382435752
ridge_own_era5_flat12,5,E_Lower_Lake_Chad,80,7.5718213133783205,0.4175486513277727,0.9130681431023531,-1.5364635063552838,0.596029571852996
ridge_own_era5_flat12,5,E_North_Central_Arabia,80,2.2104493064740773,-0.07916473490217779,0.6482757918813645,-0.11420897286316611,0.40115695609565605
ridge_own_era5_flat12,5,E_North_Plateau_of_Tibet,80,2.887805240914622,0.40841298105394075,0.37840825304532766,0.08196898578286615,-0.009597870156258681
ridge_own_era5_flat12,5,E_Northern_Kordofan,80,2.8138068674972665,0.34713155916347543,0.5782251567213342,-0.07775324333872558,0.17582072708057706
ridge_own_era5_flat12,5,E_Plateau_of_Tibet,80,1.8157399553727858,0.37662589042317013,0.6556173449324127,0.06042158747341764,0.36746516815152175
ridge_own_era5_flat12,5,E_Qinghai_Lake,80,2.0245209973827096,0.7541732200132505,0.4843536207020405,0.558337058053368,0.09856295594131459
ridge_own_era5_flat12,5,E_Rift_Valley,80,6.198931333191711,0.4113210000373737,0.4922883481035157,-0.4977400881264651,-1.3445581212942326
ridge_own_era5_flat12,5,E_Rub_al_Khali_Desert,80,1.5553988984607086,0.09277713392438358,0.4651807735667102,-0.0672370195700267,0.14932512650140561
ridge_own_era5_flat12,5,E_Sahara,80,0.7831257777038168,0.0772614688679163,0.29995468948444626,-0.030906844175998538,0.0045061885704443805
ridge_own_era5_flat12,5,E_Saharan_and_Algerian_Atlas,80,1.9214729241834025,-0.004429560850017673,0.8559697395632632,-1.3684509298640548,0.30543004936909657
ridge_own_era5_flat12,5,E_Salinas_Grande_Mar_Chiquita,80,2.7629461606239816,0.771973500941438,0.8197423835561141,0.40888080073081534,0.4620341982044879
ridge_own_era5_flat12,5,E_South_Interior_Africa,80,4.304902317567412,0.6329810806000438,0.7879248724392875,0.2941986706567774,0.5777431314534791
ridge_own_era5_flat12,5,E_Syr_Darya,80,2.104906439072809,0.46700029943703625,0.8745234077673404,0.07097578883682854,0.7390696320424152
ridge_own_era5_flat12,5,E_Tarim_He_Lop_Nur,80,1.3368670505654725,0.5036359034086811,0.8121069732631011,0.07330634945782233,0.5547309652590757
ridge_own_era5_flat12,5,E_Turpan_Pendi,80,2.8163160264390807,0.31402172878624984,0.74896626636922,-0.4809747789990706,0.27518283239688
ridge_own_era5_flat12,5,E_Upper_Lake_Chad,80,2.3017346311986686,0.437020305246988,0.6940716686224419,-0.37337970408725285,0.1365559354323923
ridge_own_era5_flat12,5,R_Amazon_River,80,4.867955544755131,0.6430551594864504,0.9583180430238949,0.38914514708268544,0.9086352801814944
ridge_own_era5_flat12,5,R_Amur_River,80,2.6012586671451294,0.5803018009020033,0.17402027226229483,0.22709856651393012,-0.7186772232000584
ridge_own_era5_flat12,5,R_Colorado_River_Argentina,80,4.116506085168941,0.0626336207166763,0.24873267691168674,-0.5745622849344356,-0.5404515135672701
ridge_own_era5_flat12,5,R_Colorado_River_of_the_West_North_America,80,2.753234342873678,0.449352704787282,0.71567655273591,0.1313333776275949,0.45407057018332386
ridge_own_era5_flat12,5,R_Columbia_River,80,3.1240284020324394,0.20144706810163165,0.9756576455646606,-1.680348327945187,0.8765134814539169
ridge_own_era5_flat12,5,R_Congo_River,80,4.537199359448667,0.49484462859012174,0.7154766277726886,-0.1843538698961935,0.18344728167316338
ridge_own_era5_flat12,5,R_Danube_River,80,3.326230828281009,0.3153758776659272,0.8811474375574676,-0.25803557294221346,0.7075292476464372
ridge_own_era5_flat12,5,R_Dnieper_River,80,4.607269627555379,0.6538775408498791,0.7598389778946589,0.42619714377165663,0.5769770762752497
ridge_own_era5_flat12,5,R_Don_River,80,4.457149670581742,0.760775268689985,0.8646354283650645,0.514588789607384,0.7112925889737169
ridge_own_era5_flat12,5,R_Ganges_Bramaputra_Basin,80,4.172159616527586,0.2878390409757852,0.9433265876762211,-0.4652818100025493,0.8321869615378815
ridge_own_era5_flat12,5,R_Indus_River,80,5.337871269963743,0.34253774334291986,0.808735018252634,-0.8018952235748498,0.2986370505921898
ridge_own_era5_flat12,5,R_Lena_River,80,2.012057505954648,0.2630407846949172,0.8525594542580264,-0.12085401982618249,0.7158111839206553
ridge_own_era5_flat12,5,R_Limpopo_River,80,6.576537207149039,0.5286181267177541,0.7472638655385179,-0.03787507388928901,0.24660376354386437
ridge_own_era5_flat12,5,R_Mackenzie_River,80,3.554351457743582,0.8373917973609746,0.8743604332505519,0.6237899257766613,0.7362415058923182
ridge_own_era5_flat12,5,R_Magdalena_River,80,4.896188119507903,0.47816566099167956,0.7614663537973991,0.19025735598608862,0.5105998014578987
ridge_own_era5_flat12,5,R_Mekong_River,80,5.4986611901862315,0.5891887697448592,0.9215925100441682,0.28526585921587155,0.8364962403138717
ridge_own_era5_flat12,5,R_Mississippi_River,80,3.2744894497260026,0.77294667697265,0.9025447553076494,0.40704869352288053,0.7138939957528843
ridge_own_era5_flat12,5,R_Murray_Darling_River,80,3.4305947192969346,0.6399139306122885,0.6454194011965233,0.39378680796472554,0.3897702953599932
ridge_own_era5_flat12,5,R_Niger_River,80,3.372384509047316,0.275252984386311,0.9558991809786964,-1.2878795236587721,0.7905357450279242
ridge_own_era5_flat12,5,R_Nile_River,80,4.5966761447105995,0.03317262973096645,0.8149895353309058,-1.8414060301449755,0.27753794522673225
ridge_own_era5_flat12,5,R_Ob_River,80,2.5764864834869394,0.7117135400908804,0.8975735738732981,0.4784560558472778,0.8040528014080935
ridge_own_era5_flat12,5,R_Orange_River,80,2.9580389952312753,0.588296013994331,0.6238465686289153,0.2215636257609388,0.2739085606274909
ridge_own_era5_flat12,5,R_Orinoco_River,80,6.116341172133175,0.5027163448816034,0.924659962920264,0.19673678264622485,0.8434870188531893
ridge_own_era5_flat12,5,R_Parana_River,80,5.12685351007197,0.4013159227430325,0.8095022782060426,-0.5362855384740481,0.15764456327967846
ridge_own_era5_flat12,5,R_Parnaiba_River,80,8.078790418283003,0.4977901110845365,0.872111282302404,-0.5813798215694124,0.498450424668581
ridge_own_era5_flat12,5,R_Rio_Grande_Rio_Bravo,80,4.1418749543778866,-0.05062688513505799,0.5777631363474525,-0.9320241538600542,-0.16497817014672633
ridge_own_era5_flat12,5,R_Saint_Lawrence_River,80,5.088116183385269,0.7970438444054576,0.7530586193268023,0.5796898309873316,0.4995756301487758
ridge_own_era5_flat12,5,R_Sao_Francisco_River,80,9.297611853024177,0.3439614711253981,0.6696161204304176,-0.2804308857165432,0.2400989258054409
ridge_own_era5_flat12,5,R_Saskatchewan_Nelson_Rivers,80,3.8139121609208244,0.2840168965490037,0.7314032853262828,-0.5013115468651981,0.405454793050245
ridge_own_era5_flat12,5,R_Senegal_River,80,2.7924724999829365,0.32804663432226555,0.9157202357891738,-0.010100546121766252,0.8095865959489366
ridge_own_era5_flat12,5,R_Shebelli_Juba_Rivers,80,4.564707195056417,0.524959874111977,0.6091347674762099,-0.06425461176792102,0.12182169910967078
ridge_own_era5_flat12,5,R_Tigris_Euphrates_River,80,3.9580755421355085,0.7684722686771259,0.8616255815962789,0.5904096260836686,0.7416308505768814
ridge_own_era5_flat12,5,R_Tocantins_River,80,7.957066210270669,0.19764216340061977,0.8933441311192274,-0.08490735319887621,0.783153114623025
ridge_own_era5_flat12,5,R_Volga_River,80,3.05459301225851,0.3988071993645531,0.9114205029855544,0.09449340462975131,0.8063325153723305
ridge_own_era5_flat12,5,R_Volta_River,80,3.039848244689795,0.3620782423140587,0.9418434635180007,0.09782376278133775,0.8728844879483326
ridge_own_era5_flat12,5,R_Yangtze_River,80,3.867590421061543,0.290837595441744,0.5758529567838154,-0.015463384847856698,0.25437790637560276
ridge_own_era5_flat12,5,R_Yellow_River_Huang_He,80,2.175775872555202,0.33812443049659247,0.5198334441772174,0.09214028716679512,0.24309762355186693
ridge_own_era5_flat12,5,R_Yenisey_River,80,1.6857838373795624,0.2246348749269367,0.9199742423317814,-0.40090005951843377,0.7972989155850193
ridge_own_era5_flat12,5,R_Yukon_River,80,2.4782059321645513,0.13575277249941706,0.9269074910725171,-0.9331968406217981,0.741128722667151
ridge_own_era5_flat12,5,R_Zambezi_River,80,5.423145009006947,0.575601086559494,0.9025475055875846,0.2511907111075419,0.7954890964798518
ridge_own_era5_flat12,6,C_Aleutians_South_Alaska_Coast,79,5.614466473450686,0.6868631485634555,0.9472208356494087,0.4438884432415756,0.8682033297723963
ridge_own_era5_flat12,6,C_Amazon_River_Delta,79,8.45680066531225,0.5898225835183347,0.919105774193259,0.27861765401026317,0.829847259719016
ridge_own_era5_flat12,6,C_Angola_Coast,79,4.665359579430454,0.5654575570904222,0.79690687939182,0.27061288824858887,0.6279022655600563
ridge_own_era5_flat12,6,C_Balkan_Peninsula_and_Adriatic_Coast,79,3.1735296570955938,-0.00970950731142438,0.9303006580589575,-0.26852509713646966,0.8481387522489691
ridge_own_era5_flat12,6,C_Banks_Island,79,8.41362125550358,0.034273892061047945,0.4020924114012239,-0.07979931572168275,0.10617310141463066
ridge_own_era5_flat12,6,C_Beaufort_Sea_Coast,79,1.9420205793747407,0.1772362699634468,0.9032777810042073,0.016881343633939783,0.8146750388782572
ridge_own_era5_flat12,6,C_Bight_of_Benin_Coast,79,5.494745336970657,0.3601998632549722,0.878734897115497,0.0901474392771403,0.7665359655449477
ridge_own_era5_flat12,6,C_Bismark_Sea_Islands,79,3.348082261065812,0.5245697235935828,0.34936310582997904,0.067720871640357,-0.12574230183972035
ridge_own_era5_flat12,6,C_Borneo,79,4.567028453881597,0.22969375926948285,0.23079541317386182,-0.08859604676936139,-0.5834273167187605
ridge_own_era5_flat12,6,C_Buor_Khaya_Gulf_Coast,79,4.430225601192394,0.1567077209854354,0.7278003764422079,-0.03491883201064394,0.5059497131565143
ridge_own_era5_flat12,6,C_California_and_Baja_California,79,3.710522572746381,0.5960110726922272,0.7994509175933286,0.3360153838436477,0.6323003990379894
ridge_own_era5_flat12,6,C_Canadian_South_Arctic_Ocean_Coast,79,2.05319125517749,0.08371863133837183,0.8191066383221818,-0.36983934804935625,0.5869323229556549
ridge_own_era5_flat12,6,C_Capim_River_Delta,79,10.637679664065057,0.4329493873292422,0.8914329144699682,0.07589055610834661,0.7584858260506903
ridge_own_era5_flat12,6,C_Carribean_Coast,79,4.233689016448743,0.5735581665944498,0.8869496689934238,0.2906259459141115,0.7735415754740865
ridge_own_era5_flat12,6,C_Central_America_Gulf_of_Mexico_Caribbean_Coast,79,3.58824908710421,0.4388091561558742,0.8980792162641642,0.11467710106779949,0.787919640714496
ridge_own_era5_flat12,6,C_Central_American_Pacific_Coast,79,3.7667361517688986,0.0523697991310466,0.8781882590222296,-0.9992046083916715,0.5663334083007623
ridge_own_era5_flat12,6,C_Chao_Phraya_River_Gulf_of_Thailand_Coast,79,7.148571458562681,0.4739827639418959,0.9020294830595849,0.007335743237662284,0.7500965174947682
ridge_own_era5_flat12,6,C_Chukchi_Peninsula,79,4.621004252813193,0.22090191918341984,0.7698346500044945,0.035438865683988796,0.5864580463412934
ridge_own_era5_flat12,6,C_Churchill_Seal_Rivers,79,4.112806970841752,0.6154200795017819,0.7478442372302737,0.3011055420481622,0.48501173356237315
ridge_own_era5_flat12,6,C_Columbia_Ecuador_Pacific_Coast,79,2.087339296812654,-0.002254658696208918,0.6805931293113597,-0.04502016065835557,0.4620811084941784
ridge_own_era5_flat12,6,C_Crimea_West_Azov_Sea_Coast,79,8.097802544401095,0.30050867890844996,0.6339018176046775,0.06127534073870611,0.3749604126230994
ridge_own_era5_flat12,6,C_Cuba,79,2.5950125240284407,0.191470508807874,0.7864704243424496,-0.05543021485019306,0.5594392904549658
ridge_own_era5_flat12,6,C_Deccan_Plateau_East_Indian_Subcontinent_Coast,79,5.227137443217241,0.4479912146113307,0.9561824322783318,-0.5613068270282067,0.8326721491082619
ridge_own_era5_flat12,6,C_Denmark_Germany_Coast,79,7.381327014787997,0.3162139145456491,0.4790518177906997,0.07621891445524531,0.20720666486196082
ridge_own_era5_flat12,6,C_East_Australia_Coast,79,3.1528166796441206,0.5111149997210942,0.4120446473563244,0.23776029756064299,0.11045193351890459
ridge_own_era5_flat12,6,C_East_Azov_Sea_Northeast_Black_Sea_Coast,79,9.628506032792833,0.4166516395695147,0.5918039342169221,0.17109004501761127,0.344699080138672
ridge_own_era5_flat12,6,C_East_Barents_Sea_Coast,79,3.5041634792521985,0.46025729313468233,0.904986542652637,0.06286939941499703,0.7820691008365521
ridge_own_era5_flat12,6,C_East_Beaufort_Sea_Amundsen_Gulf_Coast,79,2.7080210794773545,0.3487723244499203,0.7602433458504876,0.11252305165445786,0.5706996185952181
ridge_own_era5_flat12,6,C_East_Brazil_South_Atlantic_Coast,79,5.168416486597072,0.37690203281420614,0.8288579492131135,-0.6750627218199399,0.3745180663217247
ridge_own_era5_flat12,6,C_East_Caspian_Sea_Coast,79,3.2617931058062375,0.6247488635344566,0.8879045393025861,0.11267051124470684,0.6818803063740033
ridge_own_era5_flat12,6,C_East_Central_Africa_Coast,79,7.179940036088763,0.22632690594721733,0.8760833849246394,-1.6047981301678118,0.3728122353992299
ridge_own_era5_flat12,6,C_East_China_Coast,79,6.032623491121085,0.07089500661484696,0.6292866873870192,-0.25992325708470654,0.26552856374254075
ridge_own_era5_flat12,6,C_East_Hudson_Bay_Coast,79,3.885175857192482,0.05473977238430311,0.6085377463823546,-0.33300046624989155,0.23757321134066156
ridge_own_era5_flat12,6,C_East_Mediterranean_Coast,79,4.591748145759323,0.10405587145542468,0.8442989442788021,-0.49112739369011593,0.6104276543221365
ridge_own_era5_flat12,6,C_East_Mississippi_Delta,79,5.906634108331955,0.4004669300937055,0.785809810317436,0.13301814466705109,0.6081635674398433
ridge_own_era5_flat12,6,C_East_Nile_Delta,79,3.0201779366681,-0.01333967780120019,0.4552923117560791,-0.6644320848625804,-0.2729407712925298
ridge_own_era5_flat12,6,C_East_Ob_Bay_Coast,79,3.525527337752194,0.40790775850570826,0.9021699781381581,0.08409404906060824,0.774433091337721
ridge_own_era5_flat12,6,C_East_Red_Sea_North_Gulf_of_Aden_Coast,79,1.735412424466667,0.26632188751527375,0.5944225858725976,0.016549535738116017,0.29942726649446927
ridge_own_era5_flat12,6,C_East_Timor_Islands,79,3.2808480839921477,0.3810062816827638,0.5283866499048336,0.12196607325625386,0.2533970520148746
ridge_own_era5_flat12,6,C_Ellef_Ringnes_Bathurst_Devon_Islands,79,3.715733596020905,0.3376416770350904,0.6329326552718753,-0.43788309289916527,-0.009978234118777518
ridge_own_era5_flat12,6,C_Ellesmere_Island,79,6.280571737764085,0.7108235677130648,0.9583273218587103,0.010341145307827704,0.8262048476710646
ridge_own_era5_flat12,6,C_Great_Britain,79,3.41697241482936,-0.08447998633414615,0.5214886206089874,-0.33465208292197124,0.0664981957437869
ridge_own_era5_flat12,6,C_Greater_Dniester_Basin,79,5.5605122641412645,0.09754872314832823,0.7923671835563246,-0.8343322737721597,0.38533127765361097
ridge_own_era5_flat12,6,C_Gulf_of_Darien_Coast,79,3.941818859969373,0.4473068591965047,0.8393955336494185,0.16323831435716418,0.6716138417107287
ridge_own_era5_flat12,6,C_Gulf_of_Guinea_Coast,79,4.090111300273768,0.4498034424539149,0.7010883412938471,0.11123630650468996,0.4357701609640344
ridge_own_era5_flat12,6,C_Gydan_Bay_Coast,79,4.437041099571345,0.2479843060189083,0.8609789393769623,0.008176356106896376,0.7287874659266815
ridge_own_era5_flat12,6,C_Hainan,79,5.416972663790766,0.12337850370135414,0.7949177538927437,-0.03405911261719252,0.6190756123659282
ridge_own_era5_flat12,6,C_Halmahera_Islands,79,3.2570388243856576,0.11340102984143585,0.19650542368956378,-0.030798041216655303,-0.04181110284146228
ridge_own_era5_flat12,6,C_Hispaniola,79,2.1761751859139506,-0.12587339690993873,0.5359741451889958,-0.28102261480274904,0.10036856496721658
ridge_own_era5_flat12,6,C_Hokkaido,79,4.217476005816143,-0.07143629291696243,0.6465678073939904,-0.07794033246013776,0.3896077591781667
ridge_own_era5_flat12,6,C_Hub_Porali_Basin,79,4.680979564024748,0.22560855546534403,0.509726007890101,-0.22872128334620578,0.040405433069708896
ridge_own_era5_flat12,6,C_Iberian_Atlantic_Coast,79,3.5896089824468853,0.32959628458318346,0.8431327931145329,0.1049651270751395,0.7004142160952329
ridge_own_era5_flat12,6,C_Iceland,79,10.700699745926062,0.17379207805758698,0.809980438265395,-0.011681872166840135,0.653521141149283
ridge_own_era5_flat12,6,C_India_West_Coast,79,5.231857760916412,0.04014108054034187,0.9505253312514818,-0.9576183972352672,0.832460063956876
ridge_own_era5_flat12,6,C_Indian_Ocean_Africa_Coast,79,5.789029322012244,0.20956042098196706,0.7127637514736218,-0.2561047222124191,0.3490636711701546
ridge_own_era5_flat12,6,C_Ireland,79,2.2987589598665568,0.015520305704809605,0.6362925251375532,-0.09366682764218925,0.3360338096014246
ridge_own_era5_flat12,6,C_Irrawaddy_Sittang_Salween_Basin,79,4.359931158877661,0.25484219491193644,0.9462156068579682,0.06371050637479714,0.8892625444371917
ridge_own_era5_flat12,6,C_Jamaica,79,2.9786676994038905,0.10339566956882033,0.20730566597160696,-0.014153495596626708,0.009825962214136452
ridge_own_era5_flat12,6,C_Japan,79,4.645350119707868,0.13245666968944955,0.44988996441186746,-0.7824351082453571,-1.086824614280637
ridge_own_era5_flat12,6,C_Java,79,3.544288418684187,0.44922024924335685,0.6572817181550729,0.13963217742700518,0.3892534125226277
ridge_own_era5_flat12,6,C_Kamchatka_Peninsula,79,3.2988543945230773,0.3338229026893063,0.9400862940349791,0.07607792809306135,0.8773580036937445
ridge_own_era5_flat12,6,C_La_Plata_Delta,79,7.012638978274964,0.46997089506712375,0.4468172823116316,0.14971730325941202,0.10089547755197825
ridge_own_era5_flat12,6,C_Labrador_Sea_Coast,79,4.1781588298395915,0.5053830652230276,0.8227495043012343,0.16303725891425191,0.6229995396983028
ridge_own_era5_flat12,6,C_Madagascar,79,4.434541627571045,0.078712304067691,0.8548430540542641,-0.03205351289770797,0.7166298021354509
ridge_own_era5_flat12,6,C_Malaysian_Peninsula_Coast,79,5.260723253211141,0.3102225062546393,0.6310610338581706,-0.09875287649471343,0.23088818451764093
ridge_own_era5_flat12,6,C_Maluku,79,4.195354147339597,0.1018120165104655,0.19828846356388177,-0.008171131900367667,-0.03788318116256484
ridge_own_era5_flat12,6,C_Melville_Prince_Patrick_Islands,79,8.054401853342007,0.6522840563296639,0.8313216532819946,0.14128809018688604,0.5067314631846576
ridge_own_era5_flat12,6,C_Namibia_Coast,79,2.5923833123242694,0.16707942980162793,0.2527610945238384,-0.2910410849509073,-0.2565272281080597
ridge_own_era5_flat12,6,C_Neva_River_Finland_Coast,79,3.231336874064924,0.19340548016224907,0.7900746625977609,-0.20446305733525105,0.5441394145867573
ridge_own_era5_flat12,6,C_New_Brunswick_and_Nova_Scotia_Coast,79,5.139844120222422,0.18793261447881401,0.7948080158957038,-0.15133882202641868,0.5459891095446139
ridge_own_era5_flat12,6,C_New_Siberian_Islands,79,50.95916452052272,0.24154219914581423,0.3407223613150264,-0.07646422246142359,-0.021050026720077275
ridge_own_era5_flat12,6,C_New_Zealand_North_Island,79,2.482107729211401,0.22381947482641357,0.7525987593898515,-0.09698620841580041,0.49518323405030684
ridge_own_era5_flat12,6,C_New_Zealand_South_Island,79,2.595694984247615,-0.1192855147776863,0.6937009923813598,-0.06037581348798726,0.47308998589584395
ridge_own_era5_flat12,6,C_Nigerian_Delta,79,4.608274289706298,0.04511898442787629,0.9581174534516352,-0.05389948437510883,0.9149603360489494
ridge_own_era5_flat12,6,C_North_Argentina_South_Atlantic_Coast,79,4.7914105088819605,0.5205883467767025,0.48953698611775154,0.21446055883801396,0.1398889909392531
ridge_own_era5_flat12,6,C_North_Australia_Coast,79,5.992323330761839,0.6096481250252277,0.8518357503759005,0.2178239680345846,0.6923916695042869
ridge_own_era5_flat12,6,C_North_Baffin_Island_Coast,79,6.453794647887978,0.6072865988645553,0.8108483137415651,0.18614922565161773,0.4249834578135
ridge_own_era5_flat12,6,C_North_Brazil_South_Atlantic_Coast,79,12.105423816649338,0.2523468436392922,0.88886690613521,-0.771752250209168,0.6282885092705581
ridge_own_era5_flat12,6,C_North_Caspian_Sea_Coast,79,2.5970314402240637,0.45850659931705406,0.8026242889779066,0.19963842344268756,0.6166662023792311
ridge_own_era5_flat12,6,C_North_Chile_South_Pacific_Coast,79,3.0991539873616634,0.3629507726223364,0.7557462411998044,0.0631833167706165,0.5509566406438962
ridge_own_era5_flat12,6,C_North_East_Bay_of_Bengal_Coast,79,3.6857531233248433,0.1301084069951223,0.9768058636860392,-0.027946297810980125,0.9518818789712635
ridge_own_era5_flat12,6,C_North_East_Siberian_Sea_Coast,79,1.8749883971891796,0.5740655759631949,0.8496091403937575,0.27650687598549206,0.7049051444251827
ridge_own_era5_flat12,6,C_North_Gulf_of_Oman_Coast,79,3.9227165512722824,0.37052697026315606,0.6562843185630329,0.10603094699020499,0.3965735173159378
ridge_own_era5_flat12,6,C_North_Korea_Bay_Korean_Peninsula,79,4.110069238634515,0.43153328274172936,0.6318806582611836,-0.8257410157750957,-0.4380442221058749
ridge_own_era5_flat12,6,C_North_Siberia_Coast,79,1.8196445823758756,0.37141837594359123,0.9310140550295088,0.09349016720349368,0.8539900831713005
ridge_own_era5_flat12,6,C_North_St_Lawrence_Seaway_Coast,79,4.774359934384738,0.14185275614355472,0.796088792118278,-1.1619624232713917,0.1687893752245695
ridge_own_era5_flat12,6,C_North_Vietnam_South_China_Coast,79,5.53857153134711,0.031234015936821416,0.6216765272132725,-0.44225608850734854,0.25589938196705386
ridge_own_era5_flat12,6,C_North_West_Africa_Coast,79,1.6929113141870273,-0.2341573591723236,0.2980648040500162,-0.6576139218913182,-0.8062614457793627
ridge_own_era5_flat12,6,C_Northeast_South_America_Coast,79,11.088016743136125,0.7164485685836053,0.7056998195393365,0.4447416514729643,0.4823759968911947
ridge_own_era5_flat12,6,C_Northwest_Hudson_Bay_Coast,79,3.1884866121588007,0.42098772388459416,0.7134280390501365,0.14029574633862163,0.49168506689945457
ridge_own_era5_flat12,6,C_Northwest_Mediterranean_Coast,79,3.55382276187892,0.36927920704690315,0.7859685942311915,-0.04987974757780167,0.5415660961012239
ridge_own_era5_flat12,6,C_Norway_Coast,79,3.9043683309751076,0.21181014194628672,0.8171091105393758,-0.008262551406216012,0.6314162052794139
ridge_own_era5_flat12,6,C_Novaya_Zemlya,79,25.643446412420026,0.48825982967931153,0.9389526951730106,-0.7100680989409538,0.7365572459401684
ridge_own_era5_flat12,6,C_Nusa_Tenggara,79,3.3831431342870872,0.5277667779992774,0.49471603801897723,0.1215014611286176,0.18402530469020606
ridge_own_era5_flat12,6,C_Olenyok_Delta,79,9.531659268746631,0.2868727419539463,0.43808027214884093,0.001983993606689105,0.1242617971236274
ridge_own_era5_flat12,6,C_Oregon_Coast,79,3.470984942249432,0.013259550416707259,0.9238651750224322,-0.32415373986564555,0.8024305310934656
ridge_own_era5_flat12,6,C_Papua_New_Guinea_Island,79,2.7105973360778863,0.009073881754123004,0.36704893395396765,-0.13790335125464637,-0.03114581131412142
ridge_own_era5_flat12,6,C_Patagonia,79,4.0889333019591385,0.09982439680144371,0.5500928988625962,-0.0293954471208262,0.2033652136594266
ridge_own_era5_flat12,6,C_Peru_Pacific_Coast,79,1.5415135549585885,0.180832503514474,0.8704515429238577,0.02133257945938205,0.750065250365533
ridge_own_era5_flat12,6,C_Philippines,79,3.457463099401828,0.3622463602481568,0.5256693035800896,0.11382040646051717,0.2531648895814731
ridge_own_era5_flat12,6,C_Po_River_and_East_Italy_Coast,79,4.223357606745555,0.4658295972329502,0.8277340732873567,-0.007302587001644101,0.6032136366403085
ridge_own_era5_flat12,6,C_Prince_of_Wales_Island,79,3.5413770380810883,-0.011048661989947597,0.33374139888062165,-0.2162995559006724,-0.02167146722483948
ridge_own_era5_flat12,6,C_Puerto_Rico,79,2.072393073697834,-0.1122974691545022,0.5257531297400706,-0.18378525025713,0.2019902333360688
ridge_own_era5_flat12,6,C_Sakhalin_Island,79,9.085627070175606,-0.07187180228974102,0.1479686994805585,-0.15076249443898293,-0.2709562786124844
ridge_own_era5_flat12,6,C_Sardinia_and_Corsica,79,9.101605021120353,0.1424184586565411,0.39903451268681,-0.04667788408158979,0.07496276751534714
ridge_own_era5_flat12,6,C_Severnaya_Zemlya,79,34.295210463501824,0.2900081560055309,0.8383577131024822,-1.1857607025011685,0.3889857650889751
ridge_own_era5_flat12,6,C_Seward_Peninsula_Alaskan_North_Slope,79,2.6630131564659973,0.5170501733935561,0.7789387328266036,0.1230290778673544,0.5172051457344145
ridge_own_era5_flat12,6,C_Shelikhov_Gulf_Sea_of_Okhotsk_Coast,79,5.225122425550813,0.3558515465458161,0.826662446065903,-0.10587164822880224,0.563021687706522
ridge_own_era5_flat12,6,C_Sicily,79,4.650632601124118,-0.058180459203085906,0.13858085350359672,-0.04741495236388804,-0.10615541376073989
ridge_own_era5_flat12,6,C_Solomon_Islands,79,8.451408738044512,0.3124922929187687,0.34803322904077083,0.08653266841139173,-0.02561768628645056
ridge_own_era5_flat12,6,C_Somerset_Island,79,3.8027766126323064,0.04353106105920427,0.6427398257582899,-0.46143763025864204,0.2219659757320951
ridge_own_era5_flat12,6,C_South_Africa_South_Coast,79,2.5433016671698527,0.5327848286012251,0.6438109752271831,0.09707866148392774,0.2612015556344054
ridge_own_era5_flat12,6,C_South_Africa_West_Coast,79,2.001767896622875,0.1853412188038449,0.5538175153992777,0.012958091496339308,0.2812787039083229
ridge_own_era5_flat12,6,C_South_Alaska_Coast_Frazer_River,79,8.424172926300255,0.45943387456562984,0.9347844230835531,-0.2700701739754783,0.8087184845418919
ridge_own_era5_flat12,6,C_South_Amapa_Coast,79,9.686275750074083,0.661264823950933,0.8905720806747229,0.23145079746756847,0.7846624593591999
ridge_own_era5_flat12,6,C_South_Australia_Coast,79,1.3147978234581814,0.36953567530262255,0.7920162828098106,0.09728131864506118,0.6091301058506184
ridge_own_era5_flat12,6,C_South_Baffin_Island_Coast,79,4.818447515431622,0.41400145377904457,0.7296386702557213,-0.06630251957627742,0.351221507520028
ridge_own_era5_flat12,6,C_South_Baltic_Coast,79,3.2938576597382525,0.06338205361846239,0.7332564583366846,-0.18699911142199688,0.5297516021811246
ridge_own_era5_flat12,6,C_South_Black_Sea_Coast,79,6.549726535021164,0.09965454292366424,0.7438039713644413,-0.28053656249090353,0.46546677786767066
ridge_own_era5_flat12,6,C_South_Chile_South_Pacific_Coast,79,9.425894714647566,0.024767315119686478,0.9380408922040803,-3.4975084390660935,0.5487400909193043
ridge_own_era5_flat12,6,C_South_East_Brazil_Coast,79,7.227920394643459,0.29167245047250284,0.6380013294767289,-0.4987222390908397,0.027701786489292335
ridge_own_era5_flat12,6,C_South_East_Russia_Coast,79,3.295561061727606,0.11548939228917092,0.027007021977179597,-0.19025302623621632,-0.793089696021577
ridge_own_era5_flat12,6,C_South_Gulf_of_Aden_Coast,79,2.768060266995511,0.4070759398017116,0.1838220927408813,0.11846547662727502,-0.02379805935182744
ridge_own_era5_flat12,6,C_South_Gulf_of_Oman_West_Arabian_Sea_Coast,79,1.934100097747568,0.19311012791252613,0.4965980254697284,-0.3212240099305803,-0.0344254521666989
ridge_own_era5_flat12,6,C_South_Hudson_Strait_Ungava_Bay_Coast,79,4.34291794560844,0.14310822290638914,0.8088681215585344,-0.38483921818002065,0.5025384146483312
ridge_own_era5_flat12,6,C_South_Mediterranean_Coast,79,1.5373449242111124,-0.22862162256402976,0.26982489320093683,-0.33760445143352635,-0.22334265555915955
ridge_own_era5_flat12,6,C_South_Zambezia_Coast,79,4.783694401096457,-0.01987668362993886,0.8247285095600382,-0.3491752774802941,0.5852511274280873
ridge_own_era5_flat12,6,C_Southhampton_Coats_Islands,79,4.086303202253942,0.0964488219104168,0.4982892467572358,-0.06843546364860176,0.22374471680669794
ridge_own_era5_flat12,6,C_Southwest_Hudson_Bay_Coast,79,2.75602807984999,0.22255846251299408,0.8471039272852715,-0.017461150273898385,0.6762903484345619
ridge_own_era5_flat12,6,C_Southwest_Mediterranean_Coast,79,2.6301150931878063,0.03190437235695968,0.6733548259752226,-0.4477619490559017,-0.08707038375708342
ridge_own_era5_flat12,6,C_Sri_Lanka,79,2.2606938753043635,0.26906167572047146,0.9156519230385063,-0.6457045649185624,0.7126037351755952
ridge_own_era5_flat12,6,C_Sulawesi,79,3.4795303549583876,0.2066203714499787,0.20691093526595117,-0.04099416989735705,-0.2472392520180553
ridge_own_era5_flat12,6,C_Sumatra,79,4.230157088528226,-0.09839284500170983,0.4967382090409649,-0.911143619032498,-0.6328577792346586
ridge_own_era5_flat12,6,C_Svalbard,79,33.67191816811083,0.6789706491290401,0.9703342069479174,-0.534721352315374,0.8373548743213096
ridge_own_era5_flat12,6,C_Sweden_Coast,79,3.7578329677869173,0.026929358183044948,0.7246221992989527,-0.04778690955325238,0.521852712992912
ridge_own_era5_flat12,6,C_Taiwan,79,1.9937169494015383,0.17410933223444258,0.6352853292424118,-0.01870485213418771,0.3841368937663663
ridge_own_era5_flat12,6,C_Tasmania,79,2.9904570271157898,0.18574079407861901,0.7339016389660689,0.01175430771720809,0.5233905288076162
ridge_own_era5_flat12,6,C_Texas_Gulf_Coast,79,4.924087556207438,0.12049900130581741,0.5448658172846144,-0.28686763787693437,0.1639672392219984
ridge_own_era5_flat12,6,C_Thar_Desert_Sabarmati_River_Gulf_of_Cambay_Luni_Delta,79,5.645987907420458,0.5441811202300778,0.6707223680163621,0.2648894289277347,0.4426188897089949
ridge_own_era5_flat12,6,C_US_East_Gulf_of_Mexico_North_Atlantic_Coast,79,5.101998793133721,0.52899828127489,0.53682411791696,0.27112255658756035,0.17607699477981753
ridge_own_era5_flat12,6,C_US_North_Atlantic_Coast,79,3.1956845968721153,0.06808006572512162,0.8186034821067977,-0.08896587435859904,0.6463819341776571
ridge_own_era5_flat12,6,C_Uda_Basin,79,3.4435461446549325,0.3409878008371444,0.5816064755289514,0.10373801720915243,0.299975270928058
ridge_own_era5_flat12,6,C_Uruguay_South_Brazil_Coast,79,6.233670962056083,0.2559168505221697,0.3351811221720586,-0.08825875544405748,0.030458600199802288
ridge_own_era5_flat12,6,C_Victoria_Island,79,3.041318535281401,-0.1482416151307955,0.65975749177799,-0.3823170337828914,0.36687156760920825
ridge_own_era5_flat12,6,C_Vietnam_Coast,79,4.182422705756128,0.5142244630173277,0.9576579913221748,0.07005562513026209,0.8972871007656453
ridge_own_era5_flat12,6,C_West_Africa_Coast,79,2.3871540727453393,0.17492709176706295,0.9782260119529406,-0.03006977957306689,0.9526982212813573
ridge_own_era5_flat12,6,C_West_Australia_Coast,79,2.1674650758438316,0.24924747686175483,0.5071741939481794,-0.2966778453294052,-0.03360057577488673
ridge_own_era5_flat12,6,C_West_Barents_Sea_Coast,79,3.4069837280773,0.03397009057585444,0.8486543254891271,-0.05207040668823093,0.697475621977707
ridge_own_era5_flat12,6,C_West_Black_Sea_Coast,79,6.5021731506588205,-0.03607342046853886,0.698737255850602,-0.16811206158284042,0.46779504431528307
ridge_own_era5_flat12,6,C_West_Caspian_Sea_Coast,79,4.1100284347452005,0.36603613188511597,0.836923216794822,0.08452000612840915,0.6674426304478573
ridge_own_era5_flat12,6,C_West_Continental_Europe,79,3.3275725867413057,0.43833174530822855,0.8071090838393543,0.1823852374651358,0.6459945115013433
ridge_own_era5_flat12,6,C_West_Italy_Coast,79,3.02234286370793,-0.15391880460417276,0.8550866770597934,-0.3397678306320644,0.6973291341536954
ridge_own_era5_flat12,6,C_West_Mississippi_Delta,79,5.784422077747121,0.36544634969391016,0.7657597607295401,0.11149920975402627,0.5825103332783086
ridge_own_era5_flat12,6,C_West_Nile_Delta,79,2.498230402234282,-0.17101417898584678,0.3824005347955188,-0.7159959221643584,-0.35004113732195163
ridge_own_era5_flat12,6,C_West_Red_Sea_Coast,79,2.4493578924346626,0.18649502202551885,0.5268971244013577,-0.10269415570973939,0.13243713540841184
ridge_own_era5_flat12,6,C_Yamal_Peninsula,79,3.9785930173094775,0.0836920117463221,0.8095140750391946,-0.17523504805473444,0.6035227505087603
ridge_own_era5_flat12,6,C_Yellow_Sea_Coast,79,5.422358564471203,0.6551161764153012,0.6299865532089106,-0.11486865096259091,-0.063675487906935
ridge_own_era5_flat12,6,C_Yenisey_Gulf_Coast,79,4.029750625372601,0.22981495133554564,0.8677154989627891,0.02583821479610282,0.7479251446092477
ridge_own_era5_flat12,6,C_Ziya_He_Interior_Coast,79,7.753427774772074,0.7198027657646164,0.7363798329802361,-0.07766391561341934,-0.008511606030179975
ridge_own_era5_flat12,6,E_Altai_Mountains,79,1.4394613866458534,0.1455105025901876,0.17441275828671643,-0.11158592829065972,-0.1743149539398039
ridge_own_era5_flat12,6,E_Amu_Darya,79,3.8113424084898497,0.17874049244182338,0.8797499792203792,-0.7886988844595031,0.5682803619289074
ridge_own_era5_flat12,6,E_Australia_Northwest_Plateau,79,5.867249177585551,0.6050898578093155,0.726186833433126,0.13319837346979801,0.3278891571981465
ridge_own_era5_flat12,6,E_Badain_Jaran_Desert,79,1.184154422495928,0.2368353219736415,0.5247823210114202,0.03799631079104526,0.2606560873517668
ridge_own_era5_flat12,6,E_Central_Iran,79,3.227795073395177,0.4928440141499305,0.8181956235207443,0.1423193353467701,0.6265134046725822
ridge_own_era5_flat12,6,E_Central_Mongolia,79,2.6585418360541104,0.1765035552935786,0.22899787315728853,-0.1435175218766065,-0.15367376746791406
ridge_own_era5_flat12,6,E_Dayan_Khyargas_Uvs_Nuur_Basins,79,1.7293435287346888,0.35015707947465274,0.47049409199133074,0.10213199903279391,0.20442335894587726
ridge_own_era5_flat12,6,E_East_Gobi_Desert,79,2.259949267570683,0.5081120940087186,0.4251726395282282,-0.013189318004277695,-0.08297653931419635
ridge_own_era5_flat12,6,E_Egyptian_Western_Desert,79,1.8742153623961733,0.06278170917127077,0.36294984371182315,-0.7585213919489453,-0.689930974867186
ridge_own_era5_flat12,6,E_Farahrud_Helmand_Hamun_i_Mashkel,79,3.517173377035522,-0.0004418274825565993,0.6988968365949739,-0.4427236660939442,0.3328943609947671
ridge_own_era5_flat12,6,E_Great_Basin_Great_Salt_Lake,79,4.573795993199501,0.5572355919985895,0.7293928779098279,0.2859259583135364,0.4916976181848538
ridge_own_era5_flat12,6,E_Great_Victoria_Desert,79,1.9135267351522969,0.28650769713419394,0.14824199675569832,-0.004075960005263335,-0.24909667198348773
ridge_own_era5_flat12,6,E_Jordan_Northwest_Saudi_Arabia,79,3.3772746627015646,0.1778190031218266,0.7280154551947352,-0.1642574852132781,0.42182104649975083
ridge_own_era5_flat12,6,E_Junggar_Pendi,79,3.2278785778298484,0.34614772078199957,0.7395955396689263,-0.6524521909524557,0.09766587838362695
ridge_own_era5_flat12,6,E_La_Puna_Altiplano,79,2.199500349420442,0.45928511281653417,0.7911730826071774,-0.0079370680029629,0.5320721480790531
ridge_own_era5_flat12,6,E_Lake_Eyre_Basin,79,2.8513333027162893,0.6295079190644394,0.5335151797640071,0.36637263729542957,0.2610090464717685
ridge_own_era5_flat12,6,E_Lake_Rukwa_Basin,79,15.99809173574799,0.31287845105012047,0.7823388712627163,-1.0684332665866942,0.14534985591758376
ridge_own_era5_flat12,6,E_Lakes_Balkash_Alakol,79,2.5617053000873042,0.532505837157218,0.8815616147663488,-0.16625070631636607,0.6537932612716729
ridge_own_era5_flat12,6,E_Libyian_Desert,79,1.0720666244257016,0.022539967028231776,0.5257195446156674,-0.06760281373585242,0.25093169868563536
ridge_own_era5_flat12,6,E_Lower_Lake_Chad,79,8.41101000827708,0.38116344806315383,0.9111460444809152,-2.071946163049226,0.507595363004681
ridge_own_era5_flat12,6,E_North_Central_Arabia,79,2.217390050181661,-0.14721836398787316,0.6380305104908808,-0.11518453507249737,0.3860457014176838
ridge_own_era5_flat12,6,E_North_Plateau_of_Tibet,79,3.0499809588328914,0.3257696018412507,0.30696733459998005,-0.011044007220186947,-0.11667802662137139
ridge_own_era5_flat12,6,E_Northern_Kordofan,79,2.945345224506106,0.2563316664605191,0.5340216469523974,-0.16208847983912267,0.10540846984526242
ridge_own_era5_flat12,6,E_Plateau_of_Tibet,79,1.896400832550061,0.2911825492551175,0.6352180619166446,-0.028845542453113993,0.31823308642090686
ridge_own_era5_flat12,6,E_Qinghai_Lake,79,2.1199295703589116,0.7236422565802346,0.41505772428226867,0.5039519506485521,-0.020293089391350216
ridge_own_era5_flat12,6,E_Rift_Valley,79,6.768391352183226,0.3109337834990976,0.45227409090376186,-0.7598807421259179,-1.8683527306921257
ridge_own_era5_flat12,6,E_Rub_al_Khali_Desert,79,1.5400443780587385,0.16967373376985395,0.4707128754893011,-0.05678306640716557,0.14038185812784632
ridge_own_era5_flat12,6,E_Sahara,79,0.783670433586396,0.0851488473371647,0.3093164925399865,-0.022159802864483824,0.015511359017451154
ridge_own_era5_flat12,6,E_Saharan_and_Algerian_Atlas,79,2.127953119285599,-0.07764059813752977,0.8537803998347098,-1.8597804677824414,0.1226973406988231
ridge_own_era5_flat12,6,E_Salinas_Grande_Mar_Chiquita,79,3.0346102433940376,0.7357862801279158,0.7934795926062614,0.2838548409630508,0.34114653738540734
ridge_own_era5_flat12,6,E_South_Interior_Africa,79,4.629473010089786,0.5682784022483405,0.760755510154432,0.15387581259358363,0.5056124209789967
ridge_own_era5_flat12,6,E_Syr_Darya,79,2.204833214142131,0.3943258330546385,0.8652056874525973,-0.02743955161667988,0.7172844911485015
ridge_own_era5_flat12,6,E_Tarim_He_Lop_Nur,79,1.434610763376341,0.4036660451547179,0.7941853788649038,-0.060494157122381154,0.48990563643469065
ridge_own_era5_flat12,6,E_Turpan_Pendi,79,2.999465186678877,0.23117497007271112,0.7283823935675652,-0.686527275615487,0.16240695450556908
ridge_own_era5_flat12,6,E_Upper_Lake_Chad,79,2.4722733671121997,0.361765504822864,0.6559265874665272,-0.5664953374112314,-0.0012589096940127664
ridge_own_era5_flat12,6,R_Amazon_River,79,5.174600857353443,0.590536048298608,0.9532440404949144,0.30849262148415446,0.8970329875169323
ridge_own_era5_flat12,6,R_Amur_River,79,2.758017228808893,0.5622955576078489,0.07202078065016798,0.1563752266428453,-0.9629607727048801
ridge_own_era5_flat12,6,R_Colorado_River_Argentina,79,4.062958493431001,0.09763994273091206,0.2903809490613583,-0.55170997244759,-0.4818779268447042
ridge_own_era5_flat12,6,R_Colorado_River_of_the_West_North_America,79,2.832683612125651,0.41759512270152216,0.7065754405673284,0.09078304233560375,0.42932697495378946
ridge_own_era5_flat12,6,R_Columbia_River,79,3.4005398839872525,0.195870619438414,0.9755977859250363,-2.0303010824319947,0.8550903803904193
ridge_own_era5_flat12,6,R_Congo_River,79,5.077888388785543,0.35963242381263627,0.6626714361246154,-0.4446247898498401,-0.018495214294343088
ridge_own_era5_flat12,6,R_Danube_River,79,3.535801400981242,0.18478871025823518,0.8716895605087205,-0.45228907162071796,0.6724899349497077
ridge_own_era5_flat12,6,R_Dnieper_River,79,4.982121874335267,0.586489886047423,0.7152685710827222,0.3420367421609143,0.5067911048424132
ridge_own_era5_flat12,6,R_Don_River,79,4.8082876936501675,0.7329568087988618,0.8442844576638029,0.44789817120247766,0.6628866967023637
ridge_own_era5_flat12,6,R_Ganges_Bramaputra_Basin,79,4.431056885927986,0.16984131559041735,0.9393067881981635,-0.6858368264352934,0.8117708742772831
ridge_own_era5_flat12,6,R_Indus_River,79,5.77373300288533,0.3297811106753163,0.8114357743170023,-1.1264182084532108,0.1845715306671919
ridge_own_era5_flat12,6,R_Lena_River,79,2.0516644820528622,0.19175674274508953,0.8508278426034546,-0.14907347880369715,0.7082025436257002
ridge_own_era5_flat12,6,R_Limpopo_River,79,7.0126909379287365,0.43347243518615475,0.6938731277116902,-0.21074768638846897,0.12404481701026682
ridge_own_era5_flat12,6,R_Mackenzie_River,79,3.9877838075160374,0.8027535137896941,0.840835708364359,0.5388117867207933,0.6720133095380103
ridge_own_era5_flat12,6,R_Magdalena_River,79,4.912012927821059,0.4857874607481624,0.7467429709176093,0.18895184335434922,0.5099591481308432
ridge_own_era5_flat12,6,R_Mekong_River,79,5.741179001562002,0.5349124508916782,0.916962453895565,0.20048072603785083,0.8237018882033887
ridge_own_era5_flat12,6,R_Mississippi_River,79,3.561476091653356,0.7530437975489863,0.8985849863479213,0.2619120931609995,0.6620970878707788
ridge_own_era5_flat12,6,R_Murray_Darling_River,79,3.4889397775019835,0.6151934540142167,0.6113092751571706,0.36283411617935746,0.3473703142826833
ridge_own_era5_flat12,6,R_Niger_River,79,3.6604868585849277,0.20907719321857848,0.9528918835226642,-1.6762545222851344,0.7562186216984105
ridge_own_era5_flat12,6,R_Nile_River,79,5.07722812107785,-0.04671228877554026,0.8179135037850809,-2.4391321511002784,0.12338138388470288
ridge_own_era5_flat12,6,R_Ob_River,79,2.608980486546363,0.6928588023342951,0.8998979183578482,0.4687243499224981,0.8015836505669699
ridge_own_era5_flat12,6,R_Orange_River,79,3.0540403143931703,0.5775393136547692,0.5975693566155453,0.15474694403605416,0.1977819243275536
ridge_own_era5_flat12,6,R_Orinoco_River,79,6.547399028832806,0.3980798114661102,0.9149701869219715,0.07764545429913405,0.8227581804887345
ridge_own_era5_flat12,6,R_Parana_River,79,5.657117581863643,0.35786081055810653,0.8095045417011137,-0.8139483705937318,-0.015391574718063517
ridge_own_era5_flat12,6,R_Parnaiba_River,79,9.087398496420098,0.3679238202066531,0.8479037555465933,-1.0892356647885597,0.3267401375125003
ridge_own_era5_flat12,6,R_Rio_Grande_Rio_Bravo,79,4.335905566363227,-0.0628786860512763,0.5853254562939597,-1.1189055819184248,-0.30604004847925337
ridge_own_era5_flat12,6,R_Saint_Lawrence_River,79,5.383854774851055,0.780315154938042,0.7384870010960357,0.5104803120592136,0.4328987505941816
ridge_own_era5_flat12,6,R_Sao_Francisco_River,79,9.831777037213456,0.25155237407587466,0.6372900702323565,-0.5537704514315549,0.07838978151551224
ridge_own_era5_flat12,6,R_Saskatchewan_Nelson_Rivers,79,4.167294228497901,0.19367396920159918,0.705613112295344,-0.7982884006548181,0.2890135579076313
ridge_own_era5_flat12,6,R_Senegal_River,79,2.880401607872275,0.2240361640653182,0.91463530479536,-0.11644247991623735,0.7998714410788978
ridge_own_era5_flat12,6,R_Shebelli_Juba_Rivers,79,4.789097348271909,0.4939103977350119,0.5810577605886169,-0.15272531573686954,0.04540660915825501
ridge_own_era5_flat12,6,R_Tigris_Euphrates_River,79,4.2089116942171145,0.7329406965154334,0.8434627541514542,0.5367643733009464,0.7113643281687319
ridge_own_era5_flat12,6,R_Tocantins_River,79,8.335673238872339,0.05942889428560434,0.8843440154640432,-0.2019575442532351,0.7590602567999845
ridge_own_era5_flat12,6,R_Volga_River,79,3.1460061783026303,0.33522856887487745,0.9072681037802992,0.045918903050590765,0.7971329787460613
ridge_own_era5_flat12,6,R_Volta_River,79,3.1337048465478277,0.30405174596398515,0.9363284840880152,0.0498031395575913,0.8657757941833617
ridge_own_era5_flat12,6,R_Yangtze_River,79,3.9862098112378628,0.19605375846495746,0.5547063192862894,-0.08602426668336571,0.21539515492857042
ridge_own_era5_flat12,6,R_Yellow_River_Huang_He,79,2.2875022482210694,0.2091266340384165,0.44282290796888024,0.008565340876143912,0.15229746890615015
ridge_own_era5_flat12,6,R_Yenisey_River,79,1.7106708252945906,0.2550232669252168,0.9252723066571585,-0.41360257496349107,0.7922094064753078
ridge_own_era5_flat12,6,R_Yukon_River,79,2.591471051023622,0.10306098694280302,0.9273880445850856,-1.0764152921704988,0.7183847067225821
ridge_own_era5_flat12,6,R_Zambezi_River,79,5.827828477705754,0.49935039154256566,0.8890098536703369,0.13208127889080035,0.7597481953847551
ridge_own_flat12,1,C_Aleutians_South_Alaska_Coast,84,3.1903748405849406,0.9114287858933691,0.9782535871292259,0.8287859641890696,0.9558308250015167
ridge_own_flat12,1,C_Amazon_River_Delta,84,4.503352196380218,0.8850488168777064,0.9765981063906066,0.7748976203886925,0.9515689370870826
ridge_own_flat12,1,C_Angola_Coast,84,3.200187089706375,0.7967267388276968,0.9136727488928206,0.6298853825574695,0.8304274588234256
ridge_own_flat12,1,C_Balkan_Peninsula_and_Adriatic_Coast,84,2.544587597633396,0.47306095881604615,0.9508512604043295,0.15541482989171407,0.9017199269028763
ridge_own_flat12,1,C_Banks_Island,84,8.267457351204634,0.004000548779440714,0.4129410406948357,-0.06216928057667204,0.13027356384021582
ridge_own_flat12,1,C_Beaufort_Sea_Coast,84,2.117057039365812,-0.14002668169150942,0.8814157660120984,-0.17139987351921104,0.7748276733510822
ridge_own_flat12,1,C_Bight_of_Benin_Coast,84,4.321495025809719,0.6601965994534229,0.9272148998791424,0.43459338462103814,0.8594312031353256
ridge_own_flat12,1,C_Bismark_Sea_Islands,84,2.9108191007973088,0.7140842905588521,0.6441820687249626,0.48579905092464826,0.3861815751415979
ridge_own_flat12,1,C_Borneo,84,2.983235574438488,0.7572055955102677,0.7593288707532698,0.5602366310695964,0.5648066888421219
ridge_own_flat12,1,C_Buor_Khaya_Gulf_Coast,84,4.308825829914646,0.15859787907237746,0.737616408458236,0.00359933121174838,0.5407045262521668
ridge_own_flat12,1,C_California_and_Baja_California,84,2.382515067132288,0.8459174593436627,0.9184213854786549,0.7150012179286476,0.8424366327744618
ridge_own_flat12,1,C_Canadian_South_Arctic_Ocean_Coast,84,1.5163211482293009,0.5685900389497348,0.8937372672572532,0.2767989475596768,0.7738801142295967
ridge_own_flat12,1,C_Capim_River_Delta,84,5.983985630814467,0.8304993798129204,0.9638001989427003,0.6852299387212122,0.924019856978756
ridge_own_flat12,1,C_Carribean_Coast,84,2.4184333708189736,0.8770414595875606,0.9618248208578791,0.7691523451811182,0.9226075396940181
ridge_own_flat12,1,C_Central_America_Gulf_of_Mexico_Caribbean_Coast,84,2.865495993812198,0.7870943383071604,0.9300830848907724,0.6062519548726497,0.8607410081566758
ridge_own_flat12,1,C_Central_American_Pacific_Coast,84,1.9501266239136805,0.718408077078065,0.9516493925562743,0.43211385256086043,0.8852890659946048
ridge_own_flat12,1,C_Chao_Phraya_River_Gulf_of_Thailand_Coast,84,3.9952606056784976,0.8427817139374383,0.9600525479227406,0.7028927159637983,0.9196732145251548
ridge_own_flat12,1,C_Chukchi_Peninsula,84,4.374063768058294,0.33989121395668936,0.8026724519016237,0.11315911893074315,0.6424401523702
ridge_own_flat12,1,C_Churchill_Seal_Rivers,84,1.9658227012031242,0.9075783506248886,0.9385532877295073,0.8189796090907651,0.8765339047772361
ridge_own_flat12,1,C_Columbia_Ecuador_Pacific_Coast,84,1.7683254117489877,0.4687842038305229,0.7719937989716097,0.21965621110322808,0.595704787729181
ridge_own_flat12,1,C_Crimea_West_Azov_Sea_Coast,84,5.894742807617533,0.6929808748109895,0.8109103352675412,0.4754458925581099,0.6509979254517673
ridge_own_flat12,1,C_Cuba,84,2.566592351356179,0.24762529501227099,0.7850987480852498,-0.030917338735882094,0.5771870800950238
ridge_own_flat12,1,C_Deccan_Plateau_East_Indian_Subcontinent_Coast,84,2.8716638193120083,0.7810128283504683,0.9762644064045439,0.5684735406798113,0.948966315544224
ridge_own_flat12,1,C_Denmark_Germany_Coast,84,7.272710823537909,0.3370440829211566,0.5000855685628045,0.1088979522553647,0.24489758371762083
ridge_own_flat12,1,C_East_Australia_Coast,84,2.3241873660193355,0.7672899752558643,0.7292138942682362,0.5836384014305614,0.5155787962925615
ridge_own_flat12,1,C_East_Azov_Sea_Northeast_Black_Sea_Coast,84,7.749981609927224,0.669255599164286,0.7633349812302581,0.44509415105070504,0.5757465564243665
ridge_own_flat12,1,C_East_Barents_Sea_Coast,84,2.3164760937574433,0.78687524406216,0.9510734570902684,0.5948147993615842,0.900849220261802
ridge_own_flat12,1,C_East_Beaufort_Sea_Amundsen_Gulf_Coast,84,2.6776212742352707,0.400668816975613,0.7634011336387385,0.1586712936780037,0.5589751241912473
ridge_own_flat12,1,C_East_Brazil_South_Atlantic_Coast,84,3.1170695038056677,0.6628615416118578,0.8888824950671541,0.37736558739751835,0.7735560642784958
ridge_own_flat12,1,C_East_Caspian_Sea_Coast,84,2.34287008432205,0.7414030272809942,0.9229285454053207,0.5187768088936593,0.8377798755917429
ridge_own_flat12,1,C_East_Central_Africa_Coast,84,3.3700267556819368,0.7483884477943161,0.9474657398766245,0.4739261798076231,0.8778293812702578
ridge_own_flat12,1,C_East_China_Coast,84,4.425416062585297,0.6396041316008196,0.8045899603703712,0.36215175055649407,0.6192985221578091
ridge_own_flat12,1,C_East_Hudson_Bay_Coast,84,2.7077663761993,0.6096537638968845,0.7910379326043331,0.34132152004410254,0.6077041869420086
ridge_own_flat12,1,C_East_Mediterranean_Coast,84,3.2488213348174257,0.5726274517031469,0.8948817095787115,0.2803835605134313,0.7942312386002972
ridge_own_flat12,1,C_East_Mississippi_Delta,84,3.8015684044702533,0.7993163763679325,0.9239103588114915,0.6349400080869743,0.8355360676544408
ridge_own_flat12,1,C_East_Nile_Delta,84,2.604833601275933,0.10854408262680516,0.47696265549833367,-0.20119618733735467,0.08483076670083856
ridge_own_flat12,1,C_East_Ob_Bay_Coast,84,2.8671949933980687,0.6205085149322978,0.9227419703700063,0.37220521093709646,0.843827294359341
ridge_own_flat12,1,C_East_Red_Sea_North_Gulf_of_Aden_Coast,84,1.5366577869039675,0.48393417256316545,0.7023752326793753,0.1961949145299855,0.47478122380696464
ridge_own_flat12,1,C_East_Timor_Islands,84,3.0304059273409316,0.4891067196371796,0.58882461425189,0.22762148499221524,0.33474339964689903
ridge_own_flat12,1,C_Ellef_Ringnes_Bathurst_Devon_Islands,84,2.6557084222127623,0.5621505035987283,0.7469300629567472,0.25950809847080636,0.4834501376166799
ridge_own_flat12,1,C_Ellesmere_Island,84,3.576088641396155,0.8492556019777384,0.9777998833600688,0.7019545755706186,0.9513455958431855
ridge_own_flat12,1,C_Great_Britain,84,2.9865500416061677,0.3100146652866817,0.6120993353833898,-0.014325969070683175,0.2957855135707427
ridge_own_flat12,1,C_Greater_Dniester_Basin,84,3.5045367107490693,0.5636423451427045,0.8758967917779072,0.22040029530072947,0.7447499336802444
ridge_own_flat12,1,C_Gulf_of_Darien_Coast,84,3.051296497435673,0.6903284446322832,0.8974677876627162,0.474497508707708,0.7953217601422348
ridge_own_flat12,1,C_Gulf_of_Guinea_Coast,84,2.644917444766384,0.7950721828828563,0.8896691527809102,0.6257365812001583,0.7847745169781253
ridge_own_flat12,1,C_Gydan_Bay_Coast,84,4.351903129044372,0.2771876818246554,0.8585535076719988,0.03398260690659316,0.728517965566149
ridge_own_flat12,1,C_Hainan,84,5.482661121798757,0.13005851011006797,0.784942719466281,-0.0371874028637984,0.615830054594231
ridge_own_flat12,1,C_Halmahera_Islands,84,2.782788303668362,0.4965939385292086,0.48211944190749834,0.2375549342399802,0.2181491383574825
ridge_own_flat12,1,C_Hispaniola,84,2.0432132725478085,0.013737041635811917,0.5668900119990927,-0.14819832234723207,0.20549237667367737
ridge_own_flat12,1,C_Hokkaido,84,3.968402254300211,0.1909910553870734,0.6963683215971986,0.025525308646325295,0.4796162430020958
ridge_own_flat12,1,C_Hub_Porali_Basin,84,3.643986221735762,0.6274180944916541,0.7189640594456113,0.3626135426011369,0.49248562173078536
ridge_own_flat12,1,C_Iberian_Atlantic_Coast,84,2.6621330192353327,0.6942983437599508,0.9167365698286964,0.4807897584619384,0.8370451718062246
ridge_own_flat12,1,C_Iceland,84,8.949434853353429,0.506801441502247,0.8697378468835368,0.2385940974196975,0.7557209613831761
ridge_own_flat12,1,C_India_West_Coast,84,3.6397144444659966,0.5351632480040159,0.9632970221643345,0.16723650291318182,0.9191789487439374
ridge_own_flat12,1,C_Indian_Ocean_Africa_Coast,84,3.133180360895921,0.8087513055076421,0.9095764421287813,0.6241165914527278,0.8105213729279698
ridge_own_flat12,1,C_Ireland,84,2.314706555432185,0.027159217123520138,0.6131655898999362,-0.06532346079698703,0.328647563080137
ridge_own_flat12,1,C_Irrawaddy_Sittang_Salween_Basin,84,2.531211564648104,0.8415011270592354,0.9812764492606044,0.6758617206749757,0.9627805597573693
ridge_own_flat12,1,C_Jamaica,84,2.970915600782192,0.15656786647905663,0.18144980770426553,-0.007033877942223654,-0.010996500171805978
ridge_own_flat12,1,C_Japan,84,3.2711461400308863,0.38969591026568734,0.4746525889274829,0.05299133488729624,0.004141070802586744
ridge_own_flat12,1,C_Java,84,2.863498185134165,0.7040193673545493,0.8213375740448134,0.49368868127126897,0.6728543157896173
ridge_own_flat12,1,C_Kamchatka_Peninsula,84,2.7899604054999427,0.604614518626373,0.9592150311294638,0.361728508112674,0.9189353092010637
ridge_own_flat12,1,C_La_Plata_Delta,84,4.686459112788896,0.7792736467745212,0.7942803145876116,0.6032596205283124,0.6258461228740289
ridge_own_flat12,1,C_Labrador_Sea_Coast,84,3.2594218345476498,0.6921563404305769,0.8814713332722178,0.4560864705160891,0.7663352927902496
ridge_own_flat12,1,C_Madagascar,84,3.0813294003406,0.6853868304237501,0.9276323167115613,0.4565020296295834,0.8582401705777636
ridge_own_flat12,1,C_Malaysian_Peninsula_Coast,84,3.77910370107009,0.6270152103477523,0.7816526855350098,0.38299591918777864,0.6011673462933582
ridge_own_flat12,1,C_Maluku,84,3.4844325007084938,0.533008674281128,0.5248667408413706,0.2789780119075622,0.26706919512266714
ridge_own_flat12,1,C_Melville_Prince_Patrick_Islands,84,6.000612336859661,0.7508206788249371,0.8721207616640613,0.49920223170972366,0.7249779131841529
ridge_own_flat12,1,C_Namibia_Coast,84,2.0722533030672152,0.5298232701227947,0.507768010151525,0.23505263447748193,0.18192768750403887
ridge_own_flat12,1,C_Neva_River_Finland_Coast,84,2.423474865866898,0.6093543607562274,0.8761313096597627,0.3301081147373255,0.7577257715710604
ridge_own_flat12,1,C_New_Brunswick_and_Nova_Scotia_Coast,84,4.613803211767112,0.3101652313054748,0.8166994750835046,0.030459127550273468,0.6364941488577343
ridge_own_flat12,1,C_New_Siberian_Islands,84,52.17391648491684,-0.05416268838465611,0.1527989236711964,-0.11200746640160153,-0.026744012870889566
ridge_own_flat12,1,C_New_Zealand_North_Island,84,2.0714402972189934,0.4775918334838269,0.8021806901228015,0.1975805867498922,0.6298580600705284
ridge_own_flat12,1,C_New_Zealand_South_Island,84,2.4342975651579835,0.23385444531180602,0.7272774395260839,0.04288731077593755,0.5168112269618996
ridge_own_flat12,1,C_Nigerian_Delta,84,5.296968357394017,0.4794923977905955,0.9526426723515258,0.20524489608318508,0.901137790949772
ridge_own_flat12,1,C_North_Argentina_South_Atlantic_Coast,84,3.0551723088860983,0.8204832901367128,0.8303394139741788,0.6698323961581969,0.6804108433208942
ridge_own_flat12,1,C_North_Australia_Coast,84,3.1435515077102623,0.8882056543904004,0.9597324975888541,0.7770198456493687,0.9172770147115359
ridge_own_flat12,1,C_North_Baffin_Island_Coast,84,4.8716099062197005,0.7387151037769563,0.8682833915731076,0.5188083866427098,0.7067244479665135
ridge_own_flat12,1,C_North_Brazil_South_Atlantic_Coast,84,6.091306572098447,0.753938773802279,0.9572877013774298,0.5387937388240744,0.910828680184437
ridge_own_flat12,1,C_North_Caspian_Sea_Coast,84,2.1849090014039483,0.6425492640517515,0.8578615680592518,0.3988492830058914,0.7131263264655825
ridge_own_flat12,1,C_North_Chile_South_Pacific_Coast,84,2.275664930966027,0.7021801897646174,0.8750968020753435,0.48876217843897085,0.7610922202539034
ridge_own_flat12,1,C_North_East_Bay_of_Bengal_Coast,84,2.4404806865996354,0.7468731658762127,0.9895681743075806,0.5304931508202073,0.9789016051285715
ridge_own_flat12,1,C_North_East_Siberian_Sea_Coast,84,1.5629202521715435,0.7182313068851516,0.9077506027952701,0.5133662329346838,0.8105249040571413
ridge_own_flat12,1,C_North_Gulf_of_Oman_Coast,84,2.8103923403656257,0.7218205546764017,0.8230175101520685,0.5208176480033206,0.6768190324483769
ridge_own_flat12,1,C_North_Korea_Bay_Korean_Peninsula,84,2.088263962494818,0.8286080254338396,0.864663638317643,0.6302790066968045,0.7031650939492615
ridge_own_flat12,1,C_North_Siberia_Coast,84,1.6631634439493643,0.4498353150499143,0.935869226232783,0.18190677003931233,0.8751106910443501
ridge_own_flat12,1,C_North_St_Lawrence_Seaway_Coast,84,3.1960435411054413,0.498355762158148,0.826164483058824,0.0854791667782212,0.6144607868251681
ridge_own_flat12,1,C_North_Vietnam_South_China_Coast,84,2.950120822358968,0.7734046801426281,0.8954286274094355,0.5736674459074486,0.7905596629288407
ridge_own_flat12,1,C_North_West_Africa_Coast,84,1.2459687966540685,0.27317538596853336,0.4708644368861506,-0.014343750328972282,0.03978963528845447
ridge_own_flat12,1,C_Northeast_South_America_Coast,84,4.79162240386521,0.9460916047413741,0.9492750580386333,0.8876844310780589,0.9001906029826631
ridge_own_flat12,1,C_Northwest_Hudson_Bay_Coast,84,2.02586871114335,0.7972428413077958,0.8864329025854307,0.6276001610593828,0.7826032937688555
ridge_own_flat12,1,C_Northwest_Mediterranean_Coast,84,2.273762196621607,0.7476549435547651,0.9052353270412563,0.5407105733344684,0.8119762675005832
ridge_own_flat12,1,C_Norway_Coast,84,3.287100240526016,0.5294204035384777,0.8591575542364133,0.26641657459365287,0.7343833059381774
ridge_own_flat12,1,C_Novaya_Zemlya,84,17.68056902408872,0.5615983612172387,0.9473774763339328,0.20183436117397424,0.8817818407757283
ridge_own_flat12,1,C_Nusa_Tenggara,84,3.106349702086103,0.5003932670513879,0.5428005852389016,0.23855891679049157,0.28496575771336874
ridge_own_flat12,1,C_Olenyok_Delta,84,9.307936322872607,0.17110335597742152,0.4249872275287933,0.005904936899232549,0.1656443693649441
ridge_own_flat12,1,C_Oregon_Coast,84,2.8898085864232472,0.4183633338803631,0.9351305522349659,0.0948825636123517,0.8599049864281226
ridge_own_flat12,1,C_Papua_New_Guinea_Island,84,1.778530322724241,0.7017124532088879,0.7552982288514066,0.4915426303066589,0.5662022629234189
ridge_own_flat12,1,C_Patagonia,84,3.604592373796709,0.3892287920928344,0.6785864476830986,0.1413080811280668,0.4408483568704652
ridge_own_flat12,1,C_Peru_Pacific_Coast,84,1.3531496499016935,0.5028023692762638,0.8947154076611818,0.23617154118074346,0.7988905485268121
ridge_own_flat12,1,C_Philippines,84,2.497660455194648,0.713960183970421,0.7694293261860111,0.5050835736412942,0.5912051764836181
ridge_own_flat12,1,C_Po_River_and_East_Italy_Coast,84,3.0273461112683,0.6877322506764414,0.8961319290824709,0.4479317734755095,0.794007502632337
ridge_own_flat12,1,C_Prince_of_Wales_Island,84,3.3801870531667997,0.1619616569255493,0.3783033624335725,-0.05332700543235691,0.05011708064683629
ridge_own_flat12,1,C_Puerto_Rico,84,1.926394089622423,0.10147332534339625,0.5650265991449327,-0.04302517275402651,0.2874307381995257
ridge_own_flat12,1,C_Sakhalin_Island,84,8.32220315226493,0.18356147856987506,0.2621693584332714,-0.01638387901537297,-0.08440985812938684
ridge_own_flat12,1,C_Sardinia_and_Corsica,84,8.582467006300073,0.2722157979066275,0.4322623014804085,0.05448368067624865,0.17584497497715335
ridge_own_flat12,1,C_Severnaya_Zemlya,84,23.376570332363087,0.5733496023435711,0.8945958772588829,0.15817657768554905,0.7589065589271746
ridge_own_flat12,1,C_Seward_Peninsula_Alaskan_North_Slope,84,2.3567929130247194,0.5749106445477027,0.8135711330532541,0.30064940966558773,0.6464958946948498
ridge_own_flat12,1,C_Shelikhov_Gulf_Sea_of_Okhotsk_Coast,84,4.121611431995758,0.5821098505334891,0.8695954793846757,0.29217159177741747,0.7316519004125875
ridge_own_flat12,1,C_Sicily,84,4.417547982612649,0.17036359897548828,0.19503908786880692,0.017185650929712026,-0.0032259905728784233
ridge_own_flat12,1,C_Solomon_Islands,84,7.9164891312563,0.5293450701462612,0.37724954446808806,0.27174328440413553,0.1348162084084069
ridge_own_flat12,1,C_Somerset_Island,84,3.090674958941549,0.3199092991004817,0.7186342174923389,0.014116897058196298,0.47376861839536677
ridge_own_flat12,1,C_South_Africa_South_Coast,84,1.585767553854867,0.8423128583799003,0.8804177906384764,0.68018862984385,0.7536164432691511
ridge_own_flat12,1,C_South_Africa_West_Coast,84,1.968766842436495,0.26376649016224835,0.5317515500693591,0.033160189644869886,0.2739547720093255
ridge_own_flat12,1,C_South_Alaska_Coast_Frazer_River,84,4.031927278297172,0.8519778470932493,0.9772389590424037,0.7116379764510321,0.953571631726853
ridge_own_flat12,1,C_South_Amapa_Coast,84,5.080096677473495,0.8930276295384768,0.9703222570946719,0.765614665700157,0.9408710500144496
ridge_own_flat12,1,C_South_Australia_Coast,84,1.1512315516907297,0.5586300942218495,0.8277310605782084,0.3027671664553244,0.6842066773518762
ridge_own_flat12,1,C_South_Baffin_Island_Coast,84,4.169477693843205,0.5249542208731155,0.7465840471496622,0.21381030692918523,0.4994129671076817
ridge_own_flat12,1,C_South_Baltic_Coast,84,2.5061680875603387,0.5829314905314302,0.8600959632748194,0.33149175576905454,0.7378389151129046
ridge_own_flat12,1,C_South_Black_Sea_Coast,84,4.301753829020424,0.6502931285385279,0.8785870621003852,0.4044515632898099,0.7589470658241103
ridge_own_flat12,1,C_South_Chile_South_Pacific_Coast,84,4.682526904345306,0.5642996525159332,0.9637960386228843,0.11933870233690858,0.9107672023633961
ridge_own_flat12,1,C_South_East_Brazil_Coast,84,3.656909908459305,0.8270735877002912,0.8970383697873624,0.6492466736393049,0.7830281975052168
ridge_own_flat12,1,C_South_East_Russia_Coast,84,2.254397077845391,0.6578689714793341,0.5401171536563292,0.4029450771947093,0.1922796678207953
ridge_own_flat12,1,C_South_Gulf_of_Aden_Coast,84,2.3498247086141935,0.5886371422136275,0.5112881418466987,0.33272970345872144,0.2601158887263535
ridge_own_flat12,1,C_South_Gulf_of_Oman_West_Arabian_Sea_Coast,84,1.4949906152303993,0.5690836195257454,0.6779046300874151,0.22696833175469067,0.38288173908135814
ridge_own_flat12,1,C_South_Hudson_Strait_Ungava_Bay_Coast,84,3.5384547798951504,0.4354193052860793,0.8199943706197206,0.12165297038627321,0.651176978645163
ridge_own_flat12,1,C_South_Mediterranean_Coast,84,1.3695265292648313,0.07711418696212677,0.3594544642307584,-0.08708118551681343,0.0425389634749358
ridge_own_flat12,1,C_South_Zambezia_Coast,84,3.890408620046924,0.38104344412109753,0.8610341906406532,0.064304218785046,0.7310972742397672
ridge_own_flat12,1,C_Southhampton_Coats_Islands,84,3.6847075897851913,0.34794499047543875,0.5844416759628195,0.11387891289904728,0.33785263275728317
ridge_own_flat12,1,C_Southwest_Hudson_Bay_Coast,84,2.210655782210015,0.5626661712651815,0.8922835111690086,0.30245265732493276,0.7894670119078329
ridge_own_flat12,1,C_Southwest_Mediterranean_Coast,84,1.9761517277428107,0.4235947553531022,0.7042669395587595,0.14058442218696554,0.4131019775865028
ridge_own_flat12,1,C_Sri_Lanka,84,1.8247028205540703,0.4848171563738899,0.924870882808462,0.15041921332249342,0.8393866111971945
ridge_own_flat12,1,C_Sulawesi,84,2.139587994576063,0.7841342949366499,0.76703967287411,0.6130412437960295,0.5881918619272752
ridge_own_flat12,1,C_Sumatra,84,2.550960279546083,0.6358719587162798,0.7772803788925121,0.37543300890572306,0.5777008306409317
ridge_own_flat12,1,C_Svalbard,84,19.364862893226032,0.7741645689722023,0.9793611477325737,0.5096458644163493,0.9504914124014322
ridge_own_flat12,1,C_Sweden_Coast,84,3.581233232027197,0.2884084058483611,0.7753261163497656,0.0431703674900733,0.6007817728805144
ridge_own_flat12,1,C_Taiwan,84,2.0787828934720265,0.28653404326118437,0.6500706535130136,0.0485564998391288,0.41196844485831874
ridge_own_flat12,1,C_Tasmania,84,2.5490166471008853,0.5032175737741016,0.8074820320743421,0.24090481176843181,0.6474119377610312
ridge_own_flat12,1,C_Texas_Gulf_Coast,84,2.625276710002006,0.8203572422805621,0.8725361312074023,0.6580235466144969,0.7580605711653954
ridge_own_flat12,1,C_Thar_Desert_Sabarmati_River_Gulf_of_Cambay_Luni_Delta,84,3.910276609871785,0.7983318848485548,0.8606887234466237,0.6361740592792939,0.7399650346128657
ridge_own_flat12,1,C_US_East_Gulf_of_Mexico_North_Atlantic_Coast,84,3.207554429440099,0.8286194888550895,0.827889243160412,0.6861051208395571,0.684702078249144
ridge_own_flat12,1,C_US_North_Atlantic_Coast,84,2.5587892464883075,0.5653717340091304,0.8818586580759815,0.2882020013569496,0.7727364156070607
ridge_own_flat12,1,C_Uda_Basin,84,3.1369577524391974,0.4878930388977986,0.6565742018320935,0.23176155721870972,0.4116549638291165
ridge_own_flat12,1,C_Uruguay_South_Brazil_Coast,84,3.738770968214194,0.7822246199896541,0.8207840572992039,0.6006828396324447,0.662520492770154
ridge_own_flat12,1,C_Victoria_Island,84,2.5032002501722928,0.3444604257810904,0.773893453535786,0.06436348340027886,0.579586935791959
ridge_own_flat12,1,C_Vietnam_Coast,84,2.7853415680546143,0.7725067452260693,0.9770552654812108,0.5892279678657826,0.9537874482085328
ridge_own_flat12,1,C_West_Africa_Coast,84,1.9842120517297328,0.5406299221452413,0.9850823736408482,0.2759414895034582,0.9679295906455541
ridge_own_flat12,1,C_West_Australia_Coast,84,1.7774102829835376,0.42213650575866307,0.5789673760523231,0.09873725546990775,0.28787494804420544
ridge_own_flat12,1,C_West_Barents_Sea_Coast,84,3.1280473319004205,0.3228144351022024,0.8741297062347361,0.07789367602341846,0.7510113359684858
ridge_own_flat12,1,C_West_Black_Sea_Coast,84,4.800326531390767,0.5966662155276428,0.839987201278351,0.3432681558317441,0.6997335775697903
ridge_own_flat12,1,C_West_Caspian_Sea_Coast,84,3.7419283942302037,0.48695688692130873,0.8569774087956359,0.2150276013048955,0.7131998109344926
ridge_own_flat12,1,C_West_Continental_Europe,84,2.1636677908275486,0.8267310750782727,0.9265238017808116,0.6765709987816728,0.8565233964734316
ridge_own_flat12,1,C_West_Italy_Coast,84,2.578103348085753,0.28185131115670553,0.888812702229868,-0.02065880862893632,0.7816555970702215
ridge_own_flat12,1,C_West_Mississippi_Delta,84,4.235259626552504,0.7350706990224569,0.8898732205584639,0.5356251881089257,0.7722069737646207
ridge_own_flat12,1,C_West_Nile_Delta,84,2.1114962708205107,0.10450366082233666,0.4689977070247376,-0.18690074133368384,0.08996435576534112
ridge_own_flat12,1,C_West_Red_Sea_Coast,84,2.036095544725048,0.45145567834985556,0.6979476125961112,0.1830808181705348,0.46328134276945065
ridge_own_flat12,1,C_Yamal_Peninsula,84,3.789417191077069,0.05503305007545778,0.8116336516002132,-0.1138943022296115,0.6340216532590915
ridge_own_flat12,1,C_Yellow_Sea_Coast,84,3.583460559468622,0.8550915935128676,0.8309911891849162,0.6805782003868247,0.6568642637942508
ridge_own_flat12,1,C_Yenisey_Gulf_Coast,84,4.098565363774694,0.14477392863048008,0.8592863666826084,0.0055392958228995814,0.7379706874407646
ridge_own_flat12,1,C_Ziya_He_Interior_Coast,84,3.4027942485960048,0.9139612348014348,0.9170110079765659,0.8032588845154846,0.8104364362221856
ridge_own_flat12,1,E_Altai_Mountains,84,1.288477222275572,0.34404086354645197,0.3481014198601048,0.08126222031138375,0.04754977043268116
ridge_own_flat12,1,E_Amu_Darya,84,2.346541587211038,0.6578178510757499,0.922322551369503,0.3590241887729184,0.8325050614470376
ridge_own_flat12,1,E_Australia_Northwest_Plateau,84,2.758099356657527,0.9076529059727756,0.9303684054462228,0.812974067363656,0.8563465340745169
ridge_own_flat12,1,E_Badain_Jaran_Desert,84,1.1188097207028067,0.3583634452401339,0.6121496538468145,0.11940510534957471,0.36832667520913387
ridge_own_flat12,1,E_Central_Iran,84,2.2543869137468904,0.760516841546804,0.906002836975926,0.5686352859897714,0.8162986418992844
ridge_own_flat12,1,E_Central_Mongolia,84,2.0729619819797516,0.5315432857005914,0.5645393292932478,0.2587193784170212,0.29171735693135503
ridge_own_flat12,1,E_Dayan_Khyargas_Uvs_Nuur_Basins,84,1.2781667648353028,0.7087161530164936,0.74992495231731,0.49977372147269705,0.5548165327692904
ridge_own_flat12,1,E_East_Gobi_Desert,84,1.4382136638367757,0.7822293625844704,0.7659481867635181,0.5660946367009452,0.5409570999031753
ridge_own_flat12,1,E_Egyptian_Western_Desert,84,1.4472152679821486,0.38772107248044874,0.5698309509586093,0.008295912656106741,0.1570856126631216
ridge_own_flat12,1,E_Farahrud_Helmand_Hamun_i_Mashkel,84,2.382477618851206,0.5931200134862277,0.8344476389959371,0.29711465789150115,0.6769922442595158
ridge_own_flat12,1,E_Great_Basin_Great_Salt_Lake,84,2.1881647416076455,0.90987311677857,0.9387938469086535,0.8261723403354398,0.8785523063610534
ridge_own_flat12,1,E_Great_Victoria_Desert,84,1.453033750550407,0.6303904606731175,0.5348580563977344,0.3793748647440268,0.24023538112787501
ridge_own_flat12,1,E_Jordan_Northwest_Saudi_Arabia,84,3.2723397378736427,0.0987695295622502,0.7103088618492065,-0.10105644587315465,0.463259519412767
ridge_own_flat12,1,E_Junggar_Pendi,84,1.792784707121918,0.7241549121825072,0.8885779810387933,0.4639117834733054,0.7538917168781432
ridge_own_flat12,1,E_La_Puna_Altiplano,84,2.0233849018690684,0.5671284873395432,0.7835654206681999,0.29801171490832057,0.600983211495551
ridge_own_flat12,1,E_Lake_Eyre_Basin,84,1.7957648191978577,0.8586974263647822,0.8377693001345389,0.7321660639966797,0.6971824786445779
ridge_own_flat12,1,E_Lake_Rukwa_Basin,84,7.563570025285634,0.7871387794025907,0.9297209423884375,0.5759912173385875,0.8527252402789869
ridge_own_flat12,1,E_Lakes_Balkash_Alakol,84,1.7649927410899784,0.6874037718713966,0.9161486088922737,0.4311374949849648,0.8305828199791685
ridge_own_flat12,1,E_Libyian_Desert,84,0.9771875725717287,0.27079181492250565,0.5985733295950465,0.06672089238000789,0.3504597108185141
ridge_own_flat12,1,E_Lower_Lake_Chad,84,2.883018316798246,0.8719351010550487,0.9774366981604918,0.6738193888686039,0.9409985279100014
ridge_own_flat12,1,E_North_Central_Arabia,84,1.9558416575098359,0.3472775848211897,0.7294851558397467,0.10906167315671578,0.5293955567087762
ridge_own_flat12,1,E_North_Plateau_of_Tibet,84,2.6947533618515123,0.5259852379812717,0.4299210529556411,0.23483398601467542,0.10347476236890674
ridge_own_flat12,1,E_Northern_Kordofan,84,2.3387944968597787,0.5671762293034477,0.7046628788422696,0.23261390879419408,0.42709682808934935
ridge_own_flat12,1,E_Plateau_of_Tibet,84,1.596524358746994,0.5551384842140835,0.7252664420135373,0.2894328384109722,0.5193909197968078
ridge_own_flat12,1,E_Qinghai_Lake,84,1.7768927775417225,0.8295187592181145,0.6289523461659717,0.6825834630425056,0.3735664584443237
ridge_own_flat12,1,E_Rift_Valley,84,3.0387758848890356,0.8250336670447082,0.8155483757093921,0.6347878326043127,0.580924021091172
ridge_own_flat12,1,E_Rub_al_Khali_Desert,84,1.3566580105454307,0.4287103845482532,0.5940689458461083,0.16292452897675225,0.3359809175249696
ridge_own_flat12,1,E_Sahara,84,0.7850204018924519,0.051962657795923725,0.25443626336124037,-0.03854010392601803,0.0042869986289396644
ridge_own_flat12,1,E_Saharan_and_Algerian_Atlas,84,1.2216051386437488,0.40374991247931463,0.8969034625228851,-0.0555692626604416,0.737613723018769
ridge_own_flat12,1,E_Salinas_Grande_Mar_Chiquita,84,2.2269036778347937,0.8562810241462077,0.8742727900137232,0.7209187871646578,0.7492940315424582
ridge_own_flat12,1,E_South_Interior_Africa,84,2.2685840777458592,0.9154276105272015,0.9415199159197073,0.83614349420734,0.8844149561295085
ridge_own_flat12,1,E_Syr_Darya,84,1.4098979585268074,0.7749356458746878,0.9386872623894509,0.5935306477142208,0.8774802326504936
ridge_own_flat12,1,E_Tarim_He_Lop_Nur,84,0.9938163254110681,0.7000081056856662,0.8772289523222581,0.45827276555104246,0.753623271666088
ridge_own_flat12,1,E_Turpan_Pendi,84,2.095819770332378,0.5378089603522628,0.8242894958529249,0.16921933879038376,0.6261067666825
ridge_own_flat12,1,E_Upper_Lake_Chad,84,1.5894581243321264,0.7089480430934394,0.8359833429559527,0.3442314010692824,0.6030285732326472
ridge_own_flat12,1,R_Amazon_River,84,2.1436854760432236,0.9413753721126448,0.9915800000606307,0.8800451537533246,0.9818608556290572
ridge_own_flat12,1,R_Amur_River,84,1.5172015356419337,0.8521226940861851,0.7181226519013326,0.7157713732198132,0.4555515290092046
ridge_own_flat12,1,R_Colorado_River_Argentina,84,3.0629720562781664,0.4591072763817955,0.6020399146876236,0.11302389377724598,0.2742839558850645
ridge_own_flat12,1,R_Colorado_River_of_the_West_North_America,84,1.688903469180461,0.8213818619929315,0.89140182584174,0.6659966105939285,0.7878810253131419
ridge_own_flat12,1,R_Columbia_River,84,1.977252670693746,0.4861306655474121,0.977946047870391,0.0211803106832833,0.949212746641297
ridge_own_flat12,1,R_Congo_River,84,2.103989091221721,0.8679232223269717,0.9312795607538491,0.732677001677009,0.8560449249852928
ridge_own_flat12,1,R_Danube_River,84,2.2042599601392117,0.7247175198472103,0.9383233420611969,0.48138484645274304,0.8687374426912156
ridge_own_flat12,1,R_Dnieper_River,84,2.8490276134568884,0.8755111875530519,0.9155515588349262,0.7655957467363996,0.8369040918511279
ridge_own_flat12,1,R_Don_River,84,2.8488310625149267,0.8914129187732299,0.9416291425709469,0.7872218506719798,0.8825306722649173
ridge_own_flat12,1,R_Ganges_Bramaputra_Basin,84,2.524062020525579,0.7360472263804114,0.9729551404161182,0.4937974837999919,0.940888929448808
ridge_own_flat12,1,R_Indus_River,84,2.843275149911238,0.7266062506556117,0.9124064236254796,0.44120995514603956,0.8044290865201177
ridge_own_flat12,1,R_Lena_River,84,1.3979627612845973,0.6838469351358204,0.9325091292811856,0.46185801253092984,0.8689429732724612
ridge_own_flat12,1,R_Limpopo_River,84,3.2039245717986398,0.8931086405948627,0.9267123580626718,0.7626222305673127,0.8290021461115608
ridge_own_flat12,1,R_Mackenzie_River,84,1.5940375569854133,0.9609803322066361,0.9736484732287577,0.9133168655677645,0.9444362386338683
ridge_own_flat12,1,R_Magdalena_River,84,3.3823080235306735,0.7806335663472793,0.879924102641901,0.60867992548359,0.7577915164697779
ridge_own_flat12,1,R_Mekong_River,84,3.022555403268811,0.895548511655377,0.9748504041414859,0.794706707381187,0.9496261758259602
ridge_own_flat12,1,R_Mississippi_River,84,1.43580731480341,0.9543645397749716,0.9763100252341356,0.8978020959494319,0.9440394885240134
ridge_own_flat12,1,R_Murray_Darling_River,84,2.167258667104031,0.8819659191186695,0.8782146466554598,0.7775362630282352,0.7702702645106505
ridge_own_flat12,1,R_Niger_River,84,1.9897905234006796,0.6325626225438012,0.9720734321646699,0.2176729625101277,0.9260719369314747
ridge_own_flat12,1,R_Nile_River,84,2.297130392794469,0.6828035107823575,0.9208283009536388,0.36889154004915703,0.8268541969398493
ridge_own_flat12,1,R_Ob_River,84,1.5605353840494154,0.8914698784385992,0.9625349497266759,0.7939735262482921,0.9262890780912088
ridge_own_flat12,1,R_Orange_River,84,1.7970772250575613,0.859349857169094,0.8717903997365113,0.7250844041594318,0.7490827297872403
ridge_own_flat12,1,R_Orinoco_River,84,2.9244525544618063,0.9017914000457303,0.9822682204311926,0.8083841297552891,0.9640594751244735
ridge_own_flat12,1,R_Parana_River,84,2.213393282694502,0.8834924930590621,0.9407172268820007,0.7348436117200663,0.8548319669741007
ridge_own_flat12,1,R_Parnaiba_River,84,3.877651858913259,0.8359214270030642,0.9525811105703954,0.6524574304278166,0.8928548247752279
ridge_own_flat12,1,R_Rio_Grande_Rio_Bravo,84,2.4422312071962002,0.6154961524378971,0.8105764280375897,0.2783594928217682,0.590434923682656
ridge_own_flat12,1,R_Saint_Lawrence_River,84,2.460695641698473,0.9534421329229625,0.9414283038770209,0.9061524516326623,0.8822859699644419
ridge_own_flat12,1,R_Sao_Francisco_River,84,4.702338026480713,0.8499953734646971,0.9137514886704855,0.7012637390701874,0.8226297832220567
ridge_own_flat12,1,R_Saskatchewan_Nelson_Rivers,84,1.732640575028368,0.8544671561567914,0.9377965248577411,0.7116229310413171,0.8721513405170157
ridge_own_flat12,1,R_Senegal_River,84,2.2835321655141074,0.6166779894264608,0.9358603868814214,0.35821358397055514,0.8715827626264651
ridge_own_flat12,1,R_Shebelli_Juba_Rivers,84,3.0790699089032283,0.7389875433028634,0.7986900618647373,0.5074219024094391,0.608769222822514
ridge_own_flat12,1,R_Tigris_Euphrates_River,84,2.2268706496331565,0.9334341426218926,0.9576863013164812,0.871085198797735,0.9154104219315602
ridge_own_flat12,1,R_Tocantins_River,84,4.433780865814216,0.8091383989909114,0.9664840439242184,0.6526387273442945,0.9336546127482785
ridge_own_flat12,1,R_Volga_River,84,1.7919302667745582,0.839692557632997,0.9659736177067944,0.6992803378302888,0.9312587405807046
ridge_own_flat12,1,R_Volta_River,84,2.583452053556475,0.5992174829091799,0.9545834749503264,0.3475153213560508,0.9094151165987203
ridge_own_flat12,1,R_Yangtze_River,84,2.5489919898214533,0.7864739874401533,0.8281456791366625,0.5626341670907253,0.6682833242163564
ridge_own_flat12,1,R_Yellow_River_Huang_He,84,1.5726737350112239,0.7083065531387881,0.7746911922888357,0.493356292187339,0.5936675724602405
ridge_own_flat12,1,R_Yenisey_River,84,1.4044416392165273,0.43897778297568457,0.9402626297908716,0.11118401322541616,0.8760089939326664
ridge_own_flat12,1,R_Yukon_River,84,1.6592519465489306,0.6124814282784392,0.9518632919672533,0.29551630054654876,0.8948819006010881
ridge_own_flat12,1,R_Zambezi_River,84,2.4947583837366762,0.9183906138364896,0.9783611331396044,0.8414465222327494,0.9566515340729309
ridge_own_flat12,2,C_Aleutians_South_Alaska_Coast,83,4.291240415585673,0.8342351016696028,0.9611292484264693,0.6904788441317407,0.919609865142156
ridge_own_flat12,2,C_Amazon_River_Delta,83,6.162682439716862,0.7841056446409224,0.9573101531951679,0.5877429888135719,0.910159514523794
ridge_own_flat12,2,C_Angola_Coast,83,3.880381019607128,0.6813206208605332,0.8712505628571484,0.45677841851661716,0.7501731080606344
ridge_own_flat12,2,C_Balkan_Peninsula_and_Adriatic_Coast,83,2.6024372728668363,0.44580401612750264,0.9509407202809286,0.137611511130163,0.8983231745077065
ridge_own_flat12,2,C_Banks_Island,83,8.252793897928514,-0.04445075643944228,0.42249327419283145,-0.07420471913616966,0.13617126546660197
ridge_own_flat12,2,C_Beaufort_Sea_Coast,83,2.0880457792948803,-0.19407383876521325,0.8848602789768376,-0.15090740334869612,0.7814468857119381
ridge_own_flat12,2,C_Bight_of_Benin_Coast,83,4.57118256946903,0.6115546438193509,0.9189559172771837,0.37322719837043383,0.8441176724230615
ridge_own_flat12,2,C_Bismark_Sea_Islands,83,3.1372321787286133,0.6751065451687369,0.5839720162655077,0.39805758884653997,0.2884806846583893
ridge_own_flat12,2,C_Borneo,83,3.761312283767822,0.583644529328014,0.5973926191018685,0.30357529230303126,0.3025728328260233
ridge_own_flat12,2,C_Buor_Khaya_Gulf_Coast,83,4.36352881879841,0.10874092973859534,0.7343864272838532,-0.024450549061573845,0.5336777879115935
ridge_own_flat12,2,C_California_and_Baja_California,83,2.870939852670826,0.7680619867092491,0.8795253588327023,0.5881226620519808,0.7720698803010346
ridge_own_flat12,2,C_Canadian_South_Arctic_Ocean_Coast,83,1.819501851290281,0.2891919228561118,0.8507605160101428,-0.04177464155362953,0.675739154418936
ridge_own_flat12,2,C_Capim_River_Delta,83,8.236774006495102,0.6582482056167072,0.9330221674480299,0.41259663579794226,0.8576643260948609
ridge_own_flat12,2,C_Carribean_Coast,83,3.179627290743895,0.7756851673003107,0.935050847916101,0.6009171806578981,0.867428518134576
ridge_own_flat12,2,C_Central_America_Gulf_of_Mexico_Caribbean_Coast,83,3.681933658428916,0.6216436529649247,0.8862596097604277,0.34176918816421187,0.7714828392333661
ridge_own_flat12,2,C_Central_American_Pacific_Coast,83,2.7132621436082602,0.4602395026611595,0.9196572525817442,-0.07142706719358327,0.7805697161560677
ridge_own_flat12,2,C_Chao_Phraya_River_Gulf_of_Thailand_Coast,83,5.280317763878503,0.7190567819773195,0.9316551191939436,0.48681390344742503,0.8607672194907887
ridge_own_flat12,2,C_Chukchi_Peninsula,83,4.481339045538839,0.24412254437465836,0.7898451381382449,0.05698014102729565,0.6214122357477448
ridge_own_flat12,2,C_Churchill_Seal_Rivers,83,2.618850903200036,0.8398711055033617,0.8949147055615597,0.6869287819508678,0.7832826443304471
ridge_own_flat12,2,C_Columbia_Ecuador_Pacific_Coast,83,1.9408156808734653,0.26568665718032136,0.7183676070734839,0.0688811267693642,0.5155948098089298
ridge_own_flat12,2,C_Crimea_West_Azov_Sea_Coast,83,6.683214029133102,0.5851041891123837,0.7534442306423805,0.33542583776678503,0.5566240118519123
ridge_own_flat12,2,C_Cuba,83,2.584770539570554,0.10600279692315323,0.7872969211787897,-0.07952811837743345,0.5618062448776473
ridge_own_flat12,2,C_Deccan_Plateau_East_Indian_Subcontinent_Coast,83,3.8701983077228577,0.577255275399684,0.9608008269109821,0.15156761456818713,0.9063114472242717
ridge_own_flat12,2,C_Denmark_Germany_Coast,83,7.579713842770878,0.24349592623093796,0.43609935387775906,0.0503862160683648,0.18557450959176947
ridge_own_flat12,2,C_East_Australia_Coast,83,3.0206370597556553,0.5748189399175156,0.5042981010235621,0.3102915723893547,0.19128615713820396
ridge_own_flat12,2,C_East_Azov_Sea_Northeast_Black_Sea_Coast,83,8.786696673055356,0.5441719529887742,0.6825456638767167,0.2955899295683816,0.4611335690949435
ridge_own_flat12,2,C_East_Barents_Sea_Coast,83,3.0008424418815225,0.6115672603385685,0.9191475462220263,0.32623169478690195,0.8345815834976045
ridge_own_flat12,2,C_East_Beaufort_Sea_Amundsen_Gulf_Coast,83,2.9033941236481158,0.17692233775570543,0.722488265921757,0.02150314207330606,0.4838249340221671
ridge_own_flat12,2,C_East_Brazil_South_Atlantic_Coast,83,3.8247786934288834,0.5063289835415014,0.8482131153859195,0.08348243657034904,0.6630927136671314
ridge_own_flat12,2,C_East_Caspian_Sea_Coast,83,2.547756221791983,0.7074159641065447,0.9124503860774986,0.44156353445925,0.807280064246967
ridge_own_flat12,2,C_East_Central_Africa_Coast,83,4.411523708746352,0.6069126014556686,0.9286230505305366,0.06793794435668676,0.7891159011070816
ridge_own_flat12,2,C_East_China_Coast,83,5.058183809672917,0.5006625562736885,0.7413516829820255,0.14260641488572623,0.4810746187791991
ridge_own_flat12,2,C_East_Hudson_Bay_Coast,83,3.1506742095662297,0.43775551988448397,0.715366436522117,0.12185946594782526,0.4748794465952856
ridge_own_flat12,2,C_East_Mediterranean_Coast,83,3.4067166428172344,0.523739267699864,0.8906822373589109,0.19313055513596222,0.7748120126576961
ridge_own_flat12,2,C_East_Mississippi_Delta,83,4.763568378275922,0.6461229499928766,0.8819852918640766,0.4008795064050128,0.7428330964429635
ridge_own_flat12,2,C_East_Nile_Delta,83,2.639197587436651,0.185387926761194,0.5137145661099137,-0.2327079555455973,0.06662549370323056
ridge_own_flat12,2,C_East_Ob_Bay_Coast,83,3.128670609598474,0.5302845983497869,0.9111930833697016,0.26180928924610003,0.8156734552686348
ridge_own_flat12,2,C_East_Red_Sea_North_Gulf_of_Aden_Coast,83,1.6840779991146446,0.34778271371095115,0.6292783225116604,0.036854015278834806,0.3493807324109376
ridge_own_flat12,2,C_East_Timor_Islands,83,3.272582344402803,0.37726679981084715,0.49945941511842673,0.10674758523628025,0.2308293279236242
ridge_own_flat12,2,C_Ellef_Ringnes_Bathurst_Devon_Islands,83,2.8889477984413032,0.4968031968042638,0.7109867889089796,0.1315992389757219,0.384574565174189
ridge_own_flat12,2,C_Ellesmere_Island,83,4.67569422304209,0.7496134215265112,0.9642239425420618,0.4863694968403275,0.9130185445177226
ridge_own_flat12,2,C_Great_Britain,83,3.261313503975028,-0.0005333271557609756,0.5295182148299257,-0.20509354059672247,0.157324079633129
ridge_own_flat12,2,C_Greater_Dniester_Basin,83,3.90578094022825,0.4949545416371238,0.8589687136121219,0.06213787736555365,0.6826129278814259
ridge_own_flat12,2,C_Gulf_of_Darien_Coast,83,3.5643735018161444,0.5458897621448123,0.8676318626531595,0.28989081539712147,0.7240253586379491
ridge_own_flat12,2,C_Gulf_of_Guinea_Coast,83,3.379501074523757,0.6456736544996811,0.8116624187614659,0.40176956318793755,0.6492604476254868
ridge_own_flat12,2,C_Gydan_Bay_Coast,83,4.473285007905835,0.18034016168530784,0.851676880522072,-0.024140354689899945,0.715867284521737
ridge_own_flat12,2,C_Hainan,83,5.398117911891936,0.1477268651754016,0.7872482125607493,0.0008792319670536397,0.6188569714447998
ridge_own_flat12,2,C_Halmahera_Islands,83,2.9956299733082883,0.36506038732648116,0.36248708846032507,0.1182081886153542,0.10464736048756274
ridge_own_flat12,2,C_Hispaniola,83,2.10089499340657,-0.09873628651568254,0.5575672478128952,-0.20247209734818616,0.16899883597112808
ridge_own_flat12,2,C_Hokkaido,83,4.026572464877541,0.13924041227871234,0.675955900013864,0.005413524140369552,0.4495336861599275
ridge_own_flat12,2,C_Hub_Porali_Basin,83,3.882762273977462,0.5112676444938853,0.6464406859081971,0.1559452062877963,0.3351352873421173
ridge_own_flat12,2,C_Iberian_Atlantic_Coast,83,3.3103226618837844,0.46773761021910615,0.8709659625216043,0.21100609210594135,0.7496415721902218
ridge_own_flat12,2,C_Iceland,83,9.701928946199635,0.3789451964431669,0.8424570097108759,0.11157342132739856,0.7088172567993678
ridge_own_flat12,2,C_India_West_Coast,83,4.3732231300293956,0.25658659152263213,0.952597814298536,-0.34078490602271216,0.8821039263633671
ridge_own_flat12,2,C_Indian_Ocean_Africa_Coast,83,4.150733886783405,0.6638619902588095,0.8518031380138975,0.34303160749138806,0.6696451006891502
ridge_own_flat12,2,C_Ireland,83,2.37164281765343,-0.2121070293764588,0.5992468455527996,-0.11114078902827562,0.294401703917038
ridge_own_flat12,2,C_Irrawaddy_Sittang_Salween_Basin,83,3.3230185618649095,0.7043564098108385,0.9678302834085701,0.4408774792612845,0.9364145967656187
ridge_own_flat12,2,C_Jamaica,83,2.938920361842083,0.19418068685894513,0.20812939685440618,0.02753357959850178,0.021960674704026184
ridge_own_flat12,2,C_Japan,83,3.6453092194971304,0.22492698183663143,0.4046617249885321,-0.16073815551020876,-0.24484177835918075
ridge_own_flat12,2,C_Java,83,3.1390074662904284,0.6694484708511899,0.7814534478540078,0.3860268704595826,0.6102226112328991
ridge_own_flat12,2,C_Kamchatka_Peninsula,83,3.276254355980761,0.32160596397045604,0.9436231076832488,0.090611612038487,0.8867401860242445
ridge_own_flat12,2,C_La_Plata_Delta,83,5.6096055446915285,0.6742592018646512,0.6890682082463524,0.4397379803260756,0.4579639460398488
ridge_own_flat12,2,C_Labrador_Sea_Coast,83,3.7461173356053994,0.587281072938657,0.8462482268605924,0.30410637893609405,0.6922677086778635
ridge_own_flat12,2,C_Madagascar,83,3.6572335270117406,0.5288799539640147,0.8990112508432997,0.243324302965356,0.8026353147185736
ridge_own_flat12,2,C_Malaysian_Peninsula_Coast,83,4.360054052616065,0.47940681275365343,0.7109484898808439,0.194671631194412,0.4754367954682358
ridge_own_flat12,2,C_Maluku,83,4.00610226015052,0.2499615207944501,0.25143264267729426,0.05760162735994723,0.04270207104461232
ridge_own_flat12,2,C_Melville_Prince_Patrick_Islands,83,6.520984646364571,0.7164733332097641,0.8575764797978485,0.4139498278576942,0.6782994607115479
ridge_own_flat12,2,C_Namibia_Coast,83,2.437722270610776,0.2926609364451939,0.2746492570486223,-0.046985686394515946,-0.13151737004515773
ridge_own_flat12,2,C_Neva_River_Finland_Coast,83,2.667098330091793,0.49665570946499715,0.853791134332907,0.16711818402578538,0.7026144962022198
ridge_own_flat12,2,C_New_Brunswick_and_Nova_Scotia_Coast,83,4.944440593927671,0.1499846269322608,0.7942504129017397,-0.09404364156491418,0.5750438127575617
ridge_own_flat12,2,C_New_Siberian_Islands,83,50.88637585749716,-0.07348962552568668,0.22543847661061492,-0.055292031781686735,0.03416194087352076
ridge_own_flat12,2,C_New_Zealand_North_Island,83,2.238745522394244,0.3776915274113208,0.7716848956127629,0.08228288269430639,0.5697736729260047
ridge_own_flat12,2,C_New_Zealand_South_Island,83,2.6252684280100396,-0.2097950504595493,0.6714327552734058,-0.10578893013831259,0.440659844284203
ridge_own_flat12,2,C_Nigerian_Delta,83,5.692483104904679,0.3100296267951728,0.9467940763706653,0.07805580563589087,0.8869698408769225
ridge_own_flat12,2,C_North_Argentina_South_Atlantic_Coast,83,3.952467906740824,0.686366183511908,0.7019418770473707,0.4551588010318973,0.459276587757661
ridge_own_flat12,2,C_North_Australia_Coast,83,4.106135885977775,0.8190319708916213,0.9360958762274303,0.622509471237461,0.8593217181640587
ridge_own_flat12,2,C_North_Baffin_Island_Coast,83,5.493801248527842,0.6743271672136613,0.8354437811810098,0.39892894531173095,0.6026364790732299
ridge_own_flat12,2,C_North_Brazil_South_Atlantic_Coast,83,7.809285210969726,0.5961898979746484,0.9342447414573218,0.25611164889261595,0.8551539039234898
ridge_own_flat12,2,C_North_Caspian_Sea_Coast,83,2.3460066084663196,0.5668143458638573,0.8430424493660441,0.3026607040325664,0.6730402695114897
ridge_own_flat12,2,C_North_Chile_South_Pacific_Coast,83,2.6236690978986346,0.5880045310683832,0.8317449670565497,0.3330947306180345,0.6856196331951514
ridge_own_flat12,2,C_North_East_Bay_of_Bengal_Coast,83,3.011055265649984,0.6055556808913665,0.9842017146512146,0.28889523106413717,0.9680484818740386
ridge_own_flat12,2,C_North_East_Siberian_Sea_Coast,83,1.6206622432623596,0.6779691520424983,0.9010477065943066,0.45719313216185953,0.7943460189151563
ridge_own_flat12,2,C_North_Gulf_of_Oman_Coast,83,3.0636715883131242,0.6929398883026864,0.7977696896797919,0.4448439555042284,0.6202803143491367
ridge_own_flat12,2,C_North_Korea_Bay_Korean_Peninsula,83,2.6929013998463693,0.7207881679803991,0.7871421138400391,0.34205643332658164,0.47837593262037226
ridge_own_flat12,2,C_North_Siberia_Coast,83,1.7714086826251367,0.3442598856895399,0.9280120021760799,0.07845812885704317,0.8597048862745539
ridge_own_flat12,2,C_North_St_Lawrence_Seaway_Coast,83,3.6085518649891855,0.4161687160158931,0.8184519239163451,-0.1650936299938559,0.5103263291788128
ridge_own_flat12,2,C_North_Vietnam_South_China_Coast,83,4.2001812412478134,0.49617517415832857,0.7823305018555904,0.13140705944024778,0.5694650213691486
ridge_own_flat12,2,C_North_West_Africa_Coast,83,1.4040538816521653,0.03715495732788602,0.38201035230729874,-0.24175798006235483,-0.22614719046804366
ridge_own_flat12,2,C_Northeast_South_America_Coast,83,7.1807702374402815,0.8809113665686629,0.8839493392085408,0.754544620509798,0.7783104385082136
ridge_own_flat12,2,C_Northwest_Hudson_Bay_Coast,83,2.5497539593198773,0.6756122799175952,0.8183918256065289,0.4246706283344227,0.6597265135091935
ridge_own_flat12,2,C_Northwest_Mediterranean_Coast,83,2.7168940801143258,0.6510253821138817,0.8693761787411798,0.3563873495954064,0.7322531116384536
ridge_own_flat12,2,C_Norway_Coast,83,3.580629472847798,0.3991161752746948,0.8362049172740064,0.13791308987571438,0.6825485897677668
ridge_own_flat12,2,C_Novaya_Zemlya,83,19.858989464652264,0.46226865757623165,0.9379563419387016,-0.058617857333878254,0.8444591026213571
ridge_own_flat12,2,C_Nusa_Tenggara,83,3.44249469644038,0.3367747207832107,0.3903273433138127,0.0693486725554705,0.13218028880029642
ridge_own_flat12,2,C_Olenyok_Delta,83,9.249151570133785,0.2114320820715141,0.4522366601410061,0.020984025253475758,0.18367042932076583
ridge_own_flat12,2,C_Oregon_Coast,83,3.059244636583661,0.3093648838870265,0.9340724646786239,-0.025014496765205063,0.8448616622722379
ridge_own_flat12,2,C_Papua_New_Guinea_Island,83,2.1589702804394704,0.5050028286889505,0.6239137787602651,0.2521375915848465,0.3633476275539006
ridge_own_flat12,2,C_Patagonia,83,3.826616809452038,0.274859754091688,0.6310354992294005,0.05240572236496799,0.36223627937921943
ridge_own_flat12,2,C_Peru_Pacific_Coast,83,1.5420590491432857,0.2428223282366494,0.8643777872388052,0.014814076098998985,0.7417704571963997
ridge_own_flat12,2,C_Philippines,83,2.89135179806675,0.6022538743614287,0.6785391001458804,0.35135154583671013,0.4582136089025537
ridge_own_flat12,2,C_Po_River_and_East_Italy_Coast,83,3.533723863295387,0.5802024290350738,0.8645092386707682,0.26781269421151555,0.7212506710203617
ridge_own_flat12,2,C_Prince_of_Wales_Island,83,3.5069983850632314,0.06098810056799051,0.3334284090228864,-0.14074795804614615,-0.04387830438437601
ridge_own_flat12,2,C_Puerto_Rico,83,1.9865255056106335,-0.001843816236042321,0.5401027287067828,-0.1029263716605111,0.2393559837292012
ridge_own_flat12,2,C_Sakhalin_Island,83,8.57297241441482,0.048971705725449455,0.22448591535405846,-0.06939643947841101,-0.15386357630993142
ridge_own_flat12,2,C_Sardinia_and_Corsica,83,8.716673261517181,0.2231189864576437,0.3973572799518227,0.02622493662431813,0.1376103622251047
ridge_own_flat12,2,C_Severnaya_Zemlya,83,26.75364312111968,0.4594727942482542,0.869742784427693,-0.16525246474932365,0.6678383191494088
ridge_own_flat12,2,C_Seward_Peninsula_Alaskan_North_Slope,83,2.453726556619152,0.5449986446983526,0.803535313368084,0.23755681064419976,0.6160340142880986
ridge_own_flat12,2,C_Shelikhov_Gulf_Sea_of_Okhotsk_Coast,83,4.7807982576387165,0.36163435004807426,0.8276050411457747,0.03860967500800605,0.6371502271272311
ridge_own_flat12,2,C_Sicily,83,4.662720233058094,-0.10322517715149113,0.07334008581780196,-0.08302562394887292,-0.10945889930887343
ridge_own_flat12,2,C_Solomon_Islands,83,8.586554864092411,0.40850018568346924,0.2398770138861778,0.15258636251712254,-0.007530932908879295
ridge_own_flat12,2,C_Somerset_Island,83,3.362533842990896,0.15111999526878594,0.6796242631493657,-0.17662324765024917,0.3748503030311826
ridge_own_flat12,2,C_South_Africa_South_Coast,83,1.9478629051342686,0.7700652116393332,0.8233694895480977,0.522851652930803,0.6251133707991978
ridge_own_flat12,2,C_South_Africa_West_Coast,83,1.9437788162897993,0.2997964483642355,0.5714236871806088,0.06109184465314166,0.29941605664387716
ridge_own_flat12,2,C_South_Alaska_Coast_Frazer_River,83,6.0817838564593565,0.6540214968715254,0.9505151492528241,0.3424567835975104,0.8955567420822197
ridge_own_flat12,2,C_South_Amapa_Coast,83,6.96756904045499,0.8203016195721728,0.944231645403217,0.5717053079450807,0.8896930294523298
ridge_own_flat12,2,C_South_Australia_Coast,83,1.24686838852011,0.46725556419068176,0.7980996641657502,0.19813882199257815,0.6323712931143521
ridge_own_flat12,2,C_South_Baffin_Island_Coast,83,4.62139289960557,0.3886588261319244,0.7005696771968524,0.04957940096519553,0.38432146246716803
ridge_own_flat12,2,C_South_Baltic_Coast,83,2.930398298892339,0.3628418151701956,0.8015073682317264,0.07641097620303217,0.6390962692924332
ridge_own_flat12,2,C_South_Black_Sea_Coast,83,5.236144302629327,0.44203553732274586,0.8181151714456218,0.13398204970377303,0.6445582780869177
ridge_own_flat12,2,C_South_Chile_South_Pacific_Coast,83,6.062042252351198,0.331438832610111,0.9494689936037585,-0.47348964438425445,0.8483101164120372
ridge_own_flat12,2,C_South_East_Brazil_Coast,83,5.078570643766786,0.6620505762030473,0.8090744979473189,0.3121547884665038,0.5761638524962964
ridge_own_flat12,2,C_South_East_Russia_Coast,83,2.8679174460819388,0.3541162629909815,0.17843677225758023,0.04368261240206295,-0.39180809301200314
ridge_own_flat12,2,C_South_Gulf_of_Aden_Coast,83,2.5156141757306147,0.5398214473219421,0.39457446748453395,0.25398300637450255,0.1502903074213826
ridge_own_flat12,2,C_South_Gulf_of_Oman_West_Arabian_Sea_Coast,83,1.7785860987541477,0.4126044667278547,0.5619462247443013,-0.08127682260432656,0.12603217741296835
ridge_own_flat12,2,C_South_Hudson_Strait_Ungava_Bay_Coast,83,3.914620395730283,0.25952630477114114,0.7912573320777219,-0.054613289961556566,0.577530257842676
ridge_own_flat12,2,C_South_Mediterranean_Coast,83,1.4009917976750417,0.009193950348191777,0.3411586471523289,-0.12017419776343052,0.00474608617241512
ridge_own_flat12,2,C_South_Zambezia_Coast,83,4.02733225150243,0.32469030338727783,0.8601755471948361,0.005716490506984528,0.7132213448987892
ridge_own_flat12,2,C_Southhampton_Coats_Islands,83,3.797858557245611,0.2896038889361694,0.5680398931748896,0.06229437540114058,0.3044486930815046
ridge_own_flat12,2,C_Southwest_Hudson_Bay_Coast,83,2.2985229464292036,0.5237399255545897,0.8904074314284808,0.25457550385271766,0.7705467037540087
ridge_own_flat12,2,C_Southwest_Mediterranean_Coast,83,2.1493992277248393,0.3118315196513244,0.6860249345285832,0.00028248347193415846,0.3048986505747602
ridge_own_flat12,2,C_Sri_Lanka,83,2.0041814562365996,0.37709165875337775,0.9152215510273307,-0.03885158086765106,0.8027267465103882
ridge_own_flat12,2,C_Sulawesi,83,2.6314166323993446,0.6452013709278654,0.6258750691859924,0.41483246920511696,0.38448637551783993
ridge_own_flat12,2,C_Sumatra,83,3.061105521868096,0.44592624469987485,0.6859925128619497,0.10811760836942086,0.3838419735938433
ridge_own_flat12,2,C_Svalbard,83,23.60713832511863,0.6939272504747447,0.9723138733775846,0.2659974099332969,0.9251559828675086
ridge_own_flat12,2,C_Sweden_Coast,83,3.798903627164073,0.08065602297698282,0.7408450795074208,-0.07025995928769624,0.5479059454057603
ridge_own_flat12,2,C_Taiwan,83,2.1240741243585863,0.20059009068092992,0.6371450294540013,-0.00935185141495709,0.38990407776980995
ridge_own_flat12,2,C_Tasmania,83,2.7320532383286253,0.42512955673470504,0.7794669148579256,0.1371805265287317,0.5953122296747766
ridge_own_flat12,2,C_Texas_Gulf_Coast,83,3.646056927245062,0.6006718057779589,0.7305088561622108,0.29217839717230387,0.5202286187594862
ridge_own_flat12,2,C_Thar_Desert_Sabarmati_River_Gulf_of_Cambay_Luni_Delta,83,4.765373785688593,0.6713926293210709,0.7844493530532787,0.4476285563642892,0.6129707367563713
ridge_own_flat12,2,C_US_East_Gulf_of_Mexico_North_Atlantic_Coast,83,3.935189707791134,0.7296445472673271,0.7291171718882722,0.5319166827690806,0.5299244507115962
ridge_own_flat12,2,C_US_North_Atlantic_Coast,83,2.9418346405295552,0.3273123056629121,0.8460859301483529,0.051344388069476166,0.7026417621544548
ridge_own_flat12,2,C_Uda_Basin,83,3.6288615508268194,0.11814993510639103,0.5237538857925644,-0.02100554609505889,0.21282897843388437
ridge_own_flat12,2,C_Uruguay_South_Brazil_Coast,83,4.914919417746718,0.5906269286756823,0.6645336420304854,0.30817880297723566,0.41166309945437773
ridge_own_flat12,2,C_Victoria_Island,83,2.7699764611207813,0.12777391454962964,0.7189727119972028,-0.14900688424420272,0.4787850769467952
ridge_own_flat12,2,C_Vietnam_Coast,83,3.3575958668232517,0.657707696666346,0.96792110110512,0.4047809925230259,0.9333465564069234
ridge_own_flat12,2,C_West_Africa_Coast,83,2.212140528585641,0.3822272529120657,0.982785343730891,0.10430564132238884,0.9605129768618327
ridge_own_flat12,2,C_West_Australia_Coast,83,1.9609750571236815,0.2505517163634453,0.48383777923269894,-0.09371141899598157,0.1365191675314077
ridge_own_flat12,2,C_West_Barents_Sea_Coast,83,3.25117139753619,0.1770521218319941,0.8741346644257744,0.011212734399764446,0.7306057985363716
ridge_own_flat12,2,C_West_Black_Sea_Coast,83,5.449606002075953,0.4511595652925384,0.7936625305539916,0.17293382746791341,0.6174453578982697
ridge_own_flat12,2,C_West_Caspian_Sea_Coast,83,3.8246991819914107,0.45701200134572567,0.85322822966352,0.18576727830148698,0.700707044321379
ridge_own_flat12,2,C_West_Continental_Europe,83,2.633852934700936,0.7251406894362844,0.8891246463978102,0.512221726104477,0.7848716156116373
ridge_own_flat12,2,C_West_Italy_Coast,83,2.8696536977872893,-0.010986087202520586,0.8653813597946463,-0.24875327464114694,0.7309366923817995
ridge_own_flat12,2,C_West_Mississippi_Delta,83,4.884484232950113,0.6056841568329042,0.8583749178490216,0.35191633915671405,0.6981385295612519
ridge_own_flat12,2,C_West_Nile_Delta,83,2.126843555939163,0.21515578722096196,0.5197240068369611,-0.20882854976794585,0.07513455786907264
ridge_own_flat12,2,C_West_Red_Sea_Coast,83,2.155426462974047,0.38281159499332434,0.6428417276016771,0.10740068307174999,0.3604315717060411
ridge_own_flat12,2,C_Yamal_Peninsula,83,3.8442345281287373,-0.020629965941060584,0.8093380852804061,-0.1482087427305192,0.6247749049974369
ridge_own_flat12,2,C_Yellow_Sea_Coast,83,4.209581250231166,0.8135488084549597,0.772891046599793,0.5416498114517199,0.5136801817710652
ridge_own_flat12,2,C_Yenisey_Gulf_Coast,83,4.0717025399691416,0.10026549885554016,0.8610942065227761,-0.006711449597539332,0.7408482769259678
ridge_own_flat12,2,C_Ziya_He_Interior_Coast,83,4.577348766068446,0.8660110623525574,0.8715769082823336,0.6415995270217568,0.6545945093801235
ridge_own_flat12,2,E_Altai_Mountains,83,1.3544242387038452,0.23941881699968523,0.2814402423897624,-0.018786129695555376,-0.04052670027790284
ridge_own_flat12,2,E_Amu_Darya,83,2.6595730796139216,0.5787070353901675,0.9137229638841312,0.17334541767458334,0.7821825262953657
ridge_own_flat12,2,E_Australia_Northwest_Plateau,83,4.021253125570133,0.7989623150297224,0.853917942150616,0.5976738536518003,0.6940402399398872
ridge_own_flat12,2,E_Badain_Jaran_Desert,83,1.1662095191652364,0.27441539348617733,0.5668973591982618,0.06394172447779489,0.31338040918525634
ridge_own_flat12,2,E_Central_Iran,83,2.6457662289041144,0.6670567610243912,0.8694020674193006,0.42419866357810354,0.7467451286275091
ridge_own_flat12,2,E_Central_Mongolia,83,2.2831075227490194,0.4102815671864282,0.46030174721185085,0.10557418908202354,0.14434252363449607
ridge_own_flat12,2,E_Dayan_Khyargas_Uvs_Nuur_Basins,83,1.5136059250741147,0.5625381975686219,0.6355979997843937,0.30665722235811155,0.3826884397222925
ridge_own_flat12,2,E_East_Gobi_Desert,83,1.7276469103663954,0.6943402914152386,0.6618354812966232,0.3856980466239466,0.3449743158582669
ridge_own_flat12,2,E_Egyptian_Western_Desert,83,1.4987628041450647,0.337771524855809,0.5453967190117431,-0.1360164160930768,0.017165053425234778
ridge_own_flat12,2,E_Farahrud_Helmand_Hamun_i_Mashkel,83,2.786183313667044,0.4251721959501807,0.781671846599883,0.060611060005623774,0.5632461687449278
ridge_own_flat12,2,E_Great_Basin_Great_Salt_Lake,83,2.84288540303523,0.8462259546113775,0.8958418635761601,0.7095103858578528,0.794533746875645
ridge_own_flat12,2,E_Great_Victoria_Desert,83,1.6430015663839692,0.5033092903861368,0.3711876111058914,0.22216185925413212,0.035472483372456454
ridge_own_flat12,2,E_Jordan_Northwest_Saudi_Arabia,83,3.2441142440366986,0.19139354194047442,0.7350278831970724,-0.08379748211788307,0.47474331330901964
ridge_own_flat12,2,E_Junggar_Pendi,83,2.174909677757297,0.6156033918636787,0.8455916802832952,0.22127903633296786,0.6205227293407868
ridge_own_flat12,2,E_La_Puna_Altiplano,83,2.1523844261508165,0.5023262837050759,0.76056999275982,0.20466804943448047,0.5526883108146388
ridge_own_flat12,2,E_Lake_Eyre_Basin,83,2.2264221806980853,0.7787710865451316,0.7408278922857516,0.5949215012245421,0.5399647589020949
ridge_own_flat12,2,E_Lake_Rukwa_Basin,83,10.056093034287645,0.627688740288811,0.8832399401967641,0.22156114844146513,0.7321322182941847
ridge_own_flat12,2,E_Lakes_Balkash_Alakol,83,2.0581181123389607,0.5781730304760121,0.8889388137433,0.23952283812260133,0.7695874749055578
ridge_own_flat12,2,E_Libyian_Desert,83,1.0102480073272433,0.15234961023506452,0.5672550629546603,0.005949865943535304,0.31258246847477267
ridge_own_flat12,2,E_Lower_Lake_Chad,83,4.630301326131697,0.7017224409819793,0.9496212683851206,0.11149980425823236,0.8445644095587841
ridge_own_flat12,2,E_North_Central_Arabia,83,2.0448505555456897,0.22989459156140152,0.7018770371242963,0.0346817674532397,0.48935611604535145
ridge_own_flat12,2,E_North_Plateau_of_Tibet,83,2.61020409899945,0.551346476982879,0.4765493378203324,0.27030030813968264,0.1637841429219813
ridge_own_flat12,2,E_Northern_Kordofan,83,2.5096419435464714,0.5120158291914105,0.6685732813429254,0.1130396543513783,0.33139648159267243
ridge_own_flat12,2,E_Plateau_of_Tibet,83,1.6778410103358816,0.4941225009938284,0.6982086395018905,0.21904393800331645,0.4741612705184398
ridge_own_flat12,2,E_Qinghai_Lake,83,1.9129939301863652,0.7867354681905326,0.5371290737519187,0.6062874393066707,0.2091479402138784
ridge_own_flat12,2,E_Rift_Valley,83,4.303529721333754,0.6611516747765471,0.6577704061139054,0.25960582276169464,0.0519218214502255
ridge_own_flat12,2,E_Rub_al_Khali_Desert,83,1.4712859787741117,0.24655149858982237,0.5062457584298233,0.02315249835468358,0.22824858636151912
ridge_own_flat12,2,E_Sahara,83,0.7930728089442737,-0.07049062217191636,0.2420323622684177,-0.08170875922221832,-0.016582544196084292
ridge_own_flat12,2,E_Saharan_and_Algerian_Atlas,83,1.4359161092605477,0.28434805569172517,0.881578419710985,-0.3515597820003773,0.6348264528475429
ridge_own_flat12,2,E_Salinas_Grande_Mar_Chiquita,83,2.47903724689106,0.823246538615312,0.8433237823830635,0.6452067235229104,0.6733810067389391
ridge_own_flat12,2,E_South_Interior_Africa,83,3.2739374874382565,0.8157810052643241,0.877251215028971,0.6514466343530103,0.7582216608070846
ridge_own_flat12,2,E_Syr_Darya,83,1.7473768035871853,0.6391136799865614,0.9074361561849548,0.3798461946025302,0.8138043207966871
ridge_own_flat12,2,E_Tarim_He_Lop_Nur,83,1.1246373888865182,0.6267423379655079,0.8496004946139102,0.31804054571219087,0.682912776488712
ridge_own_flat12,2,E_Turpan_Pendi,83,2.3031494134800776,0.47260701761867513,0.8033122280229179,-0.01066578980424815,0.537733352488817
ridge_own_flat12,2,E_Upper_Lake_Chad,83,1.8618880243709492,0.5984498278779726,0.7779671955590103,0.07807357410431581,0.4336351739383568
ridge_own_flat12,2,R_Amazon_River,83,3.3581614100390986,0.8515841714965725,0.9806156825257226,0.7065543074763632,0.9558693303257917
ridge_own_flat12,2,R_Amur_River,83,2.204104093029662,0.6725207566184965,0.36990661483375253,0.41193423267360607,-0.20955406627799933
ridge_own_flat12,2,R_Colorado_River_Argentina,83,3.3648977139742895,0.30928224447152436,0.510773630616031,-0.07679927610820547,0.08131223910955765
ridge_own_flat12,2,R_Colorado_River_of_the_West_North_America,83,2.059418526118569,0.7302448523131199,0.8394303334131068,0.5069631550393972,0.6853154782692161
ridge_own_flat12,2,R_Columbia_River,83,2.2892244682483716,0.4078591905869117,0.9783018654645264,-0.3170565546916606,0.9327195021550131
ridge_own_flat12,2,R_Congo_River,83,2.979411471820224,0.7392512962710156,0.8616682366798416,0.4579601431036282,0.6919220195563964
ridge_own_flat12,2,R_Danube_River,83,2.6869328026399844,0.5943742243158209,0.9148415481340225,0.24135226365768192,0.8072714493065456
ridge_own_flat12,2,R_Dnieper_River,83,3.327776249639104,0.8278365728560394,0.8839565879356998,0.6828079903206461,0.7791022705207608
ridge_own_flat12,2,R_Don_River,83,3.258709810547675,0.8635754612179692,0.9274603144975964,0.7224983283169508,0.8472532774650979
ridge_own_flat12,2,R_Ganges_Bramaputra_Basin,83,3.1978980875767467,0.571106080299987,0.960758743266833,0.18665642789704595,0.9059980022394893
ridge_own_flat12,2,R_Indus_River,83,3.67023052406634,0.6061819716897567,0.8765666199086628,0.10447350520710341,0.6732462558623551
ridge_own_flat12,2,R_Lena_River,83,1.6919068956825147,0.4894924030631683,0.9002861656867227,0.2048263156068102,0.8079729063788286
ridge_own_flat12,2,R_Limpopo_River,83,4.49006364146318,0.8150625351488545,0.8850097246778078,0.5302938907808588,0.6609375656650919
ridge_own_flat12,2,R_Mackenzie_River,83,2.2487530532403404,0.9349454434307676,0.9500193781512472,0.8342729853261015,0.8906620072450114
ridge_own_flat12,2,R_Magdalena_River,83,4.169228199599495,0.6443145352717047,0.8284942578074872,0.41063152838684913,0.6363472488131132
ridge_own_flat12,2,R_Mekong_River,83,4.197745351633604,0.7884771684585101,0.9514340920084807,0.6030744807136413,0.9036909484004844
ridge_own_flat12,2,R_Mississippi_River,83,2.0731081443299075,0.9142514565328337,0.9585883626745477,0.7784895842051479,0.8817983949342335
ridge_own_flat12,2,R_Murray_Darling_River,83,2.9569928796106595,0.766864230978464,0.7610951649359163,0.5858855123068468,0.573170194190769
ridge_own_flat12,2,R_Niger_River,83,2.5385595113276596,0.41865812760695925,0.9611471240868151,-0.31902051553866384,0.8789462541549229
ridge_own_flat12,2,R_Nile_River,83,3.049406354540206,0.4629255137866266,0.875423044908442,-0.18146580514812438,0.681760425994419
ridge_own_flat12,2,R_Ob_River,83,2.0248682496298334,0.8141203390840562,0.936719452568963,0.6615346904664738,0.8772591068435582
ridge_own_flat12,2,R_Orange_River,83,2.509948125166852,0.7118217433557502,0.7350223621365078,0.4674061502817619,0.5061233766823519
ridge_own_flat12,2,R_Orinoco_River,83,4.340168706170296,0.7688006311254759,0.9609346296264699,0.5834671836477472,0.921115341066569
ridge_own_flat12,2,R_Parana_River,83,3.5391730948976856,0.7166932003605873,0.8687088722402461,0.31599332917693734,0.6095312656674553
ridge_own_flat12,2,R_Parnaiba_River,83,5.323546949057522,0.7261319813656356,0.9236057324814582,0.350886646056046,0.7980252444137529
ridge_own_flat12,2,R_Rio_Grande_Rio_Bravo,83,3.3593852166573726,0.2359257341740862,0.6631264385009694,-0.3312778280783477,0.22598494537216696
ridge_own_flat12,2,R_Saint_Lawrence_River,83,3.2939556851968463,0.9183029447467639,0.8964781230916822,0.8309264175238382,0.7873978911980587
ridge_own_flat12,2,R_Sao_Francisco_River,83,6.593612949083178,0.7012517127000077,0.8350630591830315,0.4080453075438062,0.6494460654837944
ridge_own_flat12,2,R_Saskatchewan_Nelson_Rivers,83,2.6293574626824574,0.6616079774279691,0.8632640911929272,0.3178671762176184,0.7087362561518786
ridge_own_flat12,2,R_Senegal_River,83,2.5249213355362183,0.5026921918154897,0.9239245008141677,0.20409015902852068,0.8424165188266455
ridge_own_flat12,2,R_Shebelli_Juba_Rivers,83,3.694674723418009,0.6397194199232827,0.7178551791650112,0.2951604124906302,0.43055777176691845
ridge_own_flat12,2,R_Tigris_Euphrates_River,83,2.7458363146772045,0.8984892919743617,0.9361718054754975,0.8052985485033088,0.8715562758246077
ridge_own_flat12,2,R_Tocantins_River,83,6.125535992339526,0.5977883445516179,0.9360174263754476,0.3480078728582737,0.8746377571293691
ridge_own_flat12,2,R_Volga_River,83,2.471165915026542,0.6675178954000471,0.9361419855018631,0.4221435289671346,0.8700588160159115
ridge_own_flat12,2,R_Volta_River,83,2.8007747440674873,0.5062444304611083,0.947779657834905,0.23736010624317516,0.8930919283122735
ridge_own_flat12,2,R_Yangtze_River,83,3.4030343034567263,0.5435322230438512,0.6679135116640074,0.2205134271555238,0.40393830623262084
ridge_own_flat12,2,R_Yellow_River_Huang_He,83,1.9887542195735781,0.46967826152990416,0.611293306376899,0.2009726673630421,0.35792203911264986
ridge_own_flat12,2,R_Yenisey_River,83,1.6471582114147933,0.13601094219915746,0.9212309226092927,-0.3136210973068587,0.8243154438785155
ridge_own_flat12,2,R_Yukon_River,83,1.9391528754862768,0.4609608492226128,0.9447773477217921,-0.0680270091456292,0.8526831303917979
ridge_own_flat12,2,R_Zambezi_River,83,3.5969293113575396,0.8257570415167739,0.9558659190263625,0.670009703302048,0.9105084125816351
ridge_own_flat12,3,C_Aleutians_South_Alaska_Coast,82,4.774529746151742,0.7889978324571113,0.9530617152845818,0.6151010385445609,0.901295055984173
ridge_own_flat12,3,C_Amazon_River_Delta,82,7.084695409195453,0.7096571679732272,0.9446162042253788,0.46407979922786824,0.8826959747422468
ridge_own_flat12,3,C_Angola_Coast,82,4.05062144420448,0.6592363883831783,0.8601699604178331,0.4167313384962299,0.7254777042634886
ridge_own_flat12,3,C_Balkan_Peninsula_and_Adriatic_Coast,82,2.827087937105874,0.3140926208081842,0.9432167106746023,-0.00608400826970934,0.880150718579086
ridge_own_flat12,3,C_Banks_Island,82,8.292679443965595,-0.013913851578056543,0.4174458788553112,-0.07529775045922782,0.12511381520632092
ridge_own_flat12,3,C_Beaufort_Sea_Coast,82,2.028968650499026,-0.09502522356101294,0.8923562066036659,-0.09184608259370775,0.7957002228509724
ridge_own_flat12,3,C_Bight_of_Benin_Coast,82,4.502402562671411,0.6316497118254105,0.9221211150530131,0.3984304648707414,0.850031071748887
ridge_own_flat12,3,C_Bismark_Sea_Islands,82,3.2150572630113303,0.6074759319946259,0.48495590659179877,0.27617922658040683,0.1354408440847883
ridge_own_flat12,3,C_Borneo,82,4.166744339229467,0.42057418822257603,0.45164948938885136,0.13586556422648988,0.06701501375726249
ridge_own_flat12,3,C_Buor_Khaya_Gulf_Coast,82,4.30434027090617,0.14373466245804578,0.7389501525684512,-0.012953190987330165,0.5371852810620525
ridge_own_flat12,3,C_California_and_Baja_California,82,3.138378805349094,0.715423426501378,0.8558835889493417,0.5082845506290389,0.7304810097867076
ridge_own_flat12,3,C_Canadian_South_Arctic_Ocean_Coast,82,1.9170447785507556,0.1739877365137487,0.8343170333224845,-0.16620803616174218,0.639886920661584
ridge_own_flat12,3,C_Capim_River_Delta,82,9.175707839737225,0.5633397432778902,0.91827663756668,0.28255518513680855,0.8252160457323123
ridge_own_flat12,3,C_Carribean_Coast,82,3.627879920202806,0.6917952098882665,0.9166094754957795,0.474875409620263,0.8294874279214411
ridge_own_flat12,3,C_Central_America_Gulf_of_Mexico_Caribbean_Coast,82,3.621306979543584,0.5970621617491376,0.8929788855079632,0.28619207353485243,0.7790501925919248
ridge_own_flat12,3,C_Central_American_Pacific_Coast,82,3.102301415808015,0.3173898610842193,0.9038803629508965,-0.36845739566223323,0.7148039942829575
ridge_own_flat12,3,C_Chao_Phraya_River_Gulf_of_Thailand_Coast,82,5.875228947441296,0.6476521602454938,0.9188477624909837,0.36658755428398815,0.8294933300428393
ridge_own_flat12,3,C_Chukchi_Peninsula,82,4.539087703970322,0.2158904649457902,0.7823042080510755,0.04327695573698931,0.6097840209604578
ridge_own_flat12,3,C_Churchill_Seal_Rivers,82,3.0172990909179216,0.7912536786528491,0.8640749687221818,0.5930363477444847,0.7144889372941965
ridge_own_flat12,3,C_Columbia_Ecuador_Pacific_Coast,82,1.9741652294934733,0.2126977708036127,0.7102737290321033,0.04381972340704687,0.5043023454389577
ridge_own_flat12,3,C_Crimea_West_Azov_Sea_Coast,82,7.251323646553844,0.4837575148249618,0.7047798790796891,0.22421107143484564,0.48427550263079355
ridge_own_flat12,3,C_Cuba,82,2.568649350974352,0.17806963846256813,0.7932819870360681,-0.0610382029213139,0.5709855708697631
ridge_own_flat12,3,C_Deccan_Plateau_East_Indian_Subcontinent_Coast,82,4.3488073467852075,0.4695923351242394,0.9557176701020001,-0.11166955107459109,0.8831313530211697
ridge_own_flat12,3,C_Denmark_Germany_Coast,82,7.595514480588309,0.23358466775073902,0.4311775655764584,0.04584068582478318,0.1789621775046183
ridge_own_flat12,3,C_East_Australia_Coast,82,3.2330860080308548,0.4738705449538014,0.41219336703757736,0.17969407409494453,0.06724948168205369
ridge_own_flat12,3,C_East_Azov_Sea_Northeast_Black_Sea_Coast,82,9.172777456534785,0.5007807698939118,0.6514730960839745,0.2501538789322679,0.41892955787366626
ridge_own_flat12,3,C_East_Barents_Sea_Coast,82,3.196577482569721,0.5449118846913793,0.912588365413831,0.21747061622957242,0.8139097973922307
ridge_own_flat12,3,C_East_Beaufort_Sea_Amundsen_Gulf_Coast,82,2.8138003722735903,0.25133620794987777,0.7414212727867625,0.05871739500828166,0.5210107054125863
ridge_own_flat12,3,C_East_Brazil_South_Atlantic_Coast,82,4.182135739516779,0.4558930825661095,0.836266942834154,-0.06290739693033154,0.6017368067515755
ridge_own_flat12,3,C_East_Caspian_Sea_Coast,82,2.681179269832179,0.681978124903993,0.906176474331018,0.37979711733086197,0.7844337860132895
ridge_own_flat12,3,C_East_Central_Africa_Coast,82,5.236930714130342,0.4619569499817802,0.9095348752056953,-0.3352756360246383,0.697957700097662
ridge_own_flat12,3,C_East_China_Coast,82,5.232668244329384,0.46075643055905674,0.7443488680678739,0.060952428935427516,0.45112626965484715
ridge_own_flat12,3,C_East_Hudson_Bay_Coast,82,3.2905487634543955,0.38342266003776215,0.7015354291465545,0.03873639406208862,0.4340972810693856
ridge_own_flat12,3,C_East_Mediterranean_Coast,82,3.7701301305069546,0.40691323309505745,0.8713140376186592,0.018584580210422086,0.7275000485953305
ridge_own_flat12,3,C_East_Mississippi_Delta,82,5.240310200962406,0.5562385336613167,0.8538857959452362,0.2851030959957326,0.6898286299555393
ridge_own_flat12,3,C_East_Nile_Delta,82,2.6800437651517988,0.21834552201479782,0.5258608932971262,-0.30213153080381905,0.01333260409691861
ridge_own_flat12,3,C_East_Ob_Bay_Coast,82,3.2646738942845746,0.49134413590168097,0.9061322769302942,0.21196304869431393,0.8003163708110181
ridge_own_flat12,3,C_East_Red_Sea_North_Gulf_of_Aden_Coast,82,1.722964491432215,0.31598577063242883,0.6050988118469948,0.0059892352111049485,0.3025500365553323
ridge_own_flat12,3,C_East_Timor_Islands,82,3.209484085932167,0.495358513857968,0.5501699576540541,0.147353723494567,0.26591939587978497
ridge_own_flat12,3,C_Ellef_Ringnes_Bathurst_Devon_Islands,82,3.0922961483569154,0.4262548854940994,0.6789908638691798,0.008387395859798308,0.2952894173335099
ridge_own_flat12,3,C_Ellesmere_Island,82,5.099565059210714,0.7247613077354507,0.9613326288431462,0.39158782570494577,0.8946267001304044
ridge_own_flat12,3,C_Great_Britain,82,3.3281360062459235,-0.06607110447556322,0.5185350716188785,-0.24638275665025255,0.12545295497542797
ridge_own_flat12,3,C_Greater_Dniester_Basin,82,4.427960148761507,0.3702769252491498,0.8281319446730737,-0.17013065189851373,0.5956229650582616
ridge_own_flat12,3,C_Gulf_of_Darien_Coast,82,3.741615960489902,0.4879638639631182,0.8581317650166939,0.22697142848661522,0.6992101162073985
ridge_own_flat12,3,C_Gulf_of_Guinea_Coast,82,3.647385418478498,0.5969190738640362,0.7748869120891135,0.32715814173135827,0.5922673467559751
ridge_own_flat12,3,C_Gydan_Bay_Coast,82,4.4995038300064785,0.17518005428278327,0.8507946723421564,-0.02174023736752484,0.7129290654178722
ridge_own_flat12,3,C_Hainan,82,5.1792099927602395,0.23460625760032303,0.802267761299983,0.04818407289299331,0.6412005936013239
ridge_own_flat12,3,C_Halmahera_Islands,82,3.1213328788292816,0.26701262067183384,0.2919513351827767,0.04202019853800265,0.039531573714772006
ridge_own_flat12,3,C_Hispaniola,82,2.1305201251486,-0.11851826149180311,0.5538226867109837,-0.2335972161666351,0.15535581789214192
ridge_own_flat12,3,C_Hokkaido,82,3.9764346923334624,0.2121149083200523,0.680132254545472,0.030414229168693185,0.45334369411486186
ridge_own_flat12,3,C_Hub_Porali_Basin,82,4.217640643812558,0.41533354354032564,0.5821881510142755,0.011957464903431858,0.21122737722508667
ridge_own_flat12,3,C_Iberian_Atlantic_Coast,82,3.522824329973366,0.35941099123487624,0.8533393184500043,0.11528787567747822,0.7148125349971475
ridge_own_flat12,3,C_Iceland,82,10.271312862322187,0.29182549510216027,0.8233148457177752,0.029503970768807508,0.6763923949118664
ridge_own_flat12,3,C_India_West_Coast,82,4.84533409053181,0.07789243247955865,0.9465178097351624,-0.6689550082020099,0.856918675379358
ridge_own_flat12,3,C_Indian_Ocean_Africa_Coast,82,4.738619505198885,0.5486133346619145,0.8102878346283204,0.15475628357831628,0.5725679733985399
ridge_own_flat12,3,C_Ireland,82,2.3635147041213544,-0.1711855849372149,0.6068521630560368,-0.09613164865340118,0.3069836619823326
ridge_own_flat12,3,C_Irrawaddy_Sittang_Salween_Basin,82,3.6972814783351713,0.6022358215561241,0.9600500728892292,0.31020018363615565,0.9207885419392997
ridge_own_flat12,3,C_Jamaica,82,2.931898468365879,0.1995333659576176,0.22188301901904547,0.02805519179481053,0.03276149738947565
ridge_own_flat12,3,C_Japan,82,3.7552102277378685,0.23713945652899565,0.41812367039957277,-0.19828774721959008,-0.3379085420923962
ridge_own_flat12,3,C_Java,82,3.4255084663484525,0.5898468894124697,0.7326237467455724,0.26458868683304004,0.5350494059329571
ridge_own_flat12,3,C_Kamchatka_Peninsula,82,3.1950360442824315,0.418452281620497,0.9467205690987082,0.14248550874649635,0.8902234514887902
ridge_own_flat12,3,C_La_Plata_Delta,82,6.004154001158822,0.6265210302878262,0.6296286092309648,0.36660659831474285,0.36410719570351124
ridge_own_flat12,3,C_Labrador_Sea_Coast,82,3.832213458119684,0.575167716858484,0.8448006342004204,0.26887961632967605,0.6796161687035565
ridge_own_flat12,3,C_Madagascar,82,3.9275763106485964,0.4262856236842777,0.8851712256866909,0.1380913714715747,0.7751181192162421
ridge_own_flat12,3,C_Malaysian_Peninsula_Coast,82,4.453497776180959,0.44906028935051123,0.6998314667815089,0.15667347616259686,0.446220116183368
ridge_own_flat12,3,C_Maluku,82,4.082821712652816,0.1780081967798334,0.20518504850863414,0.02716068408252237,0.008358558958267315
ridge_own_flat12,3,C_Melville_Prince_Patrick_Islands,82,6.91339941110982,0.6880976112032323,0.8439131903922792,0.3412607965639106,0.6346695420783937
ridge_own_flat12,3,C_Namibia_Coast,82,2.596380700365291,0.15575821764234582,0.16627796056758756,-0.21504277064200772,-0.27569374592035634
ridge_own_flat12,3,C_Neva_River_Finland_Coast,82,2.8747082929070213,0.39304114131830276,0.8301812690701562,0.02706479154117658,0.6463523205763204
ridge_own_flat12,3,C_New_Brunswick_and_Nova_Scotia_Coast,82,4.981110402667232,0.19763796622079222,0.7985596955765898,-0.10166232635311712,0.5662165885058983
ridge_own_flat12,3,C_New_Siberian_Islands,82,51.05356054577744,-0.1412297439367816,0.20828913694213216,-0.06204098768920385,0.020978649716860698
ridge_own_flat12,3,C_New_Zealand_North_Island,82,2.3063084866703245,0.289578664800537,0.7670535482054874,-0.005142201340704977,0.5480304521172032
ridge_own_flat12,3,C_New_Zealand_South_Island,82,2.613225494142192,-0.23129845337555976,0.6799297998431943,-0.09672821440563384,0.4524391957260576
ridge_own_flat12,3,C_Nigerian_Delta,82,5.826653529425004,0.21929562731704777,0.9436987266228597,0.03975255497432473,0.8819758874378624
ridge_own_flat12,3,C_North_Argentina_South_Atlantic_Coast,82,4.219980723424507,0.6394960414008314,0.6493698226505209,0.383113029323235,0.3654093952508617
ridge_own_flat12,3,C_North_Australia_Coast,82,4.796876974757546,0.7430825950168796,0.9134137899228014,0.48581112216981326,0.8076370579923251
ridge_own_flat12,3,C_North_Baffin_Island_Coast,82,5.431474997535979,0.704785413084569,0.8492969795272861,0.4140809001130873,0.6131418828793356
ridge_own_flat12,3,C_North_Brazil_South_Atlantic_Coast,82,9.01577637342871,0.4696947502106069,0.9165851793231325,0.03203456015959505,0.807551616507272
ridge_own_flat12,3,C_North_Caspian_Sea_Coast,82,2.591026866594757,0.45459778473362106,0.8138032058052727,0.16008062060831818,0.6059613450860084
ridge_own_flat12,3,C_North_Chile_South_Pacific_Coast,82,2.7866804275040935,0.517449821230654,0.8026964618849229,0.24503926287887778,0.6389544104832159
ridge_own_flat12,3,C_North_East_Bay_of_Bengal_Coast,82,3.241992221915397,0.5168544831647003,0.9816464935726409,0.17596865858951327,0.962694403977124
ridge_own_flat12,3,C_North_East_Siberian_Sea_Coast,82,1.6882785285381854,0.6410627213083063,0.8885141400664741,0.4064733855744028,0.7713244815990099
ridge_own_flat12,3,C_North_Gulf_of_Oman_Coast,82,3.5082794668515946,0.5539052477121099,0.7229495928522635,0.2841151940804839,0.5079169300815976
ridge_own_flat12,3,C_North_Korea_Bay_Korean_Peninsula,82,3.0234755980113786,0.6657600906190869,0.7524541323389434,0.13227045225021905,0.3198515760013917
ridge_own_flat12,3,C_North_Siberia_Coast,82,1.7536519359877742,0.3689122394841569,0.9302262992477242,0.1099324229616927,0.8622818702234263
ridge_own_flat12,3,C_North_St_Lawrence_Seaway_Coast,82,3.946397477980119,0.3068895149828924,0.8145477796904198,-0.47454761360287456,0.420771202543055
ridge_own_flat12,3,C_North_Vietnam_South_China_Coast,82,4.688084053622933,0.34390451112991244,0.727175188770024,-0.08997592162281665,0.4594931929133149
ridge_own_flat12,3,C_North_West_Africa_Coast,82,1.4915870102923319,-0.09864609661066064,0.3573367887012282,-0.3972301068920705,-0.38703405350920783
ridge_own_flat12,3,C_Northeast_South_America_Coast,82,8.582812063863273,0.8269677325098079,0.8310619866052801,0.6557659140358282,0.6864880723837516
ridge_own_flat12,3,C_Northwest_Hudson_Bay_Coast,82,2.654461133949493,0.67909576228798,0.8081076505995112,0.38742047659033496,0.6354507994542518
ridge_own_flat12,3,C_Northwest_Mediterranean_Coast,82,2.9013457696826626,0.6346575317044161,0.8564780073548032,0.27357149270256254,0.6937365951838212
ridge_own_flat12,3,C_Norway_Coast,82,3.8003349326265385,0.2663317196094004,0.8148792384435519,0.03788461365066986,0.6408312482550628
ridge_own_flat12,3,C_Novaya_Zemlya,82,20.696483570676474,0.45191094074890154,0.9364537190454674,-0.1467580523877663,0.8297986655626041
ridge_own_flat12,3,C_Nusa_Tenggara,82,3.4345370923924965,0.4475348766350476,0.41309211917992594,0.09020089187712987,0.1453683112215466
ridge_own_flat12,3,C_Olenyok_Delta,82,9.232613688579947,0.22857304194997727,0.45777015233752066,0.021129217891409535,0.1823813703976105
ridge_own_flat12,3,C_Oregon_Coast,82,3.232147833982945,0.16580226165895515,0.9300939675294936,-0.1637833610674535,0.8282213771307964
ridge_own_flat12,3,C_Papua_New_Guinea_Island,82,2.3562098480341884,0.3578537745828665,0.5398665737890507,0.11157787605456415,0.2323141410447772
ridge_own_flat12,3,C_Patagonia,82,3.880695518980943,0.25098765483425156,0.6132954026278251,0.031033275212456135,0.326041919163085
ridge_own_flat12,3,C_Peru_Pacific_Coast,82,1.552547788984619,0.19713307764922108,0.8667959928224385,0.0027386298651973506,0.7406673943269937
ridge_own_flat12,3,C_Philippines,82,3.1274386336588207,0.5191612379339438,0.6152873469368992,0.2565621933964477,0.3726772595038451
ridge_own_flat12,3,C_Po_River_and_East_Italy_Coast,82,3.6809994572018248,0.5996297603317117,0.8605162616511227,0.22134258645076343,0.6974402212474639
ridge_own_flat12,3,C_Prince_of_Wales_Island,82,3.560831215081343,0.02907039524853948,0.3244682393131868,-0.17109526960451316,-0.06338007583105898
ridge_own_flat12,3,C_Puerto_Rico,82,1.9746167982909266,0.008933789041298086,0.5546613664987109,-0.10025971869182126,0.25570634694533745
ridge_own_flat12,3,C_Sakhalin_Island,82,8.775451451377835,-0.034811810735445176,0.1911148472321244,-0.10984410200132744,-0.21622167487368849
ridge_own_flat12,3,C_Sardinia_and_Corsica,82,8.499169178923747,0.3608458839857657,0.4896606318092819,0.08520207475673491,0.18799781595464926
ridge_own_flat12,3,C_Severnaya_Zemlya,82,29.016524051002495,0.38491641486263267,0.8518423817170862,-0.3975748906177925,0.6005623822009415
ridge_own_flat12,3,C_Seward_Peninsula_Alaskan_North_Slope,82,2.4838112319952645,0.5614882444751821,0.8040287099267844,0.2313082748879831,0.6091002809588048
ridge_own_flat12,3,C_Shelikhov_Gulf_Sea_of_Okhotsk_Coast,82,4.984249379629697,0.29593406729022825,0.820505471240954,-0.039097441745985284,0.6033369570779469
ridge_own_flat12,3,C_Sicily,82,4.677833459447284,-0.1581997955737108,0.06748924261912523,-0.08924180594257636,-0.13211225839870666
ridge_own_flat12,3,C_Solomon_Islands,82,8.698731997698644,0.3702416478522853,0.25793670341671365,0.12248036576366805,-0.025788691008492348
ridge_own_flat12,3,C_Somerset_Island,82,3.480140692736387,0.1028395893709811,0.6658040555389825,-0.24704713496758468,0.3298722932226549
ridge_own_flat12,3,C_South_Africa_South_Coast,82,2.1295774178378517,0.7169492646385913,0.7831960846269476,0.40820240138139163,0.5311188343422533
ridge_own_flat12,3,C_South_Africa_West_Coast,82,1.918939594967542,0.41041469608415143,0.6088499610676991,0.07831018546521862,0.32242602523566666
ridge_own_flat12,3,C_South_Alaska_Coast_Frazer_River,82,6.9026111092512235,0.5562851739874933,0.9389037093337159,0.16143495307273836,0.8670828037296762
ridge_own_flat12,3,C_South_Amapa_Coast,82,8.012593256415924,0.7682144240463985,0.9267474649080528,0.44392714215542595,0.8558325145913378
ridge_own_flat12,3,C_South_Australia_Coast,82,1.2144953478561862,0.49230318779959936,0.8131687127454538,0.22620943942146776,0.6553088066472035
ridge_own_flat12,3,C_South_Baffin_Island_Coast,82,4.692925728035343,0.39451042510051615,0.7081038572117496,0.012781885746346644,0.3713353988158684
ridge_own_flat12,3,C_South_Baltic_Coast,82,3.111717498921404,0.2438437739306031,0.7699272382263764,-0.04746615929261622,0.5879699172997983
ridge_own_flat12,3,C_South_Black_Sea_Coast,82,5.866435414400777,0.27509230070641194,0.7714944752130685,-0.05953109160967829,0.5587397045659844
ridge_own_flat12,3,C_South_Chile_South_Pacific_Coast,82,6.867614899744967,0.2492549144915708,0.9446854146389451,-0.9559682011720159,0.7962572355015385
ridge_own_flat12,3,C_South_East_Brazil_Coast,82,5.912329359971667,0.5398225940980941,0.7471946485357572,0.08003661889724789,0.4260455861316875
ridge_own_flat12,3,C_South_East_Russia_Coast,82,2.9734960609687353,0.29850370622256506,0.12678928579672732,-0.027381195014581028,-0.4849179660163063
ridge_own_flat12,3,C_South_Gulf_of_Aden_Coast,82,2.5680425456793374,0.5335233009107059,0.34968392294991607,0.22377158556046894,0.1158380918556251
ridge_own_flat12,3,C_South_Gulf_of_Oman_West_Arabian_Sea_Coast,82,1.9120505458757968,0.2586725240483339,0.49668926036306915,-0.26268170502795507,-0.01876741733198517
ridge_own_flat12,3,C_South_Hudson_Strait_Ungava_Bay_Coast,82,3.9999304686738437,0.22299827563339314,0.8022788235569696,-0.14993510110031227,0.5633678549083738
ridge_own_flat12,3,C_South_Mediterranean_Coast,82,1.4211281088982541,-0.028999510902355016,0.32885193494599696,-0.14875136251215393,-0.028966206907763636
ridge_own_flat12,3,C_South_Zambezia_Coast,82,4.160464239107021,0.2770087402665893,0.8577633134747086,-0.05825865244125161,0.6974601665340809
ridge_own_flat12,3,C_Southhampton_Coats_Islands,82,3.7225350982912904,0.3814768236579958,0.6069731382806801,0.09466300964187302,0.3396632036098238
ridge_own_flat12,3,C_Southwest_Hudson_Bay_Coast,82,2.5275058344599604,0.36232898745291425,0.865342944488761,0.10462382445404694,0.7219234087886002
ridge_own_flat12,3,C_Southwest_Mediterranean_Coast,82,2.216478403977352,0.2969817018595895,0.7007720712273523,-0.04334736133664152,0.26488709562261703
ridge_own_flat12,3,C_Sri_Lanka,82,2.1123463199285024,0.24237593018785764,0.9068830355785942,-0.2651215045593007,0.7649618246476833
ridge_own_flat12,3,C_Sulawesi,82,2.910112483396824,0.522670952358652,0.5206728179494039,0.26950051933708974,0.23374561132866845
ridge_own_flat12,3,C_Sumatra,82,3.3555616884278314,0.31579572929546346,0.6157115441386278,-0.06885113745556493,0.2105251109111439
ridge_own_flat12,3,C_Svalbard,82,24.626582129196407,0.6870350361957115,0.9712543017067121,0.20052130806427026,0.9176657508623466
ridge_own_flat12,3,C_Sweden_Coast,82,3.7514976171305596,0.06238523289760555,0.7374656965068805,-0.0618109849162749,0.5424688415284487
ridge_own_flat12,3,C_Taiwan,82,2.0799187226359526,0.25905568345257357,0.660753433831639,0.03321146817306031,0.4189438159196106
ridge_own_flat12,3,C_Tasmania,82,2.7953203307102754,0.39288476957112045,0.7712874863838791,0.10589262934215837,0.5814154947109293
ridge_own_flat12,3,C_Texas_Gulf_Coast,82,4.146265211006189,0.45413406409068663,0.6438333639060279,0.08208585695009174,0.38682614806876814
ridge_own_flat12,3,C_Thar_Desert_Sabarmati_River_Gulf_of_Cambay_Luni_Delta,82,5.120363284507075,0.61890745021078,0.7467478983073286,0.37867245458646115,0.5544419086652075
ridge_own_flat12,3,C_US_East_Gulf_of_Mexico_North_Atlantic_Coast,82,4.280120626926258,0.6750499754208333,0.6738991986210625,0.45351071924186925,0.4460442950022727
ridge_own_flat12,3,C_US_North_Atlantic_Coast,82,3.050526608567253,0.24650590428100155,0.8344102987868914,-0.007765773627981254,0.6780291676978085
ridge_own_flat12,3,C_Uda_Basin,82,3.580141333616764,0.15288885771143546,0.533343627815331,0.012741263412414883,0.22440752976830558
ridge_own_flat12,3,C_Uruguay_South_Brazil_Coast,82,5.625935306738009,0.4378370249180909,0.534147046748751,0.09300179671260522,0.2230099381487033
ridge_own_flat12,3,C_Victoria_Island,82,2.9719320675969336,-0.05625644426757078,0.6702508461671777,-0.3164076739649895,0.39936095105096725
ridge_own_flat12,3,C_Vietnam_Coast,82,3.5772326925650004,0.6066385743243816,0.9652955705991312,0.3153687891840672,0.9252257527142574
ridge_own_flat12,3,C_West_Africa_Coast,82,2.297017372627895,0.32160474954151785,0.9823897627084118,0.050287419430832814,0.9577973492075422
ridge_own_flat12,3,C_West_Australia_Coast,82,2.0638331260970215,0.1672055729658143,0.43701225375810215,-0.19212148160853193,0.04249293604021931
ridge_own_flat12,3,C_West_Barents_Sea_Coast,82,3.3179951918289703,0.09607596581521674,0.8658041272814668,-0.01501698510989291,0.7150379283930366
ridge_own_flat12,3,C_West_Black_Sea_Coast,82,5.927444470179087,0.31817234851544995,0.7564592061197265,0.03960002568725629,0.5527368361106682
ridge_own_flat12,3,C_West_Caspian_Sea_Coast,82,3.8932254271845648,0.4321649489834805,0.851263155293251,0.15800487985111122,0.6913991985692225
ridge_own_flat12,3,C_West_Continental_Europe,82,2.8009682910194615,0.6820045853676318,0.8746818727969484,0.4417808436400782,0.7536898838267938
ridge_own_flat12,3,C_West_Italy_Coast,82,2.9173440122965073,-0.0709775060872266,0.8626717239680227,-0.2800223165077509,0.7184613326478115
ridge_own_flat12,3,C_West_Mississippi_Delta,82,5.345301080115414,0.5073835531138783,0.8200599982824931,0.23458539077727236,0.6383047181241677
ridge_own_flat12,3,C_West_Nile_Delta,82,2.1768438106916648,0.22727941677124322,0.517814485414785,-0.30279458748231813,-0.005009799841405149
ridge_own_flat12,3,C_West_Red_Sea_Coast,82,2.2111519683970697,0.356114262109475,0.6070944394493359,0.07669140376170658,0.2913452088131012
ridge_own_flat12,3,C_Yamal_Peninsula,82,3.831421471694386,0.0492439111912724,0.8133444570993716,-0.12439578793462247,0.6261312855309104
ridge_own_flat12,3,C_Yellow_Sea_Coast,82,4.575672750759158,0.7923868897396794,0.7451824565316302,0.43538012919862734,0.4190132150104431
ridge_own_flat12,3,C_Yenisey_Gulf_Coast,82,4.0785622613572245,0.11373234400442779,0.859613578609024,0.0028768218813974844,0.7380172240712051
ridge_own_flat12,3,C_Ziya_He_Interior_Coast,82,5.355807814240228,0.8292709584901202,0.8407208937211288,0.5009654118422209,0.5260522171633248
ridge_own_flat12,3,E_Altai_Mountains,82,1.3681166109701428,0.2324434386452417,0.27793804473635486,-0.024804249454884575,-0.05318833687114943
ridge_own_flat12,3,E_Amu_Darya,82,2.956901046890334,0.4944715008969288,0.907638949139452,-0.03707497071393262,0.7316319455807049
ridge_own_flat12,3,E_Australia_Northwest_Plateau,82,4.599055072507168,0.7397364827854027,0.814485097859506,0.4725933161996738,0.5989150860926262
ridge_own_flat12,3,E_Badain_Jaran_Desert,82,1.178224801722675,0.2611002846371415,0.5482517911325264,0.054507946182271394,0.2903616897077973
ridge_own_flat12,3,E_Central_Iran,82,2.885496379146233,0.5884964407475288,0.8427031628012382,0.3187398476037129,0.6977282203469143
ridge_own_flat12,3,E_Central_Mongolia,82,2.4115101192438977,0.3439308661364849,0.39691168109807684,0.0255808461381849,0.05551862629328397
ridge_own_flat12,3,E_Dayan_Khyargas_Uvs_Nuur_Basins,82,1.564358144506228,0.5143573383784369,0.6075286068736294,0.2528743032195446,0.34826989167053946
ridge_own_flat12,3,E_East_Gobi_Desert,82,1.9247302870149505,0.6163269952590231,0.5708871976962576,0.2464239773841661,0.19644638328764796
ridge_own_flat12,3,E_Egyptian_Western_Desert,82,1.5571209381961415,0.27126282509074423,0.5096517926373808,-0.27409556151615755,-0.12586791022185073
ridge_own_flat12,3,E_Farahrud_Helmand_Hamun_i_Mashkel,82,2.930230286142832,0.3780581530272618,0.7702968012441506,-0.02091276750929727,0.5227286293361915
ridge_own_flat12,3,E_Great_Basin_Great_Salt_Lake,82,3.4172296427033952,0.7711001794444153,0.8501111078779012,0.5851102739530782,0.705954850877103
ridge_own_flat12,3,E_Great_Victoria_Desert,82,1.7014314544792908,0.4609721042358672,0.3300596724981186,0.17507852772061383,-0.022169531863123648
ridge_own_flat12,3,E_Jordan_Northwest_Saudi_Arabia,82,3.334137752329074,0.1360893764853593,0.7219755019848801,-0.13382782632680534,0.4424436679076348
ridge_own_flat12,3,E_Junggar_Pendi,82,2.437760244103116,0.5280432751354351,0.8146957533546814,0.018731879524978123,0.5091160712844318
ridge_own_flat12,3,E_La_Puna_Altiplano,82,2.150855768819232,0.46389781636826266,0.7704108376064775,0.13118488857058108,0.5480250074967175
ridge_own_flat12,3,E_Lake_Eyre_Basin,82,2.4516764432885005,0.7229998227231947,0.6757909192528957,0.5085608250797462,0.4450426363536032
ridge_own_flat12,3,E_Lake_Rukwa_Basin,82,10.822238731050879,0.6047487503419288,0.8758761509928236,0.08694312928880388,0.6774705831104035
ridge_own_flat12,3,E_Lakes_Balkash_Alakol,82,2.2845960092995856,0.4865080210961725,0.866325411936547,0.07043119621992588,0.717347470477478
ridge_own_flat12,3,E_Libyian_Desert,82,1.026635151675737,0.08873606233436868,0.5567311534667411,-0.022545057249221623,0.29790427409663445
ridge_own_flat12,3,E_Lower_Lake_Chad,82,5.685491088467366,0.5797595525790773,0.931195553737414,-0.4040252172582257,0.7667125114919563
ridge_own_flat12,3,E_North_Central_Arabia,82,2.16848547331082,0.043177751233189864,0.662375541061307,-0.07992275018588013,0.4304938111887774
ridge_own_flat12,3,E_North_Plateau_of_Tibet,82,2.779278766345864,0.46252709892372423,0.39491647195087165,0.14849334547647297,0.04337599696681649
ridge_own_flat12,3,E_Northern_Kordofan,82,2.65146880623038,0.4538543522647236,0.6346462453138709,0.02340405300849102,0.26085068278490753
ridge_own_flat12,3,E_Plateau_of_Tibet,82,1.7306050679893417,0.4323811086178616,0.6682731300659874,0.14843549502210662,0.42598761608275837
ridge_own_flat12,3,E_Qinghai_Lake,82,2.0183585788099183,0.7588630252259678,0.48679413554605555,0.5587634499818299,0.11311541827981031
ridge_own_flat12,3,E_Rift_Valley,82,5.091580277068547,0.520483604498161,0.551757663247055,-0.04378428467541284,-0.45014895279751865
ridge_own_flat12,3,E_Rub_al_Khali_Desert,82,1.5144882370536112,0.15175996300889782,0.4744554732906663,-0.018446602465315154,0.18953746060600862
ridge_own_flat12,3,E_Sahara,82,0.7992528714648773,-0.09850528591461163,0.23607591529284347,-0.09089615202855006,-0.03241515330504696
ridge_own_flat12,3,E_Saharan_and_Algerian_Atlas,82,1.6130899355910575,0.15167074268200978,0.869799189330701,-0.6866256180546246,0.5302374157364265
ridge_own_flat12,3,E_Salinas_Grande_Mar_Chiquita,82,2.7133471350201495,0.7798568031761115,0.8097424038974221,0.5444569267734181,0.5784395812598683
ridge_own_flat12,3,E_South_Interior_Africa,82,3.799543826869978,0.7344496029161444,0.8320853697540103,0.5071928546718949,0.6730890158785512
ridge_own_flat12,3,E_Syr_Darya,82,1.8746786920659813,0.579388792187752,0.8961609122678776,0.2837776233611009,0.7882034659808068
ridge_own_flat12,3,E_Tarim_He_Lop_Nur,82,1.2016633391461056,0.5948324653997389,0.8367533285744031,0.23319194429501566,0.6370154218062571
ridge_own_flat12,3,E_Turpan_Pendi,82,2.5038289607724185,0.39153006483056124,0.773379900543392,-0.1802611249899604,0.44148555832595315
ridge_own_flat12,3,E_Upper_Lake_Chad,82,2.0549075931165364,0.5076805513471973,0.73333940274502,-0.1271462171876323,0.3041250230841863
ridge_own_flat12,3,R_Amazon_River,82,4.047329752333338,0.7792533491685233,0.9732677246603766,0.5741375266827538,0.9366554016908076
ridge_own_flat12,3,R_Amur_River,82,2.391805273403861,0.6104585453451535,0.2791324068413805,0.3099918289817696,-0.40718826585701073
ridge_own_flat12,3,R_Colorado_River_Argentina,82,3.572703093568311,0.20812299229501188,0.4439696291493021,-0.22174212237071234,-0.09237368951114022
ridge_own_flat12,3,R_Colorado_River_of_the_West_North_America,82,2.3652424612155505,0.6291806414531096,0.7895458646789503,0.3508897671683884,0.5873519748475919
ridge_own_flat12,3,R_Columbia_River,82,2.618981336477584,0.30971226598904367,0.9765606471413493,-0.7353224495225801,0.9125798527206981
ridge_own_flat12,3,R_Congo_River,82,3.465613580866106,0.6598897008779652,0.8073887235681889,0.27827151741482203,0.5531587872793635
ridge_own_flat12,3,R_Danube_River,82,2.932678076753969,0.5246738613386267,0.905069869433472,0.0904829332180822,0.7729127873668465
ridge_own_flat12,3,R_Dnieper_River,82,3.8972339792743336,0.7584482548942328,0.8364270938101357,0.5744536171296128,0.6989044644801624
ridge_own_flat12,3,R_Don_River,82,3.6822096324154305,0.828063277029642,0.9076115286037881,0.6537593674210658,0.80578199946256
ridge_own_flat12,3,R_Ganges_Bramaputra_Basin,82,3.5470748825050546,0.47777166379125985,0.9554822437112085,-0.0143954663229513,0.883447724799248
ridge_own_flat12,3,R_Indus_River,82,4.303001436960855,0.49207657142887884,0.8443456196534602,-0.21461299142900714,0.5421268053889443
ridge_own_flat12,3,R_Lena_River,82,1.7531568938113231,0.4304585918652145,0.890256272312846,0.1345110876425777,0.787758184795423
ridge_own_flat12,3,R_Limpopo_River,82,5.413316482815556,0.7235810897004663,0.8411515719392821,0.31535422634672094,0.503039908354942
ridge_own_flat12,3,R_Mackenzie_River,82,2.772103094648165,0.9034965210029485,0.923423683070149,0.7564176155257151,0.8358411443013791
ridge_own_flat12,3,R_Magdalena_River,82,4.557607750053952,0.5529464250763261,0.8009167963797017,0.2920910437229578,0.5677044174090823
ridge_own_flat12,3,R_Mekong_River,82,4.605545790769309,0.7330929335928206,0.942795708402359,0.5075013069046896,0.8854605940955329
ridge_own_flat12,3,R_Mississippi_River,82,2.5367276288451555,0.877392951939568,0.9417448847498714,0.6649051227683185,0.8247054387102938
ridge_own_flat12,3,R_Murray_Darling_River,82,3.362795350835781,0.6739996976280619,0.6760323585350296,0.43922243748179257,0.43385595175127833
ridge_own_flat12,3,R_Niger_River,82,2.8133240286491894,0.3620939676619772,0.9592543540910625,-0.6119439602335908,0.853104814257802
ridge_own_flat12,3,R_Nile_River,82,3.552984420151785,0.3041636806431148,0.8475653437893895,-0.6537249974119868,0.5624401610855848
ridge_own_flat12,3,R_Ob_River,82,2.2822164610597127,0.7618581787255075,0.9194955181467701,0.5769232588154269,0.8452067033687202
ridge_own_flat12,3,R_Orange_River,82,2.8084142199734456,0.6182269059787446,0.6514199019220666,0.3175031097531408,0.36502885365387927
ridge_own_flat12,3,R_Orinoco_River,82,5.17477811971286,0.6531026458667131,0.9437754412423136,0.41725747331449525,0.8870259146633933
ridge_own_flat12,3,R_Parana_River,82,4.287596972989978,0.5941728102983965,0.8364324834550924,-0.039746501610304685,0.4101228794832342
ridge_own_flat12,3,R_Parnaiba_River,82,6.271210532842209,0.6506146252616107,0.9045856826375854,0.10097290276540793,0.7168590129120018
ridge_own_flat12,3,R_Rio_Grande_Rio_Bravo,82,3.636437974695663,0.14304770485453622,0.634630440828436,-0.5407840886546385,0.10274557642695181
ridge_own_flat12,3,R_Saint_Lawrence_River,82,3.991089206778809,0.87910145226568,0.846752979092529,0.7508992445696363,0.6898031210096696
ridge_own_flat12,3,R_Sao_Francisco_River,82,7.792678066736826,0.57520166875471,0.7696921252876124,0.16404222313025874,0.5022889051666171
ridge_own_flat12,3,R_Saskatchewan_Nelson_Rivers,82,3.1436923176123512,0.5189217781354561,0.8099771484618518,0.013259512242559723,0.5884934710720349
ridge_own_flat12,3,R_Senegal_River,82,2.551520211045052,0.4954003616736614,0.9275652370892717,0.16386447472592613,0.8408116148276248
ridge_own_flat12,3,R_Shebelli_Juba_Rivers,82,4.03852440090531,0.5845038977821763,0.6701369454151745,0.15972852630466505,0.31328434244419956
ridge_own_flat12,3,R_Tigris_Euphrates_River,82,3.3894814970864586,0.8377933998311916,0.8991239845183571,0.7014990473124556,0.8059847768244291
ridge_own_flat12,3,R_Tocantins_River,82,6.793396373057579,0.4767001414425817,0.9212953895594865,0.20678802926682105,0.8460558989182922
ridge_own_flat12,3,R_Volga_River,82,2.760781540586303,0.5513292871247072,0.9214957788502831,0.26628484583535816,0.8392962557563528
ridge_own_flat12,3,R_Volta_River,82,2.9195673965961375,0.45159315055893956,0.94542597687011,0.17422441310809467,0.8852294992338436
ridge_own_flat12,3,R_Yangtze_River,82,3.627785531260922,0.45960877886836704,0.6224593509584608,0.11415069478139828,0.3299114988020524
ridge_own_flat12,3,R_Yellow_River_Huang_He,82,2.1485792203544367,0.34145903967281405,0.5377797245737747,0.07806310129567517,0.2591738781359464
ridge_own_flat12,3,R_Yenisey_River,82,1.6704270800429617,0.13809730470862974,0.9213069338811659,-0.3813196239384802,0.8137234761156347
ridge_own_flat12,3,R_Yukon_River,82,2.1137733116284516,0.3882242493715753,0.9408160968775596,-0.2946156627993346,0.8221093437181777
ridge_own_flat12,3,R_Zambezi_River,82,4.360341696939609,0.7358475218113018,0.9358026520961885,0.5152273976277036,0.8689969470962322
ridge_own_flat12,4,C_Aleutians_South_Alaska_Coast,81,5.030075000757091,0.7625440384450611,0.9495106091020852,0.5716543400377974,0.891764407162991
ridge_own_flat12,4,C_Amazon_River_Delta,81,7.860343549075708,0.627930066646768,0.9327706155076637,0.35500401282803495,0.856598732111358
ridge_own_flat12,4,C_Angola_Coast,81,4.056719701516421,0.6877382490586943,0.8618589754596808,0.42357475192036353,0.7198948741266482
ridge_own_flat12,4,C_Balkan_Peninsula_and_Adriatic_Coast,81,2.950329466570905,0.2115662176315181,0.939075002730423,-0.11435409941611163,0.8684175315149996
ridge_own_flat12,4,C_Banks_Island,81,8.325035409236738,-0.003432322239382779,0.40542310231605083,-0.08023383148524776,0.10891930796905458
ridge_own_flat12,4,C_Beaufort_Sea_Coast,81,2.0530038435420295,-0.1490568412082396,0.8891459629412761,-0.10526659197799737,0.7901185815319698
ridge_own_flat12,4,C_Bight_of_Benin_Coast,81,4.859393913699225,0.5538734723192333,0.9091449545430986,0.3063487881676459,0.8259741354073424
ridge_own_flat12,4,C_Bismark_Sea_Islands,81,3.3178662649181585,0.5623074230638175,0.4100121388078883,0.18541427956898393,0.017511684445793985
ridge_own_flat12,4,C_Borneo,81,4.251909608008184,0.3575897571180247,0.34190996446152044,0.06636716929836817,-0.16526743429783441
ridge_own_flat12,4,C_Buor_Khaya_Gulf_Coast,81,4.3360109232651345,0.13190787211776825,0.7285217551417446,-0.021895994108188876,0.5195012325152735
ridge_own_flat12,4,C_California_and_Baja_California,81,3.364030836861915,0.6654354904354466,0.8344498704025757,0.43823668568913643,0.6940693202909136
ridge_own_flat12,4,C_Canadian_South_Arctic_Ocean_Coast,81,1.997101814792271,0.06766529322007313,0.8170217706680493,-0.2722793228424494,0.6031313395071874
ridge_own_flat12,4,C_Capim_River_Delta,81,10.11488017642837,0.4532535948487169,0.9006831374903176,0.1453886080271264,0.7880306274520208
ridge_own_flat12,4,C_Carribean_Coast,81,3.8033184417158044,0.6590926589513878,0.90786889193944,0.42902831513054884,0.8137536534864626
ridge_own_flat12,4,C_Central_America_Gulf_of_Mexico_Caribbean_Coast,81,3.46517673123451,0.5726742208916579,0.9045631926722951,0.24049373997049228,0.799233865551247
ridge_own_flat12,4,C_Central_American_Pacific_Coast,81,3.323933200262823,0.23324240732482504,0.8952718457869384,-0.5753511347730229,0.672209490137105
ridge_own_flat12,4,C_Chao_Phraya_River_Gulf_of_Thailand_Coast,81,6.460106992735231,0.5573785252873515,0.9050199068621892,0.23954633182958507,0.7927231206704255
ridge_own_flat12,4,C_Chukchi_Peninsula,81,4.587079005574127,0.18732116782306968,0.7725986682668551,0.03041706019613777,0.594848642331217
ridge_own_flat12,4,C_Churchill_Seal_Rivers,81,3.396061186839659,0.7363779975636865,0.8291632823537305,0.49540463498496523,0.6415649807865136
ridge_own_flat12,4,C_Columbia_Ecuador_Pacific_Coast,81,1.9841765665490607,0.20849456847778555,0.7085270783050736,0.04166454744000614,0.5019083012716475
ridge_own_flat12,4,C_Crimea_West_Azov_Sea_Coast,81,7.44218549854779,0.4500875268415342,0.6938217828212694,0.18979687076169116,0.46149049079294524
ridge_own_flat12,4,C_Cuba,81,2.575239944109072,0.22156911759161865,0.7949200898335138,-0.05835396733887044,0.5674519566508419
ridge_own_flat12,4,C_Deccan_Plateau_East_Indian_Subcontinent_Coast,81,4.664901039702193,0.4222491824734518,0.9544862478507888,-0.2774501667288407,0.8664419792571162
ridge_own_flat12,4,C_Denmark_Germany_Coast,81,7.688710005679301,0.19130421552809673,0.40867230818691325,0.024697705110147905,0.15992916637782006
ridge_own_flat12,4,C_East_Australia_Coast,81,3.1754031812754087,0.48452705367346904,0.4313581837376198,0.19604378897164876,0.10029114672066863
ridge_own_flat12,4,C_East_Azov_Sea_Northeast_Black_Sea_Coast,81,9.369646841279472,0.47524742357766614,0.6347577020997973,0.22507579692018342,0.39478360659825396
ridge_own_flat12,4,C_East_Barents_Sea_Coast,81,3.354828077346481,0.5014787240129019,0.9063626311898532,0.14509553080365212,0.7957432714650752
ridge_own_flat12,4,C_East_Beaufort_Sea_Amundsen_Gulf_Coast,81,2.731003684363842,0.3463517021219751,0.7582141920758108,0.10355410669792087,0.5535305726866597
ridge_own_flat12,4,C_East_Brazil_South_Atlantic_Coast,81,4.441898288762873,0.42747981524399664,0.8336850378975414,-0.20402739493605737,0.5523716478767786
ridge_own_flat12,4,C_East_Caspian_Sea_Coast,81,2.846800902850793,0.6590894174608961,0.897946867388427,0.3232086873985395,0.7581458675633508
ridge_own_flat12,4,C_East_Central_Africa_Coast,81,5.849725855276413,0.33837279132019454,0.8957267171170467,-0.7117046313474913,0.6129387797098577
ridge_own_flat12,4,C_East_China_Coast,81,5.523248287830536,0.36221998110246656,0.7198790604521443,-0.05033834564889417,0.39481982511309455
ridge_own_flat12,4,C_East_Hudson_Bay_Coast,81,3.4407996054141394,0.30730259524264464,0.6873327679554653,-0.07612631731718422,0.38737023896702816
ridge_own_flat12,4,C_East_Mediterranean_Coast,81,4.124376496041359,0.27272357953568094,0.853686773956918,-0.18539418212730308,0.6778599738880597
ridge_own_flat12,4,C_East_Mississippi_Delta,81,5.595746710233906,0.4777337632912935,0.8215403586957438,0.19300310755331795,0.6443661533089974
ridge_own_flat12,4,C_East_Nile_Delta,81,2.776370973584287,0.14911187936822654,0.4942641477447751,-0.4205148458821335,-0.08450194965577862
ridge_own_flat12,4,C_East_Ob_Bay_Coast,81,3.4567369025472092,0.3867274074862994,0.8974891287432207,0.1005100696301654,0.778555809194503
ridge_own_flat12,4,C_East_Red_Sea_North_Gulf_of_Aden_Coast,81,1.7494544779845362,0.25495661890029647,0.5935834955105083,-0.014717557793272995,0.2834738860231031
ridge_own_flat12,4,C_East_Timor_Islands,81,3.190220645864881,0.5064865961100262,0.5645091225517271,0.16136426666738934,0.2780102824105679
ridge_own_flat12,4,C_Ellef_Ringnes_Bathurst_Devon_Islands,81,3.347678532581499,0.30637876278649606,0.6305906078566085,-0.1665554055672298,0.17511484756936158
ridge_own_flat12,4,C_Ellesmere_Island,81,5.372652544254107,0.7122009595044894,0.9608445960590914,0.32142465245445595,0.8806468644924692
ridge_own_flat12,4,C_Great_Britain,81,3.375253804346976,-0.12383513137407084,0.5067342009439723,-0.27192520173128143,0.1023996515706792
ridge_own_flat12,4,C_Greater_Dniester_Basin,81,4.773911562216236,0.2865241460421573,0.81233068876263,-0.34072772175369637,0.5354781304928289
ridge_own_flat12,4,C_Gulf_of_Darien_Coast,81,3.9753593150571547,0.3938256152074726,0.8376475730175391,0.13099176368504484,0.6641374044584207
ridge_own_flat12,4,C_Gulf_of_Guinea_Coast,81,3.8315631240933032,0.5665221165458524,0.7512958876743875,0.2816299625926525,0.5545785140606837
ridge_own_flat12,4,C_Gydan_Bay_Coast,81,4.593467071501428,0.0803693615770639,0.8476467282625215,-0.08206335066073445,0.7040931383564164
ridge_own_flat12,4,C_Hainan,81,5.42145577771173,0.04780121148044199,0.7831763718826973,-0.037948645050731145,0.610318116651254
ridge_own_flat12,4,C_Halmahera_Islands,81,3.217412481300395,0.1781040521946734,0.23660768436463672,-0.019052053774149202,-0.0161115875974025
ridge_own_flat12,4,C_Hispaniola,81,2.1651341779389175,-0.14914155550976646,0.5398621749621711,-0.28333578412983096,0.10465227426900847
ridge_own_flat12,4,C_Hokkaido,81,4.003082820508619,0.19257625044882543,0.6742820187233579,0.015567896641593526,0.4405614941473702
ridge_own_flat12,4,C_Hub_Porali_Basin,81,4.456973397222439,0.3223168955206549,0.5379453132326474,-0.1232521995829039,0.11253933110499625
ridge_own_flat12,4,C_Iberian_Atlantic_Coast,81,3.6566909296763948,0.280126474031494,0.8406165568292794,0.06443898126498304,0.6904587926027295
ridge_own_flat12,4,C_Iceland,81,10.520275512272402,0.25413924109556923,0.8155899231893337,0.004529149117082687,0.6640885035730593
ridge_own_flat12,4,C_India_West_Coast,81,5.096072290691131,-0.007119125018047368,0.944873933800744,-0.829422618735286,0.8416706150661384
ridge_own_flat12,4,C_Indian_Ocean_Africa_Coast,81,5.150256993529022,0.4500961251432961,0.7757497039242118,0.013628023899651343,0.4962990872366857
ridge_own_flat12,4,C_Ireland,81,2.3807801088436933,-0.18119558823991455,0.6037090218217692,-0.09688055908282256,0.2956379343185175
ridge_own_flat12,4,C_Irrawaddy_Sittang_Salween_Basin,81,3.924340537168407,0.5306265596260362,0.9546065939964883,0.230674453249072,0.909483399513338
ridge_own_flat12,4,C_Jamaica,81,2.972435459464613,0.13326802358784848,0.19466258800146208,0.007528800402125779,0.017443359691156624
ridge_own_flat12,4,C_Japan,81,3.9398644178238604,0.18018237112953522,0.4034374543070153,-0.3203512992712041,-0.5212794515126185
ridge_own_flat12,4,C_Java,81,3.544694650003698,0.535444654157538,0.6947305075766302,0.20328980242864925,0.47510109375560783
ridge_own_flat12,4,C_Kamchatka_Peninsula,81,3.22653366787822,0.3957254161906773,0.9440158859081499,0.11977913350834257,0.8842524634703602
ridge_own_flat12,4,C_La_Plata_Delta,81,6.429556050012098,0.5622662900743831,0.5579833569195893,0.26791366696328567,0.2507640197139023
ridge_own_flat12,4,C_Labrador_Sea_Coast,81,3.8457313698901388,0.5876587008041148,0.8503148050459053,0.25899181454991926,0.6794550790754206
ridge_own_flat12,4,C_Madagascar,81,4.054704312912764,0.3886134966710604,0.8788877951765898,0.09909356191461505,0.7627097624430126
ridge_own_flat12,4,C_Malaysian_Peninsula_Coast,81,4.553899889393257,0.43500678373975793,0.6907549809945656,0.13541971768178096,0.4160549944276455
ridge_own_flat12,4,C_Maluku,81,4.076197032242486,0.22159360294101538,0.2357532572627697,0.04585262267027079,0.016486616637991114
ridge_own_flat12,4,C_Melville_Prince_Patrick_Islands,81,7.228674053569209,0.6745574811611078,0.8369459652386267,0.2873279785476709,0.5996129815679864
ridge_own_flat12,4,C_Namibia_Coast,81,2.4903813994001305,0.24226342003577328,0.2788323649910208,-0.18289507477647438,-0.16608617447557594
ridge_own_flat12,4,C_Neva_River_Finland_Coast,81,3.002441807231901,0.3316483234132142,0.8142891363585536,-0.05612306052358207,0.6049372201148762
ridge_own_flat12,4,C_New_Brunswick_and_Nova_Scotia_Coast,81,5.143070215447983,0.07132574094697308,0.7953805571407548,-0.19888202639086483,0.5429261595436015
ridge_own_flat12,4,C_New_Siberian_Islands,81,50.765615620169946,-0.14578935983237565,0.1864907758436698,-0.06977778963358827,0.001817734068160104
ridge_own_flat12,4,C_New_Zealand_North_Island,81,2.3877984814555124,0.17862078965209807,0.7566519914088714,-0.07644559105472037,0.5214200609377238
ridge_own_flat12,4,C_New_Zealand_South_Island,81,2.601139099320788,-0.24166739372921658,0.68891908938279,-0.091131562852794,0.4639363462091137
ridge_own_flat12,4,C_Nigerian_Delta,81,5.844850031302058,0.2162079464764059,0.9432808342934283,0.039170538148848744,0.8804658611398751
ridge_own_flat12,4,C_North_Argentina_South_Atlantic_Coast,81,4.426936553960502,0.5993305347273938,0.5995368071438208,0.3167591692968318,0.2732586789208419
ridge_own_flat12,4,C_North_Australia_Coast,81,5.18687903894059,0.7134829721662962,0.899830833929615,0.3977186893978071,0.7734235400541234
ridge_own_flat12,4,C_North_Baffin_Island_Coast,81,5.352004578547051,0.7355294784430689,0.8635202567748814,0.43117165805498403,0.6253300037266083
ridge_own_flat12,4,C_North_Brazil_South_Atlantic_Coast,81,9.874588487426651,0.37339482156215437,0.9042094963844588,-0.16022003925930495,0.7672167256589584
ridge_own_flat12,4,C_North_Caspian_Sea_Coast,81,2.652540617322366,0.42732329577121886,0.8047466340193805,0.13870390736119786,0.590790288391255
ridge_own_flat12,4,C_North_Chile_South_Pacific_Coast,81,2.8604026126297017,0.47604073894507704,0.7839704538717517,0.2005586525100097,0.610491683939272
ridge_own_flat12,4,C_North_East_Bay_of_Bengal_Coast,81,3.367029081988268,0.43838549763689805,0.9801094136667273,0.11525270159105283,0.9594014262175621
ridge_own_flat12,4,C_North_East_Siberian_Sea_Coast,81,1.8081029063880625,0.5736800076040924,0.8628064684222815,0.3167423193533463,0.7272491778850787
ridge_own_flat12,4,C_North_Gulf_of_Oman_Coast,81,3.6719241868075625,0.4975041156916644,0.6995059402932818,0.2225334398912856,0.46652611916480613
ridge_own_flat12,4,C_North_Korea_Bay_Korean_Peninsula,81,3.4206053689415503,0.5737850095969858,0.6966418636017615,-0.14658352402408248,0.1005097904120803
ridge_own_flat12,4,C_North_Siberia_Coast,81,1.8301025542098945,0.3128892894748416,0.9244614811561188,0.058828516840981115,0.8501015792279434
ridge_own_flat12,4,C_North_St_Lawrence_Seaway_Coast,81,4.2225397921983,0.2223876890884075,0.8104159869211105,-0.7170823148080387,0.3420277289301584
ridge_own_flat12,4,C_North_Vietnam_South_China_Coast,81,5.051387660909994,0.20672613820177826,0.6802877031921349,-0.25906482762931016,0.3677499634136536
ridge_own_flat12,4,C_North_West_Africa_Coast,81,1.5733045268400665,-0.191333353209206,0.3365450563764721,-0.5373862032578616,-0.5538825169964428
ridge_own_flat12,4,C_Northeast_South_America_Coast,81,9.666171421299767,0.7768699624173008,0.782082415814836,0.5695834056118462,0.6071180506236313
ridge_own_flat12,4,C_Northwest_Hudson_Bay_Coast,81,2.8373774321329632,0.6225625645145085,0.7807001336164656,0.30629250782470774,0.5872879341883817
ridge_own_flat12,4,C_Northwest_Mediterranean_Coast,81,3.1341489803571307,0.5546479773436196,0.828937320488594,0.16500500003635776,0.6395180712665762
ridge_own_flat12,4,C_Norway_Coast,81,3.8964788176061718,0.18928132287440758,0.8124667547831097,-0.01421872948439673,0.627032503967244
ridge_own_flat12,4,C_Novaya_Zemlya,81,21.4283839893216,0.4527667291510099,0.9360636999644938,-0.22060860907715285,0.8167325400261632
ridge_own_flat12,4,C_Nusa_Tenggara,81,3.4074281332404035,0.482886800982621,0.44078931949015066,0.10937605759598457,0.16296020959501267
ridge_own_flat12,4,C_Olenyok_Delta,81,9.352002898313993,0.19891320066796161,0.42548363260136857,0.0014267370864283757,0.14846616018282965
ridge_own_flat12,4,C_Oregon_Coast,81,3.338234627780501,0.09574596532212155,0.9276932667192753,-0.24351872048187828,0.8170543689568199
ridge_own_flat12,4,C_Papua_New_Guinea_Island,81,2.4806137697631274,0.251882954673647,0.4843277765223034,0.025886740647500406,0.14065879273467463
ridge_own_flat12,4,C_Patagonia,81,3.926595624764528,0.23762412368905708,0.5935794619080238,0.022868787824135373,0.2911716996062327
ridge_own_flat12,4,C_Peru_Pacific_Coast,81,1.5683653150851995,0.14597987605022228,0.867897415451773,-0.02163701178883959,0.7373652843368377
ridge_own_flat12,4,C_Philippines,81,3.2327805834721177,0.4847211873247316,0.5851573177710535,0.21552282801965206,0.3349121094300237
ridge_own_flat12,4,C_Po_River_and_East_Italy_Coast,81,3.8961998062983376,0.5568545697175269,0.8464415422878081,0.13127164021606696,0.6590835590286963
ridge_own_flat12,4,C_Prince_of_Wales_Island,81,3.5470272355241392,0.020963282518446272,0.33420983023582146,-0.1847670278471336,-0.042744420794915916
ridge_own_flat12,4,C_Puerto_Rico,81,2.0146927348712254,-0.0899938172529859,0.5354046085887232,-0.1358493507566283,0.2298091490124734
ridge_own_flat12,4,C_Sakhalin_Island,81,8.943997751472914,-0.11466618230763737,0.16188493318399252,-0.13902694400927884,-0.25517953671862403
ridge_own_flat12,4,C_Sardinia_and_Corsica,81,8.776388382834744,0.2293356996015442,0.4215348845957153,0.018728889961563522,0.13185869500002967
ridge_own_flat12,4,C_Severnaya_Zemlya,81,29.79735581361759,0.3961714168227245,0.853929849391984,-0.4982620967184215,0.56787414302168
ridge_own_flat12,4,C_Seward_Peninsula_Alaskan_North_Slope,81,2.5224241799451232,0.577926617953339,0.799979138899453,0.22127135750023486,0.5922062962282524
ridge_own_flat12,4,C_Shelikhov_Gulf_Sea_of_Okhotsk_Coast,81,5.125861327174403,0.2553383811672845,0.8153173902964954,-0.09094431355095534,0.5756126350168445
ridge_own_flat12,4,C_Sicily,81,4.678185014410553,-0.16114845603175165,0.07824378197874811,-0.08671377404473923,-0.1414652386811308
ridge_own_flat12,4,C_Solomon_Islands,81,8.291510877244326,0.3932997121762276,0.33630470082247377,0.1420501675085034,0.029318881658463747
ridge_own_flat12,4,C_Somerset_Island,81,3.6249693595770793,-0.00304970538404843,0.6380113875746223,-0.36149670641559517,0.27787383028927193
ridge_own_flat12,4,C_South_Africa_South_Coast,81,2.2816227215037705,0.680560409485965,0.7558995734928919,0.32217668576274583,0.45919652601001215
ridge_own_flat12,4,C_South_Africa_West_Coast,81,1.9296455127594263,0.3384679928436652,0.611976317095378,0.05854998895679164,0.3199346861389224
ridge_own_flat12,4,C_South_Alaska_Coast_Frazer_River,81,7.195163971527642,0.5397299334160254,0.9370738619110683,0.11273921734319792,0.8572912356155783
ridge_own_flat12,4,C_South_Amapa_Coast,81,8.842552327533326,0.6941553445898183,0.9117273626329123,0.3365285914503833,0.826005347758731
ridge_own_flat12,4,C_South_Australia_Coast,81,1.2180202484557507,0.4860957908332824,0.8156019007251283,0.21879151256863438,0.6573046645798291
ridge_own_flat12,4,C_South_Baffin_Island_Coast,81,4.668847267663962,0.44684689658674254,0.7244232159336063,0.0033880724280208607,0.37858286976299294
ridge_own_flat12,4,C_South_Baltic_Coast,81,3.213048147146833,0.16066215933927586,0.748385447715165,-0.12638898877168647,0.5540722735373445
ridge_own_flat12,4,C_South_Black_Sea_Coast,81,6.049378762441813,0.23936282717878085,0.7669872078584237,-0.11652344423751604,0.5359859616725822
ridge_own_flat12,4,C_South_Chile_South_Pacific_Coast,81,7.57480290827668,0.1668180893767506,0.9428357039977313,-1.718995975655932,0.73246756553764
ridge_own_flat12,4,C_South_East_Brazil_Coast,81,6.4297915663813745,0.46171051150733927,0.7106445792930514,-0.10150427458640787,0.3048099373940719
ridge_own_flat12,4,C_South_East_Russia_Coast,81,3.05442441277827,0.1983922364206951,0.09543621906953327,-0.09168127359942657,-0.55038793778318
ridge_own_flat12,4,C_South_Gulf_of_Aden_Coast,81,2.5997239238820655,0.5516817787902888,0.3125727632270538,0.21359697729704374,0.0860764923464189
ridge_own_flat12,4,C_South_Gulf_of_Oman_West_Arabian_Sea_Coast,81,1.9384484620844644,0.2949284142184367,0.4986017709197273,-0.2844020460868384,-0.04386891573827634
ridge_own_flat12,4,C_South_Hudson_Strait_Ungava_Bay_Coast,81,4.04521188565182,0.22907849592375587,0.8177666442610166,-0.23094678257219736,0.5579120394764745
ridge_own_flat12,4,C_South_Mediterranean_Coast,81,1.472485699547145,-0.24686053450274648,0.2719359549704892,-0.20504621063704365,-0.09322579501653072
ridge_own_flat12,4,C_South_Zambezia_Coast,81,4.305715159544265,0.24519331808837466,0.8514883773594786,-0.10900379138163818,0.6738469843601458
ridge_own_flat12,4,C_Southhampton_Coats_Islands,81,3.735161376342009,0.381000581163974,0.6105283733185998,0.09743801101160043,0.34222051515611596
ridge_own_flat12,4,C_Southwest_Hudson_Bay_Coast,81,2.589049864351434,0.33958152273746284,0.8601790008713868,0.07803760656717096,0.7071988538549621
ridge_own_flat12,4,C_Southwest_Mediterranean_Coast,81,2.4390140850680853,0.09972221859575625,0.6708205908092041,-0.27769399279698104,0.10109944385301295
ridge_own_flat12,4,C_Sri_Lanka,81,2.1004692801088787,0.21068896229508766,0.9134994021403787,-0.4753005066566893,0.748044627574815
ridge_own_flat12,4,C_Sulawesi,81,3.1795949588432952,0.3720048917020323,0.39674193198085617,0.11559145204398846,0.05076074947349085
ridge_own_flat12,4,C_Sumatra,81,3.546165588618835,0.21407058370903956,0.5484687918765386,-0.22003330874689997,-0.004727026031945636
ridge_own_flat12,4,C_Svalbard,81,25.136944686434465,0.6997955161923944,0.9720928428768649,0.16225203273015554,0.9131188608146688
ridge_own_flat12,4,C_Sweden_Coast,81,3.765888129632026,0.05078823089426185,0.7307553005830542,-0.06139323168274191,0.5325547849699211
ridge_own_flat12,4,C_Taiwan,81,2.08478416279765,0.26075316880982374,0.6562166798328135,0.029953925086432465,0.4077434394893571
ridge_own_flat12,4,C_Tasmania,81,2.8469919009304627,0.36144042479310307,0.7617966373256426,0.08351160261760338,0.5656229302842595
ridge_own_flat12,4,C_Texas_Gulf_Coast,81,4.512176384907157,0.32431215074095937,0.5813277787122743,-0.08109803351536748,0.28163018350868196
ridge_own_flat12,4,C_Thar_Desert_Sabarmati_River_Gulf_of_Cambay_Luni_Delta,81,5.3661855947122445,0.581460399866092,0.7112070426146635,0.3317756058211798,0.501716359396144
ridge_own_flat12,4,C_US_East_Gulf_of_Mexico_North_Atlantic_Coast,81,4.668990168857182,0.6044102165104867,0.6059352958675475,0.3634930182760766,0.3308054600159852
ridge_own_flat12,4,C_US_North_Atlantic_Coast,81,3.0395285157294945,0.28373989970299995,0.8354457848334346,0.01122762076191719,0.675884221724831
ridge_own_flat12,4,C_Uda_Basin,81,3.5476740574920997,0.19174176202639914,0.5452019768666144,0.032923979043617435,0.24151694488384823
ridge_own_flat12,4,C_Uruguay_South_Brazil_Coast,81,5.968198057405803,0.3465548077177111,0.4495473028372837,-0.028504427384173914,0.11585583373398989
ridge_own_flat12,4,C_Victoria_Island,81,3.1247030306959727,-0.19688981604466957,0.6241474935267064,-0.4373590766444484,0.3279128569809133
ridge_own_flat12,4,C_Vietnam_Coast,81,3.842854581246742,0.5409816212495777,0.9608901171596121,0.21593229909477785,0.9134933039001573
ridge_own_flat12,4,C_West_Africa_Coast,81,2.3646890265363747,0.2625774477313787,0.9810949361101869,-0.0013615318830262346,0.9547661725691058
ridge_own_flat12,4,C_West_Australia_Coast,81,2.1193823936691616,0.12602814800391526,0.42890453296749237,-0.25118207362427203,-0.006956722314507502
ridge_own_flat12,4,C_West_Barents_Sea_Coast,81,3.3946790898502264,0.012527351410566793,0.856001944894706,-0.04448061014053284,0.6998073339599987
ridge_own_flat12,4,C_West_Black_Sea_Coast,81,6.106995997148217,0.25032034070176806,0.7445485413940466,-0.01846075535176306,0.5288453286577833
ridge_own_flat12,4,C_West_Caspian_Sea_Coast,81,4.003149850845311,0.4181578301903031,0.8464904638050508,0.14149385327644326,0.6770391693699955
ridge_own_flat12,4,C_West_Continental_Europe,81,3.0295511236734383,0.5954144713814006,0.8486845706601036,0.33715190736302403,0.7061016819122188
ridge_own_flat12,4,C_West_Italy_Coast,81,2.986295250482126,-0.16272415341357802,0.8550796511558892,-0.3465802517548102,0.7004210473347243
ridge_own_flat12,4,C_West_Mississippi_Delta,81,5.610784357900422,0.4366344307653075,0.7896896747110913,0.15879625415962595,0.6001140023486711
ridge_own_flat12,4,C_West_Nile_Delta,81,2.268285878337928,0.0916631371407499,0.46987230082069953,-0.44078281163274946,-0.12213999750247417
ridge_own_flat12,4,C_West_Red_Sea_Coast,81,2.238489048601423,0.34173519520712864,0.5915030672943735,0.058570670503900524,0.2580152430479662
ridge_own_flat12,4,C_Yamal_Peninsula,81,3.890867974500625,0.034295583207771284,0.8107419333314209,-0.1413963111115708,0.6162143130142423
ridge_own_flat12,4,C_Yellow_Sea_Coast,81,4.705892599597925,0.7737929488001267,0.739109436919961,0.29986248443960795,0.3186320755722689
ridge_own_flat12,4,C_Yenisey_Gulf_Coast,81,4.0898791432092585,0.09229629634678752,0.85917473414378,-0.0016268987968830473,0.737548826865375
ridge_own_flat12,4,C_Ziya_He_Interior_Coast,81,6.159682530103706,0.785682505847153,0.7991981464653332,0.3396490833705542,0.3733965478709572
ridge_own_flat12,4,E_Altai_Mountains,81,1.3913184417485436,0.20665939564174712,0.2579258770919042,-0.050799799402476475,-0.0855704710002565
ridge_own_flat12,4,E_Amu_Darya,81,3.2886861623484958,0.3807247236848753,0.8996867564056595,-0.3058217010582387,0.6714519175158051
ridge_own_flat12,4,E_Australia_Northwest_Plateau,81,5.061818589167403,0.68789411846211,0.7820111784622532,0.35481898077884877,0.5108400538190152
ridge_own_flat12,4,E_Badain_Jaran_Desert,81,1.201150781231715,0.21596326634499938,0.5231982017315865,0.029711138742681276,0.26146064375444034
ridge_own_flat12,4,E_Central_Iran,81,3.077698402345827,0.5106244902207249,0.8216417154973544,0.22165360195908124,0.6574284140279647
ridge_own_flat12,4,E_Central_Mongolia,81,2.519468040307989,0.27801493861231763,0.33173731218907626,-0.052900675959424825,-0.03637647908248076
ridge_own_flat12,4,E_Dayan_Khyargas_Uvs_Nuur_Basins,81,1.6696339604934145,0.42091047734318066,0.5366002830369244,0.15473848195530582,0.25707116271231045
ridge_own_flat12,4,E_East_Gobi_Desert,81,2.0846139418858725,0.5496405636341192,0.48870094685174953,0.12574651968916783,0.06469852155164701
ridge_own_flat12,4,E_Egyptian_Western_Desert,81,1.620001671366043,0.23995894876065868,0.47897209363148213,-0.3300132543596068,-0.2381908885043873
ridge_own_flat12,4,E_Farahrud_Helmand_Hamun_i_Mashkel,81,3.1405601628998188,0.269396779394466,0.7427959240678484,-0.1528695330282699,0.4583979260047426
ridge_own_flat12,4,E_Great_Basin_Great_Salt_Lake,81,3.838586202005213,0.7034878114102218,0.8112508308636254,0.4808437235189438,0.6331653606614562
ridge_own_flat12,4,E_Great_Victoria_Desert,81,1.7823670767967956,0.3790686634080556,0.2674387344853243,0.08950195293152496,-0.10869748531852874
ridge_own_flat12,4,E_Jordan_Northwest_Saudi_Arabia,81,3.334267441600963,0.19271620920594962,0.7288318225279415,-0.13478344689293187,0.43705171166627077
ridge_own_flat12,4,E_Junggar_Pendi,81,2.6032861837161407,0.4834034230308705,0.8018563487924467,-0.12476265144408516,0.4271360572779723
ridge_own_flat12,4,E_La_Puna_Altiplano,81,2.201467041972576,0.3981038154502283,0.7691992093245701,0.032825090661249834,0.5259300894060599
ridge_own_flat12,4,E_Lake_Eyre_Basin,81,2.600251202553115,0.6920264750846389,0.6339316453770045,0.45469452501887353,0.38038172108829615
ridge_own_flat12,4,E_Lake_Rukwa_Basin,81,11.988963879289988,0.5473713321586384,0.8533207790585737,-0.104757658596355,0.5859637013805379
ridge_own_flat12,4,E_Lakes_Balkash_Alakol,81,2.320437932481465,0.5003837965787272,0.8707588322110705,0.04572818006961288,0.7115152524715493
ridge_own_flat12,4,E_Libyian_Desert,81,1.0392736641727158,0.060644139965612305,0.5469834745239159,-0.028202793930394376,0.2865301299264993
ridge_own_flat12,4,E_Lower_Lake_Chad,81,6.510664560338258,0.48352664270847634,0.9181359729460216,-0.874378939498643,0.6977621389135598
ridge_own_flat12,4,E_North_Central_Arabia,81,2.217354897033987,-0.06084118505163356,0.6437910781275641,-0.1273157419199873,0.40262620732019905
ridge_own_flat12,4,E_North_Plateau_of_Tibet,81,2.9291776418920596,0.3893352573378975,0.33214676559937584,0.05618538517408744,-0.05095215907504902
ridge_own_flat12,4,E_Northern_Kordofan,81,2.8017339097766856,0.3709566935593822,0.5884963637251378,-0.07117596755457445,0.184061773642342
ridge_own_flat12,4,E_Plateau_of_Tibet,81,1.8121299441498107,0.3559182064448074,0.6299466689213824,0.06990079752878475,0.366044185130193
ridge_own_flat12,4,E_Qinghai_Lake,81,2.14015352088243,0.7294008267760697,0.426796634705087,0.5107562318208874,0.014363613564399746
ridge_own_flat12,4,E_Rift_Valley,81,5.679361456583611,0.40130760187681025,0.48235089097568024,-0.2902554479146995,-0.9251507772878973
ridge_own_flat12,4,E_Rub_al_Khali_Desert,81,1.5428102947768694,0.07129286801681196,0.4540276377830269,-0.04960738640445439,0.16501769281561485
ridge_own_flat12,4,E_Sahara,81,0.7941432234447323,-0.0429267276079681,0.24566918256225642,-0.0688671244021819,-0.03279989082064305
ridge_own_flat12,4,E_Saharan_and_Algerian_Atlas,81,1.8123855034986234,0.013681392274928384,0.8566522193692881,-1.1073988068332703,0.3890312894129423
ridge_own_flat12,4,E_Salinas_Grande_Mar_Chiquita,81,2.7436563059956414,0.7742604357082683,0.8120652083773326,0.4848813204275738,0.5275738248071579
ridge_own_flat12,4,E_South_Interior_Africa,81,4.121482369018981,0.6599698263357456,0.7980117738282599,0.38065392066614345,0.6133596375670669
ridge_own_flat12,4,E_Syr_Darya,81,2.009463706188945,0.5054643104522627,0.883466475738018,0.16651297195611825,0.7595786581619379
ridge_own_flat12,4,E_Tarim_He_Lop_Nur,81,1.3146453058314458,0.5009649873724497,0.8079494726253801,0.09091733808964064,0.5663038283600015
ridge_own_flat12,4,E_Turpan_Pendi,81,2.712700602074398,0.25190246066342825,0.7355749497057665,-0.3999246492853712,0.33137034700245527
ridge_own_flat12,4,E_Upper_Lake_Chad,81,2.203571863217661,0.43828174940457726,0.6989631661182456,-0.2745595304641908,0.20521122753957688
ridge_own_flat12,4,R_Amazon_River,81,4.600104403756553,0.7089926478978795,0.9666908786724692,0.4529717491750379,0.9185179928337447
ridge_own_flat12,4,R_Amur_River,81,2.5305000132467486,0.5656110750745433,0.22064469337211237,0.2384465287157712,-0.5570827448333955
ridge_own_flat12,4,R_Colorado_River_Argentina,81,3.844708317284681,0.09709548876268863,0.35507808056986045,-0.3833001509843481,-0.30647109095428005
ridge_own_flat12,4,R_Colorado_River_of_the_West_North_America,81,2.5565940474427147,0.5542235858408902,0.7564890158230071,0.24692223992029927,0.5233843910574454
ridge_own_flat12,4,R_Columbia_River,81,2.8365992118059444,0.3157419517211386,0.9777565967745079,-1.128656059876405,0.8977094742035526
ridge_own_flat12,4,R_Congo_River,81,3.7895177670791114,0.6062806529699695,0.763560863664958,0.16132877961493586,0.43545684973195786
ridge_own_flat12,4,R_Danube_River,81,3.1199090257742967,0.4475686796427946,0.8971373243488352,-0.06743425621612098,0.7433367115790996
ridge_own_flat12,4,R_Dnieper_River,81,4.297105001123586,0.7005807614757298,0.7951104875066194,0.4897343443551273,0.6313178028489472
ridge_own_flat12,4,R_Don_River,81,4.002837715412418,0.8000286682752822,0.8897020624676406,0.5991618330227526,0.768135501069532
ridge_own_flat12,4,R_Ganges_Bramaputra_Basin,81,3.920190249201459,0.32835968630635365,0.9462270074302804,-0.2620814796748996,0.8543311866946907
ridge_own_flat12,4,R_Indus_River,81,4.787907513570763,0.4150147762652918,0.8231248069117093,-0.4611199474503582,0.43323906110878596
ridge_own_flat12,4,R_Lena_River,81,1.8639343842318827,0.33987503830279375,0.8733065656013319,0.036633902067897295,0.7561027740352216
ridge_own_flat12,4,R_Limpopo_River,81,6.0501855301068455,0.6414263895406288,0.8090900989445278,0.13601612881379965,0.37259045998462315
ridge_own_flat12,4,R_Mackenzie_River,81,3.2717732451984034,0.8601325022786078,0.8908903361006992,0.669201478462528,0.7740286460485624
ridge_own_flat12,4,R_Magdalena_River,81,4.777104763953914,0.49140405715831553,0.7764051045412567,0.21878911973223447,0.5295160377284875
ridge_own_flat12,4,R_Mekong_River,81,5.052537308480413,0.6718181971678784,0.9311363467633446,0.4108885271057917,0.8614651191579744
ridge_own_flat12,4,R_Mississippi_River,81,2.940110146823307,0.8389670453904348,0.9246073220350861,0.5429533499327297,0.7672847377088954
ridge_own_flat12,4,R_Murray_Darling_River,81,3.4886896247430834,0.6370973064718908,0.6435421154865141,0.3824847587492244,0.38185614883943364
ridge_own_flat12,4,R_Niger_River,81,3.027140747117865,0.31152515881421644,0.9571815789799991,-0.8496681652446028,0.8305443088595144
ridge_own_flat12,4,R_Nile_River,81,4.01013518813518,0.1402214170121061,0.8234573331316867,-1.1341549568914484,0.4450988067521424
ridge_own_flat12,4,R_Ob_River,81,2.4666387964175693,0.719599814818798,0.9064670736777983,0.5127218058614884,0.8199374430586814
ridge_own_flat12,4,R_Orange_River,81,3.0255818021941234,0.5345145010870979,0.5815763977475173,0.19250522621037158,0.2517745859051068
ridge_own_flat12,4,R_Orinoco_River,81,5.752856869289524,0.5496267381011786,0.9299401777412843,0.2881117059366989,0.8604468890655258
ridge_own_flat12,4,R_Parana_River,81,4.879128274345741,0.4953658485523957,0.8258649964235293,-0.3958631065584146,0.2304031492767451
ridge_own_flat12,4,R_Parnaiba_River,81,7.068551043265433,0.5769723563316166,0.8881240756311859,-0.16578545580258264,0.6321219299760321
ridge_own_flat12,4,R_Rio_Grande_Rio_Bravo,81,3.9426191619328086,0.053970961384712905,0.5908091204212635,-0.7503171045633035,-0.054416049956212076
ridge_own_flat12,4,R_Saint_Lawrence_River,81,4.53668579202804,0.8452427114159893,0.8075393199377315,0.6745398940805356,0.6022962700340759
ridge_own_flat12,4,R_Sao_Francisco_River,81,8.676300613810977,0.45800307661435935,0.7140242047862206,-0.056486366928045095,0.37266309868627756
ridge_own_flat12,4,R_Saskatchewan_Nelson_Rivers,81,3.5962816732884035,0.3605722051717494,0.7557033644065023,-0.3002559134494287,0.46803070700022886
ridge_own_flat12,4,R_Senegal_River,81,2.6895480617979275,0.41301029501566183,0.9198669292004633,0.0723275828301736,0.8221880177309294
ridge_own_flat12,4,R_Shebelli_Juba_Rivers,81,4.294443565155043,0.5566282309069288,0.6325289082344385,0.05660196883906121,0.2150873925163045
ridge_own_flat12,4,R_Tigris_Euphrates_River,81,3.754060897658754,0.7965203107834578,0.8752650557437626,0.6343123965428304,0.7648356499803513
ridge_own_flat12,4,R_Tocantins_River,81,7.252578516959014,0.36688022715314034,0.9092388166292499,0.09549399617390009,0.8220636795653853
ridge_own_flat12,4,R_Volga_River,81,2.9382061560412702,0.4607164150237425,0.9124886574192381,0.1645692673749044,0.8189627213655959
ridge_own_flat12,4,R_Volta_River,81,3.0435666283432523,0.38496615541851614,0.9407775988396202,0.10318258447213635,0.8745212851382685
ridge_own_flat12,4,R_Yangtze_River,81,3.714379842490029,0.42263916383143535,0.6079742246380434,0.06176900793651674,0.3048891780934144
ridge_own_flat12,4,R_Yellow_River_Huang_He,81,2.216875249923443,0.28660714476392424,0.5070780750646552,0.03534332045872057,0.21621824424370695
ridge_own_flat12,4,R_Yenisey_River,81,1.7217040572911493,0.12783600569177306,0.9186227699253069,-0.4657994485955259,0.7940289484483442
ridge_own_flat12,4,R_Yukon_River,81,2.2530845396818036,0.2728425268255999,0.936104253652559,-0.5627846686219973,0.7899552579865289
ridge_own_flat12,4,R_Zambezi_River,81,4.85665421529752,0.6642127256882386,0.9214438716277319,0.39943137458933275,0.8373625833622443
ridge_own_flat12,5,C_Aleutians_South_Alaska_Coast,80,5.123543228821816,0.7519984558235481,0.9509448407851869,0.5491192125551658,0.8890850154741557
ridge_own_flat12,5,C_Amazon_River_Delta,80,8.435115915616564,0.5645327594398692,0.921121373461884,0.27311436598137373,0.8340492615524703
ridge_own_flat12,5,C_Angola_Coast,80,4.419966189819359,0.618363525133128,0.8282752880499473,0.3296341327343092,0.6654978142205493
ridge_own_flat12,5,C_Balkan_Peninsula_and_Adriatic_Coast,80,3.1017995656977067,0.06019057774454284,0.9329532222190188,-0.22393488440134912,0.853594317219304
ridge_own_flat12,5,C_Banks_Island,80,8.356175043027404,0.020724914677195144,0.4109901754903059,-0.07918678442404392,0.10880309137066013
ridge_own_flat12,5,C_Beaufort_Sea_Coast,80,1.9832359424327966,0.02607492341978502,0.8976323123702632,-0.029036957326868507,0.8051953473470367
ridge_own_flat12,5,C_Bight_of_Benin_Coast,80,5.146822140378579,0.45404708439839264,0.8937492427669004,0.19851975153189638,0.7963347939474086
ridge_own_flat12,5,C_Bismark_Sea_Islands,80,3.2500276343198804,0.5911491944508588,0.4275098684604262,0.12920044354464943,-0.05780713636650847
ridge_own_flat12,5,C_Borneo,80,4.397562978108108,0.25116330756913813,0.23213889868025697,-0.02276172199419868,-0.42173901883506915
ridge_own_flat12,5,C_Buor_Khaya_Gulf_Coast,80,4.3786039317177385,0.1132669904458952,0.7245660599483172,-0.02827484907009059,0.5129611041965259
ridge_own_flat12,5,C_California_and_Baja_California,80,3.59707479750683,0.6144608709437341,0.810248671565685,0.3691260004633341,0.6530179985963649
ridge_own_flat12,5,C_Canadian_South_Arctic_Ocean_Coast,80,2.033196933043766,-0.01907716361136907,0.8120843849684192,-0.34067083719758395,0.5910181004843582
ridge_own_flat12,5,C_Capim_River_Delta,80,10.728153795195727,0.3717486439659598,0.8859577158187371,0.057111301473662834,0.7594350950300237
ridge_own_flat12,5,C_Carribean_Coast,80,3.956699910125974,0.6301683960032278,0.898536812931474,0.3854772093200588,0.7997845554247605
ridge_own_flat12,5,C_Central_America_Gulf_of_Mexico_Caribbean_Coast,80,3.6157948626862395,0.48184148216709394,0.898264743251135,0.12301870665669612,0.7834734426473694
ridge_own_flat12,5,C_Central_American_Pacific_Coast,80,3.5952359695925993,0.11219184242333965,0.8829845962163786,-0.8157217664445853,0.6108268593910897
ridge_own_flat12,5,C_Chao_Phraya_River_Gulf_of_Thailand_Coast,80,6.86630268320322,0.4667077540706954,0.8986818424626967,0.10594274291862016,0.7671486091687845
ridge_own_flat12,5,C_Chukchi_Peninsula,80,4.693062435463773,0.06492540620038173,0.758799759808233,-0.006130407443864616,0.5731941905851796
ridge_own_flat12,5,C_Churchill_Seal_Rivers,80,3.810870877749924,0.669888198367065,0.7847119153334653,0.3831277713668456,0.5537612149809952
ridge_own_flat12,5,C_Columbia_Ecuador_Pacific_Coast,80,2.002752320713881,0.17014757556241855,0.7063561346056154,0.028411072449821884,0.4987138992397778
ridge_own_flat12,5,C_Crimea_West_Azov_Sea_Coast,80,7.64574908322208,0.4164922631566066,0.6816731230269181,0.15641963694850458,0.4371626352096236
ridge_own_flat12,5,C_Cuba,80,2.5962158654760175,0.22351139104252965,0.7923189461545309,-0.07325610796712412,0.5549863499987343
ridge_own_flat12,5,C_Deccan_Plateau_East_Indian_Subcontinent_Coast,80,4.880032427137844,0.4397797718626588,0.9558237804588556,-0.36778508946299615,0.8534480501015016
ridge_own_flat12,5,C_Denmark_Germany_Coast,80,7.700569663139951,0.17811366487563388,0.4090510022244329,0.020820347767494418,0.1587819795901968
ridge_own_flat12,5,C_East_Australia_Coast,80,3.1523983673697704,0.49678491411823456,0.4322369665504905,0.22187234101319464,0.11845740696252738
ridge_own_flat12,5,C_East_Azov_Sea_Northeast_Black_Sea_Coast,80,9.492076930879298,0.45428115356556226,0.6196274068584907,0.20396115339791254,0.37374528867011825
ridge_own_flat12,5,C_East_Barents_Sea_Coast,80,3.5379548727435064,0.4222943409400376,0.8973942435130208,0.054775745974662615,0.7750508052397931
ridge_own_flat12,5,C_East_Beaufort_Sea_Amundsen_Gulf_Coast,80,2.729866175371856,0.3382107460596314,0.758341393805709,0.09529256311493628,0.5586954131815034
ridge_own_flat12,5,C_East_Brazil_South_Atlantic_Coast,80,4.77741692386323,0.38305041937973255,0.8270789633915319,-0.4105857856837427,0.4750605504501151
ridge_own_flat12,5,C_East_Caspian_Sea_Coast,80,3.0596762463493277,0.6287656047979489,0.8877708322534336,0.23188850073241973,0.7214266845271315
ridge_own_flat12,5,C_East_Central_Africa_Coast,80,6.453232714266619,0.23660259109250537,0.8804874461171583,-1.0875239242012253,0.5123243487510185
ridge_own_flat12,5,C_East_China_Coast,80,5.75323971496182,0.2858003945429778,0.6972116082420674,-0.13020751129141472,0.34462838004619056
ridge_own_flat12,5,C_East_Hudson_Bay_Coast,80,3.6830291233791357,0.17144106939478337,0.6454047705838037,-0.21480125168253195,0.3066359956713324
ridge_own_flat12,5,C_East_Mediterranean_Coast,80,4.379142608772106,0.1676081517754082,0.8463820864854925,-0.3602375180048816,0.6413161863090991
ridge_own_flat12,5,C_East_Mississippi_Delta,80,5.896399246757397,0.4047688154887228,0.7891031013040719,0.12421809021810148,0.6053790684854188
ridge_own_flat12,5,C_East_Nile_Delta,80,2.8962253902099966,0.07401349709929507,0.4671857456345637,-0.5334604859190963,-0.17668832840350746
ridge_own_flat12,5,C_East_Ob_Bay_Coast,80,3.6527345832741114,0.2758085099911868,0.884262319375461,0.007830129069318237,0.7548041418923205
ridge_own_flat12,5,C_East_Red_Sea_North_Gulf_of_Aden_Coast,80,1.7600543583753614,0.2188495333160724,0.5910844367955737,-0.02407913290015662,0.2802007411068389
ridge_own_flat12,5,C_East_Timor_Islands,80,3.2143607116912873,0.4822565872317465,0.5627468329791696,0.15352998273237273,0.2758332006646449
ridge_own_flat12,5,C_Ellef_Ringnes_Bathurst_Devon_Islands,80,3.5552892910659675,0.19790993226743447,0.5968165724361046,-0.3299030767863713,0.06992153309878824
ridge_own_flat12,5,C_Ellesmere_Island,80,5.991680760597329,0.640111597607481,0.954423842022069,0.12267226386702756,0.8464136055838635
ridge_own_flat12,5,C_Great_Britain,80,3.413000017813743,-0.2194145029081601,0.4992502346085132,-0.294682915035543,0.09162170874693665
ridge_own_flat12,5,C_Greater_Dniester_Basin,80,5.06832069227194,0.21708267998042027,0.8047976534309873,-0.5051509538971324,0.4828672707672187
ridge_own_flat12,5,C_Gulf_of_Darien_Coast,80,4.073226648027655,0.3558971392214263,0.8224216957458632,0.10214711953912758,0.6503874099435557
ridge_own_flat12,5,C_Gulf_of_Guinea_Coast,80,3.8769734714291912,0.5250814127561673,0.7382360266196111,0.2322706393051951,0.5282489695618422
ridge_own_flat12,5,C_Gydan_Bay_Coast,80,4.703738337963915,-0.02322956117125851,0.8411899828546688,-0.1227182765620205,0.6916013887006274
ridge_own_flat12,5,C_Hainan,80,5.4419550505730205,0.011485889008331151,0.7851310348557258,-0.04737492064691429,0.6121942989321765
ridge_own_flat12,5,C_Halmahera_Islands,80,3.298495691690546,0.08680500115455468,0.1930420378241363,-0.06758542212506069,-0.05642766847017122
ridge_own_flat12,5,C_Hispaniola,80,2.1946969957911016,-0.15960594057640717,0.5283206611291618,-0.30985686806890933,0.0796846666974863
ridge_own_flat12,5,C_Hokkaido,80,4.020846628524035,0.21430134942709733,0.6759629138253318,0.016003013296217894,0.44015700442490324
ridge_own_flat12,5,C_Hub_Porali_Basin,80,4.636926546527545,0.2583744152897117,0.5177652155951752,-0.21354919719333987,0.047906615678391606
ridge_own_flat12,5,C_Iberian_Atlantic_Coast,80,3.6336441502203463,0.28034479007260743,0.841329744177693,0.07670217543486613,0.690773345647335
ridge_own_flat12,5,C_Iceland,80,10.695212410001325,0.20165876943900096,0.808416219491781,-0.026825797206586843,0.6526267382783477
ridge_own_flat12,5,C_India_West_Coast,80,5.267526953690508,-0.1093002043269268,0.942178396889476,-0.982118525863545,0.8295852810962951
ridge_own_flat12,5,C_Indian_Ocean_Africa_Coast,80,5.459849340907,0.36129274488265206,0.7452540149283262,-0.1027165626257267,0.42917822060052124
ridge_own_flat12,5,C_Ireland,80,2.341908147658162,-0.16622172576286764,0.614567865714808,-0.09245063120338992,0.3128312596667243
ridge_own_flat12,5,C_Irrawaddy_Sittang_Salween_Basin,80,4.073246896827589,0.4804265140575499,0.951273246302515,0.17138427052810334,0.902586687712281
ridge_own_flat12,5,C_Jamaica,80,2.952521571005868,0.11896049473588341,0.20610978199160404,-0.00418526270670494,0.015359711749694527
ridge_own_flat12,5,C_Japan,80,4.095360049902921,0.20940861833350757,0.4392638547650816,-0.3867785046230232,-0.6400627875233202
ridge_own_flat12,5,C_Java,80,3.614261166642589,0.464668335748068,0.6584628982852954,0.14172671463648545,0.4144236473694898
ridge_own_flat12,5,C_Kamchatka_Peninsula,80,3.360108137902329,0.2635989035593934,0.9378493104235254,0.03904268689486845,0.8723292222209217
ridge_own_flat12,5,C_La_Plata_Delta,80,6.8355352302159025,0.49336186632587425,0.4843338941925455,0.1723895832786113,0.1443052442414342
ridge_own_flat12,5,C_Labrador_Sea_Coast,80,3.9293893062735537,0.5882861334232447,0.8460286570195008,0.24378257742458798,0.6635704213890405
ridge_own_flat12,5,C_Madagascar,80,4.271520109034242,0.2356224714093447,0.866092008938895,0.021138525536211206,0.7383246691782711
ridge_own_flat12,5,C_Malaysian_Peninsula_Coast,80,4.7767005614574645,0.3801189544804074,0.6676580901827348,0.06143221944621591,0.36422560833728
ridge_own_flat12,5,C_Maluku,80,4.05275390710689,0.22390885311541903,0.26570075186552905,0.04823747942142964,0.03499704389344971
ridge_own_flat12,5,C_Melville_Prince_Patrick_Islands,80,7.678468993363104,0.6585754852233189,0.8287475476997328,0.21388521173385044,0.5497042407143602
ridge_own_flat12,5,C_Namibia_Coast,80,2.486606706251535,0.29661505439664954,0.3417490808648438,-0.18710951961622646,-0.14840553665618295
ridge_own_flat12,5,C_Neva_River_Finland_Coast,80,3.1030155484103146,0.30485929908094805,0.8103395106117623,-0.11942600500712008,0.5777079394242619
ridge_own_flat12,5,C_New_Brunswick_and_Nova_Scotia_Coast,80,5.259658217308702,0.03460418086949378,0.7902532171391706,-0.2287273132589962,0.5211822124976206
ridge_own_flat12,5,C_New_Siberian_Islands,80,50.3083212591818,-0.05517086220118954,0.19338134582217706,-0.058913751406098,-0.003228883320363085
ridge_own_flat12,5,C_New_Zealand_North_Island,80,2.466975068215412,0.10678044719066726,0.7457770203803378,-0.11476956161763541,0.49501188199494983
ridge_own_flat12,5,C_New_Zealand_South_Island,80,2.605599124223622,-0.2201554495292308,0.6904549529438168,-0.08540477012594705,0.46578200656467184
ridge_own_flat12,5,C_Nigerian_Delta,80,5.4839655326080505,0.2360931874913694,0.9465464234499994,0.038961641547004544,0.8886476738021982
ridge_own_flat12,5,C_North_Argentina_South_Atlantic_Coast,80,4.674469549913322,0.5464663419800494,0.5332682088709483,0.24252261063628366,0.18264326090766048
ridge_own_flat12,5,C_North_Australia_Coast,80,5.698097712127427,0.6487356658933328,0.8739131248354672,0.2833205812561276,0.7244249642303087
ridge_own_flat12,5,C_North_Baffin_Island_Coast,80,5.861241583518004,0.6862579179384074,0.8438770750320161,0.31884535154064664,0.5445756622864478
ridge_own_flat12,5,C_North_Brazil_South_Atlantic_Coast,80,10.598353993471312,0.30501992942149475,0.8967588641728436,-0.3423598146733693,0.7256741185917122
ridge_own_flat12,5,C_North_Caspian_Sea_Coast,80,2.539016226762916,0.4839253304754369,0.8169462335214673,0.22134407503532527,0.6290626122838987
ridge_own_flat12,5,C_North_Chile_South_Pacific_Coast,80,2.926717915673827,0.43986310526464334,0.774070071405836,0.16734099007317926,0.5945306733357446
ridge_own_flat12,5,C_North_East_Bay_of_Bengal_Coast,80,3.481086118431083,0.36471473523381714,0.9788366190780889,0.06982304383542615,0.956659074375132
ridge_own_flat12,5,C_North_East_Siberian_Sea_Coast,80,1.7904770028118133,0.579420973090465,0.8577473237017281,0.33053920007419824,0.7292640894613203
ridge_own_flat12,5,C_North_Gulf_of_Oman_Coast,80,3.793724546444724,0.45418809714652714,0.6875004820316325,0.17179147465902955,0.43483034267716725
ridge_own_flat12,5,C_North_Korea_Bay_Korean_Peninsula,80,3.8063360673958693,0.4773545635697527,0.6540276777261538,-0.537870188901338,-0.18504677532694003
ridge_own_flat12,5,C_North_Siberia_Coast,80,1.9011459638401398,0.23653741617297352,0.9186643808270452,0.0008380803950652771,0.838665946395954
ridge_own_flat12,5,C_North_St_Lawrence_Seaway_Coast,80,4.504195941698621,0.11089728356957892,0.7978976681343646,-0.9195480514053305,0.254261927871421
ridge_own_flat12,5,C_North_Vietnam_South_China_Coast,80,5.3590103912256675,0.07582353097830685,0.6459429547476913,-0.3799533317978745,0.2945658478783961
ridge_own_flat12,5,C_North_West_Africa_Coast,80,1.6283743064772136,-0.16900319941461636,0.34193654254932226,-0.5901683549971373,-0.6568274317350971
ridge_own_flat12,5,C_Northeast_South_America_Coast,80,10.643670164559033,0.7273879122959852,0.7295751638546158,0.4841840609147888,0.5267716803959841
ridge_own_flat12,5,C_Northwest_Hudson_Bay_Coast,80,3.0582926707094256,0.5159032511000432,0.7422456253429912,0.1941577276523918,0.5264295185187298
ridge_own_flat12,5,C_Northwest_Mediterranean_Coast,80,3.293428877975059,0.48796109523993103,0.8099567823951365,0.07969843531830467,0.6018413812839798
ridge_own_flat12,5,C_Norway_Coast,80,3.995293935490383,0.09467678739980671,0.8062905553099179,-0.060419232175630055,0.6124985787822763
ridge_own_flat12,5,C_Novaya_Zemlya,80,22.625453687910117,0.4596707080745314,0.9369478677721235,-0.3469221514858416,0.7952816530397162
ridge_own_flat12,5,C_Nusa_Tenggara,80,3.3951332142873496,0.5156824944009852,0.4584573086102324,0.1156465864292272,0.17134183768990208
ridge_own_flat12,5,C_Olenyok_Delta,80,9.522148031784644,0.1610286003614892,0.3973743105755593,-0.017496951431672514,0.12044818313869488
ridge_own_flat12,5,C_Oregon_Coast,80,3.406950745832191,0.07642662459590943,0.9261957401679837,-0.2894220469450317,0.8090724305462832
ridge_own_flat12,5,C_Papua_New_Guinea_Island,80,2.6118853151684296,0.10622336255720367,0.42425805557100327,-0.06702804021131126,0.055673994149975314
ridge_own_flat12,5,C_Patagonia,80,3.943331161454062,0.2663003666848281,0.5822622292585558,0.029122398789134696,0.2735407667457761
ridge_own_flat12,5,C_Peru_Pacific_Coast,80,1.5618747849901926,0.12179757677333931,0.8719094591129165,-0.014605958158672383,0.7408403999200628
ridge_own_flat12,5,C_Philippines,80,3.351835812602253,0.42697015486971696,0.5492330789322386,0.15945218648245563,0.29009201678060204
ridge_own_flat12,5,C_Po_River_and_East_Italy_Coast,80,4.107259538710275,0.4934052730420554,0.8324023847175508,0.037350059802018,0.6210712600913914
ridge_own_flat12,5,C_Prince_of_Wales_Island,80,3.6029796659701137,-0.0884930014948863,0.3047105458023288,-0.2659511207645415,-0.06631233899595768
ridge_own_flat12,5,C_Puerto_Rico,80,2.0289393151290906,-0.05869306558999477,0.5400766149619235,-0.13537092131060224,0.22825931052655202
ridge_own_flat12,5,C_Sakhalin_Island,80,8.969701037377883,-0.08938941324593702,0.1642874731695133,-0.13729995740500245,-0.253685299948166
ridge_own_flat12,5,C_Sardinia_and_Corsica,80,8.975521827347626,0.12208401317621023,0.37287662378060593,-0.02984584196256379,0.09087733465737147
ridge_own_flat12,5,C_Severnaya_Zemlya,80,31.67711723337212,0.3637900679669543,0.8472282919190262,-0.7469008980978609,0.49632955035481474
ridge_own_flat12,5,C_Seward_Peninsula_Alaskan_North_Slope,80,2.7033204298524356,0.49401930861122645,0.7689221424100333,0.11847234357658887,0.5232174219485197
ridge_own_flat12,5,C_Shelikhov_Gulf_Sea_of_Okhotsk_Coast,80,5.260257753624925,0.20922829122387904,0.8114192790437298,-0.14111768997462293,0.552892595088599
ridge_own_flat12,5,C_Sicily,80,4.64602611455354,-0.09785038949100124,0.1174014968213404,-0.05837751785793999,-0.11222246194461794
ridge_own_flat12,5,C_Solomon_Islands,80,8.30453272130651,0.3850627402871776,0.35156793711565093,0.13730673115338,0.028300386773289166
ridge_own_flat12,5,C_Somerset_Island,80,3.826490413289121,-0.15809265813202703,0.5962706584375609,-0.5023083484327946,0.2042503296531667
ridge_own_flat12,5,C_South_Africa_South_Coast,80,2.463276867130983,0.6020634343948252,0.6972803797823888,0.1836409276074522,0.3427117772532643
ridge_own_flat12,5,C_South_Africa_West_Coast,80,1.9538922553776963,0.29988354247618715,0.600314770111438,0.04913453608952312,0.3111620225352303
ridge_own_flat12,5,C_South_Alaska_Coast_Frazer_River,80,7.46094643796664,0.5222148009126781,0.9373753787527608,0.03391673207568935,0.8481023236826761
ridge_own_flat12,5,C_South_Amapa_Coast,80,9.519656532207478,0.6276560796729845,0.8969413063728356,0.24588235239413425,0.797396674919419
ridge_own_flat12,5,C_South_Australia_Coast,80,1.2441997682913672,0.45332793810037986,0.8114518269577577,0.18100492092956544,0.6460684042343335
ridge_own_flat12,5,C_South_Baffin_Island_Coast,80,4.79961990261606,0.39921616749644523,0.7194097300430844,-0.0619344284834078,0.35123356135794437
ridge_own_flat12,5,C_South_Baltic_Coast,80,3.3031729919046002,0.07797265546288049,0.7322133065792946,-0.18583437755264298,0.5278359859963714
ridge_own_flat12,5,C_South_Black_Sea_Coast,80,6.160428844762318,0.24363644625325867,0.7730471704012296,-0.1459458107479643,0.523316997738451
ridge_own_flat12,5,C_South_Chile_South_Pacific_Coast,80,8.380170254052937,0.10664568266718871,0.9417227104178721,-2.516188102853619,0.6533278007687064
ridge_own_flat12,5,C_South_East_Brazil_Coast,80,6.864115384997619,0.4046940605054354,0.6805763009067898,-0.29225520393775084,0.1644125673464245
ridge_own_flat12,5,C_South_East_Russia_Coast,80,3.1414771916038475,0.19303379150329944,0.0621426711526469,-0.11607368835308485,-0.6439785564300113
ridge_own_flat12,5,C_South_Gulf_of_Aden_Coast,80,2.720025355023489,0.4680457022542644,0.22361258726962088,0.1520902363006491,0.011862361459995086
ridge_own_flat12,5,C_South_Gulf_of_Oman_West_Arabian_Sea_Coast,80,1.95866192207247,0.2912269275310051,0.5065132295182121,-0.3183559694807534,-0.05269604730618349
ridge_own_flat12,5,C_South_Hudson_Strait_Ungava_Bay_Coast,80,4.216878701743088,0.12396367277808706,0.806191241521235,-0.3215247721530674,0.5250937324610925
ridge_own_flat12,5,C_South_Mediterranean_Coast,80,1.4657128351655886,-0.2082520026392091,0.2963367035055523,-0.2035143217370461,-0.07527924173217437
ridge_own_flat12,5,C_South_Zambezia_Coast,80,4.473672989402753,0.20198572617765526,0.8418063262176494,-0.1690023065540478,0.6410740336471684
ridge_own_flat12,5,C_Southhampton_Coats_Islands,80,3.7726471635027,0.3723503926374437,0.6034763439452927,0.0948020188498021,0.33578856052868655
ridge_own_flat12,5,C_Southwest_Hudson_Bay_Coast,80,2.6919986791185355,0.25154342660757056,0.8496221477134156,0.009956993515358614,0.687309261272128
ridge_own_flat12,5,C_Southwest_Mediterranean_Coast,80,2.5975258926136644,-0.01077563155222244,0.6607026737227834,-0.4476059875299232,-0.027381497288461176
ridge_own_flat12,5,C_Sri_Lanka,80,2.141891847046323,0.3027058420164613,0.9178003680367012,-0.49529192981380143,0.7407254888754966
ridge_own_flat12,5,C_Sulawesi,80,3.3637568689625894,0.24791493110172785,0.2855853094486059,0.014443658782799407,-0.10863757674726449
ridge_own_flat12,5,C_Sumatra,80,3.736290442322148,0.08268511214981511,0.5109521672524809,-0.43409761143091297,-0.23402661291234228
ridge_own_flat12,5,C_Svalbard,80,27.668420850808218,0.6843690609610081,0.970567738781128,-0.03076377060114277,0.8922668108623449
ridge_own_flat12,5,C_Sweden_Coast,80,3.784349306469175,0.005399795500078832,0.7215415699752469,-0.06942034877648573,0.5193571035935384
ridge_own_flat12,5,C_Taiwan,80,2.009749926518674,0.187422422436032,0.6409220505997427,-0.043880459937087,0.366270555812799
ridge_own_flat12,5,C_Tasmania,80,2.8236158769140416,0.4426003401727226,0.7650062227165689,0.1070126724661602,0.5711623330620257
ridge_own_flat12,5,C_Texas_Gulf_Coast,80,4.851912505011009,0.14597167684205167,0.5303850631536904,-0.2561181291496324,0.17931037660041194
ridge_own_flat12,5,C_Thar_Desert_Sabarmati_River_Gulf_of_Cambay_Luni_Delta,80,5.617799587976911,0.5282180981643123,0.6699883909757187,0.27187273250368826,0.44482335023557773
ridge_own_flat12,5,C_US_East_Gulf_of_Mexico_North_Atlantic_Coast,80,4.907580728018721,0.5634011297704073,0.5654512239812594,0.31204940280258964,0.24365557867805077
ridge_own_flat12,5,C_US_North_Atlantic_Coast,80,3.1029252688110254,0.2286887058284043,0.8297889293872595,-0.028848922276231814,0.6628009486433677
ridge_own_flat12,5,C_Uda_Basin,80,3.513804163514451,0.25839703755127247,0.559223764955117,0.05893097488258503,0.2620246234118594
ridge_own_flat12,5,C_Uruguay_South_Brazil_Coast,80,6.1122812201582235,0.2934020286022991,0.39555737598158147,-0.06958011929365604,0.06906668964514773
ridge_own_flat12,5,C_Victoria_Island,80,3.16296834242348,-0.24415849820398824,0.6204608254145042,-0.4756443644856432,0.31123153053825314
ridge_own_flat12,5,C_Vietnam_Coast,80,4.012668691401231,0.5047664747070526,0.9581036244976519,0.14482375228867495,0.905187757738372
ridge_own_flat12,5,C_West_Africa_Coast,80,2.321431234554589,0.2810624131499352,0.9807576883257626,0.03719120095243611,0.9555440282186975
ridge_own_flat12,5,C_West_Australia_Coast,80,2.115369989515859,0.18446668401527908,0.4753109455406865,-0.2455806133054752,0.0036102227072866144
ridge_own_flat12,5,C_West_Barents_Sea_Coast,80,3.4354559607941284,-0.07642241684691518,0.8487317589418496,-0.06543325628603802,0.6930851252840105
ridge_own_flat12,5,C_West_Black_Sea_Coast,80,6.332062569852253,0.14417015576025902,0.7266887411345957,-0.09625878389713427,0.4947995231070431
ridge_own_flat12,5,C_West_Caspian_Sea_Coast,80,3.9597468648784564,0.4412245788804096,0.8540877155153691,0.15481764884322413,0.6874279840225602
ridge_own_flat12,5,C_West_Continental_Europe,80,3.1910366746578416,0.5142143789887967,0.8279315188545874,0.24967828530726732,0.6710351035102011
ridge_own_flat12,5,C_West_Italy_Coast,80,2.9791553817984195,-0.1256757947572571,0.859733723448295,-0.31761088557722705,0.7021952624906641
ridge_own_flat12,5,C_West_Mississippi_Delta,80,5.877973881724885,0.35443946736514,0.7582185260702388,0.08833578339772874,0.5634739729676359
ridge_own_flat12,5,C_West_Nile_Delta,80,2.3528027680166557,0.014496414575779713,0.4512224609231988,-0.5365726299315674,-0.2007432365550199
ridge_own_flat12,5,C_West_Red_Sea_Coast,80,2.3664022216571396,0.23558875937870685,0.546827199935935,-0.03652878005218807,0.1799883227207726
ridge_own_flat12,5,C_Yamal_Peninsula,80,3.908007429592529,0.009645044707556637,0.8101258507605136,-0.15188547588567092,0.612624368703365
ridge_own_flat12,5,C_Yellow_Sea_Coast,80,5.192907478427539,0.7015345418123266,0.6716244733565117,0.0879736816767972,0.13104850534521528
ridge_own_flat12,5,C_Yenisey_Gulf_Coast,80,4.123308779884882,0.028894936726852234,0.8575549430733747,-0.018702902722718573,0.7345741067496754
ridge_own_flat12,5,C_Ziya_He_Interior_Coast,80,6.991991226872961,0.7453493614741468,0.7628591652709543,0.13077401000400335,0.18440375455109792
ridge_own_flat12,5,E_Altai_Mountains,80,1.3932230897413476,0.22133737020356523,0.24106650348183445,-0.05142736586750973,-0.11398634468073432
ridge_own_flat12,5,E_Amu_Darya,80,3.5950860999415957,0.2982000649226568,0.8926768956609907,-0.5407577460742039,0.6122028412031744
ridge_own_flat12,5,E_Australia_Northwest_Plateau,80,5.517666066074948,0.6363333581084708,0.7484286045819408,0.23540266641587948,0.4153406157498307
ridge_own_flat12,5,E_Badain_Jaran_Desert,80,1.2073502700819179,0.2492494654577686,0.5237906959855333,0.042425447222157575,0.2589499973046683
ridge_own_flat12,5,E_Central_Iran,80,3.1014865979122304,0.5182717922521067,0.8243109232006315,0.20885161219268344,0.6530593032255962
ridge_own_flat12,5,E_Central_Mongolia,80,2.5939340168624145,0.23778284138553263,0.28549056173961523,-0.104111276992082,-0.10516861568499203
ridge_own_flat12,5,E_Dayan_Khyargas_Uvs_Nuur_Basins,80,1.6724664474438546,0.41975902069866416,0.5211943810011647,0.15675547522376587,0.24738445828205535
ridge_own_flat12,5,E_East_Gobi_Desert,80,2.2200173259697276,0.49246427192598147,0.4169716152922534,0.011128204971212141,-0.05610025432659693
ridge_own_flat12,5,E_Egyptian_Western_Desert,80,1.7158050746412425,0.1711891946461851,0.43727335697496383,-0.4611793909260917,-0.406389337856081
ridge_own_flat12,5,E_Farahrud_Helmand_Hamun_i_Mashkel,80,3.321163976739135,0.13760838300097702,0.71945083509913,-0.2860373708746822,0.4006685209266695
ridge_own_flat12,5,E_Great_Basin_Great_Salt_Lake,80,4.19336706637234,0.6383939696619245,0.7733380651256985,0.3892666748728524,0.5673316227024507
ridge_own_flat12,5,E_Great_Victoria_Desert,80,1.8600148139758033,0.30690461741341113,0.20088809370033614,0.023462917051297993,-0.19273904122450314
ridge_own_flat12,5,E_Jordan_Northwest_Saudi_Arabia,80,3.360398990746685,0.2267672845932487,0.7300162057140841,-0.15253202067686944,0.42069493765914234
ridge_own_flat12,5,E_Junggar_Pendi,80,2.8327569893706777,0.433582449988507,0.7805143091564002,-0.2927152368079684,0.3138579550964432
ridge_own_flat12,5,E_La_Puna_Altiplano,80,2.2410945637610364,0.3515250326706351,0.7757224195631632,-0.06061356988983624,0.5115922599915956
ridge_own_flat12,5,E_Lake_Eyre_Basin,80,2.717562279103262,0.668494436615667,0.5944340168714838,0.41751548897928425,0.3284796476858258
ridge_own_flat12,5,E_Lake_Rukwa_Basin,80,14.15034209008556,0.33744946823572985,0.7879227825551399,-0.5684349197378926,0.3831997942177392
ridge_own_flat12,5,E_Lakes_Balkash_Alakol,80,2.344580602832679,0.5327127291248583,0.882117443747347,0.023185204398786685,0.7086020792358831
ridge_own_flat12,5,E_Libyian_Desert,80,1.0395910959221022,0.06300944294788413,0.5516790502818546,-0.020137563562645955,0.28945031215628947
ridge_own_flat12,5,E_Lower_Lake_Chad,80,7.280748649887395,0.4078632957431028,0.910257052210736,-1.3452005202599984,0.6264911141491873
ridge_own_flat12,5,E_North_Central_Arabia,80,2.201561628857476,-0.06831237067586521,0.6460628688571927,-0.10526706056698876,0.40596287860048785
ridge_own_flat12,5,E_North_Plateau_of_Tibet,80,2.9695037676260716,0.36728758793128785,0.3339287637762314,0.029290423437493662,-0.06753073247043151
ridge_own_flat12,5,E_Northern_Kordofan,80,2.9158093162801757,0.3071401816780655,0.5564267646017458,-0.15730813641283392,0.1149835230765488
ridge_own_flat12,5,E_Plateau_of_Tibet,80,1.8525675305224074,0.30233070598765033,0.621609091028156,0.021921245612788187,0.3415463018384526
ridge_own_flat12,5,E_Qinghai_Lake,80,2.2080107673023526,0.7131474001565075,0.38025278623195685,0.4746499669552109,-0.072242961559702
ridge_own_flat12,5,E_Rift_Valley,80,6.18482442514916,0.3101373892595024,0.4551644966792717,-0.4909310303977785,-1.3338992414774262
ridge_own_flat12,5,E_Rub_al_Khali_Desert,80,1.554779537300797,0.04035212300064212,0.44358002257353774,-0.06638723942348279,0.15000247052659144
ridge_own_flat12,5,E_Sahara,80,0.786086461323762,0.028524535744308365,0.27552269559973314,-0.0387164672119924,-0.0030351634400214156
ridge_own_flat12,5,E_Saharan_and_Algerian_Atlas,80,1.9736128377448545,-0.03168563806204008,0.859576472733085,-1.4987325601061925,0.2672237667966352
ridge_own_flat12,5,E_Salinas_Grande_Mar_Chiquita,80,2.909926248591765,0.747466552837149,0.7989019549807315,0.344316605878049,0.403275611282947
ridge_own_flat12,5,E_South_Interior_Africa,80,4.362282667118128,0.603223934012055,0.7769770633108671,0.27525792271063054,0.5664115278092762
ridge_own_flat12,5,E_Syr_Darya,80,2.1294790575912974,0.42028505493809254,0.8703946209787814,0.049158374933625626,0.732941884488325
ridge_own_flat12,5,E_Tarim_He_Lop_Nur,80,1.410915731061938,0.42096814066257815,0.7888864429696568,-0.03219535359893211,0.504038223967366
ridge_own_flat12,5,E_Turpan_Pendi,80,2.8207321626016784,0.27239677461958683,0.738433047312883,-0.4856229178437561,0.272907945018779
ridge_own_flat12,5,E_Upper_Lake_Chad,80,2.336027532000243,0.38199469447393875,0.672196293860009,-0.41460775629293267,0.11063585166769452
ridge_own_flat12,5,R_Amazon_River,80,5.044557306944366,0.6467018348380419,0.9610409110028904,0.3440194818071709,0.90188589651886
ridge_own_flat12,5,R_Amur_River,80,2.7003243837549076,0.5343375976150831,0.10525842825792583,0.16710758232554423,-0.8520773356269324
ridge_own_flat12,5,R_Colorado_River_Argentina,80,3.9460836917059456,0.03626856475934027,0.2940401535263335,-0.4468879673839714,-0.41554308816162133
ridge_own_flat12,5,R_Colorado_River_of_the_West_North_America,80,2.73321484577632,0.47005939357628923,0.7254902072717002,0.1439200608798027,0.46198090152815485
ridge_own_flat12,5,R_Columbia_River,80,3.1191380481005284,0.24660114736782737,0.9775566034280556,-1.6719632617527935,0.8768997904351347
ridge_own_flat12,5,R_Congo_River,80,4.160725679827745,0.5238178753081292,0.7197827866249744,0.004035346010075602,0.3133322174695974
ridge_own_flat12,5,R_Danube_River,80,3.3453656910502967,0.334346773179898,0.8859031590695783,-0.2725514498977677,0.7041545660829155
ridge_own_flat12,5,R_Dnieper_River,80,4.675982126174285,0.6408669726874844,0.7534667229064016,0.4089542037504912,0.5642651163709211
ridge_own_flat12,5,R_Don_River,80,4.31538406575575,0.7758494834146353,0.8730407392428563,0.5449760318738619,0.7293659705832751
ridge_own_flat12,5,R_Ganges_Bramaputra_Basin,80,4.135499677804096,0.23250814657118324,0.9418618591645928,-0.43964466025205806,0.8351230847926504
ridge_own_flat12,5,R_Indus_River,80,5.244698309709566,0.35819023327568233,0.8125259808768713,-0.7395397806210733,0.32290804970995546
ridge_own_flat12,5,R_Lena_River,80,1.9200808916658854,0.26017186594167785,0.8664069387251471,-0.020721651148790432,0.7411994136118523
ridge_own_flat12,5,R_Limpopo_River,80,6.656010586787986,0.5048343793610589,0.7378958683403222,-0.06311079226117444,0.2282850894336953
ridge_own_flat12,5,R_Mackenzie_River,80,3.7657081722952728,0.8163456242840696,0.8519580834153185,0.5777175772186376,0.7039404748772515
ridge_own_flat12,5,R_Magdalena_River,80,4.987627779760593,0.432252861734427,0.7391380016062106,0.15972993814581704,0.49214934134881017
ridge_own_flat12,5,R_Mekong_River,80,5.420192313491786,0.6026339844487064,0.9218818759920022,0.3055195922404035,0.8411295176518718
ridge_own_flat12,5,R_Mississippi_River,80,3.3490770355180013,0.79468935967468,0.9082193965293907,0.3797280899471287,0.7007114820501685
ridge_own_flat12,5,R_Murray_Darling_River,80,3.515214923281156,0.6189620564495919,0.6236377798551272,0.36351185353102,0.3592947518634162
ridge_own_flat12,5,R_Niger_River,80,3.263897687611206,0.22991684102045323,0.954194874086596,-1.1430487634313882,0.8037955635517395
ridge_own_flat12,5,R_Nile_River,80,4.458267373590352,-0.01959082127710073,0.8109756978575043,-1.6728691918888234,0.32039048695422223
ridge_own_flat12,5,R_Ob_River,80,2.573451522962778,0.6940500080885987,0.9004953298161583,0.4796840328056521,0.8045141597416079
ridge_own_flat12,5,R_Orange_River,80,3.021293265609849,0.5701639713182859,0.6074773615393083,0.1879157331705097,0.24252327652290562
ridge_own_flat12,5,R_Orinoco_River,80,6.201731556111373,0.4430216569254745,0.9183744432115665,0.1741514648582727,0.839086350005454
ridge_own_flat12,5,R_Parana_River,80,5.470212471630353,0.4396053546554492,0.8232836908478299,-0.7489545197407608,0.04103676602753126
ridge_own_flat12,5,R_Parnaiba_River,80,7.907859489190144,0.4850592591653654,0.8693271504819726,-0.5151701204947541,0.5194494579203516
ridge_own_flat12,5,R_Rio_Grande_Rio_Bravo,80,4.216755210425296,-0.07745917793536689,0.5574314028266998,-1.0025130997336449,-0.20748182260641257
ridge_own_flat12,5,R_Saint_Lawrence_River,80,4.9116773490157515,0.8249282709025679,0.7876260029612416,0.6083343194854736,0.5336799682381103
ridge_own_flat12,5,R_Sao_Francisco_River,80,9.200216361725206,0.37951982632360265,0.6843577605039782,-0.25374553515336107,0.2559359590919915
ridge_own_flat12,5,R_Saskatchewan_Nelson_Rivers,80,3.873181104693843,0.2737761891037647,0.7388169825266585,-0.5483354625408208,0.38683251326073154
ridge_own_flat12,5,R_Senegal_River,80,2.7913909601407716,0.34275680701060046,0.9168959270606425,-0.009318262731976557,0.8097340636874251
ridge_own_flat12,5,R_Shebelli_Juba_Rivers,80,4.524022084066038,0.532392007512216,0.6056434669830062,-0.045367812530715756,0.13740629426198425
ridge_own_flat12,5,R_Tigris_Euphrates_River,80,3.9715425906066066,0.767548094132014,0.8608205804449718,0.5876176847989387,0.7398696971394173
ridge_own_flat12,5,R_Tocantins_River,80,7.574031322967292,0.2691689356424235,0.9001425612321291,0.01702855297398198,0.8035276504730109
ridge_own_flat12,5,R_Volga_River,80,3.0253763306438186,0.40147413979161595,0.9099167336070487,0.11173260777544491,0.8100195930007896
ridge_own_flat12,5,R_Volta_River,80,3.0501963599835142,0.36039046022656657,0.9396844020804683,0.09167101220841967,0.8720175730293431
ridge_own_flat12,5,R_Yangtze_River,80,3.8179594266707966,0.3824249053270812,0.589172820898915,0.010431336199746677,0.2733915669461674
ridge_own_flat12,5,R_Yellow_River_Huang_He,80,2.2679835335572505,0.2517415285293178,0.4775960026528605,0.013561020008971969,0.1775843804697429
ridge_own_flat12,5,R_Yenisey_River,80,1.8515604995987869,-0.01837628836906064,0.90932579306107,-0.6899707841654643,0.7554722706645246
ridge_own_flat12,5,R_Yukon_River,80,2.3814578783510965,0.17730466475777212,0.9328069671640766,-0.7852009162060614,0.7609466186974563
ridge_own_flat12,5,R_Zambezi_River,80,5.239184035397668,0.6063209132134744,0.9103293931532701,0.3011304847066856,0.8091283880482811
ridge_own_flat12,6,C_Aleutians_South_Alaska_Coast,79,5.2406675751203515,0.7402700563273692,0.9538282599413382,0.515472802621082,0.8851685952698249
ridge_own_flat12,6,C_Amazon_River_Delta,79,8.889837757309207,0.5079967586554203,0.9092060635590152,0.2028482719129212,0.8119755054891957
ridge_own_flat12,6,C_Angola_Coast,79,4.811730493162853,0.510705923383084,0.7844532214956217,0.22412737475563904,0.6041876235320804
ridge_own_flat12,6,C_Balkan_Peninsula_and_Adriatic_Coast,79,3.1212192422790577,0.08622003374450188,0.935962777996565,-0.22705065854286355,0.8531038570063099
ridge_own_flat12,6,C_Banks_Island,79,8.443218779274078,0.016398756169203898,0.409692669657086,-0.0874097366025759,0.0998734133208744
ridge_own_flat12,6,C_Beaufort_Sea_Coast,79,1.9040294057650748,0.25821449580455,0.9071771836984148,0.054970023123280476,0.8218550298181426
ridge_own_flat12,6,C_Bight_of_Benin_Coast,79,5.197865081688134,0.43564240434161755,0.8906585931930346,0.18580976650707992,0.7910824842058585
ridge_own_flat12,6,C_Bismark_Sea_Islands,79,3.4780202566695,0.5301838805928921,0.33517543032338154,-0.006046225103197411,-0.2148172781660027
ridge_own_flat12,6,C_Borneo,79,4.537613901491857,0.1945172383049201,0.18356164592864646,-0.0746187092413555,-0.5630964528298783
ridge_own_flat12,6,C_Buor_Khaya_Gulf_Coast,79,4.413292900839887,0.11862397471901626,0.7240382967906388,-0.0270228542475619,0.509719100627396
ridge_own_flat12,6,C_California_and_Baja_California,79,3.8138500342106982,0.5611246696840705,0.7859429522437217,0.2985203357531473,0.6115364929391741
ridge_own_flat12,6,C_Canadian_South_Arctic_Ocean_Coast,79,2.057368381889942,-0.05583508133011835,0.8158462753879892,-0.37541877284800296,0.5852498774600554
ridge_own_flat12,6,C_Capim_River_Delta,79,10.796769669668066,0.37479137558809694,0.8834642283940703,0.04804314540146104,0.7512079603845007
ridge_own_flat12,6,C_Carribean_Coast,79,4.136007111876111,0.5862251502778861,0.8887569900602643,0.3229824208376587,0.7838709585297453
ridge_own_flat12,6,C_Central_America_Gulf_of_Mexico_Caribbean_Coast,79,3.8131455939515093,0.3576753818294748,0.8892985857123742,0.00022261886590213553,0.7605019067594709
ridge_own_flat12,6,C_Central_American_Pacific_Coast,79,3.8336158551805797,0.04575987011031862,0.8795661633470677,-1.0708280010852969,0.5507968931962035
ridge_own_flat12,6,C_Chao_Phraya_River_Gulf_of_Thailand_Coast,79,7.0956212025578544,0.43719679160792435,0.8975518025554384,0.021986827361906824,0.7537849316994538
ridge_own_flat12,6,C_Chukchi_Peninsula,79,4.756326248710426,-0.002411182678989407,0.7527231408629677,-0.02188093080153286,0.5618829937307079
ridge_own_flat12,6,C_Churchill_Seal_Rivers,79,4.145052135979918,0.6228749809038404,0.7506554608240423,0.29010365917803493,0.4769048720436242
ridge_own_flat12,6,C_Columbia_Ecuador_Pacific_Coast,79,2.0174038184007586,0.15726197932312252,0.7056811276294818,0.0238327181972684,0.4975227828898845
ridge_own_flat12,6,C_Crimea_West_Azov_Sea_Coast,79,7.8785691479553615,0.36131535107576035,0.6600193951238892,0.11141584864883658,0.4083459235562823
ridge_own_flat12,6,C_Cuba,79,2.6239606839148566,0.2224568144970538,0.7902770230198735,-0.07910884841245558,0.5495552872717444
ridge_own_flat12,6,C_Deccan_Plateau_East_Indian_Subcontinent_Coast,79,5.292188467251525,0.3789701576380934,0.9527063564880756,-0.6004091418222113,0.8284814889599125
ridge_own_flat12,6,C_Denmark_Germany_Coast,79,7.588268869764761,0.19018184662430762,0.419279521061969,0.02369481835151155,0.16213023498395096
ridge_own_flat12,6,C_East_Australia_Coast,79,3.237713973775797,0.46755092978707774,0.3693883969599691,0.19615727369856817,0.06190042233700077
ridge_own_flat12,6,C_East_Azov_Sea_Northeast_Black_Sea_Coast,79,9.510118987946697,0.448121489397122,0.6087963147084369,0.19134841297803895,0.3607144833553454
ridge_own_flat12,6,C_East_Barents_Sea_Coast,79,3.645460260554358,0.3573399905468656,0.893224605625722,-0.014229265403880698,0.7641397094179062
ridge_own_flat12,6,C_East_Beaufort_Sea_Amundsen_Gulf_Coast,79,2.7997800890703672,0.24316207418820887,0.7448811783116248,0.05136129206837492,0.5411137608817963
ridge_own_flat12,6,C_East_Brazil_South_Atlantic_Coast,79,5.073751393494769,0.38283403103621927,0.8308308312753966,-0.6142635275716137,0.3972209759436439
ridge_own_flat12,6,C_East_Caspian_Sea_Coast,79,3.2890588706042228,0.5951541007643775,0.8792203421219635,0.0977738972601685,0.6765396675956464
ridge_own_flat12,6,C_East_Central_Africa_Coast,79,7.063232229287736,0.14566836696393046,0.8668431511447248,-1.520805907944914,0.39303602682848615
ridge_own_flat12,6,C_East_China_Coast,79,5.844865131864412,0.2401272320589307,0.6830376803778108,-0.18271645657258895,0.3105362174564572
ridge_own_flat12,6,C_East_Hudson_Bay_Coast,79,3.82196323565998,0.08981450605043394,0.6299300378719104,-0.2899769464931088,0.26218106770343363
ridge_own_flat12,6,C_East_Mediterranean_Coast,79,4.554549312628803,0.12411065323685624,0.8484404304111307,-0.4670653080231737,0.61671412132344
ridge_own_flat12,6,C_East_Mississippi_Delta,79,6.063908558373556,0.34999939612837905,0.7744928929841268,0.08623365626815171,0.5870191029731253
ridge_own_flat12,6,C_East_Nile_Delta,79,2.9496804504866234,0.09156439991575409,0.4801983666465909,-0.5876360710380024,-0.21420795908642476
ridge_own_flat12,6,C_East_Ob_Bay_Coast,79,3.7478482720848647,0.21471411957307737,0.8789060793323957,-0.0350628197394951,0.7450874510855214
ridge_own_flat12,6,C_East_Red_Sea_North_Gulf_of_Aden_Coast,79,1.7703928055906315,0.22423059852017352,0.5863197155203608,-0.02349648855028641,0.2709000007894178
ridge_own_flat12,6,C_East_Timor_Islands,79,3.255989561305989,0.422766240398781,0.5434292876799314,0.13522114456571688,0.2646680006809464
ridge_own_flat12,6,C_Ellef_Ringnes_Bathurst_Devon_Islands,79,3.6638441317634087,0.19253776012710566,0.5946872787164021,-0.3980040123172095,0.01803308584412333
ridge_own_flat12,6,C_Ellesmere_Island,79,6.618974340951873,0.5937517220487504,0.949469873314897,-0.09917931918809275,0.8069718304349134
ridge_own_flat12,6,C_Great_Britain,79,3.435574729646864,-0.2723167224908956,0.4940964931767969,-0.3492235790445173,0.05630638763501816
ridge_own_flat12,6,C_Greater_Dniester_Basin,79,5.328073429401891,0.1655801613721786,0.8045338834680709,-0.6841811578318677,0.4356456050595777
ridge_own_flat12,6,C_Gulf_of_Darien_Coast,79,4.070152172439331,0.3652564819228516,0.8179468837137215,0.10786669374974756,0.6498833130769381
ridge_own_flat12,6,C_Gulf_of_Guinea_Coast,79,3.8900319742437515,0.520930220184505,0.7189421529706451,0.1960623004531551,0.4896217722099666
ridge_own_flat12,6,C_Gydan_Bay_Coast,79,4.700995626413833,-0.0323313043266832,0.843967387587928,-0.11333855340610044,0.6955594150129629
ridge_own_flat12,6,C_Hainan,79,5.370598908758144,0.080716620900216,0.7941397235130611,-0.016430098240553415,0.6255697493297399
ridge_own_flat12,6,C_Halmahera_Islands,79,3.3328151115016587,0.015226871697697649,0.1456721661668811,-0.07931983236649565,-0.09085130153061893
ridge_own_flat12,6,C_Hispaniola,79,2.2384853400988884,-0.1970452559569122,0.5148320014840774,-0.35543157370137735,0.048112939110388275
ridge_own_flat12,6,C_Hokkaido,79,4.077953471850599,0.15641643421851617,0.6699139385914564,-0.007799209974263643,0.4293257246709318
ridge_own_flat12,6,C_Hub_Porali_Basin,79,4.830956796032288,0.1778986552772635,0.49437095347228255,-0.3087183680860328,-0.02206989711871654
ridge_own_flat12,6,C_Iberian_Atlantic_Coast,79,3.640694570264212,0.28291451908601567,0.8405433657011818,0.07930843888669392,0.6918264177022859
ridge_own_flat12,6,C_Iceland,79,10.960226249440002,0.12977755313688055,0.7981305628352385,-0.061350063562222834,0.6365108746324057
ridge_own_flat12,6,C_India_West_Coast,79,5.190642991595638,0.0019485750238728019,0.9497394608901235,-0.9268969981656738,0.835089310413971
ridge_own_flat12,6,C_Indian_Ocean_Africa_Coast,79,5.721108008474024,0.24642568041375484,0.7197496224921461,-0.22680247478512938,0.3642486291035888
ridge_own_flat12,6,C_Ireland,79,2.3096568411323934,-0.12419744715045922,0.6316058173602036,-0.10406104749430023,0.3297234686612591
ridge_own_flat12,6,C_Irrawaddy_Sittang_Salween_Basin,79,4.227705913340097,0.4334184163047645,0.9479470952117283,0.11963975054729614,0.89587744531281
ridge_own_flat12,6,C_Jamaica,79,2.971721500316757,0.10737017481470602,0.20710523418760393,-0.00942903556405339,0.014438713328363995
ridge_own_flat12,6,C_Japan,79,4.432624639155306,0.09126587275505518,0.4325938211110434,-0.6229260659724645,-0.9000759387885569
ridge_own_flat12,6,C_Java,79,3.6241665098006517,0.4092700760691928,0.6325416939156352,0.10041473342936247,0.3614142494777858
ridge_own_flat12,6,C_Kamchatka_Peninsula,79,3.459451807069352,0.15117120412421492,0.9338431123202412,-0.016069974979256774,0.8651262331452835
ridge_own_flat12,6,C_La_Plata_Delta,79,7.355034742616016,0.4028154369662815,0.3848156121597207,0.06465929300733908,0.010953577074376275
ridge_own_flat12,6,C_Labrador_Sea_Coast,79,4.205114130167958,0.5070555579561997,0.8248097808352782,0.1522031295657642,0.6181194278954172
ridge_own_flat12,6,C_Madagascar,79,4.326489683831136,0.23356598822854327,0.8617284260720509,0.017627742400735724,0.7302707490128582
ridge_own_flat12,6,C_Malaysian_Peninsula_Coast,79,4.840851005414137,0.3988542830426226,0.6665575295390499,0.06963675414793735,0.34875859678463095
ridge_own_flat12,6,C_Maluku,79,4.096714810161375,0.2002345049275093,0.24066512237801133,0.038678917520628464,0.010347597117141172
ridge_own_flat12,6,C_Melville_Prince_Patrick_Islands,79,8.024734516344644,0.6711205283767123,0.8387125152558036,0.1476023461370548,0.5103585513361368
ridge_own_flat12,6,C_Namibia_Coast,79,2.661206956774483,0.1466192651629347,0.22458984866270287,-0.36050119930073055,-0.32413044071331254
ridge_own_flat12,6,C_Neva_River_Finland_Coast,79,3.198297337501928,0.2745730872013823,0.806058122365082,-0.17995836669533327,0.5534138564656119
ridge_own_flat12,6,C_New_Brunswick_and_Nova_Scotia_Coast,79,5.26024433002824,0.20505799836376168,0.7961767984790724,-0.20591052786113906,0.5244696851269752
ridge_own_flat12,6,C_New_Siberian_Islands,79,50.178101888655945,0.03401886453200947,0.22473375192418257,-0.04371868873080409,0.010009833322610184
ridge_own_flat12,6,C_New_Zealand_North_Island,79,2.4992784381022926,0.14171583213859165,0.7458582873371076,-0.11221615392228634,0.48817463925012494
ridge_own_flat12,6,C_New_Zealand_South_Island,79,2.6111471962968875,-0.1636729352547247,0.6913177467322985,-0.0730382584609186,0.46679790626293194
ridge_own_flat12,6,C_Nigerian_Delta,79,4.420649452283059,0.291634465852661,0.9635822247917819,0.03017202879823888,0.9217441074940573
ridge_own_flat12,6,C_North_Argentina_South_Atlantic_Coast,79,4.967415271847106,0.472511261019198,0.4424113319891798,0.1556895401080124,0.07553881630178905
ridge_own_flat12,6,C_North_Australia_Coast,79,6.168107842256997,0.567097561410934,0.844760825233033,0.1712606835814301,0.6740796098045784
ridge_own_flat12,6,C_North_Baffin_Island_Coast,79,6.516782906556734,0.6199871217778113,0.8160374691399547,0.17018553096749656,0.41370450004002624
ridge_own_flat12,6,C_North_Brazil_South_Atlantic_Coast,79,11.55629696637986,0.19607400157381732,0.8853620702093783,-0.6146573813492808,0.6612468237769803
ridge_own_flat12,6,C_North_Caspian_Sea_Coast,79,2.659802236701984,0.41711200283928956,0.7942787609037284,0.16048103745430775,0.5979117420009684
ridge_own_flat12,6,C_North_Chile_South_Pacific_Coast,79,3.0181896996075683,0.38230315360298744,0.7625930151330543,0.1114919428143949,0.5741123637569787
ridge_own_flat12,6,C_North_East_Bay_of_Bengal_Coast,79,3.5618606820270298,0.31090985296385165,0.9781017608924288,0.0399987481335331,0.9550623835861675
ridge_own_flat12,6,C_North_East_Siberian_Sea_Coast,79,1.8162686610316887,0.5688890475852719,0.8514961347507722,0.32111311681177157,0.723098920920704
ridge_own_flat12,6,C_North_Gulf_of_Oman_Coast,79,3.852635826964273,0.44418467467142,0.68711992031067,0.13768776730527266,0.41794177796362875
ridge_own_flat12,6,C_North_Korea_Bay_Korean_Peninsula,79,4.205192832264011,0.4236002176495715,0.625128697357074,-0.9112290018894709,-0.5053788021087531
ridge_own_flat12,6,C_North_Siberia_Coast,79,1.8992626734058957,0.233842533528336,0.9206458973341723,0.012426454595941494,0.8409332960219092
ridge_own_flat12,6,C_North_St_Lawrence_Seaway_Coast,79,4.74078987470894,0.09225205023020001,0.7985079819353931,-1.1316664038175368,0.1804372988829014
ridge_own_flat12,6,C_North_Vietnam_South_China_Coast,79,5.532052382304992,-0.004045086710229015,0.640993396382107,-0.438862885444425,0.25765003118694785
ridge_own_flat12,6,C_North_West_Africa_Coast,79,1.728389342229582,-0.24181112593198648,0.2935559093418933,-0.7278185404370685,-0.8827617056529944
ridge_own_flat12,6,C_Northeast_South_America_Coast,79,11.336061434160877,0.6993787182351169,0.6832850370407266,0.41962094286262575,0.4589579217081611
ridge_own_flat12,6,C_Northwest_Hudson_Bay_Coast,79,3.2421829129531554,0.4252508662785933,0.7079142799561617,0.11109590853021079,0.47442016034709567
ridge_own_flat12,6,C_Northwest_Mediterranean_Coast,79,3.48272558633048,0.43025325795036296,0.7922831929300115,-0.008292511960978688,0.5597253174979253
ridge_own_flat12,6,C_Norway_Coast,79,3.9760321733791857,0.11526252857808711,0.8101346642892765,-0.04561511847937294,0.6177614772572555
ridge_own_flat12,6,C_Novaya_Zemlya,79,24.39368563666995,0.47061164312033255,0.9384725108123576,-0.5474458662680679,0.7616098440637377
ridge_own_flat12,6,C_Nusa_Tenggara,79,3.425498288953109,0.49122989597670885,0.45197523790820254,0.09936709785089737,0.16346627182645512
ridge_own_flat12,6,C_Olenyok_Delta,79,9.597111138588886,0.20095518598128218,0.3954757085895891,-0.011769391416039943,0.11219348899418347
ridge_own_flat12,6,C_Oregon_Coast,79,3.5033889631025787,-0.025118064602301326,0.9228646169932168,-0.3489929099879956,0.7987244194076355
ridge_own_flat12,6,C_Papua_New_Guinea_Island,79,2.6865020674110816,-0.03171343278445735,0.3701904135572262,-0.117762976271238,-0.012894996533112879
ridge_own_flat12,6,C_Patagonia,79,4.036437902950673,0.18043786222701735,0.5553668113693261,-0.003133516968402583,0.22368895530252664
ridge_own_flat12,6,C_Peru_Pacific_Coast,79,1.5448716037101928,0.15825478398507062,0.8765756676637493,0.017064057166088165,0.7489751435240339
ridge_own_flat12,6,C_Philippines,79,3.5055898498397995,0.32528474961741144,0.5037489081649558,0.08897804513827046,0.23222878611394226
ridge_own_flat12,6,C_Po_River_and_East_Italy_Coast,79,4.369643197189648,0.4300576233304919,0.8187065165868931,-0.0782915183134214,0.5752504007095491
ridge_own_flat12,6,C_Prince_of_Wales_Island,79,3.6394800475595965,-0.12331075795737093,0.2930001089330041,-0.2846206524020434,-0.07906005588816178
ridge_own_flat12,6,C_Puerto_Rico,79,2.0620641034719633,-0.09657135497283795,0.5346785242538735,-0.17201449895614185,0.20992509694171047
ridge_own_flat12,6,C_Sakhalin_Island,79,9.136031973941009,-0.1196817608204149,0.13429515936344952,-0.1635662269184388,-0.2850973235831691
ridge_own_flat12,6,C_Sardinia_and_Corsica,79,8.932563774553907,0.20747397652473043,0.4278495263330525,-0.008159691926661106,0.10900453185679171
ridge_own_flat12,6,C_Severnaya_Zemlya,79,34.07481111965437,0.31218673021064397,0.838979124976885,-1.157757243235106,0.3968139377790302
ridge_own_flat12,6,C_Seward_Peninsula_Alaskan_North_Slope,79,2.767557371176995,0.4837840072605815,0.758765560219473,0.052821493165686295,0.47855408015295653
ridge_own_flat12,6,C_Shelikhov_Gulf_Sea_of_Okhotsk_Coast,79,5.357599886365569,0.2209929239413086,0.8102123780378866,-0.162658942819778,0.5405825410028142
ridge_own_flat12,6,C_Sicily,79,4.615788039993277,-0.03744049527335333,0.1336764909558668,-0.031778374362204875,-0.08964191510367203
ridge_own_flat12,6,C_Solomon_Islands,79,8.345926738342202,0.3389897347189182,0.3394395176162404,0.10919233724644128,-0.0001759914179499944
ridge_own_flat12,6,C_Somerset_Island,79,3.854147796093034,-0.11417947400086557,0.6156153478900481,-0.5011890448115206,0.20080328469789455
ridge_own_flat12,6,C_South_Africa_South_Coast,79,2.609937913476326,0.5413703187834766,0.6431721643950652,0.04914451227115357,0.22198033739563028
ridge_own_flat12,6,C_South_Africa_West_Coast,79,1.990312912726631,0.23273244499457002,0.5749116517419371,0.02422233316726463,0.28948083828931437
ridge_own_flat12,6,C_South_Alaska_Coast_Frazer_River,79,8.09184368066349,0.43385198183061957,0.9323530087831128,-0.1718395181655883,0.8235127133119019
ridge_own_flat12,6,C_South_Amapa_Coast,79,10.077732522429192,0.552881875549026,0.8815390598039904,0.1680759601777695,0.7669056500937315
ridge_own_flat12,6,C_South_Australia_Coast,79,1.294737394554565,0.40759094017947656,0.8009409183175349,0.1246175004279132,0.620966451658677
ridge_own_flat12,6,C_South_Baffin_Island_Coast,79,4.994142724137658,0.30185885136288937,0.7056901766547357,-0.14548147202532435,0.303046059687035
ridge_own_flat12,6,C_South_Baltic_Coast,79,3.305300030865662,0.03055885546557728,0.7325241813131523,-0.19526035209223025,0.5264787815431046
ridge_own_flat12,6,C_South_Black_Sea_Coast,79,6.342266669396894,0.22679792337979998,0.7738628968071112,-0.20070037157711162,0.4987927270220699
ridge_own_flat12,6,C_South_Chile_South_Pacific_Coast,79,9.293884644172875,0.002028055681364703,0.9378401366717425,-3.3724149786261837,0.5612914100217593
ridge_own_flat12,6,C_South_East_Brazil_Coast,79,7.324109708034091,0.33799670782977237,0.6548019473353365,-0.5388777207275233,0.0016508598801735497
ridge_own_flat12,6,C_South_East_Russia_Coast,79,3.2371874076003455,0.18196587997537683,0.03944981581334138,-0.1484610040327099,-0.7301309446156043
ridge_own_flat12,6,C_South_Gulf_of_Aden_Coast,79,2.7859211019712142,0.4059237347438491,0.1717490852018291,0.10705261849934122,-0.0370527438743713
ridge_own_flat12,6,C_South_Gulf_of_Oman_West_Arabian_Sea_Coast,79,1.9674827505103627,0.2782525786932232,0.5130391404530442,-0.36722638366736704,-0.07044207455302476
ridge_own_flat12,6,C_South_Hudson_Strait_Ungava_Bay_Coast,79,4.294533828559908,0.13391521625352287,0.806774854101976,-0.3541543288054061,0.5135610326636537
ridge_own_flat12,6,C_South_Mediterranean_Coast,79,1.4498175424470205,-0.15252257521205498,0.2869887822862632,-0.18962962131886418,-0.08800823630361587
ridge_own_flat12,6,C_South_Zambezia_Coast,79,4.668514368136915,0.06593374802969804,0.8310151056485231,-0.28498754661930126,0.6049830254638005
ridge_own_flat12,6,C_Southhampton_Coats_Islands,79,3.868142701419391,0.2595990217000161,0.5732660215339853,0.04260293076477906,0.3044179471825823
ridge_own_flat12,6,C_Southwest_Hudson_Bay_Coast,79,2.7716044760017384,0.19349459327900714,0.8401977696288949,-0.028994533143585022,0.6726209529504081
ridge_own_flat12,6,C_Southwest_Mediterranean_Coast,79,2.682550486367875,0.04011812374185233,0.6703572317939617,-0.5060641109086634,-0.13084729991410704
ridge_own_flat12,6,C_Sri_Lanka,79,2.233543640888586,0.28162954156103914,0.9159337269250667,-0.6064131233703578,0.7194653637942647
ridge_own_flat12,6,C_Sulawesi,79,3.448627191949405,0.18084828900651853,0.2037545408204686,-0.022585274675997358,-0.22518312781456307
ridge_own_flat12,6,C_Sumatra,79,3.9706520544367843,-0.07972189819429966,0.49477287914945756,-0.683852312147214,-0.43866286112173714
ridge_own_flat12,6,C_Svalbard,79,32.12834324168856,0.6339457984310661,0.9660278125158671,-0.39723830327503773,0.8519249119089929
ridge_own_flat12,6,C_Sweden_Coast,79,3.8185249989603323,-0.07717774068406033,0.7132866559089066,-0.08190542940458778,0.5062830608481175
ridge_own_flat12,6,C_Taiwan,79,2.008571290687016,0.20718190613831453,0.6490228571387084,-0.03394127906795208,0.37492563576590476
ridge_own_flat12,6,C_Tasmania,79,2.9352256217597144,0.3134303425064172,0.7452998072611802,0.04792145718431484,0.5408331608541428
ridge_own_flat12,6,C_Texas_Gulf_Coast,79,4.971912588646304,0.029374668473384234,0.5276386122411452,-0.3119863467476329,0.1476484952375784
ridge_own_flat12,6,C_Thar_Desert_Sabarmati_River_Gulf_of_Cambay_Luni_Delta,79,5.690859883626395,0.5214983480415509,0.6619570658867955,0.25315828688572994,0.43372401425261764
ridge_own_flat12,6,C_US_East_Gulf_of_Mexico_North_Atlantic_Coast,79,5.102862962715255,0.5365081356183949,0.5352966690381872,0.2708756231466176,0.17579786123742336
ridge_own_flat12,6,C_US_North_Atlantic_Coast,79,3.145088251371848,0.18754788772789907,0.8286311888692283,-0.05475629010537886,0.6574907552170083
ridge_own_flat12,6,C_Uda_Basin,79,3.4881865769576543,0.3174586105303803,0.5718958253506653,0.08035000234002365,0.2817080799876239
ridge_own_flat12,6,C_Uruguay_South_Brazil_Coast,79,6.293994630380216,0.22343203848588108,0.32640379017269305,-0.10942297780711141,0.011603167451930685
ridge_own_flat12,6,C_Victoria_Island,79,3.0873999854565826,-0.1569494080465128,0.666472096027429,-0.42452356449816975,0.34754014509516373
ridge_own_flat12,6,C_Vietnam_Coast,79,4.193384570294919,0.46357356373876174,0.9553369939297367,0.06517458665166209,0.8967479872154593
ridge_own_flat12,6,C_West_Africa_Coast,79,2.280998490117192,0.28556451544603184,0.9802588994534847,0.059506624561797894,0.9568116544980422
ridge_own_flat12,6,C_West_Australia_Coast,79,2.182547460684845,0.15717607855584823,0.4759117438502466,-0.3147865922947357,-0.04803531865057176
ridge_own_flat12,6,C_West_Barents_Sea_Coast,79,3.392518247735342,-0.03661656367025165,0.8494654253898043,-0.043155544176961325,0.7000391036793412
ridge_own_flat12,6,C_West_Black_Sea_Coast,79,6.402738967377429,0.08174193874637788,0.724031150564908,-0.13265863552447743,0.4839480228391885
ridge_own_flat12,6,C_West_Caspian_Sea_Coast,79,4.184148034885589,0.3490686974055014,0.8409225104627025,0.051203032576159546,0.6553399027420146
ridge_own_flat12,6,C_West_Continental_Europe,79,3.3292537429267823,0.44355728034498704,0.8094157015649674,0.18155887812865346,0.6456367198444511
ridge_own_flat12,6,C_West_Italy_Coast,79,3.016229403164784,-0.15749895489783594,0.8624442788520218,-0.33435326694415646,0.6985523540595099
ridge_own_flat12,6,C_West_Mississippi_Delta,79,6.003471978981175,0.2839601084023864,0.7477746768124477,0.042931893084922734,0.5502918518785792
ridge_own_flat12,6,C_West_Nile_Delta,79,2.393953319437197,0.045327585923069055,0.4579468380367412,-0.5757329929514814,-0.23969080254969666
ridge_own_flat12,6,C_West_Red_Sea_Coast,79,2.472203696560672,0.1436625292787176,0.5160599230377388,-0.12336032349586956,0.11617768610252022
ridge_own_flat12,6,C_Yamal_Peninsula,79,3.9291231873113857,0.06388521624653397,0.8139174622080665,-0.1461909967581816,0.6133210505094282
ridge_own_flat12,6,C_Yellow_Sea_Coast,79,5.570241469049776,0.6516625953738306,0.6152412926842423,-0.17650907767503554,-0.12248547498616724
ridge_own_flat12,6,C_Yenisey_Gulf_Coast,79,4.134057372982253,-0.0025306000135172286,0.8581769772484723,-0.025245201312760424,0.7347067604310877
ridge_own_flat12,6,C_Ziya_He_Interior_Coast,79,7.886732763763309,0.7086719922567911,0.7259176186073016,-0.1150391099760224,-0.0434884821658752
ridge_own_flat12,6,E_Altai_Mountains,79,1.416396268749941,0.1936685504323875,0.20941856962861272,-0.07624847582550975,-0.13698333808553054
ridge_own_flat12,6,E_Amu_Darya,79,3.9581606902786697,0.1614069233561417,0.8774247951878592,-0.929159537451715,0.5343788356296104
ridge_own_flat12,6,E_Australia_Northwest_Plateau,79,5.910119126460608,0.5933506627897495,0.719674328906318,0.12048526143457927,0.31803151482289016
ridge_own_flat12,6,E_Badain_Jaran_Desert,79,1.2060556100443487,0.17902215387270745,0.5067341285416914,0.0020823103104608,0.23305453245960228
ridge_own_flat12,6,E_Central_Iran,79,3.1812472881901623,0.5025727805624414,0.82064611132266,0.1668780636519892,0.6372077763639341
ridge_own_flat12,6,E_Central_Mongolia,79,2.706151430688925,0.16470953661848017,0.21852167805880138,-0.18484084175548987,-0.19536410383522806
ridge_own_flat12,6,E_Dayan_Khyargas_Uvs_Nuur_Basins,79,1.7065718925573603,0.38834636059106664,0.49975766171362,0.1256221954922223,0.22523738904469137
ridge_own_flat12,6,E_East_Gobi_Desert,79,2.3317426869671687,0.4581145902310693,0.3601927447524181,-0.07858523072208556,-0.15287684124387568
ridge_own_flat12,6,E_Egyptian_Western_Desert,79,1.8375597624349824,0.06059135507518174,0.3879764988085748,-0.6904082901208739,-0.6244745970826828
ridge_own_flat12,6,E_Farahrud_Helmand_Hamun_i_Mashkel,79,3.5083874936325685,-4.650921650645384e-06,0.7009575366721127,-0.43552483410167997,0.3362230520872843
ridge_own_flat12,6,E_Great_Basin_Great_Salt_Lake,79,4.492600855074215,0.5783591751452143,0.7383419113009135,0.31105375538194857,0.5095844455360847
ridge_own_flat12,6,E_Great_Victoria_Desert,79,1.9250246665866813,0.2656514299359427,0.15169184991724066,-0.016178724301054714,-0.26415282630431647
ridge_own_flat12,6,E_Jordan_Northwest_Saudi_Arabia,79,3.422921261511998,0.12971952173959445,0.7231570668345854,-0.19594193165076512,0.40608631400618656
ridge_own_flat12,6,E_Junggar_Pendi,79,3.136376467145442,0.33556987152064927,0.7448434438534806,-0.5600944691532113,0.14809851675616326
ridge_own_flat12,6,E_La_Puna_Altiplano,79,2.2936121130087694,0.3560092950836635,0.7720517431239329,-0.09603719764985175,0.4911722687827156
ridge_own_flat12,6,E_Lake_Eyre_Basin,79,2.8083265339978034,0.6499729464174218,0.5579852671875057,0.38534253956565145,0.2831333848323655
ridge_own_flat12,6,E_Lake_Rukwa_Basin,79,15.601548651770251,0.23463588047061149,0.760076777978346,-0.9671639991333474,0.18719302070237143
ridge_own_flat12,6,E_Lakes_Balkash_Alakol,79,2.524407672099631,0.4926245932137858,0.8767525434791313,-0.13253744231014353,0.6638011944890058
ridge_own_flat12,6,E_Libyian_Desert,79,1.0589031691123583,-0.025715963931307092,0.5333492685427286,-0.04154647717153237,0.26921375594287633
ridge_own_flat12,6,E_Lower_Lake_Chad,79,8.062054455995643,0.36917952994503256,0.909478464488866,-1.8223362600126958,0.547605528278261
ridge_own_flat12,6,E_North_Central_Arabia,79,2.207541869749903,-0.13106996537664517,0.6360728619648781,-0.10530070797760582,0.3914871489454317
ridge_own_flat12,6,E_North_Plateau_of_Tibet,79,3.1080621505968478,0.2866995149586281,0.2649993033182568,-0.049917543273700904,-0.1596130751633078
ridge_own_flat12,6,E_Northern_Kordofan,79,3.048550153826708,0.21238080952415458,0.510459795295056,-0.24495448127127584,0.041617093968911556
ridge_own_flat12,6,E_Plateau_of_Tibet,79,1.9169397740961038,0.21695848851716068,0.6078205327472653,-0.05125201870329166,0.30338538234197987
ridge_own_flat12,6,E_Qinghai_Lake,79,2.32153564143354,0.6736984285218865,0.2966947330638627,0.4051169540716708,-0.22358118644011937
ridge_own_flat12,6,E_Rift_Valley,79,6.748014017130398,0.17618435167992016,0.4145810159723949,-0.7492998835485343,-1.851107451584836
ridge_own_flat12,6,E_Rub_al_Khali_Desert,79,1.5660152916171408,-0.0012422618210594259,0.41686805149515144,-0.09272623794902612,0.11114463497773397
ridge_own_flat12,6,E_Sahara,79,0.7941471528429268,-0.012390635516196364,0.2688444360905885,-0.04967255102515988,-0.010987421281376752
ridge_own_flat12,6,E_Saharan_and_Algerian_Atlas,79,2.187757568215351,-0.09899623572792228,0.8550212509184539,-2.022783018347256,0.07269260337915218
ridge_own_flat12,6,E_Salinas_Grande_Mar_Chiquita,79,3.1325223783806115,0.7236514041562377,0.7791279679304871,0.2368962529209011,0.2979446418749103
ridge_own_flat12,6,E_South_Interior_Africa,79,4.64077911298074,0.5410595305556251,0.7546880642372805,0.14973795560839598,0.5031946847557685
ridge_own_flat12,6,E_Syr_Darya,79,2.2160678218096774,0.3499650859934043,0.8608952682573616,-0.03793675226609872,0.7143960278628055
ridge_own_flat12,6,E_Tarim_He_Lop_Nur,79,1.4978462167364852,0.33138041921882655,0.7757484193511021,-0.15604453226756876,0.4439462056629411
ridge_own_flat12,6,E_Turpan_Pendi,79,3.030696958401079,0.12643845126319092,0.7054725085353929,-0.7218318784084974,0.14487335739100293
ridge_own_flat12,6,E_Upper_Lake_Chad,79,2.4862914780978675,0.3191134858397747,0.6398982760045155,-0.5843101647260156,-0.012645636578923591
ridge_own_flat12,6,R_Amazon_River,79,5.42383484501876,0.5896716570228251,0.9553455407009844,0.24027569603928467,0.8868753330477726
ridge_own_flat12,6,R_Amur_River,79,2.846320495244093,0.5343817663530273,0.019108189281099315,0.1014898761041898,-1.0906689594557282
ridge_own_flat12,6,R_Colorado_River_Argentina,79,3.8007550986903236,0.10153597456367369,0.3376936348074586,-0.35789301237551374,-0.29678336659907045
ridge_own_flat12,6,R_Colorado_River_of_the_West_North_America,79,2.7742013830961096,0.4683060610379242,0.7246791290897823,0.12793801554293516,0.4526474165458667
ridge_own_flat12,6,R_Columbia_River,79,3.426008786668259,0.22180071437406665,0.9767709273132934,-2.0758629439759138,0.8529116028216455
ridge_own_flat12,6,R_Congo_River,79,4.640303702108524,0.40716627147149226,0.6681695547992476,-0.20637289912305934,0.14947809767341558
ridge_own_flat12,6,R_Danube_River,79,3.4911610989418964,0.27857288201375613,0.8853859436308185,-0.4158495973553804,0.6807075101007214
ridge_own_flat12,6,R_Dnieper_River,79,5.097246676807249,0.5615932758692113,0.7049642485991053,0.3112775325659707,0.4837340182961717
ridge_own_flat12,6,R_Don_River,79,4.693081248353808,0.7468803650414506,0.8528176542680347,0.47403791068191303,0.6788476181549239
ridge_own_flat12,6,R_Ganges_Bramaputra_Basin,79,4.369629184118966,0.09561124141420838,0.9385028957196352,-0.639419333240111,0.8169535372879401
ridge_own_flat12,6,R_Indus_River,79,5.662046101547556,0.36357093592456435,0.8177517834614852,-1.0449471630982523,0.21581364924228752
ridge_own_flat12,6,R_Lena_River,79,1.96408475520734,0.1892291775485532,0.8618941753175756,-0.05306594968814271,0.7325828407132864
ridge_own_flat12,6,R_Limpopo_River,79,7.066886428218363,0.42018583903373824,0.6900517202009381,-0.22953380316439764,0.11045338376358349
ridge_own_flat12,6,R_Mackenzie_River,79,4.1803966640792005,0.7798224830525922,0.8155911251322312,0.49318440110204065,0.6395641385214309
ridge_own_flat12,6,R_Magdalena_River,79,5.023200490833116,0.4203238936896617,0.7228864787273143,0.15181875666551992,0.4875230827943734
ridge_own_flat12,6,R_Mekong_River,79,5.671167711328494,0.5545076353154886,0.91663490960919,0.21986144129041318,0.8279754355906357
ridge_own_flat12,6,R_Mississippi_River,79,3.6779879803423614,0.7752669360386775,0.9009256345463676,0.21282981835357395,0.63962680562163
ridge_own_flat12,6,R_Murray_Darling_River,79,3.523605782824799,0.6063843519611609,0.6009123762919378,0.3501094891110429,0.3343368647912133
ridge_own_flat12,6,R_Niger_River,79,3.528476250310898,0.1444058508763972,0.9515382765218579,-1.4867040821267836,0.7734848671824237
ridge_own_flat12,6,R_Nile_River,79,4.903745903898833,-0.12376607903029666,0.8120721770174092,-2.2081260767156463,0.18226374616220253
ridge_own_flat12,6,R_Ob_River,79,2.660161289151669,0.6692516856888799,0.8965180055731814,0.44767565246088725,0.7937225605470455
ridge_own_flat12,6,R_Orange_River,79,3.1369672132757693,0.5537785776165438,0.5735236817657892,0.10822113054524829,0.15362491323562166
ridge_own_flat12,6,R_Orinoco_River,79,6.509753107862084,0.3463954160122235,0.9108076883568738,0.08822158145697978,0.8247905139656782
ridge_own_flat12,6,R_Parana_River,79,6.138539512206743,0.3965513284082254,0.8132743393817478,-1.1358198673437747,-0.19556517350407066
ridge_own_flat12,6,R_Parnaiba_River,79,8.901323861002824,0.3596493849128269,0.8453669567426879,-1.0045527533962288,0.35402935444476624
ridge_own_flat12,6,R_Rio_Grande_Rio_Bravo,79,4.385143373451097,-0.09746448568244821,0.5710385359388623,-1.1673026888449978,-0.3358708065913769
ridge_own_flat12,6,R_Saint_Lawrence_River,79,5.153994329817767,0.8198508010307219,0.7844730528771551,0.5513875077869109,0.48028912605477325
ridge_own_flat12,6,R_Sao_Francisco_River,79,9.763693551257656,0.29022788658516085,0.6533916662279432,-0.5323257355160902,0.09110959434370713
ridge_own_flat12,6,R_Saskatchewan_Nelson_Rivers,79,4.241874276527421,0.1926096068078868,0.7215176038279884,-0.8632305604065997,0.2633374788721994
ridge_own_flat12,6,R_Senegal_River,79,2.909419300158761,0.197883453299711,0.9133530254152357,-0.1390502779433369,0.7958188668344259
ridge_own_flat12,6,R_Shebelli_Juba_Rivers,79,4.725166689132913,0.5431146029157302,0.5883665855612156,-0.12215479174627197,0.0707226317679771
ridge_own_flat12,6,R_Tigris_Euphrates_River,79,4.217214225829019,0.7352096674532255,0.8434414717170744,0.5349350064399745,0.7102244751382016
ridge_own_flat12,6,R_Tocantins_River,79,7.752093061538672,0.18528863649774738,0.895232829910299,-0.03955080583543591,0.7916156811038004
ridge_own_flat12,6,R_Volga_River,79,3.09961810855983,0.35429753876788844,0.9071555427595841,0.07384744771778395,0.8030714473759365
ridge_own_flat12,6,R_Volta_River,79,3.1175297342572263,0.30919715565246825,0.9361992486469842,0.05958700594615052,0.8671578569437133
ridge_own_flat12,6,R_Yangtze_River,79,3.928912879541467,0.2662272709891601,0.5668393732155984,-0.05502808207145393,0.2377885372601689
ridge_own_flat12,6,R_Yellow_River_Huang_He,79,2.357971113423024,0.13426188231994876,0.41130838807334924,-0.053459875776750154,0.09926428848983582
ridge_own_flat12,6,R_Yenisey_River,79,1.9216131806905241,-0.014234933649770487,0.9115129822345124,-0.7837187109980479,0.737804686972252
ridge_own_flat12,6,R_Yukon_River,79,2.5064782565935904,0.15945001058581157,0.9315212837676231,-0.9424478960495088,0.7365541296171649
ridge_own_flat12,6,R_Zambezi_River,79,5.61170458522322,0.5430366850317798,0.897960352959697,0.19526084110585396,0.7772371646485694
