name,fold,n_train_obs,n_fo_train,rho,q,r_grace,r_fo,r_ratio,r_fo_fallback,r_grace_at_boundary,r_fo_at_boundary,two_converged,rho_one,q_one,r_one,r_one_at_boundary,one_converged,loglik_one,loglik_two,lr_stat,lr_p,rho_two_raw,q_two_raw,r_grace_raw,r_fo_raw,r_ratio_raw,loglik_two_raw,lr_stat_raw,lr_p_raw
C_Aleutians_South_Alaska_Coast,f1,173,10,0.9235897212452003,0.14948617671475783,0.014555770798897813,0.014555770798897813,1.0,True,False,False,True,0.9235897212452003,0.14948617671475783,0.014555770798897813,False,True,-102.0009683256716,-102.0009683256716,0.0,1.0,0.9235030771296104,0.14950887850445466,0.013896246258764471,0.026196078336644505,1.8851190349424352,-101.96366833956972,0.07459997220374248,0.7847533212337969
C_Amazon_River_Delta,f1,173,10,0.7849902177186727,0.39176806389659646,1.222041096162577e-10,1.222041096162577e-10,1.0,True,True,False,True,0.7849902177186727,0.39176806389659646,1.222041096162577e-10,True,True,-169.98305254633414,-169.98305254633414,0.0,1.0,0.799900775612008,0.35192145314311335,1.7323528960696658e-08,0.6008769816189374,34685599.1629764,-166.21729737898158,7.531510334705104,0.006062905869093682
C_Angola_Coast,f1,173,10,0.8338767165034491,0.25641418360991364,0.15180693271168283,0.15180693271168283,1.0,True,False,False,True,0.8338767165034491,0.25641418360991364,0.15180693271168283,False,True,-185.78463598724923,-185.78463598724923,0.0,1.0,0.8311956816790943,0.2641013387812763,0.15201021520256358,0.04347958339416558,0.2860306679799524,-185.52311864671674,0.5230346810649849,0.4695500364366295
C_Balkan_Peninsula_and_Adriatic_Coast,f1,173,10,0.8344707728349495,0.25234656657774956,0.10263368481303498,0.10263368481303498,1.0,True,False,False,True,0.8344707728349495,0.25234656657774956,0.10263368481303498,False,True,-172.2505748580747,-172.2505748580747,0.0,1.0,0.8355646774563537,0.24904349375335,0.11020909331743593,0.009920374687505368,0.09001412123890405,-171.7190648257784,1.0630200645926493,0.30252738760019393
C_Banks_Island,f1,173,10,0.9319550739452411,0.03700190337722906,0.7324547078670984,0.7324547078670984,1.0,True,False,False,True,0.9319550739452411,0.03700190337722906,0.7324547078670984,False,True,-234.29036136224389,-234.29036136224389,0.0,1.0,0.9263851845204918,0.03752601761193149,0.6704363589804926,1.8075155580548365,2.6960285399847015,-231.74532441565884,5.090073893170086,0.024063166327623186
C_Beaufort_Sea_Coast,f1,173,10,0.8584806211346552,0.12423357174042282,0.4854132822726202,0.4854132822726202,1.0,True,False,False,True,0.8584806211346552,0.12423357174042282,0.4854132822726202,False,True,-219.69445248439666,-219.69445248439666,0.0,1.0,0.8540674244815133,0.12894145866985338,0.4965029724854725,0.2172255179108169,0.43751101191478337,-219.06154459230385,1.2658157841856337,0.2605531060405233
C_Bight_of_Benin_Coast,f1,173,10,0.9230321987465894,0.12335360191350195,0.1627461368779926,0.1627461368779926,1.0,True,False,False,True,0.9230321987465894,0.12335360191350195,0.1627461368779926,False,True,-161.5372219087796,-161.5372219087796,0.0,1.0,0.923122529395401,0.12271404481739369,0.1727440660411426,0.005427097764029679,0.031416985187422315,-159.72193924009053,3.6305653373781297,0.05672754382838431
C_Bismark_Sea_Islands,f1,173,10,0.7422682954810722,0.4996060915322327,0.010846104857511767,0.010846104857511767,1.0,True,False,False,True,0.7422682954810722,0.4996060915322327,0.010846104857511767,False,True,-193.11220082246172,-193.11220082246172,0.0,1.0,0.6144727096410075,0.3870463777126019,7.039191100999695e-06,5.269232121009076,748556.4811929524,-179.96089699127333,26.302607662376772,2.918942936529499e-07
C_Borneo,f1,173,10,0.6414074110368209,0.5756689784508622,1.7980162353652552e-08,1.7980162353652552e-08,1.0,True,True,False,True,0.6414074110368209,0.5756689784508622,1.7980162353652552e-08,True,True,-201.45463807099287,-201.45463807099287,0.0,1.0,0.6433728532067825,0.5718700219425541,3.4032384301172355e-07,0.04972386682018032,146107.50272488967,-201.41295205615089,0.0833720296839715,0.772778704126809
C_Buor_Khaya_Gulf_Coast,f1,173,10,0.9518603630102593,0.029510187918578474,0.6902523945027369,0.6902523945027369,1.0,True,False,False,True,0.9518603630102593,0.029510187918578474,0.6902523945027369,False,True,-228.9299812786274,-228.9299812786274,0.0,1.0,0.9539293071470627,0.027481454349832873,0.7204216553075753,0.2482010278911296,0.3445218866792159,-227.2940411042564,3.271880348742002,0.07047680033149903
C_California_and_Baja_California,f1,173,10,0.8789454584845843,0.22369568977066723,0.02717444896492646,0.02717444896492646,1.0,True,False,False,True,0.8789454584845843,0.22369568977066723,0.02717444896492646,False,True,-138.24739185118412,-138.24739185118412,0.0,1.0,0.8821184072157683,0.21763637205700442,0.028565571396832537,0.07741795723064893,2.7101840938225843,-138.14022488975422,0.2143339228597938,0.643391520564675
C_Canadian_South_Arctic_Ocean_Coast,f1,173,10,0.8437567239827363,0.1533348587129016,0.45997425043207274,0.45997425043207274,1.0,True,False,False,True,0.8437567239827363,0.1533348587129016,0.45997425043207274,False,True,-220.66532209407484,-220.66532209407484,0.0,1.0,0.8353820582296209,0.1630483631973288,0.4712954450781917,0.11456956505912694,0.2430949975341241,-219.40482145121953,2.5210012857106108,0.11233923285631593
C_Capim_River_Delta,f1,173,10,0.8586662562016079,0.26368588888202665,6.3866437209579155e-09,6.3866437209579155e-09,1.0,True,True,False,True,0.8586662562016079,0.26368588888202665,6.3866437209579155e-09,True,True,-136.87181707601883,-136.87181707601883,0.0,1.0,0.8632307117704895,0.25103326764713696,8.198332215350043e-08,0.20195023129705872,2463308.7070921543,-136.1365958526177,1.4704424468022808,0.22527589854222546
C_Carribean_Coast,f1,173,10,0.8870591878733741,0.21255079081709868,7.935300032522012e-08,7.935300032522012e-08,1.0,True,False,True,True,0.8870591878733741,0.21255079081709868,7.935300032522012e-08,True,True,-118.72026771315748,-118.72026771315748,0.0,1.0,0.8925278826231162,0.2009188612872623,0.007195060143831292,1.72353115171437e-12,2.3954367541903663e-10,-118.67832873860095,0.08387794911305946,0.7721093360813674
C_Central_America_Gulf_of_Mexico_Caribbean_Coast,f1,173,10,0.7459163356416727,0.45706633501163785,3.0126674776055495e-08,3.0126674776055495e-08,1.0,True,True,True,True,0.7459163356416727,0.45706633501163785,3.0126674776055495e-08,True,True,-182.77377185173776,-182.77377185173776,0.0,1.0,0.7459381801046896,0.4570285594139506,1.4320284690191776e-10,1.4485259982307555e-07,1011.5203919255023,-182.7737722421194,-7.807632869116787e-07,1.0
C_Central_American_Pacific_Coast,f1,173,10,0.7269041475856189,0.4708509358494731,0.02274040320527584,0.02274040320527584,1.0,True,False,True,True,0.7269041475856189,0.4708509358494731,0.02274040320527584,False,True,-190.83826940281483,-190.83826940281483,0.0,1.0,0.7308728567806817,0.46254835746915185,0.02995154256688206,1.3798661252507368e-07,4.606995189544858e-06,-190.8034909167407,0.06955697214823431,0.7919829231724143
C_Chao_Phraya_River_Gulf_of_Thailand_Coast,f1,173,10,0.820924063728179,0.3442794466980638,2.860105402883623e-07,2.860105402883623e-07,1.0,True,False,True,True,0.820924063728179,0.3442794466980638,2.860105402883623e-07,True,True,-159.3417917821047,-159.3417917821047,0.0,1.0,0.8319582200318323,0.32027969121072425,0.015628348698540285,1.150193578800792e-10,7.359661605888165e-09,-159.26382783764632,0.15592788891677856,0.6929336239469949
C_Chukchi_Peninsula,f1,173,10,0.6969425045815466,0.28451070371567494,0.46451088596229717,0.46451088596229717,1.0,True,False,False,True,0.6969425045815466,0.28451070371567494,0.46451088596229717,False,True,-232.8476453410173,-232.8476453410173,0.0,1.0,0.6397855054167247,0.30828612796600213,0.3587387343690614,2.2589574200255735,6.296943161151968,-227.3929362702648,10.909418141505,0.0009567657301258468
C_Churchill_Seal_Rivers,f1,173,10,0.8631751846385487,0.2442518146462996,0.012570033828741715,0.012570033828741715,1.0,True,False,True,True,0.8631751846385487,0.2442518146462996,0.012570033828741715,False,True,-137.18115164601267,-137.18115164601267,0.0,1.0,0.8696649689019549,0.23147303006030298,0.02132741255005205,2.4439018743399274e-18,1.1458970320963586e-16,-136.98720725679868,0.3878887784279641,0.5334112421364088
C_Columbia_Ecuador_Pacific_Coast,f1,173,10,0.4580525578369148,0.7915495178413154,1.013938192157051e-09,1.013938192157051e-09,1.0,True,True,False,True,0.4580525578369148,0.7915495178413154,1.013938192157051e-09,True,True,-227.19760714816059,-227.19760714816059,0.0,1.0,0.4743401005062176,0.7573915046875064,2.351983924409272e-08,0.4848435542845108,20614237.59119803,-226.1251972261938,2.1448198439335897,0.1430518280635768
C_Crimea_West_Azov_Sea_Coast,f1,173,10,0.8791851751087048,0.15267895671292564,0.27088944898082307,0.27088944898082307,1.0,True,False,False,True,0.8791851751087048,0.15267895671292564,0.27088944898082307,False,True,-192.4689868199146,-192.4689868199146,0.0,1.0,0.879949307790724,0.14945042730593536,0.2862212443551034,0.06176534151144733,0.2157957968864726,-191.23677930804658,2.4644150237360236,0.11645104967263434
C_Cuba,f1,173,10,0.5287163742192432,0.731209333221505,0.00010641804703024122,0.00010641804703024122,1.0,True,False,False,True,0.5287163742192432,0.731209333221505,0.00010641804703024122,False,True,-220.98406816192238,-220.98406816192238,0.0,1.0,0.5294545775894738,0.7102558210598969,1.786396085793635e-05,0.3267950357748552,18293.53738365763,-220.51123541881907,0.9456654862066216,0.3308250700659741
C_Deccan_Plateau_East_Indian_Subcontinent_Coast,f1,173,10,0.832227636804458,0.2982760511429543,0.010036609222764658,0.010036609222764658,1.0,True,False,True,True,0.832227636804458,0.2982760511429543,0.010036609222764658,False,True,-151.55213005263664,-151.55213005263664,0.0,1.0,0.838082644044316,0.28614517262297184,0.018549749685466545,5.141586137478051e-08,2.771781951055872e-06,-151.49335194492247,0.11755621542835115,0.7317002349615165
C_Denmark_Germany_Coast,f1,173,10,0.8871643622961576,0.0804922485837473,0.6217746946355551,0.6217746946355551,1.0,True,False,False,True,0.8871643622961576,0.0804922485837473,0.6217746946355551,False,True,-229.5445956234118,-229.5445956234118,0.0,1.0,0.8905957719305311,0.08428685895442803,0.6360229250179728,0.24823703757295826,0.39029573905051235,-228.67869854865302,1.7317941495175546,0.18818193018257653
C_East_Australia_Coast,f1,173,10,0.9072427220558412,0.17089694978822262,0.04204560840354503,0.04204560840354503,1.0,True,False,False,True,0.9072427220558412,0.17089694978822262,0.04204560840354503,False,True,-128.50245187607914,-128.50245187607914,0.0,1.0,0.8976765977506689,0.19090855646736998,0.024869646266882782,0.10214895633807194,4.107374718638309,-127.89528173639314,1.2143402793719815,0.27047424107268425
C_East_Azov_Sea_Northeast_Black_Sea_Coast,f1,173,10,0.8807323430037501,0.13737498833478237,0.3494239635066027,0.3494239635066027,1.0,True,False,False,True,0.8807323430037501,0.13737498833478237,0.3494239635066027,False,True,-203.56928751356105,-203.56928751356105,0.0,1.0,0.8794613975265745,0.1391965668622709,0.35186394329151577,0.27630044056445463,0.7852479511819217,-203.5131262175384,0.11232259204530237,0.7375152348802213
C_East_Barents_Sea_Coast,f1,173,10,0.8163022001580054,0.284902214592718,0.22157879818124182,0.22157879818124182,1.0,True,False,False,True,0.8163022001580054,0.284902214592718,0.22157879818124182,False,True,-204.3726545943367,-204.3726545943367,0.0,1.0,0.8302442124894462,0.25825027335550965,0.25326175083809,0.04541637045073862,0.17932581726394706,-203.49726273960627,1.7507837094608476,0.18577823950318867
C_East_Beaufort_Sea_Amundsen_Gulf_Coast,f1,173,10,0.8365973723092459,0.17412825649152,0.3709834016021388,0.3709834016021388,1.0,True,False,False,True,0.8365973723092459,0.17412825649152,0.3709834016021388,False,True,-211.35892157505174,-211.35892157505174,0.0,1.0,0.8292925693159457,0.1835079837219542,0.37790128333928746,0.11274807766879287,0.2983532542480554,-210.5486712015552,1.6205007469930592,0.20302197969599686
C_East_Brazil_South_Atlantic_Coast,f1,173,10,0.8324284138511968,0.28883983317898354,0.029803270794642494,0.029803270794642494,1.0,True,False,False,True,0.8324284138511968,0.28883983317898354,0.029803270794642494,False,True,-157.01669375902267,-157.01669375902267,0.0,1.0,0.8325572390045567,0.2885574739225642,0.03004880233503403,0.02886429042965195,0.9605803954455432,-157.01659555968283,0.0001963986796909012,0.988818627194887
C_East_Caspian_Sea_Coast,f1,173,10,0.936120869863667,0.10934992079315772,0.25840777847711965,0.25840777847711965,1.0,True,False,False,True,0.936120869863667,0.10934992079315772,0.25840777847711965,False,True,-183.2960416080605,-183.2960416080605,0.0,1.0,0.9453096183485403,0.09065260228905149,0.25426147068507576,0.742490227029461,2.920183797525098,-181.6948118829162,3.202459450288586,0.07352762008821061
C_East_Central_Africa_Coast,f1,173,10,0.7494107750964503,0.4225352742910209,0.02730239219707984,0.02730239219707984,1.0,True,False,False,True,0.7494107750964503,0.4225352742910209,0.02730239219707984,False,True,-183.73080560004428,-183.73080560004428,0.0,1.0,0.750796558727989,0.41763019992473555,0.02729806771167868,0.09182817392315273,3.3639074711455397,-183.65140547665774,0.15880024677306892,0.6902635106748704
C_East_China_Coast,f1,173,10,0.7683718520704064,0.2902633568921743,0.3154538752705549,0.3154538752705549,1.0,True,False,False,True,0.7683718520704064,0.2902633568921743,0.3154538752705549,False,True,-217.97791353335884,-217.97791353335884,0.0,1.0,0.8157622178355849,0.2044265260396023,0.29516841760675977,2.148924067021072,7.280331969269121,-210.53889537822445,14.878036310268783,0.00011469061098109135
C_East_Hudson_Bay_Coast,f1,173,10,0.774778499917751,0.36737855890134974,0.16525362922264197,0.16525362922264197,1.0,True,False,False,True,0.774778499917751,0.36737855890134974,0.16525362922264197,False,True,-205.35577719267837,-205.35577719267837,0.0,1.0,0.7384288818158163,0.38619670306254206,0.10582562409315031,1.1722218300655731,11.076918658507081,-201.0419025260557,8.627749333245333,0.0033108037122254116
C_East_Mediterranean_Coast,f1,173,10,0.8717464993162507,0.2086060195235005,0.08627506306991349,0.08627506306991349,1.0,True,False,False,True,0.8717464993162507,0.2086060195235005,0.08627506306991349,False,True,-157.88158086625788,-157.88158086625788,0.0,1.0,0.8706752985782892,0.2101435028255317,0.0816966959950071,0.14677904690474028,1.7966338187496675,-157.7090577627888,0.34504620693815014,0.5569308375824518
C_East_Mississippi_Delta,f1,173,10,0.9098326620821461,0.16786059800106587,0.13083909596223053,0.13083909596223053,1.0,True,False,False,True,0.9098326620821461,0.16786059800106587,0.13083909596223053,False,True,-163.5419197802403,-163.5419197802403,0.0,1.0,0.8955244619425861,0.17928570234446867,0.11073023868374843,0.36086721958519624,3.2589762640704913,-162.3620257209939,2.3597881184928156,0.12449909796143885
C_East_Nile_Delta,f1,173,10,0.6252168842562257,0.2297227421162187,0.6205144406192816,0.6205144406192816,1.0,True,False,False,True,0.6252168842562257,0.2297227421162187,0.6205144406192816,False,True,-239.87144122177145,-239.87144122177145,0.0,1.0,0.6020632780999968,0.23459057308676753,0.6017645549265277,0.973790601122976,1.6182252562912596,-239.6087933388449,0.5252957658531159,0.4685913597989064
C_East_Ob_Bay_Coast,f1,173,10,0.8565107057030331,0.18938991743455622,0.31163359314736044,0.31163359314736044,1.0,True,False,False,True,0.8565107057030331,0.18938991743455622,0.31163359314736044,False,True,-205.7917072994234,-205.7917072994234,0.0,1.0,0.8587119545550033,0.1860287481381262,0.3227722147660831,0.17110146750338828,0.5300997411669638,-205.48486422892032,0.6136861410061556,0.43340327906750786
C_East_Red_Sea_North_Gulf_of_Aden_Coast,f1,173,10,0.24265061626360163,0.9367510385342248,9.354666144167621e-08,9.354666144167621e-08,1.0,True,True,False,True,0.24265061626360163,0.9367510385342248,9.354666144167621e-08,True,True,-240.38277185157185,-240.38277185157185,0.0,1.0,0.23715328650710066,0.9110023220533926,2.0000720953374695e-07,0.4519228454249142,2259532.7762355576,-239.9989187962946,0.7677061105545135,0.38092762215424913
C_East_Timor_Islands,f1,173,10,0.43213242594233087,0.8171492056323364,2.875100032227103e-06,2.875100032227103e-06,1.0,True,True,False,True,0.43213242594233087,0.8171492056323364,2.875100032227103e-06,False,True,-229.7401172138195,-229.7401172138195,0.0,1.0,0.4159291430313725,0.729946311993354,4.803121670537786e-07,1.6416582704918097,3417898.573258503,-225.76926487409202,7.941704679454972,0.00483083059262276
C_Ellef_Ringnes_Bathurst_Devon_Islands,f1,173,10,0.9846265522667944,0.049297894684773386,0.17962102385389636,0.17962102385389636,1.0,True,False,False,True,0.9846265522667944,0.049297894684773386,0.17962102385389636,False,True,-144.65393653054886,-144.65393653054886,0.0,1.0,0.9849702893390987,0.04841311467662596,0.17836869061090815,0.22209242652707076,1.2451312265981767,-144.5964017078837,0.1150696453303226,0.7344446289153828
C_Ellesmere_Island,f1,173,10,0.9447057282829054,0.1301369401454209,0.004786514016986383,0.004786514016986383,1.0,True,False,True,True,0.9447057282829054,0.1301369401454209,0.004786514016986383,False,True,-82.84152842465038,-82.84152842465038,0.0,1.0,0.9514969220763233,0.11670576633483574,0.013302496797069768,1.1203752775516377e-07,8.42229315776592e-06,-82.74596952441856,0.19111780046364402,0.6619879057988745
C_Great_Britain,f1,173,10,0.3915349397797154,0.5270025776302296,0.3675548740685283,0.3675548740685283,1.0,True,False,True,True,0.3915349397797154,0.5270025776302296,0.3675548740685283,False,True,-239.62888036472157,-239.62888036472157,0.0,1.0,0.430519514441982,0.4593048304601515,0.4515256838896466,8.643291195975913e-07,1.9142413165777614e-06,-238.50696243116954,2.2438358671040532,0.134147831818369
C_Greater_Dniester_Basin,f1,173,10,0.8791902974172919,0.19663952740899998,0.11687031983373845,0.11687031983373845,1.0,True,False,False,True,0.8791902974172919,0.19663952740899998,0.11687031983373845,False,True,-165.13162919830305,-165.13162919830305,0.0,1.0,0.8786395219946718,0.19922210556744602,0.10823331179035918,0.22710309825150357,2.098273576728275,-164.69021499647968,0.8828284036467267,0.34742817102363344
C_Gulf_of_Darien_Coast,f1,173,10,0.8620624350860498,0.2095339667080244,0.16602451202130708,0.16602451202130708,1.0,True,False,False,True,0.8620624350860498,0.2095339667080244,0.16602451202130708,False,True,-180.80828128641966,-180.80828128641966,0.0,1.0,0.8648502068281769,0.20473776220594564,0.16271859714134176,0.29429912702745625,1.8086385465320851,-180.5476048684066,0.5213528360260966,0.47026517051600436
C_Gulf_of_Guinea_Coast,f1,173,10,0.8257904134695007,0.2819626764152838,0.11323590684901301,0.11323590684901301,1.0,True,False,False,True,0.8257904134695007,0.2819626764152838,0.11323590684901301,False,True,-181.12379488663416,-181.12379488663416,0.0,1.0,0.8359882154092754,0.2598369416937213,0.12364281964922799,0.23686744520599295,1.9157395947292433,-180.97601678293816,0.2955562073919964,0.5866817854988854
C_Gydan_Bay_Coast,f1,173,10,0.8795143403743483,0.09743955339834846,0.5722025771851714,0.5722025771851714,1.0,True,False,False,True,0.8795143403743483,0.09743955339834846,0.5722025771851714,False,True,-226.70048596058896,-226.70048596058896,0.0,1.0,0.8810761774598352,0.09625818708688837,0.5797308113684584,0.46475417446618633,0.8016723716463009,-226.62862396712598,0.143723986925977,0.7046065775041196
C_Hainan,f1,173,10,0.8355733807055189,0.16024340493137146,0.4653384870807396,0.4653384870807396,1.0,True,False,False,True,0.8355733807055189,0.16024340493137146,0.4653384870807396,False,True,-222.0629563831931,-222.0629563831931,0.0,1.0,0.7788702353586676,0.21399242930889567,0.2815560777436351,2.863087698814816,10.168800907298259,-209.4348222384435,25.25626828949919,5.019616945966642e-07
C_Halmahera_Islands,f1,173,10,0.8474720982285302,0.2201827668519857,0.2024115002468488,0.2024115002468488,1.0,True,False,False,True,0.8474720982285302,0.2201827668519857,0.2024115002468488,False,True,-190.56280643787426,-190.56280643787426,0.0,1.0,0.8528819752607096,0.2081046516811079,0.2213900881191391,0.03635085388830808,0.16419368273048518,-189.4195136479693,2.2865855798099233,0.13049672024812597
C_Hispaniola,f1,173,10,0.3510003674138726,0.8787000106230126,2.3125168496165615e-07,2.3125168496165615e-07,1.0,True,False,True,True,0.3510003674138726,0.8787000106230126,2.3125168496165615e-07,True,True,-235.44388992712828,-235.44388992712828,0.0,1.0,0.35097070195422864,0.8787109051028641,1.0624244929723564e-05,2.3244877187074691e-07,0.02187908631703534,-235.44389791724373,-1.5980230898549053e-05,1.0
C_Hokkaido,f1,173,10,0.6930501116774834,0.2495197272077813,0.527613465529657,0.527613465529657,1.0,True,False,False,True,0.6930501116774834,0.2495197272077813,0.527613465529657,False,True,-235.2663964819197,-235.2663964819197,0.0,1.0,0.6199606838009054,0.3553779061640208,0.4602898016753476,0.09732241114761271,0.21143725277723255,-234.7024277271391,1.1279375095612068,0.2882156997312374
C_Hub_Porali_Basin,f1,173,10,0.7192136974908248,0.4576365279948312,0.0497182547718305,0.0497182547718305,1.0,True,False,False,True,0.7192136974908248,0.4576365279948312,0.0497182547718305,False,True,-194.6818520885177,-194.6818520885177,0.0,1.0,0.7140699684896485,0.4589531620082221,0.03739726790842226,0.26339668428135726,7.043206603390339,-194.09189584877225,1.1799124794908948,0.277373813709218
C_Iberian_Atlantic_Coast,f1,173,10,0.837633721408542,0.2720364895336025,0.07556393690513355,0.07556393690513355,1.0,True,False,False,True,0.837633721408542,0.2720364895336025,0.07556393690513355,False,True,-168.81526439247966,-168.81526439247966,0.0,1.0,0.8313810675545277,0.2820334919984211,0.06014957694604818,0.21509745717690018,3.576042727114011,-168.04682390155816,1.5368809818430123,0.21508266247260024
C_Iceland,f1,173,10,0.930531358917259,0.11601387762652927,0.14156807485765707,0.14156807485765707,1.0,True,False,False,True,0.930531358917259,0.11601387762652927,0.14156807485765707,False,True,-152.9032052096289,-152.9032052096289,0.0,1.0,0.9323962929267242,0.11234549815726289,0.1475879408416838,0.09353132971908493,0.6337328726566834,-152.7231231332453,0.36016415276719727,0.5484150833964596
C_India_West_Coast,f1,173,10,0.8916684433383804,0.17675088150204643,0.17174579938205065,0.17174579938205065,1.0,True,False,True,True,0.8916684433383804,0.17675088150204643,0.17174579938205065,False,True,-176.38165729573413,-176.38165729573413,0.0,1.0,0.8963903327616259,0.16966391405433928,0.1868209351942107,2.777553261696456e-08,1.486746257216321e-07,-174.54359551923068,3.676123553006903,0.05519703994710801
C_Indian_Ocean_Africa_Coast,f1,173,10,0.7242130573592764,0.48691814224942037,5.7413174173588175e-08,5.7413174173588175e-08,1.0,True,True,True,True,0.7242130573592764,0.48691814224942037,5.7413174173588175e-08,True,True,-187.96621185351347,-187.96621185351347,0.0,1.0,0.7242198306357367,0.48690695406543,2.792938784758108e-10,1.6080010563719795e-07,575.738023743061,-187.9662120936988,-4.803706588063505e-07,1.0
C_Ireland,f1,173,10,0.3640134291185192,0.4429277049907298,0.484798223419113,0.484798223419113,1.0,True,False,False,True,0.3640134291185192,0.4429277049907298,0.484798223419113,False,True,-242.23021864434583,-242.23021864434583,0.0,1.0,0.27777542884540835,0.6413511080140696,0.32089987503510337,5.313306318591374e-06,1.655752068463769e-05,-241.89553248806638,0.6693723125588917,0.4132705330442418
C_Irrawaddy_Sittang_Salween_Basin,f1,173,10,0.7139372060568518,0.41373216377374844,0.15746012504853835,0.15746012504853835,1.0,True,False,False,True,0.7139372060568518,0.41373216377374844,0.15746012504853835,False,True,-208.66354586079984,-208.66354586079984,0.0,1.0,0.7525969958547121,0.32670380739442284,0.20594542103760952,0.5975200596923655,2.901351516736306,-208.11447407146198,1.0981435786757174,0.29467387241653853
C_Jamaica,f1,173,10,0.26292642054670107,0.9404757450510726,0.0009220497824713649,0.0009220497824713649,1.0,True,False,False,True,0.26292642054670107,0.9404757450510726,0.0009220497824713649,False,True,-240.9129185874578,-240.9129185874578,0.0,1.0,0.2789107680494769,0.8701328967887203,0.07071497103032647,2.660048551213199e-05,0.00037616483644919036,-240.8942944047491,0.03724836541738341,0.846960255610012
C_Japan,f1,173,10,0.8794925358919357,0.19393465192790793,0.15754442469891888,0.15754442469891888,1.0,True,False,False,True,0.8794925358919357,0.19393465192790793,0.15754442469891888,False,True,-176.05752193250333,-176.05752193250333,0.0,1.0,0.879577140242042,0.19372009291826464,0.16091965843356087,0.10198514109766367,0.6337643398601323,-175.95712844904546,0.20078696691575715,0.6540863774802498
C_Java,f1,173,10,0.648273363795502,0.5780165049296399,1.1276179065452358e-07,1.1276179065452358e-07,1.0,True,True,False,True,0.648273363795502,0.5780165049296399,1.1276179065452358e-07,True,True,-201.88074929065843,-201.88074929065843,0.0,1.0,0.6484997339530981,0.5774205811992482,1.7353426609981943e-07,0.007970764917041183,45931.936649654446,-201.87976068601796,0.0019772092809375863,0.9645330955153698
C_Kamchatka_Peninsula,f1,173,10,0.671407685134002,0.5968145563946967,5.773085725330143e-07,5.773085725330143e-07,1.0,True,True,False,True,0.671407685134002,0.5968145563946967,5.773085725330143e-07,True,True,-204.91978896180132,-204.91978896180132,0.0,1.0,0.6736439473079254,0.5728092593520933,8.005106713134673e-07,0.3476084473552049,434233.3710365829,-204.06108595161052,1.7174060203815884,0.19002728978201908
C_La_Plata_Delta,f1,173,10,0.9458450387920757,0.12043350747410812,0.10083026994615149,0.10083026994615149,1.0,True,False,False,True,0.9458450387920757,0.12043350747410812,0.10083026994615149,False,True,-139.9814895964101,-139.9814895964101,0.0,1.0,0.9453573461480654,0.12137700471952363,0.10057538759168198,0.09171271457238124,0.911880299628756,-139.978424407536,0.0061303777482066835,0.937592019478297
C_Labrador_Sea_Coast,f1,173,10,0.9746801625117341,0.052367504291005555,0.39673218182021264,0.39673218182021264,1.0,True,False,False,True,0.9746801625117341,0.052367504291005555,0.39673218182021264,False,True,-197.58128836201175,-197.58128836201175,0.0,1.0,0.9727950114527109,0.048777487391924425,0.3898404325357249,0.670950791795747,1.7210908253706116,-197.16696135934467,0.8286540053341582,0.3626620263433826
C_Madagascar,f1,173,10,0.5765567189908792,0.6658736128067667,1.80540179498138e-08,1.80540179498138e-08,1.0,True,True,False,True,0.5765567189908792,0.6658736128067667,1.80540179498138e-08,True,True,-213.34489247764245,-213.34489247764245,0.0,1.0,0.5775349812323866,0.6608082247156031,3.653039916475514e-08,0.07264241469362073,1988546.9733302775,-213.30228083356423,0.08522328815644187,0.7703399316049537
C_Malaysian_Peninsula_Coast,f1,173,10,0.9599053456900356,0.07172726183585688,0.08741999646057852,0.08741999646057852,1.0,True,False,False,True,0.9599053456900356,0.07172726183585688,0.08741999646057852,False,True,-113.28200736155057,-113.28200736155057,0.0,1.0,0.9599107333509681,0.07161311459329674,0.08912092528853656,0.059407560243618554,0.6665949669090793,-113.16150187397203,0.24101097515708148,0.6234768869368141
C_Maluku,f1,173,10,0.6882172778690573,0.5089977494857473,0.022178291298529586,0.022178291298529586,1.0,True,False,False,True,0.6882172778690573,0.5089977494857473,0.022178291298529586,False,True,-196.39119552251412,-196.39119552251412,0.0,1.0,0.6965906554203914,0.4912103723835965,0.03645493895084405,2.0002297685970294e-06,5.4868553511888895e-05,-196.32610635659935,0.13017833182954064,0.7182472100052689
C_Melville_Prince_Patrick_Islands,f1,173,10,0.9310144150285902,0.046715602239658024,0.6572555408287706,0.6572555408287706,1.0,True,False,False,True,0.9310144150285902,0.046715602239658024,0.6572555408287706,False,True,-228.68825235564898,-228.68825235564898,0.0,1.0,0.9322199369151205,0.04343809458688833,0.597394526746743,1.8091806085877846,3.0284519318248817,-225.6243332612942,6.127838188709575,0.013306948518437044
C_Namibia_Coast,f1,173,10,0.8475638980251282,0.251365529223787,0.11200576599159111,0.11200576599159111,1.0,True,False,True,True,0.8475638980251282,0.251365529223787,0.11200576599159111,False,True,-175.224100755441,-175.224100755441,0.0,1.0,0.8571578118583346,0.23479129679135555,0.13055954509736747,3.6716219702274293e-07,2.812220253593287e-06,-174.36308073179183,1.7220400472983215,0.18943065775773915
C_Neva_River_Finland_Coast,f1,173,10,0.8154462004836879,0.30400212495405665,0.05785330852782162,0.05785330852782162,1.0,True,False,False,True,0.8154462004836879,0.30400212495405665,0.05785330852782162,False,True,-169.85198963264105,-169.85198963264105,0.0,1.0,0.8120792846058967,0.3119916706582479,0.05554347016709602,1.949022750552931e-06,3.5090042892342237e-05,-169.75104326395834,0.20189273736542646,0.6531974010441293
C_New_Brunswick_and_Nova_Scotia_Coast,f1,173,10,0.674306844521258,0.27565111388892766,0.4831958713262034,0.4831958713262034,1.0,True,False,False,True,0.674306844521258,0.27565111388892766,0.4831958713262034,False,True,-232.9340366126607,-232.9340366126607,0.0,1.0,0.6735075810794843,0.27964316401082484,0.4709127767653027,0.6134583335110518,1.30270055046052,-232.84913303652561,0.16980715227015253,0.6802832544318917
C_New_Siberian_Islands,f1,173,10,0.6318069978400057,0.32189666813685636,0.483256058533363,0.483256058533363,1.0,True,False,False,True,0.6318069978400057,0.32189666813685636,0.483256058533363,False,True,-236.76524932346985,-236.76524932346985,0.0,1.0,0.6397454681639952,0.3086069743327013,0.5017112773160427,0.3804326196156357,0.7582700186665128,-236.69872781492913,0.13304301708143385,0.7152975663156074
C_New_Zealand_North_Island,f1,173,10,0.533499610657404,0.544930545311623,0.23225389568016938,0.23225389568016938,1.0,True,False,False,True,0.533499610657404,0.544930545311623,0.23225389568016938,False,True,-230.27354373815717,-230.27354373815717,0.0,1.0,0.5775694480520612,0.4954451165529003,0.19830554517452623,1.3546585835813474,6.83116844962217,-226.26080093422655,8.025485607861242,0.004612365764852724
C_New_Zealand_South_Island,f1,173,10,0.4327912320983628,0.5596529184453978,0.2973072871407736,0.2973072871407736,1.0,True,False,False,True,0.4327912320983628,0.5596529184453978,0.2973072871407736,False,True,-236.62805160242084,-236.62805160242084,0.0,1.0,0.3982226509751334,0.6351241875233377,0.24618481399989411,0.00031952971261577816,0.0012979261694667959,-236.39493090248249,0.4662413998767079,0.49472140120239927
C_Nigerian_Delta,f1,173,10,0.29793306720830637,0.9083112509469234,9.532453932458339e-07,9.532453932458339e-07,1.0,True,True,False,True,0.29793306720830637,0.9083112509469234,9.532453932458339e-07,True,True,-237.99167574196696,-237.99167574196696,0.0,1.0,0.2979311966601866,0.9057492782821991,9.592136727370715e-07,0.04212866328156912,43919.99872286739,-237.9872286048404,0.008894274253123058,0.9248633353854216
C_North_Argentina_South_Atlantic_Coast,f1,173,10,0.9445127840805592,0.11761548023046121,0.03574033334295381,0.03574033334295381,1.0,True,False,True,True,0.9445127840805592,0.11761548023046121,0.03574033334295381,False,True,-103.00335557619097,-103.00335557619097,0.0,1.0,0.9453391137512023,0.11499099619149748,0.039465706882815546,1.975954022138901e-08,5.006762017480259e-07,-102.42335607265105,1.159999007079847,0.2814657463553888
C_North_Australia_Coast,f1,173,10,0.7954026717092375,0.37270833204098724,1.258940661992511e-07,1.258940661992511e-07,1.0,True,False,True,True,0.7954026717092375,0.37270833204098724,1.258940661992511e-07,True,True,-165.8215688607534,-165.8215688607534,0.0,1.0,0.8084893985883508,0.3454819227851395,0.018191665995501104,3.3196824802730696e-15,1.8248369781492495e-13,-165.7730997303187,0.09693826086936497,0.7555352458854514
C_North_Baffin_Island_Coast,f1,173,10,0.9799967685449886,0.03690545813073428,0.19522798681530273,0.19522798681530273,1.0,True,False,False,True,0.9799967685449886,0.03690545813073428,0.19522798681530273,False,True,-143.32755069720469,-143.32755069720469,0.0,1.0,0.9802155551806846,0.03664405948775346,0.20071263829990746,0.10646919400647345,0.5304558542416536,-142.84855003121956,0.9580013319702516,0.327690954977376
C_North_Brazil_South_Atlantic_Coast,f1,173,10,0.8589066564280043,0.2537881343158182,0.01351036166777009,0.01351036166777009,1.0,True,False,False,True,0.8589066564280043,0.2537881343158182,0.01351036166777009,False,True,-140.61735401661534,-140.61735401661534,0.0,1.0,0.8610890301982194,0.2492839109820178,0.014892041560520621,0.04263615128998893,2.8630158676845907,-140.5802060113292,0.07429601057225454,0.7851815111171371
C_North_Caspian_Sea_Coast,f1,173,10,0.9183962015756404,0.1400012131551769,0.11425539818249873,0.11425539818249873,1.0,True,False,False,True,0.9183962015756404,0.1400012131551769,0.11425539818249873,False,True,-150.24291154941895,-150.24291154941895,0.0,1.0,0.9196275442265103,0.13720696264319657,0.11846307792542372,0.0811211787876864,0.6847802725398944,-150.14682530553299,0.19217248777192708,0.6611145923863051
C_North_Chile_South_Pacific_Coast,f1,173,10,0.9447194651668271,0.08490149602228246,0.3007208750867483,0.3007208750867483,1.0,True,False,False,True,0.9447194651668271,0.08490149602228246,0.3007208750867483,False,True,-186.38824524839822,-186.38824524839822,0.0,1.0,0.9450365821727258,0.0861531758678685,0.3043905656402869,0.20644118579830203,0.6782115121211201,-186.24279484383416,0.290900809128118,0.5896438481273832
C_North_East_Bay_of_Bengal_Coast,f1,173,10,0.6287226551036191,0.5776868746960779,0.09175666444292428,0.09175666444292428,1.0,True,False,False,True,0.6287226551036191,0.5776868746960779,0.09175666444292428,False,True,-217.5995338801449,-217.5995338801449,0.0,1.0,0.6790720312221609,0.38543173116060053,0.12794323733348675,2.6094217609125865,20.395151907177972,-206.3306617059572,22.537744348375384,2.0605490005237237e-06
C_North_East_Siberian_Sea_Coast,f1,173,10,0.9303018979699489,0.14429816418748634,0.1717391048984452,0.1717391048984452,1.0,True,False,False,True,0.9303018979699489,0.14429816418748634,0.1717391048984452,False,True,-170.55717253397845,-170.55717253397845,0.0,1.0,0.9270815611519369,0.14885988181332918,0.15349505403560137,0.4154904293495641,2.706865259991999,-169.19723555281954,2.71987396231782,0.09910584078024506
C_North_Gulf_of_Oman_Coast,f1,173,10,0.7132720791490315,0.4835658369509,1.2166265303385262e-09,1.2166265303385262e-09,1.0,True,True,False,True,0.7132720791490315,0.4835658369509,1.2166265303385262e-09,True,True,-187.23073654989966,-187.23073654989966,0.0,1.0,0.7145712244970287,0.477544939492834,3.823502086876761e-07,0.08280849310564702,216577.60666554098,-187.15153737732152,0.1583983451562858,0.6906354224160048
C_North_Korea_Bay_Korean_Peninsula,f1,173,10,0.8564507754343774,0.23990615555178238,0.1580506597050511,0.1580506597050511,1.0,True,False,False,True,0.8564507754343774,0.23990615555178238,0.1580506597050511,False,True,-185.00649038828476,-185.00649038828476,0.0,1.0,0.8526419278023032,0.2493797467369259,0.15407638656247813,0.09621955329675674,0.624492535445979,-184.96594479395043,0.08109118866866538,0.7758240761674484
C_North_Siberia_Coast,f1,173,10,0.9385717446502536,0.074802167061992,0.3440123179844093,0.3440123179844093,1.0,True,False,False,True,0.9385717446502536,0.074802167061992,0.3440123179844093,False,True,-191.63697015799312,-191.63697015799312,0.0,1.0,0.9386411109618132,0.07431020500216998,0.3501969091297289,0.24960445408362852,0.7127545891364897,-191.47976191687647,0.3144164822332982,0.5749826162087175
C_North_St_Lawrence_Seaway_Coast,f1,173,10,0.6539102804920297,0.5609011905800043,1.7172611068658085e-10,1.7172611068658085e-10,1.0,True,True,False,True,0.6539102804920297,0.5609011905800043,1.7172611068658085e-10,True,True,-199.34653259401307,-199.34653259401307,0.0,1.0,0.6571037655729858,0.5537195906436381,1.206544662189934e-07,0.0958675795988051,794563.0410796484,-199.22915191933475,0.2347613493566314,0.6280156153514166
C_North_Vietnam_South_China_Coast,f1,173,10,0.8152734458220329,0.3235080416859047,0.00975293537450056,0.00975293537450056,1.0,True,False,True,True,0.8152734458220329,0.3235080416859047,0.00975293537450056,False,True,-157.8072304614955,-157.8072304614955,0.0,1.0,0.8252352359289931,0.30278228062033696,0.023831062213897688,1.627404949111454e-07,6.828923253628164e-06,-157.6268371506886,0.3607866216137836,0.5480696902671294
C_North_West_Africa_Coast,f1,173,10,0.8019985861331916,0.2127295670177068,0.3989036666867754,0.3989036666867754,1.0,True,False,False,True,0.8019985861331916,0.2127295670177068,0.3989036666867754,False,True,-219.82254479146465,-219.82254479146465,0.0,1.0,0.8126776342501312,0.20310831314286143,0.4235911272652213,0.10272239140195262,0.2425036427583987,-218.73562010112133,2.1738493806866472,0.14037447009478135
C_Northeast_South_America_Coast,f1,173,10,0.8484303451807768,0.2701844765464137,2.5752727249225647e-09,2.5752727249225647e-09,1.0,True,True,False,True,0.8484303451807768,0.2701844765464137,2.5752727249225647e-09,True,True,-138.80816067426537,-138.80816067426537,0.0,1.0,0.8581676922200304,0.2506623998524034,3.740658052413658e-08,0.2622823170696701,7011662.477419782,-136.53859143213768,4.539138484255375,0.03312826101947874
C_Northwest_Hudson_Bay_Coast,f1,173,10,0.7226199393875503,0.4936751337255104,3.7363054107318054e-08,3.7363054107318054e-08,1.0,True,True,False,True,0.7226199393875503,0.4936751337255104,3.7363054107318054e-08,True,True,-189.13944966718148,-189.13944966718148,0.0,1.0,0.7319496672491205,0.472764331770241,6.616429821264583e-08,0.26335550784948997,3980326.4746055366,-188.05766206249427,2.1635752093744145,0.14131555157987066
C_Northwest_Mediterranean_Coast,f1,173,10,0.7495302674237373,0.4333356719589289,0.009345001717047345,0.009345001717047345,1.0,True,False,False,True,0.7495302674237373,0.4333356719589289,0.009345001717047345,False,True,-180.8987957195477,-180.8987957195477,0.0,1.0,0.7473470550350728,0.438455287186935,0.0024065602506333,0.06760897302041699,28.09361328170583,-180.76656028246762,0.26447087416016757,0.6070651081514722
C_Norway_Coast,f1,173,10,0.714340207804322,0.42213465728912863,0.13293590162751706,0.13293590162751706,1.0,True,False,False,True,0.714340207804322,0.42213465728912863,0.13293590162751706,False,True,-205.59491507532874,-205.59491507532874,0.0,1.0,0.7164600210482619,0.4243328780910316,0.138514660107009,0.0010452909811458826,0.007546428517662657,-205.32226317018137,0.5453038102947403,0.4602429291778829
C_Novaya_Zemlya,f1,173,10,0.9626349655808575,0.0606043091895248,0.28856726278125194,0.28856726278125194,1.0,True,False,False,True,0.9626349655808575,0.0606043091895248,0.28856726278125194,False,True,-177.65343916096967,-177.65343916096967,0.0,1.0,0.9636931651260402,0.059548628627580036,0.2947022693163669,0.2038913930939598,0.6918555244482343,-177.47069255559956,0.365493210740226,0.5454711619157844
C_Nusa_Tenggara,f1,173,10,0.4831405323616068,0.7600418812970074,1.0434341404914974e-07,1.0434341404914974e-07,1.0,True,True,False,True,0.4831405323616068,0.7600418812970074,1.0434341404914974e-07,True,True,-223.89950697475976,-223.89950697475976,0.0,1.0,0.48310921608030905,0.7599992671126289,2.7319002060203082e-11,1.857866833358297e-06,68006.39456976145,-223.8995096804984,-5.411477275174548e-06,1.0
C_Olenyok_Delta,f1,173,10,0.905539580132713,0.0441490354082473,0.7561374668765357,0.7561374668765357,1.0,True,False,False,True,0.905539580132713,0.0441490354082473,0.7561374668765357,False,True,-236.9133670857317,-236.9133670857317,0.0,1.0,0.9151353019108326,0.03603560656570236,0.8031475966405266,0.2074306532997621,0.2582721459510313,-234.51483595984715,4.797062251769091,0.028508308554010677
C_Oregon_Coast,f1,173,10,0.6393204096800598,0.5789736705722296,6.018805367959363e-07,6.018805367959363e-07,1.0,True,False,False,True,0.6393204096800598,0.5789736705722296,6.018805367959363e-07,True,True,-201.92247511647747,-201.92247511647747,0.0,1.0,0.6394183307517043,0.5787839652745551,0.00017943828510270856,5.681148566973372e-06,0.03166073819598501,-201.92246392302056,2.2386913826721866e-05,0.9962248383302792
C_Papua_New_Guinea_Island,f1,173,10,0.848585245684878,0.24357911269760893,0.1490570711902961,0.1490570711902961,1.0,True,False,False,True,0.848585245684878,0.24357911269760893,0.1490570711902961,False,True,-183.21654198045977,-183.21654198045977,0.0,1.0,0.8472331807045553,0.24811089229551267,0.13689498203481013,0.28957929877746796,2.115339031958328,-182.74512204542225,0.9428398700750336,0.331548568315724
C_Patagonia,f1,173,10,0.6404281692724557,0.3398955135719618,0.4097129333217718,0.4097129333217718,1.0,True,False,False,True,0.6404281692724557,0.3398955135719618,0.4097129333217718,False,True,-231.1370177607103,-231.1370177607103,0.0,1.0,0.6487602127732971,0.32859284435678965,0.4109801123869463,0.5497220983711824,1.3375880773851354,-231.0621541980167,0.14972712538718724,0.6987962635199336
C_Peru_Pacific_Coast,f1,173,10,0.7716220254591101,0.37597919835509463,0.08689871110300007,0.08689871110300007,1.0,True,False,False,True,0.7716220254591101,0.37597919835509463,0.08689871110300007,False,True,-190.56754629109037,-190.56754629109037,0.0,1.0,0.7724932504775027,0.3743120252105219,0.08574287240642484,0.12874836460316977,1.501563465157746,-190.53490907276498,0.06527443665078181,0.7983457293914427
C_Philippines,f1,173,10,0.7773664210533754,0.3387045561975616,0.13280805619839975,0.13280805619839975,1.0,True,False,False,True,0.7773664210533754,0.3387045561975616,0.13280805619839975,False,True,-194.415861819175,-194.415861819175,0.0,1.0,0.7314932113663373,0.4136485740779066,0.03498319194102007,0.8229386838420735,23.52383067930186,-188.86421315659265,11.103297325164704,0.0008617436867919597
C_Po_River_and_East_Italy_Coast,f1,173,10,0.7487564744563664,0.42869281152345784,3.468610497603307e-07,3.468610497603307e-07,1.0,True,True,True,True,0.7487564744563664,0.42869281152345784,3.468610497603307e-07,True,True,-177.27316501129627,-177.27316501129627,0.0,1.0,0.7487591363558964,0.42869524178456114,6.026959251418194e-07,1.1414460190313487e-07,0.18939003424699727,-177.2731647440978,5.343969178284169e-07,0.9994167268362252
C_Prince_of_Wales_Island,f1,173,10,0.9446612751809158,0.06481280469957847,0.4854785240917402,0.4854785240917402,1.0,True,False,False,True,0.9446612751809158,0.06481280469957847,0.4854785240917402,False,True,-212.63397018612966,-212.63397018612966,0.0,1.0,0.946861574376612,0.06300682326578189,0.4979693553319103,0.3085320637100766,0.6195804227841119,-212.31180508046586,0.644330211327599,0.42214710092879437
C_Puerto_Rico,f1,173,10,0.2467357400018737,0.9412531468095264,1.0650742499871854e-08,1.0650742499871854e-08,1.0,True,True,True,True,0.2467357400018737,0.9412531468095264,1.0650742499871854e-08,True,True,-240.8082788796808,-240.8082788796808,0.0,1.0,0.24687163345258165,0.9410272237434977,7.846994371961596e-07,7.524857241923001e-12,9.589477047174091e-06,-240.80828129928628,-4.839210930640547e-06,1.0
C_Sakhalin_Island,f1,173,10,0.4163325080175228,0.8316631813030797,1.8682984227690978e-06,1.8682984227690978e-06,1.0,True,True,True,True,0.4163325080175228,0.8316631813030797,1.8682984227690978e-06,False,True,-231.14352842350422,-231.14352842350422,0.0,1.0,0.4162867917751684,0.8314807416477846,8.73051825591142e-08,2.619604612908587e-07,3.0005144438417006,-231.14352614329664,4.560415163723519e-06,0.9982961085568343
C_Sardinia_and_Corsica,f1,173,10,0.7346654211553055,0.26860164355356503,0.4134421006492928,0.4134421006492928,1.0,True,False,False,True,0.7346654211553055,0.26860164355356503,0.4134421006492928,False,True,-226.4496712386215,-226.4496712386215,0.0,1.0,0.7360784372698362,0.2676109814327476,0.4197200166358239,0.3175640899122053,0.756609352247654,-226.3888330620437,0.1216763531556353,0.7272234136075445
C_Severnaya_Zemlya,f1,173,10,0.8607319250463782,0.08969609298174648,0.666647256110804,0.666647256110804,1.0,True,False,False,True,0.8607319250463782,0.08969609298174648,0.666647256110804,False,True,-234.67846951565735,-234.67846951565735,0.0,1.0,0.829556524421552,0.09524698242648523,0.6136593031316198,1.7409978016896441,2.83707554469557,-232.6724292519507,4.012080527413332,0.045175372037549726
C_Seward_Peninsula_Alaskan_North_Slope,f1,173,10,0.8900496743557028,0.10852614519982233,0.44521609021878633,0.44521609021878633,1.0,True,False,False,True,0.8900496743557028,0.10852614519982233,0.44521609021878633,False,True,-213.0475316411873,-213.0475316411873,0.0,1.0,0.8881399799306043,0.1110183337548259,0.4505985609329283,0.30603458267994427,0.6791734577365807,-212.88428683985475,0.32648960266510585,0.5677334852303197
C_Shelikhov_Gulf_Sea_of_Okhotsk_Coast,f1,173,10,0.8156474349006165,0.22884713415427582,0.30918575770399737,0.30918575770399737,1.0,True,False,False,True,0.8156474349006165,0.22884713415427582,0.30918575770399737,False,True,-209.96624997575555,-209.96624997575555,0.0,1.0,0.8155011625935779,0.22893890392391164,0.31214608587871884,0.2574992257301083,0.8249317783537962,-209.9366005482953,0.0592988549204847,0.807607580237298
C_Sicily,f1,173,10,0.8458266121025163,0.10158317113716579,0.635920603175758,0.635920603175758,1.0,True,False,False,True,0.8458266121025163,0.10158317113716579,0.635920603175758,False,True,-232.73894359507057,-232.73894359507057,0.0,1.0,0.8081358449446778,0.14144583092618995,0.569058423060261,0.9904434711594792,1.740495230407292,-232.15919820637552,1.15949077739009,0.28157117374800855
C_Solomon_Islands,f1,173,10,0.5081315431598301,0.7436555298157593,1.7254534363677935e-07,1.7254534363677935e-07,1.0,True,True,False,True,0.5081315431598301,0.7436555298157593,1.7254534363677935e-07,True,True,-222.23701665265412,-222.23701665265412,0.0,1.0,0.43360146278389855,0.6213058356967579,6.358154978893436e-07,3.274183507565223,5149581.157480777,-215.1796829309898,14.114667443328642,0.0001719973807915233
C_Somerset_Island,f1,173,10,0.9240464403216647,0.11035499859987076,0.320290487749193,0.320290487749193,1.0,True,False,False,True,0.9240464403216647,0.11035499859987076,0.320290487749193,False,True,-195.32185937635995,-195.32185937635995,0.0,1.0,0.9245877328568944,0.10974731653906077,0.33236594017898513,0.12262361979753661,0.3689415941100991,-194.50890715401624,1.6259044446874213,0.20227045851316278
C_South_Africa_South_Coast,f1,173,10,0.81194369445689,0.28142136458747236,0.1548114263954225,0.1548114263954225,1.0,True,False,True,True,0.81194369445689,0.28142136458747236,0.1548114263954225,False,True,-190.2991585649933,-190.2991585649933,0.0,1.0,0.8139053554317516,0.28172742618954716,0.16305032992237864,9.821660714369341e-08,6.023698767763928e-07,-189.52829851249618,1.5417201049942264,0.2143619524845501
C_South_Africa_West_Coast,f1,173,10,0.5168325500940458,0.7107441096323074,8.559312364989234e-08,8.559312364989234e-08,1.0,True,True,True,True,0.5168325500940458,0.7107441096323074,8.559312364989234e-08,True,True,-218.40328867170098,-218.40328867170098,0.0,1.0,0.5168686308468456,0.7107909380290559,6.310711081406611e-09,7.768497360146437e-11,0.012310019045294173,-218.40328794126563,1.4608706919716496e-06,0.999035625220932
C_South_Alaska_Coast_Frazer_River,f1,173,10,0.9435057513039443,0.13882910653413089,1.0046412194333113e-08,1.0046412194333113e-08,1.0,True,True,True,True,0.9435057513039443,0.13882910653413089,1.0046412194333113e-08,True,True,-83.03260934872485,-83.03260934872485,0.0,1.0,0.9435056096069684,0.13883013529579655,1.7159478823378042e-09,4.559764913671464e-08,26.572863666810488,-83.03260883596379,1.025522124109557e-06,0.9991919978725078
C_South_Amapa_Coast,f1,173,10,0.6800053044980772,0.5474807309165018,3.902622773554283e-08,3.902622773554283e-08,1.0,True,True,False,True,0.6800053044980772,0.5474807309165018,3.902622773554283e-08,True,True,-197.55517947029077,-197.55517947029077,0.0,1.0,0.7375367116079761,0.3954809617477359,4.115187571170367e-08,2.6595112379763886,64626731.87992786,-180.2048124792271,34.70073398212736,3.844865953399342e-09
C_South_Australia_Coast,f1,173,10,0.9216006169672233,0.1149623439513265,0.2265734534707209,0.2265734534707209,1.0,True,False,False,True,0.9216006169672233,0.1149623439513265,0.2265734534707209,False,True,-176.35929981138966,-176.35929981138966,0.0,1.0,0.9215256733353426,0.11518289067139521,0.22670454525970393,0.22020027345854976,0.9713094777446869,-176.3586270103578,0.0013456020637363508,0.9707382029031458
C_South_Baffin_Island_Coast,f1,173,10,0.9656686991867072,0.024202767760115568,0.6729463162989546,0.6729463162989546,1.0,True,False,False,True,0.9656686991867072,0.024202767760115568,0.6729463162989546,False,True,-226.25406869270026,-226.25406869270026,0.0,1.0,0.9668671597291201,0.023205545724250216,0.660090220486071,0.9322010198167853,1.412232738625244,-226.00752856393163,0.49308025753725815,0.4825564802134321
C_South_Baltic_Coast,f1,173,10,0.9317112710504267,0.09846652469695345,0.2531805553273305,0.2531805553273305,1.0,True,False,False,True,0.9317112710504267,0.09846652469695345,0.2531805553273305,False,True,-178.81664435846636,-178.81664435846636,0.0,1.0,0.932621271281528,0.09675769376924188,0.2614302153745753,0.14135072727672773,0.5406824420589695,-178.4385008523145,0.7562870123037442,0.384492996250939
C_South_Black_Sea_Coast,f1,173,10,0.8691815299187797,0.18376019726472284,0.1830645046863443,0.1830645046863443,1.0,True,False,False,True,0.8691815299187797,0.18376019726472284,0.1830645046863443,False,True,-179.59570191532083,-179.59570191532083,0.0,1.0,0.870540600001137,0.1806024042466846,0.1910446304055635,0.09030093730104201,0.47266932919990784,-179.27341003890461,0.6445837528324319,0.42205581157968464
C_South_Chile_South_Pacific_Coast,f1,173,10,0.7857764471258754,0.3257593031559788,0.10882698378833792,0.10882698378833792,1.0,True,False,False,True,0.7857764471258754,0.3257593031559788,0.10882698378833792,False,True,-187.04899226429782,-187.04899226429782,0.0,1.0,0.7857448994025117,0.3258709546590164,0.10851616566590866,0.11270625387097118,1.0386125714943029,-187.04857552682049,0.0008334749546747844,0.9769682990466793
C_South_East_Brazil_Coast,f1,173,10,0.7916410892566447,0.3741889350765664,1.738139980543778e-08,1.738139980543778e-08,1.0,True,True,False,True,0.7916410892566447,0.3741889350765664,1.738139980543778e-08,True,True,-166.10773111986546,-166.10773111986546,0.0,1.0,0.7989342364412506,0.35770091098718493,3.960687411221615e-08,0.19086289440789753,4818933.548432411,-164.84892309976155,2.5176160402078267,0.11258066702762758
C_South_East_Russia_Coast,f1,173,10,0.6068065668865856,0.6448527181256496,5.476210457886757e-07,5.476210457886757e-07,1.0,True,True,False,True,0.6068065668865856,0.6448527181256496,5.476210457886757e-07,True,True,-210.88252811397024,-210.88252811397024,0.0,1.0,0.6072176995340508,0.6411886080833769,5.848909551783537e-07,0.05198722082588943,88883.61217696845,-210.86101329783028,0.04302963227991086,0.8356694863935489
C_South_Gulf_of_Aden_Coast,f1,173,10,0.6583614888149744,0.36333328646064444,0.3433316907672419,0.3433316907672419,1.0,True,False,False,True,0.6583614888149744,0.36333328646064444,0.3433316907672419,False,True,-226.75225343044903,-226.75225343044903,0.0,1.0,0.6610372100921718,0.35796894254186484,0.3453143784868274,0.3908929782302751,1.1319916070195912,-226.74394601329993,0.016614834298195547,0.8974379298441084
C_South_Gulf_of_Oman_West_Arabian_Sea_Coast,f1,173,10,0.4443341256671464,0.8054881292686163,7.665590156554765e-08,7.665590156554765e-08,1.0,True,True,True,True,0.4443341256671464,0.8054881292686163,7.665590156554765e-08,True,True,-228.5824008838574,-228.5824008838574,0.0,1.0,0.4443738761109844,0.8053936011731508,1.6342259348414911e-09,3.172901318800119e-08,19.415316151544673,-228.5823989503259,3.867062957851886e-06,0.9984309730510322
C_South_Hudson_Strait_Ungava_Bay_Coast,f1,173,10,0.628253123268791,0.6318682441108111,7.009043644846577e-08,7.009043644846577e-08,1.0,True,False,False,True,0.628253123268791,0.6318682441108111,7.009043644846577e-08,True,True,-209.3586821973677,-209.3586821973677,0.0,1.0,0.6282696195796973,0.6318157542402697,1.2062845332913919e-05,9.894914306755473e-05,8.202802932204422,-209.35866322204754,3.795064031919537e-05,0.9950847357778915
C_South_Mediterranean_Coast,f1,173,10,0.6716940972221509,0.14537630810282706,0.7293108959334866,0.7293108959334866,1.0,True,False,False,True,0.6716940972221509,0.14537630810282706,0.7293108959334866,False,True,-241.55004168139249,-241.55004168139249,0.0,1.0,0.7200479429108169,0.1163996554412421,0.7742401270485477,0.4211937999698926,0.5440092617977706,-241.09351738763047,0.9130485875240311,0.33930683061865796
C_South_Zambezia_Coast,f1,173,10,0.6732820483523118,0.5565647806754171,1.4426710698778215e-07,1.4426710698778215e-07,1.0,True,True,False,True,0.6732820483523118,0.5565647806754171,1.4426710698778215e-07,True,True,-198.903226874389,-198.903226874389,0.0,1.0,0.6837965499299845,0.5269918268964423,7.561338591580372e-07,0.4150042687312444,548850.2646784736,-197.49178149609358,2.822890756590823,0.09292890264226339
C_Southhampton_Coats_Islands,f1,173,10,0.38727598437821215,0.8349781668291084,2.3112309654502598e-08,2.3112309654502598e-08,1.0,True,True,True,True,0.38727598437821215,0.8349781668291084,2.3112309654502598e-08,True,True,-231.27407387610577,-231.27407387610577,0.0,1.0,0.3872596611268756,0.8349748034064985,1.4351249535842312e-08,6.57620491703426e-07,45.82322187771983,-231.2740762216572,-4.691102844844863e-06,1.0
C_Southwest_Hudson_Bay_Coast,f1,173,10,0.7244413054082838,0.45610147954042773,0.018712872982352264,0.018712872982352264,1.0,True,False,True,True,0.7244413054082838,0.45610147954042773,0.018712872982352264,False,True,-187.2145890359773,-187.2145890359773,0.0,1.0,0.7493182662429252,0.40547150741407156,0.055586856690533475,9.738386411965873e-12,1.7519224852345959e-10,-186.94738423843006,0.5344095950944734,0.4647588511182008
C_Southwest_Mediterranean_Coast,f1,173,10,0.9111447415118143,0.1271269663263873,0.2685707602740092,0.2685707602740092,1.0,True,False,False,True,0.9111447415118143,0.1271269663263873,0.2685707602740092,False,True,-188.21479835009492,-188.21479835009492,0.0,1.0,0.9108034427030254,0.1276413492869907,0.2705545089828758,0.2256238245990971,0.8339311196376236,-188.1829586854089,0.06367932937206433,0.8007723710197137
C_Sri_Lanka,f1,173,10,0.7667469068000152,0.26938691362007383,0.3610157237982416,0.3610157237982416,1.0,True,False,False,True,0.7667469068000152,0.26938691362007383,0.3610157237982416,False,True,-221.27608815706205,-221.27608815706205,0.0,1.0,0.7863728058582398,0.24383982921542138,0.39997667275606863,0.049533167488569396,0.12384014084435842,-219.77850083993323,2.995174634257637,0.08351290819007642
C_Sulawesi,f1,173,10,0.8423424615184659,0.25048996486372804,0.13893535647579414,0.13893535647579414,1.0,True,False,False,True,0.8423424615184659,0.25048996486372804,0.13893535647579414,False,True,-181.864645971128,-181.864645971128,0.0,1.0,0.8524156888105544,0.2319958051778388,0.1325504074571764,0.5238812466699622,3.952317135194131,-180.21475390573835,3.299784130779301,0.06928898839971821
C_Sumatra,f1,173,10,0.7979749741542523,0.2988335305786772,0.1886381764509585,0.1886381764509585,1.0,True,False,False,True,0.7979749741542523,0.2988335305786772,0.1886381764509585,False,True,-199.71846448207313,-199.71846448207313,0.0,1.0,0.7937415527283171,0.30499249382589627,0.17925712855380793,0.2704516497080957,1.5087358136885125,-199.62355300585443,0.189822952437396,0.6630640135078578
C_Svalbard,f1,173,10,0.9811576451630806,0.038660993815578644,0.1723884483401253,0.1723884483401253,1.0,True,False,False,True,0.9811576451630806,0.038660993815578644,0.1723884483401253,False,True,-136.2052930766275,-136.2052930766275,0.0,1.0,0.9811769316175173,0.03863361677203326,0.1726645632817014,0.1682598709552471,0.97448988812332,-136.20430779366623,0.0019705659225337513,0.9645926902745057
C_Sweden_Coast,f1,173,10,0.8317835784000495,0.2114593182354758,0.32275855482071975,0.32275855482071975,1.0,True,False,False,True,0.8317835784000495,0.2114593182354758,0.32275855482071975,False,True,-210.07688897035987,-210.07688897035987,0.0,1.0,0.8310208935975743,0.21863591311332567,0.3255644126540801,0.1512065988153059,0.4644444937412938,-209.80078593860978,0.5522060635001935,0.4574176962426276
C_Taiwan,f1,173,10,0.8110647927839046,0.16029929249593342,0.5086981039572287,0.5086981039572287,1.0,True,False,False,True,0.8110647927839046,0.16029929249593342,0.5086981039572287,False,True,-226.15531088169243,-226.15531088169243,0.0,1.0,0.5641555758939655,0.47254303585848645,4.701274585243495e-06,4.914011794002836,1045250.9643718934,-195.53567092127963,61.239279920825595,5.0543015788823796e-15
C_Tasmania,f1,173,10,0.7775500937230113,0.2351807204345937,0.38886350035063677,0.38886350035063677,1.0,True,False,False,True,0.7775500937230113,0.2351807204345937,0.38886350035063677,False,True,-220.6176236473314,-220.6176236473314,0.0,1.0,0.7768727304024776,0.23599162396377815,0.3889967832408438,0.3750131805347725,0.9640521379391113,-220.61638173206293,0.0024838305369598856,0.9602514503521582
C_Texas_Gulf_Coast,f1,173,10,0.8938285528459421,0.2041029219226559,1.8455592975068323e-09,1.8455592975068323e-09,1.0,True,True,False,True,0.8938285528459421,0.2041029219226559,1.8455592975068323e-09,True,True,-115.33612463287483,-115.33612463287483,0.0,1.0,0.8938127469429148,0.2016282175441891,2.1344062953307167e-09,0.03127778954465614,14654093.558981836,-115.26885923957207,0.13453078660552364,0.7137798545280643
C_Thar_Desert_Sabarmati_River_Gulf_of_Cambay_Luni_Delta,f1,173,10,0.8689686191183335,0.22407535576534282,0.06446690836596952,0.06446690836596952,1.0,True,False,False,True,0.8689686191183335,0.22407535576534282,0.06446690836596952,False,True,-154.07566866917153,-154.07566866917153,0.0,1.0,0.869085171107829,0.22386456632636192,0.06470337436919898,0.06293285743131434,0.9726364048993483,-154.0754524352648,0.00043246781348216246,0.9834084998773845
C_US_East_Gulf_of_Mexico_North_Atlantic_Coast,f1,173,10,0.8825136458877144,0.2080458547630099,0.002911263894896705,0.002911263894896705,1.0,True,False,True,True,0.8825136458877144,0.2080458547630099,0.002911263894896705,False,True,-118.76631935613521,-118.76631935613521,0.0,1.0,0.8826517840708272,0.20788449047660673,0.0031730912332910296,3.352690870217723e-07,0.00010566008424347819,-118.76332412418363,0.005990463903174259,0.9383068624082292
C_US_North_Atlantic_Coast,f1,173,10,0.754945590722777,0.43090143992253654,0.01107742045475106,0.01107742045475106,1.0,True,False,False,True,0.754945590722777,0.43090143992253654,0.01107742045475106,False,True,-181.00121429391464,-181.00121429391464,0.0,1.0,0.7789303175756613,0.3342664257931536,0.0465446595580992,0.8678471912054798,18.645472959624783,-177.76567930974247,6.471069968344352,0.010964450070254567
C_Uda_Basin,f1,173,10,0.6269661770012002,0.6012067877902815,5.12943823945573e-07,5.12943823945573e-07,1.0,True,True,True,True,0.6269661770012002,0.6012067877902815,5.12943823945573e-07,True,True,-205.04588913863248,-205.04588913863248,0.0,1.0,0.6270039205386206,0.6012192540485641,2.794542503797908e-07,3.984331392744396e-08,0.1425754443644894,-205.04588865091563,9.75433692929073e-07,0.9992119770475146
C_Uruguay_South_Brazil_Coast,f1,173,10,0.8775057199959928,0.25489403901464625,1.638712069250191e-08,1.638712069250191e-08,1.0,True,False,True,True,0.8775057199959928,0.25489403901464625,1.638712069250191e-08,True,True,-134.25830774355444,-134.25830774355444,0.0,1.0,0.8847181673285772,0.238929087308652,0.009922107195300118,8.284836618977467e-09,8.349876146169647e-07,-134.20193623600065,0.11274301510758278,0.7370426051420229
C_Victoria_Island,f1,173,10,0.8825958639028455,0.09512031630970247,0.560581940698956,0.560581940698956,1.0,True,False,False,True,0.8825958639028455,0.09512031630970247,0.560581940698956,False,True,-225.04717107313232,-225.04717107313232,0.0,1.0,0.8875823075111077,0.08964937649070456,0.5827009532127962,0.2967106090288129,0.5091987706436054,-224.45728030227642,1.1797815417118045,0.27740047380253297
C_Vietnam_Coast,f1,173,10,0.847171581158031,0.27105281121469255,0.11382761510185925,0.11382761510185925,1.0,True,False,False,True,0.847171581158031,0.27105281121469255,0.11382761510185925,False,True,-179.9208941233616,-179.9208941233616,0.0,1.0,0.8462845480051986,0.2523891127118767,0.10898943627241425,0.5265405329974684,4.831115298930474,-178.2895770189538,3.262634208815598,0.07087518598363295
C_West_Africa_Coast,f1,173,10,0.9001475127069566,0.15244883903299056,0.20316203310537745,0.20316203310537745,1.0,True,False,False,True,0.9001475127069566,0.15244883903299056,0.20316203310537745,False,True,-178.90545356809494,-178.90545356809494,0.0,1.0,0.8920462561490036,0.16800914205686712,0.1984961098688726,0.058290232074402815,0.29365931711664073,-178.50952787614168,0.7918513839065326,0.3735408941534666
C_West_Australia_Coast,f1,173,10,0.8148386998015231,0.28142413251626824,0.13730639229514882,0.13730639229514882,1.0,True,False,True,True,0.8148386998015231,0.28142413251626824,0.13730639229514882,False,True,-186.45424197144052,-186.45424197144052,0.0,1.0,0.8276709570535667,0.26001893819135435,0.1601987830192363,4.0895821078146825e-07,2.5528172129270264e-06,-185.2956111918821,2.3172615591168437,0.12794509396998735
C_West_Barents_Sea_Coast,f1,173,10,0.6688673620372662,0.423132240602805,0.2603911514553639,0.2603911514553639,1.0,True,False,False,True,0.6688673620372662,0.423132240602805,0.2603911514553639,False,True,-223.82509301661952,-223.82509301661952,0.0,1.0,0.6886371328830828,0.38196368066340886,0.2551731139745329,0.9679877904221005,3.7934552561000165,-222.170812521389,3.3085609904610465,0.0689198182642532
C_West_Black_Sea_Coast,f1,173,10,0.8564957747293503,0.17177752182154948,0.31482799013080726,0.31482799013080726,1.0,True,False,True,True,0.8564957747293503,0.17177752182154948,0.31482799013080726,False,True,-203.06075599890733,-203.06075599890733,0.0,1.0,0.8692545575323073,0.15119984837786024,0.3492211348401017,2.8885813118381664e-08,8.271496263136435e-08,-199.30078894720356,7.519934103407536,0.0061019912323648055
C_West_Caspian_Sea_Coast,f1,173,10,0.9407935215363672,0.09504386635463946,0.24538728763923648,0.24538728763923648,1.0,True,False,False,True,0.9407935215363672,0.09504386635463946,0.24538728763923648,False,True,-176.66576235152536,-176.66576235152536,0.0,1.0,0.9402932181328204,0.09736935753835795,0.2198512244747357,0.6260684185448642,2.847691296878854,-174.58168547034705,4.16815376235661,0.041190661193975714
C_West_Continental_Europe,f1,173,10,0.8154755495466431,0.30596705440919003,0.09241092729592063,0.09241092729592063,1.0,True,False,False,True,0.8154755495466431,0.30596705440919003,0.09241092729592063,False,True,-180.17632645007257,-180.17632645007257,0.0,1.0,0.8167809288810903,0.3021585171881428,0.09251850835395914,0.14250100069871255,1.540243171166675,-180.13280647684186,0.08703994646140245,0.7679745284613684
C_West_Italy_Coast,f1,173,10,0.8166102302445768,0.2543341335840767,0.21742162759180914,0.21742162759180914,1.0,True,False,False,True,0.8166102302445768,0.2543341335840767,0.21742162759180914,False,True,-198.4212920253365,-198.4212920253365,0.0,1.0,0.8117019469803215,0.2646562989212227,0.20094064840083284,0.3452420393639223,1.718129418370541,-198.1322767498335,0.5780305510060089,0.4470853190888713
C_West_Mississippi_Delta,f1,173,10,0.9000681948986308,0.1593713632143936,0.22105737641494155,0.22105737641494155,1.0,True,False,False,True,0.9000681948986308,0.1593713632143936,0.22105737641494155,False,True,-184.72946867011615,-184.72946867011615,0.0,1.0,0.8903948626265761,0.16585488002695858,0.2045433655015815,0.44487194928596535,2.174951742849492,-184.1179719081525,1.2229935239273004,0.2687739708100527
C_West_Nile_Delta,f1,173,10,0.593054314071578,0.3390824642966819,0.4837304151456222,0.4837304151456222,1.0,True,False,False,True,0.593054314071578,0.3390824642966819,0.4837304151456222,False,True,-237.3976789100579,-237.3976789100579,0.0,1.0,0.6085466365984258,0.2818423606927612,0.49044115617083234,1.44721701792756,2.9508474150637145,-235.91488255236203,2.965592715391722,0.08505328219157622
C_West_Red_Sea_Coast,f1,173,10,0.9490949915448255,0.033899859296811725,0.6796938927254068,0.6796938927254068,1.0,True,False,False,True,0.9490949915448255,0.033899859296811725,0.6796938927254068,False,True,-228.9199894343616,-228.9199894343616,0.0,1.0,0.9441994560600376,0.03350478628297941,0.6389277840328745,1.4674954184077764,2.296809522267183,-227.38634614571058,3.0672865773020703,0.07988270327872046
C_Yamal_Peninsula,f1,173,10,0.8601561796346383,0.07722771496628189,0.7071567431189834,0.7071567431189834,1.0,True,False,False,True,0.8601561796346383,0.07722771496628189,0.7071567431189834,False,True,-236.5079663177744,-236.5079663177744,0.0,1.0,0.8608478544646503,0.07653853848902012,0.7144576342665548,0.6013920100909363,0.8417462159366679,-236.45848424791794,0.09896413971290485,0.7530762657273744
C_Yellow_Sea_Coast,f1,173,10,0.7829656075073664,0.2640749324321942,0.3199788617098544,0.3199788617098544,1.0,True,False,False,True,0.7829656075073664,0.2640749324321942,0.3199788617098544,False,True,-215.5008307170011,-215.5008307170011,0.0,1.0,0.7992124315490439,0.24140483626131104,0.2592976940036871,1.6510435550585287,6.367366903907182,-209.04339479824068,12.91487183752082,0.0003259817232913057
C_Yenisey_Gulf_Coast,f1,173,10,0.8687504519508925,0.07415141029521592,0.6914347354597412,0.6914347354597412,1.0,True,False,False,True,0.8687504519508925,0.07415141029521592,0.6914347354597412,False,True,-234.75678041749023,-234.75678041749023,0.0,1.0,0.8736212103589714,0.07181208986585283,0.7056525729867708,0.48717812945183797,0.6903937548045636,-234.55222192789157,0.4091169791973357,0.522418032387379
C_Ziya_He_Interior_Coast,f1,173,10,0.8205186730290817,0.3037194933051935,0.040105364797937366,0.040105364797937366,1.0,True,False,False,True,0.8205186730290817,0.3037194933051935,0.040105364797937366,False,True,-164.13963167785624,-164.13963167785624,0.0,1.0,0.8247769049623032,0.29478768835558455,0.047281165611613954,0.023555085121670222,0.49819171792761907,-164.11140983360684,0.05644368849880266,0.8122077911846763
E_Altai_Mountains,f1,173,10,0.9224252953042741,0.09520222696890962,0.3726479580270571,0.3726479580270571,1.0,True,False,False,True,0.9224252953042741,0.09520222696890962,0.3726479580270571,False,True,-200.9256409422448,-200.9256409422448,0.0,1.0,0.9061710998921741,0.1209485595906784,0.3625234669145887,0.09040787532967011,0.24938489113304876,-200.0982989575427,1.654683969404175,0.19832261490466335
E_Amu_Darya,f1,173,10,0.8966174918355183,0.17865327085958752,0.041595370068635854,0.041595370068635854,1.0,True,False,True,True,0.8966174918355183,0.17865327085958752,0.041595370068635854,False,True,-130.69611386625422,-130.69611386625422,0.0,1.0,0.8969607964658903,0.1775364723369438,0.04465641989739274,5.440891776373181e-07,1.2183896041990699e-05,-130.3764717955602,0.6392841413880319,0.42397013885003154
E_Australia_Northwest_Plateau,f1,173,10,0.8804169226257227,0.22710949655757215,2.7568079978196328e-08,2.7568079978196328e-08,1.0,True,True,True,True,0.8804169226257227,0.22710949655757215,2.7568079978196328e-08,True,True,-124.33135737544771,-124.33135737544771,0.0,1.0,0.8804164656902045,0.22710946797193138,3.720209067519827e-12,1.0382655361474406e-08,2790.879537422414,-124.33135596925703,2.8123813535785303e-06,0.9986619357643665
E_Badain_Jaran_Desert,f1,173,10,0.8448381721296756,0.08729842436970771,0.7033210828272205,0.7033210828272205,1.0,True,True,False,True,0.8448381721296756,0.08729842436970771,0.7033210828272205,False,True,-237.18216183359735,-237.18216183359735,0.0,1.0,0.21259571312439568,0.8478277385648025,9.20901113662156e-07,1.4705320402317419,1596840.332165376,-236.65970170026205,1.0449202666706014,0.3066799026640457
E_Central_Iran,f1,173,10,0.8596118942193651,0.2414919342265853,0.13182233679375424,0.13182233679375424,1.0,True,False,False,True,0.8596118942193651,0.2414919342265853,0.13182233679375424,False,True,-178.95005755983738,-178.95005755983738,0.0,1.0,0.8863269053763128,0.1692476308657139,0.1650448798039468,0.8367306968452539,5.069716175619552,-177.48932076842627,2.921473582822216,0.08740800776988646
E_Central_Mongolia,f1,173,10,0.886024824520923,0.14866899543584214,0.341573351852682,0.341573351852682,1.0,True,False,False,True,0.886024824520923,0.14866899543584214,0.341573351852682,False,True,-204.86823486724123,-204.86823486724123,0.0,1.0,0.9023758989316987,0.121420969510829,0.3575503845820119,0.5968320610777806,1.6692250569818206,-204.75720451498546,0.22206070451153437,0.6374742309180725
E_Dayan_Khyargas_Uvs_Nuur_Basins,f1,173,10,0.8934120453709767,0.16602803203498145,0.11314213654882616,0.11314213654882616,1.0,True,False,False,True,0.8934120453709767,0.16602803203498145,0.11314213654882616,False,True,-156.34077843546814,-156.34077843546814,0.0,1.0,0.8929346515192153,0.16643926517550517,0.11647860203181935,0.04961672889835507,0.4259729086102947,-156.09286296146132,0.4958309480136336,0.48133771777444956
E_East_Gobi_Desert,f1,173,10,0.8187092594628199,0.2406846507615835,0.2837264219558609,0.2837264219558609,1.0,True,False,False,True,0.8187092594628199,0.2406846507615835,0.2837264219558609,False,True,-207.95367151030976,-207.95367151030976,0.0,1.0,0.8041135523098761,0.2767889620642891,0.27066239062183445,1.6329536079647445e-06,6.033175145660645e-06,-207.04028576521912,1.8267714901812724,0.1765093574060791
E_Egyptian_Western_Desert,f1,173,10,0.9520421280264889,0.03116334301502919,0.6967917253519298,0.6967917253519298,1.0,True,False,False,True,0.9520421280264889,0.03116334301502919,0.6967917253519298,False,True,-230.19667820050557,-230.19667820050557,0.0,1.0,0.9548034306511933,0.02634594885529228,0.685201050669925,1.137129431809168,1.659555878814532,-229.77280506319178,0.8477462746275819,0.3571906885241639
E_Farahrud_Helmand_Hamun_i_Mashkel,f1,173,10,0.8292374569310931,0.27812437854128125,0.09427072785009566,0.09427072785009566,1.0,True,False,False,True,0.8292374569310931,0.27812437854128125,0.09427072785009566,False,True,-175.3743615595549,-175.3743615595549,0.0,1.0,0.8307687940595906,0.2733265964125934,0.09247727794824724,0.19342760152494373,2.091622999902646,-175.17515132759507,0.39842046391964914,0.5279061244537224
E_Great_Basin_Great_Salt_Lake,f1,173,10,0.8924496224435967,0.20906035714761717,0.004734989995576031,0.004734989995576031,1.0,True,False,False,True,0.8924496224435967,0.20906035714761717,0.004734989995576031,False,True,-120.59060274121944,-120.59060274121944,0.0,1.0,0.893578255091631,0.2045584880358263,0.0019853347812869293,0.11188473100673572,56.35559909659672,-119.54580813027573,2.0895892218874224,0.14830594267693978
E_Great_Victoria_Desert,f1,173,10,0.8504964076447282,0.2508804022174169,0.05534812252736849,0.05534812252736849,1.0,True,False,True,True,0.8504964076447282,0.2508804022174169,0.05534812252736849,False,True,-157.22949554421365,-157.22949554421365,0.0,1.0,0.8640211176159568,0.22656890627400486,0.07461370523383329,4.268960652425812e-08,5.721416245242394e-07,-156.4369233406436,1.585144407140092,0.20802123660805585
E_Jordan_Northwest_Saudi_Arabia,f1,173,10,0.9076375423473559,0.04531680503868407,0.7261105466119929,0.7261105466119929,1.0,True,False,False,True,0.9076375423473559,0.04531680503868407,0.7261105466119929,False,True,-234.2632394051463,-234.2632394051463,0.0,1.0,0.9013128523705509,0.050732445027721056,0.6641534870994859,1.5783076982205282,2.376420102999637,-232.32410715466898,3.8782645009546286,0.04891509609437485
E_Junggar_Pendi,f1,173,10,0.906508762383546,0.14577274056369288,0.16761375743550214,0.16761375743550214,1.0,True,False,False,True,0.906508762383546,0.14577274056369288,0.16761375743550214,False,True,-168.29673948379198,-168.29673948379198,0.0,1.0,0.9069801246746916,0.1446034411723446,0.17143233779111042,0.1190375096959505,0.6943702176015193,-168.19412307869194,0.2052328102000729,0.6505298181203826
E_La_Puna_Altiplano,f1,173,10,0.8286649923727578,0.15534597279639925,0.5162981383796426,0.5162981383796426,1.0,True,False,False,True,0.8286649923727578,0.15534597279639925,0.5162981383796426,False,True,-227.21291978095894,-227.21291978095894,0.0,1.0,0.8233745004819237,0.15252786741637475,0.4821191276878273,1.219298492990955,2.529039863733538,-225.73484124485864,2.9561570722005968,0.08555104970071889
E_Lake_Eyre_Basin,f1,173,10,0.9334956886169178,0.11674279554853671,0.04965105707195553,0.04965105707195553,1.0,True,False,False,True,0.9334956886169178,0.11674279554853671,0.04965105707195553,False,True,-111.48588052138878,-111.48588052138878,0.0,1.0,0.9336356331030418,0.11647611980721376,0.04938834710423823,0.057861603663337445,1.171563882087726,-111.47683066542328,0.018099711931000684,0.8929794023370875
E_Lake_Rukwa_Basin,f1,173,10,0.8461913788102572,0.3073061409559394,0.02265720069633748,0.02265720069633748,1.0,True,False,True,True,0.8461913788102572,0.3073061409559394,0.02265720069633748,False,True,-159.3562940001189,-159.3562940001189,0.0,1.0,0.8498928037454347,0.3013561592295598,0.027673056233335016,1.135390163333139e-07,4.102872316522256e-06,-159.25385593482204,0.2048761305937319,0.6508134315282508
E_Lakes_Balkash_Alakol,f1,173,10,0.9476139286266091,0.09252032889089448,0.09464360271816309,0.09464360271816309,1.0,True,False,False,True,0.9476139286266091,0.09252032889089448,0.09464360271816309,False,True,-126.15648704283716,-126.15648704283716,0.0,1.0,0.9476127426303421,0.09252387896886559,0.09463540785715674,0.094728018414921,1.0009786036734163,-126.15648616192107,1.7618321805912274e-06,0.9989409360061555
E_Libyian_Desert,f1,173,10,0.8968892598478223,0.035776900053434604,0.8192887708765809,0.8192887708765809,1.0,True,False,False,True,0.8968892598478223,0.035776900053434604,0.8192887708765809,False,True,-240.5178365682796,-240.5178365682796,0.0,1.0,0.8857924641604891,0.04364101381159694,0.8463846247387894,0.15804089638539306,0.18672467784273317,-237.68058259105987,5.674507954439434,0.017213166909031147
E_Lower_Lake_Chad,f1,173,10,0.7766503998626891,0.36528099341076353,0.07099592824391582,0.07099592824391582,1.0,True,False,True,True,0.7766503998626891,0.36528099341076353,0.07099592824391582,False,True,-184.9363894393512,-184.9363894393512,0.0,1.0,0.8073459509415494,0.301618527038217,0.12066181845618162,8.350412713667318e-08,6.920509586634294e-07,-184.04549852618902,1.781781826324334,0.18193068057003342
E_North_Central_Arabia,f1,173,10,0.8080215751681845,0.21216656748333557,0.37940569459313767,0.37940569459313767,1.0,True,False,False,True,0.8080215751681845,0.21216656748333557,0.37940569459313767,False,True,-217.3596208129763,-217.3596208129763,0.0,1.0,0.8577502171484581,0.13386031863041728,0.43173467175702673,0.9488527083171532,2.19776814416043,-217.0297429918152,0.6597556423221818,0.41664622397362416
E_North_Plateau_of_Tibet,f1,173,10,0.9537048190687425,0.10105076214410777,0.19229421934220733,0.19229421934220733,1.0,True,False,False,True,0.9537048190687425,0.10105076214410777,0.19229421934220733,False,True,-165.58085571009144,-165.58085571009144,0.0,1.0,0.9535831953657816,0.10041975865357586,0.19151662217401796,0.21943447349802223,1.1457724713765953,-165.5650421685712,0.03162708304046191,0.858848594070338
E_Northern_Kordofan,f1,173,10,0.3581741049778331,0.8952202105220891,2.1263182464360324e-06,2.1263182464360324e-06,1.0,True,True,False,True,0.3581741049778331,0.8952202105220891,2.1263182464360324e-06,False,True,-237.11259590977326,-237.11259590977326,0.0,1.0,0.32709640461428413,0.8626010100098377,4.575257873785988e-07,0.6537381242143058,1428855.2519846119,-236.56063363826473,1.1039245430170581,0.29340644157590323
E_Plateau_of_Tibet,f1,173,10,0.8591244027628515,0.22586123525390092,0.20159499437153067,0.20159499437153067,1.0,True,False,False,True,0.8591244027628515,0.22586123525390092,0.20159499437153067,False,True,-192.1099244518913,-192.1099244518913,0.0,1.0,0.8773525077789848,0.1973142206022702,0.23249836110705643,0.06891638878241559,0.2964166648498751,-191.45820987086074,1.303429162061093,0.2535877965109876
E_Qinghai_Lake,f1,173,10,0.9418746113713382,0.09256118564737492,0.2875788005693183,0.2875788005693183,1.0,True,False,False,True,0.9418746113713382,0.09256118564737492,0.2875788005693183,False,True,-185.5479297366131,-185.5479297366131,0.0,1.0,0.9465763442004264,0.08751599364825388,0.30545560311592473,0.05586502274648776,0.18289081024087875,-183.53008213216586,4.035695208894481,0.0445473175564766
E_Rift_Valley,f1,173,10,0.7493147326336935,0.47010236152983287,1.015780562487695e-08,1.015780562487695e-08,1.0,True,True,True,True,0.7493147326336935,0.47010236152983287,1.015780562487695e-08,True,True,-185.25709350507256,-185.25709350507256,0.0,1.0,0.7493097688653643,0.4701044896261957,1.7304411048782175e-08,1.5006208152814676e-07,8.671897651131422,-185.25709464661335,-2.283081585119362e-06,1.0
E_Rub_al_Khali_Desert,f1,173,10,0.36987333696423613,0.8616133947313892,4.961263106893358e-07,4.961263106893358e-07,1.0,True,False,False,True,0.36987333696423613,0.8616133947313892,4.961263106893358e-07,True,True,-233.86126790629655,-233.86126790629655,0.0,1.0,0.3650573356833671,0.853727205849657,1.5431017350455426e-06,0.13698759104426358,88774.17990863744,-233.8258181498847,0.07089951282370066,0.7900315651885478
E_Sahara,f1,173,10,0.8962576967064525,0.07109606859867044,0.6514778392871644,0.6514778392871644,1.0,True,False,False,True,0.8962576967064525,0.07109606859867044,0.6514778392871644,False,True,-231.46328709092163,-231.46328709092163,0.0,1.0,0.8891694717956493,0.07835415542710143,0.6527241239418659,0.46448307842543374,0.7116070348685357,-231.3367990746311,0.25297603258104573,0.6149873133296383
E_Saharan_and_Algerian_Atlas,f1,173,10,0.851796695591005,0.18671442508748207,0.30196424414661077,0.30196424414661077,1.0,True,False,False,True,0.851796695591005,0.18671442508748207,0.30196424414661077,False,True,-203.39263249969773,-203.39263249969773,0.0,1.0,0.8524540553330197,0.1856489144660034,0.3020699237119637,0.31715126312390607,1.0499266501828997,-203.39089874528523,0.003467508824996912,0.9530432619207455
E_Salinas_Grande_Mar_Chiquita,f1,173,10,0.9533369330322958,0.09328336637969324,0.11205430568763128,0.11205430568763128,1.0,True,False,False,True,0.9533369330322958,0.09328336637969324,0.11205430568763128,False,True,-134.83269945210537,-134.83269945210537,0.0,1.0,0.9539730845389771,0.092954798366035,0.11556403398036892,0.0544613926246985,0.4712659358529312,-134.50439744898523,0.6566040062402863,0.4177614230647525
E_South_Interior_Africa,f1,173,10,0.9354863755965922,0.14554871181581297,3.016190683428858e-09,3.016190683428858e-09,1.0,True,True,True,True,0.9354863755965922,0.14554871181581297,3.016190683428858e-09,True,True,-86.93821270158408,-86.93821270158408,0.0,1.0,0.9354804095025949,0.14555013617394721,8.054769222615357e-09,9.19866159882058e-10,0.11420142954553582,-86.938212951772,-5.00375847423129e-07,1.0
E_Syr_Darya,f1,173,10,0.9535025206039631,0.08991635707961541,0.12340600475214485,0.12340600475214485,1.0,True,False,False,True,0.9535025206039631,0.08991635707961541,0.12340600475214485,False,True,-138.24487091314714,-138.24487091314714,0.0,1.0,0.9531675623116538,0.09024941373692734,0.12595231714344193,0.07438679395639901,0.5905948825989675,-138.0608700190777,0.3680017881388835,0.5440954845200014
E_Tarim_He_Lop_Nur,f1,173,10,0.8560122461580785,0.21267687664390772,0.13822073169501584,0.13822073169501584,1.0,True,False,False,True,0.8560122461580785,0.21267687664390772,0.13822073169501584,False,True,-174.0545614394905,-174.0545614394905,0.0,1.0,0.8614667442659777,0.2022589753460251,0.15255106022141612,0.02891815076330669,0.1895637481728034,-173.34624079045028,1.4166412980804353,0.23395702094275722
E_Turpan_Pendi,f1,173,10,0.8191235817486565,0.16871085465048816,0.49617331866042774,0.49617331866042774,1.0,True,False,False,True,0.8191235817486565,0.16871085465048816,0.49617331866042774,False,True,-226.38459332030533,-226.38459332030533,0.0,1.0,0.8179065349064408,0.171222936021441,0.5078360288370104,0.2525548767620968,0.49731579175362944,-225.95386297499763,0.8614606906153881,0.3533302503269371
E_Upper_Lake_Chad,f1,173,10,0.80223310076828,0.05038274770470579,0.854954385990212,0.854954385990212,1.0,True,False,False,True,0.80223310076828,0.05038274770470579,0.854954385990212,False,True,-243.16981143701884,-243.16981143701884,0.0,1.0,0.7704004040134226,0.06481440371503631,0.8778112065453341,0.20981602257085216,0.23902180902496412,-241.0075958442025,4.324431185632648,0.037568968775568486
R_Amazon_River,f1,173,10,0.8970240849827827,0.18694227287394086,2.0417973719271962e-10,2.0417973719271962e-10,1.0,True,True,False,True,0.8970240849827827,0.18694227287394086,2.0417973719271962e-10,True,True,-107.79880892611556,-107.79880892611556,0.0,1.0,0.8977086550222567,0.18562981000038248,3.3785691247025574e-09,0.01474449480439641,4364124.059677035,-107.75622485941284,0.08516813340543194,0.7704121726668818
R_Amur_River,f1,173,10,0.8641325177917623,0.25162926564448024,0.0045258693121005365,0.0045258693121005365,1.0,True,False,False,True,0.8641325177917623,0.25162926564448024,0.0045258693121005365,False,True,-135.4075220719444,-135.4075220719444,0.0,1.0,0.8648206097425924,0.24911624176999572,0.005062908403155582,0.024570870382685878,4.853113749277289,-135.3811458382088,0.05275246747123674,0.8183411729419954
R_Colorado_River_Argentina,f1,173,10,0.9546146304167715,0.0925590932648016,0.07081242975003665,0.07081242975003665,1.0,True,False,False,True,0.9546146304167715,0.0925590932648016,0.07081242975003665,False,True,-113.99394733656277,-113.99394733656277,0.0,1.0,0.9567763053961414,0.08668671735356903,0.07892374701726337,0.008686500847902569,0.1100619417626298,-112.7362062113579,2.5154822504097467,0.1127331415688392
R_Colorado_River_of_the_West_North_America,f1,173,10,0.8529432435290654,0.28649726074159165,0.009919397411385426,0.009919397411385426,1.0,True,True,False,True,0.8529432435290654,0.28649726074159165,0.009919397411385426,False,True,-148.6105568665314,-148.6105568665314,0.0,1.0,0.8518882441696749,0.2756917089313607,4.671329244756862e-07,0.3561557450932954,762429.1212036649,-145.20802326120966,6.805067210643472,0.009089953206417567
R_Columbia_River,f1,173,10,0.7836033347135523,0.3866698306090064,1.4734824395657152e-07,1.4734824395657152e-07,1.0,True,True,True,True,0.7836033347135523,0.3866698306090064,1.4734824395657152e-07,True,True,-168.8238863078243,-168.8238863078243,0.0,1.0,0.7836093487341608,0.3866416199440997,1.0452542586196618e-11,2.3246315072386747e-07,22239.866406366316,-168.8238833731591,5.86933037993731e-06,0.998066990827719
R_Congo_River,f1,173,10,0.8580979857616571,0.27020066845944923,2.454505110215395e-08,2.454505110215395e-08,1.0,True,True,False,True,0.8580979857616571,0.27020066845944923,2.454505110215395e-08,True,True,-138.97319386483582,-138.97319386483582,0.0,1.0,0.858095810676279,0.2702022022090368,1.1356927149561138e-09,4.0466290365159975e-06,3563.137266996003,-138.97319492719106,-2.124710476891778e-06,1.0
R_Danube_River,f1,173,10,0.8554951686844091,0.24470240592315226,0.047688515703737944,0.047688515703737944,1.0,True,False,False,True,0.8554951686844091,0.24470240592315226,0.047688515703737944,False,True,-152.8205578624497,-152.8205578624497,0.0,1.0,0.8565199229679982,0.24339722167071293,0.046130213416093316,0.09093187459391135,1.971199954652458,-152.7166467206261,0.20782228364720368,0.6484796564712723
R_Dnieper_River,f1,173,10,0.9073690231466747,0.16110038319200112,0.11278388971468963,0.11278388971468963,1.0,True,False,False,True,0.9073690231466747,0.16110038319200112,0.11278388971468963,False,True,-155.53944088926337,-155.53944088926337,0.0,1.0,0.9044162854786565,0.16836880691861691,0.0971303028124113,0.2803889772970889,2.8867301879888796,-154.4781404776577,2.1226008232113713,0.1451398917285241
R_Don_River,f1,173,10,0.9485749426515783,0.09612053685826445,0.09290416877554296,0.09290416877554296,1.0,True,False,False,True,0.9485749426515783,0.09612053685826445,0.09290416877554296,False,True,-126.94751180153183,-126.94751180153183,0.0,1.0,0.94807335697148,0.09658241835210923,0.09018868959322471,0.1340541988640283,1.4863748377834167,-126.80499899138545,0.285025620292771,0.5934260078197771
R_Ganges_Bramaputra_Basin,f1,173,10,0.8028281500846346,0.34448414425481444,0.05804237419481252,0.05804237419481252,1.0,True,False,False,True,0.8028281500846346,0.34448414425481444,0.05804237419481252,False,True,-178.19328947349848,-178.19328947349848,0.0,1.0,0.8038708441682224,0.34360846533432804,0.06071616272798451,0.020787830886971174,0.34237721807458554,-178.13908620460478,0.10840653778740261,0.7419656138397637
R_Indus_River,f1,173,10,0.7979191847553273,0.38886583885470927,4.070581336754621e-09,4.070581336754621e-09,1.0,True,True,True,True,0.7979191847553273,0.38886583885470927,4.070581336754621e-09,True,True,-169.52596215006267,-169.52596215006267,0.0,1.0,0.7979052639653784,0.3888524715181277,1.026088708964583e-09,6.191587032102228e-07,603.416349678977,-169.5259636972205,-3.094315673024539e-06,1.0
R_Lena_River,f1,173,10,0.9107096290209286,0.13446864513046747,0.11897497173322712,0.11897497173322712,1.0,True,False,False,True,0.9107096290209286,0.13446864513046747,0.11897497173322712,False,True,-149.73662489106133,-149.73662489106133,0.0,1.0,0.91072199558423,0.13444282367730148,0.11906715957858592,0.11775030195326563,0.9889402113061146,-149.73653772370318,0.0001743347162914688,0.9894653676782255
R_Limpopo_River,f1,173,10,0.7921487510457287,0.39702823957295624,1.7961089590937462e-08,1.7961089590937462e-08,1.0,True,True,False,True,0.7921487510457287,0.39702823957295624,1.7961089590937462e-08,True,True,-171.24078895506378,-171.24078895506378,0.0,1.0,0.7921414096240721,0.39705375202120763,1.5277763243522482e-09,2.659052873495382e-06,1740.4726275116066,-171.2407904532502,-2.996372870711639e-06,1.0
R_Mackenzie_River,f1,173,10,0.7667448046723998,0.41634825751723864,4.2192653850340715e-08,4.2192653850340715e-08,1.0,True,True,False,True,0.7667448046723998,0.41634825751723864,4.2192653850340715e-08,True,True,-174.99103651453524,-174.99103651453524,0.0,1.0,0.7689034543385971,0.39373595565491115,5.330560272518843e-09,0.33264902390772844,62404138.94626919,-173.6252242736194,2.731624481831659,0.09837917184024238
R_Magdalena_River,f1,173,10,0.8918495214337607,0.1763654594467589,0.12353234582688985,0.12353234582688985,1.0,True,False,False,True,0.8918495214337607,0.1763654594467589,0.12353234582688985,False,True,-162.54814700122424,-162.54814700122424,0.0,1.0,0.894691913258734,0.17131569641780536,0.12193191933074075,0.22579507684006012,1.8518127007218692,-162.29641857374273,0.5034568549630194,0.4779851354172334
R_Mekong_River,f1,173,10,0.8247608044942701,0.33308746363128394,0.021254705645313808,0.021254705645313808,1.0,True,False,False,True,0.8247608044942701,0.33308746363128394,0.021254705645313808,False,True,-164.64790221440015,-164.64790221440015,0.0,1.0,0.8257554557179837,0.32599348618602547,0.022766465249452913,0.08647563367643656,3.798377689681739,-164.55834502169554,0.179114385409207,0.6721354308975745
R_Mississippi_River,f1,173,10,0.8838647003255643,0.2224877543483708,0.004576629155438106,0.004576629155438106,1.0,True,True,False,True,0.8838647003255643,0.2224877543483708,0.004576629155438106,False,True,-125.50805996633636,-125.50805996633636,0.0,1.0,0.8818901924962415,0.22109366891615628,3.7359550611828975e-07,0.1076782082070344,288221.3689501414,-124.505262093339,2.005595745994725,0.1567197145038393
R_Murray_Darling_River,f1,173,10,0.9287182441247716,0.13349970837700384,0.03056003562764883,0.03056003562764883,1.0,True,False,False,True,0.9287182441247716,0.13349970837700384,0.03056003562764883,False,True,-106.43401687137897,-106.43401687137897,0.0,1.0,0.9287843436432344,0.13294168659710012,0.027288160822319038,0.09698234806168256,3.55400822698027,-105.8047872950666,1.258459152624738,0.26194295359401765
R_Niger_River,f1,173,10,0.7280550557310298,0.3467583727311807,0.2562474154174129,0.2562474154174129,1.0,True,False,False,True,0.7280550557310298,0.3467583727311807,0.2562474154174129,False,True,-215.5119269463373,-215.5119269463373,0.0,1.0,0.7202301267042752,0.35785456557304013,0.26069302398978655,0.03505002456130827,0.13444941496662935,-214.91423911592912,1.195375660816353,0.2742478974959649
R_Nile_River,f1,173,10,0.816632240783564,0.32900813647729443,0.03850759861292903,0.03850759861292903,1.0,True,False,False,True,0.816632240783564,0.32900813647729443,0.03850759861292903,False,True,-169.36916800052086,-169.36916800052086,0.0,1.0,0.8164076317096981,0.3296301690283223,0.04013733919051579,0.0020843174708577742,0.051929637412294775,-169.30261577125552,0.1331044585306813,0.7152346984454959
R_Ob_River,f1,173,10,0.9529978919147964,0.11060561397584733,0.018075376456753455,0.018075376456753455,1.0,True,False,False,True,0.9529978919147964,0.11060561397584733,0.018075376456753455,False,True,-84.55412467338357,-84.55412467338357,0.0,1.0,0.9535495693079777,0.10925567125685968,0.019418535126039405,0.00960481938073081,0.4946212120733643,-84.50147495332784,0.10529944011145176,0.7455604668751555
R_Orange_River,f1,173,10,0.8449546836497995,0.2771523606173441,8.243443119688358e-09,8.243443119688358e-09,1.0,True,True,True,True,0.8449546836497995,0.2771523606173441,8.243443119688358e-09,True,True,-140.94893740210765,-140.94893740210765,0.0,1.0,0.8450422993058107,0.277127083669543,8.538533096757099e-08,6.147642168578599e-08,0.7199880938464066,-140.9489386111008,-2.417986308955733e-06,1.0
R_Orinoco_River,f1,173,10,0.8474873786364214,0.2851209933652535,7.15612623102682e-08,7.15612623102682e-08,1.0,True,True,True,True,0.8474873786364214,0.2851209933652535,7.15612623102682e-08,True,True,-143.44776011375038,-143.44776011375038,0.0,1.0,0.8474871505560453,0.2851244711409458,1.1150397955913586e-10,3.683800672573381e-07,3303.7391913171014,-143.4477590269988,2.1735031623393297e-06,0.9988236947309646
R_Parana_River,f1,173,10,0.8427069759676389,0.30521790279422367,3.401214841389316e-09,3.401214841389316e-09,1.0,True,True,False,True,0.8427069759676389,0.30521790279422367,3.401214841389316e-09,True,True,-149.26144844647223,-149.26144844647223,0.0,1.0,0.8442450471965738,0.30095737233891673,2.938656001629931e-09,0.05248435926036544,17859987.43345764,-149.15056598938014,0.22176491418417754,0.6376984203424492
R_Parnaiba_River,f1,173,10,0.8409628912644621,0.2815824656794088,1.3436090037326166e-11,1.3436090037326166e-11,1.0,True,True,False,True,0.8409628912644621,0.2815824656794088,1.3436090037326166e-11,True,True,-142.26474069213995,-142.26474069213995,0.0,1.0,0.8425181866633678,0.27878783525451845,1.7632522371972963e-08,0.031694303717331854,1797491.1954576734,-142.162754620005,0.20397214426992605,0.6515335699903042
R_Rio_Grande_Rio_Bravo,f1,173,10,0.8681151783328233,0.22979479192298338,0.06899805347787968,0.06899805347787968,1.0,True,False,False,True,0.8681151783328233,0.22979479192298338,0.06899805347787968,False,True,-157.27765734235908,-157.27765734235908,0.0,1.0,0.8680974353471195,0.22982136205945794,0.06895743171918028,0.06938707949982519,1.0062306232980744,-157.2776466266084,2.143150135225369e-05,0.9963062728790009
R_Saint_Lawrence_River,f1,173,10,0.9444792477406807,0.13711102694208185,4.770717594480061e-09,4.770717594480061e-09,1.0,True,True,False,True,0.9444792477406807,0.13711102694208185,4.770717594480061e-09,True,True,-81.98360560338678,-81.98360560338678,0.0,1.0,0.9438704537416093,0.13218940329051485,1.6051772977049468e-07,0.07009454704324683,436677.9118011869,-81.51506217338411,0.937086860005337,0.3330281544806334
R_Sao_Francisco_River,f1,173,10,0.8555846711927169,0.2722141199835486,6.261853983308837e-08,6.261853983308837e-08,1.0,True,True,False,True,0.8555846711927169,0.2722141199835486,6.261853983308837e-08,True,True,-139.57301700818564,-139.57301700818564,0.0,1.0,0.8578086187888739,0.2664845814907787,1.020185620573386e-07,0.0675644583258343,662276.1286113826,-139.24972930709637,0.6465754021785415,0.42133973011762527
R_Saskatchewan_Nelson_Rivers,f1,173,10,0.9241381118845468,0.1576210097897308,2.3684217399557478e-09,2.3684217399557478e-09,1.0,True,True,True,True,0.9241381118845468,0.1576210097897308,2.3684217399557478e-09,True,True,-93.57692665540819,-93.57692665540819,0.0,1.0,0.9241365548878898,0.1576114798120063,1.7004425896831242e-09,1.5827516726247781e-15,9.307880678992652e-07,-93.57692638973025,5.31355880184492e-07,0.9994183887900194
R_Senegal_River,f1,173,10,0.7716616051762875,0.3661998241659196,0.09462146350147432,0.09462146350147432,1.0,True,False,True,True,0.7716616051762875,0.3661998241659196,0.09462146350147432,False,True,-190.617240934097,-190.617240934097,0.0,1.0,0.8003205522865344,0.30810059380299143,0.1413413219791566,6.8563213393478e-08,4.850896569623772e-07,-189.46717679089653,2.300128286400934,0.1293633139936532
R_Shebelli_Juba_Rivers,f1,173,10,0.7238656001346788,0.4540728808673791,0.12157238516695155,0.12157238516695155,1.0,True,False,False,True,0.7238656001346788,0.4540728808673791,0.12157238516695155,False,True,-208.49515986247167,-208.49515986247167,0.0,1.0,0.7317102945075953,0.4615870012582874,0.12163021332321516,3.2891058782843192e-06,2.7041849129574275e-05,-208.38900024632545,0.21231923229242966,0.6449556549345804
R_Tigris_Euphrates_River,f1,173,10,0.9323146195001479,0.16037595421584253,0.03663361422418161,0.03663361422418161,1.0,True,False,False,True,0.9323146195001479,0.16037595421584253,0.03663361422418161,False,True,-122.40710595315153,-122.40710595315153,0.0,1.0,0.9224652074855387,0.12862347441167366,0.033149450688628915,1.1343070905713417,34.217975471926515,-115.25984274510031,14.294526416102428,0.00015631876207561866
R_Tocantins_River,f1,173,10,0.802979483143427,0.352982525862897,2.5733097278669397e-08,2.5733097278669397e-08,1.0,True,False,False,True,0.802979483143427,0.352982525862897,2.5733097278669397e-08,True,True,-161.22670213347422,-161.22670213347422,0.0,1.0,0.8093558817981079,0.3393605130316515,1.6877193147995338e-06,0.18680336180937743,110683.90352074972,-160.52034693244505,1.4127104020583374,0.23460697172088057
R_Volga_River,f1,173,10,0.8375253956473615,0.3073004680481962,8.726841773116978e-09,8.726841773116978e-09,1.0,True,False,True,True,0.8375253956473615,0.3073004680481962,8.726841773116978e-09,True,True,-149.76453295142207,-149.76453295142207,0.0,1.0,0.8375075235927509,0.307295753662556,1.1512680327460975e-06,5.136339487724548e-07,0.4461462788533211,-149.76454000413662,-1.4105429102073685e-05,1.0
R_Volta_River,f1,173,10,0.9348144101116735,0.10294438880419984,0.16106417384421343,0.16106417384421343,1.0,True,False,False,True,0.9348144101116735,0.10294438880419984,0.16106417384421343,False,True,-155.3369107075117,-155.3369107075117,0.0,1.0,0.93556701907449,0.10175116937031407,0.1675856553710451,0.06686344294619094,0.3989807051095817,-154.79653032800067,1.0807607590220414,0.298527431351264
R_Yangtze_River,f1,173,10,0.6720072656693038,0.4307541030523944,0.2232546740039624,0.2232546740039624,1.0,True,False,False,True,0.6720072656693038,0.4307541030523944,0.2232546740039624,False,True,-219.7808003526036,-219.7808003526036,0.0,1.0,0.6704886452737167,0.43298247622967356,0.22740682415585386,0.12296732559723127,0.5407371834758806,-219.6872687574258,0.18706319035555907,0.6653722220295688
R_Yellow_River_Huang_He,f1,173,10,0.8732114029100966,0.19998357440627293,0.1434948404004793,0.1434948404004793,1.0,True,False,False,True,0.8732114029100966,0.19998357440627293,0.1434948404004793,False,True,-173.38500830710103,-173.38500830710103,0.0,1.0,0.8732633714032098,0.19993968885997346,0.143717224486561,0.14013096293949645,0.9750464040766395,-173.38465588971553,0.000704834770999696,0.9788196707707816
R_Yenisey_River,f1,173,10,0.8831171183839074,0.1956029588018279,0.17233585442931532,0.17233585442931532,1.0,True,False,False,True,0.8831171183839074,0.1956029588018279,0.17233585442931532,False,True,-180.40582757679334,-180.40582757679334,0.0,1.0,0.8832953996510569,0.1949739818297762,0.17543141340254714,0.12801839181971417,0.729734711342498,-180.34821041963176,0.11523431432317466,0.73426186885799
R_Yukon_River,f1,173,10,0.6638573933429405,0.5473677472871078,4.872102295373289e-07,4.872102295373289e-07,1.0,True,True,True,True,0.6638573933429405,0.5473677472871078,4.872102295373289e-07,True,True,-197.3417541994761,-197.3417541994761,0.0,1.0,0.6638352131733876,0.5472950704415136,1.0882414600937302e-08,3.717557172949968e-09,0.34161142625734686,-197.34175032529356,7.748365078441566e-06,0.9977790205601582
R_Zambezi_River,f1,173,10,0.9293846726246788,0.14223522613529616,8.055032117504515e-09,8.055032117504515e-09,1.0,True,True,True,True,0.9293846726246788,0.14223522613529616,8.055032117504515e-09,True,True,-84.80995957990638,-84.80995957990638,0.0,1.0,0.9293936040789301,0.14223541418360428,1.7395453967042994e-13,7.452187131057131e-10,4283.985428133042,-84.80995881476349,1.5302857718779705e-06,0.9990129793908886
C_Aleutians_South_Alaska_Coast,f2,190,27,0.9352543578666654,0.12598056757926232,0.012970640907649598,1.257910883712315e-08,9.698139765556584e-07,False,False,True,True,0.9322922335091747,0.1319865086325169,0.0077661334190450675,False,True,-94.45248739819094,-94.05192351673595,0.8011277629099709,0.3707564007268668,0.9352543578666654,0.12598056757926232,0.012970640907649598,1.257910883712315e-08,9.698139765556584e-07,-94.05192351673595,0.8011277629099709,0.3707564007268668
C_Amazon_River_Delta,f2,190,27,0.7920339801095415,0.3790651449948285,8.875334106504205e-09,0.06041119571053988,6806639.049933692,False,True,False,True,0.7860106942530432,0.3922544718351253,9.315507100072196e-08,True,True,-186.27294642844114,-185.943206349229,0.6594801584242873,0.4167435268918229,0.7920339801095415,0.3790651449948285,8.875334106504205e-09,0.06041119571053988,6806639.049933692,-185.943206349229,0.6594801584242873,0.4167435268918229
C_Angola_Coast,f2,190,27,0.7877982678729593,0.3383014102703436,0.09786035651072018,2.2132316691546308e-06,2.261622323961369e-05,False,False,False,True,0.8036187387346453,0.30541865768235077,0.10650910290158006,False,True,-200.86051404094954,-200.1797652966428,1.3614974886134519,0.24327812228723844,0.7877982678729593,0.3383014102703436,0.09786035651072018,2.2132316691546308e-06,2.261622323961369e-05,-200.1797652966428,1.3614974886134519,0.24327812228723844
C_Balkan_Peninsula_and_Adriatic_Coast,f2,190,27,0.8410086211023083,0.24916124848612528,0.11600275365127484,0.018445984660342904,0.15901333442303323,False,False,False,True,0.8425300532148396,0.24788590787513137,0.10298523016647662,False,True,-188.12121838163662,-187.00296116874452,2.2365144257842076,0.13478450772598075,0.8410086211023083,0.24916124848612528,0.11600275365127484,0.018445984660342904,0.15901333442303323,-187.00296116874452,2.2365144257842076,0.13478450772598075
C_Banks_Island,f2,190,27,0.9505283180639075,0.02317769228792531,0.5063063591188754,2.2363143242971515,4.416919290109268,False,False,False,True,0.9617577842795683,0.016790206603946665,0.7698469734720016,False,True,-256.551426144478,-240.91881432178025,31.26522364539551,2.2507555094818677e-08,0.9505283180639075,0.02317769228792531,0.5063063591188754,2.2363143242971515,4.416919290109268,-240.91881432178025,31.26522364539551,2.2507555094818677e-08
C_Beaufort_Sea_Coast,f2,190,27,0.8376388442716,0.1410949603592027,0.5095760417442284,0.3839846320614448,0.7535374519318124,False,False,False,True,0.8416963031929369,0.13727029340637925,0.495181935660359,False,True,-244.0298545046865,-243.78899563582254,0.4817177377279336,0.4876452805682663,0.8376388442716,0.1410949603592027,0.5095760417442284,0.3839846320614448,0.7535374519318124,-243.78899563582254,0.4817177377279336,0.4876452805682663
C_Bight_of_Benin_Coast,f2,190,27,0.9284361888634481,0.11277158306467623,0.18027631633838465,0.44056588792058016,2.4438367549824087,False,False,False,True,0.9387199538344033,0.09298049772988595,0.23695282488787928,False,True,-190.6225654524618,-187.73508043873184,5.774970027459915,0.016255997375756216,0.9284361888634481,0.11277158306467623,0.18027631633838465,0.44056588792058016,2.4438367549824087,-187.73508043873184,5.774970027459915,0.016255997375756216
C_Bismark_Sea_Islands,f2,190,27,0.8715657272111317,0.14911784071846904,0.14166509707879554,1.4935423860699861,10.54276894498059,False,False,False,True,0.8158805625822655,0.259806266156989,0.2232310982167307,False,True,-219.83933969491898,-196.84168564650102,45.99530809683591,1.1853653718422413e-11,0.8715657272111317,0.14911784071846904,0.14166509707879554,1.4935423860699861,10.54276894498059,-196.84168564650102,45.99530809683591,1.1853653718422413e-11
C_Borneo,f2,190,27,0.6880619355117716,0.4951022408178466,2.156266844190531e-07,0.2768678163688066,1284014.6251599188,False,True,False,True,0.6711957462847808,0.548876332604574,1.9714372287725104e-10,True,True,-216.69705822379885,-214.31275097204463,4.768614503508445,0.0289831412585982,0.6880619355117716,0.4951022408178466,2.156266844190531e-07,0.2768678163688066,1284014.6251599188,-214.31275097204463,4.768614503508445,0.0289831412585982
C_Buor_Khaya_Gulf_Coast,f2,190,27,0.9452040969563148,0.030823198787740966,0.7100649378455165,0.744200257144885,1.0480735176178986,False,False,False,True,0.9449891278778619,0.030941993452791153,0.7146958617255242,False,True,-254.21494990515382,-254.20424020001397,0.021419410279690965,0.8836421628343349,0.9452040969563148,0.030823198787740966,0.7100649378455165,0.744200257144885,1.0480735176178986,-254.20424020001397,0.021419410279690965,0.8836421628343349
C_California_and_Baja_California,f2,190,27,0.8807231468890636,0.21163182474861736,0.03230425838303584,0.06793993996870297,2.1031264411994903,False,False,False,True,0.8771747342442215,0.21842420374480598,0.0328991977545081,False,True,-152.37299123943242,-152.15691238628537,0.432157706294106,0.5109320895833961,0.8807231468890636,0.21163182474861736,0.03230425838303584,0.06793993996870297,2.1031264411994903,-152.15691238628537,0.432157706294106,0.5109320895833961
C_Canadian_South_Arctic_Ocean_Coast,f2,190,27,0.856813271602615,0.17148933439480943,0.3819657576406539,0.19792391163874273,0.5181718719010037,False,False,False,True,0.8729670167823371,0.14631896203545405,0.3787302427101648,False,True,-229.9460364305418,-229.16836575142608,1.5553413582314306,0.21234864078969679,0.856813271602615,0.17148933439480943,0.3819657576406539,0.19792391163874273,0.5181718719010037,-229.16836575142608,1.5553413582314306,0.21234864078969679
C_Capim_River_Delta,f2,190,27,0.8665523650930054,0.2503223070351879,4.264255972359672e-08,1.3604667993890144e-14,3.1903966558465897e-07,False,True,True,True,0.8665568128510732,0.25032239187516214,4.507782350070546e-08,True,True,-144.85551308050356,-144.85551191081703,2.3393730543830316e-06,0.9987796353085946,0.8665523650930054,0.2503223070351879,4.264255972359672e-08,1.3604667993890144e-14,3.1903966558465897e-07,-144.85551191081703,2.3393730543830316e-06,0.9987796353085946
C_Carribean_Coast,f2,190,27,0.8922001914466655,0.20021707043697054,0.009173899446316894,1.672524733708616e-08,1.823133928484572e-06,False,False,True,True,0.8871030440139381,0.21108416898326954,0.0015152662906621928,False,True,-130.15929650491918,-130.07471815818027,0.1691566934778166,0.6808623708205921,0.8922001914466655,0.20021707043697054,0.009173899446316894,1.672524733708616e-08,1.823133928484572e-06,-130.07471815818027,0.1691566934778166,0.6808623708205921
C_Central_America_Gulf_of_Mexico_Caribbean_Coast,f2,190,27,0.7786364603110414,0.3819883885769114,8.323728050854077e-08,0.10861859951698916,1304927.2976409178,False,True,False,True,0.7681585164019806,0.40451542538417257,1.6910733688725397e-08,True,True,-188.94746513078243,-188.19371643125538,1.5074973990541025,0.21952135855995297,0.7786364603110414,0.3819883885769114,8.323728050854077e-08,0.10861859951698916,1304927.2976409178,-188.19371643125538,1.5074973990541025,0.21952135855995297
C_Central_American_Pacific_Coast,f2,190,27,0.8050575127085213,0.3476041271525002,0.026008530782133592,8.855711083386912e-08,3.4049255444564717e-06,False,False,True,True,0.793482333604938,0.37099289307032596,0.007545872685310551,False,True,-183.99530501531495,-183.82774540030394,0.3351192300220305,0.5626601354830594,0.8050575127085213,0.3476041271525002,0.026008530782133592,8.855711083386912e-08,3.4049255444564717e-06,-183.82774540030394,0.3351192300220305,0.5626601354830594
C_Chao_Phraya_River_Gulf_of_Thailand_Coast,f2,190,27,0.8297938913987595,0.33639430984475044,2.397032551919209e-07,1.2339461964281405e-08,0.05147807423141453,False,True,True,True,0.8297957385570239,0.33639551972958875,4.4136219028152983e-10,True,True,-172.331414718727,-172.33141626144925,-3.085444518546865e-06,1.0,0.8297938913987595,0.33639430984475044,2.397032551919209e-07,1.2339461964281405e-08,0.05147807423141453,-172.33141626144925,-3.085444518546865e-06,1.0
C_Chukchi_Peninsula,f2,190,27,0.6411823004411278,0.32421904645119115,0.36179774784438984,0.9961469697581958,2.753325513199826,False,False,False,True,0.7007916303826117,0.27973142592313516,0.4762669775961443,False,True,-256.5686393366562,-253.9018581089074,5.333562455497599,0.02091858535709444,0.6411823004411278,0.32421904645119115,0.36179774784438984,0.9961469697581958,2.753325513199826,-253.9018581089074,5.333562455497599,0.02091858535709444
C_Churchill_Seal_Rivers,f2,190,27,0.8769268959394447,0.22353988384332085,0.013392447084472264,0.012463843103724868,0.9306621131380793,False,False,False,True,0.8769941761201239,0.22341118627017914,0.01333812809845409,False,True,-143.04568507843518,-143.04541868602712,0.0005327848161300608,0.9815847585146826,0.8769268959394447,0.22353988384332085,0.013392447084472264,0.012463843103724868,0.9306621131380793,-143.04541868602712,0.0005327848161300608,0.9815847585146826
C_Columbia_Ecuador_Pacific_Coast,f2,190,27,0.49240970509529497,0.7620701429763449,8.200114785736465e-07,1.6402513207288167e-07,0.20002784882742383,False,True,True,True,0.4924015879409896,0.762114353953081,6.415129138704396e-07,True,True,-246.023538733558,-246.02353836843494,7.302461426661466e-07,0.9993181722945236,0.49240970509529497,0.7620701429763449,8.200114785736465e-07,1.6402513207288167e-07,0.20002784882742383,-246.02353836843494,7.302461426661466e-07,0.9993181722945236
C_Crimea_West_Azov_Sea_Coast,f2,190,27,0.8876805188262535,0.148430381486494,0.26867120849376,0.34597976406499137,1.2877441018136742,False,False,False,True,0.8878024680057389,0.14809284524263286,0.27993062389025863,False,True,-212.54296259361132,-212.3568182397239,0.37228870777482825,0.5417593618041394,0.8876805188262535,0.148430381486494,0.26867120849376,0.34597976406499137,1.2877441018136742,-212.3568182397239,0.37228870777482825,0.5417593618041394
C_Cuba,f2,190,27,0.5176329571224778,0.7186167539552988,1.673986333406453e-06,0.19641415150505054,117333.18700718455,False,False,False,True,0.5056595439986443,0.7529219905568082,4.502495677367316e-08,True,True,-245.00655431915254,-244.44108991285145,1.1309288126021784,0.28757730819065996,0.5176329571224778,0.7186167539552988,1.673986333406453e-06,0.19641415150505054,117333.18700718455,-244.44108991285145,1.1309288126021784,0.28757730819065996
C_Deccan_Plateau_East_Indian_Subcontinent_Coast,f2,190,27,0.8514586501883145,0.28335580509027153,2.9600048650229225e-07,8.776456293640134e-12,2.9650141448575518e-05,False,True,True,True,0.8514704881762555,0.2833532065322124,7.578893619379509e-09,True,True,-156.38106385523776,-156.38106684605492,-5.98163433096488e-06,1.0,0.8514586501883145,0.28335580509027153,2.9600048650229225e-07,8.776456293640134e-12,2.9650141448575518e-05,-156.38106684605492,-5.98163433096488e-06,1.0
C_Denmark_Germany_Coast,f2,190,27,0.8559873628985631,0.1139821258076448,0.5920973633621915,0.4707229670380021,0.7950093956930128,False,False,False,True,0.863023054584095,0.10395229909611894,0.5867772113946994,False,True,-250.99968129521847,-250.85197347229288,0.29541564585116475,0.5867707761172483,0.8559873628985631,0.1139821258076448,0.5920973633621915,0.4707229670380021,0.7950093956930128,-250.85197347229288,0.29541564585116475,0.5867707761172483
C_East_Australia_Coast,f2,190,27,0.8999320817735784,0.1838995240555448,0.02197924563678486,0.05933705006392903,2.6996854689417313,False,False,False,True,0.9009005369185247,0.18164112195524815,0.028614169453459952,False,True,-136.49305576705424,-136.10640409195548,0.7733033501975228,0.3791970705191152,0.8999320817735784,0.1838995240555448,0.02197924563678486,0.05933705006392903,2.6996854689417313,-136.10640409195548,0.7733033501975228,0.3791970705191152
C_East_Azov_Sea_Northeast_Black_Sea_Coast,f2,190,27,0.9113364884574487,0.11427192958460482,0.2947357815108017,0.4609095346491954,1.5638058341155419,False,False,False,True,0.9096386561224341,0.11728166607932108,0.31492777738308275,False,True,-213.85403196051675,-213.15932668038522,1.3894105602630589,0.23850466709625828,0.9113364884574487,0.11427192958460482,0.2947357815108017,0.4609095346491954,1.5638058341155419,-213.15932668038522,1.3894105602630589,0.23850466709625828
C_East_Barents_Sea_Coast,f2,190,27,0.800774035253231,0.2954064672799632,0.14005675449932314,0.5697059442669965,4.067679179798142,False,False,False,True,0.7194378841692535,0.4565896836491232,0.08036755658741199,False,True,-220.35137741191136,-216.84074374790663,7.021267328009458,0.008054720126938449,0.800774035253231,0.2954064672799632,0.14005675449932314,0.5697059442669965,4.067679179798142,-216.84074374790663,7.021267328009458,0.008054720126938449
C_East_Beaufort_Sea_Amundsen_Gulf_Coast,f2,190,27,0.8124949957601576,0.20707432567104636,0.34587839551966293,0.37702075324595835,1.0900384589777738,False,False,False,True,0.8098062137223463,0.2109329577075013,0.34699158705742,False,True,-233.23569835045305,-233.2188478820149,0.0337009368763006,0.8543444061589633,0.8124949957601576,0.20707432567104636,0.34587839551966293,0.37702075324595835,1.0900384589777738,-233.2188478820149,0.0337009368763006,0.8543444061589633
C_East_Brazil_South_Atlantic_Coast,f2,190,27,0.8513996079855268,0.25969510576552357,0.05686048347460309,0.009352655559454361,0.16448427779605063,False,False,False,True,0.8393421435603718,0.2849982815860687,0.03363609608492577,False,True,-172.62100678268504,-172.20826356263115,0.8254864401077953,0.36358092745561543,0.8513996079855268,0.25969510576552357,0.05686048347460309,0.009352655559454361,0.16448427779605063,-172.20826356263115,0.8254864401077953,0.36358092745561543
C_East_Caspian_Sea_Coast,f2,190,27,0.9433154539180868,0.08736364389744912,0.2702657123809303,0.6013896301280088,2.2251791573189674,False,False,False,True,0.9359630962206301,0.09641182975632023,0.30708026795900034,False,True,-208.5585342290631,-205.92312351524183,5.270821427642545,0.021685777323932603,0.9433154539180868,0.08736364389744912,0.2702657123809303,0.6013896301280088,2.2251791573189674,-205.92312351524183,5.270821427642545,0.021685777323932603
C_East_Central_Africa_Coast,f2,190,27,0.8543762434590864,0.2667926408443737,0.004288220232578366,0.018017183396138656,4.201552723262424,False,False,False,True,0.8531218905574816,0.2698606834129824,0.004349536544860281,False,True,-154.2171427727028,-154.1785092027897,0.07726713982617639,0.7810356381017844,0.8543762434590864,0.2667926408443737,0.004288220232578366,0.018017183396138656,4.201552723262424,-154.1785092027897,0.07726713982617639,0.7810356381017844
C_East_China_Coast,f2,190,27,0.8002560878880443,0.21683654663951477,0.24830637788588886,1.1707367958826804,4.714888138800453,False,False,False,True,0.7747911208447723,0.2761141021832527,0.31785222535340246,False,True,-237.64561984833097,-229.6767227341094,15.937794228443124,6.545851083673409e-05,0.8002560878880443,0.21683654663951477,0.24830637788588886,1.1707367958826804,4.714888138800453,-229.6767227341094,15.937794228443124,6.545851083673409e-05
C_East_Hudson_Bay_Coast,f2,190,27,0.746397101272768,0.35612359065521665,0.12155284149027816,0.8567584894675349,7.048444766600201,False,False,False,True,0.8525942448472512,0.18534195297379188,0.35954728791483553,False,True,-233.1412106889747,-225.42933125013363,15.423758877682133,8.59014579174905e-05,0.746397101272768,0.35612359065521665,0.12155284149027816,0.8567584894675349,7.048444766600201,-225.42933125013363,15.423758877682133,8.59014579174905e-05
C_East_Mediterranean_Coast,f2,190,27,0.864730474803905,0.21294810355850044,0.09356047954806819,0.10914252267405918,1.166545139585197,False,False,False,True,0.8652524497722843,0.21172310047618698,0.09666644328638398,False,True,-177.39628218710317,-177.3691783320234,0.054207710159516864,0.8158969163473244,0.864730474803905,0.21294810355850044,0.09356047954806819,0.10914252267405918,1.166545139585197,-177.3691783320234,0.054207710159516864,0.8158969163473244
C_East_Mississippi_Delta,f2,190,27,0.8785812338139716,0.18272954865233226,0.09705077312887682,0.3302577731680859,3.4029380964284135,False,False,False,True,0.8838927640486056,0.1750985821755588,0.1352189418536127,False,True,-181.23969173302558,-178.0092858257419,6.460811814567364,0.011027925089118276,0.8785812338139716,0.18272954865233226,0.09705077312887682,0.3302577731680859,3.4029380964284135,-178.0092858257419,6.460811814567364,0.011027925089118276
C_East_Nile_Delta,f2,190,27,0.7363341492421038,0.14880227888593625,0.6363836434176101,0.8650290591614924,1.3592886431146687,False,False,False,True,0.746051648695589,0.1445531695196589,0.6707906315284656,False,True,-261.80945149739057,-261.44985520469095,0.7191925853992416,0.396408883532,0.7363341492421038,0.14880227888593625,0.6363836434176101,0.8650290591614924,1.3592886431146687,-261.44985520469095,0.7191925853992416,0.396408883532
C_East_Ob_Bay_Coast,f2,190,27,0.8491593970811985,0.19360924864417894,0.3218027438289598,0.36766064867861453,1.1425031505450074,False,False,False,True,0.849524283090665,0.1925445120383717,0.32933201279711183,False,True,-229.13803909590558,-229.0899475536437,0.09618308452377278,0.756459074276957,0.8491593970811985,0.19360924864417894,0.3218027438289598,0.36766064867861453,1.1425031505450074,-229.0899475536437,0.09618308452377278,0.756459074276957
C_East_Red_Sea_North_Gulf_of_Aden_Coast,f2,190,27,0.33611117468008705,0.7978719460740727,5.952559188490043e-06,0.48721464932633535,81849.61020940723,False,False,False,True,0.36215228911356784,0.8635952808997057,3.075248331005789e-06,False,True,-256.9007227992201,-255.93175529719952,1.937935004041151,0.16389292364845887,0.33611117468008705,0.7978719460740727,5.952559188490043e-06,0.48721464932633535,81849.61020940723,-255.93175529719952,1.937935004041151,0.16389292364845887
C_East_Timor_Islands,f2,190,27,0.42642687591295353,0.7306381228507512,2.3832001820748876e-07,0.629123416632283,2639826.1520966683,False,True,False,True,0.41324525589457267,0.828479076065553,4.975099245737943e-07,True,True,-253.314456987709,-250.3508550802547,5.927203814908637,0.014908880360799305,0.42642687591295353,0.7306381228507512,2.3832001820748876e-07,0.629123416632283,2639826.1520966683,-250.3508550802547,5.927203814908637,0.014908880360799305
C_Ellef_Ringnes_Bathurst_Devon_Islands,f2,190,27,0.9715555174283717,0.05443845500280716,0.17592991825131649,0.15040053584789112,0.8548889088497356,False,False,False,True,0.9719918451163937,0.053745671102309614,0.17310141141042712,False,True,-156.92485769030878,-156.8530960432514,0.1435232941147433,0.7048032037415437,0.9715555174283717,0.05443845500280716,0.17592991825131649,0.15040053584789112,0.8548889088497356,-156.8530960432514,0.1435232941147433,0.7048032037415437
C_Ellesmere_Island,f2,190,27,0.9571940330009182,0.08469538769338246,0.029801534792981418,2.534085607848611e-09,8.503205037766765e-08,False,False,True,True,0.9370025352583043,0.12444796350717871,0.001460472759088073,False,True,-81.7743801428327,-80.39492260895294,2.758915067759517,0.09671380535873425,0.9571940330009182,0.08469538769338246,0.029801534792981418,2.534085607848611e-09,8.503205037766765e-08,-80.39492260895294,2.758915067759517,0.09671380535873425
C_Great_Britain,f2,190,27,0.37360048853847133,0.5824846204290597,0.2791119220654361,0.48436493857832597,1.7353788938645534,False,False,False,True,0.364545254161528,0.6273043962294846,0.2661018930234196,False,True,-262.17846205871876,-261.9127729011554,0.5313783151267444,0.4660279629792575,0.37360048853847133,0.5824846204290597,0.2791119220654361,0.48436493857832597,1.7353788938645534,-261.9127729011554,0.5313783151267444,0.4660279629792575
C_Greater_Dniester_Basin,f2,190,27,0.9053034460859939,0.16218275576418473,0.08546330607722367,0.2939606462987123,3.439612387953876,False,False,False,True,0.9070592320357834,0.15629243703640963,0.12014311491770881,False,True,-171.6028279893463,-167.9102755583785,7.385104861935645,0.006576623544931323,0.9053034460859939,0.16218275576418473,0.08546330607722367,0.2939606462987123,3.439612387953876,-167.9102755583785,7.385104861935645,0.006576623544931323
C_Gulf_of_Darien_Coast,f2,190,27,0.8604974264511136,0.2133507538006677,0.16696719439944982,0.12840984807986083,0.7690723231095028,False,False,False,True,0.860659750982077,0.21317275447553508,0.16163333381734524,False,True,-197.8157771022598,-197.71791733360334,0.19571953731292524,0.6581983257152212,0.8604974264511136,0.2133507538006677,0.16696719439944982,0.12840984807986083,0.7690723231095028,-197.71791733360334,0.19571953731292524,0.6581983257152212
C_Gulf_of_Guinea_Coast,f2,190,27,0.8437697752670147,0.2459482107472736,0.09348074830049091,0.3456142366611075,3.697170197548499,False,False,False,True,0.8041402503394736,0.3263405373616496,0.06961114506098727,False,True,-194.782023600591,-192.5671217586197,4.429803683942623,0.03531656982882986,0.8437697752670147,0.2459482107472736,0.09348074830049091,0.3456142366611075,3.697170197548499,-192.5671217586197,4.429803683942623,0.03531656982882986
C_Gydan_Bay_Coast,f2,190,27,0.8674196479147563,0.0975336512881238,0.5406815316823653,1.0027182287250103,1.8545449954707869,False,False,False,True,0.8623254395766837,0.1022523920484927,0.6009192768072734,False,True,-252.38735242428302,-250.6240176868645,3.5266694748370355,0.06038897901648967,0.8674196479147563,0.0975336512881238,0.5406815316823653,1.0027182287250103,1.8545449954707869,-250.6240176868645,3.5266694748370355,0.06038897901648967
C_Hainan,f2,190,27,0.7558165628843776,0.21496506363596166,0.2600922189486368,1.8727046858177983,7.200156519052272,False,False,False,True,0.8223486339753967,0.14525633918318395,0.5492427729266602,False,True,-251.52398935970012,-234.30888812801973,34.430202463360786,4.4181392100711985e-09,0.7558165628843776,0.21496506363596166,0.2600922189486368,1.8727046858177983,7.200156519052272,-234.30888812801973,34.430202463360786,4.4181392100711985e-09
C_Halmahera_Islands,f2,190,27,0.841261712100447,0.22132596408007785,0.19132170887981279,0.5976204558629453,3.1236416367071396,False,False,False,True,0.852301116762422,0.2016155007977796,0.2671524891127176,False,True,-219.39210833503023,-215.26676148297344,8.250693704113587,0.0040736430213703795,0.841261712100447,0.22132596408007785,0.19132170887981279,0.5976204558629453,3.1236416367071396,-215.26676148297344,8.250693704113587,0.0040736430213703795
C_Hispaniola,f2,190,27,0.36689558908380887,0.8241434443603788,0.05923345705579147,2.0007266708414647e-06,3.3776969474481254e-05,False,False,False,True,0.353309827472526,0.8808083256439051,2.652380246585771e-06,False,True,-258.70827570455026,-258.6792612236975,0.0580289617055314,0.8096388129491756,0.36689558908380887,0.8241434443603788,0.05923345705579147,2.0007266708414647e-06,3.3776969474481254e-05,-258.6792612236975,0.0580289617055314,0.8096388129491756
C_Hokkaido,f2,190,27,0.7669332022836249,0.15588175712597685,0.6023045581839563,0.8035919606866055,1.334195382996208,False,False,False,True,0.7886641489589113,0.1333493608503436,0.6533602836024139,False,True,-260.09889367430713,-259.7794923987142,0.6388025511859041,0.4241447436033211,0.7669332022836249,0.15588175712597685,0.6023045581839563,0.8035919606866055,1.334195382996208,-259.7794923987142,0.6388025511859041,0.4241447436033211
C_Hub_Porali_Basin,f2,190,27,0.7194888533694828,0.42127042594189934,0.02763977206913928,0.5151308327524775,18.63730393521002,False,False,False,True,0.7511610996052874,0.38168298938392414,0.12156845825179978,False,True,-217.49981499534493,-211.61318308200467,11.773263826680534,0.0006008752945993679,0.7194888533694828,0.42127042594189934,0.02763977206913928,0.5151308327524775,18.63730393521002,-211.61318308200467,11.773263826680534,0.0006008752945993679
C_Iberian_Atlantic_Coast,f2,190,27,0.827922467993941,0.2866194755586299,0.06492981435009426,0.1324684981106649,2.0401798378231866,False,False,False,True,0.8288371044824793,0.2859034057774692,0.07493816249195247,False,True,-187.85346222536612,-187.47539272002516,0.7561390106819204,0.3845395168072294,0.827922467993941,0.2866194755586299,0.06492981435009426,0.1324684981106649,2.0401798378231866,-187.47539272002516,0.7561390106819204,0.3845395168072294
C_Iceland,f2,190,27,0.9286791273511278,0.11623510293948527,0.15505551357128275,0.14411294291961876,0.9294280454810565,False,False,False,True,0.9283803742287596,0.11680332380878318,0.15301504508813177,False,True,-171.8400306154543,-171.82744654033078,0.025168150247054655,0.8739487858703132,0.9286791273511278,0.11623510293948527,0.15505551357128275,0.14411294291961876,0.9294280454810565,-171.82744654033078,0.025168150247054655,0.8739487858703132
C_India_West_Coast,f2,190,27,0.8555593501137762,0.24933595367620284,0.11504503908239151,0.03264533189229339,0.28376131776454844,False,False,False,True,0.8585709981420881,0.24115812423715163,0.10902294661650402,False,True,-189.09928574166517,-188.44962621771333,1.2993190479036798,0.2543376447964518,0.8555593501137762,0.24933595367620284,0.11504503908239151,0.03264533189229339,0.28376131776454844,-188.44962621771333,1.2993190479036798,0.2543376447964518
C_Indian_Ocean_Africa_Coast,f2,190,27,0.7259355646886461,0.49031452530654673,8.257307932133961e-07,3.4855127977317934e-10,0.00042211248828055053,False,True,True,True,0.7259113795023046,0.4903479787516206,1.7313086796638267e-08,True,True,-206.66102135105507,-206.66102337235387,-4.0425975953439774e-06,1.0,0.7259355646886461,0.49031452530654673,8.257307932133961e-07,3.4855127977317934e-10,0.00042211248828055053,-206.66102337235387,-4.0425975953439774e-06,1.0
C_Ireland,f2,190,27,0.4534765965987941,0.2621554119129992,0.602061776659608,1.075179884062677,1.7858298363135567,False,False,False,True,0.4907878320315991,0.19784726226257257,0.733825433353552,False,True,-267.41395552645173,-266.18646175343423,2.4549875460349995,0.11715209803065353,0.4534765965987941,0.2621554119129992,0.602061776659608,1.075179884062677,1.7858298363135567,-266.18646175343423,2.4549875460349995,0.11715209803065353
C_Irrawaddy_Sittang_Salween_Basin,f2,190,27,0.737935823926455,0.4095278954998681,0.11615234089808978,0.07278066708213093,0.6265966447115133,False,False,False,True,0.7364617954002988,0.4080427895694959,0.11131521464165153,False,True,-219.35924391025836,-219.28878871583896,0.14091038883879037,0.7073776348161964,0.737935823926455,0.4095278954998681,0.11615234089808978,0.07278066708213093,0.6265966447115133,-219.28878871583896,0.14091038883879037,0.7073776348161964
C_Jamaica,f2,190,27,0.26186503060103405,0.9144865916890637,3.4577564359808402e-06,0.21355317116894812,61760.617071448185,False,False,False,True,0.25001192904611963,0.9470486559450937,2.9770275902207175e-07,True,True,-265.01846338117434,-264.70667472881644,0.6235773047158091,0.4297210353161859,0.26186503060103405,0.9144865916890637,3.4577564359808402e-06,0.21355317116894812,61760.617071448185,-264.70667472881644,0.6235773047158091,0.4297210353161859
C_Japan,f2,190,27,0.9145981782199851,0.1419808736315587,0.16369878573886276,0.14918195096570774,0.9113198383993348,False,False,False,True,0.9138577603445933,0.14313824625470556,0.16070635579639003,False,True,-181.98004911805913,-181.9628557690189,0.03438669808048189,0.8528866765866268,0.9145981782199851,0.1419808736315587,0.16369878573886276,0.14918195096570774,0.9113198383993348,-181.9628557690189,0.03438669808048189,0.8528866765866268
C_Java,f2,190,27,0.6570609082872443,0.5614591695683789,3.6023219948543604e-08,0.032392270743128365,899205.3122790863,False,True,False,True,0.6536964150225394,0.5680466061174474,5.413444696172649e-08,True,True,-219.75355784713935,-219.69654584914338,0.11402399599194268,0.7356085735139668,0.6570609082872443,0.5614591695683789,3.6023219948543604e-08,0.032392270743128365,899205.3122790863,-219.69654584914338,0.11402399599194268,0.7356085735139668
C_Kamchatka_Peninsula,f2,190,27,0.6704329439474238,0.5659911633993419,1.6321697460418813e-06,0.3195750414253299,195797.67496629583,False,False,False,True,0.6494960727722661,0.6243674308463798,4.139005717174247e-08,True,True,-228.69026755610528,-226.80254459028703,3.7754459316365114,0.05201003564691519,0.6704329439474238,0.5659911633993419,1.6321697460418813e-06,0.3195750414253299,195797.67496629583,-226.80254459028703,3.7754459316365114,0.05201003564691519
C_La_Plata_Delta,f2,190,27,0.9405276251267436,0.1310249645509661,0.10692055567401174,0.06832561847028135,0.6390316440049018,False,False,False,True,0.9426654379496182,0.12692351282432662,0.10451648985890302,False,True,-157.24226330823566,-157.01181539036696,0.46089583573740356,0.49720560054232577,0.9405276251267436,0.1310249645509661,0.10692055567401174,0.06832561847028135,0.6390316440049018,-157.01181539036696,0.46089583573740356,0.49720560054232577
C_Labrador_Sea_Coast,f2,190,27,0.9379375385273878,0.06880946190293008,0.37035119364783164,0.7099251734328507,1.9168972197452163,False,False,False,True,0.9382518877963214,0.07076685628427466,0.41421694971676043,False,True,-222.55055862976195,-220.6947976341343,3.7115219912553243,0.05403809528072068,0.9379375385273878,0.06880946190293008,0.37035119364783164,0.7099251734328507,1.9168972197452163,-220.6947976341343,3.7115219912553243,0.05403809528072068
C_Madagascar,f2,190,27,0.559853498733268,0.6872360200215647,2.905081465310768e-07,1.003922644225558e-06,3.455746959984698,False,True,False,True,0.560003204042539,0.6870966552348156,6.709735969958497e-07,True,True,-236.82218437398635,-236.82218748952351,-6.2310743373927835e-06,1.0,0.559853498733268,0.6872360200215647,2.905081465310768e-07,1.003922644225558e-06,3.455746959984698,-236.82218748952351,-6.2310743373927835e-06,1.0
C_Malaysian_Peninsula_Coast,f2,190,27,0.960752148334526,0.07328529151748583,0.0863386428967056,0.0991215216531045,1.1480551272005997,False,False,False,True,0.9607281417570668,0.0735338256605766,0.08790919656297201,False,True,-125.34690691362717,-125.30409588354632,0.08562206016168261,0.76981837774745,0.960752148334526,0.07328529151748583,0.0863386428967056,0.0991215216531045,1.1480551272005997,-125.30409588354632,0.08562206016168261,0.76981837774745
C_Maluku,f2,190,27,0.6906879517632565,0.46193495844828986,0.0012193794714452004,0.7167299617418419,587.7825390092703,False,False,False,True,0.6439297213076305,0.5780420007916142,0.010128612079491325,False,True,-223.50800261697998,-214.7928533805247,17.43029847291058,2.980372452757195e-05,0.6906879517632565,0.46193495844828986,0.0012193794714452004,0.7167299617418419,587.7825390092703,-214.7928533805247,17.43029847291058,2.980372452757195e-05
C_Melville_Prince_Patrick_Islands,f2,190,27,0.9518187781366602,0.03165641036131737,0.5552528714483769,1.161807963719563,2.0923943368162825,False,False,False,True,0.9554918701701005,0.02803167446084403,0.6493127878134821,False,True,-245.92927554188165,-242.76022422520052,6.3381026333622685,0.01181712216807342,0.9518187781366602,0.03165641036131737,0.5552528714483769,1.161807963719563,2.0923943368162825,-242.76022422520052,6.3381026333622685,0.01181712216807342
C_Namibia_Coast,f2,190,27,0.8958007667306864,0.15835611467646515,0.17659809315279557,0.037667772954238225,0.21329660066967682,False,False,False,True,0.8822177264888271,0.18430255453759894,0.13645090128705661,False,True,-184.1438911907743,-181.8407746662703,4.606233049007983,0.03185593671574013,0.8958007667306864,0.15835611467646515,0.17659809315279557,0.037667772954238225,0.21329660066967682,-181.8407746662703,4.606233049007983,0.03185593671574013
C_Neva_River_Finland_Coast,f2,190,27,0.8276697245534544,0.2788891059448794,0.08025169331195972,1.7135086885145895e-08,2.1351682659875157e-07,False,False,True,True,0.8098894049915971,0.3144121795196247,0.046183637235976814,False,True,-184.41564835579274,-183.09471613705998,2.6418644374655287,0.1040813335206054,0.8276697245534544,0.2788891059448794,0.08025169331195972,1.7135086885145895e-08,2.1351682659875157e-07,-183.09471613705998,2.6418644374655287,0.1040813335206054
C_New_Brunswick_and_Nova_Scotia_Coast,f2,190,27,0.733201362459588,0.2285630583922612,0.5070730837315685,0.46991287415131466,0.926716264829538,False,False,False,True,0.7304145994439862,0.23212195921592088,0.4987142851153009,False,True,-254.08791766981943,-254.0717236861616,0.03238796731568527,0.8571788107550686,0.733201362459588,0.2285630583922612,0.5070730837315685,0.46991287415131466,0.926716264829538,-254.0717236861616,0.03238796731568527,0.8571788107550686
C_New_Siberian_Islands,f2,190,27,0.616295844587344,0.30916852014107205,0.526848829391901,0.43411460310777344,0.8239832355874014,False,False,False,True,0.6113499987890978,0.3223622009193283,0.5010509341164153,False,True,-261.23901299699594,-261.15327802253654,0.17146994891879785,0.6788087082228312,0.616295844587344,0.30916852014107205,0.526848829391901,0.43411460310777344,0.8239832355874014,-261.15327802253654,0.17146994891879785,0.6788087082228312
C_New_Zealand_North_Island,f2,190,27,0.5620917959999066,0.5054312681822393,0.1854796571389689,0.7864177002243261,4.239913488922992,False,False,False,True,0.5571204591867837,0.48436271822256205,0.2935179151955083,False,True,-254.05447897182285,-250.65053858501344,6.80788077361882,0.009075641262950084,0.5620917959999066,0.5054312681822393,0.1854796571389689,0.7864177002243261,4.239913488922992,-250.65053858501344,6.80788077361882,0.009075641262950084
C_New_Zealand_South_Island,f2,190,27,0.3869694795876775,0.720755440669821,0.16002549454640203,0.04681886344263197,0.2925712779413162,False,False,False,True,0.40239188224479716,0.671463522824128,0.18734311136696477,False,True,-258.7159969115668,-258.60203490181533,0.22792401950289332,0.6330674273805676,0.3869694795876775,0.720755440669821,0.16002549454640203,0.04681886344263197,0.2925712779413162,-258.60203490181533,0.22792401950289332,0.6330674273805676
C_Nigerian_Delta,f2,190,27,0.36897607645587505,0.5439891128460467,1.7662555840206975e-07,2.464895350917149,13955485.113349624,False,True,False,True,0.32614931600949526,0.888308793124756,1.5903992798799366e-07,True,True,-259.3489285755738,-236.27753158549453,46.1427939801585,1.0994063686745094e-11,0.36897607645587505,0.5439891128460467,1.7662555840206975e-07,2.464895350917149,13955485.113349624,-236.27753158549453,46.1427939801585,1.0994063686745094e-11
C_North_Argentina_South_Atlantic_Coast,f2,190,27,0.9420083127446869,0.12345548594380283,0.0419414898821121,0.01931625694861265,0.46055247448066855,False,False,False,True,0.9424705553612424,0.12269731491906129,0.03920478484593242,False,True,-117.88260864346668,-117.60737064753573,0.5504759918619015,0.45812326933468794,0.9420083127446869,0.12345548594380283,0.0419414898821121,0.01931625694861265,0.46055247448066855,-117.60737064753573,0.5504759918619015,0.45812326933468794
C_North_Australia_Coast,f2,190,27,0.8372901948614203,0.29085541410107046,0.036012487214598335,3.189401095078984e-08,8.856375501290288e-07,False,False,True,True,0.8137713960793505,0.3402824810438787,4.779011940342643e-07,True,True,-173.1764023335328,-172.8310276912569,0.6907492845517709,0.40590963815500203,0.8372901948614203,0.29085541410107046,0.036012487214598335,3.189401095078984e-08,8.856375501290288e-07,-172.8310276912569,0.6907492845517709,0.40590963815500203
C_North_Baffin_Island_Coast,f2,190,27,0.9713058579816373,0.043750775865525456,0.20905440254290814,0.16281162440027389,0.7788002664371396,False,False,False,True,0.9712708498690216,0.043797167311570254,0.20247016993902792,False,True,-162.67404915896572,-162.4620060777809,0.42408616236963326,0.5149051387530659,0.9713058579816373,0.043750775865525456,0.20905440254290814,0.16281162440027389,0.7788002664371396,-162.4620060777809,0.42408616236963326,0.5149051387530659
C_North_Brazil_South_Atlantic_Coast,f2,190,27,0.8789201969306502,0.22592496633089956,0.01942153939828276,9.897371980523694e-09,5.096080067370362e-07,False,False,True,True,0.8711629850365942,0.24203256136547677,0.007102434592132979,False,True,-146.1966702721237,-145.92986806212576,0.5336044199958678,0.4650954160162194,0.8789201969306502,0.22592496633089956,0.01942153939828276,9.897371980523694e-09,5.096080067370362e-07,-145.92986806212576,0.5336044199958678,0.4650954160162194
C_North_Caspian_Sea_Coast,f2,190,27,0.9144117864802177,0.15154594217013545,0.11667241152177293,0.15912189966526027,1.363834839700434,False,False,False,True,0.9131120595300871,0.15398924757499613,0.1207293952587432,False,True,-171.45025414143294,-171.28478955745763,0.33092916795061456,0.5651124718873918,0.9144117864802177,0.15154594217013545,0.11667241152177293,0.15912189966526027,1.363834839700434,-171.28478955745763,0.33092916795061456,0.5651124718873918
C_North_Chile_South_Pacific_Coast,f2,190,27,0.9376505326937403,0.08643136924074485,0.3061312697582674,0.41607238316454676,1.3591306222755126,False,False,False,True,0.9367657745560878,0.08802052681293844,0.3197366256554047,False,True,-208.94043312337845,-208.59498215317342,0.6909019404100718,0.40585776669749263,0.9376505326937403,0.08643136924074485,0.3061312697582674,0.41607238316454676,1.3591306222755126,-208.59498215317342,0.6909019404100718,0.40585776669749263
C_North_East_Bay_of_Bengal_Coast,f2,190,27,0.6658334779849512,0.42451254083847845,0.11156821193686313,0.9170628513576551,8.219750370084128,False,False,False,True,0.6051111260653883,0.6345052104572299,0.048521280594739195,False,True,-238.61731474468488,-232.68266179645462,11.869305896460503,0.0005706667691618673,0.6658334779849512,0.42451254083847845,0.11156821193686313,0.9170628513576551,8.219750370084128,-232.68266179645462,11.869305896460503,0.0005706667691618673
C_North_East_Siberian_Sea_Coast,f2,190,27,0.9339308934333405,0.14234582651428082,0.1582986975995141,0.1874072658289455,1.1838838137700558,False,False,False,True,0.9344328639708901,0.14143390371751086,0.1631620550701529,False,True,-183.6569950572129,-183.58970635561943,0.13457740318693823,0.7137324539127572,0.9339308934333405,0.14234582651428082,0.1582986975995141,0.1874072658289455,1.1838838137700558,-183.58970635561943,0.13457740318693823,0.7137324539127572
C_North_Gulf_of_Oman_Coast,f2,190,27,0.792007765371018,0.3655946690727648,0.0009561187025373758,0.08171978085491177,85.4703298220623,False,False,False,True,0.7899903470358168,0.3727955649114849,0.007434006185340633,False,True,-184.34055420148002,-183.76747054026725,1.1461673224255264,0.28435290282300796,0.792007765371018,0.3655946690727648,0.0009561187025373758,0.08171978085491177,85.4703298220623,-183.76747054026725,1.1461673224255264,0.28435290282300796
C_North_Korea_Bay_Korean_Peninsula,f2,190,27,0.8432840375940159,0.2611062078012506,0.14559415205232004,0.2012470905457715,1.382247073175386,False,False,False,True,0.8355075634313535,0.27844376147275596,0.14038064017099242,False,True,-205.52575794724558,-205.43172162491825,0.18807264465465323,0.6645256029715394,0.8432840375940159,0.2611062078012506,0.14559415205232004,0.2012470905457715,1.382247073175386,-205.43172162491825,0.18807264465465323,0.6645256029715394
C_North_Siberia_Coast,f2,190,27,0.9337498925014974,0.08122091231251817,0.3683709170560796,0.25195040201179064,0.6839584515121603,False,False,False,True,0.9340487165570739,0.08104984336785921,0.35212186526035694,False,True,-213.42385787115208,-212.94827563410132,0.9511644741015175,0.32942306748775685,0.9337498925014974,0.08122091231251817,0.3683709170560796,0.25195040201179064,0.6839584515121603,-212.94827563410132,0.9511644741015175,0.32942306748775685
C_North_St_Lawrence_Seaway_Coast,f2,190,27,0.6500154494512581,0.5528402080505216,1.8772133229665e-07,0.21205422254409306,1129622.4033238299,False,True,False,True,0.6266776345472614,0.5966700244214748,9.920248839767797e-07,True,True,-224.10724570144217,-222.4596837959155,3.2951238110533154,0.06948586928828979,0.6500154494512581,0.5528402080505216,1.8772133229665e-07,0.21205422254409306,1129622.4033238299,-222.4596837959155,3.2951238110533154,0.06948586928828979
C_North_Vietnam_South_China_Coast,f2,190,27,0.819525239925274,0.3130596608518169,0.006066683610779108,0.05933819771221561,9.780994282738796,False,False,False,True,0.8182244476966981,0.31617102796412283,0.01163576081491363,False,True,-171.5491860287495,-171.1339850646724,0.8304019281541741,0.3621563330428801,0.819525239925274,0.3130596608518169,0.006066683610779108,0.05933819771221561,9.780994282738796,-171.1339850646724,0.8304019281541741,0.3621563330428801
C_North_West_Africa_Coast,f2,190,27,0.9130721086833355,0.09961514052187906,0.4290872899471462,0.4315210716926197,1.0056719968232415,False,False,False,True,0.9131710168833871,0.09950269773248697,0.42955028667319456,False,True,-230.83387349975018,-230.83375443445505,0.0002381305902758868,0.9876879486104438,0.9130721086833355,0.09961514052187906,0.4290872899471462,0.4315210716926197,1.0056719968232415,-230.83375443445505,0.0002381305902758868,0.9876879486104438
C_Northeast_South_America_Coast,f2,190,27,0.8487635326057411,0.2655914939140162,9.76890356188793e-10,0.03743182867688055,38317328.4900834,False,True,False,True,0.8447859935644294,0.2740909233840589,4.764096409270342e-09,True,True,-153.11097913387312,-152.84471836984278,0.5325215280606699,0.4655486817135237,0.8487635326057411,0.2655914939140162,9.76890356188793e-10,0.03743182867688055,38317328.4900834,-152.84471836984278,0.5325215280606699,0.4655486817135237
C_Northwest_Hudson_Bay_Coast,f2,190,27,0.7617448271373439,0.41526215914843745,2.833539022803038e-07,0.14028627453998796,495092.0859428001,False,True,False,True,0.7485520569689651,0.4457973000124742,3.669854547107824e-08,True,True,-197.90975211742932,-196.49854412936745,2.82241597612375,0.09295639061722179,0.7617448271373439,0.41526215914843745,2.833539022803038e-07,0.14028627453998796,495092.0859428001,-196.49854412936745,2.82241597612375,0.09295639061722179
C_Northwest_Mediterranean_Coast,f2,190,27,0.7420025828160852,0.44645251030779615,1.9948972869150678e-07,0.11882659403870899,595652.6925878164,False,True,False,True,0.7306352327435248,0.4713931804289429,2.7045012149015436e-05,False,True,-202.98548316410015,-202.17274291109203,1.6254805060162312,0.20232929940807856,0.7420025828160852,0.44645251030779615,1.9948972869150678e-07,0.11882659403870899,595652.6925878164,-202.17274291109203,1.6254805060162312,0.20232929940807856
C_Norway_Coast,f2,190,27,0.6681334122957033,0.4393213841318783,0.05015512549085163,0.6816273525311345,13.590382754708974,False,False,False,True,0.6613820063966201,0.5092722768050673,0.07484143409518677,False,True,-226.30162810874089,-220.91955779907005,10.764140619341674,0.001034856043395348,0.6681334122957033,0.4393213841318783,0.05015512549085163,0.6816273525311345,13.590382754708974,-220.91955779907005,10.764140619341674,0.001034856043395348
C_Novaya_Zemlya,f2,190,27,0.9685670477080381,0.051140787093380255,0.2602158392795612,0.3466740848342045,1.3322558910864661,False,False,False,True,0.9690649448580384,0.05122149474703317,0.27207904877846484,False,True,-187.4259069794536,-187.0890159563197,0.6737820462677746,0.4117361129800523,0.9685670477080381,0.051140787093380255,0.2602158392795612,0.3466740848342045,1.3322558910864661,-187.0890159563197,0.6737820462677746,0.4117361129800523
C_Nusa_Tenggara,f2,190,27,0.48537102237387614,0.7536134378280419,1.7746620740569973e-08,4.673698512705713e-09,0.26335709660044304,False,True,True,True,0.4853694741181832,0.7535993920139515,1.4522797670960505e-08,True,True,-244.90004604418365,-244.90004602534844,3.7670417896151775e-08,0.9998451396352681,0.48537102237387614,0.7536134378280419,1.7746620740569973e-08,4.673698512705713e-09,0.26335709660044304,-244.90004602534844,3.7670417896151775e-08,0.9998451396352681
C_Olenyok_Delta,f2,190,27,0.8890475858546785,0.054026178397161964,0.8093350533468877,0.3518889920059345,0.4347877810935639,False,False,False,True,0.8962658201922573,0.050924991656074475,0.7474096898378547,False,True,-260.3318888592423,-257.85790710457246,4.947963509339729,0.026121420728338323,0.8890475858546785,0.054026178397161964,0.8093350533468877,0.3518889920059345,0.4347877810935639,-257.85790710457246,4.947963509339729,0.026121420728338323
C_Oregon_Coast,f2,190,27,0.632655200637998,0.5893158962753252,3.8586968232708e-06,0.01613718793021878,4182.030532406585,False,False,False,True,0.6311879011380113,0.591741717667995,0.0006305783510033632,False,True,-223.50961460623688,-223.49834666490037,0.022535882673025753,0.8806702872135522,0.632655200637998,0.5893158962753252,3.8586968232708e-06,0.01613718793021878,4182.030532406585,-223.49834666490037,0.022535882673025753,0.8806702872135522
C_Papua_New_Guinea_Island,f2,190,27,0.8309975750525815,0.2730523642037658,0.11870143882196575,0.27741033295574197,2.337042715815902,False,False,False,True,0.8279447643442529,0.2777528811877059,0.13785879186851144,False,True,-204.37184576339737,-203.2590608163285,2.2255698941377204,0.13574256189121706,0.8309975750525815,0.2730523642037658,0.11870143882196575,0.27741033295574197,2.337042715815902,-203.2590608163285,2.2255698941377204,0.13574256189121706
C_Patagonia,f2,190,27,0.5635153057441132,0.44044690946450565,0.2409895343655731,0.869738009129802,3.6090281323604634,False,False,False,True,0.4259662269846904,0.7671358721760836,0.048359446951856296,False,True,-252.68872819182138,-250.31971695216075,4.738022479321273,0.029502965351013214,0.5635153057441132,0.44044690946450565,0.2409895343655731,0.869738009129802,3.6090281323604634,-250.31971695216075,4.738022479321273,0.029502965351013214
C_Peru_Pacific_Coast,f2,190,27,0.7703242725356665,0.3815678013433249,0.09252365784587058,0.077472934953686,0.8373310865286299,False,False,False,True,0.7711668000183005,0.37981302107737913,0.09160314630827032,False,True,-210.80088909090713,-210.78975301624413,0.022272149325999635,0.881365390135315,0.7703242725356665,0.3815678013433249,0.09252365784587058,0.077472934953686,0.8373310865286299,-210.78975301624413,0.022272149325999635,0.881365390135315
C_Philippines,f2,190,27,0.727318650322425,0.420442386454797,0.03880076369520263,0.4877441618532163,12.570478397916728,False,False,False,True,0.7711124851317026,0.34189396298761215,0.1602514821911495,False,True,-219.60939928654733,-213.93092965112916,11.356939270836335,0.000751665943057565,0.727318650322425,0.420442386454797,0.03880076369520263,0.4877441618532163,12.570478397916728,-213.93092965112916,11.356939270836335,0.000751665943057565
C_Po_River_and_East_Italy_Coast,f2,190,27,0.7395670847137751,0.44886600154263506,4.540048254982315e-06,1.283240915115647e-05,2.8264917971023764,False,False,False,True,0.7395682796063401,0.448878896574038,4.2608845844354223e-07,True,True,-198.44308198853696,-198.44308348935476,-3.001635604960029e-06,1.0,0.7395670847137751,0.44886600154263506,4.540048254982315e-06,1.283240915115647e-05,2.8264917971023764,-198.44308348935476,-3.001635604960029e-06,1.0
C_Prince_of_Wales_Island,f2,190,27,0.9467658560282536,0.052139549221382836,0.42613328926281463,0.7624955005514278,1.7893356838431935,False,False,False,True,0.9450197660799347,0.05406337547344527,0.4706827204388786,False,True,-227.76060510342163,-226.10832724929867,3.304555708245914,0.06908802570624464,0.9467658560282536,0.052139549221382836,0.42613328926281463,0.7624955005514278,1.7893356838431935,-226.10832724929867,3.304555708245914,0.06908802570624464
C_Puerto_Rico,f2,190,27,0.27954813400943584,0.8975782685993184,5.39751186246957e-07,0.20839620409662132,386096.7968327392,False,True,False,True,0.27660174089528383,0.9287315798023115,2.9197585536544794e-06,False,True,-263.2944338085466,-263.0207924396949,0.5472827377034264,0.459430096441628,0.27954813400943584,0.8975782685993184,5.39751186246957e-07,0.20839620409662132,386096.7968327392,-263.0207924396949,0.5472827377034264,0.459430096441628
C_Sakhalin_Island,f2,190,27,0.482009284064586,0.7775628106664201,5.915607721278032e-07,1.6757497316553966e-08,0.028327600655936678,False,True,True,True,0.4820220145192803,0.777521017064404,3.990783134755557e-07,True,True,-247.8443704623872,-247.84437011511423,6.945459176677105e-07,0.9993350476997278,0.482009284064586,0.7775628106664201,5.915607721278032e-07,1.6757497316553966e-08,0.028327600655936678,-247.84437011511423,6.945459176677105e-07,0.9993350476997278
C_Sardinia_and_Corsica,f2,190,27,0.7786877898143373,0.20011786940409063,0.48734870507727013,0.4785816080519322,0.9820106282544694,False,False,False,True,0.7779551358148553,0.2012399783417353,0.48504724076275824,False,True,-250.0750223916796,-250.07400632205002,0.0020321392591426957,0.9640441364762997,0.7786877898143373,0.20011786940409063,0.48734870507727013,0.4785816080519322,0.9820106282544694,-250.07400632205002,0.0020321392591426957,0.9640441364762997
C_Severnaya_Zemlya,f2,190,27,0.9775101932193435,0.04583816478414912,0.2905598388902492,1.2440726072074382,4.2816399264227,False,False,False,True,0.976923893599823,0.08327723154313699,0.34230726027003316,False,True,-215.91108926123388,-207.40591381741015,17.010350887647462,3.7176596402625885e-05,0.9775101932193435,0.04583816478414912,0.2905598388902492,1.2440726072074382,4.2816399264227,-207.40591381741015,17.010350887647462,3.7176596402625885e-05
C_Seward_Peninsula_Alaskan_North_Slope,f2,190,27,0.8800842297471261,0.11986898519583136,0.480239729952287,0.23914971982424243,0.4979798731937538,False,False,False,True,0.8825511139136408,0.11683437552993325,0.44898737061448785,False,True,-235.72269417156934,-234.43680677814103,2.571774786856622,0.108785621190252,0.8800842297471261,0.11986898519583136,0.480239729952287,0.23914971982424243,0.4979798731937538,-234.43680677814103,2.571774786856622,0.108785621190252
C_Shelikhov_Gulf_Sea_of_Okhotsk_Coast,f2,190,27,0.8108537267472148,0.2352968793181777,0.2935414659448988,0.3308117757015226,1.126967785067953,False,False,False,True,0.8105396526988855,0.23587058031203126,0.2983390967933258,False,True,-229.43651115285297,-229.40469771767135,0.06362687036323678,0.8008527233140539,0.8108537267472148,0.2352968793181777,0.2935414659448988,0.3308117757015226,1.126967785067953,-229.40469771767135,0.06362687036323678,0.8008527233140539
C_Sicily,f2,190,27,0.8108584162043412,0.12968313077671767,0.6068990094189612,0.6922945926414855,1.1407080616333203,False,False,False,True,0.8223908016471525,0.11743263927513886,0.6320730323779995,False,True,-256.69040607168273,-256.6233750951433,0.13406195307891267,0.7142570921631739,0.8108584162043412,0.12968313077671767,0.6068990094189612,0.6922945926414855,1.1407080616333203,-256.6233750951433,0.13406195307891267,0.7142570921631739
C_Solomon_Islands,f2,190,27,0.9613532105609658,0.030054706331957136,0.44391238738047306,1.4775393408906976,3.3284480967284042,False,False,False,True,0.9626768781782622,0.030710294191839044,0.5866241005536371,False,True,-239.0608817892609,-230.11526535202435,17.891232874473076,2.3389611440113214e-05,0.9613532105609658,0.030054706331957136,0.44391238738047306,1.4775393408906976,3.3284480967284042,-230.11526535202435,17.891232874473076,2.3389611440113214e-05
C_Somerset_Island,f2,190,27,0.8960342886259681,0.14421675555748795,0.28351785661679774,0.15711381021096305,0.5541584296869096,False,False,False,True,0.910617308549694,0.12044607762166315,0.28718416304007854,False,True,-208.82113998532506,-208.2867462969915,1.0687873766671032,0.3012195093820682,0.8960342886259681,0.14421675555748795,0.28351785661679774,0.15711381021096305,0.5541584296869096,-208.2867462969915,1.0687873766671032,0.3012195093820682
C_South_Africa_South_Coast,f2,190,27,0.866879617850943,0.19450853351960062,0.18736995855520094,0.19893775026210525,1.0617377075605017,False,False,False,True,0.8670556067754283,0.19432761821307962,0.1891340747367212,False,True,-200.95527422097638,-200.94869943147924,0.01314957899427327,0.9087054144393338,0.866879617850943,0.19450853351960062,0.18736995855520094,0.19893775026210525,1.0617377075605017,-200.94869943147924,0.01314957899427327,0.9087054144393338
C_South_Africa_West_Coast,f2,190,27,0.5233335122079243,0.6812530166177322,3.19913120568355e-07,0.2868973431744351,896797.6763964406,False,True,False,True,0.49726930462263735,0.7343053052899919,1.2399512055626138e-06,False,True,-242.54109501805814,-241.032370276784,3.0174494825482725,0.08237292117314167,0.5233335122079243,0.6812530166177322,3.19913120568355e-07,0.2868973431744351,896797.6763964406,-241.032370276784,3.0174494825482725,0.08237292117314167
C_South_Alaska_Coast_Frazer_River,f2,190,27,0.9315936315479094,0.1265016756564484,2.091576012785802e-10,7.570081991015382e-12,0.036193195679905865,False,True,True,True,0.9315968124882237,0.1264971310357262,6.545856842891012e-11,True,True,-81.26338091315036,-81.26338099334296,-1.6038521266636963e-07,1.0,0.9315936315479094,0.1265016756564484,2.091576012785802e-10,7.570081991015382e-12,0.036193195679905865,-81.26338099334296,-1.6038521266636963e-07,1.0
C_South_Amapa_Coast,f2,190,27,0.7285877396790199,0.4204917546654068,4.2213626862150517e-08,0.8065341751037692,19106014.6937273,False,True,False,True,0.6749978637402774,0.5539404809469052,2.6038960138218293e-08,True,True,-217.6224859134385,-207.95013576328293,19.34470030031116,1.0912167701312374e-05,0.7285877396790199,0.4204917546654068,4.2213626862150517e-08,0.8065341751037692,19106014.6937273,-207.95013576328293,19.34470030031116,1.0912167701312374e-05
C_South_Australia_Coast,f2,190,27,0.9304682708845681,0.09858438371895197,0.2256590326688507,0.1943016886283001,0.8610410420106392,False,False,False,True,0.9308141260525646,0.09814178168697062,0.22164752154511627,False,True,-187.44902659459206,-187.38770840907864,0.12263637102682878,0.7261925378377052,0.9304682708845681,0.09858438371895197,0.2256590326688507,0.1943016886283001,0.8610410420106392,-187.38770840907864,0.12263637102682878,0.7261925378377052
C_South_Baffin_Island_Coast,f2,190,27,0.9603381046933078,0.028150928166679905,0.6623376094676814,0.8139465376535118,1.2288997725913193,False,False,False,True,0.9594892413041859,0.029084761562106723,0.6815658431156447,False,True,-250.75939129033776,-250.55070203075653,0.4173785191624688,0.5182480190452259,0.9603381046933078,0.028150928166679905,0.6623376094676814,0.8139465376535118,1.2288997725913193,-250.55070203075653,0.4173785191624688,0.5182480190452259
C_South_Baltic_Coast,f2,190,27,0.9395703654410027,0.08391595414563835,0.27123476866581897,0.11718220621027386,0.43203239314297087,False,False,False,True,0.9365544997293093,0.08945623849927128,0.24385884492844112,False,True,-191.15573532268618,-189.32961485618222,3.6522409330079313,0.05599382467701009,0.9395703654410027,0.08391595414563835,0.27123476866581897,0.11718220621027386,0.43203239314297087,-189.32961485618222,3.6522409330079313,0.05599382467701009
C_South_Black_Sea_Coast,f2,190,27,0.8872315307784777,0.16559148611449281,0.19912749031072713,0.14122127334337392,0.7092002873285158,False,False,False,True,0.8854100858337659,0.16842679574016603,0.18867582054448614,False,True,-195.4962615979577,-195.26900318649925,0.45451682291690076,0.5001977552165651,0.8872315307784777,0.16559148611449281,0.19912749031072713,0.14122127334337392,0.7092002873285158,-195.26900318649925,0.45451682291690076,0.5001977552165651
C_South_Chile_South_Pacific_Coast,f2,190,27,0.8067535760005405,0.3037574850959733,0.10276327448089285,0.23107496179776083,2.248614234657591,False,False,False,True,0.794968161657849,0.32737731373582935,0.10363937961708443,False,True,-204.37293201324582,-203.73146893163778,1.282926163216075,0.25735567291995004,0.8067535760005405,0.3037574850959733,0.10276327448089285,0.23107496179776083,2.248614234657591,-203.73146893163778,1.282926163216075,0.25735567291995004
C_South_East_Brazil_Coast,f2,190,27,0.7951019587676673,0.36220964378102327,1.3152108105721796e-08,0.011685970755733334,888524.5362794256,False,True,False,True,0.7938368254267267,0.36487197117212045,2.620466248662791e-10,True,True,-179.4996725189235,-179.48263557729004,0.034073883266898974,0.8535497478858631,0.7951019587676673,0.36220964378102327,1.3152108105721796e-08,0.011685970755733334,888524.5362794256,-179.48263557729004,0.034073883266898974,0.8535497478858631
C_South_East_Russia_Coast,f2,190,27,0.6453939205396575,0.573611823087037,1.5114984689471177e-07,0.22996561951166966,1521441.2997180177,False,True,False,True,0.642920093991839,0.6135212375967555,3.5265835959061025e-07,True,True,-226.93881670572307,-226.08307306489502,1.7114872816561046,0.19079251697064922,0.6453939205396575,0.573611823087037,1.5114984689471177e-07,0.22996561951166966,1521441.2997180177,-226.08307306489502,1.7114872816561046,0.19079251697064922
C_South_Gulf_of_Aden_Coast,f2,190,27,0.8090916553655991,0.18455241996715369,0.2699972745117685,1.142721317921731,4.23234390046379,False,False,False,True,0.793017280482326,0.24114097385173985,0.32670431687174,False,True,-234.25215694896679,-227.4510011730037,13.602311551926164,0.00022590718794337025,0.8090916553655991,0.18455241996715369,0.2699972745117685,1.142721317921731,4.23234390046379,-227.4510011730037,13.602311551926164,0.00022590718794337025
C_South_Gulf_of_Oman_West_Arabian_Sea_Coast,f2,190,27,0.5338569526259543,0.7155032334226997,6.462329189579362e-10,8.116056540803137e-08,125.59026788499793,False,True,True,True,0.5338461096668535,0.7154935374578573,6.429194316254158e-08,True,True,-240.41550786945697,-240.4155074278786,8.831567583911237e-07,0.9992501767615111,0.5338569526259543,0.7155032334226997,6.462329189579362e-10,8.116056540803137e-08,125.59026788499793,-240.4155074278786,8.831567583911237e-07,0.9992501767615111
C_South_Hudson_Strait_Ungava_Bay_Coast,f2,190,27,0.5976831103811182,0.5661266430129531,2.9068448827751736e-07,0.9552149158342075,3286088.3685071664,False,True,False,True,0.5426518518399613,0.7247998479833492,3.509114461922466e-08,True,True,-241.7263317513002,-233.07283180872253,17.306999885155335,3.1801323351937425e-05,0.5976831103811182,0.5661266430129531,2.9068448827751736e-07,0.9552149158342075,3286088.3685071664,-233.07283180872253,17.306999885155335,3.1801323351937425e-05
C_South_Mediterranean_Coast,f2,190,27,0.7223919711471324,0.17795221387362653,0.6355992872361731,0.5630791215537669,0.8859026950804942,False,False,False,True,0.727618483880899,0.17029472257247408,0.6332271321579676,False,True,-260.72849105638807,-260.68769384157275,0.08159442963062702,0.7751482054222488,0.7223919711471324,0.17795221387362653,0.6355992872361731,0.5630791215537669,0.8859026950804942,-260.68769384157275,0.08159442963062702,0.7751482054222488
C_South_Zambezia_Coast,f2,190,27,0.6827733711809439,0.5223254091779433,2.290944678064138e-06,0.3041009568160029,132740.41915013417,False,False,False,True,0.7015648208631917,0.4713425014293101,0.08153706623441496,False,True,-222.58365435706816,-219.5355227668628,6.096263180410688,0.01354680500691134,0.6827733711809439,0.5223254091779433,2.290944678064138e-06,0.3041009568160029,132740.41915013417,-219.5355227668628,6.096263180410688,0.01354680500691134
C_Southhampton_Coats_Islands,f2,190,27,0.38347889393370865,0.8400154656419303,1.9772575173968473e-06,2.2121025831510718e-12,1.11877313080767e-06,False,False,True,True,0.3834348474324564,0.8399323045381625,9.2937528238642e-08,True,True,-254.40454545351434,-254.40454705449375,-3.2019588047660363e-06,1.0,0.38347889393370865,0.8400154656419303,1.9772575173968473e-06,2.2121025831510718e-12,1.11877313080767e-06,-254.40454705449375,-3.2019588047660363e-06,1.0
C_Southwest_Hudson_Bay_Coast,f2,190,27,0.7188920157895237,0.45208132933969203,0.03046014485769995,0.19558606836347434,6.421048530044419,False,False,False,True,0.7346404560260774,0.41757437180367346,0.07881715830200277,False,True,-213.5717601590954,-212.31048019506207,2.5225599280666415,0.11222826295154277,0.7188920157895237,0.45208132933969203,0.03046014485769995,0.19558606836347434,6.421048530044419,-212.31048019506207,2.5225599280666415,0.11222826295154277
C_Southwest_Mediterranean_Coast,f2,190,27,0.9367387636723553,0.09455984318541812,0.2512709014841297,0.2697464806041531,1.0735285264266476,False,False,False,True,0.9369582903730047,0.09416922720316082,0.25429108857557936,False,True,-195.4477707756685,-195.43140189209333,0.03273776715030863,0.8564179608157511,0.9367387636723553,0.09455984318541812,0.2512709014841297,0.2697464806041531,1.0735285264266476,-195.43140189209333,0.03273776715030863,0.8564179608157511
C_Sri_Lanka,f2,190,27,0.7270181386618402,0.3194824412001347,0.2974188464307508,0.4946574030225533,1.6631676471037835,False,False,False,True,0.7021759983763451,0.3630137042839083,0.2900482548974302,False,True,-243.04828053993734,-242.5883183286262,0.9199244226222731,0.33749481719917757,0.7270181386618402,0.3194824412001347,0.2974188464307508,0.4946574030225533,1.6631676471037835,-242.5883183286262,0.9199244226222731,0.33749481719917757
C_Sulawesi,f2,190,27,0.852186371726668,0.2337351132127673,0.11584860593182209,0.42430327830340836,3.6625669760162203,False,False,False,True,0.8495544423530472,0.2431416819934006,0.15153074378707707,False,True,-201.45261003797785,-197.87679996243517,7.151620151085353,0.00748962991874393,0.852186371726668,0.2337351132127673,0.11584860593182209,0.42430327830340836,3.6625669760162203,-197.87679996243517,7.151620151085353,0.00748962991874393
C_Sumatra,f2,190,27,0.7892358261181288,0.3425454798213032,0.09629676913603313,0.18854277301396274,1.9579345673333939,False,False,False,True,0.7918883279838167,0.3430687375205317,0.10839141972784391,False,True,-208.6487187223225,-208.29945301714014,0.6985314103647511,0.4032776020512411,0.7892358261181288,0.3425454798213032,0.09629676913603313,0.18854277301396274,1.9579345673333939,-208.29945301714014,0.6985314103647511,0.4032776020512411
C_Svalbard,f2,190,27,0.9865485734971625,0.02915385227242598,0.13074742175649726,0.08180621548278905,0.6256812898012181,False,False,False,True,0.9862057439040296,0.029203014536543892,0.12383566464397783,False,True,-119.58837618027273,-118.90820806440014,1.3603362317451797,0.24347921820188978,0.9865485734971625,0.02915385227242598,0.13074742175649726,0.08180621548278905,0.6256812898012181,-118.90820806440014,1.3603362317451797,0.24347921820188978
C_Sweden_Coast,f2,190,27,0.7837919879752372,0.30712730844562486,0.24243804732561372,0.11673174459664279,0.4814910278495302,False,False,False,True,0.7859970954830866,0.29393757740861903,0.23554052954253996,False,True,-226.92230348633623,-226.46715861603965,0.9102897405931571,0.3400375537053582,0.7837919879752372,0.30712730844562486,0.24243804732561372,0.11673174459664279,0.4814910278495302,-226.46715861603965,0.9102897405931571,0.3400375537053582
C_Taiwan,f2,190,27,0.5973807485212559,0.39289726241441314,0.0283619502853461,2.392203977530359,84.3455387751085,False,False,False,True,0.867908056388986,0.09199501101634841,0.6010829170029012,False,True,-250.6541138985369,-218.0886904407039,65.13084691566598,7.00863416519723e-16,0.5973807485212559,0.39289726241441314,0.0283619502853461,2.392203977530359,84.3455387751085,-218.0886904407039,65.13084691566598,7.00863416519723e-16
C_Tasmania,f2,190,27,0.757726811549373,0.24138787300169048,0.3582644751749944,0.8821158674661701,2.46219184035844,False,False,False,True,0.7668922316483124,0.2196986274437923,0.45415516878357887,False,True,-248.29225295110905,-245.52700226883624,5.530501364545614,0.018687749691574634,0.757726811549373,0.24138787300169048,0.3582644751749944,0.8821158674661701,2.46219184035844,-245.52700226883624,5.530501364545614,0.018687749691574634
C_Texas_Gulf_Coast,f2,190,27,0.8854502396205636,0.20523276421827216,2.596472884994531e-10,8.493194675808478e-12,0.032710507877406036,False,True,True,True,0.8854551953660332,0.20522920898465738,1.0089630663966857e-08,True,True,-126.32079427094759,-126.32079349954796,1.5427992536842794e-06,0.9990089520674613,0.8854502396205636,0.20523276421827216,2.596472884994531e-10,8.493194675808478e-12,0.032710507877406036,-126.32079349954796,1.5427992536842794e-06,0.9990089520674613
C_Thar_Desert_Sabarmati_River_Gulf_of_Cambay_Luni_Delta,f2,190,27,0.8727275301345342,0.20844834304786133,0.07157759265227309,0.1718655096803915,2.4011077113940007,False,False,False,True,0.8777526554215285,0.1994254120088144,0.0922073605958465,False,True,-172.76563449048732,-171.72332571091928,2.0846175591360634,0.14878948144328294,0.8727275301345342,0.20844834304786133,0.07157759265227309,0.1718655096803915,2.4011077113940007,-171.72332571091928,2.0846175591360634,0.14878948144328294
C_US_East_Gulf_of_Mexico_North_Atlantic_Coast,f2,190,27,0.8955505805279985,0.19662414945480225,0.004618894294689244,0.016853348897525565,3.6487842808837105,False,False,False,True,0.8957842854590163,0.19698144590125144,0.006128277253366754,False,True,-127.4414970584586,-127.36858187759546,0.14583036172626862,0.7025522916553542,0.8955505805279985,0.19662414945480225,0.004618894294689244,0.016853348897525565,3.6487842808837105,-127.36858187759546,0.14583036172626862,0.7025522916553542
C_US_North_Atlantic_Coast,f2,190,27,0.7513987396889417,0.3984930407697378,0.01667057835678019,0.19347956116358048,11.60604971361952,False,False,False,True,0.7390396969366013,0.4304921636941574,0.018766372653661597,False,True,-200.26785416829085,-198.8538985624758,2.8279112116301235,0.09263877753689784,0.7513987396889417,0.3984930407697378,0.01667057835678019,0.19347956116358048,11.60604971361952,-198.8538985624758,2.8279112116301235,0.09263877753689784
C_Uda_Basin,f2,190,27,0.6856041221355974,0.4937986854980281,0.08686397689084953,7.407377469049308e-07,8.527559679148907e-06,False,False,True,True,0.6374928048616089,0.5969337054573272,3.849953698652421e-08,True,True,-224.27854978826375,-224.01242607761023,0.5322474213070336,0.46566352650307974,0.6856041221355974,0.4937986854980281,0.08686397689084953,7.407377469049308e-07,8.527559679148907e-06,-224.01242607761023,0.5322474213070336,0.46566352650307974
C_Uruguay_South_Brazil_Coast,f2,190,27,0.8875948363403889,0.24113927026163645,0.009256763693821632,2.4908188977876225e-08,2.690809639496473e-06,False,False,True,True,0.8815037484105126,0.2547122454486608,1.4161980828338101e-08,True,True,-146.76977208421619,-146.70531699515485,0.12891017812268046,0.7195646902904564,0.8875948363403889,0.24113927026163645,0.009256763693821632,2.4908188977876225e-08,2.690809639496473e-06,-146.70531699515485,0.12891017812268046,0.7195646902904564
C_Victoria_Island,f2,190,27,0.9262168058316282,0.06421293196004375,0.5653823090387551,0.285070883890376,0.5042090623158061,False,False,False,True,0.9199156167571276,0.07153593292501917,0.5162371037403162,False,True,-237.88413683755792,-236.22282597883435,3.3226217174471344,0.0683327785193885,0.9262168058316282,0.06421293196004375,0.5653823090387551,0.285070883890376,0.5042090623158061,-236.22282597883435,3.3226217174471344,0.0683327785193885
C_Vietnam_Coast,f2,190,27,0.8536614538278564,0.24711593253098554,0.09983033579365706,0.40462387881725526,4.053115474374312,False,False,False,True,0.8520190794102079,0.2655969200619563,0.1264064446421189,False,True,-199.75719430029386,-196.36260486416103,6.789178872265666,0.009171208379152921,0.8536614538278564,0.24711593253098554,0.09983033579365706,0.40462387881725526,4.053115474374312,-196.36260486416103,6.789178872265666,0.009171208379152921
C_West_Africa_Coast,f2,190,27,0.8844754966730677,0.17062006213461672,0.20871323666616773,0.29671866984256884,1.4216571722145437,False,False,False,True,0.8806258447559447,0.17733327915750913,0.21537413258454238,False,True,-204.29205670133106,-204.0163331211085,0.5514471604451501,0.4577269873675103,0.8844754966730677,0.17062006213461672,0.20871323666616773,0.29671866984256884,1.4216571722145437,-204.0163331211085,0.5514471604451501,0.4577269873675103
C_West_Australia_Coast,f2,190,27,0.8587432845970591,0.2252603750100909,0.15155455861495065,0.3678814474138874,2.4273862216744724,False,False,False,True,0.8751136194815864,0.19925326992517406,0.20263079117425728,False,True,-205.96256203353352,-204.06682441942692,3.791475228213187,0.051514227204218326,0.8587432845970591,0.2252603750100909,0.15155455861495065,0.3678814474138874,2.4273862216744724,-204.06682441942692,3.791475228213187,0.051514227204218326
C_West_Barents_Sea_Coast,f2,190,27,0.5421014796998332,0.6213082240306517,0.01507104215578517,0.7290228395717587,48.3724238865536,False,False,False,True,0.5362618737099918,0.675596422736132,0.06579595265679503,False,True,-245.61802735298795,-240.77065131831395,9.694752069347999,0.0018479501433020058,0.5421014796998332,0.6213082240306517,0.01507104215578517,0.7290228395717587,48.3724238865536,-240.77065131831395,9.694752069347999,0.0018479501433020058
C_West_Black_Sea_Coast,f2,190,27,0.8670712407189325,0.1792290516716638,0.2928771465146123,0.10350846249114538,0.35341939008539586,False,False,False,True,0.8748680262356504,0.16573945978716556,0.2771211518519914,False,True,-215.16884190130148,-213.64433561607422,3.049012570454522,0.08078624607679705,0.8670712407189325,0.1792290516716638,0.2928771465146123,0.10350846249114538,0.35341939008539586,-213.64433561607422,3.049012570454522,0.08078624607679705
C_West_Caspian_Sea_Coast,f2,190,27,0.9436739703446495,0.09536152191450088,0.2276969227576057,0.3888659488018114,1.7078225919450738,False,False,False,True,0.9427776682718054,0.09588854206994692,0.25008012531903734,False,True,-195.36940060381303,-194.31692689183777,2.1049474239505344,0.14682338968051653,0.9436739703446495,0.09536152191450088,0.2276969227576057,0.3888659488018114,1.7078225919450738,-194.31692689183777,2.1049474239505344,0.14682338968051653
C_West_Continental_Europe,f2,190,27,0.818244709737719,0.29352523631761135,0.07594160912668783,0.27669167554494206,3.643479229987839,False,False,False,True,0.807928512996078,0.317697057496702,0.08606296802278925,False,True,-197.9121852854489,-196.19812533410482,3.428119902688195,0.064095028892379,0.818244709737719,0.29352523631761135,0.07594160912668783,0.27669167554494206,3.643479229987839,-196.19812533410482,3.428119902688195,0.064095028892379
C_West_Italy_Coast,f2,190,27,0.8081435757893627,0.26641008855976617,0.21831520364655826,0.20090398395437012,0.9202473332073745,False,False,False,True,0.80749711702154,0.2679641985614296,0.21459051466200407,False,True,-219.1704669434287,-219.15883538389954,0.023263119058299253,0.8787748299618674,0.8081435757893627,0.26641008855976617,0.21831520364655826,0.20090398395437012,0.9202473332073745,-219.15883538389954,0.023263119058299253,0.8787748299618674
C_West_Mississippi_Delta,f2,190,27,0.8724837545101393,0.18044680401758217,0.17990512182958507,0.2809128147525113,1.5614497902878255,False,False,False,True,0.8707870594253352,0.1841912935539707,0.19088126379758683,False,True,-199.17347223366858,-198.74922108008494,0.8485023071672799,0.3569763733248018,0.8724837545101393,0.18044680401758217,0.17990512182958507,0.2809128147525113,1.5614497902878255,-198.74922108008494,0.8485023071672799,0.3569763733248018
C_West_Nile_Delta,f2,190,27,0.6408281710803102,0.2604014402581858,0.49383687663029,0.9391566447390696,1.901754788235807,False,False,False,True,0.6245203231965084,0.2883643191717659,0.5305451833474575,False,True,-260.8741784967853,-259.5744360845795,2.599484824411661,0.10689845847147392,0.6408281710803102,0.2604014402581858,0.49383687663029,0.9391566447390696,1.901754788235807,-259.5744360845795,2.599484824411661,0.10689845847147392
C_West_Red_Sea_Coast,f2,190,27,0.9735038050205679,0.025309489858105313,0.41495872813180873,1.4846977320938104,3.577940723835568,False,False,False,True,0.9766401113295099,0.030904090363722676,0.5420385231610428,False,True,-233.9492729417268,-224.50014328454355,18.8982593143665,1.3787842080177559e-05,0.9735038050205679,0.025309489858105313,0.41495872813180873,1.4846977320938104,3.577940723835568,-224.50014328454355,18.8982593143665,1.3787842080177559e-05
C_Yamal_Peninsula,f2,190,27,0.8471501336291465,0.07724932490983603,0.6967453893263446,0.9472058473497812,1.3594719991840878,False,False,False,True,0.8442212899251725,0.07794728606252382,0.7324634368742275,False,True,-261.72954961863854,-261.28423487947657,0.8906294783239446,0.34530678226479905,0.8471501336291465,0.07724932490983603,0.6967453893263446,0.9472058473497812,1.3594719991840878,-261.28423487947657,0.8906294783239446,0.34530678226479905
C_Yellow_Sea_Coast,f2,190,27,0.8109817975464224,0.2340150668698812,0.16876902185930123,0.897348582075546,5.317021881086948,False,False,False,True,0.7967325069498544,0.2728298552097376,0.2331134124572108,False,True,-223.25326121090768,-215.42526619061965,15.655990040576057,7.597157051735891e-05,0.8109817975464224,0.2340150668698812,0.16876902185930123,0.897348582075546,5.317021881086948,-215.42526619061965,15.655990040576057,7.597157051735891e-05
C_Yenisey_Gulf_Coast,f2,190,27,0.8677732307249096,0.06503820901910391,0.6747339204281051,1.0833248469308894,1.6055585974446662,False,False,False,True,0.8707829512517993,0.06158410938664408,0.7383914959991161,False,True,-260.3598418517956,-259.20958428319693,2.3005151371972943,0.12933109954073277,0.8677732307249096,0.06503820901910391,0.6747339204281051,1.0833248469308894,1.6055585974446662,-259.20958428319693,2.3005151371972943,0.12933109954073277
C_Ziya_He_Interior_Coast,f2,190,27,0.8581962865229322,0.22965606680818298,0.09981620037207214,0.1107812300805745,1.1098522050291377,False,False,False,True,0.8610306725267202,0.22398938863612197,0.10544307088925571,False,True,-183.6163978229023,-183.6059084768776,0.02097869204936842,0.8848370186564523,0.8581962865229322,0.22965606680818298,0.09981620037207214,0.1107812300805745,1.1098522050291377,-183.6059084768776,0.02097869204936842,0.8848370186564523
E_Altai_Mountains,f2,190,27,0.9072080974278453,0.1037797146552242,0.3872102799633502,0.486922951943243,1.25751555973496,False,False,False,True,0.9042522689855789,0.10785546929363929,0.39676893824413806,False,True,-226.62477940593732,-226.44611779379633,0.35732322428196994,0.5499966195404494,0.9072080974278453,0.1037797146552242,0.3872102799633502,0.486922951943243,1.25751555973496,-226.44611779379633,0.35732322428196994,0.5499966195404494
E_Amu_Darya,f2,190,27,0.8901130937087514,0.191534733642632,0.04504321741340841,0.03362609471548171,0.7465295919441123,False,False,False,True,0.8905826259475784,0.19073700227297294,0.04393483018848132,False,True,-148.68429244618298,-148.65281392337215,0.06295704562165838,0.8018818169622235,0.8901130937087514,0.191534733642632,0.04504321741340841,0.03362609471548171,0.7465295919441123,-148.65281392337215,0.06295704562165838,0.8018818169622235
E_Australia_Northwest_Plateau,f2,190,27,0.8812882361566663,0.2242299540495774,2.984864685179138e-07,2.479287350452359e-17,8.306196802698825e-11,False,True,True,True,0.8812911896079463,0.2242305765662851,4.594618885268857e-09,True,True,-134.65621726752764,-134.65621813987454,-1.7446938045395655e-06,1.0,0.8812882361566663,0.2242299540495774,2.984864685179138e-07,2.479287350452359e-17,8.306196802698825e-11,-134.65621813987454,-1.7446938045395655e-06,1.0
E_Badain_Jaran_Desert,f2,190,27,0.9027581463192955,0.05261319697431533,0.7265022229864805,0.6333590454579215,0.8717923020996837,False,False,False,True,0.90357679357861,0.05126939207595729,0.7157995919867836,False,True,-257.3347154482277,-257.25772661997286,0.15397765650970996,0.6947627834632839,0.9027581463192955,0.05261319697431533,0.7265022229864805,0.6333590454579215,0.8717923020996837,-257.25772661997286,0.15397765650970996,0.6947627834632839
E_Central_Iran,f2,190,27,0.9000044278083005,0.1569946993600038,0.14193306585836082,0.29043642811831377,2.046291513269704,False,False,False,True,0.8774335206280576,0.19981844526656226,0.12811079491358845,False,True,-185.43430051526934,-184.5557013218375,1.7571983868637062,0.1849743479541981,0.9000044278083005,0.1569946993600038,0.14193306585836082,0.29043642811831377,2.046291513269704,-184.5557013218375,1.7571983868637062,0.1849743479541981
E_Central_Mongolia,f2,190,27,0.8783345823098624,0.15317310265572698,0.36398598190601955,0.32958150915501405,0.9054785775791534,False,False,False,True,0.8811039044113915,0.14867918875046443,0.36340543979258794,False,True,-228.3403446867651,-228.31908595243922,0.042517468651738,0.8366365276281977,0.8783345823098624,0.15317310265572698,0.36398598190601955,0.32958150915501405,0.9054785775791534,-228.31908595243922,0.042517468651738,0.8366365276281977
E_Dayan_Khyargas_Uvs_Nuur_Basins,f2,190,27,0.8773590372949113,0.19854185456175963,0.09663569607206249,0.22219093967186768,2.299263612756274,False,False,False,True,0.8640551548727395,0.2257896975241477,0.09334775656037668,False,True,-180.07863401682116,-179.31476846637332,1.5277311008956644,0.21645328567693922,0.8773590372949113,0.19854185456175963,0.09663569607206249,0.22219093967186768,2.299263612756274,-179.31476846637332,1.5277311008956644,0.21645328567693922
E_East_Gobi_Desert,f2,190,27,0.834417512370371,0.21875501652653254,0.3290816596455505,0.17604910080304959,0.5349708670871228,False,False,False,True,0.8293435091408357,0.2241182931087571,0.3035465738920131,False,True,-229.28508737922687,-228.57826733420964,1.4136400900344483,0.23445305628417695,0.834417512370371,0.21875501652653254,0.3290816596455505,0.17604910080304959,0.5349708670871228,-228.57826733420964,1.4136400900344483,0.23445305628417695
E_Egyptian_Western_Desert,f2,190,27,0.9712901156668577,0.027630375533235652,0.5679529954248009,0.7819184600197583,1.376730937803967,False,False,False,True,0.9676963789517117,0.03316496061500692,0.584824223773906,False,True,-240.19561667279103,-239.78711631925168,0.8170007070787051,0.3660585504897229,0.9712901156668577,0.027630375533235652,0.5679529954248009,0.7819184600197583,1.376730937803967,-239.78711631925168,0.8170007070787051,0.3660585504897229
E_Farahrud_Helmand_Hamun_i_Mashkel,f2,190,27,0.809078107204363,0.30076782607908975,0.05515871032793314,0.26218109744631146,4.7532129719417915,False,False,False,True,0.7993050678201261,0.32730478396200263,0.06429845547948589,False,True,-193.1947128220564,-191.21366451773184,3.9620966086491194,0.046535708218900296,0.809078107204363,0.30076782607908975,0.05515871032793314,0.26218109744631146,4.7532129719417915,-191.21366451773184,3.9620966086491194,0.046535708218900296
E_Great_Basin_Great_Salt_Lake,f2,190,27,0.8927068276583331,0.20009451704374978,0.004839316940038116,0.041633641453476554,8.603206189910892,False,False,False,True,0.8925554194259152,0.2004366199125953,0.009852740978773368,False,True,-131.65156585912538,-131.1097570344293,1.0836176493921812,0.29788967052120274,0.8927068276583331,0.20009451704374978,0.004839316940038116,0.041633641453476554,8.603206189910892,-131.1097570344293,1.0836176493921812,0.29788967052120274
E_Great_Victoria_Desert,f2,190,27,0.8826055582197467,0.1965693927919788,0.08290796190275193,0.07140009236734628,0.8611970518717614,False,False,False,True,0.8817151609762282,0.19833570922592225,0.08003607345391053,False,True,-167.80026551088642,-167.77957511994947,0.041380781873897376,0.8388046836580363,0.8826055582197467,0.1965693927919788,0.08290796190275193,0.07140009236734628,0.8611970518717614,-167.77957511994947,0.041380781873897376,0.8388046836580363
E_Jordan_Northwest_Saudi_Arabia,f2,190,27,0.886162757491785,0.047541042198338754,0.5349730415383994,2.237633045947202,4.182702439570665,False,False,False,True,0.32221449615078585,0.8036576747917119,0.09476280890752486,False,True,-261.13820289780784,-248.84311616493514,24.59017346574541,7.091242189035056e-07,0.886162757491785,0.047541042198338754,0.5349730415383994,2.237633045947202,4.182702439570665,-248.84311616493514,24.59017346574541,7.091242189035056e-07
E_Junggar_Pendi,f2,190,27,0.8939070987484661,0.17912100214763452,0.1203450439567754,0.14804683098968774,1.2301863551843653,False,False,False,True,0.8917693477938967,0.18320236566908435,0.12113534752161995,False,True,-179.26062330298905,-179.2088909783693,0.10346464923946996,0.7477108803080743,0.8939070987484661,0.17912100214763452,0.1203450439567754,0.14804683098968774,1.2301863551843653,-179.2088909783693,0.10346464923946996,0.7477108803080743
E_La_Puna_Altiplano,f2,190,27,0.8145498057265239,0.17095759548749762,0.423697444703993,0.7885669897984875,1.8611558782220239,False,False,False,True,0.8090142511109789,0.18071089708186025,0.4650832714492572,False,True,-245.7270338109886,-244.354392135141,2.74528335169515,0.09754178486772289,0.8145498057265239,0.17095759548749762,0.423697444703993,0.7885669897984875,1.8611558782220239,-244.354392135141,2.74528335169515,0.09754178486772289
E_Lake_Eyre_Basin,f2,190,27,0.943511159273887,0.09860314771279545,0.05548118002662217,0.04545089120915149,0.819212770661011,False,False,False,True,0.943416135003611,0.09881196078262933,0.053906902130008885,False,True,-115.81328552266781,-115.76798520174967,0.09060064183628924,0.7634149482055054,0.943511159273887,0.09860314771279545,0.05548118002662217,0.04545089120915149,0.819212770661011,-115.76798520174967,0.09060064183628924,0.7634149482055054
E_Lake_Rukwa_Basin,f2,190,27,0.9203098766637865,0.164123459973575,2.2765314368480207e-08,0.025991880400386608,1141731.6703683985,False,True,False,True,0.9165125445941249,0.17068949732151736,1.2510902602569639e-08,True,True,-109.40700966218405,-108.87235346823351,1.0693123879010784,0.3011008127348842,0.9203098766637865,0.164123459973575,2.2765314368480207e-08,0.025991880400386608,1141731.6703683985,-108.87235346823351,1.0693123879010784,0.3011008127348842
E_Lakes_Balkash_Alakol,f2,190,27,0.9461195291058192,0.09861593763630633,0.1008024616822201,0.0922282927000667,0.9149408770473932,False,False,False,True,0.9460469333410055,0.09887904697319831,0.09936704974197827,False,True,-143.39974432741795,-143.38372881423084,0.03203102637422717,0.8579595786736038,0.9461195291058192,0.09861593763630633,0.1008024616822201,0.0922282927000667,0.9149408770473932,-143.38372881423084,0.03203102637422717,0.8579595786736038
E_Libyian_Desert,f2,190,27,0.8135394998352788,0.10619131527090113,0.7327916801418349,0.4788683306289119,0.653484944774789,False,False,False,True,0.8483212020478215,0.07563661448222128,0.7313100312041346,False,True,-261.35610737356296,-260.9083106254649,0.8955934961961702,0.3439660111358275,0.8135394998352788,0.10619131527090113,0.7327916801418349,0.4788683306289119,0.653484944774789,-260.9083106254649,0.8955934961961702,0.3439660111358275
E_Lower_Lake_Chad,f2,190,27,0.8539109200793896,0.3149007166282597,1.0745096701026751e-07,9.904778106429285e-08,0.9217951575515212,False,True,True,True,0.8539037510809854,0.31490282035941947,7.954777914479882e-09,True,True,-166.4465025509751,-166.44650532312482,-5.544299426674115e-06,1.0,0.8539109200793896,0.3149007166282597,1.0745096701026751e-07,9.904778106429285e-08,0.9217951575515212,-166.44650532312482,-5.544299426674115e-06,1.0
E_North_Central_Arabia,f2,190,27,0.8567925164588208,0.12934581112184224,0.44453190789758423,0.7849738360169208,1.7658436257803367,False,False,False,True,0.8354280961262656,0.16002062390329053,0.4599390518592033,False,True,-242.90376826391253,-241.77097044186254,2.2655956440999603,0.1322753456996001,0.8567925164588208,0.12934581112184224,0.44453190789758423,0.7849738360169208,1.7658436257803367,-241.77097044186254,2.2655956440999603,0.1322753456996001
E_North_Plateau_of_Tibet,f2,190,27,0.9402620564429076,0.09259454626453285,0.1804472383493802,0.4943934240854926,2.7398226130136325,False,False,False,True,0.9297253108969252,0.11817611281847752,0.19449454237824304,False,True,-185.88278338399942,-183.12983527442313,5.505896219152589,0.01895246538524327,0.9402620564429076,0.09259454626453285,0.1804472383493802,0.4943934240854926,2.7398226130136325,-183.12983527442313,5.505896219152589,0.01895246538524327
E_Northern_Kordofan,f2,190,27,0.36787419911548425,0.74020163052218,2.498879698429551e-06,0.9307310499685704,372459.326694878,False,False,False,True,0.37919079791431415,0.8706366463473741,1.554578889987357e-07,True,True,-257.7792166278038,-253.62784938716237,8.302734481282869,0.0039585431118552335,0.36787419911548425,0.74020163052218,2.498879698429551e-06,0.9307310499685704,372459.326694878,-253.62784938716237,8.302734481282869,0.0039585431118552335
E_Plateau_of_Tibet,f2,190,27,0.8818687775720634,0.18707509230228347,0.1962655055305315,0.11699052522436426,0.596082968874859,False,False,False,True,0.8790545608914696,0.19154666362802386,0.18149792045830193,False,True,-198.99464585605665,-198.59908046845214,0.7911307752090124,0.3737584228054439,0.8818687775720634,0.18707509230228347,0.1962655055305315,0.11699052522436426,0.596082968874859,-198.59908046845214,0.7911307752090124,0.3737584228054439
E_Qinghai_Lake,f2,190,27,0.9558391207658222,0.06890913047841274,0.22766857316624148,0.4159514684706002,1.8270043277640973,False,False,False,True,0.9553991308213226,0.06948989165443314,0.25357383088701607,False,True,-188.3656624784753,-186.86164638022203,3.0080321965065195,0.08285281744888646,0.9558391207658222,0.06890913047841274,0.22766857316624148,0.4159514684706002,1.8270043277640973,-186.86164638022203,3.0080321965065195,0.08285281744888646
E_Rift_Valley,f2,190,27,0.8931329824116933,0.22055872542721347,1.800917749533205e-07,0.09816669891661414,545092.6281450599,False,True,False,True,0.8812267831540853,0.2427705951534465,4.314452368156909e-06,False,True,-142.20843102574335,-140.17841931934322,4.060023412800263,0.04390989061151069,0.8931329824116933,0.22055872542721347,1.800917749533205e-07,0.09816669891661414,545092.6281450599,-140.17841931934322,4.060023412800263,0.04390989061151069
E_Rub_al_Khali_Desert,f2,190,27,0.3709117111691379,0.8604935932223193,1.7222858081458125e-07,1.5556629595545459e-06,9.032548211201657,False,True,False,True,0.37093987629044706,0.8605069785511884,4.13204727915431e-07,True,True,-256.61497940079494,-256.6149796020569,-4.0252393773698714e-07,1.0,0.3709117111691379,0.8604935932223193,1.7222858081458125e-07,1.5556629595545459e-06,9.032548211201657,-256.6149796020569,-4.0252393773698714e-07,1.0
E_Sahara,f2,190,27,0.9027284751946897,0.06248343691701996,0.679638741259525,0.6850094021474161,1.007902228878151,False,False,False,True,0.9026799366814009,0.06251607617728687,0.6803599947701476,False,True,-255.95580716021774,-255.95553644003306,0.0005414403693748682,0.9814358021296326,0.9027284751946897,0.06248343691701996,0.679638741259525,0.6850094021474161,1.007902228878151,-255.95553644003306,0.0005414403693748682,0.9814358021296326
E_Saharan_and_Algerian_Atlas,f2,190,27,0.9403181168955635,0.09100182218486408,0.23332834740205075,0.470624428618109,2.0170049368548035,False,False,False,True,0.9400008177222551,0.09207112017049264,0.2654352352506319,False,True,-197.85065186610083,-195.93006143779573,3.841180856610208,0.050008289465169255,0.9403181168955635,0.09100182218486408,0.23332834740205075,0.470624428618109,2.0170049368548035,-195.93006143779573,3.841180856610208,0.050008289465169255
E_Salinas_Grande_Mar_Chiquita,f2,190,27,0.9462616373632864,0.09852851734901344,0.11529466421442269,0.059716942528551524,0.5179506175367419,False,False,False,True,0.9468031587117067,0.09761355460844826,0.108136169456256,False,True,-147.20166398853254,-146.54033550996374,1.3226569571376103,0.25011576610905806,0.9462616373632864,0.09852851734901344,0.11529466421442269,0.059716942528551524,0.5179506175367419,-146.54033550996374,1.3226569571376103,0.25011576610905806
E_South_Interior_Africa,f2,190,27,0.9356577263837299,0.11734272672974083,0.0003702749696226551,4.5893142807575083e-07,0.001239434111745239,False,False,True,True,0.935375243811773,0.11790330342035706,4.815974456053468e-09,True,True,-74.66796736663098,-74.66740771266686,0.0011193079282350027,0.9733109055075663,0.9356577263837299,0.11734272672974083,0.0003702749696226551,4.5893142807575083e-07,0.001239434111745239,-74.66740771266686,0.0011193079282350027,0.9733109055075663
E_Syr_Darya,f2,190,27,0.9497954799790864,0.0932819264602771,0.1346454122315787,0.09987515912244417,0.7417642938377088,False,False,False,True,0.950588290992977,0.09190298436796343,0.13091064539382297,False,True,-155.32347951339852,-155.15221244552592,0.3425341357452112,0.5583701103658476,0.9497954799790864,0.0932819264602771,0.1346454122315787,0.09987515912244417,0.7417642938377088,-155.15221244552592,0.3425341357452112,0.5583701103658476
E_Tarim_He_Lop_Nur,f2,190,27,0.8423769651206269,0.2328904072980117,0.14697208424750527,0.09655197076335915,0.6569408827377233,False,False,False,True,0.8415325426603828,0.23499663703309673,0.13821064292273158,False,True,-195.509009294586,-195.31925503105597,0.379508527060068,0.5378663817513025,0.8423769651206269,0.2328904072980117,0.14697208424750527,0.09655197076335915,0.6569408827377233,-195.31925503105597,0.379508527060068,0.5378663817513025
E_Turpan_Pendi,f2,190,27,0.7813270422186692,0.2275655154296464,0.36555737049905895,0.6245930194558067,1.7086046400955128,False,False,False,True,0.7681640772647147,0.2551144024451051,0.3758575364665782,False,True,-242.87691707064087,-242.19067015390263,1.372493833476483,0.24138387035586456,0.7813270422186692,0.2275655154296464,0.36555737049905895,0.6245930194558067,1.7086046400955128,-242.19067015390263,1.372493833476483,0.24138387035586456
E_Upper_Lake_Chad,f2,190,27,0.8761718916050754,0.09598024437485848,0.5705351550144602,0.7543475141375359,1.322175342759408,False,False,False,True,0.8628238071031004,0.11746167437566563,0.5681751907745963,False,True,-251.27745937445397,-251.11079191704616,0.33333491481562305,0.5637019366290634,0.8761718916050754,0.09598024437485848,0.5705351550144602,0.7543475141375359,1.322175342759408,-251.11079191704616,0.33333491481562305,0.5637019366290634
R_Amazon_River,f2,190,27,0.9006515593195631,0.18675345044306962,2.6776989459436354e-09,8.101851221809081e-09,3.025676666931631,False,True,True,True,0.9006530621387808,0.18676456190565244,2.1991466980035367e-09,True,True,-117.64548892012668,-117.64548943013476,-1.0200161568718613e-06,1.0,0.9006515593195631,0.18675345044306962,2.6776989459436354e-09,8.101851221809081e-09,3.025676666931631,-117.64548943013476,-1.0200161568718613e-06,1.0
R_Amur_River,f2,190,27,0.8746121437075486,0.2421023399856243,2.5211667232235266e-08,0.25898916777383224,10272591.86741496,False,True,False,True,0.8616593150046609,0.28924427519265916,1.6367735429999163e-09,True,True,-158.5006171844096,-153.8957649311446,9.209704506529988,0.002407355473664714,0.8746121437075486,0.2421023399856243,2.5211667232235266e-08,0.25898916777383224,10272591.86741496,-153.8957649311446,9.209704506529988,0.002407355473664714
R_Colorado_River_Argentina,f2,190,27,0.9506155426942713,0.09525128001696924,0.08152135162776095,0.015132135312450423,0.1856217421608278,False,False,False,True,0.9493786206479937,0.09874506501116175,0.06945489232184975,False,True,-126.70312345244407,-124.5492529719871,4.3077409609139465,0.03793931085946714,0.9506155426942713,0.09525128001696924,0.08152135162776095,0.015132135312450423,0.1856217421608278,-124.5492529719871,4.3077409609139465,0.03793931085946714
R_Colorado_River_of_the_West_North_America,f2,190,27,0.855004643416969,0.2695249812506012,4.803709507850205e-07,0.30063303735622626,625835.173556879,False,True,False,True,0.8577909915738927,0.27072639081983013,0.040535790174653204,False,True,-172.01758278878242,-163.94711410649717,16.140937364570505,5.879923939354084e-05,0.855004643416969,0.2695249812506012,4.803709507850205e-07,0.30063303735622626,625835.173556879,-163.94711410649717,16.140937364570505,5.879923939354084e-05
R_Columbia_River,f2,190,27,0.7783587215930299,0.3968585517638932,9.41010950234992e-08,4.332635509273951e-08,0.4604234954111844,False,True,True,True,0.7783567464329367,0.39685829019572416,1.743925568134839e-08,True,True,-187.27139289027957,-187.2713941965233,-2.6124874352717598e-06,1.0,0.7783587215930299,0.3968585517638932,9.41010950234992e-08,4.332635509273951e-08,0.4604234954111844,-187.2713941965233,-2.6124874352717598e-06,1.0
R_Congo_River,f2,190,27,0.8977219748465842,0.2041008884447025,7.616471101676354e-09,0.007506049793447002,985502.3006382774,False,True,False,True,0.8966683088651493,0.20595820097978537,1.1648679528312559e-08,True,True,-126.86295136727863,-126.82655414908686,0.072794436383532,0.7873107060654052,0.8977219748465842,0.2041008884447025,7.616471101676354e-09,0.007506049793447002,985502.3006382774,-126.82655414908686,0.072794436383532,0.7873107060654052
R_Danube_River,f2,190,27,0.8622612915510594,0.24067457168896175,0.044137351406163046,0.02168581550244579,0.49132570966679545,False,False,False,True,0.8636661522469999,0.23816696308333643,0.04254025684969177,False,True,-163.2774647479335,-163.18362122859028,0.18768703868641978,0.6648486875256201,0.8622612915510594,0.24067457168896175,0.044137351406163046,0.02168581550244579,0.49132570966679545,-163.18362122859028,0.18768703868641978,0.6648486875256201
R_Dnieper_River,f2,190,27,0.9274769227445316,0.1343702244627088,0.09417655591369097,0.16797801504638768,1.7836500115839105,False,False,False,True,0.9309425560115676,0.12713960300466542,0.1102988116553652,False,True,-159.075742306581,-158.38483771888536,1.381809175391254,0.23979321922143257,0.9274769227445316,0.1343702244627088,0.09417655591369097,0.16797801504638768,1.7836500115839105,-158.38483771888536,1.381809175391254,0.23979321922143257
R_Don_River,f2,190,27,0.9473725202601931,0.09430114242745201,0.10299539031909481,0.20370544270941482,1.9778112600797522,False,False,False,True,0.950355558510268,0.08840077012981912,0.12263350420375835,False,True,-150.13752057764867,-148.725295944453,2.8244492663913547,0.09283873296748472,0.9473725202601931,0.09430114242745201,0.10299539031909481,0.20370544270941482,1.9778112600797522,-148.725295944453,2.8244492663913547,0.09283873296748472
R_Ganges_Bramaputra_Basin,f2,190,27,0.8337827915535577,0.30229363693502265,0.05705661334973976,0.08542213076588671,1.4971468818570588,False,False,False,True,0.8350842891917082,0.30057080105086925,0.062175442833051306,False,True,-187.37820732092987,-187.30264923864598,0.15111616456778165,0.697470985387827,0.8337827915535577,0.30229363693502265,0.05705661334973976,0.08542213076588671,1.4971468818570588,-187.30264923864598,0.15111616456778165,0.697470985387827
R_Indus_River,f2,190,27,0.7876838132921569,0.39908739328466253,1.3311771644646079e-07,0.0877127168109871,658910.9184896863,False,True,False,True,0.7826110229696522,0.41795478667757363,3.35336301445275e-07,True,True,-192.25428047705554,-191.64442890499885,1.2197031441133959,0.2694189179668259,0.7876838132921569,0.39908739328466253,1.3311771644646079e-07,0.0877127168109871,658910.9184896863,-191.64442890499885,1.2197031441133959,0.2694189179668259
R_Lena_River,f2,190,27,0.8891396103499314,0.17129967669678714,0.1070664431700563,0.11850709514469583,1.106855627551464,False,False,False,True,0.8887714514071297,0.17192081010032317,0.10822099353290918,False,True,-171.0147808987668,-171.0012561321509,0.027049533231775058,0.8693631901773727,0.8891396103499314,0.17129967669678714,0.1070664431700563,0.11850709514469583,1.106855627551464,-171.0012561321509,0.027049533231775058,0.8693631901773727
R_Limpopo_River,f2,190,27,0.8073650388997131,0.37061300375255746,4.217926086705788e-09,2.093419681940402e-10,0.049631492797811656,False,True,True,True,0.8073790845622711,0.3705746038626788,3.0507636854666747e-09,True,True,-181.1849609875078,-181.1849612164904,-4.579651999847556e-07,1.0,0.8073650388997131,0.37061300375255746,4.217926086705788e-09,2.093419681940402e-10,0.049631492797811656,-181.1849612164904,-4.579651999847556e-07,1.0
R_Mackenzie_River,f2,190,27,0.8700819260937642,0.2596976643650017,6.153170040503372e-10,0.10036399972024243,163109420.11937633,False,True,False,True,0.8634192723730822,0.2814253182501315,3.426816780212061e-09,True,True,-155.928349181623,-154.52217244901772,2.812353465210549,0.09354105547448967,0.8700819260937642,0.2596976643650017,6.153170040503372e-10,0.10036399972024243,163109420.11937633,-154.52217244901772,2.812353465210549,0.09354105547448967
R_Magdalena_River,f2,190,27,0.8840759982078649,0.19222973199669693,0.11134342031392135,0.08662924340586914,0.7780364853318398,False,False,False,True,0.886273889389367,0.18789464625464164,0.11099541370052624,False,True,-176.749761043177,-176.69652630906305,0.1064694682278855,0.744199963804871,0.8840759982078649,0.19222973199669693,0.11134342031392135,0.08662924340586914,0.7780364853318398,-176.69652630906305,0.1064694682278855,0.744199963804871
R_Mekong_River,f2,190,27,0.8536209663260448,0.279050640241295,0.01251841689210291,0.16342097700788402,13.054444377146135,False,False,False,True,0.8496324480996601,0.2953661655990721,0.022357782029760003,False,True,-171.0150823279121,-168.75205328898582,4.526058077852554,0.03338242716687018,0.8536209663260448,0.279050640241295,0.01251841689210291,0.16342097700788402,13.054444377146135,-168.75205328898582,4.526058077852554,0.03338242716687018
R_Mississippi_River,f2,190,27,0.8939053426835446,0.19636180458237626,0.0007044895090391723,2.3854369149455504e-06,0.003386050302152776,False,False,False,True,0.8933831372473082,0.1974190025504771,1.0814685740420693e-07,True,True,-122.77307099277473,-122.77235010966693,0.0014417662156063216,0.9697111255299494,0.8939053426835446,0.19636180458237626,0.0007044895090391723,2.3854369149455504e-06,0.003386050302152776,-122.77235010966693,0.0014417662156063216,0.9697111255299494
R_Murray_Darling_River,f2,190,27,0.9256655454745737,0.13244249175651154,0.02103126548624993,0.052351870743999884,2.4892401638040806,False,False,False,True,0.9234763454586113,0.13715794547136828,0.02234007561364606,False,True,-111.28736210632681,-110.88393407125727,0.8068560701390766,0.3690513900317236,0.9256655454745737,0.13244249175651154,0.02103126548624993,0.052351870743999884,2.4892401638040806,-110.88393407125727,0.8068560701390766,0.3690513900317236
R_Niger_River,f2,190,27,0.8159922282639349,0.2917410494693222,0.165258076715457,0.32700339087007646,1.978743776820749,False,False,False,True,0.8025705907512014,0.3328095353154987,0.15494849264747318,False,True,-218.16276457945736,-217.66796716490282,0.9895948291090804,0.31984142195880705,0.8159922282639349,0.2917410494693222,0.165258076715457,0.32700339087007646,1.978743776820749,-217.66796716490282,0.9895948291090804,0.31984142195880705
R_Nile_River,f2,190,27,0.8952048339451337,0.2208319741291817,0.020244746396458298,0.07805387098976622,3.8555124110332795,False,False,False,True,0.8962750993811964,0.21942926668269827,0.029250491488841342,False,True,-151.41093106936796,-150.67211927163572,1.477623595464479,0.22414670328522895,0.8952048339451337,0.2208319741291817,0.020244746396458298,0.07805387098976622,3.8555124110332795,-150.67211927163572,1.477623595464479,0.22414670328522895
R_Ob_River,f2,190,27,0.9431804700481149,0.12901083918023265,0.011952165645604217,0.02470661666854109,2.067124686949743,False,False,False,True,0.9429995934044709,0.12932595123053353,0.013559425030860835,False,True,-99.24044976199285,-99.11155564548102,0.2577882330236605,0.6116437562752801,0.9431804700481149,0.12901083918023265,0.011952165645604217,0.02470661666854109,2.067124686949743,-99.11155564548102,0.2577882330236605,0.6116437562752801
R_Orange_River,f2,190,27,0.8457839920002876,0.2758650677203472,6.475669666274409e-08,0.026083058665251017,402785.5034220292,False,True,False,True,0.8430755517172827,0.2820374924977185,4.1000005501925934e-07,True,True,-155.7863575248716,-155.60280923870798,0.3670965723272275,0.5445911541197187,0.8457839920002876,0.2758650677203472,6.475669666274409e-08,0.026083058665251017,402785.5034220292,-155.60280923870798,0.3670965723272275,0.5445911541197187
R_Orinoco_River,f2,190,27,0.8516678890553456,0.2768746372368003,2.9203460668374996e-08,1.2555175715648838e-09,0.04299208185708307,False,True,True,True,0.8516677037919224,0.2768745173221455,1.1906824564782343e-10,True,True,-154.18309132233713,-154.18309170651258,-7.683509011258138e-07,1.0,0.8516678890553456,0.2768746372368003,2.9203460668374996e-08,1.2555175715648838e-09,0.04299208185708307,-154.18309170651258,-7.683509011258138e-07,1.0
R_Parana_River,f2,190,27,0.8773951576098585,0.26113562302384463,4.821319167428517e-11,1.015331406942805e-08,210.59203335927228,False,True,True,True,0.8774063158224007,0.26113440419888406,4.213617997070683e-09,True,True,-149.06108985185065,-149.06108956391236,5.75876583752688e-07,0.9993945131303772,0.8773951576098585,0.26113562302384463,4.821319167428517e-11,1.015331406942805e-08,210.59203335927228,-149.06108956391236,5.75876583752688e-07,0.9993945131303772
R_Parnaiba_River,f2,190,27,0.8542527109656501,0.26891652617061346,1.3463599836110375e-10,2.6229290027959285e-14,0.00019481632213704376,False,True,True,True,0.8542528994014119,0.268916403726656,3.37279438542001e-08,True,True,-151.4552626110358,-151.45526094242905,3.3372135135323333e-06,0.9985424219595558,0.8542527109656501,0.26891652617061346,1.3463599836110375e-10,2.6229290027959285e-14,0.00019481632213704376,-151.45526094242905,3.3372135135323333e-06,0.9985424219595558
R_Rio_Grande_Rio_Bravo,f2,190,27,0.8370699432502547,0.29128300673793645,0.025685916557055353,0.05670423304411732,2.2076001422087437,False,False,False,True,0.836332232599876,0.29376324265936227,0.02844054883373402,False,True,-172.83352439296436,-172.70664752129355,0.25375374334163325,0.614444266071609,0.8370699432502547,0.29128300673793645,0.025685916557055353,0.05670423304411732,2.2076001422087437,-172.70664752129355,0.25375374334163325,0.614444266071609
R_Saint_Lawrence_River,f2,190,27,0.9440628480697727,0.11081403188639168,3.4312847981613287e-22,1.1730216476830697e-07,341860765481093.06,False,True,True,True,0.944060262040268,0.11081345627146573,1.4458415009936187e-08,True,True,-68.97443627930006,-68.97443633460952,-1.1061891314056993e-07,1.0,0.9440628480697727,0.11081403188639168,3.4312847981613287e-22,1.1730216476830697e-07,341860765481093.06,-68.97443633460952,-1.1061891314056993e-07,1.0
R_Sao_Francisco_River,f2,190,27,0.8584758409326264,0.26881679073496384,1.4389818525652805e-08,1.4957958841737285e-11,0.0010394821043136612,False,True,True,True,0.8584802403875359,0.2688031932333311,2.0436677286594948e-07,True,True,-151.48516342295173,-151.48516098679372,4.872316026194312e-06,0.9982388050415034,0.8584758409326264,0.26881679073496384,1.4389818525652805e-08,1.4957958841737285e-11,0.0010394821043136612,-151.48516098679372,4.872316026194312e-06,0.9982388050415034
R_Saskatchewan_Nelson_Rivers,f2,190,27,0.9190957449598426,0.15451178871220647,1.2522728934178016e-09,6.173355431518443e-09,4.929720561681756,False,True,True,True,0.9191036240681792,0.15451600812033045,3.2940553809541704e-10,True,True,-100.0041747280074,-100.00417504161884,-6.272228745274333e-07,1.0,0.9190957449598426,0.15451178871220647,1.2522728934178016e-09,6.173355431518443e-09,4.929720561681756,-100.00417504161884,-6.272228745274333e-07,1.0
R_Senegal_River,f2,190,27,0.7778493647023913,0.3273106186959411,0.09436721209865678,0.7288423139144421,7.723469812295286,False,False,False,True,0.8014440247084803,0.2896087059193693,0.21273789714950184,False,True,-222.4831619541731,-214.01800773227092,16.930308443804392,3.877747243388425e-05,0.7778493647023913,0.3273106186959411,0.09436721209865678,0.7288423139144421,7.723469812295286,-214.01800773227092,16.930308443804392,3.877747243388425e-05
R_Shebelli_Juba_Rivers,f2,190,27,0.8184177468479099,0.27916548353421017,0.10858061527480194,0.36595993430774465,3.370398421316297,False,False,False,True,0.8254654025209853,0.2831777982807717,0.13924456530583307,False,True,-205.7608107809257,-203.5491534613827,4.423314639086016,0.0354511071891898,0.8184177468479099,0.27916548353421017,0.10858061527480194,0.36595993430774465,3.370398421316297,-203.5491534613827,4.423314639086016,0.0354511071891898
R_Tigris_Euphrates_River,f2,190,27,0.9506515265676166,0.09010426394262505,0.021205459828381627,0.11182960155554694,5.273623041452416,False,False,False,True,0.9474519165833465,0.09679039079849167,0.028802297693912154,False,True,-93.53268971075818,-89.8463068745082,7.372765672499952,0.0066219013459246434,0.9506515265676166,0.09010426394262505,0.021205459828381627,0.11182960155554694,5.273623041452416,-89.8463068745082,7.372765672499952,0.0066219013459246434
R_Tocantins_River,f2,190,27,0.8043164283209852,0.35341289546051696,0.00021884735825446086,1.185424363992611e-06,0.0054166720286121985,False,False,False,True,0.804166004731585,0.3537165220475034,2.8378701878756925e-08,True,True,-176.70988208273283,-176.70984490210938,7.436124690229917e-05,0.9931196899285164,0.8043164283209852,0.35341289546051696,0.00021884735825446086,1.185424363992611e-06,0.0054166720286121985,-176.70984490210938,7.436124690229917e-05,0.9931196899285164
R_Volga_River,f2,190,27,0.8376798986339612,0.29654505097473494,9.030512631604109e-11,1.8744768394197738e-21,2.0757147638104866e-11,False,True,True,True,0.8376538188025077,0.29653657351764195,2.8271363035062494e-08,True,True,-160.47657895222926,-160.47657874387323,4.167120550846448e-07,0.9994849397153717,0.8376798986339612,0.29654505097473494,9.030512631604109e-11,1.8744768394197738e-21,2.0757147638104866e-11,-160.47657874387323,4.167120550846448e-07,0.9994849397153717
R_Volta_River,f2,190,27,0.9289905316797302,0.11437894149689423,0.1779387684237166,0.07782528656840221,0.43737116569830803,False,False,False,True,0.9295832453957895,0.11310284806164383,0.1647676830740226,False,True,-174.73744461004586,-173.61051134977373,2.25386652054425,0.13328101320204566,0.9289905316797302,0.11437894149689423,0.1779387684237166,0.07782528656840221,0.43737116569830803,-173.61051134977373,2.25386652054425,0.13328101320204566
R_Yangtze_River,f2,190,27,0.6661000133793855,0.42536947243206885,0.14133406385443462,0.6894133742608409,4.877899605086671,False,False,False,True,0.625155339562481,0.5538488319348289,0.10984958604988457,False,True,-238.38490776172515,-235.4558880546246,5.858039414201073,0.015506056899064632,0.6661000133793855,0.42536947243206885,0.14133406385443462,0.6894133742608409,4.877899605086671,-235.4558880546246,5.858039414201073,0.015506056899064632
R_Yellow_River_Huang_He,f2,190,27,0.87676016459683,0.18836495314602458,0.16817966143905147,0.11995920319469933,0.7132800849297267,False,False,False,True,0.8746045753857145,0.19294394542517815,0.15774602613280755,False,True,-192.50142344114911,-192.3179750610427,0.3668967602128532,0.5447006779221939,0.87676016459683,0.18836495314602458,0.16817966143905147,0.11995920319469933,0.7132800849297267,-192.3179750610427,0.3668967602128532,0.5447006779221939
R_Yenisey_River,f2,190,27,0.8670761158620006,0.22713829668335386,0.1647078192814378,0.16588826480548616,1.0071669063994546,False,False,False,True,0.867056148934972,0.22716449481092743,0.16485656225479003,False,True,-202.29084150183672,-202.29076798561044,0.00014703245255986985,0.9903253331303048,0.8670761158620006,0.22713829668335386,0.1647078192814378,0.16588826480548616,1.0071669063994546,-202.29076798561044,0.00014703245255986985,0.9903253331303048
R_Yukon_River,f2,190,27,0.6696918547469339,0.5391858961381859,4.0713363354148886e-07,5.6215793554956315e-08,0.1380770069668726,False,True,True,True,0.6696770456745053,0.539174936678859,1.3220368001017772e-07,True,True,-214.98539582741017,-214.98539774497803,-3.8351357147803355e-06,1.0,0.6696918547469339,0.5391858961381859,4.0713363354148886e-07,5.6215793554956315e-08,0.1380770069668726,-214.98539774497803,-3.8351357147803355e-06,1.0
R_Zambezi_River,f2,190,27,0.9295781651690275,0.12661266040740662,0.00023212553091633188,7.309643474288221e-08,0.0003149004525884287,False,False,True,True,0.9293986391620058,0.1269654404809957,3.9086654048038706e-10,True,True,-81.56624523191174,-81.56608863545918,0.0003131929051107818,0.9858803689078408,0.9295781651690275,0.12661266040740662,0.00023212553091633188,7.309643474288221e-08,0.0003149004525884287,-81.56608863545918,0.0003131929051107818,0.9858803689078408
C_Aleutians_South_Alaska_Coast,f3,207,44,0.9316772565425132,0.12923670187159486,0.012003804359091931,0.007335457313060237,0.6110943742184709,False,False,False,True,0.931840584245059,0.12888672870354914,0.011201626355119365,False,True,-104.06105448247477,-104.027294686945,0.06751959105955052,0.794983089913379,0.9316772565425132,0.12923670187159486,0.012003804359091931,0.007335457313060237,0.6110943742184709,-104.027294686945,0.06751959105955052,0.794983089913379
C_Amazon_River_Delta,f3,207,44,0.8238248686011375,0.3260580631032076,8.492571842904369e-09,0.11596440674754277,13654804.326963948,False,True,False,True,0.8074051672870525,0.36345246746229315,1.7651994426521634e-07,True,True,-194.85832562661125,-193.12376921415614,3.469112824910212,0.06252483638020156,0.8238248686011375,0.3260580631032076,8.492571842904369e-09,0.11596440674754277,13654804.326963948,-193.12376921415614,3.469112824910212,0.06252483638020156
C_Angola_Coast,f3,207,44,0.8400274211166513,0.2573664561778624,0.10339029891854098,0.09458284595789053,0.9148135458280311,False,False,False,True,0.841365735764651,0.25462118600838435,0.10344301047753746,False,True,-206.4895277482926,-206.48162072321392,0.015814050157359816,0.899926713075853,0.8400274211166513,0.2573664561778624,0.10339029891854098,0.09458284595789053,0.9148135458280311,-206.48162072321392,0.015814050157359816,0.899926713075853
C_Balkan_Peninsula_and_Adriatic_Coast,f3,207,44,0.8390530232028561,0.2468579111958827,0.12666069548115294,0.18092921520075228,1.4284558798090168,False,False,False,True,0.8400896410994807,0.2438135760796802,0.1407031815215454,False,True,-215.58852712734932,-215.30976527339337,0.557523707911912,0.4552597024334939,0.8390530232028561,0.2468579111958827,0.12666069548115294,0.18092921520075228,1.4284558798090168,-215.30976527339337,0.557523707911912,0.4552597024334939
C_Banks_Island,f3,207,44,0.9590785468007409,0.018964537588987643,0.48713143701327094,1.7914667086072198,3.677583856199399,False,False,False,True,0.9690544323185457,0.0125145292140179,0.7854987968631006,False,True,-279.83754048760244,-263.7277105746492,32.21965982590643,1.3769045368373807e-08,0.9590785468007409,0.018964537588987643,0.48713143701327094,1.7914667086072198,3.677583856199399,-263.7277105746492,32.21965982590643,1.3769045368373807e-08
C_Beaufort_Sea_Coast,f3,207,44,0.8283870870306954,0.1502389250479209,0.527725090432347,0.3567280337584358,0.6759732296718748,False,False,False,True,0.8338501257932517,0.1453719802953891,0.49533827883752607,False,True,-266.89593151167,-266.2201903464564,1.3514823304273023,0.24501914091032045,0.8283870870306954,0.1502389250479209,0.527725090432347,0.3567280337584358,0.6759732296718748,-266.2201903464564,1.3514823304273023,0.24501914091032045
C_Bight_of_Benin_Coast,f3,207,44,0.9258649364479938,0.11250736735702817,0.19006560163896508,0.4521039926622824,2.3786734094108546,False,False,False,True,0.939793532240655,0.08645779813022503,0.27293469706885376,False,True,-215.36739259957446,-211.47904856980745,7.776688059534024,0.00529247373211444,0.9258649364479938,0.11250736735702817,0.19006560163896508,0.4521039926622824,2.3786734094108546,-211.47904856980745,7.776688059534024,0.00529247373211444
C_Bismark_Sea_Islands,f3,207,44,0.8560077082376701,0.15937684251563816,0.12560535617024607,1.2379964642755055,9.85623943136246,False,False,False,True,0.892930992480309,0.12481283647115984,0.382421963407513,False,True,-247.4041586887797,-220.14485318867452,54.51861100021034,1.539826124552002e-13,0.8560077082376701,0.15937684251563816,0.12560535617024607,1.2379964642755055,9.85623943136246,-220.14485318867452,54.51861100021034,1.539826124552002e-13
C_Borneo,f3,207,44,0.7209894584716477,0.4292120856058772,6.267323255089152e-08,0.2844736683094555,4538997.858112058,False,True,False,True,0.7092992199495449,0.4657974409272553,0.03481582769516072,False,True,-229.5106268857741,-224.53181459505308,9.957624581442019,0.001601846009742533,0.7209894584716477,0.4292120856058772,6.267323255089152e-08,0.2844736683094555,4538997.858112058,-224.53181459505308,9.957624581442019,0.001601846009742533
C_Buor_Khaya_Gulf_Coast,f3,207,44,0.9417864907492728,0.03327759432481479,0.75259106156397,0.5668403680055011,0.7531850920837967,False,False,False,True,0.943259961178711,0.0324619159953059,0.7144087287643676,False,True,-277.24632083163647,-276.7069843778436,1.0786729075857693,0.2989946253957033,0.9417864907492728,0.03327759432481479,0.75259106156397,0.5668403680055011,0.7531850920837967,-276.7069843778436,1.0786729075857693,0.2989946253957033
C_California_and_Baja_California,f3,207,44,0.880017314942725,0.21918815153523807,0.025463209692281833,0.05315214070772244,2.087409299536712,False,False,False,True,0.8769405588562499,0.2256407956255616,0.02727721056508365,False,True,-164.96755197665635,-164.736206553145,0.46269084702271357,0.4963690801187214,0.880017314942725,0.21918815153523807,0.025463209692281833,0.05315214070772244,2.087409299536712,-164.736206553145,0.46269084702271357,0.4963690801187214
C_Canadian_South_Arctic_Ocean_Coast,f3,207,44,0.8499850980243799,0.18889194513893248,0.37145271010633196,0.17460783749362602,0.47006747492471607,False,False,False,True,0.8757780069583037,0.1488465805172411,0.3643862225953805,False,True,-248.40497091234337,-246.9588208756239,2.892300073438946,0.08900377701475376,0.8499850980243799,0.18889194513893248,0.37145271010633196,0.17460783749362602,0.47006747492471607,-246.9588208756239,2.892300073438946,0.08900377701475376
C_Capim_River_Delta,f3,207,44,0.8803950978910042,0.23168110999703148,6.599856804319609e-10,0.04790055079873435,72578166.79807875,False,True,False,True,0.8723783245004865,0.24820805896420603,1.5702408717066966e-09,True,True,-156.4275934891474,-155.7110667371674,1.4330535039599681,0.2312667507949204,0.8803950978910042,0.23168110999703148,6.599856804319609e-10,0.04790055079873435,72578166.79807875,-155.7110667371674,1.4330535039599681,0.2312667507949204
C_Carribean_Coast,f3,207,44,0.8928187927168151,0.19919125189499987,0.014515064251466536,6.481826108184608e-08,4.465585543329382e-06,False,False,True,True,0.8846729894202379,0.21668147685388475,0.0011211840333158873,False,True,-143.48448261140848,-143.24961322859627,0.4697387656244132,0.49310737311636177,0.8928187927168151,0.19919125189499987,0.014515064251466536,6.481826108184608e-08,4.465585543329382e-06,-143.24961322859627,0.4697387656244132,0.49310737311636177
C_Central_America_Gulf_of_Mexico_Caribbean_Coast,f3,207,44,0.7680699356892889,0.40341700371565115,8.74619194867299e-08,0.04833513265527728,552642.029113149,False,True,False,True,0.7604414096880587,0.4191610865962677,1.1659984622404169e-07,True,True,-208.94936238573035,-208.67157577500765,0.5555732214453997,0.4560493781712107,0.7680699356892889,0.40341700371565115,8.74619194867299e-08,0.04833513265527728,552642.029113149,-208.67157577500765,0.5555732214453997,0.4560493781712107
C_Central_American_Pacific_Coast,f3,207,44,0.8430657194564802,0.2777891399066961,0.02963255074803577,0.07622849813879505,2.5724581993282487,False,False,False,True,0.8463523120657069,0.272113849712974,0.04333313052083195,False,True,-188.22181839026658,-187.75244230782502,0.9387521648831125,0.3325989596503631,0.8430657194564802,0.2777891399066961,0.02963255074803577,0.07622849813879505,2.5724581993282487,-187.75244230782502,0.9387521648831125,0.3325989596503631
C_Chao_Phraya_River_Gulf_of_Thailand_Coast,f3,207,44,0.8266151704239926,0.3441107168465046,3.3840504476710446e-08,0.021294937483942414,629273.6415498154,False,True,False,True,0.8236029573276668,0.35161470674555617,6.313687769773074e-12,True,True,-191.67638556571063,-191.57082628758369,0.21111855625389353,0.6458921002722775,0.8266151704239926,0.3441107168465046,3.3840504476710446e-08,0.021294937483942414,629273.6415498154,-191.57082628758369,0.21111855625389353,0.6458921002722775
C_Chukchi_Peninsula,f3,207,44,0.6579270139673342,0.323760733896289,0.40359679326482517,0.608150471333007,1.5068268169662125,False,False,False,True,0.6882887898221371,0.29466091417639445,0.46746927632304736,False,True,-279.8050191116295,-279.25497629582696,1.1000856316051113,0.2942473125174157,0.6579270139673342,0.323760733896289,0.40359679326482517,0.608150471333007,1.5068268169662125,-279.25497629582696,1.1000856316051113,0.2942473125174157
C_Churchill_Seal_Rivers,f3,207,44,0.874029627437951,0.21976180982180188,0.010138202528114456,0.06510611477730198,6.421859752431941,False,False,False,True,0.8716666399346359,0.22474309053194066,0.01877814401348024,False,True,-159.2340240174106,-158.09842846995264,2.2711910949159346,0.13179857346985083,0.874029627437951,0.21976180982180188,0.010138202528114456,0.06510611477730198,6.421859752431941,-158.09842846995264,2.2711910949159346,0.13179857346985083
C_Columbia_Ecuador_Pacific_Coast,f3,207,44,0.49037787374637876,0.7491218038009277,1.0760992263030446e-06,0.06529475425356968,60677.261592214694,False,False,False,True,0.4841430716240821,0.7663220504909353,1.6315457271035243e-06,False,True,-268.3402231397803,-268.23468660705333,0.21107306545388838,0.6459276433442209,0.49037787374637876,0.7491218038009277,1.0760992263030446e-06,0.06529475425356968,60677.261592214694,-268.23468660705333,0.21107306545388838,0.6459276433442209
C_Crimea_West_Azov_Sea_Coast,f3,207,44,0.8666955624507687,0.17505074153681904,0.2310080536634572,0.4137208039758741,1.7909367115771684,False,False,False,True,0.8619565056415337,0.18367140459633471,0.2621104874508667,False,True,-234.16115657761833,-232.79830539540768,2.725702364421295,0.09874467463288542,0.8666955624507687,0.17505074153681904,0.2310080536634572,0.4137208039758741,1.7909367115771684,-232.79830539540768,2.725702364421295,0.09874467463288542
C_Cuba,f3,207,44,0.5089804409163509,0.7149168570522811,2.165333392495168e-07,0.2079257317559716,960248.1191885816,False,True,False,True,0.4897766719600329,0.768801668093214,2.8350781207436255e-06,False,True,-268.71272774424494,-267.8760463482397,1.6733627920104936,0.19580872096551735,0.5089804409163509,0.7149168570522811,2.165333392495168e-07,0.2079257317559716,960248.1191885816,-267.8760463482397,1.6733627920104936,0.19580872096551735
C_Deccan_Plateau_East_Indian_Subcontinent_Coast,f3,207,44,0.86909978867939,0.24699221971007349,1.0538286421494642e-07,5.139586747923205e-10,0.004877061167591855,False,True,True,True,0.8690944094904167,0.24700073872722556,1.3930502299883622e-07,True,True,-155.86307072511494,-155.86306841613006,4.617969750597695e-06,0.9982853903283871,0.86909978867939,0.24699221971007349,1.0538286421494642e-07,5.139586747923205e-10,0.004877061167591855,-155.86306841613006,4.617969750597695e-06,0.9982853903283871
C_Denmark_Germany_Coast,f3,207,44,0.8764674505930253,0.07824424984185374,0.5917026353765755,0.8690384037601567,1.4687080161592947,False,False,False,True,0.8759134336332431,0.08086189837166562,0.6461017607117904,False,True,-276.98298332212164,-276.00115501626374,1.9636566117158054,0.16112278974616517,0.8764674505930253,0.07824424984185374,0.5917026353765755,0.8690384037601567,1.4687080161592947,-276.00115501626374,1.9636566117158054,0.16112278974616517
C_East_Australia_Coast,f3,207,44,0.8839674315267857,0.22652317985774384,0.0011009033387276105,0.054913951864347194,49.8808114505448,False,False,False,True,0.8796479349428348,0.23979820082889158,0.00421948151025125,False,True,-155.98160541304327,-154.98968698673028,1.9838368526259842,0.15898678520816684,0.8839674315267857,0.22652317985774384,0.0011009033387276105,0.054913951864347194,49.8808114505448,-154.98968698673028,1.9838368526259842,0.15898678520816684
C_East_Azov_Sea_Northeast_Black_Sea_Coast,f3,207,44,0.9092080371995044,0.10536821085223208,0.2285605342333704,0.9019234590729265,3.9461032154922373,False,False,False,True,0.91528102940694,0.10938191689204832,0.3624090820869951,False,True,-241.22633363921838,-229.35706979494532,23.738527688546128,1.1035118983175917e-06,0.9092080371995044,0.10536821085223208,0.2285605342333704,0.9019234590729265,3.9461032154922373,-229.35706979494532,23.738527688546128,1.1035118983175917e-06
C_East_Barents_Sea_Coast,f3,207,44,0.7799331333795682,0.3411419918481902,0.08864588655003307,0.3575284194154605,4.033220641475181,False,False,False,True,0.696381033970039,0.5151475327068353,0.020305576223340453,False,True,-235.02121953918453,-232.292816151475,5.456806775419068,0.019492236902351794,0.7799331333795682,0.3411419918481902,0.08864588655003307,0.3575284194154605,4.033220641475181,-232.292816151475,5.456806775419068,0.019492236902351794
C_East_Beaufort_Sea_Amundsen_Gulf_Coast,f3,207,44,0.8262644361985291,0.179759685979552,0.38467277704344577,0.43585667434336667,1.133058277981912,False,False,False,True,0.8244952592852094,0.18156444667010058,0.3941371635958606,False,True,-257.3146674815946,-257.2467570464378,0.135820870313637,0.7124714961085579,0.8262644361985291,0.179759685979552,0.38467277704344577,0.43585667434336667,1.133058277981912,-257.2467570464378,0.135820870313637,0.7124714961085579
C_East_Brazil_South_Atlantic_Coast,f3,207,44,0.8455709635330287,0.2733494823381863,0.05909111156374991,0.008257942220323803,0.13974931257495127,False,False,False,True,0.8321275148779157,0.3023414326074587,0.029293014893395086,False,True,-190.6675863058056,-190.0361615041312,1.2628496033487977,0.26111238802206305,0.8455709635330287,0.2733494823381863,0.05909111156374991,0.008257942220323803,0.13974931257495127,-190.0361615041312,1.2628496033487977,0.26111238802206305
C_East_Caspian_Sea_Coast,f3,207,44,0.9460347838627997,0.09468051455134288,0.22299705864030459,0.41440003371785916,1.8583206264899153,False,False,False,True,0.9401680462239969,0.1028109235567759,0.25533263807983425,False,True,-216.11056494447905,-214.1114518009395,3.998226287079092,0.045548172684832015,0.9460347838627997,0.09468051455134288,0.22299705864030459,0.41440003371785916,1.8583206264899153,-214.1114518009395,3.998226287079092,0.045548172684832015
C_East_Central_Africa_Coast,f3,207,44,0.8634399407792424,0.25647844831802064,1.6572940323012675e-07,0.030634377255846144,184845.7585604661,False,True,False,True,0.8591935640394107,0.26718922792484867,2.9692734741463857e-07,True,True,-163.81802545135014,-163.54663294129472,0.5427850201108413,0.4612808101766953,0.8634399407792424,0.25647844831802064,1.6572940323012675e-07,0.030634377255846144,184845.7585604661,-163.54663294129472,0.5427850201108413,0.4612808101766953
C_East_China_Coast,f3,207,44,0.799287467468766,0.22859680555121364,0.2520360663289606,0.7632186369684837,3.028211986027116,False,False,False,True,0.7879526669624795,0.2528897090605529,0.33791428419439185,False,True,-258.84093667144543,-253.51130865635594,10.659256030178994,0.0010952143715183976,0.799287467468766,0.22859680555121364,0.2520360663289606,0.7632186369684837,3.028211986027116,-253.51130865635594,10.659256030178994,0.0010952143715183976
C_East_Hudson_Bay_Coast,f3,207,44,0.7553887250752044,0.3280201010319315,0.1073615779997757,0.7904943159602306,7.362916330848658,False,False,False,True,0.7759759403500521,0.3164517103132698,0.2538148029506138,False,True,-254.14173693805762,-243.28572238321578,21.71202910968367,3.167985307749451e-06,0.7553887250752044,0.3280201010319315,0.1073615779997757,0.7904943159602306,7.362916330848658,-243.28572238321578,21.71202910968367,3.167985307749451e-06
C_East_Mediterranean_Coast,f3,207,44,0.8894523324573984,0.17359725687094638,0.09543903479094314,0.20130877058665309,2.1092917696371827,False,False,False,True,0.8977602962925069,0.15732300108069688,0.1308858710754884,False,True,-190.58307429140606,-188.9881452082483,3.189858166315503,0.07409644027598392,0.8894523324573984,0.17359725687094638,0.09543903479094314,0.20130877058665309,2.1092917696371827,-188.9881452082483,3.189858166315503,0.07409644027598392
C_East_Mississippi_Delta,f3,207,44,0.8684346293451985,0.20205454011624485,0.08811973434925645,0.2609839985291463,2.961697518228486,False,False,False,True,0.8717640895166092,0.1981598546980574,0.1273706392802005,False,True,-200.57636137952227,-197.619473351737,5.913776055570509,0.015022936298052113,0.8684346293451985,0.20205454011624485,0.08811973434925645,0.2609839985291463,2.961697518228486,-197.619473351737,5.913776055570509,0.015022936298052113
C_East_Nile_Delta,f3,207,44,0.808222399214511,0.09497845961880774,0.6493510125941907,1.0001054811804335,1.5401615794590982,False,False,False,True,0.8261828957235626,0.08100838462659145,0.7401253543621492,False,True,-285.64967807452996,-284.3796181297495,2.5401198895609696,0.1109863588395426,0.808222399214511,0.09497845961880774,0.6493510125941907,1.0001054811804335,1.5401615794590982,-284.3796181297495,2.5401198895609696,0.1109863588395426
C_East_Ob_Bay_Coast,f3,207,44,0.8503260377783222,0.18926368546891167,0.3565616286629402,0.2765418590760624,0.7755794141760526,False,False,False,True,0.8487179860879606,0.1932311249026407,0.3357141000530949,False,True,-250.72959327191512,-250.48915553849866,0.48087546683291293,0.4880260335302513,0.8503260377783222,0.18926368546891167,0.3565616286629402,0.2765418590760624,0.7755794141760526,-250.48915553849866,0.48087546683291293,0.4880260335302513
C_East_Red_Sea_North_Gulf_of_Aden_Coast,f3,207,44,0.85327750719338,0.07987479414132738,0.5398471200185702,1.172403386805548,2.1717322244216444,False,False,False,True,0.3804227716841363,0.84784010843377,1.0612960987605423e-06,False,True,-277.9955557673525,-274.5512182631768,6.88867500835147,0.0086743542134135,0.85327750719338,0.07987479414132738,0.5398471200185702,1.172403386805548,2.1717322244216444,-274.5512182631768,6.88867500835147,0.0086743542134135
C_East_Timor_Islands,f3,207,44,0.4130869709810607,0.7282108201127635,7.212072254360052e-08,0.5259895387210591,7293181.767599079,False,True,False,True,0.3827105398726227,0.8528242942690477,8.974133573550771e-08,True,True,-278.59943246345904,-275.24873419181534,6.701396543287387,0.00963374253034877,0.4130869709810607,0.7282108201127635,7.212072254360052e-08,0.5259895387210591,7293181.767599079,-275.24873419181534,6.701396543287387,0.00963374253034877
C_Ellef_Ringnes_Bathurst_Devon_Islands,f3,207,44,0.9733265183533286,0.055380460782548706,0.1752314481311887,0.12765908377732502,0.7285169707765686,False,False,False,True,0.9735622773223934,0.05496263677456923,0.16554680206097303,False,True,-168.1954324340616,-167.74811911318568,0.8946266417518132,0.34422660386255277,0.9733265183533286,0.055380460782548706,0.1752314481311887,0.12765908377732502,0.7285169707765686,-167.74811911318568,0.8946266417518132,0.34422660386255277
C_Ellesmere_Island,f3,207,44,0.9505205650066391,0.09830712108186637,0.023347829625592943,3.3045088063644604e-08,1.4153387528330222e-06,False,False,True,True,0.93481421212593,0.12930740212083355,1.661971686923366e-10,True,True,-90.15741511977724,-89.07793931778173,2.158951603991028,0.14174137038698348,0.9505205650066391,0.09830712108186637,0.023347829625592943,3.3045088063644604e-08,1.4153387528330222e-06,-89.07793931778173,2.158951603991028,0.14174137038698348
C_Great_Britain,f3,207,44,0.39878066647850785,0.4916741882338044,0.29891776695391126,0.7739891792059815,2.589304701066228,False,False,False,True,0.3962023024537631,0.5340857593984458,0.3578724708713287,False,True,-286.40288664803415,-284.27396701024054,4.25783927558723,0.03906958604721865,0.39878066647850785,0.4916741882338044,0.29891776695391126,0.7739891792059815,2.589304701066228,-284.27396701024054,4.25783927558723,0.03906958604721865
C_Greater_Dniester_Basin,f3,207,44,0.8895794385011878,0.18618874669603622,0.0746010408240772,0.28822826276935953,3.863595729837793,False,False,False,True,0.8785070735845393,0.20639407703452364,0.10454606644309354,False,True,-195.00264077363624,-190.204871961292,9.595537624688461,0.0019505080628313323,0.8895794385011878,0.18618874669603622,0.0746010408240772,0.28822826276935953,3.863595729837793,-190.204871961292,9.595537624688461,0.0019505080628313323
C_Gulf_of_Darien_Coast,f3,207,44,0.8613769405384766,0.21597424776831434,0.1714749246429847,0.11866427501721896,0.692021152738694,False,False,False,True,0.861882492317152,0.21487624271669048,0.16100396181549903,False,True,-215.50819360186395,-215.23257376008314,0.5512396835616187,0.45781160209945104,0.8613769405384766,0.21597424776831434,0.1714749246429847,0.11866427501721896,0.692021152738694,-215.23257376008314,0.5512396835616187,0.45781160209945104
C_Gulf_of_Guinea_Coast,f3,207,44,0.8634778885513656,0.21609364533214492,0.10914292360489367,0.30743302640022774,2.8167930292316568,False,False,False,True,0.8537487783806135,0.23461439294803732,0.1366550573114653,False,True,-212.7306383020351,-209.9822356949629,5.496805214144388,0.01905124895443894,0.8634778885513656,0.21609364533214492,0.10914292360489367,0.30743302640022774,2.8167930292316568,-209.9822356949629,5.496805214144388,0.01905124895443894
C_Gydan_Bay_Coast,f3,207,44,0.8627695303087993,0.10049687594527264,0.5635346068202844,0.7616314300976289,1.3515255689355012,False,False,False,True,0.8597574988383567,0.1028529430463873,0.6034102050269462,False,True,-275.16199463604494,-274.59203063694093,1.1399279982080088,0.2856675423710059,0.8627695303087993,0.10049687594527264,0.5635346068202844,0.7616314300976289,1.3515255689355012,-274.59203063694093,1.1399279982080088,0.2856675423710059
C_Hainan,f3,207,44,0.7344516998998646,0.2390832832931208,0.23850887656286898,1.340511509799186,5.620384151387499,False,False,False,True,0.8005089356764878,0.16670314389956015,0.5341186404985669,False,True,-274.46752022750155,-259.18564349921064,30.56375345658182,3.230734641750331e-08,0.7344516998998646,0.2390832832931208,0.23850887656286898,1.340511509799186,5.620384151387499,-259.18564349921064,30.56375345658182,3.230734641750331e-08
C_Halmahera_Islands,f3,207,44,0.8469837518865234,0.20803970213145087,0.19175283436656876,0.5235997263609518,2.7305970630921688,False,False,False,True,0.854304073655565,0.19260091480901195,0.2774227393923025,False,True,-239.13514164027674,-234.72357175593913,8.823139768675219,0.0029743444711700907,0.8469837518865234,0.20803970213145087,0.19175283436656876,0.5235997263609518,2.7305970630921688,-234.72357175593913,8.823139768675219,0.0029743444711700907
C_Hispaniola,f3,207,44,0.9591136896148085,0.015731520426998366,0.7956779228231202,0.8417274416945201,1.0578745715452467,False,False,False,True,0.9592281628695426,0.015654586042128008,0.8056881413914365,False,True,-283.0266424944783,-283.0019779389929,0.0493291109708025,0.8242348094355043,0.9591136896148085,0.015731520426998366,0.7956779228231202,0.8417274416945201,1.0578745715452467,-283.0019779389929,0.0493291109708025,0.8242348094355043
C_Hokkaido,f3,207,44,0.7363761825795787,0.17474349434137468,0.48271254343734404,1.1309763754167328,2.3429604032312312,False,False,False,True,0.8176943200337906,0.1098570592076813,0.6772076184579767,False,True,-283.45751546255576,-279.25645097229653,8.402128980518455,0.0037478182595065725,0.7363761825795787,0.17474349434137468,0.48271254343734404,1.1309763754167328,2.3429604032312312,-279.25645097229653,8.402128980518455,0.0037478182595065725
C_Hub_Porali_Basin,f3,207,44,0.7210980812925519,0.39393748583605287,0.041370575206497735,0.5947750104828068,14.376764343111923,False,False,False,True,0.7830253529756206,0.29016497016330917,0.23576602719707165,False,True,-246.15698073713685,-236.02576537090596,20.26243073246178,6.7513366793130115e-06,0.7210980812925519,0.39393748583605287,0.041370575206497735,0.5947750104828068,14.376764343111923,-236.02576537090596,20.26243073246178,6.7513366793130115e-06
C_Iberian_Atlantic_Coast,f3,207,44,0.8243103690598149,0.2986423226736868,0.06260037090828097,0.15938119296077252,2.546010361412876,False,False,False,True,0.8220379860235724,0.304187004811033,0.07940802055614657,False,True,-210.28073267588474,-209.30507983766338,1.9513056764427006,0.1624462211131617,0.8243103690598149,0.2986423226736868,0.06260037090828097,0.15938119296077252,2.546010361412876,-209.30507983766338,1.9513056764427006,0.1624462211131617
C_Iceland,f3,207,44,0.9263682945254716,0.11641498775599103,0.16466712321302326,0.17876704834458348,1.0856268382931529,False,False,False,True,0.926854638906463,0.11545106641977122,0.16854392760740464,False,True,-192.07877517655004,-192.05284983652078,0.05185068005852145,0.819873684974639,0.9263682945254716,0.11641498775599103,0.16466712321302326,0.17876704834458348,1.0856268382931529,-192.05284983652078,0.05185068005852145,0.819873684974639
C_India_West_Coast,f3,207,44,0.8452412862390533,0.2730139024500821,0.11129446840948137,4.230317385552868e-07,3.801013155468273e-06,False,False,True,True,0.8500819799236033,0.2600595550526034,0.09605968706381715,False,True,-205.79350998345356,-203.62646945005372,4.334081066799683,0.037356575848010415,0.8452412862390533,0.2730139024500821,0.11129446840948137,4.230317385552868e-07,3.801013155468273e-06,-203.62646945005372,4.334081066799683,0.037356575848010415
C_Indian_Ocean_Africa_Coast,f3,207,44,0.7634553414166894,0.4118287306535342,3.5564456715164806e-08,0.020984528072078287,590042.1378609282,False,True,False,True,0.7600628223866919,0.4189015504756003,8.021645929492292e-08,True,True,-208.87920285458745,-208.79189149647124,0.17462271623242032,0.6760357117223946,0.7634553414166894,0.4118287306535342,3.5564456715164806e-08,0.020984528072078287,590042.1378609282,-208.79189149647124,0.17462271623242032,0.6760357117223946
C_Ireland,f3,207,44,0.4304656488965967,0.290457170832657,0.5395230268280344,1.028369459734523,1.9060714901836833,False,False,False,True,0.4568325633582016,0.2307560967610814,0.7035986259708792,False,True,-291.3115419951586,-289.2918914032124,4.039301183892462,0.04445222530910325,0.4304656488965967,0.290457170832657,0.5395230268280344,1.028369459734523,1.9060714901836833,-289.2918914032124,4.039301183892462,0.04445222530910325
C_Irrawaddy_Sittang_Salween_Basin,f3,207,44,0.7635286534269045,0.38937794287165234,0.10850418916428303,0.0442891476328409,0.4081791493394231,False,False,False,True,0.7569499313916389,0.3954674324119918,0.09077070045827455,False,True,-231.77902039389718,-231.45301293323527,0.6520149213238255,0.4193932125041746,0.7635286534269045,0.38937794287165234,0.10850418916428303,0.0442891476328409,0.4081791493394231,-231.45301293323527,0.6520149213238255,0.4193932125041746
C_Jamaica,f3,207,44,0.2558021977076824,0.9216749145304867,1.8935522853965448e-06,0.11133832142734047,58798.65176473021,False,False,False,True,0.24655743490766457,0.9470822421881938,5.988772828419255e-06,False,True,-288.6651861875604,-288.5295454256146,0.2712815238916164,0.6024734080027936,0.2558021977076824,0.9216749145304867,1.8935522853965448e-06,0.11133832142734047,58798.65176473021,-288.5295454256146,0.2712815238916164,0.6024734080027936
C_Japan,f3,207,44,0.9312669447139441,0.11123582247881937,0.1601532497200611,0.1895760167158429,1.1837163282494183,False,False,False,True,0.9326807850466509,0.10864045174995432,0.16875952105484265,False,True,-190.07818944478143,-189.97111129267705,0.21415630420875686,0.6435290578493447,0.9312669447139441,0.11123582247881937,0.1601532497200611,0.1895760167158429,1.1837163282494183,-189.97111129267705,0.21415630420875686,0.6435290578493447
C_Java,f3,207,44,0.6616968602673035,0.5498603643317667,1.1013249224941016e-07,0.10522008300470537,955395.4591930966,False,True,False,True,0.6440521971497847,0.5831287968492473,1.2031836970198334e-07,True,True,-241.66902167366976,-240.8022404461796,1.7335624549803015,0.18795657781884573,0.6616968602673035,0.5498603643317667,1.1013249224941016e-07,0.10522008300470537,955395.4591930966,-240.8022404461796,1.7335624549803015,0.18795657781884573
C_Kamchatka_Peninsula,f3,207,44,0.6590777222837217,0.5747556967332648,4.809229413407725e-07,0.2698087401280541,561022.8103817425,False,True,False,True,0.6272798743525657,0.6500988429198147,4.197783172224743e-07,True,True,-252.73040267370544,-250.66687384167423,4.12705766406242,0.04220266802757158,0.6590777222837217,0.5747556967332648,4.809229413407725e-07,0.2698087401280541,561022.8103817425,-250.66687384167423,4.12705766406242,0.04220266802757158
C_La_Plata_Delta,f3,207,44,0.9336272065328639,0.14017940366309653,0.1082377690882426,0.13424220791465283,1.240252908439102,False,False,False,True,0.9310920787478604,0.14503215248299103,0.11003475367862704,False,True,-179.7657723157177,-179.66225306880142,0.20703849383255601,0.6490985711422068,0.9336272065328639,0.14017940366309653,0.1082377690882426,0.13424220791465283,1.240252908439102,-179.66225306880142,0.20703849383255601,0.6490985711422068
C_Labrador_Sea_Coast,f3,207,44,0.9204965135081556,0.09433713923813826,0.3353045759166676,0.5401515701818376,1.6109281202177212,False,False,False,True,0.9159780012421752,0.10220552542948122,0.36933453080410267,False,True,-240.73264332299283,-239.47902052425422,2.5072455974772083,0.11332384699045449,0.9204965135081556,0.09433713923813826,0.3353045759166676,0.5401515701818376,1.6109281202177212,-239.47902052425422,2.5072455974772083,0.11332384699045449
C_Madagascar,f3,207,44,0.7326103715354503,0.43703194501856363,0.04143133950370775,0.16907662775996432,4.0808873134510515,False,False,False,True,0.7411117497568274,0.4237643800215548,0.07760963746582951,False,True,-233.4447689590275,-232.45692411821847,1.9756896816180642,0.15984522723103756,0.7326103715354503,0.43703194501856363,0.04143133950370775,0.16907662775996432,4.0808873134510515,-232.45692411821847,1.9756896816180642,0.15984522723103756
C_Malaysian_Peninsula_Coast,f3,207,44,0.9597768066225895,0.07103418308522592,0.08804255621798435,0.13602046583648475,1.544939989017493,False,False,False,True,0.959603660167602,0.07192515387016722,0.0974028375972856,False,True,-141.14887821123537,-140.40124308636635,1.4952702497380415,0.221400547889095,0.9597768066225895,0.07103418308522592,0.08804255621798435,0.13602046583648475,1.544939989017493,-140.40124308636635,1.4952702497380415,0.221400547889095
C_Maluku,f3,207,44,0.6851946043784007,0.4535048907476571,5.129819559688532e-07,0.6016986570562224,1172943.1221802193,False,True,False,True,0.6235484456031107,0.6063155337023193,1.1306150092692214e-07,True,True,-245.47611634005958,-237.07493602049584,16.80236063912747,4.148166838198822e-05,0.6851946043784007,0.4535048907476571,5.129819559688532e-07,0.6016986570562224,1172943.1221802193,-237.07493602049584,16.80236063912747,4.148166838198822e-05
C_Melville_Prince_Patrick_Islands,f3,207,44,0.9446960622392747,0.0341594463905057,0.5594002152133336,1.0460704184431415,1.8699857275603848,False,False,False,True,0.9470423237931047,0.03159754353115357,0.6684557373604691,False,True,-271.15020847337587,-267.9900841367152,6.320248673321316,0.011936688808041107,0.9446960622392747,0.0341594463905057,0.5594002152133336,1.0460704184431415,1.8699857275603848,-267.9900841367152,6.320248673321316,0.011936688808041107
C_Namibia_Coast,f3,207,44,0.8303550716614454,0.26275848471291613,0.09683376736960378,0.2706803347942318,2.7953093445293202,False,False,False,True,0.820246404537168,0.28109855236615294,0.12005257813740035,False,True,-217.52318523263065,-215.48179977178415,4.0827709216929975,0.04332255893125192,0.8303550716614454,0.26275848471291613,0.09683376736960378,0.2706803347942318,2.7953093445293202,-215.48179977178415,4.0827709216929975,0.04332255893125192
C_Neva_River_Finland_Coast,f3,207,44,0.8091423413902266,0.3136387233905513,0.07187342170259074,1.1333596499256563e-06,1.5768828352369976e-05,False,False,False,True,0.8078941559884916,0.31727252474369,0.05387915199205038,False,True,-204.08881660344716,-203.11913146210577,1.9393702826827734,0.16373692413607494,0.8091423413902266,0.3136387233905513,0.07187342170259074,1.1333596499256563e-06,1.5768828352369976e-05,-203.11913146210577,1.9393702826827734,0.16373692413607494
C_New_Brunswick_and_Nova_Scotia_Coast,f3,207,44,0.7747850967234705,0.20415583401552656,0.5125012173058497,0.38917720295246466,0.7593683484271844,False,False,False,True,0.7687625568407694,0.21220221047707297,0.4790336092565387,False,True,-272.8081010119374,-272.4975971555953,0.621007712684218,0.4306730600074018,0.7747850967234705,0.20415583401552656,0.5125012173058497,0.38917720295246466,0.7593683484271844,-272.4975971555953,0.621007712684218,0.4306730600074018
C_New_Siberian_Islands,f3,207,44,0.6290767958581333,0.2724489396278568,0.5613702983596329,0.5635695662637802,1.0039176777085885,False,False,False,True,0.6292958392806126,0.2719891647242581,0.5622841486019049,False,True,-285.9541923384591,-285.95413091708485,0.00012284274851026566,0.9911568715707838,0.6290767958581333,0.2724489396278568,0.5613702983596329,0.5635695662637802,1.0039176777085885,-285.95413091708485,0.00012284274851026566,0.9911568715707838
C_New_Zealand_North_Island,f3,207,44,0.5245693628792278,0.5747326594923029,0.1466090162340798,0.46091583404089775,3.1438437135748014,False,False,False,True,0.4747671379199845,0.6674745040365365,0.13874917555818522,False,True,-276.2235462979136,-274.62610524811635,3.1948820995944516,0.07386909645117726,0.5245693628792278,0.5747326594923029,0.1466090162340798,0.46091583404089775,3.1438437135748014,-274.62610524811635,3.1948820995944516,0.07386909645117726
C_New_Zealand_South_Island,f3,207,44,0.4155514950572719,0.6863688855095547,0.20728662119574523,9.317065179466474e-08,4.49477401181052e-07,False,False,True,True,0.4125475340790372,0.6760566511622855,0.17302758767093906,False,True,-280.6812358220658,-279.8426881659952,1.6770953121412049,0.1953108647132414,0.4155514950572719,0.6863688855095547,0.20728662119574523,9.317065179466474e-08,4.49477401181052e-07,-279.8426881659952,1.6770953121412049,0.1953108647132414
C_Nigerian_Delta,f3,207,44,0.35431875647398514,0.5505591799712495,7.254507890878121e-08,1.590622541587831,21925988.165067587,False,True,False,True,0.3276862287220462,0.884077900432396,1.9361383318324537e-07,True,True,-281.97387018271553,-263.44858449924226,37.05057136694654,1.1510484710369312e-09,0.35431875647398514,0.5505591799712495,7.254507890878121e-08,1.590622541587831,21925988.165067587,-263.44858449924226,37.05057136694654,1.1510484710369312e-09
C_North_Argentina_South_Atlantic_Coast,f3,207,44,0.9403494823139904,0.12759317474636228,0.04731416886312891,0.029960531168720127,0.6332253506426451,False,False,False,True,0.9407692024813419,0.12687213468240643,0.04404095854475638,False,True,-133.99615332830777,-133.79797052834857,0.39636559991839704,0.5289722066816447,0.9403494823139904,0.12759317474636228,0.04731416886312891,0.029960531168720127,0.6332253506426451,-133.79797052834857,0.39636559991839704,0.5289722066816447
C_North_Australia_Coast,f3,207,44,0.8514433609115246,0.26523085619870984,0.06702617890064448,7.234799058674752e-09,1.0793990016049067e-07,False,False,True,True,0.8123467555869354,0.3481717887470732,2.579505748724192e-08,True,True,-190.48797620569428,-189.17988106942505,2.6161902725384607,0.10577812841352807,0.8514433609115246,0.26523085619870984,0.06702617890064448,7.234799058674752e-09,1.0793990016049067e-07,-189.17988106942505,2.6161902725384607,0.10577812841352807
C_North_Baffin_Island_Coast,f3,207,44,0.9723531698284613,0.04315054527466481,0.21547424641994511,0.23159276345732613,1.0748048423660204,False,False,False,True,0.9724347825564719,0.043051062151587695,0.21902946582802657,False,True,-182.86970946276577,-182.83952505501622,0.060368815499089123,0.8059139594001378,0.9723531698284613,0.04315054527466481,0.21547424641994511,0.23159276345732613,1.0748048423660204,-182.83952505501622,0.060368815499089123,0.8059139594001378
C_North_Brazil_South_Atlantic_Coast,f3,207,44,0.8953898193423202,0.21238192312902482,0.020210982914254598,3.742367750087953e-08,1.8516505436499577e-06,False,False,True,True,0.8896418792004364,0.22452914132246585,0.008762084308311756,False,True,-152.89055663597063,-152.51316680592555,0.7547796600901506,0.38496716846944046,0.8953898193423202,0.21238192312902482,0.020210982914254598,3.742367750087953e-08,1.8516505436499577e-06,-152.51316680592555,0.7547796600901506,0.38496716846944046
C_North_Caspian_Sea_Coast,f3,207,44,0.9192261708667975,0.14235663921330094,0.11883003621369717,0.30175006496930634,2.539341689896115,False,False,False,True,0.9211937448053004,0.13762745777436253,0.16191430846032726,False,True,-197.03279331204774,-193.64131524563103,6.782956132833419,0.009203234696092848,0.9192261708667975,0.14235663921330094,0.11883003621369717,0.30175006496930634,2.539341689896115,-193.64131524563103,6.782956132833419,0.009203234696092848
C_North_Chile_South_Pacific_Coast,f3,207,44,0.9309845960405183,0.0934292508329525,0.29534771339398225,0.4669423751750418,1.5809920104313082,False,False,False,True,0.9285772121388037,0.09751461807271265,0.3271275799884533,False,True,-231.3530131421225,-230.19150371959407,2.323018845056879,0.12747242284773413,0.9309845960405183,0.0934292508329525,0.29534771339398225,0.4669423751750418,1.5809920104313082,-230.19150371959407,2.323018845056879,0.12747242284773413
C_North_East_Bay_of_Bengal_Coast,f3,207,44,0.6326214748258795,0.5318077190080683,0.05449063182767283,0.3619540878032672,6.642501209161066,False,False,False,True,0.593558867556273,0.6824139069691892,4.180863790964099e-06,False,True,-257.39522331798696,-255.53353038816792,3.7233858596380855,0.05365546455380983,0.6326214748258795,0.5318077190080683,0.05449063182767283,0.3619540878032672,6.642501209161066,-255.53353038816792,3.7233858596380855,0.05365546455380983
C_North_East_Siberian_Sea_Coast,f3,207,44,0.9376758962808978,0.1365879276716134,0.17440100480502363,0.1412877111708631,0.8101312909797714,False,False,False,True,0.936922940927102,0.13830829018549448,0.16587841451136415,False,True,-199.82122624634297,-199.6757398739921,0.2909727447017758,0.5895978459542576,0.9376758962808978,0.1365879276716134,0.17440100480502363,0.1412877111708631,0.8101312909797714,-199.6757398739921,0.2909727447017758,0.5895978459542576
C_North_Gulf_of_Oman_Coast,f3,207,44,0.7958395032461917,0.34370818303265327,0.014557371358032482,0.12689992442076248,8.717227945877847,False,False,False,True,0.7954764167090086,0.3468572771240539,0.036126098978418356,False,True,-204.84438294838202,-203.33527342041685,3.018219055930331,0.08233383726076632,0.7958395032461917,0.34370818303265327,0.014557371358032482,0.12689992442076248,8.717227945877847,-203.33527342041685,3.018219055930331,0.08233383726076632
C_North_Korea_Bay_Korean_Peninsula,f3,207,44,0.9075144495431441,0.17206008311234436,0.12468533676799635,0.09691178156663395,0.7772508306005459,False,False,False,True,0.9085503115633514,0.16940174715763953,0.12074865843341612,False,True,-191.3464060669615,-191.22851051218376,0.23579110955546412,0.6272626623592712,0.9075144495431441,0.17206008311234436,0.12468533676799635,0.09691178156663395,0.7772508306005459,-191.22851051218376,0.23579110955546412,0.6272626623592712
C_North_Siberia_Coast,f3,207,44,0.9324718304836583,0.08337131293894157,0.38524156732003534,0.24089190567966945,0.6253009179550738,False,False,False,True,0.9338205854174895,0.08211977330992803,0.3558227035167258,False,True,-233.44111633693967,-232.37103080717011,2.1401710595391137,0.14348589108875934,0.9324718304836583,0.08337131293894157,0.38524156732003534,0.24089190567966945,0.6253009179550738,-232.37103080717011,2.1401710595391137,0.14348589108875934
C_North_St_Lawrence_Seaway_Coast,f3,207,44,0.6610673121503788,0.5430823748721477,8.7515592955068e-08,0.1242978209155365,1420293.4210747234,False,True,False,True,0.6409923547559557,0.5820565689500271,2.330016936663368e-07,True,True,-241.44428998178824,-240.3271013911827,2.234377181211073,0.1349710002295749,0.6610673121503788,0.5430823748721477,8.7515592955068e-08,0.1242978209155365,1420293.4210747234,-240.3271013911827,2.234377181211073,0.1349710002295749
C_North_Vietnam_South_China_Coast,f3,207,44,0.8374950850978902,0.2866697156560294,0.005769295539256141,0.05304578031564722,9.19449869654045,False,False,False,True,0.8350639845253289,0.2920563146923258,0.012551325266018805,False,True,-179.46083439281188,-178.86670691643138,1.1882549527609854,0.2756818357799102,0.8374950850978902,0.2866697156560294,0.005769295539256141,0.05304578031564722,9.19449869654045,-178.86670691643138,1.1882549527609854,0.2756818357799102
C_North_West_Africa_Coast,f3,207,44,0.9598666963952039,0.06241139734471353,0.3404294817796471,0.469897140238265,1.3803068341255462,False,False,False,True,0.9629767005671828,0.05906881583417903,0.37206241108057336,False,True,-231.86879890643138,-231.21079277083558,1.316012271191596,0.251308979234944,0.9598666963952039,0.06241139734471353,0.3404294817796471,0.469897140238265,1.3803068341255462,-231.21079277083558,1.316012271191596,0.251308979234944
C_Northeast_South_America_Coast,f3,207,44,0.8964734577435752,0.20139862059167218,4.398410008160541e-09,0.07674687553222416,17448777.033026185,False,True,False,True,0.8864853109034938,0.2276530847006963,7.64791788374445e-10,True,True,-147.7381657325868,-145.46363491903728,4.549061627099036,0.03293679254251219,0.8964734577435752,0.20139862059167218,4.398410008160541e-09,0.07674687553222416,17448777.033026185,-145.46363491903728,4.549061627099036,0.03293679254251219
C_Northwest_Hudson_Bay_Coast,f3,207,44,0.7930183566337747,0.3583601641910708,2.1786680501396057e-07,0.12282204667789884,563748.3262768212,False,True,False,True,0.7961578853024489,0.3515507620762339,0.03121866358045953,False,True,-204.2310739573076,-201.9978174461891,4.466513022236995,0.03456546431492325,0.7930183566337747,0.3583601641910708,2.1786680501396057e-07,0.12282204667789884,563748.3262768212,-201.9978174461891,4.466513022236995,0.03456546431492325
C_Northwest_Mediterranean_Coast,f3,207,44,0.7429519700581596,0.4383915022225668,4.945732480325923e-08,0.21332400291349377,4313294.416187989,False,True,False,True,0.7122816693000362,0.5037880805381652,0.00010720064068979887,False,True,-227.38021474681605,-224.4671293614357,5.8261707707607115,0.015789456040028047,0.7429519700581596,0.4383915022225668,4.945732480325923e-08,0.21332400291349377,4313294.416187989,-224.4671293614357,5.8261707707607115,0.015789456040028047
C_Norway_Coast,f3,207,44,0.6783098775109189,0.44680404083939573,0.05073148239040806,0.4112372178646703,8.106154176610934,False,False,False,True,0.6739527464973288,0.4805390665832769,0.09921672714233444,False,True,-246.95231422344227,-242.7583407576357,8.387946931613158,0.003777173088045626,0.6783098775109189,0.44680404083939573,0.05073148239040806,0.4112372178646703,8.106154176610934,-242.7583407576357,8.387946931613158,0.003777173088045626
C_Novaya_Zemlya,f3,207,44,0.9672098596801383,0.045406555279278754,0.250068877462762,0.31735942053392396,1.2690880358799637,False,False,False,True,0.9672455866829861,0.045032953674670216,0.2649886752360523,False,True,-198.67602592326807,-198.31637053216292,0.7193107822103002,0.3963700781588828,0.9672098596801383,0.045406555279278754,0.250068877462762,0.31735942053392396,1.2690880358799637,-198.31637053216292,0.7193107822103002,0.3963700781588828
C_Nusa_Tenggara,f3,207,44,0.4732160834160882,0.7515798189631122,4.877871880185066e-08,0.07886909168930067,1616875.0148949872,False,True,False,True,0.4707483416271955,0.7712694257683291,7.724909521309127e-08,True,True,-268.89095109987227,-268.8066787220354,0.16854475567379268,0.6814083808450866,0.4732160834160882,0.7515798189631122,4.877871880185066e-08,0.07886909168930067,1616875.0148949872,-268.8066787220354,0.16854475567379268,0.6814083808450866
C_Olenyok_Delta,f3,207,44,0.884743972278631,0.0543408155638831,0.8545732466597784,0.36370262067465886,0.4255956082129209,False,False,False,True,0.8935635829303197,0.05210586745934531,0.7504140706587002,False,True,-284.05882000945815,-279.9970627181919,8.123514582532493,0.0043694769438605155,0.884743972278631,0.0543408155638831,0.8545732466597784,0.36370262067465886,0.4255956082129209,-279.9970627181919,8.123514582532493,0.0043694769438605155
C_Oregon_Coast,f3,207,44,0.6910139815574923,0.48041152665022513,0.02023511025313601,0.2860127500465299,14.134479450251773,False,False,False,True,0.704482792365927,0.45073389197609703,0.09942991578739283,False,True,-242.68966359722515,-239.26662866763573,6.84606985917884,0.008883648322542341,0.6910139815574923,0.48041152665022513,0.02023511025313601,0.2860127500465299,14.134479450251773,-239.26662866763573,6.84606985917884,0.008883648322542341
C_Papua_New_Guinea_Island,f3,207,44,0.8289226003132925,0.27560160184747023,0.11981973180794935,0.24656253548907195,2.0577790633371618,False,False,False,True,0.8219555242664088,0.2883416629694536,0.13756286262686065,False,True,-224.35703672043746,-223.3094067618203,2.09525991723433,0.14775658191314392,0.8289226003132925,0.27560160184747023,0.11981973180794935,0.24656253548907195,2.0577790633371618,-223.3094067618203,2.09525991723433,0.14775658191314392
C_Patagonia,f3,207,44,0.861605053678778,0.11410638194700956,0.3453307523595375,1.2229006724003904,3.541244630096483,False,False,False,True,0.5844930897061792,0.5370474387179005,0.16655000726542982,False,True,-265.68521211470585,-256.6939789822368,17.982466264938125,2.2294910210579566e-05,0.861605053678778,0.11410638194700956,0.3453307523595375,1.2229006724003904,3.541244630096483,-256.6939789822368,17.982466264938125,2.2294910210579566e-05
C_Peru_Pacific_Coast,f3,207,44,0.7765079602968843,0.35200773827077964,0.1037541512495066,0.21819859955300325,2.103034885113003,False,False,False,True,0.771401739142214,0.35963655790400956,0.12290040201609455,False,True,-233.41530533928454,-232.67034717290977,1.4899163327495444,0.2222294417429943,0.7765079602968843,0.35200773827077964,0.1037541512495066,0.21819859955300325,2.103034885113003,-232.67034717290977,1.4899163327495444,0.2222294417429943
C_Philippines,f3,207,44,0.7797425274278879,0.3325494991319185,0.06301260605228394,0.42440830546136776,6.735292063769275,False,False,False,True,0.8220155425901462,0.25682198224625735,0.19718672174326096,False,True,-232.87608377844052,-226.11529717731463,13.521573202251773,0.00023583663207518666,0.7797425274278879,0.3325494991319185,0.06301260605228394,0.42440830546136776,6.735292063769275,-226.11529717731463,13.521573202251773,0.00023583663207518666
C_Po_River_and_East_Italy_Coast,f3,207,44,0.7617975538679221,0.42492594181841814,4.2056758284610246e-07,0.09189254348640334,218496.49672126397,False,True,False,True,0.7489072705827053,0.454646163993199,2.898740744871398e-07,True,True,-217.20335375271154,-216.34105870902852,1.724590087366039,0.18910327054784828,0.7617975538679221,0.42492594181841814,4.2056758284610246e-07,0.09189254348640334,218496.49672126397,-216.34105870902852,1.724590087366039,0.18910327054784828
C_Prince_of_Wales_Island,f3,207,44,0.9507466048882901,0.04742007690191516,0.4463028122468164,0.6327688028535996,1.4178015138826034,False,False,False,True,0.9510762183057025,0.04675164135206975,0.4871560002337026,False,True,-248.90740519837044,-248.04676549953254,1.7212793976758007,0.18952844167018448,0.9507466048882901,0.04742007690191516,0.4463028122468164,0.6327688028535996,1.4178015138826034,-248.04676549953254,1.7212793976758007,0.18952844167018448
C_Puerto_Rico,f3,207,44,0.28341433437882174,0.8490243878572888,1.5460690261529828e-07,0.39511702262494997,2555623.429104603,False,True,False,True,0.9462110318488083,0.014778544225614879,0.8594055008364293,False,True,-287.814908584102,-286.27679515705705,3.076226854089896,0.07944463194143911,0.28341433437882174,0.8490243878572888,1.5460690261529828e-07,0.39511702262494997,2555623.429104603,-286.27679515705705,3.076226854089896,0.07944463194143911
C_Sakhalin_Island,f3,207,44,0.46559877706697056,0.6338284204968675,3.781372735794915e-07,0.7589669421767892,2007120.1524047595,False,True,False,True,0.4207838845196501,0.816243146427419,3.8286929340935203e-07,True,True,-274.35032335045116,-266.93164973024784,14.837347240406643,0.0001171916126380851,0.46559877706697056,0.6338284204968675,3.781372735794915e-07,0.7589669421767892,2007120.1524047595,-266.93164973024784,14.837347240406643,0.0001171916126380851
C_Sardinia_and_Corsica,f3,207,44,0.744431979072926,0.20957325106482327,0.4106748097547454,1.0411264345427174,2.5351602041636716,False,False,False,True,0.7749651194900662,0.1592018550297552,0.5978708199986359,False,True,-280.15694287565657,-275.30655300706576,9.70077973718162,0.0018418983982536,0.744431979072926,0.20957325106482327,0.4106748097547454,1.0411264345427174,2.5351602041636716,-275.30655300706576,9.70077973718162,0.0018418983982536
C_Severnaya_Zemlya,f3,207,44,0.9899979509371101,0.029985959563381546,0.12570987896001232,0.47187785947040956,3.7537054635181977,False,False,False,True,0.9837952531953326,0.04345247362632262,0.17761536498786148,False,True,-167.94928274812935,-155.93880767872275,24.02095013881319,9.529316659359293e-07,0.9899979509371101,0.029985959563381546,0.12570987896001232,0.47187785947040956,3.7537054635181977,-155.93880767872275,24.02095013881319,9.529316659359293e-07
C_Seward_Peninsula_Alaskan_North_Slope,f3,207,44,0.8776405868840313,0.1230969399687138,0.5146434113859565,0.19677231809957998,0.3823469100083567,False,False,False,True,0.8784067508087983,0.12300334590829887,0.44626572452943664,False,True,-257.3288272294485,-253.7775491633448,7.1025561322074395,0.007697410129834311,0.8776405868840313,0.1230969399687138,0.5146434113859565,0.19677231809957998,0.3823469100083567,-253.7775491633448,7.1025561322074395,0.007697410129834311
C_Shelikhov_Gulf_Sea_of_Okhotsk_Coast,f3,207,44,0.8076947780557194,0.2442197672681706,0.2875513324260812,0.28928790113131625,1.0060391606972694,False,False,False,True,0.8076352557643384,0.24432163806908905,0.28783943762967046,False,True,-249.18123835764385,-249.18112986262327,0.00021699004116726428,0.9882471212275113,0.8076947780557194,0.2442197672681706,0.2875513324260812,0.28928790113131625,1.0060391606972694,-249.18112986262327,0.00021699004116726428,0.9882471212275113
C_Sicily,f3,207,44,0.8420235769207453,0.09524736540744724,0.628797439060568,0.865558987827526,1.376530714121042,False,False,False,True,0.8646126413777057,0.07404530940360698,0.7055067574692917,False,True,-282.186998599552,-281.53236751991477,1.3092621592744536,0.2525282888886144,0.8420235769207453,0.09524736540744724,0.628797439060568,0.865558987827526,1.376530714121042,-281.53236751991477,1.3092621592744536,0.2525282888886144
C_Solomon_Islands,f3,207,44,0.9646850090891435,0.02584652886002071,0.4464444049335658,1.2504718445397407,2.8009575900627985,False,False,False,True,0.9664623505003729,0.023899420435377135,0.6224714713103436,False,True,-263.2102387600648,-253.94115054459442,18.538176430940723,1.6653504323071136e-05,0.9646850090891435,0.02584652886002071,0.4464444049335658,1.2504718445397407,2.8009575900627985,-253.94115054459442,18.538176430940723,1.6653504323071136e-05
C_Somerset_Island,f3,207,44,0.9165587436075809,0.11081184477863558,0.318728209077823,0.24766279270700572,0.7770344313845612,False,False,False,True,0.9189342983693023,0.1072715689533752,0.30709193758902853,False,True,-228.83706232946219,-228.57416858612814,0.5257874866680936,0.46838329184269667,0.9165587436075809,0.11081184477863558,0.318728209077823,0.24766279270700572,0.7770344313845612,-228.57416858612814,0.5257874866680936,0.46838329184269667
C_South_Africa_South_Coast,f3,207,44,0.8433730031576813,0.22914202158991648,0.16402944993844198,0.2303257701510733,1.4041732764300034,False,False,False,True,0.8406500137650588,0.23459242500126964,0.17389017427733106,False,True,-222.8638801666386,-222.5849393127631,0.5578817077509939,0.4551149959717319,0.8433730031576813,0.22914202158991648,0.16402944993844198,0.2303257701510733,1.4041732764300034,-222.5849393127631,0.5578817077509939,0.4551149959717319
C_South_Africa_West_Coast,f3,207,44,0.5104165620765122,0.6543467991491796,4.579613281235732e-08,0.45519191374918905,9939527.331145374,False,True,False,True,0.46047789619786095,0.7722543203569621,9.73407104519274e-07,True,True,-268.94362684762797,-265.07387798442005,7.739497726415834,0.005402582616335737,0.5104165620765122,0.6543467991491796,4.579613281235732e-08,0.45519191374918905,9939527.331145374,-265.07387798442005,7.739497726415834,0.005402582616335737
C_South_Alaska_Coast_Frazer_River,f3,207,44,0.9257078351012737,0.13431510434311225,1.4701871996293575e-08,0.021790661890569232,1482169.202402441,False,True,False,True,0.9218680032773384,0.14211586291241987,1.0871884298617784e-09,True,True,-99.64490946825791,-99.20388149838784,0.8820559397401269,0.34763919182643754,0.9257078351012737,0.13431510434311225,1.4701871996293575e-08,0.021790661890569232,1482169.202402441,-99.20388149838784,0.8820559397401269,0.34763919182643754
C_South_Amapa_Coast,f3,207,44,0.8012484671802684,0.3159350045228266,4.053078127981705e-08,0.5585748107274583,13781496.262585236,False,True,False,True,0.7423319764878928,0.46310187483202603,5.763616996453111e-08,True,True,-219.0230247817621,-205.9185015304162,26.20904650269182,3.0638385337610367e-07,0.8012484671802684,0.3159350045228266,4.053078127981705e-08,0.5585748107274583,13781496.262585236,-205.9185015304162,26.20904650269182,3.0638385337610367e-07
C_South_Australia_Coast,f3,207,44,0.9332379247521425,0.09416471353549599,0.2436856055123681,0.1979433153883919,0.8122897327981297,False,False,False,True,0.9333025691831791,0.09436014444302993,0.23369346463263552,False,True,-206.4601185141622,-206.26927548178642,0.3816860647515341,0.5367022615562635,0.9332379247521425,0.09416471353549599,0.2436856055123681,0.1979433153883919,0.8122897327981297,-206.26927548178642,0.3816860647515341,0.5367022615562635
C_South_Baffin_Island_Coast,f3,207,44,0.9474307476853052,0.03502746273289814,0.5979972631958733,0.95384140240775,1.5950598123311481,False,False,False,True,0.4586998575411126,0.8007851070567339,1.3769624785881074e-06,False,True,-272.6864263922511,-271.44735038711235,2.4781520102775403,0.11543781552241326,0.9474307476853052,0.03502746273289814,0.5979972631958733,0.95384140240775,1.5950598123311481,-271.44735038711235,2.4781520102775403,0.11543781552241326
C_South_Baltic_Coast,f3,207,44,0.9350870518952715,0.09335380953614003,0.2751833700191347,0.20156245786871416,0.7324659838808525,False,False,False,True,0.9342477849104206,0.09459677900042032,0.25824251476319515,False,True,-213.6802856210133,-213.24644631754182,0.8676786069429454,0.3515987709849716,0.9350870518952715,0.09335380953614003,0.2751833700191347,0.20156245786871416,0.7324659838808525,-213.24644631754182,0.8676786069429454,0.3515987709849716
C_South_Black_Sea_Coast,f3,207,44,0.8722383321208614,0.1897485392391699,0.15219984785088536,0.22729907331463298,1.4934251020889622,False,False,False,True,0.8670033055306025,0.19953458454547723,0.16038278710003318,False,True,-211.55846588581312,-211.13810277578528,0.8407262200556715,0.35918915411186036,0.8722383321208614,0.1897485392391699,0.15219984785088536,0.22729907331463298,1.4934251020889622,-211.13810277578528,0.8407262200556715,0.35918915411186036
C_South_Chile_South_Pacific_Coast,f3,207,44,0.8903434225546811,0.1940552791304858,0.09170327664993608,0.15632867649790624,1.7047229085899323,False,False,False,True,0.8838356510425049,0.2062886522592963,0.09657020371946459,False,True,-192.11256877293246,-191.58690306412333,1.0513314176182575,0.305200648612652,0.8903434225546811,0.1940552791304858,0.09170327664993608,0.15632867649790624,1.7047229085899323,-191.58690306412333,1.0513314176182575,0.305200648612652
C_South_East_Brazil_Coast,f3,207,44,0.8250853595854134,0.3355404806117885,4.7640475230810824e-08,5.171789485138703e-09,0.10855872994721764,False,True,True,True,0.8250934389707806,0.335553005855487,1.5579389553730511e-09,True,True,-186.85576490239671,-186.85576685250214,-3.900210856500053e-06,1.0,0.8250853595854134,0.3355404806117885,4.7640475230810824e-08,5.171789485138703e-09,0.10855872994721764,-186.85576685250214,-3.900210856500053e-06,1.0
C_South_East_Russia_Coast,f3,207,44,0.6439061758843548,0.5732886460921345,6.866468148713942e-08,0.09159877611315445,1334001.3254166262,False,True,False,True,0.6357283732636523,0.5994936487400835,4.262664822114179e-10,True,True,-244.44065535918241,-244.13470365239488,0.611903413575078,0.4340720401102882,0.6439061758843548,0.5732886460921345,6.866468148713942e-08,0.09159877611315445,1334001.3254166262,-244.13470365239488,0.611903413575078,0.4340720401102882
C_South_Gulf_of_Aden_Coast,f3,207,44,0.8159046285950223,0.13635321931871575,0.2539078182675525,1.58030305674273,6.223924365643218,False,False,False,True,0.8319196723653802,0.14364113326704603,0.5117915600626777,False,True,-268.87003793588855,-247.46538159491308,42.80931268195093,6.034420295111931e-11,0.8159046285950223,0.13635321931871575,0.2539078182675525,1.58030305674273,6.223924365643218,-247.46538159491308,42.80931268195093,6.034420295111931e-11
C_South_Gulf_of_Oman_West_Arabian_Sea_Coast,f3,207,44,0.5282914823766416,0.7230585822475046,6.230758439981223e-08,3.3142949567691434e-07,5.319248031671616,False,True,True,True,0.528320513972005,0.723022206904787,5.993050578583818e-07,True,True,-262.7168404195933,-262.7168364146212,8.009944281184289e-06,0.9977418425010679,0.5282914823766416,0.7230585822475046,6.230758439981223e-08,3.3142949567691434e-07,5.319248031671616,-262.7168364146212,8.009944281184289e-06,0.9977418425010679
C_South_Hudson_Strait_Ungava_Bay_Coast,f3,207,44,0.6104283028017475,0.5259319913998645,1.602398983943429e-07,0.8042333909211326,5018933.480236937,False,True,False,True,0.5450306533757919,0.7295198196167582,5.600141537771622e-07,True,True,-263.807113719007,-252.83386560781733,21.94649622237938,2.8035828252226303e-06,0.6104283028017475,0.5259319913998645,1.602398983943429e-07,0.8042333909211326,5018933.480236937,-252.83386560781733,21.94649622237938,2.8035828252226303e-06
C_South_Mediterranean_Coast,f3,207,44,0.7359842490744698,0.1656308204746244,0.618736986498935,0.6862861337798266,1.109172635150053,False,False,False,True,0.7330273000549944,0.17075876065703316,0.627478273122097,False,True,-283.626045072839,-283.5735875966339,0.1049149524102404,0.7460093701253345,0.7359842490744698,0.1656308204746244,0.618736986498935,0.6862861337798266,1.109172635150053,-283.5735875966339,0.1049149524102404,0.7460093701253345
C_South_Zambezia_Coast,f3,207,44,0.6971698778882868,0.49320160199718566,4.810252194834765e-07,0.34381307771927405,714750.6280200018,False,True,False,True,0.71264532320423,0.45011901789303643,0.10578116054102267,False,True,-244.27461586387375,-238.9359278777099,10.677375972327695,0.001084537958783252,0.6971698778882868,0.49320160199718566,4.810252194834765e-07,0.34381307771927405,714750.6280200018,-238.9359278777099,10.677375972327695,0.001084537958783252
C_Southhampton_Coats_Islands,f3,207,44,0.3771977123825652,0.8459441714474774,4.118093952718029e-09,9.442895500193239e-08,22.93025756238691,False,True,True,True,0.3771933591735344,0.8459569002119187,4.7353073039483454e-07,True,True,-277.73330224334245,-277.73329749310784,9.500469218437502e-06,0.9975406977823511,0.3771977123825652,0.8459441714474774,4.118093952718029e-09,9.442895500193239e-08,22.93025756238691,-277.73329749310784,9.500469218437502e-06,0.9975406977823511
C_Southwest_Hudson_Bay_Coast,f3,207,44,0.7268288574289594,0.4075360020964811,0.045753703713272566,0.5222618502768394,11.414635491581807,False,False,False,True,0.775636216907043,0.3022128615343541,0.230499816544557,False,True,-246.9589710882198,-238.33939806764266,17.2391460411543,3.2957496905144354e-05,0.7268288574289594,0.4075360020964811,0.045753703713272566,0.5222618502768394,11.414635491581807,-238.33939806764266,17.2391460411543,3.2957496905144354e-05
C_Southwest_Mediterranean_Coast,f3,207,44,0.9654080279300614,0.07483865097821059,0.19703976501600173,0.24033506225673357,1.2197287295648966,False,False,False,True,0.9656552340267686,0.07522500332954571,0.20568792608397635,False,True,-192.88964488123057,-192.7005612297287,0.37816730300374957,0.5385857003581848,0.9654080279300614,0.07483865097821059,0.19703976501600173,0.24033506225673357,1.2197287295648966,-192.7005612297287,0.37816730300374957,0.5385857003581848
C_Sri_Lanka,f3,207,44,0.7517240510107204,0.26217130072503814,0.27554961755805857,0.8015480508148918,2.908906417356957,False,False,False,True,0.7143317168089356,0.32648368577577275,0.331774784602834,False,True,-266.23082726792563,-261.7004820019099,9.060690532031458,0.002611633290643158,0.7517240510107204,0.26217130072503814,0.27554961755805857,0.8015480508148918,2.908906417356957,-261.7004820019099,9.060690532031458,0.002611633290643158
C_Sulawesi,f3,207,44,0.8510732063550823,0.23177680668592537,0.0921300613159993,0.32650419916569945,3.543948571203206,False,False,False,True,0.8393588896157931,0.2563889668531052,0.12291482825064176,False,True,-213.24269459571403,-209.36968816327152,7.746012864885017,0.00538312595808697,0.8510732063550823,0.23177680668592537,0.0921300613159993,0.32650419916569945,3.543948571203206,-209.36968816327152,7.746012864885017,0.00538312595808697
C_Sumatra,f3,207,44,0.8187245372172091,0.27761847194059924,0.12527465363506737,0.19691465679830325,1.5718635101712397,False,False,False,True,0.8247085976540528,0.2669876529425009,0.14835914961520874,False,True,-222.60714378725154,-222.22317931379865,0.7679289469057835,0.3808585126723295,0.8187245372172091,0.27761847194059924,0.12527465363506737,0.19691465679830325,1.5718635101712397,-222.22317931379865,0.7679289469057835,0.3808585126723295
C_Svalbard,f3,207,44,0.9862316601891175,0.022852400273470276,0.11567941734609867,0.0944399823640379,0.8163940010303218,False,False,False,True,0.9861699271368572,0.02292415022157334,0.11106758570239544,False,True,-115.33804363357595,-115.11548096113812,0.44512534487566313,0.5046589870385134,0.9862316601891175,0.022852400273470276,0.11567941734609867,0.0944399823640379,0.8163940010303218,-115.11548096113812,0.44512534487566313,0.5046589870385134
C_Sweden_Coast,f3,207,44,0.7791699333633523,0.28064714469531515,0.25561480206953735,0.3993697515608769,1.5623889865823675,False,False,False,True,0.7737142616437547,0.2976067230973574,0.2712604782857407,False,True,-254.00125284985023,-253.4555238113568,1.0914580769868394,0.29614837184528836,0.7791699333633523,0.28064714469531515,0.25561480206953735,0.3993697515608769,1.5623889865823675,-253.4555238113568,1.0914580769868394,0.29614837184528836
C_Taiwan,f3,207,44,0.6325842854384742,0.3589579427450176,0.06704071118988536,1.516433581252335,22.619592697297104,False,False,False,True,0.8799948855165138,0.08577066924668966,0.5944229177332216,False,True,-271.4362351256759,-246.4593569260001,49.95375639935162,1.574124314631485e-12,0.6325842854384742,0.3589579427450176,0.06704071118988536,1.516433581252335,22.619592697297104,-246.4593569260001,49.95375639935162,1.574124314631485e-12
C_Tasmania,f3,207,44,0.7005523171768964,0.28682364845417874,0.24524112668537373,1.1859789712696165,4.8359709780290645,False,False,False,True,0.4746228038347414,0.7687744276297587,0.042644104607933615,False,True,-275.1402319227441,-265.10267175640263,20.0751203326829,7.445903203883375e-06,0.7005523171768964,0.28682364845417874,0.24524112668537373,1.1859789712696165,4.8359709780290645,-265.10267175640263,20.0751203326829,7.445903203883375e-06
C_Texas_Gulf_Coast,f3,207,44,0.8818281462275855,0.2159096876066399,1.2645283026769868e-08,2.008715066926133e-08,1.5885093775075767,False,True,True,True,0.8818245741534606,0.21590992740654255,3.1737902469324e-09,True,True,-142.16644612938728,-142.16644732824903,-2.3977235059646773e-06,1.0,0.8818281462275855,0.2159096876066399,1.2645283026769868e-08,2.008715066926133e-08,1.5885093775075767,-142.16644732824903,-2.3977235059646773e-06,1.0
C_Thar_Desert_Sabarmati_River_Gulf_of_Cambay_Luni_Delta,f3,207,44,0.8894247934409882,0.18822967539353194,0.07423170005278737,0.11785238909081852,1.5876288567688974,False,False,False,True,0.8918136074635071,0.1837389155431942,0.08676062318390679,False,True,-180.89967113054007,-180.51770659091804,0.7639290792440647,0.3821017174991691,0.8894247934409882,0.18822967539353194,0.07423170005278737,0.11785238909081852,1.5876288567688974,-180.51770659091804,0.7639290792440647,0.3821017174991691
C_US_East_Gulf_of_Mexico_North_Atlantic_Coast,f3,207,44,0.8848029967259466,0.19732580878417938,0.0026477119321836025,0.07980500272961046,30.14111987016436,False,False,False,True,0.8798348610664044,0.2076947327662399,0.01253143837667824,False,True,-147.88341238603286,-145.31321762822077,5.140389515624179,0.02337540294014107,0.8848029967259466,0.19732580878417938,0.0026477119321836025,0.07980500272961046,30.14111987016436,-145.31321762822077,5.140389515624179,0.02337540294014107
C_US_North_Atlantic_Coast,f3,207,44,0.7461213936210264,0.35703947143831866,0.014656027014377498,0.6099884420700531,41.62031370927859,False,False,False,True,0.6762137575263897,0.5350918412460419,5.2853622187348115e-06,False,True,-233.15355220147245,-221.58197459767155,23.143155207601808,1.5037753706691833e-06,0.7461213936210264,0.35703947143831866,0.014656027014377498,0.6099884420700531,41.62031370927859,-221.58197459767155,23.143155207601808,1.5037753706691833e-06
C_Uda_Basin,f3,207,44,0.6057509082726396,0.6287049712899934,6.04245356272556e-07,0.06001021811917487,99314.32239606018,False,True,False,True,0.5988720793308094,0.6458109947122584,5.0720554429969e-11,True,True,-251.7405886217957,-251.61255961450476,0.2560580145818676,0.6128413789022678,0.6057509082726396,0.6287049712899934,6.04245356272556e-07,0.06001021811917487,99314.32239606018,-251.61255961450476,0.2560580145818676,0.6128413789022678
C_Uruguay_South_Brazil_Coast,f3,207,44,0.8779726736627362,0.25360843730355526,1.1056088500302124e-08,0.03239060860287689,2929662.565743008,False,True,False,True,0.8720350764095733,0.26524598996821147,2.0368383979793872e-07,True,True,-163.30347994475167,-162.91816642766125,0.7706270341808477,0.38002314416591965,0.8779726736627362,0.25360843730355526,1.1056088500302124e-08,0.03239060860287689,2929662.565743008,-162.91816642766125,0.7706270341808477,0.38002314416591965
C_Victoria_Island,f3,207,44,0.9393531104868046,0.05350818899233732,0.5910890948412053,0.31311480778195977,0.5297252318046526,False,False,False,True,0.9321085584334008,0.06145244504308444,0.5207278229948412,False,True,-257.80907110629045,-255.51786108696373,4.582420038653424,0.032301564386917066,0.9393531104868046,0.05350818899233732,0.5910890948412053,0.31311480778195977,0.5297252318046526,-255.51786108696373,4.582420038653424,0.032301564386917066
C_Vietnam_Coast,f3,207,44,0.8242402644961727,0.3138193432991732,0.06808626856292199,0.19533873096855606,2.8689886388476933,False,False,False,True,0.8192451266798676,0.33501499597839224,0.07951990356087292,False,True,-217.67542695342,-216.46188118760253,2.4270915316349146,0.11925397839843083,0.8242402644961727,0.3138193432991732,0.06808626856292199,0.19533873096855606,2.8689886388476933,-216.46188118760253,2.4270915316349146,0.11925397839843083
C_West_Africa_Coast,f3,207,44,0.8930907173657733,0.16261604895051543,0.2190449133460933,0.21645424113316414,0.9881728720683147,False,False,False,True,0.8931629852478639,0.16248086495558492,0.21860728211496863,False,True,-220.06153555562764,-220.06107681895833,0.0009174733386316802,0.975835913429766,0.8930907173657733,0.16261604895051543,0.2190449133460933,0.21645424113316414,0.9881728720683147,-220.06107681895833,0.0009174733386316802,0.975835913429766
C_West_Australia_Coast,f3,207,44,0.8194678096538641,0.2706842950952038,0.11727890293216175,0.4203055629501619,3.583812198458929,False,False,False,True,0.8306076240264764,0.25692567511757625,0.19197829026694774,False,True,-232.0965142667514,-227.51682879741205,9.159370938678705,0.0024744761724663092,0.8194678096538641,0.2706842950952038,0.11727890293216175,0.4203055629501619,3.583812198458929,-227.51682879741205,9.159370938678705,0.0024744761724663092
C_West_Barents_Sea_Coast,f3,207,44,0.6610130400420589,0.41497524150739945,0.17044137209989008,0.6826183808496055,4.005004022436204,False,False,False,True,0.6923206697029747,0.3616984565820646,0.32122965680088394,False,True,-268.9228515346724,-264.1455307275764,9.554641614192064,0.0019944444848459682,0.6610130400420589,0.41497524150739945,0.17044137209989008,0.6826183808496055,4.005004022436204,-264.1455307275764,9.554641614192064,0.0019944444848459682
C_West_Black_Sea_Coast,f3,207,44,0.8558632765713687,0.19402004025146716,0.3058413652608074,0.10058318302154219,0.32887370528106785,False,False,False,True,0.8630205010228156,0.18117051584251068,0.27230408935535033,False,True,-235.96068731319454,-233.27315801672145,5.375058592946175,0.020426654891868436,0.8558632765713687,0.19402004025146716,0.3058413652608074,0.10058318302154219,0.32887370528106785,-233.27315801672145,5.375058592946175,0.020426654891868436
C_West_Caspian_Sea_Coast,f3,207,44,0.9598615488388373,0.08171513784551071,0.20711202066069925,0.5361233763620799,2.588567165980108,False,False,False,True,0.9622906787902513,0.07937297164821636,0.2794397879329934,False,True,-216.6720855145704,-211.0430625270101,11.25804597512058,0.0007927862208731691,0.9598615488388373,0.08171513784551071,0.20711202066069925,0.5361233763620799,2.588567165980108,-211.0430625270101,11.25804597512058,0.0007927862208731691
C_West_Continental_Europe,f3,207,44,0.8094888867958507,0.3052038719114713,0.06985237961721408,0.2398458361581466,3.4336100999348087,False,False,False,True,0.7939187226660113,0.34045753630659437,0.08029108715577776,False,True,-218.23943032427195,-216.2959504296286,3.8869597892867205,0.04866243747400328,0.8094888867958507,0.3052038719114713,0.06985237961721408,0.2398458361581466,3.4336100999348087,-216.2959504296286,3.8869597892867205,0.04866243747400328
C_West_Italy_Coast,f3,207,44,0.8154813997649222,0.25652269545373896,0.2329751251996881,0.2531491577870182,1.0865930754196975,False,False,False,True,0.8166986823035949,0.2540148959188063,0.23932795960157957,False,True,-241.65053513898008,-241.6306176379566,0.03983500204697066,0.8418035340395698,0.8154813997649222,0.25652269545373896,0.2329751251996881,0.2531491577870182,1.0865930754196975,-241.6306176379566,0.03983500204697066,0.8418035340395698
C_West_Mississippi_Delta,f3,207,44,0.8697543314067584,0.18347910095738784,0.18123330148355882,0.30797364562112306,1.6993214994158339,False,False,False,True,0.8740638741721536,0.17689433770872617,0.21356294873097403,False,True,-221.24133148864735,-220.25346440940837,1.9757341584779624,0.1598405265370309,0.8697543314067584,0.18347910095738784,0.18123330148355882,0.30797364562112306,1.6993214994158339,-220.25346440940837,1.9757341584779624,0.1598405265370309
C_West_Nile_Delta,f3,207,44,0.6877823120168625,0.20169034771363115,0.5194860072367701,1.0118944089791988,1.9478761600560301,False,False,False,True,0.7022438826276854,0.18037869122935,0.6463424084048345,False,True,-285.96798784849017,-283.4590061610726,5.017963374835176,0.025085657711759312,0.6877823120168625,0.20169034771363115,0.5194860072367701,1.0118944089791988,1.9478761600560301,-283.4590061610726,5.017963374835176,0.025085657711759312
C_West_Red_Sea_Coast,f3,207,44,0.977530901075857,0.024788265528480388,0.3194070846375249,0.9585933055068361,3.0011648194800804,False,False,False,True,0.9746368889462667,0.028195178904956417,0.44719784942221247,False,True,-235.9567047505393,-225.86331500068206,20.186779499714476,7.023667935951561e-06,0.977530901075857,0.024788265528480388,0.3194070846375249,0.9585933055068361,3.0011648194800804,-225.86331500068206,20.186779499714476,7.023667935951561e-06
C_Yamal_Peninsula,f3,207,44,0.8567570516010855,0.07817032090811854,0.6964317436743998,0.7450617952010895,1.069827448229335,False,False,False,True,0.8564469148872782,0.07848875897472096,0.7063512989817622,False,True,-282.7954639677998,-282.7660890632241,0.05874980915132255,0.8084829415036285,0.8567570516010855,0.07817032090811854,0.6964317436743998,0.7450617952010895,1.069827448229335,-282.7660890632241,0.05874980915132255,0.8084829415036285
C_Yellow_Sea_Coast,f3,207,44,0.8731738331211248,0.1761617785353288,0.15225913380380035,0.47921489052304234,3.1473638300120244,False,False,False,True,0.8761662696291962,0.18193950381863605,0.21415709591501245,False,True,-222.8445422947121,-217.71151469590555,10.266055197613127,0.0013550021588526284,0.8731738331211248,0.1761617785353288,0.15225913380380035,0.47921489052304234,3.1473638300120244,-217.71151469590555,10.266055197613127,0.0013550021588526284
C_Yenisey_Gulf_Coast,f3,207,44,0.8666105586824572,0.06389019034595474,0.7153895380706737,0.8296549952571325,1.1597248088008387,False,False,False,True,0.8679610220781739,0.0622612743916174,0.7423347871293073,False,True,-284.0612271853172,-283.90726817228557,0.30791802606324836,0.5789605865787713,0.8666105586824572,0.06389019034595474,0.7153895380706737,0.8296549952571325,1.1597248088008387,-283.90726817228557,0.30791802606324836,0.5789605865787713
C_Ziya_He_Interior_Coast,f3,207,44,0.8452095824290069,0.2754182417745628,1.604227659979327e-06,0.06941785703301796,43271.824046415284,False,False,False,True,0.858731819762384,0.2503115948317258,0.0304973506784598,False,True,-175.24365078779036,-173.9140383976927,2.659224780195302,0.10295089921859797,0.8452095824290069,0.2754182417745628,1.604227659979327e-06,0.06941785703301796,43271.824046415284,-173.9140383976927,2.659224780195302,0.10295089921859797
E_Altai_Mountains,f3,207,44,0.9077526162982731,0.1099608364039697,0.38142206516636873,0.37006458553994176,0.9702233282663575,False,False,False,True,0.9079110694309128,0.10974945315008248,0.37922104074106006,False,True,-244.105653611643,-244.1011298427333,0.00904753781941281,0.9242206671771798,0.9077526162982731,0.1099608364039697,0.38142206516636873,0.37006458553994176,0.9702233282663575,-244.1011298427333,0.00904753781941281,0.9242206671771798
E_Amu_Darya,f3,207,44,0.9127320112848957,0.17087352685413565,0.0410276190484219,0.12696162890396337,3.0945405034135622,False,False,False,True,0.9176471938970301,0.16214527493912792,0.0654023742281434,False,True,-163.40568108804493,-161.25376131637358,4.30383954334269,0.03802643042580839,0.9127320112848957,0.17087352685413565,0.0410276190484219,0.12696162890396337,3.0945405034135622,-161.25376131637358,4.30383954334269,0.03802643042580839
E_Australia_Northwest_Plateau,f3,207,44,0.8715893004037577,0.2420806724043352,2.362675296081781e-08,2.445739327973335e-10,0.010351567699672088,False,True,True,True,0.8715858700144923,0.24208093891573942,1.0367994319509184e-07,True,True,-153.82673896514856,-153.8267343029099,9.324477332484093e-06,0.997563582920269,0.8715893004037577,0.2420806724043352,2.362675296081781e-08,2.445739327973335e-10,0.010351567699672088,-153.8267343029099,9.324477332484093e-06,0.997563582920269
E_Badain_Jaran_Desert,f3,207,44,0.8909839546492034,0.0638188821576888,0.739654013668329,0.5277179787235614,0.7134659840569694,False,False,False,True,0.8936569589763105,0.059493322286639144,0.7017104925899657,False,True,-280.0508169605041,-279.38868485807836,1.324264204851488,0.24982819078822438,0.8909839546492034,0.0638188821576888,0.739654013668329,0.5277179787235614,0.7134659840569694,-279.38868485807836,1.324264204851488,0.24982819078822438
E_Central_Iran,f3,207,44,0.8875157790642478,0.15885789582649024,0.12077896895323988,0.4656177494192806,3.8551227374655483,False,False,False,True,0.8860501121308434,0.16692251505225497,0.18497177246583457,False,True,-211.18273820934687,-204.05428240662553,14.256911605442667,0.00015947408887587674,0.8875157790642478,0.15885789582649024,0.12077896895323988,0.4656177494192806,3.8551227374655483,-204.05428240662553,14.256911605442667,0.00015947408887587674
E_Central_Mongolia,f3,207,44,0.9563577888537667,0.0635598329661931,0.22158884683162708,1.2509030396685223,5.645153434184408,False,False,False,True,0.9695951636271576,0.06859861150891332,0.41758127713388854,False,True,-245.23790609850622,-223.27915228078328,43.91750763544587,3.4251136769003095e-11,0.9563577888537667,0.0635598329661931,0.22158884683162708,1.2509030396685223,5.645153434184408,-223.27915228078328,43.91750763544587,3.4251136769003095e-11
E_Dayan_Khyargas_Uvs_Nuur_Basins,f3,207,44,0.8832263989551382,0.18300280920229658,0.09926250851391559,0.20727538513020471,2.088153807851298,False,False,False,True,0.8729640223890167,0.20151257833080521,0.10808566614862726,False,True,-194.56336982348148,-193.35654404981472,2.4136515473335294,0.12028150415625655,0.8832263989551382,0.18300280920229658,0.09926250851391559,0.20727538513020471,2.088153807851298,-193.35654404981472,2.4136515473335294,0.12028150415625655
E_East_Gobi_Desert,f3,207,44,0.8224088376991369,0.2470608908325681,0.2597568302341501,0.31602897465321617,1.2166339355478786,False,False,False,True,0.817575002596132,0.2577697593050028,0.2627566751706076,False,True,-247.3654106236673,-247.266918804366,0.19698363860260315,0.6571666619693786,0.8224088376991369,0.2470608908325681,0.2597568302341501,0.31602897465321617,1.2166339355478786,-247.266918804366,0.19698363860260315,0.6571666619693786
E_Egyptian_Western_Desert,f3,207,44,0.9799067818732936,0.02821982843423969,0.4091484833050339,0.45800314520891283,1.1194057020796926,False,False,False,True,0.979150546781771,0.029188993381842127,0.41760308608233265,False,True,-230.8539340043323,-230.77226243087387,0.16334314691687268,0.6860970295891557,0.9799067818732936,0.02821982843423969,0.4091484833050339,0.45800314520891283,1.1194057020796926,-230.77226243087387,0.16334314691687268,0.6860970295891557
E_Farahrud_Helmand_Hamun_i_Mashkel,f3,207,44,0.823360002946159,0.2531790500995401,0.05810756853658517,0.6048640224336858,10.409384485824022,False,False,False,True,0.8046698187337628,0.3052159671216586,0.12873163385341752,False,True,-224.8777333977618,-211.59880078449106,26.55786522654148,2.557613347783358e-07,0.823360002946159,0.2531790500995401,0.05810756853658517,0.6048640224336858,10.409384485824022,-211.59880078449106,26.55786522654148,2.557613347783358e-07
E_Great_Basin_Great_Salt_Lake,f3,207,44,0.9099536502668314,0.17678421589616544,1.7086455694840454e-08,0.024171591244709426,1414663.8528438902,False,True,False,True,0.9074931793360519,0.18332871724539407,0.0014145410155206447,False,True,-127.08070383794241,-126.53608686817361,1.0892339395375927,0.29664100542545524,0.9099536502668314,0.17678421589616544,1.7086455694840454e-08,0.024171591244709426,1414663.8528438902,-126.53608686817361,1.0892339395375927,0.29664100542545524
E_Great_Victoria_Desert,f3,207,44,0.8788953410407233,0.2005915918182755,0.0914739095184339,0.09590310242498605,1.0484202865043128,False,False,False,True,0.879163422571482,0.19999464756967153,0.09285515157609711,False,True,-188.33725528758117,-188.3336511920833,0.007208190995754649,0.9323400443607528,0.8788953410407233,0.2005915918182755,0.0914739095184339,0.09590310242498605,1.0484202865043128,-188.3336511920833,0.007208190995754649,0.9323400443607528
E_Jordan_Northwest_Saudi_Arabia,f3,207,44,0.8854339464419073,0.051192007482249606,0.46221181413525914,1.821862735201587,3.9416187113478824,False,False,False,True,0.5625840133760419,0.3797956851422234,0.43576349395311087,False,True,-282.05269490074545,-267.31081821797767,29.483753365535563,5.638740221527958e-08,0.8854339464419073,0.051192007482249606,0.46221181413525914,1.821862735201587,3.9416187113478824,-267.31081821797767,29.483753365535563,5.638740221527958e-08
E_Junggar_Pendi,f3,207,44,0.9375577750869548,0.13143507773769897,0.09505346360996031,0.16229301993877474,1.7073867040208373,False,False,False,True,0.929741403740541,0.15001543364321185,0.09439501293287816,False,True,-174.31594696979508,-173.79691299676983,1.0380679460504894,0.3082712426261943,0.9375577750869548,0.13143507773769897,0.09505346360996031,0.16229301993877474,1.7073867040208373,-173.79691299676983,1.0380679460504894,0.3082712426261943
E_La_Puna_Altiplano,f3,207,44,0.8604695055015724,0.1209461552721483,0.35286408369500777,0.9831269500177274,2.7861349325296505,False,False,False,True,0.8660935820995436,0.12473095476614554,0.4779454355609551,False,True,-262.025999013284,-255.4813567924119,13.089284441744155,0.000296989777269725,0.8604695055015724,0.1209461552721483,0.35286408369500777,0.9831269500177274,2.7861349325296505,-255.4813567924119,13.089284441744155,0.000296989777269725
E_Lake_Eyre_Basin,f3,207,44,0.9422994441711696,0.09807711478432653,0.059498847956483955,0.07435199977680379,1.2496376372057334,False,False,False,True,0.9426625205926334,0.09731072795761982,0.06325490350984539,False,True,-131.8637936891244,-131.74826171779875,0.23106394265130348,0.6307360508318693,0.9422994441711696,0.09807711478432653,0.059498847956483955,0.07435199977680379,1.2496376372057334,-131.74826171779875,0.23106394265130348,0.6307360508318693
E_Lake_Rukwa_Basin,f3,207,44,0.94188603592787,0.11558712933888968,1.7985351442180642e-09,0.0904130168518388,50270364.26977745,False,True,False,True,0.9287987455320375,0.14549479828842457,2.842129132426262e-08,True,True,-102.23186636762269,-95.87487572710025,12.71398128104488,0.0003629319416685984,0.94188603592787,0.11558712933888968,1.7985351442180642e-09,0.0904130168518388,50270364.26977745,-95.87487572710025,12.71398128104488,0.0003629319416685984
E_Lakes_Balkash_Alakol,f3,207,44,0.9513186492441135,0.09840670124624222,0.08023457321247764,0.10969848872602006,1.367222187815668,False,False,False,True,0.9494691379945844,0.10168467924053481,0.08389603315813039,False,True,-148.51552292495012,-148.25783172232875,0.5153824052427467,0.47281809098788197,0.9513186492441135,0.09840670124624222,0.08023457321247764,0.10969848872602006,1.367222187815668,-148.25783172232875,0.5153824052427467,0.47281809098788197
E_Libyian_Desert,f3,207,44,0.842769044524308,0.0773565216091347,0.7730364162895601,0.6024786183309343,0.7793664122871812,False,False,False,True,0.857962833941028,0.06585627522716521,0.7509213659576686,False,True,-285.33987203979643,-285.00414352703024,0.6714570255323906,0.41254408243116925,0.842769044524308,0.0773565216091347,0.7730364162895601,0.6024786183309343,0.7793664122871812,-285.00414352703024,0.6714570255323906,0.41254408243116925
E_Lower_Lake_Chad,f3,207,44,0.8840697362905978,0.21729310755609388,0.0013595491518699036,0.025642131797237122,18.86076112950335,False,False,False,True,0.882548896345687,0.22098376567006697,0.0043441125354764685,False,True,-147.9280164108099,-147.6180125008738,0.6200078198722281,0.43104438006258217,0.8840697362905978,0.21729310755609388,0.0013595491518699036,0.025642131797237122,18.86076112950335,-147.6180125008738,0.6200078198722281,0.43104438006258217
E_North_Central_Arabia,f3,207,44,0.8776409081542386,0.10327782210476895,0.43094943310912776,0.9067388762402095,2.104049353768611,False,False,False,True,0.8571417364639061,0.13271039301396562,0.4969130401401333,False,True,-266.07698952050265,-262.7337616464615,6.686455748082267,0.009714815691297769,0.8776409081542386,0.10327782210476895,0.43094943310912776,0.9067388762402095,2.104049353768611,-262.7337616464615,6.686455748082267,0.009714815691297769
E_North_Plateau_of_Tibet,f3,207,44,0.931609734016673,0.1057463627875782,0.17751810207328236,0.3681663516620504,2.0739651188365307,False,False,False,True,0.9263619938097823,0.11806563843535761,0.20503873391584448,False,True,-205.25982993280596,-202.89443073495372,4.730798395704483,0.02962712946125915,0.931609734016673,0.1057463627875782,0.17751810207328236,0.3681663516620504,2.0739651188365307,-202.89443073495372,4.730798395704483,0.02962712946125915
E_Northern_Kordofan,f3,207,44,0.3983505997366495,0.7039070120868656,1.4841944553355752e-06,0.7465876726793471,503025.50989556435,False,False,False,True,0.8427656288377922,0.09574541167819994,0.6697755035978628,False,True,-281.1792687851258,-275.5365080265762,11.285521517099255,0.0007811388643204942,0.3983505997366495,0.7039070120868656,1.4841944553355752e-06,0.7465876726793471,503025.50989556435,-275.5365080265762,11.285521517099255,0.0007811388643204942
E_Plateau_of_Tibet,f3,207,44,0.9100580716058634,0.13674765877932518,0.2538562880033548,0.22785877411763356,0.8975896398304789,False,False,False,True,0.9075736220927941,0.14097036212189953,0.24447721540872655,False,True,-222.08702010503802,-222.04236219475268,0.08931582057067544,0.7650487564698156,0.9100580716058634,0.13674765877932518,0.2538562880033548,0.22785877411763356,0.8975896398304789,-222.04236219475268,0.08931582057067544,0.7650487564698156
E_Qinghai_Lake,f3,207,44,0.9523860684595576,0.07203727574744702,0.23523019929024602,0.4287284583631451,1.8225910604026878,False,False,False,True,0.9518651184959925,0.07310070427938341,0.27508207435543863,False,True,-212.1946738164675,-210.024269484763,4.340808663409007,0.03720924653229316,0.9523860684595576,0.07203727574744702,0.23523019929024602,0.4287284583631451,1.8225910604026878,-210.024269484763,4.340808663409007,0.03720924653229316
E_Rift_Valley,f3,207,44,0.9129773803743317,0.16025112148963475,0.008025556148032721,0.0789032312631289,9.831497008773677,False,False,False,True,0.9128383594650186,0.16133697722242782,0.02225578614513454,False,True,-133.7845881351593,-130.95162922806765,5.665917814183331,0.017297663665397266,0.9129773803743317,0.16025112148963475,0.008025556148032721,0.0789032312631289,9.831497008773677,-130.95162922806765,5.665917814183331,0.017297663665397266
E_Rub_al_Khali_Desert,f3,207,44,0.4035086313568625,0.7467230577353544,5.249898915063864e-07,0.3875694039339603,738241.6503713683,False,True,False,True,0.40857941261434455,0.8344965060262117,2.9949131963260487e-12,True,True,-276.54827078367845,-274.9230863073986,3.250368952559711,0.07140738247017107,0.4035086313568625,0.7467230577353544,5.249898915063864e-07,0.3875694039339603,738241.6503713683,-274.9230863073986,3.250368952559711,0.07140738247017107
E_Sahara,f3,207,44,0.917167733052568,0.05656157443547169,0.693058527432656,0.64665234393854,0.9330414652482214,False,False,False,True,0.9170322834563712,0.056722350913600846,0.682930477836588,False,True,-278.6207935404251,-278.58890256325213,0.06378195434592726,0.8006152804615544,0.917167733052568,0.05656157443547169,0.693058527432656,0.64665234393854,0.9330414652482214,-278.58890256325213,0.06378195434592726,0.8006152804615544
E_Saharan_and_Algerian_Atlas,f3,207,44,0.9755770082219937,0.054602481433693256,0.16535890112368215,0.34372370905743743,2.078652595788268,False,False,False,True,0.9781636417255328,0.050807654506676264,0.20784734481777467,False,True,-183.5511860679003,-180.2195114806311,6.663349174538382,0.009841577901126814,0.9755770082219937,0.054602481433693256,0.16535890112368215,0.34372370905743743,2.078652595788268,-180.2195114806311,6.663349174538382,0.009841577901126814
E_Salinas_Grande_Mar_Chiquita,f3,207,44,0.9519219435121222,0.0936671624467771,0.120815063992901,0.04252988319267671,0.35202467132058746,False,False,False,True,0.9522079317453515,0.0930622691682407,0.10442367009713685,False,True,-156.17281977071724,-153.84762606878434,4.650387403865807,0.031046539978830025,0.9519219435121222,0.0936671624467771,0.120815063992901,0.04252988319267671,0.35202467132058746,-153.84762606878434,4.650387403865807,0.031046539978830025
E_South_Interior_Africa,f3,207,44,0.9279982641678263,0.13172480031630396,5.436691016956747e-09,9.705985618636061e-17,1.7852744598439774e-08,False,True,True,True,0.9279994149298478,0.13172672642486816,4.904743268347823e-10,True,True,-91.92597490069551,-91.92597523537904,-6.693670684398967e-07,1.0,0.9279982641678263,0.13172480031630396,5.436691016956747e-09,9.705985618636061e-17,1.7852744598439774e-08,-91.92597523537904,-6.693670684398967e-07,1.0
E_Syr_Darya,f3,207,44,0.9510790427574757,0.10269888671275638,0.12050687953189579,0.07334996011551706,0.6086786115485031,False,False,False,True,0.953220189194003,0.09817689118222274,0.11405898861649297,False,True,-163.78125934111762,-163.21015785487538,1.1422029724844833,0.2851873091850874,0.9510790427574757,0.10269888671275638,0.12050687953189579,0.07334996011551706,0.6086786115485031,-163.21015785487538,1.1422029724844833,0.2851873091850874
E_Tarim_He_Lop_Nur,f3,207,44,0.8476725244109268,0.22167098890141007,0.16954955743090522,0.13717042375598568,0.8090284978295229,False,False,False,True,0.8459842167337669,0.22528775329053297,0.15980012223136425,False,True,-216.90564662489442,-216.8073632767045,0.1965666963798185,0.6575064997687743,0.8476725244109268,0.22167098890141007,0.16954955743090522,0.13717042375598568,0.8090284978295229,-216.8073632767045,0.1965666963798185,0.6575064997687743
E_Turpan_Pendi,f3,207,44,0.8327820334159325,0.1514371917740239,0.3324684419973132,1.107436111530393,3.3309510667461866,False,False,False,True,0.8061478426084225,0.23483202805604253,0.3969046366441613,False,True,-266.50335298867674,-259.41860161028757,14.169502756778343,0.00016705638319203781,0.8327820334159325,0.1514371917740239,0.3324684419973132,1.107436111530393,3.3309510667461866,-259.41860161028757,14.169502756778343,0.00016705638319203781
E_Upper_Lake_Chad,f3,207,44,0.9319859324188634,0.0666952275263216,0.4937582597212705,0.5389306992610534,1.091486954699822,False,False,False,True,0.9302834223801386,0.06898294992826864,0.5001289895538548,False,True,-256.5189881432115,-256.47734664613216,0.08328299415870788,0.7728967320759466,0.9319859324188634,0.0666952275263216,0.4937582597212705,0.5389306992610534,1.091486954699822,-256.47734664613216,0.08328299415870788,0.7728967320759466
R_Amazon_River,f3,207,44,0.8926233324879882,0.19868282515422653,6.987824361613723e-09,4.572353362495508e-08,6.543314665452751,False,True,True,True,0.892625976960719,0.19868583501023793,1.3099968441912098e-09,True,True,-133.75813311935454,-133.75813560037773,-4.962046375567297e-06,1.0,0.8926233324879882,0.19868282515422653,6.987824361613723e-09,4.572353362495508e-08,6.543314665452751,-133.75813560037773,-4.962046375567297e-06,1.0
R_Amur_River,f3,207,44,0.8921609927213988,0.2075649042740902,3.806320055464165e-08,0.09007787496585395,2366534.4388615615,False,True,False,True,0.8793655027734351,0.23659917904890934,4.3211352111403456e-08,True,True,-151.59233314082016,-149.48711665014588,4.210432981348561,0.040176080796920303,0.8921609927213988,0.2075649042740902,3.806320055464165e-08,0.09007787496585395,2366534.4388615615,-149.48711665014588,4.210432981348561,0.040176080796920303
R_Colorado_River_Argentina,f3,207,44,0.9494603281569995,0.09820112866812507,0.09012180483514065,0.057796504755613126,0.6413154381599433,False,False,False,True,0.9484460945977888,0.1007657636168983,0.08116101843990277,False,True,-146.27703186325613,-145.81124309963818,0.9315775272359019,0.3344533408475951,0.9494603281569995,0.09820112866812507,0.09012180483514065,0.057796504755613126,0.6413154381599433,-145.81124309963818,0.9315775272359019,0.3344533408475951
R_Colorado_River_of_the_West_North_America,f3,207,44,0.8707695131198124,0.23276427314138443,4.090226928738481e-07,0.2353653089016881,575433.3757082766,False,True,False,True,0.8757698969817383,0.22701857872128287,0.053437570933970946,False,True,-179.43532376184618,-169.06784533429158,20.734956855109203,5.274429151992907e-06,0.8707695131198124,0.23276427314138443,4.090226928738481e-07,0.2353653089016881,575433.3757082766,-169.06784533429158,20.734956855109203,5.274429151992907e-06
R_Columbia_River,f3,207,44,0.810142525149992,0.349611302097961,1.6914904853477549e-07,8.238714484973581e-09,0.0487068331530093,False,True,True,True,0.8101480710701225,0.34961695228370965,2.642930335994019e-07,True,True,-190.88282656890917,-190.8828234858883,6.166041714550374e-06,0.9980187337370691,0.810142525149992,0.349611302097961,1.6914904853477549e-07,8.238714484973581e-09,0.0487068331530093,-190.8828234858883,6.166041714550374e-06,0.9980187337370691
R_Congo_River,f3,207,44,0.9017131755141038,0.1903473635767642,3.046383986855256e-08,0.02836406490184413,931073.2010223044,False,True,False,True,0.8961970356227781,0.20109860623502426,3.5233107307684637e-09,True,True,-135.07057246827,-134.3427062188392,1.4557324988616074,0.22761034725243312,0.9017131755141038,0.1903473635767642,3.046383986855256e-08,0.02836406490184413,931073.2010223044,-134.3427062188392,1.4557324988616074,0.22761034725243312
R_Danube_River,f3,207,44,0.8622733911550454,0.24436802158973328,0.05167318268382587,0.022249501218529876,0.43058120407772277,False,False,False,True,0.8637037620839743,0.24188097067523043,0.04690771136098162,False,True,-180.805624124404,-180.5634106018611,0.4844270450857948,0.48642386066057397,0.8622733911550454,0.24436802158973328,0.05167318268382587,0.022249501218529876,0.43058120407772277,-180.5634106018611,0.4844270450857948,0.48642386066057397
R_Dnieper_River,f3,207,44,0.9236724870538005,0.13882747485709318,0.08836166258221517,0.21738931267336092,2.4602220727919573,False,False,False,True,0.9298308738476863,0.12602188848484164,0.1261107548765043,False,True,-179.48978855867907,-176.8668554936107,5.245866130136733,0.02199897438675934,0.9236724870538005,0.13882747485709318,0.08836166258221517,0.21738931267336092,2.4602220727919573,-176.8668554936107,5.245866130136733,0.02199897438675934
R_Don_River,f3,207,44,0.9443911601242636,0.10401331442948664,0.09858096379951918,0.21924083124029864,2.223967212231374,False,False,False,True,0.9461293378218787,0.10167985826907792,0.1262370922547546,False,True,-170.7066410791332,-168.1301793695351,5.152923419196156,0.023207270064850148,0.9443911601242636,0.10401331442948664,0.09858096379951918,0.21924083124029864,2.223967212231374,-168.1301793695351,5.152923419196156,0.023207270064850148
R_Ganges_Bramaputra_Basin,f3,207,44,0.8396072650998797,0.3007077393563963,0.057644096479113366,0.041961488412068655,0.7279407775481899,False,False,False,True,0.8382519507738132,0.30319379443164407,0.05264849833087015,False,True,-200.8708342612409,-200.82601472617256,0.08963907013668404,0.7646365055474673,0.8396072650998797,0.3007077393563963,0.057644096479113366,0.041961488412068655,0.7279407775481899,-200.82601472617256,0.08963907013668404,0.7646365055474673
R_Indus_River,f3,207,44,0.84506547418246,0.2933730976010253,0.0043489787456714845,0.14770715712494153,33.963641986513196,False,False,False,True,0.8515528403113161,0.2879665825617024,0.038286726355250905,False,True,-190.96241293169783,-187.28708585428186,7.350654154831943,0.006703835921184062,0.84506547418246,0.2933730976010253,0.0043489787456714845,0.14770715712494153,33.963641986513196,-187.28708585428186,7.350654154831943,0.006703835921184062
R_Lena_River,f3,207,44,0.89282682979874,0.16501523482000927,0.12242174382612975,0.09428884437068347,0.7701968737236564,False,False,False,True,0.8931935955982658,0.16456312482677352,0.1166984700721905,False,True,-187.14868756777878,-187.01396240756068,0.2694503204361922,0.6037007404772723,0.89282682979874,0.16501523482000927,0.12242174382612975,0.09428884437068347,0.7701968737236564,-187.01396240756068,0.2694503204361922,0.6037007404772723
R_Limpopo_River,f3,207,44,0.8257261961400502,0.3119315931727281,2.2853514092179823e-09,0.037433410113637294,16379717.343533844,False,True,False,True,0.8198111466111082,0.3248644220210612,1.509477192948623e-08,True,True,-183.42854450452361,-183.08795352381426,0.6811819614187016,0.4091800168991654,0.8257261961400502,0.3119315931727281,2.2853514092179823e-09,0.037433410113637294,16379717.343533844,-183.08795352381426,0.6811819614187016,0.4091800168991654
R_Mackenzie_River,f3,207,44,0.8907401477158008,0.19863116954204457,3.266182278082546e-08,0.04778723963308327,1463091.6331202856,False,True,False,True,0.8837997276088922,0.21570232806770176,9.796400551461216e-09,True,True,-142.10169688905435,-140.83410787391014,2.535178030288421,0.11133432855364427,0.8907401477158008,0.19863116954204457,3.266182278082546e-08,0.04778723963308327,1463091.6331202856,-140.83410787391014,2.535178030288421,0.11133432855364427
R_Magdalena_River,f3,207,44,0.8766287409455631,0.20777356129031488,0.10894403443402233,0.06018129113005964,0.5524055671584852,False,False,False,True,0.8814830336362017,0.19805557764672657,0.1052910480204324,False,True,-192.8726257652963,-192.5016288845462,0.7419937615002254,0.3890229528272239,0.8766287409455631,0.20777356129031488,0.10894403443402233,0.06018129113005964,0.5524055671584852,-192.5016288845462,0.7419937615002254,0.3890229528272239
R_Mekong_River,f3,207,44,0.8387140605257897,0.31846252623596527,4.302367082500251e-07,0.05753025011336003,133717.66985518878,False,True,False,True,0.8349450884809996,0.33109866636991914,0.004380590100520842,False,True,-187.80087624651142,-187.10076335759575,1.4002257778313378,0.23668577173569189,0.8387140605257897,0.31846252623596527,4.302367082500251e-07,0.05753025011336003,133717.66985518878,-187.10076335759575,1.4002257778313378,0.23668577173569189
R_Mississippi_River,f3,207,44,0.9054012602492838,0.177340632669379,0.006224950393394892,0.007599692092432385,1.2208437998953678,False,False,False,True,0.9055791849910287,0.17702553374434382,0.006706231714383239,False,True,-128.50033646659833,-128.49841247918397,0.0038479748287159055,0.9505373114885645,0.9054012602492838,0.177340632669379,0.006224950393394892,0.007599692092432385,1.2208437998953678,-128.49841247918397,0.0038479748287159055,0.9505373114885645
R_Murray_Darling_River,f3,207,44,0.9169467517119646,0.15077222926904862,0.016732933474629216,0.02762199359921186,1.6507561953253946,False,False,False,True,0.9156422867298445,0.15355296193605583,0.017349213251890577,False,True,-125.37280223028344,-125.28986999946252,0.16586446164183144,0.6838136532713004,0.9169467517119646,0.15077222926904862,0.016732933474629216,0.02762199359921186,1.6507561953253946,-125.28986999946252,0.16586446164183144,0.6838136532713004
R_Niger_River,f3,207,44,0.8536036022350478,0.20176598030067713,0.20503569023139764,0.40612183970325877,1.980737301125091,False,False,False,True,0.8507892458077103,0.2063451067155462,0.24404530769587376,False,True,-234.51366950892427,-232.7693944821804,3.4885500534877565,0.06179468622598733,0.8536036022350478,0.20176598030067713,0.20503569023139764,0.40612183970325877,1.980737301125091,-232.7693944821804,3.4885500534877565,0.06179468622598733
R_Nile_River,f3,207,44,0.9292491148736124,0.1391511139591206,0.0228470773114394,0.07958788397710846,3.48350394635638,False,False,False,True,0.9316604728753474,0.13420267781965517,0.038230160360807945,False,True,-132.96558932169594,-131.07969336438742,3.77179191461704,0.05212376453123259,0.9292491148736124,0.1391511139591206,0.0228470773114394,0.07958788397710846,3.48350394635638,-131.07969336438742,3.77179191461704,0.05212376453123259
R_Ob_River,f3,207,44,0.9396470992693939,0.13837280746028813,0.011954851844810781,0.007263938729259218,0.6076142827660606,False,False,False,True,0.9398264030251511,0.1380156262329473,0.011146930588571859,False,True,-110.49937927480931,-110.47042211915652,0.05791431130558067,0.8098233525317715,0.9396470992693939,0.13837280746028813,0.011954851844810781,0.007263938729259218,0.6076142827660606,-110.47042211915652,0.05791431130558067,0.8098233525317715
R_Orange_River,f3,207,44,0.850396563946858,0.2605058628675016,1.4864918303161398e-08,0.17027981062033376,11455146.079351105,False,True,False,True,0.8282864590660741,0.313126839380615,1.586951557705883e-07,True,True,-179.74965822926367,-175.5704946783818,8.358327101763734,0.0038392385527952206,0.850396563946858,0.2605058628675016,1.4864918303161398e-08,0.17027981062033376,11455146.079351105,-175.5704946783818,8.358327101763734,0.0038392385527952206
R_Orinoco_River,f3,207,44,0.8594179577323792,0.2614851178178105,1.456040131678973e-07,2.1222581001832913e-10,0.001457554674496572,False,True,True,True,0.8594310393140577,0.26147974215802,2.2394650254782626e-09,True,True,-161.59495821585972,-161.59495857100563,-7.102918289092486e-07,1.0,0.8594179577323792,0.2614851178178105,1.456040131678973e-07,2.1222581001832913e-10,0.001457554674496572,-161.59495857100563,-7.102918289092486e-07,1.0
R_Parana_River,f3,207,44,0.9157929159079222,0.17722044989567026,2.598506861624535e-09,3.22453154494741e-10,0.12409170791765764,False,True,True,True,0.9158015340711275,0.1772156805847617,9.91776748583635e-09,True,True,-122.37183005216306,-122.37182874221139,2.6199033413831785e-06,0.9987085354003095,0.9157929159079222,0.17722044989567026,2.598506861624535e-09,3.22453154494741e-10,0.12409170791765764,-122.37182874221139,2.6199033413831785e-06,0.9987085354003095
R_Parnaiba_River,f3,207,44,0.8686433297856502,0.2589467048890991,4.147558575259673e-08,4.3277945131182223e-10,0.010434559113724548,False,True,True,True,0.8686267638076604,0.2589682705289084,1.114054827450357e-09,True,True,-160.7549058207639,-160.75490694911716,-2.2567065229850414e-06,1.0,0.8686433297856502,0.2589467048890991,4.147558575259673e-08,4.3277945131182223e-10,0.010434559113724548,-160.75490694911716,-2.2567065229850414e-06,1.0
R_Rio_Grande_Rio_Bravo,f3,207,44,0.8776557265321704,0.22476093134880054,0.018385167156304456,0.19796930119936917,10.76788149470175,False,False,False,True,0.8706523746399364,0.2518393124176656,0.036786193064225786,False,True,-179.4042866189357,-174.19875201139422,10.411069215082989,0.0012526219712937026,0.8776557265321704,0.22476093134880054,0.018385167156304456,0.19796930119936917,10.76788149470175,-174.19875201139422,10.411069215082989,0.0012526219712937026
R_Saint_Lawrence_River,f3,207,44,0.9463713836149109,0.10990786315212527,3.9444638001401056e-08,0.02620327568043409,664305.1377351558,False,True,False,True,0.9451071512185004,0.11294795810453391,0.003968343680511748,False,True,-82.61781620278262,-81.00815648602637,3.21931943351251,0.07277388070875845,0.9463713836149109,0.10990786315212527,3.9444638001401056e-08,0.02620327568043409,664305.1377351558,-81.00815648602637,3.21931943351251,0.07277388070875845
R_Sao_Francisco_River,f3,207,44,0.8761042178720266,0.25537456033976413,2.4931667317112437e-08,6.93690950992687e-10,0.027823688731661998,False,True,True,True,0.876086927475879,0.25538663005887174,4.4883844099717275e-08,True,True,-159.43858963425782,-159.43858852639022,2.2157352077556425e-06,0.9988123216758044,0.8761042178720266,0.25537456033976413,2.4931667317112437e-08,6.93690950992687e-10,0.027823688731661998,-159.43858852639022,2.2157352077556425e-06,0.9988123216758044
R_Saskatchewan_Nelson_Rivers,f3,207,44,0.9425053440648107,0.11340077346935779,1.8059292276139472e-10,0.00412485664914526,22840632.877929304,False,True,False,True,0.9417224210368439,0.11501313528690812,1.502116227993205e-10,True,True,-78.19166485787673,-78.13708208870392,0.10916553834562137,0.7410961656568882,0.9425053440648107,0.11340077346935779,1.8059292276139472e-10,0.00412485664914526,22840632.877929304,-78.13708208870392,0.10916553834562137,0.7410961656568882
R_Senegal_River,f3,207,44,0.7798994982810719,0.3018245183826449,0.08299670488932404,0.7308439048377002,8.805697838393456,False,False,False,True,0.7899589148252754,0.28640729255945335,0.23307284223096594,False,True,-245.24570544223428,-231.8420648327159,26.80728121903678,2.2478878114319104e-07,0.7798994982810719,0.3018245183826449,0.08299670488932404,0.7308439048377002,8.805697838393456,-231.8420648327159,26.80728121903678,2.2478878114319104e-07
R_Shebelli_Juba_Rivers,f3,207,44,0.8046580759478783,0.28941554257692204,0.10542381144314422,0.3174534357122359,3.0112119014350065,False,False,False,True,0.8071274737026891,0.296906703255349,0.14352781671549364,False,True,-227.18156740369992,-224.69908975594626,4.964955295507309,0.025865983712538072,0.8046580759478783,0.28941554257692204,0.10542381144314422,0.3174534357122359,3.0112119014350065,-224.69908975594626,4.964955295507309,0.025865983712538072
R_Tigris_Euphrates_River,f3,207,44,0.942151296675815,0.09806395129375933,0.020660348792676288,0.07763614928960773,3.7577366223908237,False,False,False,True,0.9416308881876104,0.09998607158595738,0.03146479861019999,False,True,-106.14166284918927,-103.27876422162512,5.725797255128299,0.01671744471210301,0.942151296675815,0.09806395129375933,0.020660348792676288,0.07763614928960773,3.7577366223908237,-103.27876422162512,5.725797255128299,0.01671744471210301
R_Tocantins_River,f3,207,44,0.8163723911313173,0.3416851420934002,6.922194751353145e-10,6.132933572359556e-10,0.885981078639935,False,True,True,True,0.8163683496939266,0.34167767938077087,9.168706094539441e-08,True,True,-188.59875134156295,-188.59874851493927,5.6532473422521434e-06,0.9981029068936351,0.8163723911313173,0.3416851420934002,6.922194751353145e-10,6.132933572359556e-10,0.885981078639935,-188.59874851493927,5.6532473422521434e-06,0.9981029068936351
R_Volga_River,f3,207,44,0.8429169517085997,0.29320968651728424,0.00036209194492829526,7.02642451065003e-06,0.019405083733750186,False,False,False,True,0.8426875538425451,0.29368265251260606,1.818387736305643e-08,True,True,-173.34334045399495,-173.3431209399942,0.0004390280014945347,0.9832831519513883,0.8429169517085997,0.29320968651728424,0.00036209194492829526,7.02642451065003e-06,0.019405083733750186,-173.3431209399942,0.0004390280014945347,0.9832831519513883
R_Volta_River,f3,207,44,0.9304826762264746,0.1078198229992378,0.19466789780601043,0.2421979522054189,1.244159694202754,False,False,False,True,0.9318106579474417,0.10523499414513086,0.20731405028005825,False,True,-202.02294049631732,-201.8088800281335,0.42812093636763393,0.5129124194425326,0.9304826762264746,0.1078198229992378,0.19466789780601043,0.2421979522054189,1.244159694202754,-201.8088800281335,0.42812093636763393,0.5129124194425326
R_Yangtze_River,f3,207,44,0.6637687347430973,0.461847290699245,0.11831526041097763,0.3343519929584021,2.825941402630594,False,False,False,True,0.6266330251355777,0.5533623854562358,0.09291510465682448,False,True,-256.2666292245452,-255.1799906112454,2.17327722659968,0.14042669211313447,0.6637687347430973,0.461847290699245,0.11831526041097763,0.3343519929584021,2.825941402630594,-255.1799906112454,2.17327722659968,0.14042669211313447
R_Yellow_River_Huang_He,f3,207,44,0.8659022732730263,0.21819611208792714,0.14324649507863352,0.200120739616872,1.3970375994680917,False,False,False,True,0.8656257144161321,0.21936920290410475,0.15442405229638442,False,True,-214.9152296135799,-214.64869310181683,0.5330730235261285,0.46531775425466493,0.8659022732730263,0.21819611208792714,0.14324649507863352,0.200120739616872,1.3970375994680917,-214.64869310181683,0.5330730235261285,0.46531775425466493
R_Yenisey_River,f3,207,44,0.8949883572863679,0.1853941575602855,0.1837373256052645,0.13933480206028942,0.7583369443377658,False,False,False,True,0.8941821334962198,0.1876799642027031,0.17234780090966295,False,True,-213.68874968607298,-213.49241002184132,0.3926793284633163,0.5308943846889734,0.8949883572863679,0.1853941575602855,0.1837373256052645,0.13933480206028942,0.7583369443377658,-213.49241002184132,0.3926793284633163,0.5308943846889734
R_Yukon_River,f3,207,44,0.7055687505071928,0.501065403957541,6.584811147756797e-07,2.8721929322600467e-09,0.004361845568249132,False,True,True,True,0.7055694400348665,0.5010577917457374,5.8516475535194176e-08,True,True,-226.70562769561243,-226.70562921137386,-3.0315228514155024e-06,1.0,0.7055687505071928,0.501065403957541,6.584811147756797e-07,2.8721929322600467e-09,0.004361845568249132,-226.70562921137386,-3.0315228514155024e-06,1.0
R_Zambezi_River,f3,207,44,0.9260337053617496,0.13390103558234479,0.0008445427887450574,2.412229430861378e-09,2.8562548434589253e-06,False,False,True,True,0.9254545996462885,0.13507755227415272,2.052157083452908e-09,True,True,-94.47120110007363,-94.46926961134172,0.0038629774638252456,0.9504411056117286,0.9260337053617496,0.13390103558234479,0.0008445427887450574,2.412229430861378e-09,2.8562548434589253e-06,-94.46926961134172,0.0038629774638252456,0.9504411056117286
C_Aleutians_South_Alaska_Coast,f4,224,61,0.9232998345001614,0.14755494200109534,0.00824847031563555,0.00547411331265559,0.663651938260483,False,False,False,True,0.9236696549194514,0.14677044836855374,0.007930332968018322,False,True,-120.79692874499929,-120.78492936138194,0.02399876723470129,0.8768880481969957,0.9232998345001614,0.14755494200109534,0.00824847031563555,0.00547411331265559,0.663651938260483,-120.78492936138194,0.02399876723470129,0.8768880481969957
C_Amazon_River_Delta,f4,224,61,0.8276691871506593,0.3210927131354672,5.362792547387519e-10,0.08337803626333769,155475035.67699116,False,True,False,True,0.811410374270665,0.3573015339134808,3.922426302716165e-10,True,True,-208.5276831244574,-206.95429380177993,3.1467786453549706,0.07607701451193015,0.8276691871506593,0.3210927131354672,5.362792547387519e-10,0.08337803626333769,155475035.67699116,-206.95429380177993,3.1467786453549706,0.07607701451193015
C_Angola_Coast,f4,224,61,0.8578092228650191,0.21451228643869225,0.13541092430751314,0.20576012481312744,1.519523818815784,False,False,False,True,0.8559890112170291,0.21833748736229974,0.15172767030842932,False,True,-230.47936355260998,-229.95116177626255,1.05640355269486,0.30403688678265206,0.8578092228650191,0.21451228643869225,0.13541092430751314,0.20576012481312744,1.519523818815784,-229.95116177626255,1.05640355269486,0.30403688678265206
C_Balkan_Peninsula_and_Adriatic_Coast,f4,224,61,0.8366024045710856,0.2508430995251914,0.1326977925634467,0.18944108286409703,1.4276129180786463,False,False,False,True,0.8379421665017587,0.246859031799691,0.15149916193820515,False,True,-237.1157866469172,-236.75661907565814,0.7183351425181286,0.39669055612343973,0.8366024045710856,0.2508430995251914,0.1326977925634467,0.18944108286409703,1.4276129180786463,-236.75661907565814,0.7183351425181286,0.39669055612343973
C_Banks_Island,f4,224,61,0.9630721086267187,0.01281880817756083,0.3813533357577461,2.0501945409857374,5.37610228821525,False,False,False,True,0.9762741873235401,0.006271917370272681,0.8626053026514362,False,True,-309.1307782447427,-276.01834177186015,66.22487294576513,4.0230372102580896e-16,0.9630721086267187,0.01281880817756083,0.3813533357577461,2.0501945409857374,5.37610228821525,-276.01834177186015,66.22487294576513,4.0230372102580896e-16
C_Beaufort_Sea_Coast,f4,224,61,0.8312238874996914,0.13745695231645805,0.5477919541405338,0.4940201181058341,0.9018389451903035,False,False,False,True,0.8322217849508268,0.13717340666569602,0.5330379217583758,False,True,-292.80723941100115,-292.7367656908056,0.14094744039107354,0.7073409392075164,0.8312238874996914,0.13745695231645805,0.5477919541405338,0.4940201181058341,0.9018389451903035,-292.7367656908056,0.14094744039107354,0.7073409392075164
C_Bight_of_Benin_Coast,f4,224,61,0.9267877733758542,0.11008696641866905,0.17860625386109216,0.5992984802863784,3.355417110715911,False,False,False,True,0.9480551011323417,0.07303142435360671,0.33369494754446594,False,True,-245.11157787449085,-235.28105650340214,19.661042742177415,9.24673875201115e-06,0.9267877733758542,0.11008696641866905,0.17860625386109216,0.5992984802863784,3.355417110715911,-235.28105650340214,19.661042742177415,9.24673875201115e-06
C_Bismark_Sea_Islands,f4,224,61,0.9005903333902945,0.11376765845786671,0.11817835841403232,0.8555465535518652,7.239452003170479,False,False,False,True,0.9058847265672795,0.11633255427018352,0.31013013330385963,False,True,-249.88155699155334,-224.03313134815735,51.69685128679197,6.476653440309262e-13,0.9005903333902945,0.11376765845786671,0.11817835841403232,0.8555465535518652,7.239452003170479,-224.03313134815735,51.69685128679197,6.476653440309262e-13
C_Borneo,f4,224,61,0.7405570628910382,0.4088284205657135,4.0104558425880893e-07,0.20551766346119438,512454.62243655213,False,True,False,True,0.729559316303852,0.4388973796802525,0.03635359414813199,False,True,-242.9442578155007,-238.46306674170003,8.962382147601318,0.0027559531150055192,0.7405570628910382,0.4088284205657135,4.0104558425880893e-07,0.20551766346119438,512454.62243655213,-238.46306674170003,8.962382147601318,0.0027559531150055192
C_Buor_Khaya_Gulf_Coast,f4,224,61,0.9382114379643405,0.030099615309259316,0.5360799246895428,1.3235237964863964,2.468892669787778,False,False,False,True,0.9272201531634313,0.038569629105120365,0.7331727655956192,False,True,-303.3607394975718,-294.9980840617753,16.725310871593024,4.32007811476672e-05,0.9382114379643405,0.030099615309259316,0.5360799246895428,1.3235237964863964,2.468892669787778,-294.9980840617753,16.725310871593024,4.32007811476672e-05
C_California_and_Baja_California,f4,224,61,0.88522137507606,0.20935497591165692,0.020348235552521732,0.13220454592062295,6.497101214470607,False,False,False,True,0.8774364813927055,0.22595222363963743,0.039911890870307935,False,True,-185.88824382864357,-182.00047738216895,7.775532892949229,0.005295859152033133,0.88522137507606,0.20935497591165692,0.020348235552521732,0.13220454592062295,6.497101214470607,-182.00047738216895,7.775532892949229,0.005295859152033133
C_Canadian_South_Arctic_Ocean_Coast,f4,224,61,0.8192317650602278,0.23173385535350102,0.3245478678094349,0.2801844610537692,0.8633070460296026,False,False,False,True,0.8227994755292639,0.22507550078112148,0.31800753152268896,False,True,-272.6320754447214,-272.5506717319131,0.1628074256166201,0.6865848317507723,0.8192317650602278,0.23173385535350102,0.3245478678094349,0.2801844610537692,0.8633070460296026,-272.5506717319131,0.1628074256166201,0.6865848317507723
C_Capim_River_Delta,f4,224,61,0.8842271428562792,0.22645534689027752,7.868920434010052e-09,0.040000449676568434,5083346.567298298,False,True,False,True,0.875903255614759,0.24484149995867008,4.0457364999277696e-08,True,True,-167.23818196516822,-166.36784580632155,1.7406723176933383,0.1870536621933141,0.8842271428562792,0.22645534689027752,7.868920434010052e-09,0.040000449676568434,5083346.567298298,-166.36784580632155,1.7406723176933383,0.1870536621933141
C_Carribean_Coast,f4,224,61,0.8937156170557787,0.19719464580541424,0.011619853133270715,0.005074790619645944,0.43673448893389843,False,False,False,True,0.8930926370592205,0.19865179981812162,0.00892592124066096,False,True,-152.27401873644425,-152.23213693774017,0.08376359740816497,0.772260439905435,0.8937156170557787,0.19719464580541424,0.011619853133270715,0.005074790619645944,0.43673448893389843,-152.23213693774017,0.08376359740816497,0.772260439905435
C_Central_America_Gulf_of_Mexico_Caribbean_Coast,f4,224,61,0.7664346605455147,0.4236682078952352,3.253382592905439e-05,0.00034277937783002034,10.536091837999926,False,False,False,True,0.7663508987407875,0.4238638124307869,1.1885386283186004e-07,True,True,-227.01128554700543,-227.01081094090063,0.0009492122096048661,0.9754216334106923,0.7664346605455147,0.4236682078952352,3.253382592905439e-05,0.00034277937783002034,10.536091837999926,-227.01081094090063,0.0009492122096048661,0.9754216334106923
C_Central_American_Pacific_Coast,f4,224,61,0.8547178247476069,0.2823748509427162,0.022782212302929032,0.07394146221080558,3.245578665830411,False,False,False,True,0.857967042844291,0.27923952459432005,0.038802611645273315,False,True,-203.79220333786776,-203.06415179894128,1.4561030778529584,0.2275511810212458,0.8547178247476069,0.2823748509427162,0.022782212302929032,0.07394146221080558,3.245578665830411,-203.06415179894128,1.4561030778529584,0.2275511810212458
C_Chao_Phraya_River_Gulf_of_Thailand_Coast,f4,224,61,0.8280030338468019,0.324616675367846,1.0806036340100316e-09,0.010514901933514039,9730581.688397713,False,True,False,True,0.8258449948485359,0.32940933387643023,2.3213772855482824e-08,True,True,-199.64249007907898,-199.5988841744635,0.08721180923095062,0.7677521466821917,0.8280030338468019,0.324616675367846,1.0806036340100316e-09,0.010514901933514039,9730581.688397713,-199.5988841744635,0.08721180923095062,0.7677521466821917
C_Chukchi_Peninsula,f4,224,61,0.6886281404895203,0.2493720365891588,0.3473283751819762,0.9780464115271015,2.815912782866279,False,False,False,True,0.7730006415015154,0.17580962344008988,0.5738480932748868,False,True,-302.6760288519915,-296.6036123048904,12.144833094202113,0.0004922404682725518,0.6886281404895203,0.2493720365891588,0.3473283751819762,0.9780464115271015,2.815912782866279,-296.6036123048904,12.144833094202113,0.0004922404682725518
C_Churchill_Seal_Rivers,f4,224,61,0.8970450376533657,0.19652475739637973,0.008011671842271114,0.09037263097980114,11.28012139775594,False,False,False,True,0.894554630769718,0.20559768101126893,0.024749777292453715,False,True,-168.13917202276215,-164.76426994905762,6.7498041474090655,0.009375797584223376,0.8970450376533657,0.19652475739637973,0.008011671842271114,0.09037263097980114,11.28012139775594,-164.76426994905762,6.7498041474090655,0.009375797584223376
C_Columbia_Ecuador_Pacific_Coast,f4,224,61,0.48398017650603975,0.7175833935765463,3.834766842550508e-07,0.23355756877605616,609052.8534473213,False,True,False,True,0.45049345260023066,0.7961596306440147,3.918469370904284e-06,False,True,-294.19352316749473,-292.64321954390573,3.1006072471780044,0.07826309628233939,0.48398017650603975,0.7175833935765463,3.834766842550508e-07,0.23355756877605616,609052.8534473213,-292.64321954390573,3.1006072471780044,0.07826309628233939
C_Crimea_West_Azov_Sea_Coast,f4,224,61,0.8597479725047424,0.17821001533554884,0.2313564096015981,0.43768377973701217,1.8918160966048674,False,False,False,True,0.8587474995291119,0.1795620089584041,0.28665135091732413,False,True,-257.83963676827244,-255.68876792157167,4.301737693401549,0.03807345210376757,0.8597479725047424,0.17821001533554884,0.2313564096015981,0.43768377973701217,1.8918160966048674,-255.68876792157167,4.301737693401549,0.03807345210376757
C_Cuba,f4,224,61,0.4946279068989485,0.6769147661779525,1.8046557221503549e-06,0.43308086153459774,239979.76800724966,False,False,False,True,0.43249616055868023,0.8178402441053942,9.910885593786223e-08,True,True,-297.06030394804674,-293.1283109042495,7.863986087594526,0.005042909622605051,0.4946279068989485,0.6769147661779525,1.8046557221503549e-06,0.43308086153459774,239979.76800724966,-293.1283109042495,7.863986087594526,0.005042909622605051
C_Deccan_Plateau_East_Indian_Subcontinent_Coast,f4,224,61,0.8869402314705619,0.21024157408001257,0.007213311422545225,0.10794764098808263,14.965060381379343,False,False,False,True,0.8826598426913045,0.21991505371654227,0.02798182200412951,False,True,-176.25472270767517,-172.4759113349858,7.557622745378751,0.005975676618139669,0.8869402314705619,0.21024157408001257,0.007213311422545225,0.10794764098808263,14.965060381379343,-172.4759113349858,7.557622745378751,0.005975676618139669
C_Denmark_Germany_Coast,f4,224,61,0.8815433652116105,0.06308404665906642,0.577543325163377,1.074972802389168,1.8612851288430643,False,False,False,True,0.8823464639359585,0.06137343668491934,0.7165115618361991,False,True,-304.68138550807527,-301.0704385094012,7.221893997348161,0.007201967788076709,0.8815433652116105,0.06308404665906642,0.577543325163377,1.074972802389168,1.8612851288430643,-301.0704385094012,7.221893997348161,0.007201967788076709
C_East_Australia_Coast,f4,224,61,0.8695511010966298,0.24181110761247307,1.4125387782982526e-08,0.06104739038923254,4321820.492799426,False,True,False,True,0.8571547911187439,0.26831066946456594,4.865676957793934e-09,True,True,-177.16671966018492,-175.96781780649485,2.397803707380149,0.12150573260537342,0.8695511010966298,0.24181110761247307,1.4125387782982526e-08,0.06104739038923254,4321820.492799426,-175.96781780649485,2.397803707380149,0.12150573260537342
C_East_Azov_Sea_Northeast_Black_Sea_Coast,f4,224,61,0.902540999020871,0.09218841910402195,0.20421892531240546,1.1050498275511302,5.411103921248591,False,False,False,True,0.9000018676968768,0.10331115496985449,0.43322074555098583,False,True,-272.4429392141212,-249.15876142238616,46.56835558347012,8.847756904887065e-12,0.902540999020871,0.09218841910402195,0.20421892531240546,1.1050498275511302,5.411103921248591,-249.15876142238616,46.56835558347012,8.847756904887065e-12
C_East_Barents_Sea_Coast,f4,224,61,0.819174437354165,0.2917776596249215,0.10474702732547826,0.2611869446607291,2.493502215095311,False,False,False,True,0.7878545565622128,0.3531602637993762,0.1032140018891077,False,True,-245.87790996938912,-244.11352377644695,3.528772385884338,0.06031242834110261,0.819174437354165,0.2917776596249215,0.10474702732547826,0.2611869446607291,2.493502215095311,-244.11352377644695,3.528772385884338,0.06031242834110261
C_East_Beaufort_Sea_Amundsen_Gulf_Coast,f4,224,61,0.8331038282851525,0.1641829305234974,0.3980985987354958,0.5413646488577577,1.3598757960397911,False,False,False,True,0.8333431222826609,0.16173131885950273,0.4403086681493136,False,True,-282.9219584555821,-282.3221667700866,1.1995833709910357,0.27340496490450955,0.8331038282851525,0.1641829305234974,0.3980985987354958,0.5413646488577577,1.3598757960397911,-282.3221667700866,1.1995833709910357,0.27340496490450955
C_East_Brazil_South_Atlantic_Coast,f4,224,61,0.8716434616262088,0.22772953543573418,0.08280084383901955,0.01511131458875463,0.1825019394504466,False,False,False,True,0.8542491468714556,0.2650621294057745,0.039248813215042436,False,True,-199.07718585596325,-197.5840465844434,2.9862785430397025,0.08397294610638102,0.8716434616262088,0.22772953543573418,0.08280084383901955,0.01511131458875463,0.1825019394504466,-197.5840465844434,2.9862785430397025,0.08397294610638102
C_East_Caspian_Sea_Coast,f4,224,61,0.9802637490983698,0.05366818296817074,0.15214919220040432,0.3796025458821617,2.4949363213323252,False,False,False,True,0.9814341477470306,0.05145457428152636,0.21710239153376798,False,True,-202.73757518144149,-196.1351565632285,13.204837236425988,0.0002792274922034282,0.9802637490983698,0.05366818296817074,0.15214919220040432,0.3796025458821617,2.4949363213323252,-196.1351565632285,13.204837236425988,0.0002792274922034282
C_East_Central_Africa_Coast,f4,224,61,0.8706246079678344,0.23618533408582776,0.00683978012116697,0.15356220065858361,22.451335852647787,False,False,False,True,0.8626749519810012,0.25495708177011617,0.034358827185735887,False,True,-193.18232637104384,-187.3293196201574,11.706013501772873,0.0006229844082716741,0.8706246079678344,0.23618533408582776,0.00683978012116697,0.15356220065858361,22.451335852647787,-187.3293196201574,11.706013501772873,0.0006229844082716741
C_East_China_Coast,f4,224,61,0.7962588790136409,0.2389401665888967,0.2231429527038255,0.6574382726265997,2.9462650048339563,False,False,False,True,0.7794617147224477,0.2711787272347699,0.3133944289821349,False,True,-278.2618396292655,-272.54229130750304,11.439096643524977,0.0007191474518960689,0.7962588790136409,0.2389401665888967,0.2231429527038255,0.6574382726265997,2.9462650048339563,-272.54229130750304,11.439096643524977,0.0007191474518960689
C_East_Hudson_Bay_Coast,f4,224,61,0.8161907762081182,0.233429061731798,0.13235802272111996,0.7958997743948302,6.0132340906285755,False,False,False,True,0.9025437005313877,0.12825743239611143,0.39580719882757043,False,True,-271.9412474691458,-257.4658746270574,28.95074568417681,7.424222762369957e-08,0.8161907762081182,0.233429061731798,0.13235802272111996,0.7958997743948302,6.0132340906285755,-257.4658746270574,28.95074568417681,7.424222762369957e-08
C_East_Mediterranean_Coast,f4,224,61,0.8810676328318191,0.17607901009102345,0.07573281151643083,0.42820560836599947,5.654162308144296,False,False,False,True,0.8962273727512682,0.14794161536899947,0.1964813401405848,False,True,-226.7544416576985,-213.95097707151538,25.606929172366222,4.1853375947563717e-07,0.8810676328318191,0.17607901009102345,0.07573281151643083,0.42820560836599947,5.654162308144296,-213.95097707151538,25.606929172366222,4.1853375947563717e-07
C_East_Mississippi_Delta,f4,224,61,0.866356932427071,0.20598079879057155,0.0966603795488503,0.22814920771937122,2.3603177308451286,False,False,False,True,0.8712202202762157,0.19859079732759555,0.13803413832152883,False,True,-220.80441567596773,-218.56529226248526,4.4782468269649485,0.03432891831339363,0.866356932427071,0.20598079879057155,0.0966603795488503,0.22814920771937122,2.3603177308451286,-218.56529226248526,4.4782468269649485,0.03432891831339363
C_East_Nile_Delta,f4,224,61,0.8967791059719561,0.05933103106344877,0.5685636569016019,1.0773365395132044,1.8948389093037878,False,False,False,True,0.9144064310347594,0.047903749330601035,0.7221820632181816,False,True,-303.9039410147786,-300.1033554179811,7.601171193594951,0.005833039822285367,0.8967791059719561,0.05933103106344877,0.5685636569016019,1.0773365395132044,1.8948389093037878,-300.1033554179811,7.601171193594951,0.005833039822285367
C_East_Ob_Bay_Coast,f4,224,61,0.8562398174127088,0.1812499234252194,0.35686100994222003,0.3044298483563555,0.8530767998601088,False,False,False,True,0.8545879588072955,0.18449021148411526,0.3394754758685658,False,True,-270.3453627711506,-270.21763783307006,0.25544987616103754,0.6132635273189353,0.8562398174127088,0.1812499234252194,0.35686100994222003,0.3044298483563555,0.8530767998601088,-270.21763783307006,0.25544987616103754,0.6132635273189353
C_East_Red_Sea_North_Gulf_of_Aden_Coast,f4,224,61,0.7071466610618856,0.23159777140006724,0.33913556570309755,0.8849729179475848,2.6094960465525183,False,False,False,True,0.44513221426172517,0.7928281375874543,1.2541281967299414e-06,False,True,-293.6753785194099,-290.98999639127385,5.370764256272082,0.02047700362491692,0.7071466610618856,0.23159777140006724,0.33913556570309755,0.8849729179475848,2.6094960465525183,-290.98999639127385,5.370764256272082,0.02047700362491692
C_East_Timor_Islands,f4,224,61,0.4146233887431269,0.6868968128745881,1.3241184361808118e-07,0.5679975240151297,4289627.789289146,False,True,False,True,0.3763536898646897,0.8568645029708917,1.1433281284313266e-06,False,True,-301.8786152326501,-296.9503133145056,9.856603836288969,0.0016922320643319813,0.4146233887431269,0.6868968128745881,1.3241184361808118e-07,0.5679975240151297,4289627.789289146,-296.9503133145056,9.856603836288969,0.0016922320643319813
C_Ellef_Ringnes_Bathurst_Devon_Islands,f4,224,61,0.9692252003412994,0.05381983231485241,0.17707715783569297,0.18946127794805448,1.0699362936683936,False,False,False,True,0.9691543979964898,0.05386488826636415,0.18042303682005587,False,True,-187.46455660057566,-187.43431682778728,0.06047954557675439,0.8057395983849026,0.9692252003412994,0.05381983231485241,0.17707715783569297,0.18946127794805448,1.0699362936683936,-187.43431682778728,0.06047954557675439,0.8057395983849026
C_Ellesmere_Island,f4,224,61,0.9365317203093702,0.12379926454796275,0.011795631341081863,6.307325610176585e-08,5.347170853169521e-06,False,False,True,True,0.9290749013527867,0.13863427832182687,3.541237201516963e-07,True,True,-104.56582899667482,-104.28177453149593,0.5681089303577949,0.4510113570958638,0.9365317203093702,0.12379926454796275,0.011795631341081863,6.307325610176585e-08,5.347170853169521e-06,-104.28177453149593,0.5681089303577949,0.4510113570958638
C_Great_Britain,f4,224,61,0.4194285355566508,0.3822530946508579,0.29724164504809886,1.139041236780321,3.8320378579387975,False,False,False,True,0.38043528569581936,0.45893350478071726,0.4567153018145588,False,True,-312.4903568044907,-304.358888847378,16.26293591422541,5.513189377952787e-05,0.4194285355566508,0.3822530946508579,0.29724164504809886,1.139041236780321,3.8320378579387975,-304.358888847378,16.26293591422541,5.513189377952787e-05
C_Greater_Dniester_Basin,f4,224,61,0.8962540869949677,0.1805419933833734,0.0745341005149719,0.25236046062190776,3.385838949934269,False,False,False,True,0.8876037108444529,0.195977308852068,0.1114854691821475,False,True,-210.61627579368678,-205.81260267023185,9.607346246909856,0.0019380050343033575,0.8962540869949677,0.1805419933833734,0.0745341005149719,0.25236046062190776,3.385838949934269,-205.81260267023185,9.607346246909856,0.0019380050343033575
C_Gulf_of_Darien_Coast,f4,224,61,0.860525435000539,0.2115634089003964,0.14701774662071818,0.2356609172330603,1.6029419757128167,False,False,False,True,0.8590930025259833,0.21416384346855682,0.16939951503240913,False,True,-235.19604034691963,-234.4106273106656,1.570826072508055,0.2100870885126178,0.860525435000539,0.2115634089003964,0.14701774662071818,0.2356609172330603,1.6029419757128167,-234.4106273106656,1.570826072508055,0.2100870885126178
C_Gulf_of_Guinea_Coast,f4,224,61,0.8578662421096486,0.22664405941265592,0.09407270229475675,0.3476025050153411,3.695041138780119,False,False,False,True,0.7538034550546088,0.43617428296302097,0.013667428277339022,False,True,-235.1301015320488,-230.85392431537664,8.552354433344306,0.00345075626458345,0.8578662421096486,0.22664405941265592,0.09407270229475675,0.3476025050153411,3.695041138780119,-230.85392431537664,8.552354433344306,0.00345075626458345
C_Gydan_Bay_Coast,f4,224,61,0.8617267463523133,0.09569541153790055,0.5750935302282069,0.775293973991439,1.3481180594811928,False,False,False,True,0.8605513436089861,0.09560204387161823,0.6305821594212326,False,True,-299.9411421187401,-299.21059605212486,1.4610921332305224,0.22675643086436825,0.8617267463523133,0.09569541153790055,0.5750935302282069,0.775293973991439,1.3481180594811928,-299.21059605212486,1.4610921332305224,0.22675643086436825
C_Hainan,f4,224,61,0.7280727582318056,0.23774336667558815,0.21682510802277444,1.2234658584949403,5.642639220391544,False,False,False,True,0.7916059213887857,0.16315887393315776,0.5578290790618826,False,True,-299.1588078236824,-281.40752669612607,35.50256225511271,2.54715291617769e-09,0.7280727582318056,0.23774336667558815,0.21682510802277444,1.2234658584949403,5.642639220391544,-281.40752669612607,35.50256225511271,2.54715291617769e-09
C_Halmahera_Islands,f4,224,61,0.8239441963402896,0.21692874520356045,0.1623011880106312,0.7695772068877522,4.741660959606424,False,False,False,True,0.8176337877680754,0.2211692800672661,0.3277411873172047,False,True,-273.4442204345211,-260.287536014734,26.31336883957431,2.9027241061748657e-07,0.8239441963402896,0.21692874520356045,0.1623011880106312,0.7695772068877522,4.741660959606424,-260.287536014734,26.31336883957431,2.9027241061748657e-07
C_Hispaniola,f4,224,61,0.9671160371309778,0.014163183233890257,0.7751495207950383,0.8107948555350716,1.0459851084000844,False,False,False,True,0.9673015922516494,0.014051520510575587,0.785193512384726,False,True,-303.4366285987564,-303.4163530967037,0.040551004105395805,0.8404070829361835,0.9671160371309778,0.014163183233890257,0.7751495207950383,0.8107948555350716,1.0459851084000844,-303.4163530967037,0.040551004105395805,0.8404070829361835
C_Hokkaido,f4,224,61,0.7868333183631696,0.09270288516732107,0.36037579385077684,1.7704654171630696,4.912831126210929,False,False,False,True,0.94085599073255,0.02191487020515625,0.8106085944028439,False,True,-308.22906231129696,-286.56327023221917,43.33158415815558,4.620645807026459e-11,0.7868333183631696,0.09270288516732107,0.36037579385077684,1.7704654171630696,4.912831126210929,-286.56327023221917,43.33158415815558,4.620645807026459e-11
C_Hub_Porali_Basin,f4,224,61,0.7664893266133883,0.32377993099194546,0.012287730035082546,0.5397002179815515,43.921881131881975,False,False,False,True,0.7735995733266928,0.3509903799982964,0.12831161797776477,False,True,-251.9790771496651,-235.53777325524328,32.88260778884364,9.78951739246227e-09,0.7664893266133883,0.32377993099194546,0.012287730035082546,0.5397002179815515,43.921881131881975,-235.53777325524328,32.88260778884364,9.78951739246227e-09
C_Iberian_Atlantic_Coast,f4,224,61,0.8190848554988897,0.29902151504758234,0.04941995733935338,0.2182709148051603,4.416655265530753,False,False,False,True,0.806823541434688,0.32313945297693253,0.07871809052215957,False,True,-231.3522846028532,-228.1062733006472,6.492022604412,0.010835962158854746,0.8190848554988897,0.29902151504758234,0.04941995733935338,0.2182709148051603,4.416655265530753,-228.1062733006472,6.492022604412,0.010835962158854746
C_Iceland,f4,224,61,0.9230086239444403,0.11959340579596539,0.17103557183247606,0.23625730145864812,1.3813342974644753,False,False,False,True,0.9251193350128899,0.11533099166847981,0.19287023511013507,False,True,-216.48720752666156,-215.9368038891766,1.1008072749699522,0.29408900944917005,0.9230086239444403,0.11959340579596539,0.17103557183247606,0.23625730145864812,1.3813342974644753,-215.9368038891766,1.1008072749699522,0.29408900944917005
C_India_West_Coast,f4,224,61,0.863872035698241,0.2359093210310788,0.12610839288399275,0.12112650450453749,0.9604951877862871,False,False,False,True,0.8641939422652152,0.23520447407537262,0.1252470826880528,False,True,-226.67072458569132,-226.66742240078474,0.006604369813146604,0.9352293994943325,0.863872035698241,0.2359093210310788,0.12610839288399275,0.12112650450453749,0.9604951877862871,-226.66742240078474,0.006604369813146604,0.9352293994943325
C_Indian_Ocean_Africa_Coast,f4,224,61,0.7696607100547932,0.4033201160969343,2.2741987807169966e-07,0.021170421452406808,93089.58228239097,False,True,False,True,0.7652505073894728,0.4125478544068082,1.6577294653061164e-07,True,True,-223.9651909861691,-223.85453690209812,0.22130816814194532,0.6380449625931539,0.7696607100547932,0.4033201160969343,2.2741987807169966e-07,0.021170421452406808,93089.58228239097,-223.85453690209812,0.22130816814194532,0.6380449625931539
C_Ireland,f4,224,61,0.35091346481108737,0.38424698303617766,0.3756196636170505,1.042326793883876,2.7749526844434396,False,False,False,True,0.25769967675988076,0.5721836155559765,0.3827800350608674,False,True,-314.7086329902986,-309.9305472271395,9.556171526318167,0.001992782902735429,0.35091346481108737,0.38424698303617766,0.3756196636170505,1.042326793883876,2.7749526844434396,-309.9305472271395,9.556171526318167,0.001992782902735429
C_Irrawaddy_Sittang_Salween_Basin,f4,224,61,0.7115549212554306,0.4913199249111362,0.037976223016752166,9.851056180273474e-09,2.5940063012395815e-07,False,False,True,True,0.6928862314228124,0.525559730217368,0.004073692936880781,False,True,-251.3616396342934,-251.18116225001967,0.3609547685474581,0.5479764590964225,0.7115549212554306,0.4913199249111362,0.037976223016752166,9.851056180273474e-09,2.5940063012395815e-07,-251.18116225001967,0.3609547685474581,0.5479764590964225
C_Jamaica,f4,224,61,0.2755682624828799,0.8345850661311637,3.394388724751437e-09,0.39711793766982445,116992474.89661174,False,True,False,True,0.23877528788750396,0.9494561999082768,3.908923115265441e-06,False,True,-312.5698212069949,-310.64041020247623,3.8588220090373397,0.0494850604635456,0.2755682624828799,0.8345850661311637,3.394388724751437e-09,0.39711793766982445,116992474.89661174,-310.64041020247623,3.8588220090373397,0.0494850604635456
C_Japan,f4,224,61,0.9427795043877656,0.0885241676141375,0.17425973036993497,0.27210944288247146,1.5615164921052724,False,False,False,True,0.9509004872989053,0.0739680662593749,0.21610736952914886,False,True,-210.26628548970606,-209.11844375822656,2.295683462959005,0.12973409267871558,0.9427795043877656,0.0885241676141375,0.17425973036993497,0.27210944288247146,1.5615164921052724,-209.11844375822656,2.295683462959005,0.12973409267871558
C_Java,f4,224,61,0.6701754190472001,0.5356936557255587,3.7427007449619003e-07,0.112918346797293,301702.84639853693,False,True,False,True,0.6470858252784889,0.5814251254649346,2.5126945652153395e-07,True,True,-260.9080214589181,-259.6430442652624,2.5299543873113635,0.11170344522610759,0.6701754190472001,0.5356936557255587,3.7427007449619003e-07,0.112918346797293,301702.84639853693,-259.6430442652624,2.5299543873113635,0.11170344522610759
C_Kamchatka_Peninsula,f4,224,61,0.6715360919838458,0.5163359104509032,2.918701117562545e-07,0.39675543283647086,1359356.1548631873,False,True,False,True,0.6108521530030212,0.6563181716327724,2.138777201886763e-07,True,True,-274.08047997988695,-268.4558630950557,11.24923376966251,0.0007965589163083073,0.6715360919838458,0.5163359104509032,2.918701117562545e-07,0.39675543283647086,1359356.1548631873,-268.4558630950557,11.24923376966251,0.0007965589163083073
C_La_Plata_Delta,f4,224,61,0.9557432576001524,0.10728157246019646,0.09630455008402905,0.1473826863257137,1.5303813391695118,False,False,False,True,0.9536847468429257,0.11086986858514905,0.10736659046416333,False,True,-179.46879334775954,-178.74866979227863,1.4402471109618205,0.23009935670990034,0.9557432576001524,0.10728157246019646,0.09630455008402905,0.1473826863257137,1.5303813391695118,-178.74866979227863,1.4402471109618205,0.23009935670990034
C_Labrador_Sea_Coast,f4,224,61,0.896871304928544,0.12155372605965409,0.28164610784500693,0.5853769837733518,2.078413184021316,False,False,False,True,0.8647520298895321,0.17221512660691807,0.3147383548255622,False,True,-262.88831033964243,-259.50856681406907,6.759487051146721,0.009325056199069605,0.896871304928544,0.12155372605965409,0.28164610784500693,0.5853769837733518,2.078413184021316,-259.50856681406907,6.759487051146721,0.009325056199069605
C_Madagascar,f4,224,61,0.7088807861493218,0.4723328525724812,0.002433877138242755,0.15677010515787085,64.41167579685552,False,False,False,True,0.7158280647709403,0.4670841341590592,0.04778607780459119,False,True,-252.25039617194764,-250.3367000220062,3.827392299882888,0.05042132110739868,0.7088807861493218,0.4723328525724812,0.002433877138242755,0.15677010515787085,64.41167579685552,-250.3367000220062,3.827392299882888,0.05042132110739868
C_Malaysian_Peninsula_Coast,f4,224,61,0.9581655881489031,0.07026210052441934,0.09446934241557346,0.11364528702806008,1.2029859012687,False,False,False,True,0.9581349595540969,0.0702595769360986,0.09973810371640368,False,True,-152.72004638498038,-152.5520853465957,0.33592207676935004,0.5621925879149396,0.9581655881489031,0.07026210052441934,0.09446934241557346,0.11364528702806008,1.2029859012687,-152.5520853465957,0.33592207676935004,0.5621925879149396
C_Maluku,f4,224,61,0.6858966329566772,0.40796047007556463,1.6466053000719333e-07,0.774005699426947,4700614.648775477,False,True,False,True,0.5826580646226434,0.6583288042844141,7.316187116827229e-08,True,True,-274.1332712781049,-257.41361956326534,33.43930342967917,7.352303053002712e-09,0.6858966329566772,0.40796047007556463,1.6466053000719333e-07,0.774005699426947,4700614.648775477,-257.41361956326534,33.43930342967917,7.352303053002712e-09
C_Melville_Prince_Patrick_Islands,f4,224,61,0.9412094296976976,0.04109460482068384,0.37565117861523234,1.3409622480498866,3.5697006275691523,False,False,False,True,0.9257772414743778,0.08229326841897511,0.5510281142769573,False,True,-289.6655251204315,-275.5057743270228,28.31950158681741,1.0285455673326016e-07,0.9412094296976976,0.04109460482068384,0.37565117861523234,1.3409622480498866,3.5697006275691523,-275.5057743270228,28.31950158681741,1.0285455673326016e-07
C_Namibia_Coast,f4,224,61,0.8290273010046926,0.2704449313998712,0.09003084611542765,0.22885392532968793,2.5419501782342087,False,False,False,True,0.813440783733418,0.3000288117128247,0.10649426157878739,False,True,-235.1556861692873,-233.3563573154633,3.5986577076479875,0.05782624373513538,0.8290273010046926,0.2704449313998712,0.09003084611542765,0.22885392532968793,2.5419501782342087,-233.3563573154633,3.5986577076479875,0.05782624373513538
C_Neva_River_Finland_Coast,f4,224,61,0.8058279294683324,0.3198988915772204,0.07180670436472861,0.044375474999124136,0.6179851225830848,False,False,False,True,0.8067581275711262,0.3184327839407199,0.06514637470461904,False,True,-225.1313622320571,-224.9993017848391,0.2641208944360187,0.6073030751082498,0.8058279294683324,0.3198988915772204,0.07180670436472861,0.044375474999124136,0.6179851225830848,-224.9993017848391,0.2641208944360187,0.6073030751082498
C_New_Brunswick_and_Nova_Scotia_Coast,f4,224,61,0.7801955926616694,0.17706299845323073,0.536504223340336,0.5851020615660917,1.0905823963941608,False,False,False,True,0.7839305110740835,0.17212918600670618,0.5545937359515871,False,True,-299.9166053911328,-299.8687942555943,0.09562227107699073,0.7571477085135054,0.7801955926616694,0.17706299845323073,0.536504223340336,0.5851020615660917,1.0905823963941608,-299.8687942555943,0.09562227107699073,0.7571477085135054
C_New_Siberian_Islands,f4,224,61,0.5016004313994464,0.42533478382392936,0.44128383619265066,0.4480207163553591,1.0152665464043131,False,False,False,True,0.5007631081338466,0.42550322788478756,0.4431771279361056,False,True,-310.03998623090934,-310.03925824149695,0.001455978824765225,0.9695622732538343,0.5016004313994464,0.42533478382392936,0.44128383619265066,0.4480207163553591,1.0152665464043131,-310.03925824149695,0.001455978824765225,0.9695622732538343
C_New_Zealand_North_Island,f4,224,61,0.741136063181245,0.25987404223631455,0.25859256963122196,0.7889391268666319,3.0508963501609325,False,False,False,True,0.8017773122663061,0.19120931402206828,0.45792516638378117,False,True,-289.85301986434183,-283.5116027786899,12.682834171303853,0.00036902778988286996,0.741136063181245,0.25987404223631455,0.25859256963122196,0.7889391268666319,3.0508963501609325,-283.5116027786899,12.682834171303853,0.00036902778988286996
C_New_Zealand_South_Island,f4,224,61,0.41724738089873703,0.5187565713428205,0.1493046921830676,0.8688863349134638,5.8195514300923135,False,False,False,True,0.34115506547332225,0.8012053578755293,0.08313480429398916,False,True,-306.087938165122,-299.6545528485325,12.866770633179044,0.0003344682843108436,0.41724738089873703,0.5187565713428205,0.1493046921830676,0.8688863349134638,5.8195514300923135,-299.6545528485325,12.866770633179044,0.0003344682843108436
C_Nigerian_Delta,f4,224,61,0.356852048948205,0.5350695807192799,8.733194846272842e-07,1.3278462644474018,1520458.7643136128,False,True,False,True,0.29197909914885706,0.9071466130426876,6.286239342725517e-07,True,True,-307.7462993084356,-287.7578202811987,39.97695805447381,2.5697639508833275e-10,0.356852048948205,0.5350695807192799,8.733194846272842e-07,1.3278462644474018,1520458.7643136128,-287.7578202811987,39.97695805447381,2.5697639508833275e-10
C_North_Argentina_South_Atlantic_Coast,f4,224,61,0.9484220460739928,0.11885297324158403,0.044876547692323396,0.04253217929733705,0.9477596090711011,False,False,False,True,0.9484657704888565,0.11877031327842326,0.044283584981079385,False,True,-140.27289622733545,-140.26822790917822,0.009336636314458246,0.9230231925941409,0.9484220460739928,0.11885297324158403,0.044876547692323396,0.04253217929733705,0.9477596090711011,-140.26822790917822,0.009336636314458246,0.9230231925941409
C_North_Australia_Coast,f4,224,61,0.8402142874726022,0.28435838522427165,0.04881706323833724,2.3440739408829656e-09,4.8017512430819615e-08,False,False,True,True,0.813745661937519,0.3405585121614882,4.692933407454556e-09,True,True,-203.18671762460318,-202.29114581510785,1.7911436189906453,0.1807868864303434,0.8402142874726022,0.28435838522427165,0.04881706323833724,2.3440739408829656e-09,4.8017512430819615e-08,-202.29114581510785,1.7911436189906453,0.1807868864303434
C_North_Baffin_Island_Coast,f4,224,61,0.9741502476680667,0.03910632047536613,0.22328230936430954,0.25984178473339503,1.1637365516021903,False,False,False,True,0.9743638784218539,0.0387865428759019,0.23372365270126144,False,True,-200.94080515761078,-200.7601163119062,0.36137769140918863,0.5477420948093545,0.9741502476680667,0.03910632047536613,0.22328230936430954,0.25984178473339503,1.1637365516021903,-200.7601163119062,0.36137769140918863,0.5477420948093545
C_North_Brazil_South_Atlantic_Coast,f4,224,61,0.9131135656206482,0.1717016243639047,0.028923217819560743,0.047314568963039254,1.635868085571048,False,False,False,True,0.9139661058400302,0.1697419449960436,0.035263927366997766,False,True,-159.44361896471509,-159.2200529037316,0.44713212196694485,0.5037000196162986,0.9131135656206482,0.1717016243639047,0.028923217819560743,0.047314568963039254,1.635868085571048,-159.2200529037316,0.44713212196694485,0.5037000196162986
C_North_Caspian_Sea_Coast,f4,224,61,0.9181868940798567,0.14090219705437598,0.12370591874206248,0.3738645885446931,3.022204534321701,False,False,False,True,0.9161812437134392,0.14240627710507786,0.19089256688081035,False,True,-224.60245496452595,-218.289883282452,12.625143364147903,0.00038059269114091145,0.9181868940798567,0.14090219705437598,0.12370591874206248,0.3738645885446931,3.022204534321701,-218.289883282452,12.625143364147903,0.00038059269114091145
C_North_Chile_South_Pacific_Coast,f4,224,61,0.9306643008605215,0.09349787006327452,0.3166750682942781,0.42513904052832313,1.3425087197999819,False,False,False,True,0.9306367401927425,0.09387344863868564,0.3458241472750719,False,True,-253.65826152398998,-253.04701191109547,1.2224992257890221,0.2688707350416072,0.9306643008605215,0.09349787006327452,0.3166750682942781,0.42513904052832313,1.3425087197999819,-253.04701191109547,1.2224992257890221,0.2688707350416072
C_North_East_Bay_of_Bengal_Coast,f4,224,61,0.6083535352744233,0.556999405776071,6.14208626518555e-07,0.3723933139574312,606297.7592291784,False,True,False,True,0.5915618950586756,0.6773332891861266,3.497454734501454e-08,True,True,-277.4084951536423,-273.79798799431387,7.2210143186568985,0.007205498017799158,0.6083535352744233,0.556999405776071,6.14208626518555e-07,0.3723933139574312,606297.7592291784,-273.79798799431387,7.2210143186568985,0.007205498017799158
C_North_East_Siberian_Sea_Coast,f4,224,61,0.9374084905495899,0.13608565051571983,0.18352807321161319,0.1873737894047949,1.0209543756760717,False,False,False,True,0.9374850613061776,0.13588686844507425,0.1847597348705918,False,True,-221.98649694312022,-221.98446596963498,0.004061946970466579,0.949182505104207,0.9374084905495899,0.13608565051571983,0.18352807321161319,0.1873737894047949,1.0209543756760717,-221.98446596963498,0.004061946970466579,0.949182505104207
C_North_Gulf_of_Oman_Coast,f4,224,61,0.7742610271836152,0.35880235408389033,0.0031129483556021215,0.2949531875182428,94.75042751269528,False,False,False,True,0.7996543915355463,0.31233701260134106,0.11462460013921569,False,True,-240.21070188291293,-232.10733393735916,16.20673589110754,5.6791820806058774e-05,0.7742610271836152,0.35880235408389033,0.0031129483556021215,0.2949531875182428,94.75042751269528,-232.10733393735916,16.20673589110754,5.6791820806058774e-05
C_North_Korea_Bay_Korean_Peninsula,f4,224,61,0.926195451840037,0.13132660747550964,0.1125048952871008,0.1191826440804454,1.0593551842904585,False,False,False,True,0.9257954360550829,0.13223677002152773,0.11361170731200386,False,True,-190.1953954718893,-190.18509310895502,0.020604725868565765,0.8858609878505173,0.926195451840037,0.13132660747550964,0.1125048952871008,0.1191826440804454,1.0593551842904585,-190.18509310895502,0.020604725868565765,0.8858609878505173
C_North_Siberia_Coast,f4,224,61,0.9266642993616625,0.09034655875447979,0.3930778371114846,0.24815679607526256,0.6313171912688642,False,False,False,True,0.9286472612147272,0.0881581547773733,0.35572841243960546,False,True,-253.94649849808232,-252.63517445292956,2.6226480903055176,0.10534849889112628,0.9266642993616625,0.09034655875447979,0.3930778371114846,0.24815679607526256,0.6313171912688642,-252.63517445292956,2.6226480903055176,0.10534849889112628
C_North_St_Lawrence_Seaway_Coast,f4,224,61,0.6941983210787712,0.48628214278002085,1.3967483017444742e-07,0.17807559534652379,1274929.7430619074,False,True,False,True,0.7194723529697774,0.4324792374033852,0.08876845504387669,False,True,-256.46803655134886,-253.6147469425038,5.706579217690091,0.016901442984150507,0.6941983210787712,0.48628214278002085,1.3967483017444742e-07,0.17807559534652379,1274929.7430619074,-253.6147469425038,5.706579217690091,0.016901442984150507
C_North_Vietnam_South_China_Coast,f4,224,61,0.8370450071022306,0.2922812412400703,1.6162069877896515e-07,0.04253038770138958,263149.38632677717,False,True,False,True,0.8280819214267935,0.3112310789907517,1.791264938158572e-08,True,True,-193.3186487989599,-192.72873037093999,1.1798368560398558,0.2773892109212735,0.8370450071022306,0.2922812412400703,1.6162069877896515e-07,0.04253038770138958,263149.38632677717,-192.72873037093999,1.1798368560398558,0.2773892109212735
C_North_West_Africa_Coast,f4,224,61,0.9618197137592809,0.051365350585324425,0.3255630725267298,0.4969649584537013,1.5264782783769153,False,False,False,True,0.9648220717652974,0.04660111609962814,0.3796453847440128,False,True,-247.5092390064722,-245.9856167714059,3.0472444701326253,0.0808742511404774,0.9618197137592809,0.051365350585324425,0.3255630725267298,0.4969649584537013,1.5264782783769153,-245.9856167714059,3.0472444701326253,0.0808742511404774
C_Northeast_South_America_Coast,f4,224,61,0.8976540510363247,0.18360140223289279,6.38748505128106e-09,0.047206671307753495,7390494.213099697,False,True,False,True,0.8876433472366517,0.20491394953486955,1.1445703027075683e-09,True,True,-147.50901836594628,-145.99561614737726,3.0268044371380256,0.08189917070318431,0.8976540510363247,0.18360140223289279,6.38748505128106e-09,0.047206671307753495,7390494.213099697,-145.99561614737726,3.0268044371380256,0.08189917070318431
C_Northwest_Hudson_Bay_Coast,f4,224,61,0.7976470452370643,0.3521417525994952,8.797994573988052e-07,0.18123973362274362,206001.18822372638,False,True,False,True,0.7990576003127402,0.355380765664017,0.04738987727536908,False,True,-228.1016821842262,-223.3664896212232,9.470385126006022,0.0020881552920912006,0.7976470452370643,0.3521417525994952,8.797994573988052e-07,0.18123973362274362,206001.18822372638,-223.3664896212232,9.470385126006022,0.0020881552920912006
C_Northwest_Mediterranean_Coast,f4,224,61,0.8408772869443325,0.2714388573447151,0.03903041997922594,0.245537074154195,6.290915503468394,False,False,False,True,0.8410785026553209,0.2712820304986994,0.0951926436070035,False,True,-224.76599749380335,-219.26175671664626,11.008481554314187,0.0009069591452572878,0.8408772869443325,0.2714388573447151,0.03903041997922594,0.245537074154195,6.290915503468394,-219.26175671664626,11.008481554314187,0.0009069591452572878
C_Norway_Coast,f4,224,61,0.6859553982099186,0.4364246720539663,0.065508265142519,0.35578060202086464,5.431079593496066,False,False,False,True,0.6942404880192496,0.4311469119003812,0.14809788899598622,False,True,-269.6661987434448,-265.7302945363295,7.8718084142306,0.005021141305604752,0.6859553982099186,0.4364246720539663,0.065508265142519,0.35578060202086464,5.431079593496066,-265.7302945363295,7.8718084142306,0.005021141305604752
C_Novaya_Zemlya,f4,224,61,0.9720504542789796,0.04041179950731922,0.2470011725458756,0.30961462280022617,1.2534945466411556,False,False,False,True,0.9722587300191879,0.03978328746684098,0.2651110947011189,False,True,-212.47207085267746,-212.05336158683352,0.8374185316878879,0.36013611723534367,0.9720504542789796,0.04041179950731922,0.2470011725458756,0.30961462280022617,1.2534945466411556,-212.05336158683352,0.8374185316878879,0.36013611723534367
C_Nusa_Tenggara,f4,224,61,0.48564645874940215,0.7552337097413452,1.1903950057212606e-07,0.018493455469487434,155355.62045039196,False,True,False,True,0.4844958298394254,0.761380840047695,3.93211052989898e-08,True,True,-289.47904467413326,-289.47095218964165,0.01618496898322519,0.8987661500493808,0.48564645874940215,0.7552337097413452,1.1903950057212606e-07,0.018493455469487434,155355.62045039196,-289.47095218964165,0.01618496898322519,0.8987661500493808
C_Olenyok_Delta,f4,224,61,0.9030862960148925,0.046264666969929036,0.7570984914446268,0.7633391941329288,1.0082429205167138,False,False,False,True,0.9031529204034963,0.046227886715680955,0.7588495928773779,False,True,-307.3698652538074,-307.36925877291486,0.0012129617850860086,0.9722172116350675,0.9030862960148925,0.046264666969929036,0.7570984914446268,0.7633391941329288,1.0082429205167138,-307.36925877291486,0.0012129617850860086,0.9722172116350675
C_Oregon_Coast,f4,224,61,0.6941308083490522,0.4616495260671903,0.017071294594712027,0.34927852441561735,20.459990452265362,False,False,False,True,0.6950984527863237,0.4519822380554047,0.11668469931845565,False,True,-266.4150202135184,-260.282564356043,12.264911714950813,0.0004615550536404125,0.6941308083490522,0.4616495260671903,0.017071294594712027,0.34927852441561735,20.459990452265362,-260.282564356043,12.264911714950813,0.0004615550536404125
C_Papua_New_Guinea_Island,f4,224,61,0.8180744430173472,0.29847143890502437,0.11219519134028846,0.18619343348529777,1.6595491416434447,False,False,False,True,0.8132571539565667,0.308130586634213,0.12561782769247318,False,True,-243.20692388300694,-242.6972897981602,1.0192681696934756,0.3126926642581711,0.8180744430173472,0.29847143890502437,0.11219519134028846,0.18619343348529777,1.6595491416434447,-242.6972897981602,1.0192681696934756,0.3126926642581711
C_Patagonia,f4,224,61,0.8645801519399487,0.1028762827782644,0.3465947335647987,1.1823086336845823,3.4112134986134754,False,False,False,True,0.8556621369551939,0.11602867886206993,0.5572070896984349,False,True,-293.4933395331116,-280.93211699335785,25.122445079507543,5.380296475536859e-07,0.8645801519399487,0.1028762827782644,0.3465947335647987,1.1823086336845823,3.4112134986134754,-280.93211699335785,25.122445079507543,5.380296475536859e-07
C_Peru_Pacific_Coast,f4,224,61,0.7725613816650867,0.35262547672767564,0.11024185731595257,0.2245786816229276,2.0371453011652942,False,False,False,True,0.7744619626414272,0.3449614966841477,0.14763222624204198,False,True,-255.88475278371567,-254.9503630150258,1.8687795373797371,0.1716149260749117,0.7725613816650867,0.35262547672767564,0.11024185731595257,0.2245786816229276,2.0371453011652942,-254.9503630150258,1.8687795373797371,0.1716149260749117
C_Philippines,f4,224,61,0.784915307107382,0.3190567129684266,0.06895281827258733,0.40611720707182297,5.8897840182012935,False,False,False,True,0.8237134318258879,0.24726395211797544,0.21632313891332886,False,True,-254.55102657259337,-247.0975898566798,14.906873431827137,0.00011295069747461202,0.784915307107382,0.3190567129684266,0.06895281827258733,0.40611720707182297,5.8897840182012935,-247.0975898566798,14.906873431827137,0.00011295069747461202
C_Po_River_and_East_Italy_Coast,f4,224,61,0.8269588583053171,0.2873910394526144,0.029256818410126582,0.24039495910365,8.216715697987269,False,False,False,True,0.8416752275997825,0.2572870993920177,0.10819844751524395,False,True,-225.61707256146906,-219.66972164042417,11.894701842089773,0.0005629383846172221,0.8269588583053171,0.2873910394526144,0.029256818410126582,0.24039495910365,8.216715697987269,-219.66972164042417,11.894701842089773,0.0005629383846172221
C_Prince_of_Wales_Island,f4,224,61,0.9378958427693448,0.05623850627843892,0.38896820918153574,0.861780546051907,2.2155552194490644,False,False,False,True,0.9289220314475116,0.06707678397794611,0.5014035468888157,False,True,-276.94504082961316,-271.34517592182186,11.1997298155826,0.000818092428892865,0.9378958427693448,0.05623850627843892,0.38896820918153574,0.861780546051907,2.2155552194490644,-271.34517592182186,11.1997298155826,0.000818092428892865
C_Puerto_Rico,f4,224,61,0.9643762610319139,0.01048770949809334,0.5902826441238127,1.5623926849999106,2.6468551981890838,False,False,False,True,0.9760305234482753,0.007029383066709103,0.864791158106269,False,True,-309.9671983951531,-299.2201465400547,21.494103710196782,3.5491828066491033e-06,0.9643762610319139,0.01048770949809334,0.5902826441238127,1.5623926849999106,2.6468551981890838,-299.2201465400547,21.494103710196782,3.5491828066491033e-06
C_Sakhalin_Island,f4,224,61,0.5303201067595963,0.3263622755181696,2.1222821073433398e-07,1.8934694069450801,8921855.395159101,False,True,False,True,0.9692836626701681,0.01835297320108684,0.7463878855362952,False,True,-300.6972648753484,-254.4918920624459,92.41074562580502,7.043063396291969e-22,0.5303201067595963,0.3263622755181696,2.1222821073433398e-07,1.8934694069450801,8921855.395159101,-254.4918920624459,92.41074562580502,7.043063396291969e-22
C_Sardinia_and_Corsica,f4,224,61,0.7540041196324309,0.19248587193668715,0.36501722820691174,1.0861732534727246,2.9756766791758724,False,False,False,True,0.8006448239978958,0.1354141848634771,0.6189700590093715,False,True,-302.96573216772686,-294.65809299414667,16.61527834716037,4.578074105617222e-05,0.7540041196324309,0.19248587193668715,0.36501722820691174,1.0861732534727246,2.9756766791758724,-294.65809299414667,16.61527834716037,4.578074105617222e-05
C_Severnaya_Zemlya,f4,224,61,0.9917001347038578,0.02180238966417483,0.09463000179844455,0.39668519294375915,4.191960112065426,False,False,False,True,0.9840254990613443,0.03667076759881575,0.15275104367134573,False,True,-164.04517099135597,-146.28837057520366,35.51360083230463,2.5327590253163142e-09,0.9917001347038578,0.02180238966417483,0.09463000179844455,0.39668519294375915,4.191960112065426,-146.28837057520366,35.51360083230463,2.5327590253163142e-09
C_Seward_Peninsula_Alaskan_North_Slope,f4,224,61,0.8911900897286857,0.10971352008072152,0.49225281505472457,0.3798564871421781,0.771669507060003,False,False,False,True,0.8896133602365734,0.11169867179564832,0.45933763730069543,False,True,-278.71487871460727,-278.2792561084327,0.8712452123490948,0.3506108117788075,0.8911900897286857,0.10971352008072152,0.49225281505472457,0.3798564871421781,0.771669507060003,-278.2792561084327,0.8712452123490948,0.3506108117788075
C_Shelikhov_Gulf_Sea_of_Okhotsk_Coast,f4,224,61,0.825957783074951,0.20028391797424658,0.23734086651546252,0.6478549247363771,2.7296391651716245,False,False,False,True,0.8215149596819132,0.20999186716547413,0.3408680362598599,False,True,-273.9576377942999,-268.21097766916586,11.493320250268084,0.0006984675274612412,0.825957783074951,0.20028391797424658,0.23734086651546252,0.6478549247363771,2.7296391651716245,-268.21097766916586,11.493320250268084,0.0006984675274612412
C_Sicily,f4,224,61,0.6909012221445198,0.19822358408510432,0.33448552431094947,1.4161686945121275,4.233871398259996,False,False,False,True,0.4385006632026863,0.4871250679255135,0.39042212466625426,False,True,-309.25094330479834,-294.7137624536903,29.074361702216038,6.965267886228377e-08,0.6909012221445198,0.19822358408510432,0.33448552431094947,1.4161686945121275,4.233871398259996,-294.7137624536903,29.074361702216038,6.965267886228377e-08
C_Solomon_Islands,f4,224,61,0.5871452440988564,0.5582399157240269,7.490994602571809e-07,0.5595206158502875,746924.3345312154,False,True,False,True,0.9587743761271225,0.029155187178950978,0.6286536027154693,False,True,-287.3483372083716,-279.3433365196513,16.01000137744063,6.300874939404177e-05,0.5871452440988564,0.5582399157240269,7.490994602571809e-07,0.5595206158502875,746924.3345312154,-279.3433365196513,16.01000137744063,6.300874939404177e-05
C_Somerset_Island,f4,224,61,0.921931334556699,0.09532049178787838,0.30038231766751416,0.4809513787494024,1.6011307938630253,False,False,False,True,0.9226103823941982,0.09363363041926023,0.3517504162757622,False,True,-254.25524343841886,-252.66573535116737,3.1790161745029764,0.07458962779339408,0.921931334556699,0.09532049178787838,0.30038231766751416,0.4809513787494024,1.6011307938630253,-252.66573535116737,3.1790161745029764,0.07458962779339408
C_South_Africa_South_Coast,f4,224,61,0.8957022250556879,0.15364859244662124,0.16241973565441647,0.24506797024380883,1.508855861982466,False,False,False,True,0.8948647110196507,0.15566828944242475,0.1832385442301442,False,True,-224.74615895513966,-224.01580072121874,1.4607164678418485,0.22681615763454446,0.8957022250556879,0.15364859244662124,0.16241973565441647,0.24506797024380883,1.508855861982466,-224.01580072121874,1.4607164678418485,0.22681615763454446
C_South_Africa_West_Coast,f4,224,61,0.49857599707053785,0.6139830168167467,2.9009385852883894e-09,0.6420935411570876,221339929.226132,False,True,False,True,0.40128741024309994,0.8255247339586362,2.200946796651759e-06,False,True,-297.87029771348784,-289.097891025475,17.544813376025672,2.8061517796241855e-05,0.49857599707053785,0.6139830168167467,2.9009385852883894e-09,0.6420935411570876,221339929.226132,-289.097891025475,17.544813376025672,2.8061517796241855e-05
C_South_Alaska_Coast_Frazer_River,f4,224,61,0.925314647755239,0.13944262282899064,7.718033230473477e-09,0.004900749303492042,634973.8537199063,False,True,False,True,0.9241313929461653,0.14184076132766843,1.0349352709353597e-08,True,True,-107.0201868333744,-106.98647299435815,0.06742767803248739,0.7951195697191316,0.925314647755239,0.13944262282899064,7.718033230473477e-09,0.004900749303492042,634973.8537199063,-106.98647299435815,0.06742767803248739,0.7951195697191316
C_South_Amapa_Coast,f4,224,61,0.8241989489480365,0.28550130288887854,1.727828860533009e-08,0.41723817602936075,24148119.386120748,False,True,False,True,0.7576338137322954,0.43853725076865097,4.266849555087735e-08,True,True,-230.70804498449817,-216.19228311625963,29.031523736477084,7.121002944878542e-08,0.8241989489480365,0.28550130288887854,1.727828860533009e-08,0.41723817602936075,24148119.386120748,-216.19228311625963,29.031523736477084,7.121002944878542e-08
C_South_Australia_Coast,f4,224,61,0.9292006562917574,0.09805492643587993,0.24915643397503442,0.28646827489244964,1.1497526687235935,False,False,False,True,0.9292559336025689,0.09767743593975604,0.25982170160569773,False,True,-232.12902081065923,-232.00589717273326,0.2462472758519425,0.6197299700463216,0.9292006562917574,0.09805492643587993,0.24915643397503442,0.28646827489244964,1.1497526687235935,-232.00589717273326,0.2462472758519425,0.6197299700463216
C_South_Baffin_Island_Coast,f4,224,61,0.4604129527687065,0.7385707833695748,3.71244020818016e-08,0.2781097765889391,7491293.0846977495,False,True,False,True,0.42622447685472364,0.8282106307681413,8.523627291454632e-08,True,True,-298.4208204741792,-296.7937496007088,3.2541417469408316,0.07124322421391019,0.4604129527687065,0.7385707833695748,3.71244020818016e-08,0.2781097765889391,7491293.0846977495,-296.7937496007088,3.2541417469408316,0.07124322421391019
C_South_Baltic_Coast,f4,224,61,0.9212863533937479,0.10948125178460485,0.27236950580213815,0.27528931673041324,1.0107200360762711,False,False,False,True,0.9212327699570627,0.10955656401009983,0.27309634926261517,False,True,-239.32722559847707,-239.32656874799838,0.0013137009573824798,0.9710869944768652,0.9212863533937479,0.10948125178460485,0.27236950580213815,0.27528931673041324,1.0107200360762711,-239.32656874799838,0.0013137009573824798,0.9710869944768652
C_South_Black_Sea_Coast,f4,224,61,0.8655421474605491,0.2001405876672994,0.138141937465101,0.2826130259653237,2.045816289761541,False,False,False,True,0.8511503700498138,0.2259585132759349,0.1572617723124991,False,True,-234.1072011858009,-232.352987802092,3.5084267674178022,0.0610574094148051,0.8655421474605491,0.2001405876672994,0.138141937465101,0.2826130259653237,2.045816289761541,-232.352987802092,3.5084267674178022,0.0610574094148051
C_South_Chile_South_Pacific_Coast,f4,224,61,0.9245106416756442,0.13142862162143068,0.08964436015893519,0.229223683734145,2.557034076965269,False,False,False,True,0.9259918545406209,0.1271445871770945,0.131336238311137,False,True,-196.4557055801731,-192.72648434398369,7.458442472378806,0.006313961388055975,0.9245106416756442,0.13142862162143068,0.08964436015893519,0.229223683734145,2.557034076965269,-192.72648434398369,7.458442472378806,0.006313961388055975
C_South_East_Brazil_Coast,f4,224,61,0.8479941949286596,0.2733299215701144,3.8541936871288544e-08,0.030048033738709023,779619.1934789096,False,True,False,True,0.8415090055283375,0.2869244348568539,6.423110956771167e-10,True,True,-184.4245815550504,-184.06647489964433,0.7162133108121225,0.3973888278605966,0.8479941949286596,0.2733299215701144,3.8541936871288544e-08,0.030048033738709023,779619.1934789096,-184.06647489964433,0.7162133108121225,0.3973888278605966
C_South_East_Russia_Coast,f4,224,61,0.6615341186299551,0.5065113740654185,1.093416417444471e-07,0.32413094423959327,2964387.0264647296,False,True,False,True,0.6182704942503171,0.6209028663257861,2.2185775546169885e-06,False,True,-267.9415350701508,-263.6653373114232,8.552395517455238,0.0034506783863731544,0.6615341186299551,0.5065113740654185,1.093416417444471e-07,0.32413094423959327,2964387.0264647296,-263.6653373114232,8.552395517455238,0.0034506783863731544
C_South_Gulf_of_Aden_Coast,f4,224,61,0.8226333594406251,0.12152444059385256,0.2136835164234941,1.4112987736087745,6.604621625618311,False,False,False,True,0.8159123829874328,0.16649341419851993,0.47216991333013036,False,True,-288.1538016674926,-261.67185544235247,52.96389245028024,3.397366016360134e-13,0.8226333594406251,0.12152444059385256,0.2136835164234941,1.4112987736087745,6.604621625618311,-261.67185544235247,52.96389245028024,3.397366016360134e-13
C_South_Gulf_of_Oman_West_Arabian_Sea_Coast,f4,224,61,0.5424824326547065,0.702165290805042,9.763739404563703e-07,0.018542273633343796,18990.95506858457,False,True,False,True,0.5400636395330347,0.70873148166905,1.1970545273818963e-08,True,True,-281.95992926509007,-281.94342279910626,0.0330129319676189,0.8558223947277529,0.5424824326547065,0.702165290805042,9.763739404563703e-07,0.018542273633343796,18990.95506858457,-281.94342279910626,0.0330129319676189,0.8558223947277529
C_South_Hudson_Strait_Ungava_Bay_Coast,f4,224,61,0.6431691775932511,0.4702508856460225,1.6391527804007842e-07,0.6865559781462398,4188480.6978051923,False,True,False,True,0.7506803166235646,0.32969985016439585,0.2826936516549723,False,True,-281.5530816090325,-267.52146465367457,28.063233910715894,1.1741542755432653e-07,0.6431691775932511,0.4702508856460225,1.6391527804007842e-07,0.6865559781462398,4188480.6978051923,-267.52146465367457,28.063233910715894,1.1741542755432653e-07
C_South_Mediterranean_Coast,f4,224,61,0.7321196860866815,0.13851222692753376,0.5965051604802549,0.9572509288475776,1.6047655448225813,False,False,False,True,0.7063405440985593,0.16188202264672927,0.6723116046401778,False,True,-309.8172789423513,-308.1160026990573,3.4025524865880925,0.06509561574693179,0.7321196860866815,0.13851222692753376,0.5965051604802549,0.9572509288475776,1.6047655448225813,-308.1160026990573,3.4025524865880925,0.06509561574693179
C_South_Zambezia_Coast,f4,224,61,0.753361452518086,0.36538200619187583,0.02380850276792609,0.6770282215916923,28.436404766441633,False,False,False,True,0.8517339841332114,0.1861442692756072,0.34258093165857617,False,True,-271.1552125751667,-253.63880483831267,35.03281547370801,3.241954514464874e-09,0.753361452518086,0.36538200619187583,0.02380850276792609,0.6770282215916923,28.436404766441633,-253.63880483831267,35.03281547370801,3.241954514464874e-09
C_Southhampton_Coats_Islands,f4,224,61,0.3751921258489249,0.847987771326523,1.8400146588546725e-07,5.885699470530808e-07,3.198724228748479,False,True,True,True,0.37518618021573064,0.847993153137839,1.9771133123413264e-07,True,True,-300.6896515273343,-300.68965402765787,-5.000647092856525e-06,1.0,0.3751921258489249,0.847987771326523,1.8400146588546725e-07,5.885699470530808e-07,3.198724228748479,-300.68965402765787,-5.000647092856525e-06,1.0
C_Southwest_Hudson_Bay_Coast,f4,224,61,0.7133904730732714,0.4278273009202526,0.012002236603399078,0.45274123579271824,37.721405664049335,False,False,False,True,0.7518468919651733,0.35778827600666907,0.1856928917622705,False,True,-266.71441274131774,-256.2804916563931,20.86784216984927,4.920869757021623e-06,0.7133904730732714,0.4278273009202526,0.012002236603399078,0.45274123579271824,37.721405664049335,-256.2804916563931,20.86784216984927,4.920869757021623e-06
C_Southwest_Mediterranean_Coast,f4,224,61,0.9676207472508432,0.055197192925949386,0.17441937508577832,0.4112394897604863,2.3577626600155024,False,False,False,True,0.969913494501131,0.05079173149950516,0.2446233504836174,False,True,-211.17377607728636,-205.39356469203474,11.560422770503237,0.0006737053295598025,0.9676207472508432,0.055197192925949386,0.17441937508577832,0.4112394897604863,2.3577626600155024,-205.39356469203474,11.560422770503237,0.0006737053295598025
C_Sri_Lanka,f4,224,61,0.7847406425575739,0.2223760123714982,0.2819250202935523,0.7489466822726413,2.656545635760906,False,False,False,True,0.7577103555844159,0.2685369227799755,0.3678268801936217,False,True,-286.44025155055067,-281.26432796595316,10.351847169195025,0.0012934519030281138,0.7847406425575739,0.2223760123714982,0.2819250202935523,0.7489466822726413,2.656545635760906,-281.26432796595316,10.351847169195025,0.0012934519030281138
C_Sulawesi,f4,224,61,0.8423538612152578,0.25037439647675747,0.08254559589789702,0.2509758793767865,3.0404514819570223,False,False,False,True,0.8340943415695683,0.2681571613780417,0.1155488507542015,False,True,-230.82577757728168,-227.76751930970926,6.116516535144854,0.013392446107216516,0.8423538612152578,0.25037439647675747,0.08254559589789702,0.2509758793767865,3.0404514819570223,-227.76751930970926,6.116516535144854,0.013392446107216516
C_Sumatra,f4,224,61,0.8310987620064462,0.26624575922025,0.12914203621408354,0.14996718963201836,1.1612577440192455,False,False,False,True,0.8327799197487433,0.26309314003669554,0.13717246455339985,False,True,-236.55393770132576,-236.50531576544614,0.09724387175924676,0.7551625055924154,0.8310987620064462,0.26624575922025,0.12914203621408354,0.14996718963201836,1.1612577440192455,-236.50531576544614,0.09724387175924676,0.7551625055924154
C_Svalbard,f4,224,61,0.9892129522838408,0.02021661652925228,0.10282356763589962,0.10494747876909492,1.0206558786280993,False,False,False,True,0.9892247945057232,0.02019830225834286,0.10342956133529875,False,True,-115.52796028057524,-115.52483521890129,0.006250123347911085,0.9369867114704177,0.9892129522838408,0.02021661652925228,0.10282356763589962,0.10494747876909492,1.0206558786280993,-115.52483521890129,0.006250123347911085,0.9369867114704177
C_Sweden_Coast,f4,224,61,0.780242990879462,0.24238951718267063,0.2740651881269921,0.6506824192903936,2.3741885050679636,False,False,False,True,0.7765044692350318,0.2524567544179721,0.3675819328597068,False,True,-284.5571683691892,-280.6919398693789,7.730456999620515,0.005429700474091984,0.780242990879462,0.24238951718267063,0.2740651881269921,0.6506824192903936,2.3741885050679636,-280.6919398693789,7.730456999620515,0.005429700474091984
C_Taiwan,f4,224,61,0.632681316352474,0.36333407131937717,0.06531198917009413,1.18710767650318,18.1759534748139,False,False,False,True,0.8790980689565802,0.08777673296886476,0.5931653621786415,False,True,-293.8890798706901,-271.4999391381585,44.77828146506329,2.2065668109654446e-11,0.632681316352474,0.36333407131937717,0.06531198917009413,1.18710767650318,18.1759534748139,-271.4999391381585,44.77828146506329,2.2065668109654446e-11
C_Tasmania,f4,224,61,0.8189890472704426,0.15021408402938957,0.18396066462268776,1.235374455188558,6.715427223109739,False,False,False,True,0.842466141011667,0.1489801934691669,0.4561104557220353,False,True,-283.5064720123508,-259.0992319994732,48.81448002575519,2.8135493415791603e-12,0.8189890472704426,0.15021408402938957,0.18396066462268776,1.235374455188558,6.715427223109739,-259.0992319994732,48.81448002575519,2.8135493415791603e-12
C_Texas_Gulf_Coast,f4,224,61,0.8769016284399801,0.22878330095886315,3.935228801525129e-09,2.0387526852605014e-11,0.0051807729310945445,False,True,True,True,0.8769161433952262,0.22879691933479346,2.6427473155114888e-08,True,True,-159.66479388981554,-159.66479257807285,2.623485386266111e-06,0.9987076528295902,0.8769016284399801,0.22878330095886315,3.935228801525129e-09,2.0387526852605014e-11,0.0051807729310945445,-159.66479257807285,2.623485386266111e-06,0.9987076528295902
C_Thar_Desert_Sabarmati_River_Gulf_of_Cambay_Luni_Delta,f4,224,61,0.8661208912441599,0.2273231470944045,0.04749011635496555,0.17400069140603858,3.6639348302595836,False,False,False,True,0.8600722266828824,0.24142960126617508,0.07194132335257955,False,True,-207.05759605253817,-204.14326231767265,5.8286674697310445,0.015767062117201264,0.8661208912441599,0.2273231470944045,0.04749011635496555,0.17400069140603858,3.6639348302595836,-204.14326231767265,5.8286674697310445,0.015767062117201264
C_US_East_Gulf_of_Mexico_North_Atlantic_Coast,f4,224,61,0.8857707470402887,0.1949238030797245,0.007953609138692955,0.07993125031183951,10.049682970085565,False,False,False,True,0.8855811605303547,0.19522361797232143,0.02767822145061978,False,True,-165.08922201350313,-162.18172032080133,5.8150033854036,0.015890022822703437,0.8857707470402887,0.1949238030797245,0.007953609138692955,0.07993125031183951,10.049682970085565,-162.18172032080133,5.8150033854036,0.015890022822703437
C_US_North_Atlantic_Coast,f4,224,61,0.7430071549792346,0.3651454267859004,0.01146330513290915,0.4571929407987625,39.88316942608823,False,False,False,True,0.6705029210893867,0.5341519681093151,0.004881445994638548,False,True,-253.09983924082493,-242.48470641920565,21.230265643238567,4.072821387343982e-06,0.7430071549792346,0.3651454267859004,0.01146330513290915,0.4571929407987625,39.88316942608823,-242.48470641920565,21.230265643238567,4.072821387343982e-06
C_Uda_Basin,f4,224,61,0.6034965150231106,0.5908932786719935,1.5058075421461488e-08,0.2678267573435101,17786254.208940312,False,True,False,True,0.5648513783531538,0.682715693398677,1.1432638911761568e-08,True,True,-278.0183591830128,-275.8308613053334,4.374995755358782,0.036469921188974866,0.6034965150231106,0.5908932786719935,1.5058075421461488e-08,0.2678267573435101,17786254.208940312,-275.8308613053334,4.374995755358782,0.036469921188974866
C_Uruguay_South_Brazil_Coast,f4,224,61,0.8748672333843909,0.2577660329554435,1.926481011423702e-08,0.012848980566911675,666966.374997699,False,True,False,True,0.8718583686118737,0.2638820411907205,3.3269652988523e-07,True,True,-175.55344899772706,-175.44934462033942,0.2082087547752849,0.6481750007698779,0.8748672333843909,0.2577660329554435,1.926481011423702e-08,0.012848980566911675,666966.374997699,-175.44934462033942,0.2082087547752849,0.6481750007698779
C_Victoria_Island,f4,224,61,0.9032094783522602,0.09721611389276245,0.4489386779387978,0.4772629483456089,1.0630916243101523,False,False,False,True,0.9018908590312568,0.0988248746103603,0.45487674968336234,False,True,-275.46655272584724,-275.44097550589703,0.05115443990041513,0.821066501522756,0.9032094783522602,0.09721611389276245,0.4489386779387978,0.4772629483456089,1.0630916243101523,-275.44097550589703,0.05115443990041513,0.821066501522756
C_Vietnam_Coast,f4,224,61,0.8301039738275148,0.284524380517705,0.05779748784812806,0.17923184501212416,3.1010317521599533,False,False,False,True,0.8239338169709889,0.30406227015110854,0.0769401158722529,False,True,-226.30343625634399,-224.44712487827667,3.7126227561346354,0.054002472308810855,0.8301039738275148,0.284524380517705,0.05779748784812806,0.17923184501212416,3.1010317521599533,-224.44712487827667,3.7126227561346354,0.054002472308810855
C_West_Africa_Coast,f4,224,61,0.889084477875764,0.16504082677272178,0.21539923423610602,0.24564666534610186,1.1404249704845313,False,False,False,True,0.8888929782406384,0.16536692247190465,0.22342322559928557,False,True,-239.78671794255337,-239.70876644515226,0.15590299480220438,0.6929568890820145,0.889084477875764,0.16504082677272178,0.21539923423610602,0.24564666534610186,1.1404249704845313,-239.70876644515226,0.15590299480220438,0.6929568890820145
C_West_Australia_Coast,f4,224,61,0.8032886939720997,0.27887718808202694,0.09602228540068396,0.4967050600945759,5.172810228603848,False,False,False,True,0.7877991360725651,0.3050777869159958,0.18560140697855645,False,True,-257.69633841769286,-248.97263508426926,17.4474066668472,2.953669576353289e-05,0.8032886939720997,0.27887718808202694,0.09602228540068396,0.4967050600945759,5.172810228603848,-248.97263508426926,17.4474066668472,2.953669576353289e-05
C_West_Barents_Sea_Coast,f4,224,61,0.662845261674726,0.3982439220762204,0.18292714985186195,0.6736009873839955,3.68234561096858,False,False,False,True,0.7027931273621051,0.32065533140445246,0.38148326366837815,False,True,-294.58763144108116,-289.0382296191591,11.098803643844121,0.0008638342722388845,0.662845261674726,0.3982439220762204,0.18292714985186195,0.6736009873839955,3.68234561096858,-289.0382296191591,11.098803643844121,0.0008638342722388845
C_West_Black_Sea_Coast,f4,224,61,0.8705338275333112,0.16821237632507405,0.32535866861496787,0.2356305596772019,0.724217862951883,False,False,False,True,0.8689916677338891,0.17062342363102076,0.298664005273954,False,True,-259.15307243580895,-258.649194916209,1.0077550391998784,0.3154412634589204,0.8705338275333112,0.16821237632507405,0.32535866861496787,0.2356305596772019,0.724217862951883,-258.649194916209,1.0077550391998784,0.3154412634589204
C_West_Caspian_Sea_Coast,f4,224,61,0.9702498083553882,0.06352502904348273,0.1758549992131916,0.5189023647479563,2.9507399111178145,False,False,False,True,0.971883853708525,0.058465344985793075,0.2769826881288304,False,True,-225.74339585101765,-216.11387541872432,19.259040864586666,1.1412864175982074e-05,0.9702498083553882,0.06352502904348273,0.1758549992131916,0.5189023647479563,2.9507399111178145,-216.11387541872432,19.259040864586666,1.1412864175982074e-05
C_West_Continental_Europe,f4,224,61,0.8262093962738577,0.2798272461801659,0.06607277562778546,0.24126391589433158,3.651487524203135,False,False,False,True,0.8093571688108236,0.3165937632376668,0.08727885885851377,False,True,-232.74443621214846,-229.67507916826105,6.138714087774815,0.013225345591572884,0.8262093962738577,0.2798272461801659,0.06607277562778546,0.24126391589433158,3.651487524203135,-229.67507916826105,6.138714087774815,0.013225345591572884
C_West_Italy_Coast,f4,224,61,0.7892022680113683,0.2764411300907902,0.19507495759045923,0.4976388440352928,2.5510134677565164,False,False,False,True,0.7839952204622828,0.27584626927802786,0.28045839327586086,False,True,-272.89047607305343,-269.219288264482,7.34237561714292,0.006734777893144761,0.7892022680113683,0.2764411300907902,0.19507495759045923,0.4976388440352928,2.5510134677565164,-269.219288264482,7.34237561714292,0.006734777893144761
C_West_Mississippi_Delta,f4,224,61,0.8691376588999912,0.18645681822766075,0.19279771424798198,0.2579702302663049,1.3380357296897003,False,False,False,True,0.8727252552327285,0.1809101472350851,0.2151537645491001,False,True,-240.63577846093727,-240.28072903403532,0.7100988538039132,0.3994109967835002,0.8691376588999912,0.18645681822766075,0.19279771424798198,0.2579702302663049,1.3380357296897003,-240.28072903403532,0.7100988538039132,0.3994109967835002
C_West_Nile_Delta,f4,224,61,0.7755471481981983,0.14341162021967227,0.4808047990335353,1.104267354461424,2.2967061823865103,False,False,False,True,0.8150948993406205,0.10663588638652695,0.688695774888658,False,True,-307.35028933777426,-301.91365048522374,10.873277705101032,0.0009756171312214715,0.7755471481981983,0.14341162021967227,0.4808047990335353,1.104267354461424,2.2967061823865103,-301.91365048522374,10.873277705101032,0.0009756171312214715
C_West_Red_Sea_Coast,f4,224,61,0.9809824371491291,0.022206042855856426,0.30449972752756876,0.8646459274999,2.8395622371176565,False,False,False,True,0.9780072720094002,0.026230760463254767,0.44727629137876895,False,True,-254.54567322878992,-243.45088040509583,22.189585647388185,2.4701002059436943e-06,0.9809824371491291,0.022206042855856426,0.30449972752756876,0.8646459274999,2.8395622371176565,-243.45088040509583,22.189585647388185,2.4701002059436943e-06
C_Yamal_Peninsula,f4,224,61,0.8740848241664598,0.06641058415476493,0.6923362317516726,0.7979030560249455,1.1524791270943302,False,False,False,True,0.8742145026737537,0.06644567153438459,0.7210147396465402,False,True,-306.06357039008725,-305.8891633801842,0.34881401980612736,0.5547852536406039,0.8740848241664598,0.06641058415476493,0.6923362317516726,0.7979030560249455,1.1524791270943302,-305.8891633801842,0.34881401980612736,0.5547852536406039
C_Yellow_Sea_Coast,f4,224,61,0.9049154479307777,0.13417167301216312,0.1598597403901273,0.38308568105890944,2.396386232856464,False,False,False,True,0.907670446893796,0.13424807411292777,0.21962191942123657,False,True,-230.58032059579395,-226.46006808895183,8.240505013684242,0.0040965732704146916,0.9049154479307777,0.13417167301216312,0.1598597403901273,0.38308568105890944,2.396386232856464,-226.46006808895183,8.240505013684242,0.0040965732704146916
C_Yenisey_Gulf_Coast,f4,224,61,0.8687348064884888,0.05967696787884342,0.7350308332729285,0.8080369726430022,1.099323914134314,False,False,False,True,0.8697624927975994,0.058244614588387485,0.7574185232144923,False,True,-308.32892446702095,-308.2489675431371,0.15991384776771156,0.689235847404855,0.8687348064884888,0.05967696787884342,0.7350308332729285,0.8080369726430022,1.099323914134314,-308.2489675431371,0.15991384776771156,0.689235847404855
C_Ziya_He_Interior_Coast,f4,224,61,0.9177427551084701,0.1542739737231641,0.02777240281471297,0.0723298388579195,2.6043781425927386,False,False,False,True,0.9235385029653423,0.14554512629052957,0.045569705598911055,False,True,-155.20961905150673,-154.056647820988,2.305942461037489,0.12888008784310598,0.9177427551084701,0.1542739737231641,0.02777240281471297,0.0723298388579195,2.6043781425927386,-154.056647820988,2.305942461037489,0.12888008784310598
E_Altai_Mountains,f4,224,61,0.926253625051292,0.07751141997098564,0.3682779005818421,0.6888132234899623,1.8703626321365103,False,False,False,True,0.9240190620084935,0.07859291973434167,0.45501870640716247,False,True,-271.48942957507825,-268.26239404053274,6.454071069091015,0.011069840376466798,0.926253625051292,0.07751141997098564,0.3682779005818421,0.6888132234899623,1.8703626321365103,-268.26239404053274,6.454071069091015,0.011069840376466798
E_Amu_Darya,f4,224,61,0.9210529815260782,0.15707479345186665,0.033871928210051055,0.15682817215064312,4.6300337901668795,False,False,False,True,0.9212848942560207,0.1558262301254317,0.06828727067823026,False,True,-175.50115769857788,-170.21072921759256,10.580856961970653,0.0011426468007907963,0.9210529815260782,0.15707479345186665,0.033871928210051055,0.15682817215064312,4.6300337901668795,-170.21072921759256,10.580856961970653,0.0011426468007907963
E_Australia_Northwest_Plateau,f4,224,61,0.8807495893230146,0.22996110756426608,2.6807424804386965e-06,2.6109145295248845e-05,9.739520108987175,False,False,False,True,0.880754281325667,0.22995652245679724,2.0307097735366946e-09,True,True,-160.30679870029644,-160.306753385545,9.062950289262517e-05,0.9924042913078875,0.8807495893230146,0.22996110756426608,2.6807424804386965e-06,2.6109145295248845e-05,9.739520108987175,-160.306753385545,9.062950289262517e-05,0.9924042913078875
E_Badain_Jaran_Desert,f4,224,61,0.8882316990574624,0.05289133225303981,0.6760709387890873,0.9065599086156425,1.3409242382750317,False,False,False,True,0.8888125537041467,0.05528853437654827,0.7332591393344158,False,True,-305.6645630109692,-304.900877350468,1.527371321002306,0.21650739169041786,0.8882316990574624,0.05289133225303981,0.6760709387890873,0.9065599086156425,1.3409242382750317,-304.900877350468,1.527371321002306,0.21650739169041786
E_Central_Iran,f4,224,61,0.8960182634978695,0.13989872269814882,0.12955975651769008,0.5169308565559563,3.9899029640841794,False,False,False,True,0.8885327363295156,0.15602988356386746,0.21856772412369285,False,True,-235.59502137284238,-225.22319588343873,20.743650978807295,5.2505369297793495e-06,0.8960182634978695,0.13989872269814882,0.12955975651769008,0.5169308565559563,3.9899029640841794,-225.22319588343873,20.743650978807295,5.2505369297793495e-06
E_Central_Mongolia,f4,224,61,0.9251075833016674,0.07494378713862046,0.2210964036757565,1.1769154120621887,5.32308709004677,False,False,False,True,0.9148700663465854,0.0885317718426411,0.461995793722809,False,True,-274.9872928067056,-250.77133374143727,48.4319181305367,3.4195686063993404e-12,0.9251075833016674,0.07494378713862046,0.2210964036757565,1.1769154120621887,5.32308709004677,-250.77133374143727,48.4319181305367,3.4195686063993404e-12
E_Dayan_Khyargas_Uvs_Nuur_Basins,f4,224,61,0.8840689018406239,0.1773708619415207,0.10705837149923136,0.26834458304787917,2.5065259193654534,False,False,False,True,0.8751782133903555,0.19206649502036063,0.1396931311051716,False,True,-219.62341430347576,-216.50869240756705,6.229443791817403,0.012564319544542138,0.8840689018406239,0.1773708619415207,0.10705837149923136,0.26834458304787917,2.5065259193654534,-216.50869240756705,6.229443791817403,0.012564319544542138
E_East_Gobi_Desert,f4,224,61,0.8294807084203325,0.20976328289744667,0.27724905805506816,0.4879162340086757,1.7598481215101696,False,False,False,True,0.8246476258069106,0.21969573119780655,0.32580767178582887,False,True,-273.20292683646056,-271.59635361441843,3.213146444084259,0.07304888284784732,0.8294807084203325,0.20976328289744667,0.27724905805506816,0.4879162340086757,1.7598481215101696,-271.59635361441843,3.213146444084259,0.07304888284784732
E_Egyptian_Western_Desert,f4,224,61,0.993036675584182,0.01757767073378304,0.26688263830912906,0.5286620446147524,1.9808783664765983,False,False,False,True,0.993042929723827,0.018573772929572917,0.33547946254861455,False,True,-223.63656231156975,-218.99850754722073,9.276109528698044,0.0023216201270320393,0.993036675584182,0.01757767073378304,0.26688263830912906,0.5286620446147524,1.9808783664765983,-218.99850754722073,9.276109528698044,0.0023216201270320393
E_Farahrud_Helmand_Hamun_i_Mashkel,f4,224,61,0.8145804763011782,0.26830574058205464,0.03767496251914034,0.490571288918912,13.021148691778599,False,False,False,True,0.7629349865040095,0.3804471601862177,0.07399319673839526,False,True,-242.2950278072271,-228.6794514209158,27.23115277262258,1.8052632720044863e-07,0.8145804763011782,0.26830574058205464,0.03767496251914034,0.490571288918912,13.021148691778599,-228.6794514209158,27.23115277262258,1.8052632720044863e-07
E_Great_Basin_Great_Salt_Lake,f4,224,61,0.913076607852954,0.16242984029575053,2.7909032421163733e-09,0.035608918179607575,12758922.503026271,False,True,False,True,0.90506252378969,0.17949293329661625,8.497937413296986e-08,True,True,-132.9928912346005,-131.41449578714932,3.1567908949023717,0.07561168246137552,0.913076607852954,0.16242984029575053,2.7909032421163733e-09,0.035608918179607575,12758922.503026271,-131.41449578714932,3.1567908949023717,0.07561168246137552
E_Great_Victoria_Desert,f4,224,61,0.8689014700164195,0.2193724883011788,0.08484748140000997,0.13511553914370716,1.5924519728135536,False,False,False,True,0.8707150035924301,0.21487470172505738,0.10195250324025955,False,True,-211.90117982213494,-211.43742467638404,0.9275102915017897,0.33551071102207364,0.8689014700164195,0.2193724883011788,0.08484748140000997,0.13511553914370716,1.5924519728135536,-211.43742467638404,0.9275102915017897,0.33551071102207364
E_Jordan_Northwest_Saudi_Arabia,f4,224,61,0.92538937869307,0.029512742141664147,0.3699279696464672,1.9336298028400607,5.227044077494309,False,False,False,True,0.9235642817306873,0.029104712839562858,0.7992002223323571,False,True,-308.31574614188423,-278.38181717229213,59.867857939184205,1.0144470153207114e-14,0.92538937869307,0.029512742141664147,0.3699279696464672,1.9336298028400607,5.227044077494309,-278.38181717229213,59.867857939184205,1.0144470153207114e-14
E_Junggar_Pendi,f4,224,61,0.9634533690457434,0.08089011910280652,0.06589842025325911,0.21373182084782066,3.2433527241838584,False,False,False,True,0.9546907354559694,0.10326585972524532,0.08552204777631532,False,True,-162.64237439154343,-156.6564804023507,11.971787978385464,0.0005401208975442234,0.9634533690457434,0.08089011910280652,0.06589842025325911,0.21373182084782066,3.2433527241838584,-156.6564804023507,11.971787978385464,0.0005401208975442234
E_La_Puna_Altiplano,f4,224,61,0.8985627133044478,0.09659033261020436,0.30988012742089566,0.8546528012655041,2.7580110037345804,False,False,False,True,0.8982779882861848,0.10528673484429495,0.4447439595002611,False,True,-275.0333930623093,-266.9132290882402,16.2403279481382,5.5793696667832085e-05,0.8985627133044478,0.09659033261020436,0.30988012742089566,0.8546528012655041,2.7580110037345804,-266.9132290882402,16.2403279481382,5.5793696667832085e-05
E_Lake_Eyre_Basin,f4,224,61,0.9411919236924975,0.10050159081819295,0.06459835870806686,0.09029447498803832,1.397782804298441,False,False,False,True,0.9416029152709788,0.09952567170695345,0.07240860834724103,False,True,-150.50042163666208,-150.14174466513683,0.7173539430505116,0.3970132377579124,0.9411919236924975,0.10050159081819295,0.06459835870806686,0.09029447498803832,1.397782804298441,-150.14174466513683,0.7173539430505116,0.3970132377579124
E_Lake_Rukwa_Basin,f4,224,61,0.9415693816751313,0.11480172547827247,1.1229391290455882e-07,0.18365572159238075,1635491.3355675295,False,True,False,True,0.9262435924425222,0.14571895306588442,0.027877689075910265,False,True,-140.7724600358547,-119.79819683906737,41.94852639357464,9.370797672561364e-11,0.9415693816751313,0.11480172547827247,1.1229391290455882e-07,0.18365572159238075,1635491.3355675295,-119.79819683906737,41.94852639357464,9.370797672561364e-11
E_Lakes_Balkash_Alakol,f4,224,61,0.9549637429272942,0.08810240718329197,0.07823826686838985,0.17568317087602467,2.2454890414629687,False,False,False,True,0.9504303670581421,0.09669500993887069,0.09732920355156165,False,True,-166.16917791387334,-163.2433118385765,5.851732150593705,0.01556172671662461,0.9549637429272942,0.08810240718329197,0.07823826686838985,0.17568317087602467,2.2454890414629687,-163.2433118385765,5.851732150593705,0.01556172671662461
E_Libyian_Desert,f4,224,61,0.8322434042729062,0.07545752405894493,0.7631243968655738,0.7361019925253799,0.9645897779560126,False,False,False,True,0.8367536098751476,0.07250775820686221,0.7591549206247289,False,True,-310.1072467373175,-310.09782019024317,0.018853094148653327,0.8907884775629995,0.8322434042729062,0.07545752405894493,0.7631243968655738,0.7361019925253799,0.9645897779560126,-310.09782019024317,0.018853094148653327,0.8907884775629995
E_Lower_Lake_Chad,f4,224,61,0.933269615499163,0.1420324309280914,2.7894282596841823e-08,0.058450929587164344,2095444.806090196,False,True,False,True,0.9208353459128298,0.16835960559471577,9.113429671097529e-08,True,True,-126.1558311530472,-122.88299752494811,6.545667256198186,0.010513988819239466,0.933269615499163,0.1420324309280914,2.7894282596841823e-08,0.058450929587164344,2095444.806090196,-122.88299752494811,6.545667256198186,0.010513988819239466
E_North_Central_Arabia,f4,224,61,0.8086664479722476,0.1528481373000613,0.25795324397143454,1.1822420809503624,4.58316423065136,False,False,False,True,0.7453074035162632,0.27230911749557213,0.38049021948942285,False,True,-288.5720526433778,-273.98513095061736,29.173843385520854,6.616644589208128e-08,0.8086664479722476,0.1528481373000613,0.25795324397143454,1.1822420809503624,4.58316423065136,-273.98513095061736,29.173843385520854,6.616644589208128e-08
E_North_Plateau_of_Tibet,f4,224,61,0.9313630312485041,0.09946810474269047,0.18188435919423188,0.47459154306554313,2.6093037640401677,False,False,False,True,0.9237179643436579,0.11535967327418811,0.2443075886544287,False,True,-233.17981824122432,-227.24609535031934,11.867445781809977,0.0005712370241388595,0.9313630312485041,0.09946810474269047,0.18188435919423188,0.47459154306554313,2.6093037640401677,-227.24609535031934,11.867445781809977,0.0005712370241388595
E_Northern_Kordofan,f4,224,61,0.8875561248909897,0.049870134681066464,0.5446500959673088,1.352956478220416,2.4840837966209106,False,False,False,True,0.8786118323571074,0.05471975513959145,0.7585303491395964,False,True,-308.0902070192898,-299.9095896829231,16.361234672733303,5.2344947449157194e-05,0.8875561248909897,0.049870134681066464,0.5446500959673088,1.352956478220416,2.4840837966209106,-299.9095896829231,16.361234672733303,5.2344947449157194e-05
E_Plateau_of_Tibet,f4,224,61,0.9037230628327618,0.14137136796924382,0.2617885901665427,0.29222827864259665,1.1162758409626983,False,False,False,True,0.9063051209059024,0.13703992238467538,0.2741255653253977,False,True,-246.8894807911222,-246.8265014674738,0.12595864729678397,0.722659613913288,0.9037230628327618,0.14137136796924382,0.2617885901665427,0.29222827864259665,1.1162758409626983,-246.8265014674738,0.12595864729678397,0.722659613913288
E_Qinghai_Lake,f4,224,61,0.947255865368309,0.07723122034403147,0.23229151566185915,0.41859642520074086,1.802030625216984,False,False,False,True,0.9451844784763342,0.08109698173481199,0.27853939461314214,False,True,-232.9223448285009,-230.4178038085662,5.0090820398694405,0.025214674058811067,0.947255865368309,0.07723122034403147,0.23229151566185915,0.41859642520074086,1.802030625216984,-230.4178038085662,5.0090820398694405,0.025214674058811067
E_Rift_Valley,f4,224,61,0.9078414148391579,0.1710817532693225,0.006614788553114265,0.09283846225926477,14.034985625588305,False,False,False,True,0.9100879221484144,0.16729216667799243,0.032498923175191125,False,True,-155.8975898223339,-151.3589571226768,9.077265399314228,0.0025880676651883405,0.9078414148391579,0.1710817532693225,0.006614788553114265,0.09283846225926477,14.034985625588305,-151.3589571226768,9.077265399314228,0.0025880676651883405
E_Rub_al_Khali_Desert,f4,224,61,0.42930434047940247,0.6375768823008279,4.497124589498067e-08,0.6114783086325903,13597095.131865995,False,True,False,True,0.42823223435873703,0.8142078963338765,6.296165035110062e-07,True,True,-296.53695717005513,-290.95126016255387,11.171394015002534,0.0008306818891348198,0.42930434047940247,0.6375768823008279,4.497124589498067e-08,0.6114783086325903,13597095.131865995,-290.95126016255387,11.171394015002534,0.0008306818891348198
E_Sahara,f4,224,61,0.9126686888475452,0.05548278985048935,0.7220578981558433,0.6491947570678939,0.899089614179079,False,False,False,True,0.9131495231701973,0.05551147968144233,0.7018337643490394,False,True,-303.3483460428608,-303.25196103458245,0.1927700165566648,0.6606210874407996,0.9126686888475452,0.05548278985048935,0.7220578981558433,0.6491947570678939,0.899089614179079,-303.25196103458245,0.1927700165566648,0.6606210874407996
E_Saharan_and_Algerian_Atlas,f4,224,61,0.9832827396589406,0.03951310435445137,0.13699050932994628,0.2515573483685337,1.8363122350516219,False,False,False,True,0.9844158301597642,0.0374045037262473,0.17103720634304395,False,True,-174.18598359302703,-171.314006047551,5.743955090952056,0.01654549488718847,0.9832827396589406,0.03951310435445137,0.13699050932994628,0.2515573483685337,1.8363122350516219,-171.314006047551,5.743955090952056,0.01654549488718847
E_Salinas_Grande_Mar_Chiquita,f4,224,61,0.962189542885164,0.07411551249038467,0.11525981087607784,0.06550932131730204,0.5683622141956723,False,False,False,True,0.9610825237537188,0.0765874717635436,0.09941042960711159,False,True,-156.77337803076247,-155.47396419296874,2.598827675587472,0.10694279462402254,0.962189542885164,0.07411551249038467,0.11525981087607784,0.06550932131730204,0.5683622141956723,-155.47396419296874,2.598827675587472,0.10694279462402254
E_South_Interior_Africa,f4,224,61,0.9349187298427638,0.12769490781579285,6.291933621188166e-09,6.64490976201061e-18,1.0560997877717262e-09,False,True,True,True,0.9349170341233868,0.12769727710689688,1.0090585784236956e-08,True,True,-95.48827768307845,-95.48827662257847,2.12099996588222e-06,0.9988379890014157,0.9349187298427638,0.12769490781579285,6.291933621188166e-09,6.64490976201061e-18,1.0560997877717262e-09,-95.48827662257847,2.12099996588222e-06,0.9988379890014157
E_Syr_Darya,f4,224,61,0.9478267060961783,0.10506663456735499,0.12124753646281661,0.18966096587162312,1.5642459336053156,False,False,False,True,0.9447277544530273,0.1113310945788192,0.1343999307218808,False,True,-192.6318087916499,-191.74508300655404,1.7734515701916962,0.18295549625532098,0.9478267060961783,0.10506663456735499,0.12124753646281661,0.18966096587162312,1.5642459336053156,-191.74508300655404,1.7734515701916962,0.18295549625532098
E_Tarim_He_Lop_Nur,f4,224,61,0.8309766480630222,0.24738655301181214,0.15994162450652577,0.19600755044711726,1.2254943080131087,False,False,False,True,0.8315539736163018,0.24570091998322885,0.17121790063482617,False,True,-242.39725239369974,-242.27802179555246,0.23846119629456553,0.6253197355397602,0.8309766480630222,0.24738655301181214,0.15994162450652577,0.19600755044711726,1.2254943080131087,-242.27802179555246,0.23846119629456553,0.6253197355397602
E_Turpan_Pendi,f4,224,61,0.8770147132335182,0.12130853501354096,0.29927436948638075,0.9080355555360152,3.0341240283770365,False,False,False,True,0.8605345766986764,0.1469818669044765,0.4362655293231598,False,True,-280.8610299557186,-271.7714958943508,18.179068122735657,2.0107670740196108e-05,0.8770147132335182,0.12130853501354096,0.29927436948638075,0.9080355555360152,3.0341240283770365,-271.7714958943508,18.179068122735657,2.0107670740196108e-05
E_Upper_Lake_Chad,f4,224,61,0.9478100473983304,0.05201416622060284,0.4845373424944655,0.6017538637511891,1.2419143190353021,False,False,False,True,0.9431210309482106,0.057686953137322874,0.5077435771118151,False,True,-276.293708519489,-275.93306234368146,0.721292351615034,0.39572032133969715,0.9478100473983304,0.05201416622060284,0.4845373424944655,0.6017538637511891,1.2419143190353021,-275.93306234368146,0.721292351615034,0.39572032133969715
R_Amazon_River,f4,224,61,0.8926753273074465,0.20177891553598531,1.134735691299663e-10,1.7320796387437365e-10,1.526416814086379,False,True,True,True,0.892687391356024,0.20177550376028505,4.926075538128911e-09,True,True,-145.87328282968087,-145.8732818253253,2.0087111352040665e-06,0.9988691665156135,0.8926753273074465,0.20177891553598531,1.134735691299663e-10,1.7320796387437365e-10,1.526416814086379,-145.8732818253253,2.0087111352040665e-06,0.9988691665156135
R_Amur_River,f4,224,61,0.8882131880762613,0.21754212233614126,2.191524507160597e-09,0.053463842985763226,24395731.287090436,False,True,False,True,0.8786837741620687,0.24078050513220667,9.953400020822973e-09,True,True,-165.4154216947175,-164.37253731953277,2.085768750369482,0.14867735953784295,0.8882131880762613,0.21754212233614126,2.191524507160597e-09,0.053463842985763226,24395731.287090436,-164.37253731953277,2.085768750369482,0.14867735953784295
R_Colorado_River_Argentina,f4,224,61,0.950966316976482,0.094379104564169,0.1019755026749238,0.0994159974386785,0.9749007833341654,False,False,False,True,0.9508479821432309,0.09466051500209119,0.10103442510792181,False,True,-167.3471138927829,-167.3444992965228,0.0052291925201757294,0.9423526951911855,0.950966316976482,0.094379104564169,0.1019755026749238,0.0994159974386785,0.9749007833341654,-167.3444992965228,0.0052291925201757294,0.9423526951911855
R_Colorado_River_of_the_West_North_America,f4,224,61,0.8715301358000115,0.223549885577069,5.11649616517595e-08,0.19315003385528606,3775045.023387482,False,True,False,True,0.8620927793987538,0.24530137940618385,0.039040460385585465,False,True,-192.18019685970376,-181.50374371954078,21.352906280325954,3.820411599055638e-06,0.8715301358000115,0.223549885577069,5.11649616517595e-08,0.19315003385528606,3775045.023387482,-181.50374371954078,21.352906280325954,3.820411599055638e-06
R_Columbia_River,f4,224,61,0.8237670643890637,0.3215716122247628,1.5556880799843087e-07,0.02051482588878099,131869.78901958233,False,True,False,True,0.8189082636439989,0.33091943040528454,1.029109236435089e-06,False,True,-200.04980493686955,-199.86358032946472,0.37244921480964877,0.5416722537100407,0.8237670643890637,0.3215716122247628,1.5556880799843087e-07,0.02051482588878099,131869.78901958233,-199.86358032946472,0.37244921480964877,0.5416722537100407
R_Congo_River,f4,224,61,0.91395102686102,0.17920907202554928,1.5672810300959442e-08,0.02588470762280488,1651567.7230662517,False,True,False,True,0.9075385118290776,0.1917634140278716,7.269328260886746e-08,True,True,-140.4638478442246,-139.66926198119256,1.5891717260640803,0.20744451097240346,0.91395102686102,0.17920907202554928,1.5672810300959442e-08,0.02588470762280488,1651567.7230662517,-139.66926198119256,1.5891717260640803,0.20744451097240346
R_Danube_River,f4,224,61,0.871405656447172,0.228142067333374,0.05814658051678374,0.061914305851362234,1.0647970233346906,False,False,False,True,0.8713876235965479,0.2280865452169387,0.05923138022229474,False,True,-196.91450537386905,-196.9099270209372,0.00915670586368833,0.923766244770861,0.871405656447172,0.228142067333374,0.05814658051678374,0.061914305851362234,1.0647970233346906,-196.9099270209372,0.00915670586368833,0.923766244770861
R_Dnieper_River,f4,224,61,0.9300053690812212,0.12494012587187094,0.07552249165150018,0.24416580152889256,3.233021000625877,False,False,False,True,0.9406197826063319,0.10568503210683869,0.13770067156810237,False,True,-191.3292276804828,-185.3103350260818,12.037785308802029,0.0005213287544398325,0.9300053690812212,0.12494012587187094,0.07552249165150018,0.24416580152889256,3.233021000625877,-185.3103350260818,12.037785308802029,0.0005213287544398325
R_Don_River,f4,224,61,0.9549767167507307,0.08767761574719352,0.07692542151755266,0.1757603688016555,2.284815153876679,False,False,False,True,0.9564806161179354,0.08524013645984727,0.10607836668908491,False,True,-165.64831329754122,-162.30898456281193,6.678657469458585,0.009757408780166288,0.9549767167507307,0.08767761574719352,0.07692542151755266,0.1757603688016555,2.284815153876679,-162.30898456281193,6.678657469458585,0.009757408780166288
R_Ganges_Bramaputra_Basin,f4,224,61,0.8171658764849232,0.3417698988161984,0.038045827875656225,0.059951845719405684,1.575779765270034,False,False,False,True,0.817477355278784,0.34176898084787244,0.0440877269602698,False,True,-223.71140287275406,-223.62362867229058,0.17554840092697077,0.6752271204164857,0.8171658764849232,0.3417698988161984,0.038045827875656225,0.059951845719405684,1.575779765270034,-223.62362867229058,0.17554840092697077,0.6752271204164857
R_Indus_River,f4,224,61,0.8521525938797996,0.2565617180485555,4.69106410302324e-07,0.1851416900583123,394668.855492711,False,True,False,True,0.8518105913953192,0.26126416386790574,0.047780429947526556,False,True,-201.96584351582808,-193.72271960006714,16.486247831521894,4.900423002283933e-05,0.8521525938797996,0.2565617180485555,4.69106410302324e-07,0.1851416900583123,394668.855492711,-193.72271960006714,16.486247831521894,4.900423002283933e-05
R_Lena_River,f4,224,61,0.8649937305784381,0.21675079749928158,0.07851296166196983,0.07858220002659108,1.0008818717719419,False,False,False,True,0.8649817650700544,0.21677321175713188,0.07851655299343971,False,True,-201.9572623955415,-201.95726138825663,2.0145697590123746e-06,0.9988675186181827,0.8649937305784381,0.21675079749928158,0.07851296166196983,0.07858220002659108,1.0008818717719419,-201.95726138825663,2.0145697590123746e-06,0.9988675186181827
R_Limpopo_River,f4,224,61,0.8389435218159452,0.2849718989487813,1.9226035775638136e-08,0.07255988102656452,3774042.7550076256,False,True,False,True,0.8237203442341242,0.31690181205960966,2.5366551626435747e-09,True,True,-195.274100448871,-193.68936214702487,3.16947660369226,0.07502648603456351,0.8389435218159452,0.2849718989487813,1.9226035775638136e-08,0.07255988102656452,3774042.7550076256,-193.68936214702487,3.16947660369226,0.07502648603456351
R_Mackenzie_River,f4,224,61,0.9124643069894132,0.1625181367500108,1.1883379845003927e-08,0.05701984545195209,4798285.184490225,False,True,False,True,0.9049320139266853,0.17825455083736994,0.006740484598634587,False,True,-139.20876979171933,-135.6272237996452,7.163091984148252,0.007441880592631886,0.9124643069894132,0.1625181367500108,1.1883379845003927e-08,0.05701984545195209,4798285.184490225,-135.6272237996452,7.163091984148252,0.007441880592631886
R_Magdalena_River,f4,224,61,0.8867296173844993,0.18928728998352778,0.11067581256811068,0.07353434300089906,0.6644120453657885,False,False,False,True,0.8874575015363191,0.1878640774146229,0.10142284309975576,False,True,-203.4722687677242,-203.1416510063994,0.6612355226495765,0.4161240959313418,0.8867296173844993,0.18928728998352778,0.11067581256811068,0.07353434300089906,0.6644120453657885,-203.1416510063994,0.6612355226495765,0.4161240959313418
R_Mekong_River,f4,224,61,0.8379573863232687,0.30462431692528147,2.577750927175908e-07,0.03492820776456556,135498.76908717342,False,True,False,True,0.8333533248957847,0.31652670702367375,0.002332928842988225,False,True,-196.6129125723409,-196.1940734935759,0.8376781575299788,0.3600616643159199,0.8379573863232687,0.30462431692528147,2.577750927175908e-07,0.03492820776456556,135498.76908717342,-196.1940734935759,0.8376781575299788,0.3600616643159199
R_Mississippi_River,f4,224,61,0.9180682276350847,0.14904445847970466,0.005291125426567227,0.0063087237214030705,1.1923217109400561,False,False,False,True,0.918151579865508,0.1488961325993867,0.005660153677174807,False,True,-119.43897982806462,-119.43709402685374,0.003771602421750231,0.951030002099818,0.9180682276350847,0.14904445847970466,0.005291125426567227,0.0063087237214030705,1.1923217109400561,-119.43709402685374,0.003771602421750231,0.951030002099818
R_Murray_Darling_River,f4,224,61,0.9046766283626007,0.17341691534165773,7.931702860142276e-08,0.03049184099207979,384429.94562119583,False,True,False,True,0.8983442560258741,0.1873145431031963,1.1679319207135451e-08,True,True,-137.64541905736033,-136.95415098250024,1.3825361497201811,0.23966962077242746,0.9046766283626007,0.17341691534165773,7.931702860142276e-08,0.03049184099207979,384429.94562119583,-136.95415098250024,1.3825361497201811,0.23966962077242746
R_Niger_River,f4,224,61,0.892257321163846,0.1614581809197077,0.17911130778280265,0.39099360280720724,2.182964368064027,False,False,False,True,0.8932291512569334,0.15983797961599944,0.2384524937343206,False,True,-242.79135575425235,-239.61026535304566,6.362180802413377,0.01165781705818094,0.892257321163846,0.1614581809197077,0.17911130778280265,0.39099360280720724,2.182964368064027,-239.61026535304566,6.362180802413377,0.01165781705818094
R_Nile_River,f4,224,61,0.9352531109679895,0.1320698763507768,0.01888323481527543,0.08563751763755692,4.535108442769625,False,False,False,True,0.935055368395877,0.13162264773594398,0.037388754260217504,False,True,-141.29076515385367,-137.93506710852407,6.711396090659207,0.00957986955508911,0.9352531109679895,0.1320698763507768,0.01888323481527543,0.08563751763755692,4.535108442769625,-137.93506710852407,6.711396090659207,0.00957986955508911
R_Ob_River,f4,224,61,0.9391164230263149,0.1410823922116135,0.0077606057430183225,0.014335847073720962,1.8472587770120814,False,False,False,True,0.9385563410709065,0.14219596650066843,0.008936009317279732,False,True,-119.23997523706427,-119.17269512542191,0.13456022328472272,0.7137499216759624,0.9391164230263149,0.1410823922116135,0.0077606057430183225,0.014335847073720962,1.8472587770120814,-119.17269512542191,0.13456022328472272,0.7137499216759624
R_Orange_River,f4,224,61,0.8676536820258849,0.2240494534014666,7.094792423011229e-08,0.1478788059484429,2084328.858851645,False,True,False,True,0.8428972328662532,0.2743502354185325,0.007869066389591362,False,True,-184.48436102666275,-177.76127739916166,13.446167255002194,0.00024550722558714695,0.8676536820258849,0.2240494534014666,7.094792423011229e-08,0.1478788059484429,2084328.858851645,-177.76127739916166,13.446167255002194,0.00024550722558714695
R_Orinoco_River,f4,224,61,0.8631914763695909,0.25002242818053716,0.006882716025836398,5.264082202956616e-10,7.648262957815286e-08,False,False,True,True,0.8594250496068752,0.25836138905406875,2.9931153587841055e-08,True,True,-172.97341989488046,-172.9334788143125,0.07988216113591307,0.7774571658603628,0.8631914763695909,0.25002242818053716,0.006882716025836398,5.264082202956616e-10,7.648262957815286e-08,-172.9334788143125,0.07988216113591307,0.7774571658603628
R_Parana_River,f4,224,61,0.9187733735382839,0.1707279979879238,1.5561090892556462e-09,6.6669214323724205e-12,0.004284353506065243,False,True,True,True,0.9187716197370326,0.1707220764115799,1.2468147038691129e-10,True,True,-127.66325129656069,-127.6632515974307,-6.017400266955519e-07,1.0,0.9187733735382839,0.1707279979879238,1.5561090892556462e-09,6.6669214323724205e-12,0.004284353506065243,-127.6632515974307,-6.017400266955519e-07,1.0
R_Parnaiba_River,f4,224,61,0.8865132615263037,0.22451474707033856,4.114153643077497e-08,1.7240720532880918e-09,0.041905874278395684,False,True,True,True,0.8865058741326872,0.22452382619260358,3.0212223408399924e-13,True,True,-157.71939139952073,-157.71939211749523,-1.4359490023707622e-06,1.0,0.8865132615263037,0.22451474707033856,4.114153643077497e-08,1.7240720532880918e-09,0.041905874278395684,-157.71939211749523,-1.4359490023707622e-06,1.0
R_Rio_Grande_Rio_Bravo,f4,224,61,0.8676695425373099,0.23451140748672542,0.012664669968485375,0.23142718143722932,18.273447473413057,False,False,False,True,0.8467214916900704,0.2938404424553857,0.029449071894684573,False,True,-203.5991094659632,-195.63714753885935,15.923923854207715,6.593994571515325e-05,0.8676695425373099,0.23451140748672542,0.012664669968485375,0.23142718143722932,18.273447473413057,-195.63714753885935,15.923923854207715,6.593994571515325e-05
R_Saint_Lawrence_River,f4,224,61,0.9456995855170118,0.10345442413833135,4.599361334713268e-09,0.03598762694294931,7824483.51499064,False,True,False,True,0.944244485634054,0.10596346828375036,0.008566074643409128,False,True,-89.53015971832752,-86.00468425434096,7.050950927973133,0.007922318284339473,0.9456995855170118,0.10345442413833135,4.599361334713268e-09,0.03598762694294931,7824483.51499064,-86.00468425434096,7.050950927973133,0.007922318284339473
R_Sao_Francisco_River,f4,224,61,0.8850712449283316,0.22453876677938317,8.096627678292023e-09,6.089734195283853e-10,0.07521321761665194,False,True,True,True,0.8850852849293913,0.22455719661298937,1.4097622930664892e-07,True,True,-157.71492248611167,-157.7149216737293,1.6247647636191687e-06,0.998982966660443,0.8850712449283316,0.22453876677938317,8.096627678292023e-09,6.089734195283853e-10,0.07521321761665194,-157.7149216737293,1.6247647636191687e-06,0.998982966660443
R_Saskatchewan_Nelson_Rivers,f4,224,61,0.9480112985929491,0.11738319083482739,1.1159259518684437e-09,0.013862575538272037,12422486.917757688,False,True,False,True,0.9450848259834432,0.12432005172075324,3.50844767269846e-09,True,True,-92.72784621338198,-92.1343415251591,1.1870093764457579,0.2759336315428069,0.9480112985929491,0.11738319083482739,1.1159259518684437e-09,0.013862575538272037,12422486.917757688,-92.1343415251591,1.1870093764457579,0.2759336315428069
R_Senegal_River,f4,224,61,0.7836972051650525,0.2823373496577897,0.07235618451171882,0.6887085113556224,9.51830884952314,False,False,False,True,0.7994474315706813,0.26113571949581454,0.2577006097568731,False,True,-265.94775752545496,-248.94409688811666,34.0073212746766,5.490509027268322e-09,0.7836972051650525,0.2823373496577897,0.07235618451171882,0.6887085113556224,9.51830884952314,-248.94409688811666,34.0073212746766,5.490509027268322e-09
R_Shebelli_Juba_Rivers,f4,224,61,0.7851943118030862,0.3129527843205443,0.08042091585758708,0.3266497887331753,4.061751663107408,False,False,False,True,0.7728223380366772,0.3555957445595417,0.11399334682739987,False,True,-248.95812201132296,-245.02275581377467,7.8707323950965815,0.005024130010256581,0.7851943118030862,0.3129527843205443,0.08042091585758708,0.3266497887331753,4.061751663107408,-245.02275581377467,7.8707323950965815,0.005024130010256581
R_Tigris_Euphrates_River,f4,224,61,0.9418883909540069,0.09500656038380689,0.023400127296955932,0.11162434530825031,4.770245216690392,False,False,False,True,0.9442925751711885,0.09165668314942144,0.050244426325839156,False,True,-127.40644710724906,-120.58052307564955,13.651848063199026,0.00022002465713505306,0.9418883909540069,0.09500656038380689,0.023400127296955932,0.11162434530825031,4.770245216690392,-120.58052307564955,13.651848063199026,0.00022002465713505306
R_Tocantins_River,f4,224,61,0.8192838680346995,0.32914971777803403,1.1300179697809213e-08,5.368961809841161e-09,0.4751218080967377,False,True,True,True,0.8192858829019842,0.3291501042074601,1.88946292864497e-09,True,True,-199.45337269830628,-199.45337294654271,-4.964728645973082e-07,1.0,0.8192838680346995,0.32914971777803403,1.1300179697809213e-08,5.368961809841161e-09,0.4751218080967377,-199.45337294654271,-4.964728645973082e-07,1.0
R_Volga_River,f4,224,61,0.8401284923053252,0.2979172892960699,0.005705096123005495,4.221148764075128e-09,7.398909103483062e-07,False,False,True,True,0.8368618410816079,0.3047498952862476,8.781081368187705e-08,True,True,-191.0907100690764,-191.06831777348842,0.04478459117598277,0.8324006167219136,0.8401284923053252,0.2979172892960699,0.005705096123005495,4.221148764075128e-09,7.398909103483062e-07,-191.06831777348842,0.04478459117598277,0.8324006167219136
R_Volta_River,f4,224,61,0.929803764754451,0.11239470190563057,0.1953963945568194,0.21321017999147646,1.0911674213593383,False,False,False,True,0.9303356060125375,0.11136765952521814,0.2012468776080713,False,True,-218.40701524491374,-218.36674119700422,0.0805480958190401,0.7765560180079704,0.929803764754451,0.11239470190563057,0.1953963945568194,0.21321017999147646,1.0911674213593383,-218.36674119700422,0.0805480958190401,0.7765560180079704
R_Yangtze_River,f4,224,61,0.7269554953864352,0.41577684409229654,0.03065784301529785,0.15899074079673325,5.185972826509648,False,False,False,True,0.6917901397114946,0.5072619842537919,6.105905058392828e-07,True,True,-246.16074836917002,-245.24662481082711,1.8282471166858159,0.17633472769269398,0.7269554953864352,0.41577684409229654,0.03065784301529785,0.15899074079673325,5.185972826509648,-245.24662481082711,1.8282471166858159,0.17633472769269398
R_Yellow_River_Huang_He,f4,224,61,0.8413352715266176,0.24275315398411176,0.13378100570635743,0.2840996367541621,2.123617140222032,False,False,False,True,0.8272148226144714,0.26871653096402726,0.15511546980204638,False,True,-243.17101262986316,-241.47803758057364,3.3859500985790305,0.06575427171654447,0.8413352715266176,0.24275315398411176,0.13378100570635743,0.2840996367541621,2.123617140222032,-241.47803758057364,3.3859500985790305,0.06575427171654447
R_Yenisey_River,f4,224,61,0.888773574933077,0.1978494290050611,0.17070445406590098,0.2502235901651483,1.4658292985638717,False,False,False,True,0.8858640217671095,0.2023302727893448,0.18904600075231537,False,True,-239.74787386468722,-239.20068320754305,1.0943813142883414,0.2955024860678749,0.888773574933077,0.1978494290050611,0.17070445406590098,0.2502235901651483,1.4658292985638717,-239.20068320754305,1.0943813142883414,0.2955024860678749
R_Yukon_River,f4,224,61,0.7230684315355922,0.45924907612527743,2.6769556818427817e-07,0.05483917950669487,204856.50875230136,False,True,False,True,0.7332600662546114,0.4371913048605999,0.03019518282152231,False,True,-240.64226811286204,-240.24638341982774,0.7917693860686086,0.37356563772747764,0.7230684315355922,0.45924907612527743,2.6769556818427817e-07,0.05483917950669487,204856.50875230136,-240.24638341982774,0.7917693860686086,0.37356563772747764
R_Zambezi_River,f4,224,61,0.9265785743976722,0.13414609408708233,0.00587715598679263,1.867136539681035e-09,3.1769388865582876e-07,False,False,True,True,0.9229230588323186,0.14162742324023198,4.877765321720085e-09,True,True,-106.82745351591389,-106.73599526261043,0.18291650660691516,0.6688787292330389,0.9265785743976722,0.13414609408708233,0.00587715598679263,1.867136539681035e-09,3.1769388865582876e-07,-106.73599526261043,0.18291650660691516,0.6688787292330389
C_Aleutians_South_Alaska_Coast,f5,241,78,0.9240675422375914,0.14691050728802185,0.012242084720164454,0.02340216676427667,1.9116161421207918,False,False,False,True,0.9231122816199374,0.14899866430226325,0.014662893684127007,False,True,-139.07533395241788,-138.89214928407574,0.3663693366842722,0.5449899725987899,0.9240675422375914,0.14691050728802185,0.012242084720164454,0.02340216676427667,1.9116161421207918,-138.89214928407574,0.3663693366842722,0.5449899725987899
C_Amazon_River_Delta,f5,241,78,0.8324178935573421,0.3074676868051412,1.051211324387746e-07,0.03746227978565165,356372.49063570256,False,True,False,True,0.8229089581243444,0.32758007502580355,3.246460164914217e-08,True,True,-213.60942092879583,-213.0341486835358,1.1505444905200761,0.2834351977031567,0.8324178935573421,0.3074676868051412,1.051211324387746e-07,0.03746227978565165,356372.49063570256,-213.0341486835358,1.1505444905200761,0.2834351977031567
C_Angola_Coast,f5,241,78,0.8725680133276831,0.18650507444434314,0.10815209486829605,0.3789819447570893,3.5041572261600726,False,False,False,True,0.8516013469481004,0.23227263734917536,0.15795196766457562,False,True,-253.69370214573877,-246.69874010485302,13.989924081771505,0.00018379292807641653,0.8725680133276831,0.18650507444434314,0.10815209486829605,0.3789819447570893,3.5041572261600726,-246.69874010485302,13.989924081771505,0.00018379292807641653
C_Balkan_Peninsula_and_Adriatic_Coast,f5,241,78,0.8440645262554345,0.24090313070777034,0.14100577029310277,0.20194725538830585,1.4321914271205114,False,False,False,True,0.8459746488026451,0.23557283057692874,0.16523054560845302,False,True,-256.7063997274437,-256.24189194183236,0.9290155712226351,0.3351188589872909,0.8440645262554345,0.24090313070777034,0.14100577029310277,0.20194725538830585,1.4321914271205114,-256.24189194183236,0.9290155712226351,0.3351188589872909
C_Banks_Island,f5,241,78,0.9597356399609426,0.012658067332204623,0.29328920432634037,2.0293713864706833,6.919352490767506,False,False,False,True,0.9732826102242801,0.005871553514132978,0.883334079513562,False,True,-334.643650334084,-286.67050385387535,95.94629296041728,1.1804266974895181e-22,0.9597356399609426,0.012658067332204623,0.29328920432634037,2.0293713864706833,6.919352490767506,-286.67050385387535,95.94629296041728,1.1804266974895181e-22
C_Beaufort_Sea_Coast,f5,241,78,0.8394240835684882,0.11171960591239227,0.528922854627645,0.7986957604361715,1.5100420665286685,False,False,False,True,0.8436465163716876,0.10209343892461985,0.6298328545342305,False,True,-322.88702991199693,-321.3038903324213,3.1662791591512587,0.07517352519629378,0.8394240835684882,0.11171960591239227,0.528922854627645,0.7986957604361715,1.5100420665286685,-321.3038903324213,3.1662791591512587,0.07517352519629378
C_Bight_of_Benin_Coast,f5,241,78,0.9153826479851346,0.12575075832898197,0.1486950183907292,0.5435150969994688,3.655234068240686,False,False,False,True,0.9315492723265759,0.09752208257867977,0.304826789323432,False,True,-263.1355224859525,-251.34268822311358,23.585668525677818,1.194740453809869e-06,0.9153826479851346,0.12575075832898197,0.1486950183907292,0.5435150969994688,3.655234068240686,-251.34268822311358,23.585668525677818,1.194740453809869e-06
C_Bismark_Sea_Islands,f5,241,78,0.9021759001858696,0.11441622733518612,0.12536989341399002,0.7253698950663102,5.785838013525552,False,False,False,True,0.9148466323483192,0.1038637550469152,0.3263011855394385,False,True,-269.6058965582358,-247.07283005839497,45.06613299968171,1.904914447313543e-11,0.9021759001858696,0.11441622733518612,0.12536989341399002,0.7253698950663102,5.785838013525552,-247.07283005839497,45.06613299968171,1.904914447313543e-11
C_Borneo,f5,241,78,0.7366138837254539,0.4154192246946074,8.171936445002723e-08,0.15726461427733704,1924447.348994093,False,True,False,True,0.7178308702826421,0.45928000171067623,0.022060926941937387,False,True,-260.8832093514391,-257.4534410400571,6.85953662276404,0.008816941083447175,0.7366138837254539,0.4154192246946074,8.171936445002723e-08,0.15726461427733704,1924447.348994093,-257.4534410400571,6.85953662276404,0.008816941083447175
C_Buor_Khaya_Gulf_Coast,f5,241,78,0.9330748510321599,0.03242150150323259,0.5276843826869378,1.1904514887325885,2.255991512712352,False,False,False,True,0.9239790397595333,0.03866497674121078,0.7309676690231725,False,True,-325.75626078978155,-317.99435793131624,15.52380571693061,8.147274259713939e-05,0.9330748510321599,0.03242150150323259,0.5276843826869378,1.1904514887325885,2.255991512712352,-317.99435793131624,15.52380571693061,8.147274259713939e-05
C_California_and_Baja_California,f5,241,78,0.8922920527689759,0.18771781730438505,0.023723277127586442,0.11391096766225821,4.80165396414805,False,False,False,True,0.8885169934780335,0.19560669815365328,0.047972501342929325,False,True,-191.93874435985086,-188.21528566372473,7.44691739225226,0.006354518749559036,0.8922920527689759,0.18771781730438505,0.023723277127586442,0.11391096766225821,4.80165396414805,-188.21528566372473,7.44691739225226,0.006354518749559036
C_Canadian_South_Arctic_Ocean_Coast,f5,241,78,0.7379940710266699,0.367771218016643,0.20992504488653715,0.17997811511053838,0.8573446546495448,False,False,False,True,0.7441148669801294,0.35617588651876847,0.20879670617199655,False,True,-291.5239642312748,-291.4737981759742,0.10033211060124358,0.7514314517958367,0.7379940710266699,0.367771218016643,0.20992504488653715,0.17997811511053838,0.8573446546495448,-291.4737981759742,0.10033211060124358,0.7514314517958367
C_Capim_River_Delta,f5,241,78,0.8805677904438872,0.2302696077039744,6.363281764513233e-08,0.041110429871986855,646057.0409006813,False,True,False,True,0.8700517794680472,0.25300484521344724,1.801657206240926e-11,True,True,-183.24835046407256,-182.07753817825252,2.341624571640068,0.1259581329613602,0.8805677904438872,0.2302696077039744,6.363281764513233e-08,0.041110429871986855,646057.0409006813,-182.07753817825252,2.341624571640068,0.1259581329613602
C_Carribean_Coast,f5,241,78,0.8926097414116573,0.20136561882501122,0.015973126825509075,0.0005038611666488586,0.03154430388946719,False,False,False,True,0.8907162350714174,0.20575658268367772,0.008219553316769523,False,True,-166.55080442724648,-166.28456739409677,0.5324740662994145,0.46556856392006885,0.8926097414116573,0.20136561882501122,0.015973126825509075,0.0005038611666488586,0.03154430388946719,-166.28456739409677,0.5324740662994145,0.46556856392006885
C_Central_America_Gulf_of_Mexico_Caribbean_Coast,f5,241,78,0.7702321953567108,0.40672443000606406,3.1032127755344444e-11,0.022865840583304264,736844110.838202,False,True,False,True,0.7649344123662134,0.41842953684389755,1.0718865018431822e-08,True,True,-242.2620026604354,-242.16855333085465,0.18689865916149984,0.6655104695286849,0.7702321953567108,0.40672443000606406,3.1032127755344444e-11,0.022865840583304264,736844110.838202,-242.16855333085465,0.18689865916149984,0.6655104695286849
C_Central_American_Pacific_Coast,f5,241,78,0.8687519780764427,0.24843030066447003,0.012411675220553984,0.0688764550137443,5.5493278538003885,False,False,False,True,0.8685343010028216,0.2505633404486898,0.029555181510559685,False,True,-202.93478866289456,-201.524340809173,2.8208957074431282,0.09304446784452552,0.8687519780764427,0.24843030066447003,0.012411675220553984,0.0688764550137443,5.5493278538003885,-201.524340809173,2.8208957074431282,0.09304446784452552
C_Chao_Phraya_River_Gulf_of_Thailand_Coast,f5,241,78,0.8225667085249327,0.33262923664165983,3.056563961345598e-08,0.02246059187766345,734831.4042077358,False,True,False,True,0.8171110503593138,0.3446866570824689,1.5914927833209718e-07,True,True,-219.64574489717253,-219.4514505154346,0.388588763475866,0.5330421417862317,0.8225667085249327,0.33262923664165983,3.056563961345598e-08,0.02246059187766345,734831.4042077358,-219.4514505154346,0.388588763475866,0.5330421417862317
C_Chukchi_Peninsula,f5,241,78,0.6804920117536379,0.25701482032370365,0.3359033201464234,0.893650258505741,2.6604388968712502,False,False,False,True,0.7457367714590829,0.1952731187143091,0.5645825633910043,False,True,-326.21324335205486,-320.12025807645387,12.18597055120199,0.00048150280188216746,0.6804920117536379,0.25701482032370365,0.3359033201464234,0.893650258505741,2.6604388968712502,-320.12025807645387,12.18597055120199,0.00048150280188216746
C_Churchill_Seal_Rivers,f5,241,78,0.9207266766170287,0.143805969516977,0.0012648753621914775,0.11743066043213209,92.83970890908647,False,False,False,True,0.9166194350567315,0.15551857485486265,0.03118960142020044,False,True,-159.6509189437596,-148.63080002716038,22.040237833198432,2.669941349675892e-06,0.9207266766170287,0.143805969516977,0.0012648753621914775,0.11743066043213209,92.83970890908647,-148.63080002716038,22.040237833198432,2.669941349675892e-06
C_Columbia_Ecuador_Pacific_Coast,f5,241,78,0.5109684582458598,0.6644849814818516,4.520219993821592e-07,0.2755125344020397,609511.3396662567,False,True,False,True,0.47127117893832643,0.7739829798581862,2.2242790955957982e-07,True,True,-313.1461649804647,-310.6138727277106,5.064584505508151,0.024419558550922076,0.5109684582458598,0.6644849814818516,4.520219993821592e-07,0.2755125344020397,609511.3396662567,-310.6138727277106,5.064584505508151,0.024419558550922076
C_Crimea_West_Azov_Sea_Coast,f5,241,78,0.823002891869102,0.2271411459393812,0.18396502285480573,0.43408909256473843,2.359628400162475,False,False,False,True,0.8110983730520958,0.2486792685773526,0.247377168511627,False,True,-281.27401810771596,-277.65196507189887,7.244106071634178,0.007113412005494585,0.823002891869102,0.2271411459393812,0.18396502285480573,0.43408909256473843,2.359628400162475,-277.65196507189887,7.244106071634178,0.007113412005494585
C_Cuba,f5,241,78,0.4910909114004101,0.6564066603350082,5.1583147289020734e-06,0.4891012054063704,94818.0231551078,False,False,False,True,0.3951980433181572,0.8472549819166794,1.5859147255101998e-06,False,True,-323.44560383676065,-317.34979389714454,12.191619879232235,0.00048004679513342273,0.4910909114004101,0.6564066603350082,5.1583147289020734e-06,0.4891012054063704,94818.0231551078,-317.34979389714454,12.191619879232235,0.00048004679513342273
C_Deccan_Plateau_East_Indian_Subcontinent_Coast,f5,241,78,0.8859488280987391,0.21913445506620727,0.005588052086674907,0.09633990246685145,17.240337236043406,False,False,False,True,0.8847009531109281,0.22322918059013208,0.032104144072014514,False,True,-193.58370374294205,-189.8423527736135,7.482701938657101,0.006229452234967935,0.8859488280987391,0.21913445506620727,0.005588052086674907,0.09633990246685145,17.240337236043406,-189.8423527736135,7.482701938657101,0.006229452234967935
C_Denmark_Germany_Coast,f5,241,78,0.8888550813183265,0.06300688540740533,0.5019521953157738,1.0487568318673934,2.0893560017356423,False,False,False,True,0.8944117614962742,0.06436986310844105,0.6732981935921966,False,True,-323.2170616974546,-317.4519299475577,11.530263499793818,0.0006847230815328483,0.8888550813183265,0.06300688540740533,0.5019521953157738,1.0487568318673934,2.0893560017356423,-317.4519299475577,11.530263499793818,0.0006847230815328483
C_East_Australia_Coast,f5,241,78,0.8632619692112292,0.2535752706278099,5.22665970207814e-08,0.062138444799212565,1188874.890295729,False,True,False,True,0.8480578784595301,0.28613721465765785,1.6207066367358635e-07,True,True,-197.7021472760343,-196.1794733830854,3.0453477858978317,0.0809687712625499,0.8632619692112292,0.2535752706278099,5.22665970207814e-08,0.062138444799212565,1188874.890295729,-196.1794733830854,3.0453477858978317,0.0809687712625499
C_East_Azov_Sea_Northeast_Black_Sea_Coast,f5,241,78,0.895636380829546,0.09722769477559733,0.17904040001557595,0.9561466927090474,5.340396316283172,False,False,False,True,0.8504972891388635,0.16787529427499542,0.3522094994678258,False,True,-289.07165234245423,-265.61021925105393,46.92286618280059,7.383619152076209e-12,0.895636380829546,0.09722769477559733,0.17904040001557595,0.9561466927090474,5.340396316283172,-265.61021925105393,46.92286618280059,7.383619152076209e-12
C_East_Barents_Sea_Coast,f5,241,78,0.724109269253739,0.4717359283463232,3.545891364759391e-07,0.08177749081116731,230626.04687754266,False,True,False,True,0.7076650025926938,0.5104881894564917,1.2388680830646105e-08,True,True,-265.476289297281,-264.7793295734922,1.393919447577673,0.23774431237837157,0.724109269253739,0.4717359283463232,3.545891364759391e-07,0.08177749081116731,230626.04687754266,-264.7793295734922,1.393919447577673,0.23774431237837157
C_East_Beaufort_Sea_Amundsen_Gulf_Coast,f5,241,78,0.7905957179596833,0.18339024463035533,0.32283464537316436,0.898462048013707,2.7830409805464815,False,False,False,True,0.4267280721025649,0.8016573400836808,1.8774235665426096e-07,True,True,-317.02264916079935,-310.14438871198826,13.756520897622181,0.000208097163527571,0.7905957179596833,0.18339024463035533,0.32283464537316436,0.898462048013707,2.7830409805464815,-310.14438871198826,13.756520897622181,0.000208097163527571
C_East_Brazil_South_Atlantic_Coast,f5,241,78,0.881679415383484,0.21302062765167323,0.08931319429870284,0.038065356687051424,0.42620082044926116,False,False,False,True,0.8704841367552092,0.23685628846290588,0.05624930051317933,False,True,-213.15185834881837,-212.25568962440082,1.7923374488350987,0.18064162729847955,0.881679415383484,0.21302062765167323,0.08931319429870284,0.038065356687051424,0.42620082044926116,-212.25568962440082,1.7923374488350987,0.18064162729847955
C_East_Caspian_Sea_Coast,f5,241,78,0.9808761966250589,0.04431544164668128,0.13552551361902357,0.3842644306877051,2.835365979633272,False,False,False,True,0.9799769579641423,0.04529348802105266,0.2150407262556117,False,True,-213.0669121719966,-202.90058405380634,20.3326562363805,6.5080309729495395e-06,0.9808761966250589,0.04431544164668128,0.13552551361902357,0.3842644306877051,2.835365979633272,-202.90058405380634,20.3326562363805,6.5080309729495395e-06
C_East_Central_Africa_Coast,f5,241,78,0.9135649563504777,0.1588051805315202,0.003419588466928682,0.1773529525747282,51.86382931453109,False,False,False,True,0.913094948510079,0.16161123360345922,0.058091973921274256,False,True,-183.89923944334328,-168.42085833009594,30.956762226494675,2.6384119950207947e-08,0.9135649563504777,0.1588051805315202,0.003419588466928682,0.1773529525747282,51.86382931453109,-168.42085833009594,30.956762226494675,2.6384119950207947e-08
C_East_China_Coast,f5,241,78,0.7879413117943793,0.2508560798926462,0.1854693082941143,0.6024274240828087,3.248124606835158,False,False,False,True,0.775636130764584,0.2824297091866078,0.2927237593942355,False,True,-296.93974426715465,-289.80607741319955,14.267333707910211,0.00015859345922619503,0.7879413117943793,0.2508560798926462,0.1854693082941143,0.6024274240828087,3.248124606835158,-289.80607741319955,14.267333707910211,0.00015859345922619503
C_East_Hudson_Bay_Coast,f5,241,78,0.8188165800367859,0.2439434121048186,0.07998313485802598,0.5612333030316412,7.016895549641284,False,False,False,True,0.8433734091393094,0.22226504220767265,0.24832389011025036,False,True,-277.25101517667355,-262.38447178937673,29.73308677459363,4.958131745523916e-08,0.8188165800367859,0.2439434121048186,0.07998313485802598,0.5612333030316412,7.016895549641284,-262.38447178937673,29.73308677459363,4.958131745523916e-08
C_East_Mediterranean_Coast,f5,241,78,0.8917511250347719,0.16411570398370795,0.082424676131559,0.38651189235685685,4.689274019590209,False,False,False,True,0.9092185308843865,0.13257379267739883,0.20868039933755222,False,True,-243.62405172294396,-231.7025837538324,23.842935938223093,1.0452475453202853e-06,0.8917511250347719,0.16411570398370795,0.082424676131559,0.38651189235685685,4.689274019590209,-231.7025837538324,23.842935938223093,1.0452475453202853e-06
C_East_Mississippi_Delta,f5,241,78,0.8613799589080952,0.21819959809982534,0.08430426103103072,0.16931167365060593,2.008340641148443,False,False,False,True,0.8667296797789368,0.20930045909413672,0.11851368911616078,False,True,-232.64379607952176,-231.26162703083523,2.76433809737307,0.09638654737269967,0.8613799589080952,0.21819959809982534,0.08430426103103072,0.16931167365060593,2.008340641148443,-231.26162703083523,2.76433809737307,0.09638654737269967
C_East_Nile_Delta,f5,241,78,0.9544990646281423,0.03319329479564337,0.5630652191942593,0.8617487282297925,1.5304598807629182,False,False,False,True,0.9605319032284267,0.02824404977806077,0.6694904844446179,False,True,-315.5725743847731,-313.5399556974712,4.065237374603726,0.04377453212823486,0.9544990646281423,0.03319329479564337,0.5630652191942593,0.8617487282297925,1.5304598807629182,-313.5399556974712,4.065237374603726,0.04377453212823486
C_East_Ob_Bay_Coast,f5,241,78,0.8674997475939132,0.16778558511035824,0.3361931536347927,0.3160937418595116,0.9402146904005216,False,False,False,True,0.8668584187701074,0.16896936610274943,0.3285316632080335,False,True,-285.22774193064026,-285.2037595721464,0.0479647169877353,0.8266434372763753,0.8674997475939132,0.16778558511035824,0.3361931536347927,0.3160937418595116,0.9402146904005216,-285.2037595721464,0.0479647169877353,0.8266434372763753
C_East_Red_Sea_North_Gulf_of_Aden_Coast,f5,241,78,0.6494521098520345,0.2576761824554322,0.2765442623697613,0.9862747287776178,3.566426294026275,False,False,False,True,0.4122065743248203,0.7913661849045622,0.03631026057001267,False,True,-321.4885817887555,-313.0896121600148,16.797939257481403,4.1578430503554064e-05,0.6494521098520345,0.2576761824554322,0.2765442623697613,0.9862747287776178,3.566426294026275,-313.0896121600148,16.797939257481403,4.1578430503554064e-05
C_East_Timor_Islands,f5,241,78,0.409529299300135,0.6673264064318102,9.957993144093345e-07,0.5509729443275361,553297.1717844068,False,True,False,True,0.37152406122018633,0.8597744876851612,1.258690594780819e-07,True,True,-325.03780162899557,-319.784048718847,10.507505820297183,0.001188906225321684,0.409529299300135,0.6673264064318102,9.957993144093345e-07,0.5509729443275361,553297.1717844068,-319.784048718847,10.507505820297183,0.001188906225321684
C_Ellef_Ringnes_Bathurst_Devon_Islands,f5,241,78,0.9693762266400867,0.055142125009145435,0.18082485764853715,0.1559392767344901,0.8623774339564737,False,False,False,True,0.9694714600870334,0.055165149212938754,0.1726641676781003,False,True,-198.48044627442167,-198.31717675029333,0.32653904825667723,0.5677041638211512,0.9693762266400867,0.055142125009145435,0.18082485764853715,0.1559392767344901,0.8623774339564737,-198.31717675029333,0.32653904825667723,0.5677041638211512
C_Ellesmere_Island,f5,241,78,0.9378753027145008,0.12348100232652998,0.01613207957437202,0.013494429998658793,0.8364966175902401,False,False,False,True,0.9371969965414821,0.12483215956102682,0.01444707885970806,False,True,-121.2019237967782,-121.18960901248624,0.024629568583918626,0.8752936290376182,0.9378753027145008,0.12348100232652998,0.01613207957437202,0.013494429998658793,0.8364966175902401,-121.18960901248624,0.024629568583918626,0.8752936290376182
C_Great_Britain,f5,241,78,0.7254589530998118,0.16304940830159217,0.3297382473814349,1.1909847493605408,3.611909624735866,False,False,False,True,0.8623787006387269,0.08765578845811788,0.6561012544254322,False,True,-324.594743100768,-311.6867738239384,25.815938553659294,3.755742169565303e-07,0.7254589530998118,0.16304940830159217,0.3297382473814349,1.1909847493605408,3.611909624735866,-311.6867738239384,25.815938553659294,3.755742169565303e-07
C_Greater_Dniester_Basin,f5,241,78,0.9068669097809201,0.1713615373293556,0.06997338912324842,0.20977019013444112,2.9978566532622852,False,False,False,True,0.900713455315166,0.18198697809207953,0.10766862728975797,False,True,-220.17338363108362,-215.8174224007467,8.711922460673861,0.0031613564817335655,0.9068669097809201,0.1713615373293556,0.06997338912324842,0.20977019013444112,2.9978566532622852,-215.8174224007467,8.711922460673861,0.0031613564817335655
C_Gulf_of_Darien_Coast,f5,241,78,0.8598289260930327,0.21331370652578624,0.15562094618163805,0.20275060885688123,1.302849094749972,False,False,False,True,0.8590809503976237,0.21455414087496774,0.17012383640692785,False,True,-253.12813694286922,-252.85077381453095,0.5547262566765312,0.4563929528535078,0.8598289260930327,0.21331370652578624,0.15562094618163805,0.20275060885688123,1.302849094749972,-252.85077381453095,0.5547262566765312,0.4563929528535078
C_Gulf_of_Guinea_Coast,f5,241,78,0.8188532835354938,0.29648901407641143,0.03712432962158267,0.22913863441721047,6.172195882131108,False,False,False,True,0.7727728280133067,0.39258815585099976,0.032148861050845697,False,True,-248.54675999834743,-244.18491121856317,8.723697559568507,0.0031410037206684033,0.8188532835354938,0.29648901407641143,0.03712432962158267,0.22913863441721047,6.172195882131108,-244.18491121856317,8.723697559568507,0.0031410037206684033
C_Gydan_Bay_Coast,f5,241,78,0.8580530623821425,0.0961716469475379,0.5771546662953663,0.7695900361738773,1.3334207988193407,False,False,False,True,0.8564963324541263,0.09628955444831652,0.6402913939239292,False,True,-323.97164994794224,-323.17701738532776,1.5892651252289625,0.20743115834080927,0.8580530623821425,0.0961716469475379,0.5771546662953663,0.7695900361738773,1.3334207988193407,-323.17701738532776,1.5892651252289625,0.20743115834080927
C_Hainan,f5,241,78,0.7389605822940502,0.21563971428918463,0.23595041685116175,1.1483308413284914,4.866831161620121,False,False,False,True,0.7999000289916515,0.14247540328607816,0.6010252939733391,False,True,-324.6483673375026,-307.0139009730741,35.26893272885695,2.8717671910221806e-09,0.7389605822940502,0.21563971428918463,0.23595041685116175,1.1483308413284914,4.866831161620121,-307.0139009730741,35.26893272885695,2.8717671910221806e-09
C_Halmahera_Islands,f5,241,78,0.8250360595727156,0.2109029472734612,0.13772036309471108,0.7230084504198855,5.2498296851183035,False,False,False,True,0.8133926436064148,0.23327458566709558,0.30930673273038123,False,True,-292.42293877211074,-276.48150199419837,31.882873555824744,1.637546428556166e-08,0.8250360595727156,0.2109029472734612,0.13772036309471108,0.7230084504198855,5.2498296851183035,-276.48150199419837,31.882873555824744,1.637546428556166e-08
C_Hispaniola,f5,241,78,0.9721491753991047,0.01286194033613407,0.7880915703334315,0.7573992641539136,0.9610548985233628,False,False,False,True,0.9719690157625847,0.012960689020344893,0.7778540095962679,False,True,-325.18578317953364,-325.16718817643977,0.03719000618775681,0.8470787108215594,0.9721491753991047,0.01286194033613407,0.7880915703334315,0.7573992641539136,0.9610548985233628,-325.16718817643977,0.03719000618775681,0.8470787108215594
C_Hokkaido,f5,241,78,0.7472039169095699,0.10681825315098666,0.30996251807369435,1.6601767668914593,5.356056523249524,False,False,False,True,0.8889006716869275,0.038940463085402666,0.8084090690381593,False,True,-333.96094891441624,-307.0571102676941,53.80767729344427,2.2110704330580433e-13,0.7472039169095699,0.10681825315098666,0.30996251807369435,1.6601767668914593,5.356056523249524,-307.0571102676941,53.80767729344427,2.2110704330580433e-13
C_Hub_Porali_Basin,f5,241,78,0.7947039139129511,0.2922409526480776,0.02281152032319613,0.45951219503274365,20.143865403196468,False,False,False,True,0.8195009209221066,0.26580265709823203,0.18124541948399644,False,True,-268.1127945223307,-251.4724704648805,33.28064811490043,7.977254288685374e-09,0.7947039139129511,0.2922409526480776,0.02281152032319613,0.45951219503274365,20.143865403196468,-251.4724704648805,33.28064811490043,7.977254288685374e-09
C_Iberian_Atlantic_Coast,f5,241,78,0.8140689846490872,0.2979436787012894,0.04834294679129194,0.2503537554284371,5.178702831444556,False,False,False,True,0.7910863121934774,0.34318864799445437,0.08189043928005443,False,True,-254.56838839225915,-249.70489583233172,9.726985119854874,0.0018158209418951028,0.8140689846490872,0.2979436787012894,0.04834294679129194,0.2503537554284371,5.178702831444556,-249.70489583233172,9.726985119854874,0.0018158209418951028
C_Iceland,f5,241,78,0.9187429767071574,0.1258488455264277,0.1780650727398271,0.24248052657745414,1.361752323723503,False,False,False,True,0.9207014016043902,0.12186995705085342,0.20274249951306517,False,True,-238.52313481643245,-237.94366397044737,1.158941691970142,0.2816851323597783,0.9187429767071574,0.1258488455264277,0.1780650727398271,0.24248052657745414,1.361752323723503,-237.94366397044737,1.158941691970142,0.2816851323597783
C_India_West_Coast,f5,241,78,0.8604978643262633,0.2545579434805028,0.10967888009326877,0.10489757001480822,0.9564062828286118,False,False,False,True,0.8608232770110555,0.253828664360379,0.10862109965473875,False,True,-242.57735449663602,-242.57338678418233,0.00793542490737309,0.9290175356143007,0.8604978643262633,0.2545579434805028,0.10967888009326877,0.10489757001480822,0.9564062828286118,-242.57338678418233,0.00793542490737309,0.9290175356143007
C_Indian_Ocean_Africa_Coast,f5,241,78,0.7653522287069341,0.4075711254629456,9.273891156011015e-08,0.02487873839580933,268266.4480020751,False,True,False,True,0.7590777746556594,0.4204314879346457,7.807275472672771e-08,True,True,-242.7572474588369,-242.57926345923997,0.3559679991938651,0.5507540777841227,0.7653522287069341,0.4075711254629456,9.273891156011015e-08,0.02487873839580933,268266.4480020751,-242.57926345923997,0.3559679991938651,0.5507540777841227
C_Ireland,f5,241,78,0.3611382788177887,0.3972901512386139,0.2993307993689687,1.028542785135327,3.436140842518175,False,False,False,True,0.3342973740185945,0.4664915662989989,0.4699802791610006,False,True,-337.76125266242457,-330.4467048849491,14.629095554950936,0.0001308782536141199,0.3611382788177887,0.3972901512386139,0.2993307993689687,1.028542785135327,3.436140842518175,-330.4467048849491,14.629095554950936,0.0001308782536141199
C_Irrawaddy_Sittang_Salween_Basin,f5,241,78,0.6970381301380775,0.509599243524594,0.02806268055477066,3.011147396371725e-09,1.0730077586475714e-07,False,False,True,True,0.6827821890078193,0.5368967919574399,7.4862849528095825e-06,False,True,-271.2434821866687,-271.1339248730625,0.21911462721243424,0.6397153575885814,0.6970381301380775,0.509599243524594,0.02806268055477066,3.011147396371725e-09,1.0730077586475714e-07,-271.1339248730625,0.21911462721243424,0.6397153575885814
C_Jamaica,f5,241,78,0.2733775232548901,0.8097884106827358,1.2047557670966541e-06,0.4147590100522966,344268.1258557708,False,False,False,True,0.22778323587299834,0.9523002963631234,1.7257106942465943e-06,False,True,-336.5685774251963,-333.9840612903579,5.169032269676791,0.02299302132287666,0.2733775232548901,0.8097884106827358,1.2047557670966541e-06,0.4147590100522966,344268.1258557708,-333.9840612903579,5.169032269676791,0.02299302132287666
C_Japan,f5,241,78,0.9490691821977932,0.08360949950101408,0.17132016205314565,0.2805856309854736,1.6377852298460496,False,False,False,True,0.9570488228987583,0.06953361067677308,0.22165999511020015,False,True,-226.6063356543423,-224.9219852293882,3.36870084990818,0.06644613356001867,0.9490691821977932,0.08360949950101408,0.17132016205314565,0.2805856309854736,1.6377852298460496,-224.9219852293882,3.36870084990818,0.06644613356001867
C_Java,f5,241,78,0.677615136488698,0.5230531205525606,2.8701232949525917e-08,0.08270203544365076,2881480.234284389,False,True,False,True,0.6575614638969238,0.5628381437726946,1.8450236374423704e-06,False,True,-276.64178268174214,-275.7271618162073,1.8292417310697147,0.17621713468424377,0.677615136488698,0.5230531205525606,2.8701232949525917e-08,0.08270203544365076,2881480.234284389,-275.7271618162073,1.8292417310697147,0.17621713468424377
C_Kamchatka_Peninsula,f5,241,78,0.6653938103662567,0.5163031885430568,3.96880513193859e-08,0.3484924311140161,8780789.671671096,False,True,False,True,0.6015224465940198,0.6618521814046202,1.0130117615657258e-06,False,True,-295.5423440911275,-290.37311148596365,10.33846521032774,0.0013028629966996069,0.6653938103662567,0.5163031885430568,3.96880513193859e-08,0.3484924311140161,8780789.671671096,-290.37311148596365,10.33846521032774,0.0013028629966996069
C_La_Plata_Delta,f5,241,78,0.9434052545852111,0.11423364542712798,0.09472702055484888,0.20181396906241117,2.1304794332210286,False,False,False,True,0.9417827645587611,0.11590721916790758,0.12824825784762406,False,True,-205.6789383459229,-202.70305732030354,5.951762051238688,0.014702582621706237,0.9434052545852111,0.11423364542712798,0.09472702055484888,0.20181396906241117,2.1304794332210286,-202.70305732030354,5.951762051238688,0.014702582621706237
C_Labrador_Sea_Coast,f5,241,78,0.9163407169737712,0.10073466836365404,0.25447263854202745,0.6077043705359504,2.388093171893547,False,False,False,True,0.6635257332267069,0.5571138459124788,9.081632162666348e-08,True,True,-275.4708276328975,-272.9456362961787,5.050382673437639,0.024620500203844518,0.9163407169737712,0.10073466836365404,0.25447263854202745,0.6077043705359504,2.388093171893547,-272.9456362961787,5.050382673437639,0.024620500203844518
C_Madagascar,f5,241,78,0.7206042155679606,0.4335180458693175,0.00227204009855004,0.2902614564010613,127.75366798600915,False,False,False,True,0.7323900342045014,0.4388421928996882,0.08875854918569685,False,True,-277.4909326180355,-271.16362050033007,12.654624235410893,0.00037463788573305037,0.7206042155679606,0.4335180458693175,0.00227204009855004,0.2902614564010613,127.75366798600915,-271.16362050033007,12.654624235410893,0.00037463788573305037
C_Malaysian_Peninsula_Coast,f5,241,78,0.9581707555071579,0.07019589219022798,0.10285104323180741,0.1257825815945188,1.2229587337391212,False,False,False,True,0.9583042252636566,0.06986677457104114,0.11065220522282837,False,True,-171.26433293798763,-171.0160175798439,0.4966307162874841,0.48098430905592715,0.9581707555071579,0.07019589219022798,0.10285104323180741,0.1257825815945188,1.2229587337391212,-171.0160175798439,0.4966307162874841,0.48098430905592715
C_Maluku,f5,241,78,0.6804946384251599,0.39978525060739684,1.6073043132933177e-07,0.7402825245867135,4605739.675207472,False,True,False,True,0.5600049570010139,0.6835755648132891,1.2173474608726123e-07,True,True,-299.00485197719775,-280.81383721897265,36.38202951645019,1.6219177731194684e-09,0.6804946384251599,0.39978525060739684,1.6073043132933177e-07,0.7402825245867135,4605739.675207472,-280.81383721897265,36.38202951645019,1.6219177731194684e-09
C_Melville_Prince_Patrick_Islands,f5,241,78,0.9717123864421335,0.0357920008359215,0.21338325569410035,0.8604933085781532,4.0326187065574155,False,False,False,True,0.9667961270515663,0.051211564656285166,0.391426169375533,False,True,-271.4701462753163,-251.03819253397378,40.86390748268508,1.6320765077558134e-10,0.9717123864421335,0.0357920008359215,0.21338325569410035,0.8604933085781532,4.0326187065574155,-251.03819253397378,40.86390748268508,1.6320765077558134e-10
C_Namibia_Coast,f5,241,78,0.8369597692464995,0.25850188696280235,0.08984763957946838,0.20406540029408093,2.271238301297713,False,False,False,True,0.8223797389994443,0.28561613370759115,0.10747165663005553,False,True,-249.4580162949939,-247.83994577154965,3.2361410468885197,0.07203011042455852,0.8369597692464995,0.25850188696280235,0.08984763957946838,0.20406540029408093,2.271238301297713,-247.83994577154965,3.2361410468885197,0.07203011042455852
C_Neva_River_Finland_Coast,f5,241,78,0.8155923286569344,0.29723951009653343,0.09259147428724727,0.12103857381133869,1.3072323855200723,False,False,False,True,0.817071908029499,0.29351182969044426,0.10461928082403564,False,True,-250.38027315303424,-250.25243748460568,0.2556713368571195,0.6131097240723589,0.8155923286569344,0.29723951009653343,0.09259147428724727,0.12103857381133869,1.3072323855200723,-250.25243748460568,0.2556713368571195,0.6131097240723589
C_New_Brunswick_and_Nova_Scotia_Coast,f5,241,78,0.7580575448811567,0.19598300844784813,0.5236210776413184,0.5891593329790032,1.1251635163979756,False,False,False,True,0.7619382378619843,0.19021776683765643,0.5505513335072769,False,True,-324.1171457106734,-324.0167509857032,0.20078944994043013,0.6540843779803208,0.7580575448811567,0.19598300844784813,0.5236210776413184,0.5891593329790032,1.1251635163979756,-324.0167509857032,0.20078944994043013,0.6540843779803208
C_New_Siberian_Islands,f5,241,78,0.5392105783260467,0.31209507852592483,0.5615995859638171,0.5842619255204133,1.040353198476283,False,False,False,True,0.5393163229581563,0.3072247246910274,0.5742139322628783,False,True,-335.94992723275743,-335.9415858165301,0.016682832454648633,0.8972294326179613,0.5392105783260467,0.31209507852592483,0.5615995859638171,0.5842619255204133,1.040353198476283,-335.9415858165301,0.016682832454648633,0.8972294326179613
C_New_Zealand_North_Island,f5,241,78,0.8260936239737675,0.1618218047189232,0.2601198859938207,0.884562607428272,3.4005958600538726,False,False,False,True,0.872835870525422,0.11172151381566202,0.5092337972912616,False,True,-307.6731532125105,-296.30497360676947,22.736359211482068,1.858184749261492e-06,0.8260936239737675,0.1618218047189232,0.2601198859938207,0.884562607428272,3.4005958600538726,-296.30497360676947,22.736359211482068,1.858184749261492e-06
C_New_Zealand_South_Island,f5,241,78,0.4216046663594326,0.44697230614858763,0.17234171849225707,1.023914661767365,5.941188649649952,False,False,False,True,0.35124182691506806,0.5852784061158325,0.3249562616251663,False,True,-334.5642874562275,-323.2729198937654,22.58273512492417,2.0128534453064597e-06,0.4216046663594326,0.44697230614858763,0.17234171849225707,1.023914661767365,5.941188649649952,-323.2729198937654,22.58273512492417,2.0128534453064597e-06
C_Nigerian_Delta,f5,241,78,0.3545003047421971,0.5305021596810977,2.8976385259828115e-07,1.1304969516807855,3901442.3004931137,False,True,False,True,0.2924268229512089,0.9071383680588913,8.017602548153502e-08,True,True,-331.02966828479225,-312.2527306895133,37.55387519055785,8.892257769893415e-10,0.3545003047421971,0.5305021596810977,2.8976385259828115e-07,1.1304969516807855,3901442.3004931137,-312.2527306895133,37.55387519055785,8.892257769893415e-10
C_North_Argentina_South_Atlantic_Coast,f5,241,78,0.9424096562751751,0.12458430535106371,0.042335033258080544,0.08287370663836609,1.9575680059858669,False,False,False,True,0.942060714230767,0.12518445869320824,0.05514783700615464,False,True,-163.61037159195357,-162.44472373124628,2.3312957214145626,0.1267962953017062,0.9424096562751751,0.12458430535106371,0.042335033258080544,0.08287370663836609,1.9575680059858669,-162.44472373124628,2.3312957214145626,0.1267962953017062
C_North_Australia_Coast,f5,241,78,0.8358035034337328,0.2908536306660296,0.032444413093671076,3.28102869315144e-08,1.011276944254994e-06,False,False,True,True,0.8190956257733671,0.3258687294672874,9.670000491989935e-09,True,True,-212.9196576315619,-212.40375352997685,1.031808203170101,0.3097343508361257,0.8358035034337328,0.2908536306660296,0.032444413093671076,3.28102869315144e-08,1.011276944254994e-06,-212.40375352997685,1.031808203170101,0.3097343508361257
C_North_Baffin_Island_Coast,f5,241,78,0.9749868797733199,0.03906370480224638,0.18238095561206474,0.2320658380060964,1.2724236323210982,False,False,False,True,0.9751353367938572,0.03875419801482898,0.19896242085078725,False,True,-200.91289419617885,-200.39067570810343,1.0444369761508483,0.30679178922209965,0.9749868797733199,0.03906370480224638,0.18238095561206474,0.2320658380060964,1.2724236323210982,-200.39067570810343,1.0444369761508483,0.30679178922209965
C_North_Brazil_South_Atlantic_Coast,f5,241,78,0.9079015647242732,0.1836966517393578,0.026739397297616364,0.057954127168267346,2.1673684908909134,False,False,False,True,0.9091572598859711,0.18099559363893641,0.03871909026706351,False,True,-179.4247446095276,-178.7828646102595,1.2837599985361976,0.2572010960279306,0.9079015647242732,0.1836966517393578,0.026739397297616364,0.057954127168267346,2.1673684908909134,-178.7828646102595,1.2837599985361976,0.2572010960279306
C_North_Caspian_Sea_Coast,f5,241,78,0.9169041147481817,0.13994092655698837,0.10477228796110997,0.28259491984600804,2.6972296333826686,False,False,False,True,0.9165183985256851,0.1393102361973947,0.16330997878849932,False,True,-229.58841403919345,-224.35643172623276,10.463964625921392,0.0012172575224552627,0.9169041147481817,0.13994092655698837,0.10477228796110997,0.28259491984600804,2.6972296333826686,-224.35643172623276,10.463964625921392,0.0012172575224552627
C_North_Chile_South_Pacific_Coast,f5,241,78,0.9247484948544948,0.10574680217316938,0.23577557087733494,0.37223958001444474,1.5787877371235666,False,False,False,True,0.9199437629066026,0.11411775600006255,0.27152310267242397,False,True,-258.2871883203681,-256.7725469872612,3.029282666213817,0.08177416229998648,0.9247484948544948,0.10574680217316938,0.23577557087733494,0.37223958001444474,1.5787877371235666,-256.7725469872612,3.029282666213817,0.08177416229998648
C_North_East_Bay_of_Bengal_Coast,f5,241,78,0.6232480960871633,0.5691157364449572,1.816180584693695e-06,0.2235983329005113,123114.592670432,False,False,False,True,0.6058789484653465,0.661100505998431,3.396041700193463e-07,True,True,-295.462996311979,-293.3650074255257,4.1959777729066445,0.040519980042905517,0.6232480960871633,0.5691157364449572,1.816180584693695e-06,0.2235983329005113,123114.592670432,-293.3650074255257,4.1959777729066445,0.040519980042905517
C_North_East_Siberian_Sea_Coast,f5,241,78,0.9382898700237401,0.1317754915188202,0.182210173997946,0.24887828331226391,1.365885767251775,False,False,False,True,0.9394352653627794,0.12861638299509584,0.20692933804743935,False,True,-244.19968412949,-243.5959113694546,1.2075455200708234,0.2718187707156297,0.9382898700237401,0.1317754915188202,0.182210173997946,0.24887828331226391,1.365885767251775,-243.5959113694546,1.2075455200708234,0.2718187707156297
C_North_Gulf_of_Oman_Coast,f5,241,78,0.7585604033027635,0.37243083807721183,3.446643570403815e-08,0.30818626627028617,8941634.374864545,False,True,False,True,0.7300277033619447,0.43562408614260245,0.05559269546862262,False,True,-266.6663289472785,-257.0261232398721,19.28041141481276,1.1285829457153931e-05,0.7585604033027635,0.37243083807721183,3.446643570403815e-08,0.30818626627028617,8941634.374864545,-257.0261232398721,19.28041141481276,1.1285829457153931e-05
C_North_Korea_Bay_Korean_Peninsula,f5,241,78,0.9363460115667657,0.11835243317048111,0.11031852392578234,0.10983173609493359,0.9955874334288932,False,False,False,True,0.9363606891306002,0.11831737829852179,0.11018758957079076,False,True,-196.65244475209252,-196.65236555922263,0.00015838573978044224,0.9899587764501303,0.9363460115667657,0.11835243317048111,0.11031852392578234,0.10983173609493359,0.9955874334288932,-196.65236555922263,0.00015838573978044224,0.9899587764501303
C_North_Siberia_Coast,f5,241,78,0.9296459136492441,0.08418202372799868,0.4186037382325905,0.27400765729961585,0.6545752755494215,False,False,False,True,0.9304739678252207,0.08411695647656281,0.3714173058383611,False,True,-275.67727328457244,-274.2450080944668,2.8645303802112494,0.09055213606611645,0.9296459136492441,0.08418202372799868,0.4186037382325905,0.27400765729961585,0.6545752755494215,-274.2450080944668,2.8645303802112494,0.09055213606611645
C_North_St_Lawrence_Seaway_Coast,f5,241,78,0.7295813712694109,0.4338250450055255,8.812816620387444e-06,0.22829190259235285,25904.533411511777,False,False,False,True,0.8144547803711029,0.2775470187181597,0.1836146108088275,False,True,-271.4275674364365,-267.03701847701905,8.781097918834917,0.0030436794791065015,0.7295813712694109,0.4338250450055255,8.812816620387444e-06,0.22829190259235285,25904.533411511777,-267.03701847701905,8.781097918834917,0.0030436794791065015
C_North_Vietnam_South_China_Coast,f5,241,78,0.8260855025671932,0.3091488763092773,5.731573638761585e-08,0.050276734320541985,877189.0145584036,False,True,False,True,0.8145898300363767,0.33532244775282494,7.968941138984882e-08,True,True,-216.29799546184915,-215.53498016100022,1.5260306016978689,0.21670915958706524,0.8260855025671932,0.3091488763092773,5.731573638761585e-08,0.050276734320541985,877189.0145584036,-215.53498016100022,1.5260306016978689,0.21670915958706524
C_North_West_Africa_Coast,f5,241,78,0.9588374836980489,0.05643570439096046,0.2847409439588736,0.579424273235506,2.034917301247673,False,False,False,True,0.959383475225753,0.05533093208882839,0.38178749669952666,False,True,-270.02052585454027,-265.0882579315134,9.864535846053741,0.0016849518005498567,0.9588374836980489,0.05643570439096046,0.2847409439588736,0.579424273235506,2.034917301247673,-265.0882579315134,9.864535846053741,0.0016849518005498567
C_Northeast_South_America_Coast,f5,241,78,0.9093678949171653,0.1629965784911206,1.037563983500566e-09,0.036078871633015534,34772671.57182105,False,True,False,True,0.8995378796394069,0.1829188006129973,7.0082626309620635e-09,True,True,-144.69342087636122,-143.1859984315462,3.0148448896300124,0.08250534790982597,0.9093678949171653,0.1629965784911206,1.037563983500566e-09,0.036078871633015534,34772671.57182105,-143.1859984315462,3.0148448896300124,0.08250534790982597
C_Northwest_Hudson_Bay_Coast,f5,241,78,0.7958272335405404,0.3231568733327464,4.2917235931196945e-09,0.26708563568417976,62232720.69812694,False,True,False,True,0.7371925924442086,0.44861616764464596,5.574625816713678e-10,True,True,-250.28351073975026,-240.98252073035704,18.601980018786435,1.6105318740616545e-05,0.7958272335405404,0.3231568733327464,4.2917235931196945e-09,0.26708563568417976,62232720.69812694,-240.98252073035704,18.601980018786435,1.6105318740616545e-05
C_Northwest_Mediterranean_Coast,f5,241,78,0.8356817041930732,0.27249388858281864,0.040066802428494815,0.2413920902780233,6.024740574415028,False,False,False,True,0.8443993369674127,0.2554913912473591,0.1174917754982424,False,True,-245.59376934909474,-239.48654347953692,12.214451739115646,0.0004742074432270186,0.8356817041930732,0.27249388858281864,0.040066802428494815,0.2413920902780233,6.024740574415028,-239.48654347953692,12.214451739115646,0.0004742074432270186
C_Norway_Coast,f5,241,78,0.673015988503108,0.4296290284575995,0.04924047923730372,0.48155937136459603,9.779745827489329,False,False,False,True,0.6933327591596083,0.41829781943948463,0.19544145305280544,False,True,-298.1758142093393,-289.5585711812334,17.234486056211836,3.303843241718552e-05,0.673015988503108,0.4296290284575995,0.04924047923730372,0.48155937136459603,9.779745827489329,-289.5585711812334,17.234486056211836,3.303843241718552e-05
C_Novaya_Zemlya,f5,241,78,0.9808712899141112,0.037019833289834186,0.21386151106995885,0.25668488917229604,1.2002388269309885,False,False,False,True,0.9809569067083569,0.036840616481029535,0.22804838433728084,False,True,-213.16215768547113,-212.84909716197808,0.6261210469860998,0.4287817194776741,0.9808712899141112,0.037019833289834186,0.21386151106995885,0.25668488917229604,1.2002388269309885,-212.84909716197808,0.6261210469860998,0.4287817194776741
C_Nusa_Tenggara,f5,241,78,0.4706236068284346,0.7326487946563042,1.37667241845088e-07,0.13160771518005906,955984.251708569,False,True,False,True,0.4596738948123478,0.7829609314547586,7.602713956062933e-08,True,True,-314.44635339404755,-314.01379845808873,0.8651098719176389,0.35231266985516907,0.4706236068284346,0.7326487946563042,1.37667241845088e-07,0.13160771518005906,955984.251708569,-314.01379845808873,0.8651098719176389,0.35231266985516907
C_Olenyok_Delta,f5,241,78,0.9105956890719193,0.03510166580881735,0.5843915951098813,1.2174417934852468,2.0832636945374534,False,False,False,True,0.9165444147346379,0.03161432689699839,0.7961407478515914,False,True,-331.68456325037226,-325.28576862743165,12.797589245881227,0.00034706629763308174,0.9105956890719193,0.03510166580881735,0.5843915951098813,1.2174417934852468,2.0832636945374534,-325.28576862743165,12.797589245881227,0.00034706629763308174
C_Oregon_Coast,f5,241,78,0.7006797224981235,0.426233355822337,0.02969444205413371,0.461031860397978,15.525863714075024,False,False,False,True,0.7302462571800398,0.36001183312942386,0.2228510012405495,False,True,-294.7748363819562,-284.45689430111236,20.635884161687727,5.554519971932824e-06,0.7006797224981235,0.426233355822337,0.02969444205413371,0.461031860397978,15.525863714075024,-284.45689430111236,20.635884161687727,5.554519971932824e-06
C_Papua_New_Guinea_Island,f5,241,78,0.8134860543805275,0.298553845298151,0.11642979759643932,0.2031024451214972,1.7444198075949289,False,False,False,True,0.8079963251286698,0.30821134528383903,0.13795888683402055,False,True,-265.05880915823536,-264.2662194457691,1.5851794249325621,0.20801621377806145,0.8134860543805275,0.298553845298151,0.11642979759643932,0.2031024451214972,1.7444198075949289,-264.2662194457691,1.5851794249325621,0.20801621377806145
C_Patagonia,f5,241,78,0.8554561259339228,0.09590876572921979,0.3202706245464161,1.2339876149730309,3.8529528479880675,False,False,False,True,0.41833104664385046,0.811802697767679,3.122736717793595e-05,False,True,-318.4788622013535,-302.33247890203137,32.29276659864422,1.3260606161842051e-08,0.8554561259339228,0.09590876572921979,0.3202706245464161,1.2339876149730309,3.8529528479880675,-302.33247890203137,32.29276659864422,1.3260606161842051e-08
C_Peru_Pacific_Coast,f5,241,78,0.7634656656042396,0.36097377798407443,0.10742429056378432,0.2601249683631056,2.4214725272833304,False,False,False,True,0.7622544692321714,0.3570965057356085,0.1607599582265402,False,True,-280.7409520452451,-279.0029093974347,3.4760852956208055,0.062261867389710415,0.7634656656042396,0.36097377798407443,0.10742429056378432,0.2601249683631056,2.4214725272833304,-279.0029093974347,3.4760852956208055,0.062261867389710415
C_Philippines,f5,241,78,0.7931131916642571,0.30264637746097245,0.055724927922765476,0.3646857907483591,6.544392327502194,False,False,False,True,0.8217375439861181,0.2551547282097449,0.19182156599546513,False,True,-268.6204232597463,-259.9520140476665,17.33681842415956,3.130621723217348e-05,0.7931131916642571,0.30264637746097245,0.055724927922765476,0.3646857907483591,6.544392327502194,-259.9520140476665,17.33681842415956,3.130621723217348e-05
C_Po_River_and_East_Italy_Coast,f5,241,78,0.8168327105817542,0.30101703257134005,0.025947908366704735,0.2255932764835509,8.694083287769843,False,False,False,True,0.826995200145099,0.27913175144539587,0.10622537999383565,False,True,-247.37115176108904,-241.33996692157578,12.062369679026517,0.0005144985076347891,0.8168327105817542,0.30101703257134005,0.025947908366704735,0.2255932764835509,8.694083287769843,-241.33996692157578,12.062369679026517,0.0005144985076347891
C_Prince_of_Wales_Island,f5,241,78,0.9413914455576232,0.04811311808063874,0.3863442995110089,0.9604473200395842,2.4859880714047295,False,False,False,True,0.9330413763310776,0.0556949382074092,0.5608512338554471,False,True,-305.34478365860565,-296.35778905325634,17.97398921069862,2.239441853257649e-05,0.9413914455576232,0.04811311808063874,0.3863442995110089,0.9604473200395842,2.4859880714047295,-296.35778905325634,17.97398921069862,2.239441853257649e-05
C_Puerto_Rico,f5,241,78,0.9656343784376609,0.009595249126238251,0.6116035787081426,1.3801698011171113,2.2566411465942853,False,False,False,True,0.9736049668000105,0.0065439874729669315,0.8718765301106244,False,True,-333.73929107049116,-325.1418157902162,17.194950560549955,3.373317940623998e-05,0.9656343784376609,0.009595249126238251,0.6116035787081426,1.3801698011171113,2.2566411465942853,-325.1418157902162,17.194950560549955,3.373317940623998e-05
C_Sakhalin_Island,f5,241,78,0.5439382569149717,0.26160710606247195,4.6035062758935586e-08,1.867327119832448,40563149.21543128,False,True,False,True,0.8844986317925315,0.0587226630932642,0.7414831353736714,False,True,-330.66244070527574,-266.10258483255404,129.1197117454434,6.384896935610559e-30,0.5439382569149717,0.26160710606247195,4.6035062758935586e-08,1.867327119832448,40563149.21543128,-266.10258483255404,129.1197117454434,6.384896935610559e-30
C_Sardinia_and_Corsica,f5,241,78,0.7710692435338394,0.16950929235437154,0.30022768978342884,1.1275611342234257,3.7556866757919605,False,False,False,True,0.8288586963396252,0.11937297888454677,0.6130970136022703,False,True,-323.3684232286474,-309.2118533290254,28.313139799243913,1.0319313579917236e-07,0.7710692435338394,0.16950929235437154,0.30022768978342884,1.1275611342234257,3.7556866757919605,-309.2118533290254,28.313139799243913,1.0319313579917236e-07
C_Severnaya_Zemlya,f5,241,78,0.9944784346035774,0.018592170195305444,0.07080788939598952,0.41975115314161965,5.928028030805758,False,False,False,True,0.9854227636175783,0.03896698960572961,0.14889043568436253,False,True,-175.9818500736032,-145.28250167984686,61.39869678751268,4.661189390371284e-15,0.9944784346035774,0.018592170195305444,0.07080788939598952,0.41975115314161965,5.928028030805758,-145.28250167984686,61.39869678751268,4.661189390371284e-15
C_Seward_Peninsula_Alaskan_North_Slope,f5,241,78,0.920507526504378,0.07623321542502082,0.4924221761035385,0.45870710708088636,0.9315321879095001,False,False,False,True,0.9191294157207406,0.0778670854973154,0.4794117274871213,False,True,-296.2022379234129,-296.15748493310366,0.08950598061846904,0.7648061408018734,0.920507526504378,0.07623321542502082,0.4924221761035385,0.45870710708088636,0.9315321879095001,-296.15748493310366,0.08950598061846904,0.7648061408018734
C_Shelikhov_Gulf_Sea_of_Okhotsk_Coast,f5,241,78,0.8643055192289697,0.1518527579869033,0.2215492797427176,0.747901586860816,3.3757798162528205,False,False,False,True,0.8630439621805038,0.16033365667103228,0.38331996724989714,False,True,-294.86085194406496,-283.60105401559315,22.519595856943624,2.0801079666625806e-06,0.8643055192289697,0.1518527579869033,0.2215492797427176,0.747901586860816,3.3757798162528205,-283.60105401559315,22.519595856943624,2.0801079666625806e-06
C_Sicily,f5,241,78,0.6361192361711333,0.25515660980356464,0.29481443000071333,1.1394012238807696,3.8648081909627447,False,False,False,True,0.4433605713999675,0.5283799073412796,0.33582388800973634,False,True,-330.8193882003987,-319.0394090421901,23.559958316417237,1.2108114142584497e-06,0.6361192361711333,0.25515660980356464,0.29481443000071333,1.1394012238807696,3.8648081909627447,-319.0394090421901,23.559958316417237,1.2108114142584497e-06
C_Solomon_Islands,f5,241,78,0.5685587558017596,0.557467652905694,1.0777609883909178e-07,0.5447360625419452,5054330.861940257,False,True,False,True,0.9617252443052127,0.025137568230128048,0.6534071387102329,False,True,-311.59378015096956,-304.1115475669283,14.964465168082484,0.00010955494732443495,0.5685587558017596,0.557467652905694,1.0777609883909178e-07,0.5447360625419452,5054330.861940257,-304.1115475669283,14.964465168082484,0.00010955494732443495
C_Somerset_Island,f5,241,78,0.9196765073046297,0.09284305935034182,0.2569939624241568,0.6604120131045335,2.569756919092728,False,False,False,True,0.9205773800291364,0.09018843082389322,0.3911012350952072,False,True,-281.4977017322765,-273.64994320266766,15.69551705921765,7.44002986536216e-05,0.9196765073046297,0.09284305935034182,0.2569939624241568,0.6604120131045335,2.569756919092728,-273.64994320266766,15.69551705921765,7.44002986536216e-05
C_South_Africa_South_Coast,f5,241,78,0.8874625062840578,0.1639440797069702,0.1597232759470573,0.21446236427180526,1.3427120311687826,False,False,False,True,0.8868417347149335,0.16541979543676374,0.1763216618322061,False,True,-241.74473158884047,-241.3401884203266,0.8090863370277361,0.3683905133550528,0.8874625062840578,0.1639440797069702,0.1597232759470573,0.21446236427180526,1.3427120311687826,-241.3401884203266,0.8090863370277361,0.3683905133550528
C_South_Africa_West_Coast,f5,241,78,0.4995247094765975,0.539741055372117,6.998400557228882e-08,0.8332194110845399,11905854.834557587,False,True,False,True,0.921075411594436,0.041856489472527895,0.715338168797059,False,True,-324.3791285740235,-308.61384249914323,31.530572149760587,1.963247957399097e-08,0.4995247094765975,0.539741055372117,6.998400557228882e-08,0.8332194110845399,11905854.834557587,-308.61384249914323,31.530572149760587,1.963247957399097e-08
C_South_Alaska_Coast_Frazer_River,f5,241,78,0.9331226886873898,0.1278014881734589,3.5387164435762015e-11,0.00940623073082785,265809111.32065672,False,True,False,True,0.930735803908279,0.13322731271696267,1.4910674238461047e-09,True,True,-107.13417501909822,-106.9702207841633,0.3279084698698398,0.566893259918386,0.9331226886873898,0.1278014881734589,3.5387164435762015e-11,0.00940623073082785,265809111.32065672,-106.9702207841633,0.3279084698698398,0.566893259918386
C_South_Amapa_Coast,f5,241,78,0.8390826319798326,0.26344063619188607,1.2600358115450264e-09,0.2445140137613775,194053225.7266245,False,True,False,True,0.7859445148749774,0.3780057165240156,6.891285462846157e-10,True,True,-230.31533384326096,-219.95847382019454,20.713720046132835,5.33324959955225e-06,0.8390826319798326,0.26344063619188607,1.2600358115450264e-09,0.2445140137613775,194053225.7266245,-219.95847382019454,20.713720046132835,5.33324959955225e-06
C_South_Australia_Coast,f5,241,78,0.928556125110162,0.09798472434026258,0.2594911674503228,0.32949495811913837,1.2697733081116032,False,False,False,True,0.9288529156943205,0.09697090939133182,0.2834854928394561,False,True,-256.51020441848857,-256.06741255800523,0.8855837209666788,0.34667689023941894,0.928556125110162,0.09798472434026258,0.2594911674503228,0.32949495811913837,1.2697733081116032,-256.06741255800523,0.8855837209666788,0.34667689023941894
C_South_Baffin_Island_Coast,f5,241,78,0.9431199326893666,0.03818317604277561,0.46418771000435016,1.0146167470463656,2.185789768188514,False,False,False,True,0.9277622748002678,0.053593717992390266,0.6144205505182285,False,True,-313.34073448261876,-306.7352927839098,13.210883397417888,0.00027832815345467003,0.9431199326893666,0.03818317604277561,0.46418771000435016,1.0146167470463656,2.185789768188514,-306.7352927839098,13.210883397417888,0.00027832815345467003
C_South_Baltic_Coast,f5,241,78,0.9109872995307597,0.12265842172220408,0.2653652215389979,0.2950990413644087,1.1120486688231719,False,False,False,True,0.910251522857878,0.12372446441731139,0.2740561660840188,False,True,-261.4321118613273,-261.35678450304556,0.15065471656350837,0.6979104712954913,0.9109872995307597,0.12265842172220408,0.2653652215389979,0.2950990413644087,1.1120486688231719,-261.35678450304556,0.15065471656350837,0.6979104712954913
C_South_Black_Sea_Coast,f5,241,78,0.8596647770252478,0.21061326235969274,0.14084907000929617,0.27065289072286414,1.9215809568710733,False,False,False,True,0.8481083736974001,0.23158743504662974,0.1667411448574793,False,True,-256.21196290477667,-254.52137644105815,3.381172927437035,0.06594510888846247,0.8596647770252478,0.21061326235969274,0.14084907000929617,0.27065289072286414,1.9215809568710733,-254.52137644105815,3.381172927437035,0.06594510888846247
C_South_Chile_South_Pacific_Coast,f5,241,78,0.9300220684211344,0.12446523179701922,0.08353420778257419,0.19131917149529531,2.290309282554851,False,False,False,True,0.9306400557669894,0.12261918480104782,0.12009731333259764,False,True,-203.65579818168456,-200.4467299633218,6.418136436725547,0.011296063847315943,0.9300220684211344,0.12446523179701922,0.08353420778257419,0.19131917149529531,2.290309282554851,-200.4467299633218,6.418136436725547,0.011296063847315943
C_South_East_Brazil_Coast,f5,241,78,0.8461636476083055,0.2782784661055061,4.242806607948658e-08,0.01596621789741022,376312.648035817,False,True,False,True,0.8420448392096249,0.2870350852675289,3.6445235789074836e-08,True,True,-197.98863511171712,-197.8426955695897,0.29187908425484466,0.5890188777120577,0.8461636476083055,0.2782784661055061,4.242806607948658e-08,0.01596621789741022,376312.648035817,-197.8426955695897,0.29187908425484466,0.5890188777120577
C_South_East_Russia_Coast,f5,241,78,0.6573426636040426,0.5242872795164946,2.1110141545497771e-07,0.22366331320544297,1059506.459127198,False,True,False,True,0.6188976738004234,0.6206495402208617,7.049886394461691e-08,True,True,-287.9789742845102,-285.2324143015562,5.493119965907908,0.01909144455919722,0.6573426636040426,0.5242872795164946,2.1110141545497771e-07,0.22366331320544297,1059506.459127198,-285.2324143015562,5.493119965907908,0.01909144455919722
C_South_Gulf_of_Aden_Coast,f5,241,78,0.8346833529865179,0.10688542850227654,0.19656373928114398,1.37656178100754,7.003131839279123,False,False,False,True,0.8448680756540393,0.12353197270096422,0.5443777736213171,False,True,-314.54627247234225,-281.35255124938476,66.38744244591499,3.704546883938001e-16,0.8346833529865179,0.10688542850227654,0.19656373928114398,1.37656178100754,7.003131839279123,-281.35255124938476,66.38744244591499,3.704546883938001e-16
C_South_Gulf_of_Oman_West_Arabian_Sea_Coast,f5,241,78,0.6134029359365198,0.6275030076990421,1.5104877468945005e-12,1.7426982147764736e-10,115.37321096178292,False,True,True,True,0.6134287077317385,0.6275488703644683,8.462455065731356e-08,True,True,-289.2478298510546,-289.24782860739,2.4873291977201006e-06,0.9987416353331504,0.6134029359365198,0.6275030076990421,1.5104877468945005e-12,1.7426982147764736e-10,115.37321096178292,-289.24782860739,2.4873291977201006e-06,0.9987416353331504
C_South_Hudson_Strait_Ungava_Bay_Coast,f5,241,78,0.6627209836805462,0.4607310755287753,3.208331706063029e-07,0.5410287509022007,1686324.2347409946,False,True,False,True,0.782708470274258,0.28496498292748157,0.3007623522607845,False,True,-299.5874783098862,-287.0483134490951,25.078329721582236,5.504802205137633e-07,0.6627209836805462,0.4607310755287753,3.208331706063029e-07,0.5410287509022007,1686324.2347409946,-287.0483134490951,25.078329721582236,5.504802205137633e-07
C_South_Mediterranean_Coast,f5,241,78,0.760807887029865,0.12230082570338646,0.6081665398370045,0.9145102175936135,1.503716757976709,False,False,False,True,0.7472193554297653,0.13153836454529114,0.6993942673442864,False,True,-333.36343626143275,-331.818270686206,3.090331150453494,0.07875877850758796,0.760807887029865,0.12230082570338646,0.6081665398370045,0.9145102175936135,1.503716757976709,-331.818270686206,3.090331150453494,0.07875877850758796
C_South_Zambezia_Coast,f5,241,78,0.7258973521161297,0.38422458253308,7.897927916110109e-06,0.6673116301726758,84491.98793160681,False,False,False,True,0.7918049737116821,0.2573463809278626,0.3159126726737637,False,True,-297.6442567381446,-275.71171336616925,43.865086743950656,3.5180882495360205e-11,0.7258973521161297,0.38422458253308,7.897927916110109e-06,0.6673116301726758,84491.98793160681,-275.71171336616925,43.865086743950656,3.5180882495360205e-11
C_Southhampton_Coats_Islands,f5,241,78,0.3617945625968923,0.8591694642194296,4.930938289914649e-09,6.07748598858628e-08,12.32521202104007,False,True,True,True,0.36186702141185156,0.859156235471773,1.1614123562884418e-07,True,True,-324.89526811303426,-324.895266850305,2.5254585125367157e-06,0.9987320270231844,0.3617945625968923,0.8591694642194296,4.930938289914649e-09,6.07748598858628e-08,12.32521202104007,-324.895266850305,2.5254585125367157e-06,0.9987320270231844
C_Southwest_Hudson_Bay_Coast,f5,241,78,0.7687119793280198,0.33838924015522415,0.03131341357800881,0.38095679067171356,12.165929777111774,False,False,False,True,0.7895269993953146,0.30087495147039595,0.1740311563811292,False,True,-272.94461506209745,-262.2035764501012,21.48207722399252,3.5715118991380453e-06,0.7687119793280198,0.33838924015522415,0.03131341357800881,0.38095679067171356,12.165929777111774,-262.2035764501012,21.48207722399252,3.5715118991380453e-06
C_Southwest_Mediterranean_Coast,f5,241,78,0.9776877029583965,0.04687545532369151,0.16175849111871207,0.3336136693625922,2.062418282065689,False,False,False,True,0.9797398382051332,0.04348402183695675,0.22179767223448588,False,True,-214.75558054013436,-210.03497816082086,9.44120475862701,0.0021216407939089505,0.9776877029583965,0.04687545532369151,0.16175849111871207,0.3336136693625922,2.062418282065689,-210.03497816082086,9.44120475862701,0.0021216407939089505
C_Sri_Lanka,f5,241,78,0.8370264974378058,0.16729049142090338,0.29218121731598895,0.7496395285759354,2.565666388353818,False,False,False,True,0.8303226478020491,0.18036586368869428,0.4272213858035298,False,True,-305.8236854795668,-299.2059682525209,13.235434454091774,0.0002747061959175819,0.8370264974378058,0.16729049142090338,0.29218121731598895,0.7496395285759354,2.565666388353818,-299.2059682525209,13.235434454091774,0.0002747061959175819
C_Sulawesi,f5,241,78,0.8444640705295826,0.2482317964258807,0.082682313688005,0.2072282214167408,2.5063186088224345,False,False,False,True,0.8388140713645506,0.26079438017497447,0.11423655408348758,False,True,-245.6340052846224,-243.3489272271109,4.570156115022996,0.03253360049425685,0.8444640705295826,0.2482317964258807,0.082682313688005,0.2072282214167408,2.5063186088224345,-243.3489272271109,4.570156115022996,0.03253360049425685
C_Sumatra,f5,241,78,0.8320268633809764,0.2627957584473501,0.13701026691915885,0.1776149700975917,1.296362485027426,False,False,False,True,0.834666942236846,0.2576894631708983,0.15409030792616712,False,True,-258.49225293469533,-258.29817320620515,0.38815945698036103,0.5332684592381984,0.8320268633809764,0.2627957584473501,0.13701026691915885,0.1776149700975917,1.296362485027426,-258.29817320620515,0.38815945698036103,0.5332684592381984
C_Svalbard,f5,241,78,0.9913685717459233,0.024313786217746148,0.0729444740098683,0.0877858760218653,1.2034616359011538,False,False,False,True,0.9910487861266497,0.02492252442889911,0.07704450726755198,False,True,-104.38409265982857,-104.12810527457627,0.5119747705045938,0.4742852403779779,0.9913685717459233,0.024313786217746148,0.0729444740098683,0.0877858760218653,1.2034616359011538,-104.12810527457627,0.5119747705045938,0.4742852403779779
C_Sweden_Coast,f5,241,78,0.7737161150222499,0.22553377737638414,0.26922576793094716,0.7926478343504126,2.944175219341249,False,False,False,True,0.771174831711015,0.23179665754216397,0.43339640443033217,False,True,-313.58997483498587,-305.9164687165467,15.3470122368783,8.946229145467264e-05,0.7737161150222499,0.22553377737638414,0.26922576793094716,0.7926478343504126,2.944175219341249,-305.9164687165467,15.3470122368783,8.946229145467264e-05
C_Taiwan,f5,241,78,0.7025143538369581,0.2627538886914533,0.1427860628297047,1.151749883233128,8.066262633817242,False,False,False,True,0.8820899466648723,0.07854614245000148,0.6285307291424814,False,True,-319.44142830286773,-297.2328536355276,44.41714933468029,2.653524283878068e-11,0.7025143538369581,0.2627538886914533,0.1427860628297047,1.151749883233128,8.066262633817242,-297.2328536355276,44.41714933468029,2.653524283878068e-11
C_Tasmania,f5,241,78,0.8528140341831776,0.10683349087290862,0.1933418557835989,1.287601938975219,6.659716457963396,False,False,False,True,0.8691360762840096,0.10940543249600668,0.5325579856720783,False,True,-310.8811625907469,-279.5145160193952,62.73329314270336,2.366807732748171e-15,0.8528140341831776,0.10683349087290862,0.1933418557835989,1.287601938975219,6.659716457963396,-279.5145160193952,62.73329314270336,2.366807732748171e-15
C_Texas_Gulf_Coast,f5,241,78,0.873199218473424,0.23096072015670363,8.398751497123588e-09,1.1562573120432061e-10,0.01376701420966202,False,True,True,True,0.873205778145223,0.23096533050431142,8.333901119762803e-09,True,True,-172.31959370652484,-172.31959341102274,5.910042091272771e-07,0.9993866119572716,0.873199218473424,0.23096072015670363,8.398751497123588e-09,1.1562573120432061e-10,0.01376701420966202,-172.31959341102274,5.910042091272771e-07,0.9993866119572716
C_Thar_Desert_Sabarmati_River_Gulf_of_Cambay_Luni_Delta,f5,241,78,0.8623194037449228,0.22225285294680774,0.0483901685166171,0.21891661211202357,4.523989455354924,False,False,False,True,0.8529840957632322,0.2404930421761788,0.09050420600745031,False,True,-230.3165860620389,-224.89446633749805,10.844239449081726,0.0009910357565799512,0.8623194037449228,0.22225285294680774,0.0483901685166171,0.21891661211202357,4.523989455354924,-224.89446633749805,10.844239449081726,0.0009910357565799512
C_US_East_Gulf_of_Mexico_North_Atlantic_Coast,f5,241,78,0.8750284417875669,0.2130845212171729,0.003221856673260157,0.10894594035394552,33.81464521936802,False,False,False,True,0.8711723025079127,0.22081062182002706,0.03284192368749737,False,True,-192.48613546899583,-187.0186464500806,10.934978037830433,0.0009436560371722992,0.8750284417875669,0.2130845212171729,0.003221856673260157,0.10894594035394552,33.81464521936802,-187.0186464500806,10.934978037830433,0.0009436560371722992
C_US_North_Atlantic_Coast,f5,241,78,0.7402243446127502,0.35691973954837686,0.003050132872008416,0.5025331562834718,164.75779166714455,False,False,False,True,0.6529851456764947,0.5615749186559469,0.008077845818201403,False,True,-278.6572322454646,-263.35060608851296,30.61325231390333,3.149352527851821e-08,0.7402243446127502,0.35691973954837686,0.003050132872008416,0.5025331562834718,164.75779166714455,-263.35060608851296,30.61325231390333,3.149352527851821e-08
C_Uda_Basin,f5,241,78,0.6024041077194549,0.5750327942113425,3.889953273619228e-07,0.29517606564195736,758816.4815340426,False,True,False,True,0.5522661225735708,0.6949109667782585,1.1262854859036989e-07,True,True,-300.9113664508564,-297.7306579561902,6.361416989332383,0.011662836554213947,0.6024041077194549,0.5750327942113425,3.889953273619228e-07,0.29517606564195736,758816.4815340426,-297.7306579561902,6.361416989332383,0.011662836554213947
C_Uruguay_South_Brazil_Coast,f5,241,78,0.8681862922240491,0.2593916361836975,4.195528008924673e-08,0.06715963208457239,1600743.266204189,False,True,False,True,0.8500070053474057,0.29624287795486076,1.5760314505545825e-06,False,True,-201.9276390641883,-199.62030264116927,4.614672846038047,0.031699541435898905,0.8681862922240491,0.2593916361836975,4.195528008924673e-08,0.06715963208457239,1600743.266204189,-199.62030264116927,4.614672846038047,0.031699541435898905
C_Victoria_Island,f5,241,78,0.9089218231748898,0.09785894767296227,0.4247606436408761,0.5128886031997595,1.207476753974865,False,False,False,True,0.9062457911535488,0.10197717360255505,0.4485237547325881,False,True,-296.2701036380876,-295.9757355544427,0.5887361672898805,0.4429082515231918,0.9089218231748898,0.09785894767296227,0.4247606436408761,0.5128886031997595,1.207476753974865,-295.9757355544427,0.5887361672898805,0.4429082515231918
C_Vietnam_Coast,f5,241,78,0.8212156093815576,0.30259462661554565,0.05723892048918581,0.14919403658209673,2.6065138075111682,False,False,False,True,0.8150593609299733,0.32028772607444594,0.07481417916409833,False,True,-246.60364948896853,-245.30501788851126,2.59726320091454,0.10704842695348159,0.8212156093815576,0.30259462661554565,0.05723892048918581,0.14919403658209673,2.6065138075111682,-245.30501788851126,2.59726320091454,0.10704842695348159
C_West_Africa_Coast,f5,241,78,0.8653751594917778,0.1948500014729595,0.20202305817175056,0.30011843185968307,1.4855652348581734,False,False,False,True,0.862680103490475,0.1987640646664767,0.2308985158445917,False,True,-267.70257344224325,-266.9144074317132,1.576332021060125,0.2092898283534616,0.8653751594917778,0.1948500014729595,0.20202305817175056,0.30011843185968307,1.4855652348581734,-266.9144074317132,1.576332021060125,0.2092898283534616
C_West_Australia_Coast,f5,241,78,0.8250264516395345,0.24260034671267053,0.09948087753221486,0.5545036063996207,5.573971803978669,False,False,False,True,0.8046871393256871,0.27482755882141724,0.22210564350803771,False,True,-280.5871915964197,-267.73381468046574,25.706753831907918,3.9743374452030725e-07,0.8250264516395345,0.24260034671267053,0.09948087753221486,0.5545036063996207,5.573971803978669,-267.73381468046574,25.706753831907918,3.9743374452030725e-07
C_West_Barents_Sea_Coast,f5,241,78,0.6220977714617506,0.45784679080504803,0.1384391611419893,0.5719484375216962,4.131406408444506,False,False,False,True,0.6553883811957496,0.38345872672403924,0.34102600516613446,False,True,-318.0691015541878,-312.67287803743284,10.792447033509916,0.0010191506963451106,0.6220977714617506,0.45784679080504803,0.1384391611419893,0.5719484375216962,4.131406408444506,-312.67287803743284,10.792447033509916,0.0010191506963451106
C_West_Black_Sea_Coast,f5,241,78,0.8330770309940723,0.21359760395435154,0.2960124552066718,0.3121752499494402,1.054601738739283,False,False,False,True,0.8320507326046018,0.21523242435030074,0.2999311446435144,False,True,-287.4347020417331,-287.420289584692,0.02882491408217902,0.8651839305785408,0.8330770309940723,0.21359760395435154,0.2960124552066718,0.3121752499494402,1.054601738739283,-287.420289584692,0.02882491408217902,0.8651839305785408
C_West_Caspian_Sea_Coast,f5,241,78,0.9631122483248344,0.06675205010304909,0.1778926088018492,0.5884906084185265,3.3081228747060183,False,False,False,True,0.964425736776928,0.06128670575195959,0.31989326708834925,False,True,-256.4309608722513,-242.90294954134083,27.056022661820975,1.9764348323942042e-07,0.9631122483248344,0.06675205010304909,0.1778926088018492,0.5884906084185265,3.3081228747060183,-242.90294954134083,27.056022661820975,1.9764348323942042e-07
C_West_Continental_Europe,f5,241,78,0.8556842783178936,0.23621257433530526,0.055352596480392174,0.19939186387718363,3.6022133839343056,False,False,False,True,0.8460034600081618,0.259811332806874,0.08512970588268218,False,True,-233.95404479688858,-230.27864565627334,7.350798281230482,0.006703298520073638,0.8556842783178936,0.23621257433530526,0.055352596480392174,0.19939186387718363,3.6022133839343056,-230.27864565627334,7.350798281230482,0.006703298520073638
C_West_Italy_Coast,f5,241,78,0.7825841479482207,0.28888541824038166,0.19711706600671822,0.4184290624785906,2.122743966087287,False,False,False,True,0.7761085700457959,0.2919232207893287,0.2684201046238477,False,True,-293.64985672297473,-291.16340461830083,4.972904209347803,0.025747380220441627,0.7825841479482207,0.28888541824038166,0.19711706600671822,0.4184290624785906,2.122743966087287,-291.16340461830083,4.972904209347803,0.025747380220441627
C_West_Mississippi_Delta,f5,241,78,0.8654082751876954,0.19092646318177892,0.1946171555753953,0.23419793177051004,1.2033776317308318,False,False,False,True,0.8682023528954386,0.18626953786507228,0.21132447057578344,False,True,-258.725608710695,-258.563844704833,0.3235280117239654,0.5694951132887891,0.8654082751876954,0.19092646318177892,0.1946171555753953,0.23419793177051004,1.2033776317308318,-258.563844704833,0.3235280117239654,0.5694951132887891
C_West_Nile_Delta,f5,241,78,0.8636088241824442,0.09660178664799886,0.49685060201278963,0.9043844280280919,1.820234139526738,False,False,False,True,0.8886042375135311,0.07197428480312912,0.6592471548266424,False,True,-322.8418619951924,-319.41359926790517,6.8565254545744665,0.008831812176586034,0.8636088241824442,0.09660178664799886,0.49685060201278963,0.9043844280280919,1.820234139526738,-319.41359926790517,6.8565254545744665,0.008831812176586034
C_West_Red_Sea_Coast,f5,241,78,0.9811233328873068,0.019274806952395144,0.2881179262769619,1.0189972135108334,3.5367365949013947,False,False,False,True,0.9739411305261204,0.02763135970153104,0.5036037825344489,False,True,-286.4908377151521,-267.5485525138971,37.88457040251001,7.505650969589749e-10,0.9811233328873068,0.019274806952395144,0.2881179262769619,1.0189972135108334,3.5367365949013947,-267.5485525138971,37.88457040251001,7.505650969589749e-10
C_Yamal_Peninsula,f5,241,78,0.8692988465618423,0.05842025900859411,0.6261203519801348,1.0496085685814516,1.6763687129191944,False,False,False,True,0.8682564861206362,0.05747333268516359,0.7661229355983891,False,True,-332.550636303129,-329.61807557300557,5.865121460246883,0.015443793080494693,0.8692988465618423,0.05842025900859411,0.6261203519801348,1.0496085685814516,1.6763687129191944,-329.61807557300557,5.865121460246883,0.015443793080494693
C_Yellow_Sea_Coast,f5,241,78,0.9241514149051251,0.10864045083248075,0.16115920960243743,0.3278461202191315,2.034299628472322,False,False,False,True,0.9280820202085536,0.10426291221544665,0.21908653960684993,False,True,-238.22972307897442,-234.82258591990782,6.814274318133187,0.009043204507927583,0.9241514149051251,0.10864045083248075,0.16115920960243743,0.3278461202191315,2.034299628472322,-234.82258591990782,6.814274318133187,0.009043204507927583
C_Yenisey_Gulf_Coast,f5,241,78,0.8707348276026513,0.055713333451084396,0.738243338760228,0.8395294590295334,1.1371988272043208,False,False,False,True,0.8723019347951718,0.05346561725828784,0.7751422516780625,False,True,-332.8904817161414,-332.714503492848,0.35195644658676883,0.5530077170871197,0.8707348276026513,0.055713333451084396,0.738243338760228,0.8395294590295334,1.1371988272043208,-332.714503492848,0.35195644658676883,0.5530077170871197
C_Ziya_He_Interior_Coast,f5,241,78,0.9390729508572778,0.11877060399047693,0.03288463262266065,0.0910444924104883,2.7686029962746175,False,False,False,True,0.9454258130264723,0.10826057439245274,0.05903669550511952,False,True,-156.5330569237827,-153.9791467102787,5.107820427007994,0.023818224365746772,0.9390729508572778,0.11877060399047693,0.03288463262266065,0.0910444924104883,2.7686029962746175,-153.9791467102787,5.107820427007994,0.023818224365746772
E_Altai_Mountains,f5,241,78,0.932675774166668,0.07338588632486623,0.3378107701578385,0.7112021563811584,2.1053270623931164,False,False,False,True,0.9260225251012277,0.07956812708370753,0.45172255256756016,False,True,-291.782906919635,-286.46430263051303,10.637208578243985,0.0011083484049087525,0.932675774166668,0.07338588632486623,0.3378107701578385,0.7112021563811584,2.1053270623931164,-286.46430263051303,10.637208578243985,0.0011083484049087525
E_Amu_Darya,f5,241,78,0.9264928178493798,0.13797705721727874,0.03313658317173677,0.2242203248109325,6.76654933457886,False,False,False,True,0.9278969456985,0.13277094584945803,0.09892831726803819,False,True,-196.58042999128273,-184.2850380874741,24.590783807617242,7.088996523094238e-07,0.9264928178493798,0.13797705721727874,0.03313658317173677,0.2242203248109325,6.76654933457886,-184.2850380874741,24.590783807617242,7.088996523094238e-07
E_Australia_Northwest_Plateau,f5,241,78,0.9029133889614681,0.17983087874979717,3.0305376145519762e-09,0.008678782454902214,2863776.5171528,False,True,False,True,0.9002706147397752,0.18483935076955693,5.727450840953591e-09,True,True,-145.9685852192831,-145.8586832883769,0.21980386181240874,0.6391894064698451,0.9029133889614681,0.17983087874979717,3.0305376145519762e-09,0.008678782454902214,2863776.5171528,-145.8586832883769,0.21980386181240874,0.6391894064698451
E_Badain_Jaran_Desert,f5,241,78,0.8533660663335206,0.06284690207839186,0.5243630324405013,1.1616881363114615,2.2154272220616096,False,False,False,True,0.8329676536987394,0.09437181137977173,0.6801732598757122,False,True,-327.7310884031413,-321.31279363523606,12.836589535810504,0.00033990658359354134,0.8533660663335206,0.06284690207839186,0.5243630324405013,1.1616881363114615,2.2154272220616096,-321.31279363523606,12.836589535810504,0.00033990658359354134
E_Central_Iran,f5,241,78,0.8705393988451844,0.1754276884837669,0.10107773401492837,0.4901710097795538,4.849445969051497,False,False,False,True,0.8451994539317121,0.2261024831150889,0.18229629341792894,False,True,-259.4887561251454,-247.32807144005574,24.321369370179355,8.152955268424951e-07,0.8705393988451844,0.1754276884837669,0.10107773401492837,0.4901710097795538,4.849445969051497,-247.32807144005574,24.321369370179355,8.152955268424951e-07
E_Central_Mongolia,f5,241,78,0.9500040536276884,0.07119470174658755,0.13593724913412059,0.9572937663332796,7.042174035674203,False,False,False,True,0.9328444554804202,0.10076879236799649,0.360332579654386,False,True,-278.85644848479564,-245.15630495643427,67.40028705672273,2.216166827489322e-16,0.9500040536276884,0.07119470174658755,0.13593724913412059,0.9572937663332796,7.042174035674203,-245.15630495643427,67.40028705672273,2.216166827489322e-16
E_Dayan_Khyargas_Uvs_Nuur_Basins,f5,241,78,0.8790388166565792,0.1867801713334493,0.10508606092955476,0.23931025055805227,2.2772787222320163,False,False,False,True,0.8677671583795465,0.2058594216343852,0.13417572535294825,False,True,-237.91804614927736,-235.30417290201254,5.22774649452964,0.022229314959616935,0.8790388166565792,0.1867801713334493,0.10508606092955476,0.23931025055805227,2.2772787222320163,-235.30417290201254,5.22774649452964,0.022229314959616935
E_East_Gobi_Desert,f5,241,78,0.8372206042578273,0.2545407888942727,0.1175370605123612,0.33125669392377344,2.8183169842752336,False,False,False,True,0.8334224064141469,0.2732947599247716,0.1714247035147059,False,True,-267.93351257728585,-264.0620051118602,7.743014930851359,0.0053920700300383925,0.8372206042578273,0.2545407888942727,0.1175370605123612,0.33125669392377344,2.8183169842752336,-264.0620051118602,7.743014930851359,0.0053920700300383925
E_Egyptian_Western_Desert,f5,241,78,0.9917616785491329,0.015239152886143184,0.24448456900266205,0.5825741624701875,2.3828667995150408,False,False,False,True,0.990399755423875,0.017908263344766348,0.3468863158271139,False,True,-242.95268403764533,-234.15603654031747,17.593294994655707,2.7355113567821825e-05,0.9917616785491329,0.015239152886143184,0.24448456900266205,0.5825741624701875,2.3828667995150408,-234.15603654031747,17.593294994655707,2.7355113567821825e-05
E_Farahrud_Helmand_Hamun_i_Mashkel,f5,241,78,0.836708327454976,0.2268175445659788,0.05453765712697601,0.543368612039834,9.963182150908112,False,False,False,True,0.8165656495692137,0.2666935353354673,0.17968050548253092,False,True,-267.70434341437226,-248.73796589256597,37.93275504361259,7.322546467313443e-10,0.836708327454976,0.2268175445659788,0.05453765712697601,0.543368612039834,9.963182150908112,-248.73796589256597,37.93275504361259,7.322546467313443e-10
E_Great_Basin_Great_Salt_Lake,f5,241,78,0.9109871071817339,0.1580884028229563,4.30593892679674e-08,0.04245072131056333,985864.4544720269,False,True,False,True,0.8997685023804652,0.18047772173912965,0.0010279503662149483,False,True,-144.25786961138184,-141.5758253502586,5.364088522246448,0.020555528003600807,0.9109871071817339,0.1580884028229563,4.30593892679674e-08,0.04245072131056333,985864.4544720269,-141.5758253502586,5.364088522246448,0.020555528003600807
E_Great_Victoria_Desert,f5,241,78,0.8587172995499268,0.23384075900432602,0.0676182071230404,0.18280006732049575,2.7034148803718874,False,False,False,True,0.8605857497567718,0.22887984135511635,0.10886609329372796,False,True,-234.7718242311437,-232.3024634481441,4.938721565999231,0.026261453734471245,0.8587172995499268,0.23384075900432602,0.0676182071230404,0.18280006732049575,2.7034148803718874,-232.3024634481441,4.938721565999231,0.026261453734471245
E_Jordan_Northwest_Saudi_Arabia,f5,241,78,0.9348249646410655,0.024987294249550433,0.34667154157224017,1.7989187596947815,5.18911575936186,False,False,False,True,0.940345111688123,0.019976523989918095,0.8315533205103068,False,True,-333.4566193570262,-300.0029929347048,66.90725284464281,2.8458594924728874e-16,0.9348249646410655,0.024987294249550433,0.34667154157224017,1.7989187596947815,5.18911575936186,-300.0029929347048,66.90725284464281,2.8458594924728874e-16
E_Junggar_Pendi,f5,241,78,0.9576897220335949,0.07618323511990024,0.06930031047643001,0.2736823869154647,3.9492230992031105,False,False,False,True,0.9482787833903501,0.09467420827602724,0.11758318703556608,False,True,-189.64201534651164,-177.9180608966612,23.447908899700906,1.2834215073011533e-06,0.9576897220335949,0.07618323511990024,0.06930031047643001,0.2736823869154647,3.9492230992031105,-177.9180608966612,23.447908899700906,1.2834215073011533e-06
E_La_Puna_Altiplano,f5,241,78,0.9062173272522998,0.08076704948382325,0.3092755759910956,0.9266754700300613,2.996277565923089,False,False,False,True,0.9118573852068128,0.07949149951882752,0.5088980548556897,False,True,-301.7470595032476,-289.9424127652843,23.60929347592662,1.1801616126003086e-06,0.9062173272522998,0.08076704948382325,0.3092755759910956,0.9266754700300613,2.996277565923089,-289.9424127652843,23.60929347592662,1.1801616126003086e-06
E_Lake_Eyre_Basin,f5,241,78,0.9407117477960782,0.10175355875583864,0.07234786230098356,0.0812106541609536,1.1225024703991782,False,False,False,True,0.9409768801708872,0.1011811896046309,0.07569369779580395,False,True,-165.06554810504537,-165.01611867487958,0.09885886033157476,0.753203367513331,0.9407117477960782,0.10175355875583864,0.07234786230098356,0.0812106541609536,1.1225024703991782,-165.01611867487958,0.09885886033157476,0.753203367513331
E_Lake_Rukwa_Basin,f5,241,78,0.9633147134137148,0.08636523030683262,5.153810371235674e-08,0.15082826823107418,2926538.955970778,False,True,False,True,0.9516576416661547,0.10761060179673426,0.0337497571630245,False,True,-131.88191125385484,-104.6605750635889,54.44267238053189,1.6004938483325367e-13,0.9633147134137148,0.08636523030683262,5.153810371235674e-08,0.15082826823107418,2926538.955970778,-104.6605750635889,54.44267238053189,1.6004938483325367e-13
E_Lakes_Balkash_Alakol,f5,241,78,0.9557263099015797,0.08664864638710253,0.08298497387638304,0.19017756457516644,2.291710844645933,False,False,False,True,0.9536147907113055,0.09006377616155326,0.11480260401738333,False,True,-185.89828460015096,-181.9362881399946,7.923992920312742,0.004878349099960018,0.9557263099015797,0.08664864638710253,0.08298497387638304,0.19017756457516644,2.291710844645933,-181.9362881399946,7.923992920312742,0.004878349099960018
E_Libyian_Desert,f5,241,78,0.8207330199968007,0.08563449807857677,0.731531836986685,0.7536827287367311,1.030280147260972,False,False,False,True,0.8175113662360742,0.08798265684056485,0.7360911105558794,False,True,-333.0558642832715,-333.0480463084732,0.015635949596571663,0.9004888824033811,0.8207330199968007,0.08563449807857677,0.731531836986685,0.7536827287367311,1.030280147260972,-333.0480463084732,0.015635949596571663,0.9004888824033811
E_Lower_Lake_Chad,f5,241,78,0.9600455339669712,0.11608676082981598,3.1752923634173353e-09,0.020090303315183227,6327071.971905448,False,True,False,True,0.9541295095030478,0.12780352742947054,1.1747918774350456e-09,True,True,-102.68549072427386,-101.63430915278039,2.1023631429869454,0.14707167991880565,0.9600455339669712,0.11608676082981598,3.1752923634173353e-09,0.020090303315183227,6327071.971905448,-101.63430915278039,2.1023631429869454,0.14707167991880565
E_North_Central_Arabia,f5,241,78,0.7995511277957185,0.14425780942017163,0.25311066941139315,1.2106700093932958,4.783164661563652,False,False,False,True,0.7386676111156933,0.24074839422891156,0.45965899326832294,False,True,-317.7394498252092,-298.55559614410214,38.367707362214105,5.859400047865982e-10,0.7995511277957185,0.14425780942017163,0.25311066941139315,1.2106700093932958,4.783164661563652,-298.55559614410214,38.367707362214105,5.859400047865982e-10
E_North_Plateau_of_Tibet,f5,241,78,0.9356574202192218,0.08244345689190063,0.18616802639889835,0.6850001482970313,3.679472579406819,False,False,False,True,0.929540702638465,0.0932463407129724,0.33512553197687855,False,True,-269.6336671568042,-254.54395015612113,30.17943400136619,3.938639662289854e-08,0.9356574202192218,0.08244345689190063,0.18616802639889835,0.6850001482970313,3.679472579406819,-254.54395015612113,30.17943400136619,3.938639662289854e-08
E_Northern_Kordofan,f5,241,78,0.79788475861237,0.22114777049242754,0.11048791737938146,0.8584359000910582,7.7695002354280405,False,False,False,True,0.888660342008921,0.16929514224879613,0.3679168019415823,False,True,-295.8735424037243,-275.32596701431214,41.09515077882429,1.4499562876966943e-10,0.79788475861237,0.22114777049242754,0.11048791737938146,0.8584359000910582,7.7695002354280405,-275.32596701431214,41.09515077882429,1.4499562876966943e-10
E_Plateau_of_Tibet,f5,241,78,0.9141951025173931,0.12554640456864855,0.2832817453005964,0.3262962949132665,1.1518437044611767,False,False,False,True,0.9178163627139291,0.11954294313175783,0.3031704422890123,False,True,-268.88479687151283,-268.75115780428973,0.26727813444620097,0.6051634944283604,0.9141951025173931,0.12554640456864855,0.2832817453005964,0.3262962949132665,1.1518437044611767,-268.75115780428973,0.26727813444620097,0.6051634944283604
E_Qinghai_Lake,f5,241,78,0.940458079066503,0.08434204471956697,0.2138242786437989,0.3869883489467398,1.8098428831433486,False,False,False,True,0.9377792989521672,0.08919510413657619,0.2646708087692206,False,True,-248.55231394782103,-245.72166545224087,5.661296991160327,0.01734329322207001,0.940458079066503,0.08434204471956697,0.2138242786437989,0.3869883489467398,1.8098428831433486,-245.72166545224087,5.661296991160327,0.01734329322207001
E_Rift_Valley,f5,241,78,0.9144198232329621,0.1669428266282354,0.006935077459545988,0.0739343158829988,10.66092142651266,False,False,False,True,0.9163206996149108,0.1631818279632366,0.031128943598926755,False,True,-164.05125820866877,-160.27450216201632,7.553512093304903,0.005989322975013274,0.9144198232329621,0.1669428266282354,0.006935077459545988,0.0739343158829988,10.66092142651266,-160.27450216201632,7.553512093304903,0.005989322975013274
E_Rub_al_Khali_Desert,f5,241,78,0.4197347317644995,0.6006799262652782,8.827599619209234e-07,0.6931915908296037,785254.9058989821,False,True,False,True,0.3898952484457808,0.844146108277342,2.977960699614891e-06,False,True,-322.9652854940444,-313.71944166148006,18.491687665128666,1.70646933621531e-05,0.4197347317644995,0.6006799262652782,8.827599619209234e-07,0.6931915908296037,785254.9058989821,-313.71944166148006,18.491687665128666,1.70646933621531e-05
E_Sahara,f5,241,78,0.9055800086883246,0.05729887971147899,0.7254569272234205,0.6868420549170984,0.9467716540331143,False,False,False,True,0.9060885789523663,0.057204027309246536,0.7128349334758143,False,True,-327.83116314775066,-327.800699404734,0.06092748603327891,0.805035971215958,0.9055800086883246,0.05729887971147899,0.7254569272234205,0.6868420549170984,0.9467716540331143,-327.800699404734,0.06092748603327891,0.805035971215958
E_Saharan_and_Algerian_Atlas,f5,241,78,0.9853039629058375,0.035918685347233976,0.11294746982921039,0.1739178346181461,1.5398116919407752,False,False,False,True,0.9858833691144887,0.03471617111176182,0.13425545180739407,False,True,-163.19923214990166,-161.62620611992176,3.1460520599598,0.0761109030860074,0.9853039629058375,0.035918685347233976,0.11294746982921039,0.1739178346181461,1.5398116919407752,-161.62620611992176,3.1460520599598,0.0761109030860074
E_Salinas_Grande_Mar_Chiquita,f5,241,78,0.9622230790643748,0.06905674314225806,0.11752611590701746,0.101736203661421,0.8656476296886312,False,False,False,True,0.9619290187796032,0.0698298688886902,0.11163266236011579,False,True,-172.2439075258335,-172.12172879972925,0.24435745220847593,0.6210764959080188,0.9622230790643748,0.06905674314225806,0.11752611590701746,0.101736203661421,0.8656476296886312,-172.12172879972925,0.24435745220847593,0.6210764959080188
E_South_Interior_Africa,f5,241,78,0.9376955342415505,0.11947074756914192,5.044508796903074e-09,2.0024754110027833e-11,0.0039696142709318765,False,True,True,True,0.9376946941333241,0.11947436635447284,4.088634976877552e-10,True,True,-94.1579130427089,-94.15791347221447,-8.590111519879429e-07,1.0,0.9376955342415505,0.11947074756914192,5.044508796903074e-09,2.0024754110027833e-11,0.0039696142709318765,-94.15791347221447,-8.590111519879429e-07,1.0
E_Syr_Darya,f5,241,78,0.9390222708625228,0.1191089165987182,0.11530033384889703,0.17496310663341777,1.51745533419452,False,False,False,True,0.9341532986881691,0.12870646683212272,0.1267200260088857,False,True,-210.10914740232514,-209.31479258705318,1.5887096305439172,0.20751058851773183,0.9390222708625228,0.1191089165987182,0.11530033384889703,0.17496310663341777,1.51745533419452,-209.31479258705318,1.5887096305439172,0.20751058851773183
E_Tarim_He_Lop_Nur,f5,241,78,0.856467112895392,0.20363121934713083,0.17136030747819578,0.29505544613939644,1.7218424177777567,False,False,False,True,0.8657018746328395,0.18600719949678918,0.22640926287944263,False,True,-263.0331359654224,-261.6049484155129,2.8563750998189334,0.09101238498393875,0.856467112895392,0.20363121934713083,0.17136030747819578,0.29505544613939644,1.7218424177777567,-261.6049484155129,2.8563750998189334,0.09101238498393875
E_Turpan_Pendi,f5,241,78,0.9188122576733214,0.09358173684247721,0.20275366178068246,0.7191966594766689,3.547145107813737,False,False,False,True,0.9036764238198723,0.12007350469215904,0.33820419765935095,False,True,-276.84843697433257,-263.545820888708,26.6052321712491,2.4956697687718813e-07,0.9188122576733214,0.09358173684247721,0.20275366178068246,0.7191966594766689,3.547145107813737,-263.545820888708,26.6052321712491,2.4956697687718813e-07
E_Upper_Lake_Chad,f5,241,78,0.9192452735132405,0.16485942051256086,0.18289060477805763,0.22790365940347632,1.2461201037639038,False,False,False,True,0.9149826044595895,0.17275749659104697,0.19113977369705346,False,True,-251.56384946857835,-251.34112567684787,0.44544758346097524,0.504504790315637,0.9192452735132405,0.16485942051256086,0.18289060477805763,0.22790365940347632,1.2461201037639038,-251.34112567684787,0.44544758346097524,0.504504790315637
R_Amazon_River,f5,241,78,0.922588965753058,0.14234048287655499,3.9668958880069594e-10,6.735178474401213e-10,1.6978460399637785,False,True,True,True,0.9225783823223584,0.14234088571095996,2.439803945270492e-09,True,True,-114.93331872094939,-114.93331800986668,1.4221654112134274e-06,0.9990484863683812,0.922588965753058,0.14234048287655499,3.9668958880069594e-10,6.735178474401213e-10,1.6978460399637785,-114.93331800986668,1.4221654112134274e-06,0.9990484863683812
R_Amur_River,f5,241,78,0.8836225757234484,0.22994873359766238,7.611034498683462e-09,0.03351352266264243,4403280.877052853,False,True,False,True,0.8756546089423811,0.24817524305316888,7.285638371723693e-08,True,True,-181.0238503801682,-180.41032743484766,1.2270458906410795,0.26798231215887314,0.8836225757234484,0.22994873359766238,7.611034498683462e-09,0.03351352266264243,4403280.877052853,-180.41032743484766,1.2270458906410795,0.26798231215887314
R_Colorado_River_Argentina,f5,241,78,0.9521340406803461,0.09504763173374497,0.1058446802857354,0.09460136845970935,0.8937753716514243,False,False,False,True,0.951607215058508,0.09621627981704622,0.10118783690953949,False,True,-180.75556328368228,-180.69659503949887,0.11793648836680859,0.7312834005025676,0.9521340406803461,0.09504763173374497,0.1058446802857354,0.09460136845970935,0.8937753716514243,-180.69659503949887,0.11793648836680859,0.7312834005025676
R_Colorado_River_of_the_West_North_America,f5,241,78,0.8711070930859013,0.22472321013286448,2.0130784339649348e-07,0.18740540738622763,930939.422052802,False,True,False,True,0.8653166024912703,0.24153662126765055,0.050208715184815844,False,True,-211.39193191845564,-199.79153397160385,23.20079589370357,1.45936917891139e-06,0.8711070930859013,0.22472321013286448,2.0130784339649348e-07,0.18740540738622763,930939.422052802,-199.79153397160385,23.20079589370357,1.45936917891139e-06
R_Columbia_River,f5,241,78,0.8226574541216269,0.32410389821410956,1.7557323362017492e-07,0.030526921182926273,173870.01739095646,False,True,False,True,0.8193130447198445,0.3299494291984918,0.006597558254642105,False,True,-218.184598250593,-217.76336889090618,0.842458719373667,0.3586945213956728,0.8226574541216269,0.32410389821410956,1.7557323362017492e-07,0.030526921182926273,173870.01739095646,-217.76336889090618,0.842458719373667,0.3586945213956728
R_Congo_River,f5,241,78,0.9186628589918612,0.1618863119480847,7.563238513080976e-09,0.04809073076485352,6358483.959176793,False,True,False,True,0.905367794967576,0.18862014146909314,4.4824631977562515e-09,True,True,-148.50603984437464,-145.84003141159874,5.332016865551793,0.020937143160825573,0.9186628589918612,0.1618863119480847,7.563238513080976e-09,0.04809073076485352,6358483.959176793,-145.84003141159874,5.332016865551793,0.020937143160825573
R_Danube_River,f5,241,78,0.8627913699373296,0.2452098244860842,0.0583783453700024,0.07080344179738647,1.2128374202563248,False,False,False,True,0.8622339956805514,0.24602960001811086,0.06194243400006639,False,True,-219.16504420125963,-219.116395839409,0.09729672370127673,0.7550981095881176,0.8627913699373296,0.2452098244860842,0.0583783453700024,0.07080344179738647,1.2128374202563248,-219.116395839409,0.09729672370127673,0.7550981095881176
R_Dnieper_River,f5,241,78,0.9191054056690571,0.13489151281655357,0.04777219129771454,0.19892081560735347,4.163945806205252,False,False,False,True,0.9273992228275447,0.12049899020472431,0.10808883125102457,False,True,-195.82740721622557,-188.0890202404417,15.476773951567736,8.352531123245043e-05,0.9191054056690571,0.13489151281655357,0.04777219129771454,0.19892081560735347,4.163945806205252,-188.0890202404417,15.476773951567736,8.352531123245043e-05
R_Don_River,f5,241,78,0.9599546355367782,0.06575638230708418,0.05543613009581877,0.12301556402560145,2.2190503524141163,False,False,False,True,0.959873025919848,0.06582804294551652,0.07743952070372792,False,True,-143.20325353274654,-139.68620448261294,7.034098100267215,0.007997213766816414,0.9599546355367782,0.06575638230708418,0.05543613009581877,0.12301556402560145,2.2190503524141163,-139.68620448261294,7.034098100267215,0.007997213766816414
R_Ganges_Bramaputra_Basin,f5,241,78,0.8242901588885985,0.323336751346951,0.05342791579248106,0.10430191450996817,1.9521988264540657,False,False,False,True,0.827134263126497,0.3181237444237388,0.07360897628407241,False,True,-246.01486926860167,-245.53848743527794,0.9527636666474564,0.32901682602547,0.8242901588885985,0.323336751346951,0.05342791579248106,0.10430191450996817,1.9521988264540657,-245.53848743527794,0.9527636666474564,0.32901682602547
R_Indus_River,f5,241,78,0.8788251249943492,0.223426466560255,0.004977836173884555,0.17675865515891426,35.509134689134825,False,False,False,True,0.8808273884703881,0.22434186248571106,0.06018632573938406,False,True,-210.9861544789748,-201.30813981839438,19.35602932116086,1.0847620089493709e-05,0.8788251249943492,0.223426466560255,0.004977836173884555,0.17675865515891426,35.509134689134825,-201.30813981839438,19.35602932116086,1.0847620089493709e-05
R_Lena_River,f5,241,78,0.8737338087661318,0.1964848250300208,0.09783005028668194,0.15347959038254821,1.5688389194607426,False,False,False,True,0.8692950745665488,0.20438587324833346,0.11019250246875176,False,True,-227.53316490000256,-226.9402791801062,1.1857714397927452,0.27618416936834733,0.8737338087661318,0.1964848250300208,0.09783005028668194,0.15347959038254821,1.5688389194607426,-226.9402791801062,1.1857714397927452,0.27618416936834733
R_Limpopo_River,f5,241,78,0.8347545612252311,0.29283026375441834,8.68846287611892e-08,0.07234501238043453,832656.0567955212,False,True,False,True,0.8175319559408225,0.33104354955785986,4.52747529458188e-08,True,True,-214.792985505337,-212.87155782917122,3.842855352331526,0.049958374497371526,0.8347545612252311,0.29283026375441834,8.68846287611892e-08,0.07234501238043453,832656.0567955212,-212.87155782917122,3.842855352331526,0.049958374497371526
R_Mackenzie_River,f5,241,78,0.9330209073222141,0.11733135943400581,2.6721470985951516e-09,0.03415697784277179,12782596.385030374,False,True,False,True,0.9340835307790472,0.1157093778499331,0.012370675655212614,False,True,-110.46198325951627,-107.28322004186906,6.357526435294432,0.011688438286775253,0.9330209073222141,0.11733135943400581,2.6721470985951516e-09,0.03415697784277179,12782596.385030374,-107.28322004186906,6.357526435294432,0.011688438286775253
R_Magdalena_River,f5,241,78,0.8781277093905747,0.20150779439464708,0.10467611057213363,0.11796320461028625,1.126935305157296,False,False,False,True,0.8771272030178755,0.20340775392923477,0.10765906809673728,False,True,-226.54145301753456,-226.50371611666614,0.07547380173684815,0.7835275561015991,0.8781277093905747,0.20150779439464708,0.10467611057213363,0.11796320461028625,1.126935305157296,-226.50371611666614,0.07547380173684815,0.7835275561015991
R_Mekong_River,f5,241,78,0.8314779881680223,0.3184192905120701,9.521792699514441e-08,0.027663100125834998,290524.07460252376,False,True,False,True,0.8252923595013795,0.33322370714142524,1.4634673562443806e-07,True,True,-215.7042042356208,-215.4136723305348,0.5810638101719974,0.4458956431679816,0.8314779881680223,0.3184192905120701,9.521792699514441e-08,0.027663100125834998,290524.07460252376,-215.4136723305348,0.5810638101719974,0.4458956431679816
R_Mississippi_River,f5,241,78,0.9249378630546174,0.13556547539557898,0.006145359260196321,0.010858472213984295,1.7669385554584174,False,False,False,True,0.9251590591249144,0.1352051299808839,0.00791348089044738,False,True,-120.39276045794462,-120.34164959769376,0.10222172050171707,0.7491795987494048,0.9249378630546174,0.13556547539557898,0.006145359260196321,0.010858472213984295,1.7669385554584174,-120.34164959769376,0.10222172050171707,0.7491795987494048
R_Murray_Darling_River,f5,241,78,0.9005438536350351,0.18221483771749925,1.369346906971294e-07,0.027109374763632895,197973.02367734633,False,True,False,True,0.8936475778394567,0.19732593266250834,3.156690302245786e-07,True,True,-153.7170609918127,-152.95098263160108,1.5321567204232451,0.21578904784894515,0.9005438536350351,0.18221483771749925,1.369346906971294e-07,0.027109374763632895,197973.02367734633,-152.95098263160108,1.5321567204232451,0.21578904784894515
R_Niger_River,f5,241,78,0.8953059118168996,0.18811686627208687,0.1119347493426136,0.26793736175975275,2.3936924264657184,False,False,False,True,0.8879201564065716,0.20236020960216963,0.15156986706966094,False,True,-244.7909788433131,-241.58249496482156,6.41696775698307,0.011303500322921194,0.8953059118168996,0.18811686627208687,0.1119347493426136,0.26793736175975275,2.3936924264657184,-241.58249496482156,6.41696775698307,0.011303500322921194
R_Nile_River,f5,241,78,0.9535004943753751,0.11388808000275914,0.014459013386095124,0.11147219615134583,7.709529908765829,False,False,False,True,0.9569924529150178,0.10537655721439605,0.05190385961602368,False,True,-149.11566971394123,-140.2970518755502,17.63723567678204,2.673032106408078e-05,0.9535004943753751,0.11388808000275914,0.014459013386095124,0.11147219615134583,7.709529908765829,-140.2970518755502,17.63723567678204,2.673032106408078e-05
R_Ob_River,f5,241,78,0.9339315966374026,0.14714528070323996,0.003643640968154954,0.02375088661234299,6.518448667122609,False,False,False,True,0.9325956576733953,0.14997601404828798,0.008585504407024156,False,True,-132.88807741729474,-132.2052635386603,1.3656277572688964,0.2425645182856903,0.9339315966374026,0.14714528070323996,0.003643640968154954,0.02375088661234299,6.518448667122609,-132.2052635386603,1.3656277572688964,0.2425645182856903
R_Orange_River,f5,241,78,0.8660142881598624,0.22724846599007203,5.371553669676053e-09,0.11922931654414957,22196430.28370599,False,True,False,True,0.84013414422363,0.27972230033092277,0.005691072679461209,False,True,-198.74847226527518,-192.8877930030854,11.721358524379582,0.0006178683264630738,0.8660142881598624,0.22724846599007203,5.371553669676053e-09,0.11922931654414957,22196430.28370599,-192.8877930030854,11.721358524379582,0.0006178683264630738
R_Orinoco_River,f5,241,78,0.8661646924609114,0.24506053233899214,0.011321461483936215,3.3504576267237196e-09,2.95938614592967e-07,False,False,True,True,0.8603894238365498,0.25777727009647006,2.1746081546229185e-09,True,True,-185.33425416590788,-185.21763286897024,0.2332425938752749,0.6291298481922449,0.8661646924609114,0.24506053233899214,0.011321461483936215,3.3504576267237196e-09,2.95938614592967e-07,-185.21763286897024,0.2332425938752749,0.6291298481922449
R_Parana_River,f5,241,78,0.9246656475980014,0.16453154684202476,1.1837648728502662e-10,1.0473330752518852e-08,88.4747553566207,False,True,True,True,0.9246656266882982,0.1645314701560737,1.2864333923168072e-08,True,True,-132.43438577121847,-132.43438395550797,3.631421009231417e-06,0.9984795291460027,0.9246656475980014,0.16453154684202476,1.1837648728502662e-10,1.0473330752518852e-08,88.4747553566207,-132.43438395550797,3.631421009231417e-06,0.9984795291460027
R_Parnaiba_River,f5,241,78,0.8962651200157866,0.2120309840685916,0.002145132464029,1.6181365133171308e-07,7.543294134283614e-05,False,False,True,True,0.8950977713090633,0.2145285578530805,2.8543110135045235e-09,True,True,-163.82085104308553,-163.81523172830347,0.011238629564104485,0.9155725115685021,0.8962651200157866,0.2120309840685916,0.002145132464029,1.6181365133171308e-07,7.543294134283614e-05,-163.81523172830347,0.011238629564104485,0.9155725115685021
R_Rio_Grande_Rio_Bravo,f5,241,78,0.8713942334540645,0.2367480734635803,1.0015227985888735e-07,0.1378281603644233,1376185.949622121,False,True,False,True,0.8527617083493801,0.2806718146355374,0.01591511091110192,False,True,-206.0141330338763,-199.65820061879288,12.71186483016686,0.0003633429204571106,0.8713942334540645,0.2367480734635803,1.0015227985888735e-07,0.1378281603644233,1376185.949622121,-199.65820061879288,12.71186483016686,0.0003633429204571106
R_Saint_Lawrence_River,f5,241,78,0.955866797353889,0.09315155505979984,5.537702917678306e-09,0.03907753272525977,7056632.200422032,False,True,False,True,0.9499033639345753,0.10565852279800154,0.005631868335823072,False,True,-90.52227848653115,-85.13927069062932,10.766015591803665,0.0010338082168976199,0.955866797353889,0.09315155505979984,5.537702917678306e-09,0.03907753272525977,7056632.200422032,-85.13927069062932,10.766015591803665,0.0010338082168976199
R_Sao_Francisco_River,f5,241,78,0.8847157754505033,0.22745939564323048,9.017011313974437e-08,6.8472561362236715e-09,0.07593709154619657,False,True,True,True,0.8846490841905004,0.22743685167474598,3.85319396419639e-07,True,True,-170.67729072644235,-170.67728476178266,1.1929319384762493e-05,0.9972442042179298,0.8847157754505033,0.22745939564323048,9.017011313974437e-08,6.8472561362236715e-09,0.07593709154619657,-170.67728476178266,1.1929319384762493e-05,0.9972442042179298
R_Saskatchewan_Nelson_Rivers,f5,241,78,0.9457014844753828,0.10887938474765771,4.764360128703862e-10,0.014172666440842866,29747261.033977553,False,True,False,True,0.9417671977396584,0.11725836423261918,6.394641492561364e-10,True,True,-91.99991339799143,-91.20943384970995,1.5809590965629639,0.2086225974627448,0.9457014844753828,0.10887938474765771,4.764360128703862e-10,0.014172666440842866,29747261.033977553,-91.20943384970995,1.5809590965629639,0.2086225974627448
R_Senegal_River,f5,241,78,0.7978282584348014,0.2763721526128099,0.06909556632256779,0.5418835990764554,7.842523448562676,False,False,False,True,0.8162099944326513,0.25551125084380044,0.2384172569957155,False,True,-280.9572686879699,-266.18721127969684,29.540114816546065,5.477128176441255e-08,0.7978282584348014,0.2763721526128099,0.06909556632256779,0.5418835990764554,7.842523448562676,-266.18721127969684,29.540114816546065,5.477128176441255e-08
R_Shebelli_Juba_Rivers,f5,241,78,0.8827567204869589,0.15644985245260284,0.06244152320371996,0.543372806550564,8.702106846076946,False,False,False,True,0.8586975460086075,0.21064206196189011,0.16855015533708012,False,True,-251.40767096316048,-229.0681558957492,44.6790301348226,2.321301806436387e-11,0.8827567204869589,0.15644985245260284,0.06244152320371996,0.543372806550564,8.702106846076946,-229.0681558957492,44.6790301348226,2.321301806436387e-11
R_Tigris_Euphrates_River,f5,241,78,0.9398838540296822,0.09984752218039493,0.025359308846074728,0.1041887608649547,4.108501595897464,False,False,False,True,0.943151166248957,0.09477876595647175,0.05504377170453598,False,True,-143.5490386305439,-137.34511822310225,12.407840814883286,0.00042753491578552513,0.9398838540296822,0.09984752218039493,0.025359308846074728,0.1041887608649547,4.108501595897464,-137.34511822310225,12.407840814883286,0.00042753491578552513
R_Tocantins_River,f5,241,78,0.8141634530494531,0.3412943328159885,8.88927040172574e-09,4.3482350344604015e-10,0.04891554467300541,False,True,True,True,0.814192692434589,0.34129438583277444,3.32043490299302e-08,True,True,-218.4217197571961,-218.42171898135953,1.5516731082243496e-06,0.999006106006649,0.8141634530494531,0.3412943328159885,8.88927040172574e-09,4.3482350344604015e-10,0.04891554467300541,-218.42171898135953,1.5516731082243496e-06,0.999006106006649
R_Volga_River,f5,241,78,0.8364022713347352,0.3005020999148724,0.00022048723612502885,4.143701457786076e-06,0.01879338473559694,False,False,False,True,0.836273152699953,0.30075662205998893,1.3046955038008318e-07,True,True,-203.52245520900578,-203.52228081353377,0.00034879094403095223,0.9850996175393072,0.8364022713347352,0.3005020999148724,0.00022048723612502885,4.143701457786076e-06,0.01879338473559694,-203.52228081353377,0.00034879094403095223,0.9850996175393072
R_Volta_River,f5,241,78,0.9278399132678965,0.11586972665754473,0.20538974011072306,0.22093693823651886,1.075696079645529,False,False,False,True,0.9283992973951468,0.11480295747320438,0.21146435887737394,False,True,-239.66072920613385,-239.62746509301215,0.06652822624340615,0.796460420676451,0.9278399132678965,0.11586972665754473,0.20538974011072306,0.22093693823651886,1.075696079645529,-239.62746509301215,0.06652822624340615,0.796460420676451
R_Yangtze_River,f5,241,78,0.7148964019081692,0.4291499668537644,0.01945600849634184,0.18616367460239347,9.5684412677655,False,False,False,True,0.6789812960629871,0.5294168983892397,5.757630153381169e-07,True,True,-269.5089436516836,-267.6855632641217,3.6467607751237665,0.05617837193693601,0.7148964019081692,0.4291499668537644,0.01945600849634184,0.18616367460239347,9.5684412677655,-267.6855632641217,3.6467607751237665,0.05617837193693601
R_Yellow_River_Huang_He,f5,241,78,0.8181952843616631,0.2784517442169995,0.10905864604295078,0.25732442116907184,2.359505004928534,False,False,False,True,0.7973275215823648,0.3176342318883029,0.1284729808633591,False,True,-263.9027370440886,-261.92045815613756,3.964557775902108,0.04646772594108528,0.8181952843616631,0.2784517442169995,0.10905864604295078,0.25732442116907184,2.359505004928534,-261.92045815613756,3.964557775902108,0.04646772594108528
R_Yenisey_River,f5,241,78,0.8943763103284406,0.19291782419121858,0.17771571193827754,0.21683171474131416,1.2201043586772002,False,False,False,True,0.8936244892397074,0.19362877420977406,0.19001512237191423,False,True,-255.9730819699637,-255.80055667242462,0.34505059507813485,0.556928329601571,0.8943763103284406,0.19291782419121858,0.17771571193827754,0.21683171474131416,1.2201043586772002,-255.80055667242462,0.34505059507813485,0.556928329601571
R_Yukon_River,f5,241,78,0.7263117497651979,0.4507077729511332,0.01572166571029618,0.059181143080968536,3.7643048880126346,False,False,False,True,0.7446706956900538,0.41183466796316115,0.056574110199096944,False,True,-261.6872984644673,-261.4513712011896,0.47185452655537574,0.4921352345635547,0.7263117497651979,0.4507077729511332,0.01572166571029618,0.059181143080968536,3.7643048880126346,-261.4513712011896,0.47185452655537574,0.4921352345635547
R_Zambezi_River,f5,241,78,0.9376336410926249,0.12995217152106062,5.9622561615264505e-09,2.029417607795802e-17,3.403774599439942e-09,False,True,True,True,0.9376315584847809,0.1299522156087257,4.611388259904241e-09,True,True,-104.28861448471982,-104.2886137097947,1.5498502250466117e-06,0.9990066899840707,0.9376336410926249,0.12995217152106062,5.9622561615264505e-09,2.029417607795802e-17,3.403774599439942e-09,-104.2886137097947,1.5498502250466117e-06,0.9990066899840707
