target_date,sum,count,model,fold,horizon
2019-07-01,199.58674113580207,234,lstm_corr_top1_rand0,f1,1
2019-08-01,285.2291953527379,234,lstm_corr_top1_rand0,f1,1
2019-09-01,182.5999472201507,234,lstm_corr_top1_rand0,f1,1
2019-10-01,253.77133355974036,234,lstm_corr_top1_rand0,f1,1
2019-11-01,268.19140743639053,234,lstm_corr_top1_rand0,f1,1
2019-12-01,257.6395162908179,234,lstm_corr_top1_rand0,f1,1
2020-01-01,242.94041780732485,234,lstm_corr_top1_rand0,f1,1
2020-02-01,185.80004753337192,234,lstm_corr_top1_rand0,f1,1
2020-03-01,249.1949807569794,234,lstm_corr_top1_rand0,f1,1
2020-04-01,250.16331016320774,234,lstm_corr_top1_rand0,f1,1
2020-05-01,230.1100602692487,234,lstm_corr_top1_rand0,f1,1
2020-06-01,209.98526610743127,234,lstm_corr_top1_rand0,f1,1
2020-07-01,298.81008978275077,234,lstm_corr_top1_rand0,f1,1
2020-08-01,259.28925856351174,234,lstm_corr_top1_rand0,f1,1
2020-09-01,445.86201696152733,234,lstm_corr_top1_rand0,f1,1
2020-10-01,275.64891232624626,234,lstm_corr_top1_rand0,f1,1
2020-11-01,234.27399551792547,234,lstm_corr_top1_rand0,f1,1
2019-07-01,184.71143484698484,234,lstm_corr_top1_era5_rand0,f1,1
2019-08-01,239.93070553927657,234,lstm_corr_top1_era5_rand0,f1,1
2019-09-01,160.68478684905932,234,lstm_corr_top1_era5_rand0,f1,1
2019-10-01,243.8058726888054,234,lstm_corr_top1_era5_rand0,f1,1
2019-11-01,257.34810534758054,234,lstm_corr_top1_era5_rand0,f1,1
2019-12-01,203.49682812884367,234,lstm_corr_top1_era5_rand0,f1,1
2020-01-01,233.37858344480222,234,lstm_corr_top1_era5_rand0,f1,1
2020-02-01,162.21916632991508,234,lstm_corr_top1_era5_rand0,f1,1
2020-03-01,242.81177977115803,234,lstm_corr_top1_era5_rand0,f1,1
2020-04-01,218.69321933742032,234,lstm_corr_top1_era5_rand0,f1,1
2020-05-01,188.037447084515,234,lstm_corr_top1_era5_rand0,f1,1
2020-06-01,194.68145262010876,234,lstm_corr_top1_era5_rand0,f1,1
2020-07-01,258.8161311608693,234,lstm_corr_top1_era5_rand0,f1,1
2020-08-01,237.58823119368606,234,lstm_corr_top1_era5_rand0,f1,1
2020-09-01,402.5387485293976,234,lstm_corr_top1_era5_rand0,f1,1
2020-10-01,274.5305885190811,234,lstm_corr_top1_era5_rand0,f1,1
2020-11-01,220.12953487285301,234,lstm_corr_top1_era5_rand0,f1,1
2019-07-01,200.26399169134703,234,lstm_corr_top1_rand1,f1,1
2019-08-01,285.3976525814287,234,lstm_corr_top1_rand1,f1,1
2019-09-01,183.05568250109485,234,lstm_corr_top1_rand1,f1,1
2019-10-01,251.53056213287883,234,lstm_corr_top1_rand1,f1,1
2019-11-01,268.49222539419384,234,lstm_corr_top1_rand1,f1,1
2019-12-01,254.91242146136324,234,lstm_corr_top1_rand1,f1,1
2020-01-01,242.53060271868102,234,lstm_corr_top1_rand1,f1,1
2020-02-01,185.4964920050848,234,lstm_corr_top1_rand1,f1,1
2020-03-01,249.17707292386947,234,lstm_corr_top1_rand1,f1,1
2020-04-01,248.75567923242875,234,lstm_corr_top1_rand1,f1,1
2020-05-01,231.87195465805254,234,lstm_corr_top1_rand1,f1,1
2020-06-01,212.59311662017237,234,lstm_corr_top1_rand1,f1,1
2020-07-01,299.89320324568445,234,lstm_corr_top1_rand1,f1,1
2020-08-01,260.6228036260208,234,lstm_corr_top1_rand1,f1,1
2020-09-01,443.4261988604164,234,lstm_corr_top1_rand1,f1,1
2020-10-01,276.74995917316284,234,lstm_corr_top1_rand1,f1,1
2020-11-01,233.3896045539349,234,lstm_corr_top1_rand1,f1,1
2019-07-01,176.58401797489884,234,lstm_corr_top1_era5_rand1,f1,1
2019-08-01,236.39851537789906,234,lstm_corr_top1_era5_rand1,f1,1
2019-09-01,161.70452388184023,234,lstm_corr_top1_era5_rand1,f1,1
2019-10-01,244.84943608014572,234,lstm_corr_top1_era5_rand1,f1,1
2019-11-01,258.4147163466823,234,lstm_corr_top1_era5_rand1,f1,1
2019-12-01,206.19874780409833,234,lstm_corr_top1_era5_rand1,f1,1
2020-01-01,232.47279402390387,234,lstm_corr_top1_era5_rand1,f1,1
2020-02-01,161.98715782101317,234,lstm_corr_top1_era5_rand1,f1,1
2020-03-01,241.0172377677891,234,lstm_corr_top1_era5_rand1,f1,1
2020-04-01,216.370598306062,234,lstm_corr_top1_era5_rand1,f1,1
2020-05-01,185.40919169688863,234,lstm_corr_top1_era5_rand1,f1,1
2020-06-01,193.7854982517314,234,lstm_corr_top1_era5_rand1,f1,1
2020-07-01,257.5044121010619,234,lstm_corr_top1_era5_rand1,f1,1
2020-08-01,230.38956502606771,234,lstm_corr_top1_era5_rand1,f1,1
2020-09-01,403.15826422543444,234,lstm_corr_top1_era5_rand1,f1,1
2020-10-01,275.08497330909347,234,lstm_corr_top1_era5_rand1,f1,1
2020-11-01,225.1419277892861,234,lstm_corr_top1_era5_rand1,f1,1
2019-07-01,198.31102274078373,234,lstm_corr_top1_rand2,f1,1
2019-08-01,284.05090458160214,234,lstm_corr_top1_rand2,f1,1
2019-09-01,180.44863613665265,234,lstm_corr_top1_rand2,f1,1
2019-10-01,250.17839656369958,234,lstm_corr_top1_rand2,f1,1
2019-11-01,268.95281129917095,234,lstm_corr_top1_rand2,f1,1
2019-12-01,253.83858990336026,234,lstm_corr_top1_rand2,f1,1
2020-01-01,241.33320183958716,234,lstm_corr_top1_rand2,f1,1
2020-02-01,185.86337614021267,234,lstm_corr_top1_rand2,f1,1
2020-03-01,248.19598110079994,234,lstm_corr_top1_rand2,f1,1
2020-04-01,250.9423582811489,234,lstm_corr_top1_rand2,f1,1
2020-05-01,233.35673136242002,234,lstm_corr_top1_rand2,f1,1
2020-06-01,212.16139217596944,234,lstm_corr_top1_rand2,f1,1
2020-07-01,300.3947983481727,234,lstm_corr_top1_rand2,f1,1
2020-08-01,265.89757597307266,234,lstm_corr_top1_rand2,f1,1
2020-09-01,449.06493049452854,234,lstm_corr_top1_rand2,f1,1
2020-10-01,277.07140696050044,234,lstm_corr_top1_rand2,f1,1
2020-11-01,238.43257093866276,234,lstm_corr_top1_rand2,f1,1
2019-07-01,183.89361849025116,234,lstm_corr_top1_era5_rand2,f1,1
2019-08-01,235.52018131642146,234,lstm_corr_top1_era5_rand2,f1,1
2019-09-01,160.705815436837,234,lstm_corr_top1_era5_rand2,f1,1
2019-10-01,245.12192424975228,234,lstm_corr_top1_era5_rand2,f1,1
2019-11-01,259.1941536050949,234,lstm_corr_top1_era5_rand2,f1,1
2019-12-01,200.1128281517662,234,lstm_corr_top1_era5_rand2,f1,1
2020-01-01,234.42949860251213,234,lstm_corr_top1_era5_rand2,f1,1
2020-02-01,159.91210646351058,234,lstm_corr_top1_era5_rand2,f1,1
2020-03-01,241.2575657592226,234,lstm_corr_top1_era5_rand2,f1,1
2020-04-01,220.4416334919937,234,lstm_corr_top1_era5_rand2,f1,1
2020-05-01,185.42986175345123,234,lstm_corr_top1_era5_rand2,f1,1
2020-06-01,199.81841402184264,234,lstm_corr_top1_era5_rand2,f1,1
2020-07-01,263.8206682108793,234,lstm_corr_top1_era5_rand2,f1,1
2020-08-01,235.33395928699662,234,lstm_corr_top1_era5_rand2,f1,1
2020-09-01,407.3498382347391,234,lstm_corr_top1_era5_rand2,f1,1
2020-10-01,281.4317002763791,234,lstm_corr_top1_era5_rand2,f1,1
2020-11-01,231.08055153287634,234,lstm_corr_top1_era5_rand2,f1,1
2019-07-01,198.01169123259186,234,lstm_corr_top1_rand3,f1,1
2019-08-01,282.97144717938914,234,lstm_corr_top1_rand3,f1,1
2019-09-01,182.2588368409426,234,lstm_corr_top1_rand3,f1,1
2019-10-01,252.7126318303962,234,lstm_corr_top1_rand3,f1,1
2019-11-01,267.84156191547623,234,lstm_corr_top1_rand3,f1,1
2019-12-01,259.15427785383247,234,lstm_corr_top1_rand3,f1,1
2020-01-01,240.83838903500686,234,lstm_corr_top1_rand3,f1,1
2020-02-01,185.12020158986914,234,lstm_corr_top1_rand3,f1,1
2020-03-01,248.38704040729385,234,lstm_corr_top1_rand3,f1,1
2020-04-01,250.2029614948721,234,lstm_corr_top1_rand3,f1,1
2020-05-01,232.58571400235655,234,lstm_corr_top1_rand3,f1,1
2020-06-01,212.51806346892263,234,lstm_corr_top1_rand3,f1,1
2020-07-01,294.9674579991648,234,lstm_corr_top1_rand3,f1,1
2020-08-01,261.0099055035144,234,lstm_corr_top1_rand3,f1,1
2020-09-01,444.76878105839137,234,lstm_corr_top1_rand3,f1,1
2020-10-01,272.90852150293125,234,lstm_corr_top1_rand3,f1,1
2020-11-01,233.39418875002048,234,lstm_corr_top1_rand3,f1,1
2019-07-01,180.46244650205554,234,lstm_corr_top1_era5_rand3,f1,1
2019-08-01,237.93071697672767,234,lstm_corr_top1_era5_rand3,f1,1
2019-09-01,161.23698447309496,234,lstm_corr_top1_era5_rand3,f1,1
2019-10-01,245.20568394070528,234,lstm_corr_top1_era5_rand3,f1,1
2019-11-01,256.9135979516967,234,lstm_corr_top1_era5_rand3,f1,1
2019-12-01,207.6803343348466,234,lstm_corr_top1_era5_rand3,f1,1
2020-01-01,233.62194885800082,234,lstm_corr_top1_era5_rand3,f1,1
2020-02-01,164.0265348236759,234,lstm_corr_top1_era5_rand3,f1,1
2020-03-01,241.76377367520698,234,lstm_corr_top1_era5_rand3,f1,1
2020-04-01,218.58385324487972,234,lstm_corr_top1_era5_rand3,f1,1
2020-05-01,185.66295428648857,234,lstm_corr_top1_era5_rand3,f1,1
2020-06-01,190.54597723420193,234,lstm_corr_top1_era5_rand3,f1,1
2020-07-01,257.589078772485,234,lstm_corr_top1_era5_rand3,f1,1
2020-08-01,240.53461684124142,234,lstm_corr_top1_era5_rand3,f1,1
2020-09-01,410.3906488363731,234,lstm_corr_top1_era5_rand3,f1,1
2020-10-01,276.7295178990513,234,lstm_corr_top1_era5_rand3,f1,1
2020-11-01,226.20317179204724,234,lstm_corr_top1_era5_rand3,f1,1
2019-07-01,200.55648812783951,234,lstm_corr_top1_rand4,f1,1
2019-08-01,284.9831507703673,234,lstm_corr_top1_rand4,f1,1
2019-09-01,183.15058263410975,234,lstm_corr_top1_rand4,f1,1
2019-10-01,252.74077581802928,234,lstm_corr_top1_rand4,f1,1
2019-11-01,271.8243283472242,234,lstm_corr_top1_rand4,f1,1
2019-12-01,255.8590600401602,234,lstm_corr_top1_rand4,f1,1
2020-01-01,244.48786018687187,234,lstm_corr_top1_rand4,f1,1
2020-02-01,187.15011968498126,234,lstm_corr_top1_rand4,f1,1
2020-03-01,251.81810551851225,234,lstm_corr_top1_rand4,f1,1
2020-04-01,253.84204718756197,234,lstm_corr_top1_rand4,f1,1
2020-05-01,238.0094770686069,234,lstm_corr_top1_rand4,f1,1
2020-06-01,213.91271506934933,234,lstm_corr_top1_rand4,f1,1
2020-07-01,303.327136584016,234,lstm_corr_top1_rand4,f1,1
2020-08-01,269.57486344384444,234,lstm_corr_top1_rand4,f1,1
2020-09-01,455.8127165979633,234,lstm_corr_top1_rand4,f1,1
2020-10-01,282.2741149395984,234,lstm_corr_top1_rand4,f1,1
2020-11-01,243.2451444024531,234,lstm_corr_top1_rand4,f1,1
2019-07-01,186.22921141376708,234,lstm_corr_top1_era5_rand4,f1,1
2019-08-01,238.62458373443008,234,lstm_corr_top1_era5_rand4,f1,1
2019-09-01,163.65408446890348,234,lstm_corr_top1_era5_rand4,f1,1
2019-10-01,246.40983861760262,234,lstm_corr_top1_era5_rand4,f1,1
2019-11-01,259.3114872944255,234,lstm_corr_top1_era5_rand4,f1,1
2019-12-01,207.13233103241382,234,lstm_corr_top1_era5_rand4,f1,1
2020-01-01,232.11301025645128,234,lstm_corr_top1_era5_rand4,f1,1
2020-02-01,162.74414769215892,234,lstm_corr_top1_era5_rand4,f1,1
2020-03-01,237.57398699474112,234,lstm_corr_top1_era5_rand4,f1,1
2020-04-01,217.33486146652115,234,lstm_corr_top1_era5_rand4,f1,1
2020-05-01,186.3600343589763,234,lstm_corr_top1_era5_rand4,f1,1
2020-06-01,198.8314222805415,234,lstm_corr_top1_era5_rand4,f1,1
2020-07-01,259.8466089789501,234,lstm_corr_top1_era5_rand4,f1,1
2020-08-01,235.93400542524552,234,lstm_corr_top1_era5_rand4,f1,1
2020-09-01,407.24981017116386,234,lstm_corr_top1_era5_rand4,f1,1
2020-10-01,285.11290900556685,234,lstm_corr_top1_era5_rand4,f1,1
2020-11-01,230.2865306599625,234,lstm_corr_top1_era5_rand4,f1,1
2019-07-01,197.8280315237673,234,lstm_corr_top1_rand5,f1,1
2019-08-01,282.6136769685828,234,lstm_corr_top1_rand5,f1,1
2019-09-01,182.9275444953325,234,lstm_corr_top1_rand5,f1,1
2019-10-01,253.27479642869605,234,lstm_corr_top1_rand5,f1,1
2019-11-01,268.767263154375,234,lstm_corr_top1_rand5,f1,1
2019-12-01,256.66360733038493,234,lstm_corr_top1_rand5,f1,1
2020-01-01,241.32466857142555,234,lstm_corr_top1_rand5,f1,1
2020-02-01,185.7765968440807,234,lstm_corr_top1_rand5,f1,1
2020-03-01,245.32670282997435,234,lstm_corr_top1_rand5,f1,1
2020-04-01,245.2923023102544,234,lstm_corr_top1_rand5,f1,1
2020-05-01,229.73061906368,234,lstm_corr_top1_rand5,f1,1
2020-06-01,211.50551966498932,234,lstm_corr_top1_rand5,f1,1
2020-07-01,296.8584101001619,234,lstm_corr_top1_rand5,f1,1
2020-08-01,255.53594956495093,234,lstm_corr_top1_rand5,f1,1
2020-09-01,442.153355444903,234,lstm_corr_top1_rand5,f1,1
2020-10-01,273.4850126957531,234,lstm_corr_top1_rand5,f1,1
2020-11-01,230.00088321829313,234,lstm_corr_top1_rand5,f1,1
2019-07-01,183.17401188243025,234,lstm_corr_top1_era5_rand5,f1,1
2019-08-01,237.38361432043337,234,lstm_corr_top1_era5_rand5,f1,1
2019-09-01,159.7473130197491,234,lstm_corr_top1_era5_rand5,f1,1
2019-10-01,248.03105519910386,234,lstm_corr_top1_era5_rand5,f1,1
2019-11-01,256.779706826185,234,lstm_corr_top1_era5_rand5,f1,1
2019-12-01,201.64976344283835,234,lstm_corr_top1_era5_rand5,f1,1
2020-01-01,231.96889608562145,234,lstm_corr_top1_era5_rand5,f1,1
2020-02-01,164.53553240738447,234,lstm_corr_top1_era5_rand5,f1,1
2020-03-01,246.8799520918404,234,lstm_corr_top1_era5_rand5,f1,1
2020-04-01,217.2398139328685,234,lstm_corr_top1_era5_rand5,f1,1
2020-05-01,185.1350425820625,234,lstm_corr_top1_era5_rand5,f1,1
2020-06-01,198.87394018654533,234,lstm_corr_top1_era5_rand5,f1,1
2020-07-01,259.994085501221,234,lstm_corr_top1_era5_rand5,f1,1
2020-08-01,229.16465963056538,234,lstm_corr_top1_era5_rand5,f1,1
2020-09-01,402.40467570690623,234,lstm_corr_top1_era5_rand5,f1,1
2020-10-01,279.147128780795,234,lstm_corr_top1_era5_rand5,f1,1
2020-11-01,223.19044161211755,234,lstm_corr_top1_era5_rand5,f1,1
2019-07-01,201.78472619678945,234,lstm_corr_top1_rand6,f1,1
2019-08-01,287.55401229053456,234,lstm_corr_top1_rand6,f1,1
2019-09-01,183.4486965515835,234,lstm_corr_top1_rand6,f1,1
2019-10-01,252.86854552465422,234,lstm_corr_top1_rand6,f1,1
2019-11-01,270.0184465401825,234,lstm_corr_top1_rand6,f1,1
2019-12-01,256.447710391048,234,lstm_corr_top1_rand6,f1,1
2020-01-01,242.3222345205702,234,lstm_corr_top1_rand6,f1,1
2020-02-01,183.94887108238504,234,lstm_corr_top1_rand6,f1,1
2020-03-01,250.26236688159986,234,lstm_corr_top1_rand6,f1,1
2020-04-01,250.87154350843883,234,lstm_corr_top1_rand6,f1,1
2020-05-01,230.8323277215789,234,lstm_corr_top1_rand6,f1,1
2020-06-01,212.21371566855902,234,lstm_corr_top1_rand6,f1,1
2020-07-01,298.5754723726038,234,lstm_corr_top1_rand6,f1,1
2020-08-01,260.8831663513733,234,lstm_corr_top1_rand6,f1,1
2020-09-01,448.04552342597617,234,lstm_corr_top1_rand6,f1,1
2020-10-01,275.6868098378956,234,lstm_corr_top1_rand6,f1,1
2020-11-01,232.47972831308692,234,lstm_corr_top1_rand6,f1,1
2019-07-01,181.24938479644794,234,lstm_corr_top1_era5_rand6,f1,1
2019-08-01,236.82225653011164,234,lstm_corr_top1_era5_rand6,f1,1
2019-09-01,159.31520320674554,234,lstm_corr_top1_era5_rand6,f1,1
2019-10-01,249.37156144122878,234,lstm_corr_top1_era5_rand6,f1,1
2019-11-01,262.05671682717735,234,lstm_corr_top1_era5_rand6,f1,1
2019-12-01,207.8921552607971,234,lstm_corr_top1_era5_rand6,f1,1
2020-01-01,234.84145539028958,234,lstm_corr_top1_era5_rand6,f1,1
2020-02-01,166.1210035848078,234,lstm_corr_top1_era5_rand6,f1,1
2020-03-01,245.48104492709894,234,lstm_corr_top1_era5_rand6,f1,1
2020-04-01,227.03863880867223,234,lstm_corr_top1_era5_rand6,f1,1
2020-05-01,190.6992296671263,234,lstm_corr_top1_era5_rand6,f1,1
2020-06-01,195.7839979923488,234,lstm_corr_top1_era5_rand6,f1,1
2020-07-01,257.0585837870874,234,lstm_corr_top1_era5_rand6,f1,1
2020-08-01,237.70648399942814,234,lstm_corr_top1_era5_rand6,f1,1
2020-09-01,419.5453715715757,234,lstm_corr_top1_era5_rand6,f1,1
2020-10-01,288.1771528370608,234,lstm_corr_top1_era5_rand6,f1,1
2020-11-01,230.24460475049477,234,lstm_corr_top1_era5_rand6,f1,1
2019-07-01,197.06026656020967,234,lstm_corr_top1_rand7,f1,1
2019-08-01,284.68841993017656,234,lstm_corr_top1_rand7,f1,1
2019-09-01,181.6968423199406,234,lstm_corr_top1_rand7,f1,1
2019-10-01,253.3981336413309,234,lstm_corr_top1_rand7,f1,1
2019-11-01,270.43362646223545,234,lstm_corr_top1_rand7,f1,1
2019-12-01,256.0169711646963,234,lstm_corr_top1_rand7,f1,1
2020-01-01,243.45150494873138,234,lstm_corr_top1_rand7,f1,1
2020-02-01,186.82423120083908,234,lstm_corr_top1_rand7,f1,1
2020-03-01,249.4509355421642,234,lstm_corr_top1_rand7,f1,1
2020-04-01,253.08098652299543,234,lstm_corr_top1_rand7,f1,1
2020-05-01,233.16079502150606,234,lstm_corr_top1_rand7,f1,1
2020-06-01,211.74663036857925,234,lstm_corr_top1_rand7,f1,1
2020-07-01,298.9558283307506,234,lstm_corr_top1_rand7,f1,1
2020-08-01,265.1272788930245,234,lstm_corr_top1_rand7,f1,1
2020-09-01,455.7902050852349,234,lstm_corr_top1_rand7,f1,1
2020-10-01,280.6738917856509,234,lstm_corr_top1_rand7,f1,1
2020-11-01,237.54803062869232,234,lstm_corr_top1_rand7,f1,1
2019-07-01,184.4952037964542,234,lstm_corr_top1_era5_rand7,f1,1
2019-08-01,241.8953790059174,234,lstm_corr_top1_era5_rand7,f1,1
2019-09-01,160.63642048774867,234,lstm_corr_top1_era5_rand7,f1,1
2019-10-01,243.23776839343125,234,lstm_corr_top1_era5_rand7,f1,1
2019-11-01,256.3139050593573,234,lstm_corr_top1_era5_rand7,f1,1
2019-12-01,207.490034551331,234,lstm_corr_top1_era5_rand7,f1,1
2020-01-01,230.53694973468538,234,lstm_corr_top1_era5_rand7,f1,1
2020-02-01,161.45008811358363,234,lstm_corr_top1_era5_rand7,f1,1
2020-03-01,239.42122236780975,234,lstm_corr_top1_era5_rand7,f1,1
2020-04-01,215.07976259488566,234,lstm_corr_top1_era5_rand7,f1,1
2020-05-01,186.84988577473825,234,lstm_corr_top1_era5_rand7,f1,1
2020-06-01,193.1927172028636,234,lstm_corr_top1_era5_rand7,f1,1
2020-07-01,257.7297716000423,234,lstm_corr_top1_era5_rand7,f1,1
2020-08-01,238.93181964352823,234,lstm_corr_top1_era5_rand7,f1,1
2020-09-01,414.2910737190962,234,lstm_corr_top1_era5_rand7,f1,1
2020-10-01,275.67656645426837,234,lstm_corr_top1_era5_rand7,f1,1
2020-11-01,226.2244478104404,234,lstm_corr_top1_era5_rand7,f1,1
2019-07-01,198.45764751031672,234,lstm_corr_top1_rand8,f1,1
2019-08-01,284.1801148051293,234,lstm_corr_top1_rand8,f1,1
2019-09-01,181.05992261885115,234,lstm_corr_top1_rand8,f1,1
2019-10-01,251.6137043773509,234,lstm_corr_top1_rand8,f1,1
2019-11-01,269.0123027802476,234,lstm_corr_top1_rand8,f1,1
2019-12-01,253.91145232247285,234,lstm_corr_top1_rand8,f1,1
2020-01-01,241.21091026124267,234,lstm_corr_top1_rand8,f1,1
2020-02-01,184.7915722701534,234,lstm_corr_top1_rand8,f1,1
2020-03-01,247.0208308646334,234,lstm_corr_top1_rand8,f1,1
2020-04-01,249.66868197443506,234,lstm_corr_top1_rand8,f1,1
2020-05-01,232.18861653166513,234,lstm_corr_top1_rand8,f1,1
2020-06-01,213.53781255503236,234,lstm_corr_top1_rand8,f1,1
2020-07-01,302.3146014335067,234,lstm_corr_top1_rand8,f1,1
2020-08-01,264.57198054002345,234,lstm_corr_top1_rand8,f1,1
2020-09-01,449.5738754429739,234,lstm_corr_top1_rand8,f1,1
2020-10-01,275.13895004346244,234,lstm_corr_top1_rand8,f1,1
2020-11-01,235.68341233770167,234,lstm_corr_top1_rand8,f1,1
2019-07-01,182.61311335867543,234,lstm_corr_top1_era5_rand8,f1,1
2019-08-01,240.35127531376654,234,lstm_corr_top1_era5_rand8,f1,1
2019-09-01,161.8664871811905,234,lstm_corr_top1_era5_rand8,f1,1
2019-10-01,243.20226361384957,234,lstm_corr_top1_era5_rand8,f1,1
2019-11-01,255.6526168397993,234,lstm_corr_top1_era5_rand8,f1,1
2019-12-01,204.96277175565157,234,lstm_corr_top1_era5_rand8,f1,1
2020-01-01,231.6352562175737,234,lstm_corr_top1_era5_rand8,f1,1
2020-02-01,164.73409976783407,234,lstm_corr_top1_era5_rand8,f1,1
2020-03-01,238.7896255585756,234,lstm_corr_top1_era5_rand8,f1,1
2020-04-01,216.5810033740767,234,lstm_corr_top1_era5_rand8,f1,1
2020-05-01,183.71704842120283,234,lstm_corr_top1_era5_rand8,f1,1
2020-06-01,193.75922514341488,234,lstm_corr_top1_era5_rand8,f1,1
2020-07-01,251.92455249136844,234,lstm_corr_top1_era5_rand8,f1,1
2020-08-01,233.49286489232298,234,lstm_corr_top1_era5_rand8,f1,1
2020-09-01,396.41524047964936,234,lstm_corr_top1_era5_rand8,f1,1
2020-10-01,268.4840528353362,234,lstm_corr_top1_era5_rand8,f1,1
2020-11-01,217.62636926258855,234,lstm_corr_top1_era5_rand8,f1,1
2019-07-01,200.40081542035728,234,lstm_corr_top1_rand9,f1,1
2019-08-01,282.7050036500907,234,lstm_corr_top1_rand9,f1,1
2019-09-01,178.26339601896103,234,lstm_corr_top1_rand9,f1,1
2019-10-01,250.97067497948075,234,lstm_corr_top1_rand9,f1,1
2019-11-01,265.6678969474007,234,lstm_corr_top1_rand9,f1,1
2019-12-01,253.05284142285217,234,lstm_corr_top1_rand9,f1,1
2020-01-01,241.31915922636182,234,lstm_corr_top1_rand9,f1,1
2020-02-01,186.63679428505554,234,lstm_corr_top1_rand9,f1,1
2020-03-01,249.76238311767128,234,lstm_corr_top1_rand9,f1,1
2020-04-01,253.88282755176215,234,lstm_corr_top1_rand9,f1,1
2020-05-01,235.35241034638221,234,lstm_corr_top1_rand9,f1,1
2020-06-01,215.4692814178429,234,lstm_corr_top1_rand9,f1,1
2020-07-01,302.63276266706475,234,lstm_corr_top1_rand9,f1,1
2020-08-01,269.6230662736333,234,lstm_corr_top1_rand9,f1,1
2020-09-01,449.53957976564965,234,lstm_corr_top1_rand9,f1,1
2020-10-01,277.18318191140935,234,lstm_corr_top1_rand9,f1,1
2020-11-01,243.64314578723386,234,lstm_corr_top1_rand9,f1,1
2019-07-01,179.53651836659392,234,lstm_corr_top1_era5_rand9,f1,1
2019-08-01,230.72387097860917,234,lstm_corr_top1_era5_rand9,f1,1
2019-09-01,163.3620373070616,234,lstm_corr_top1_era5_rand9,f1,1
2019-10-01,247.6613680223092,234,lstm_corr_top1_era5_rand9,f1,1
2019-11-01,263.03551983959375,234,lstm_corr_top1_era5_rand9,f1,1
2019-12-01,206.15018593488426,234,lstm_corr_top1_era5_rand9,f1,1
2020-01-01,231.82000071978624,234,lstm_corr_top1_era5_rand9,f1,1
2020-02-01,164.84821669545363,234,lstm_corr_top1_era5_rand9,f1,1
2020-03-01,243.58253506495407,234,lstm_corr_top1_era5_rand9,f1,1
2020-04-01,221.6852269247196,234,lstm_corr_top1_era5_rand9,f1,1
2020-05-01,188.03705044685358,234,lstm_corr_top1_era5_rand9,f1,1
2020-06-01,196.8590849756484,234,lstm_corr_top1_era5_rand9,f1,1
2020-07-01,253.11760644203554,234,lstm_corr_top1_era5_rand9,f1,1
2020-08-01,236.29079344855913,234,lstm_corr_top1_era5_rand9,f1,1
2020-09-01,421.92758268621566,234,lstm_corr_top1_era5_rand9,f1,1
2020-10-01,288.2788153328173,234,lstm_corr_top1_era5_rand9,f1,1
2020-11-01,232.0165804133992,234,lstm_corr_top1_era5_rand9,f1,1
2019-07-01,197.79367353523844,234,lstm_corr_top1_rand10,f1,1
2019-08-01,284.4796199721238,234,lstm_corr_top1_rand10,f1,1
2019-09-01,182.95623606089111,234,lstm_corr_top1_rand10,f1,1
2019-10-01,252.0534398503328,234,lstm_corr_top1_rand10,f1,1
2019-11-01,271.0257516201174,234,lstm_corr_top1_rand10,f1,1
2019-12-01,255.301077880673,234,lstm_corr_top1_rand10,f1,1
2020-01-01,241.79049758796637,234,lstm_corr_top1_rand10,f1,1
2020-02-01,185.5885362759779,234,lstm_corr_top1_rand10,f1,1
2020-03-01,248.9295330441618,234,lstm_corr_top1_rand10,f1,1
2020-04-01,252.03652393913165,234,lstm_corr_top1_rand10,f1,1
2020-05-01,233.6464639318855,234,lstm_corr_top1_rand10,f1,1
2020-06-01,212.70790572152532,234,lstm_corr_top1_rand10,f1,1
2020-07-01,301.3911900269476,234,lstm_corr_top1_rand10,f1,1
2020-08-01,264.44828657634275,234,lstm_corr_top1_rand10,f1,1
2020-09-01,449.9401699400256,234,lstm_corr_top1_rand10,f1,1
2020-10-01,275.959852157952,234,lstm_corr_top1_rand10,f1,1
2020-11-01,236.57151450700763,234,lstm_corr_top1_rand10,f1,1
2019-07-01,179.7938142728336,234,lstm_corr_top1_era5_rand10,f1,1
2019-08-01,235.20876182459915,234,lstm_corr_top1_era5_rand10,f1,1
2019-09-01,160.61450964097853,234,lstm_corr_top1_era5_rand10,f1,1
2019-10-01,246.21044762228686,234,lstm_corr_top1_era5_rand10,f1,1
2019-11-01,258.1434274600833,234,lstm_corr_top1_era5_rand10,f1,1
2019-12-01,203.72984070948257,234,lstm_corr_top1_era5_rand10,f1,1
2020-01-01,232.63669450127392,234,lstm_corr_top1_era5_rand10,f1,1
2020-02-01,165.8233883658605,234,lstm_corr_top1_era5_rand10,f1,1
2020-03-01,239.39290921924646,234,lstm_corr_top1_era5_rand10,f1,1
2020-04-01,221.50107082992463,234,lstm_corr_top1_era5_rand10,f1,1
2020-05-01,186.83047113052453,234,lstm_corr_top1_era5_rand10,f1,1
2020-06-01,191.48954150732055,234,lstm_corr_top1_era5_rand10,f1,1
2020-07-01,255.64759176925472,234,lstm_corr_top1_era5_rand10,f1,1
2020-08-01,237.02487535933636,234,lstm_corr_top1_era5_rand10,f1,1
2020-09-01,411.4991234324729,234,lstm_corr_top1_era5_rand10,f1,1
2020-10-01,278.25217629512,234,lstm_corr_top1_era5_rand10,f1,1
2020-11-01,225.49918364904008,234,lstm_corr_top1_era5_rand10,f1,1
2019-07-01,198.485408848658,234,lstm_corr_top1_rand11,f1,1
2019-08-01,285.8653162254618,234,lstm_corr_top1_rand11,f1,1
2019-09-01,183.78152259429706,234,lstm_corr_top1_rand11,f1,1
2019-10-01,253.27120065949507,234,lstm_corr_top1_rand11,f1,1
2019-11-01,270.11000025726344,234,lstm_corr_top1_rand11,f1,1
2019-12-01,256.3588807583347,234,lstm_corr_top1_rand11,f1,1
2020-01-01,243.1721097348381,234,lstm_corr_top1_rand11,f1,1
2020-02-01,186.10232337851133,234,lstm_corr_top1_rand11,f1,1
2020-03-01,249.88342685058382,234,lstm_corr_top1_rand11,f1,1
2020-04-01,251.48416212632657,234,lstm_corr_top1_rand11,f1,1
2020-05-01,232.15022458741763,234,lstm_corr_top1_rand11,f1,1
2020-06-01,210.2440777812602,234,lstm_corr_top1_rand11,f1,1
2020-07-01,298.5389087163042,234,lstm_corr_top1_rand11,f1,1
2020-08-01,263.00109624088844,234,lstm_corr_top1_rand11,f1,1
2020-09-01,450.4467665365838,234,lstm_corr_top1_rand11,f1,1
2020-10-01,278.6046824615359,234,lstm_corr_top1_rand11,f1,1
2020-11-01,233.44800074689218,234,lstm_corr_top1_rand11,f1,1
2019-07-01,180.1964717890409,234,lstm_corr_top1_era5_rand11,f1,1
2019-08-01,240.78454027981726,234,lstm_corr_top1_era5_rand11,f1,1
2019-09-01,161.9524734185565,234,lstm_corr_top1_era5_rand11,f1,1
2019-10-01,245.66066123251068,234,lstm_corr_top1_era5_rand11,f1,1
2019-11-01,257.3291782294798,234,lstm_corr_top1_era5_rand11,f1,1
2019-12-01,207.65978662268097,234,lstm_corr_top1_era5_rand11,f1,1
2020-01-01,234.4579875551899,234,lstm_corr_top1_era5_rand11,f1,1
2020-02-01,160.89754530631635,234,lstm_corr_top1_era5_rand11,f1,1
2020-03-01,239.26984305919265,234,lstm_corr_top1_era5_rand11,f1,1
2020-04-01,216.2718659404981,234,lstm_corr_top1_era5_rand11,f1,1
2020-05-01,184.39013078493693,234,lstm_corr_top1_era5_rand11,f1,1
2020-06-01,194.61124797702738,234,lstm_corr_top1_era5_rand11,f1,1
2020-07-01,252.72948650543455,234,lstm_corr_top1_era5_rand11,f1,1
2020-08-01,242.30811022982863,234,lstm_corr_top1_era5_rand11,f1,1
2020-09-01,413.4008514522517,234,lstm_corr_top1_era5_rand11,f1,1
2020-10-01,276.77285252057163,234,lstm_corr_top1_era5_rand11,f1,1
2020-11-01,227.8288217121074,234,lstm_corr_top1_era5_rand11,f1,1
2019-07-01,199.22480659637185,234,lstm_corr_top1_rand12,f1,1
2019-08-01,283.05777510233696,234,lstm_corr_top1_rand12,f1,1
2019-09-01,179.6229802356206,234,lstm_corr_top1_rand12,f1,1
2019-10-01,249.42599170615532,234,lstm_corr_top1_rand12,f1,1
2019-11-01,265.5093960507486,234,lstm_corr_top1_rand12,f1,1
2019-12-01,252.94422920973452,234,lstm_corr_top1_rand12,f1,1
2020-01-01,240.98453478208296,234,lstm_corr_top1_rand12,f1,1
2020-02-01,184.55616200770925,234,lstm_corr_top1_rand12,f1,1
2020-03-01,245.5835613197362,234,lstm_corr_top1_rand12,f1,1
2020-04-01,247.46179617376205,234,lstm_corr_top1_rand12,f1,1
2020-05-01,229.50196409424302,234,lstm_corr_top1_rand12,f1,1
2020-06-01,213.8009901672564,234,lstm_corr_top1_rand12,f1,1
2020-07-01,296.2074411507033,234,lstm_corr_top1_rand12,f1,1
2020-08-01,258.39153012532256,234,lstm_corr_top1_rand12,f1,1
2020-09-01,440.8708385345934,234,lstm_corr_top1_rand12,f1,1
2020-10-01,271.56436448266135,234,lstm_corr_top1_rand12,f1,1
2020-11-01,233.45076705934625,234,lstm_corr_top1_rand12,f1,1
2019-07-01,182.26971758178593,234,lstm_corr_top1_era5_rand12,f1,1
2019-08-01,239.25771961496065,234,lstm_corr_top1_era5_rand12,f1,1
2019-09-01,162.14654975718614,234,lstm_corr_top1_era5_rand12,f1,1
2019-10-01,246.27505773821014,234,lstm_corr_top1_era5_rand12,f1,1
2019-11-01,259.6922776853732,234,lstm_corr_top1_era5_rand12,f1,1
2019-12-01,206.51369131453188,234,lstm_corr_top1_era5_rand12,f1,1
2020-01-01,238.5427852325445,234,lstm_corr_top1_era5_rand12,f1,1
2020-02-01,168.31486123458188,234,lstm_corr_top1_era5_rand12,f1,1
2020-03-01,248.54090653644113,234,lstm_corr_top1_era5_rand12,f1,1
2020-04-01,223.27937431229438,234,lstm_corr_top1_era5_rand12,f1,1
2020-05-01,193.36026215181064,234,lstm_corr_top1_era5_rand12,f1,1
2020-06-01,195.2481207585981,234,lstm_corr_top1_era5_rand12,f1,1
2020-07-01,258.5080828298334,234,lstm_corr_top1_era5_rand12,f1,1
2020-08-01,239.44284597683117,234,lstm_corr_top1_era5_rand12,f1,1
2020-09-01,416.0740516005388,234,lstm_corr_top1_era5_rand12,f1,1
2020-10-01,283.5203568535559,234,lstm_corr_top1_era5_rand12,f1,1
2020-11-01,226.30620240634406,234,lstm_corr_top1_era5_rand12,f1,1
2019-07-01,198.54863652051114,234,lstm_corr_top1_rand13,f1,1
2019-08-01,282.40901559675683,234,lstm_corr_top1_rand13,f1,1
2019-09-01,181.1319014587563,234,lstm_corr_top1_rand13,f1,1
2019-10-01,250.7948709207332,234,lstm_corr_top1_rand13,f1,1
2019-11-01,267.726381277794,234,lstm_corr_top1_rand13,f1,1
2019-12-01,254.78189625164148,234,lstm_corr_top1_rand13,f1,1
2020-01-01,241.06145379792216,234,lstm_corr_top1_rand13,f1,1
2020-02-01,185.17711290444126,234,lstm_corr_top1_rand13,f1,1
2020-03-01,246.56087188896,234,lstm_corr_top1_rand13,f1,1
2020-04-01,251.2419080265722,234,lstm_corr_top1_rand13,f1,1
2020-05-01,232.6541499498793,234,lstm_corr_top1_rand13,f1,1
2020-06-01,211.98824023544327,234,lstm_corr_top1_rand13,f1,1
2020-07-01,300.7884655930652,234,lstm_corr_top1_rand13,f1,1
2020-08-01,262.50866365903306,234,lstm_corr_top1_rand13,f1,1
2020-09-01,445.87729107530237,234,lstm_corr_top1_rand13,f1,1
2020-10-01,275.78379046400977,234,lstm_corr_top1_rand13,f1,1
2020-11-01,237.53602839329974,234,lstm_corr_top1_rand13,f1,1
2019-07-01,183.65625405697023,234,lstm_corr_top1_era5_rand13,f1,1
2019-08-01,238.5739405212997,234,lstm_corr_top1_era5_rand13,f1,1
2019-09-01,161.9630234434186,234,lstm_corr_top1_era5_rand13,f1,1
2019-10-01,246.69327080848313,234,lstm_corr_top1_era5_rand13,f1,1
2019-11-01,259.54333922704063,234,lstm_corr_top1_era5_rand13,f1,1
2019-12-01,206.4346766537863,234,lstm_corr_top1_era5_rand13,f1,1
2020-01-01,232.84580052344344,234,lstm_corr_top1_era5_rand13,f1,1
2020-02-01,163.2146686512799,234,lstm_corr_top1_era5_rand13,f1,1
2020-03-01,244.16975852839516,234,lstm_corr_top1_era5_rand13,f1,1
2020-04-01,221.37930127698297,234,lstm_corr_top1_era5_rand13,f1,1
2020-05-01,185.89378253045618,234,lstm_corr_top1_era5_rand13,f1,1
2020-06-01,195.47769700008058,234,lstm_corr_top1_era5_rand13,f1,1
2020-07-01,257.4567505009041,234,lstm_corr_top1_era5_rand13,f1,1
2020-08-01,237.6882319334691,234,lstm_corr_top1_era5_rand13,f1,1
2020-09-01,411.81547959090165,234,lstm_corr_top1_era5_rand13,f1,1
2020-10-01,280.91745289159826,234,lstm_corr_top1_era5_rand13,f1,1
2020-11-01,226.3386954388729,234,lstm_corr_top1_era5_rand13,f1,1
2019-07-01,200.3446986755695,234,lstm_corr_top1_rand14,f1,1
2019-08-01,286.74219002376316,234,lstm_corr_top1_rand14,f1,1
2019-09-01,183.4241981828355,234,lstm_corr_top1_rand14,f1,1
2019-10-01,253.91146734773446,234,lstm_corr_top1_rand14,f1,1
2019-11-01,270.3259229293692,234,lstm_corr_top1_rand14,f1,1
2019-12-01,258.2091722154031,234,lstm_corr_top1_rand14,f1,1
2020-01-01,245.48845544278583,234,lstm_corr_top1_rand14,f1,1
2020-02-01,185.83762132913225,234,lstm_corr_top1_rand14,f1,1
2020-03-01,251.34053203053833,234,lstm_corr_top1_rand14,f1,1
2020-04-01,252.84159314203495,234,lstm_corr_top1_rand14,f1,1
2020-05-01,233.33704428033857,234,lstm_corr_top1_rand14,f1,1
2020-06-01,211.52966262564595,234,lstm_corr_top1_rand14,f1,1
2020-07-01,299.3728704791622,234,lstm_corr_top1_rand14,f1,1
2020-08-01,265.12560151994006,234,lstm_corr_top1_rand14,f1,1
2020-09-01,453.44562211172837,234,lstm_corr_top1_rand14,f1,1
2020-10-01,279.1067613430215,234,lstm_corr_top1_rand14,f1,1
2020-11-01,236.99223708724276,234,lstm_corr_top1_rand14,f1,1
2019-07-01,178.9520535680202,234,lstm_corr_top1_era5_rand14,f1,1
2019-08-01,235.9938775924838,234,lstm_corr_top1_era5_rand14,f1,1
2019-09-01,160.44536898301007,234,lstm_corr_top1_era5_rand14,f1,1
2019-10-01,250.08729320288157,234,lstm_corr_top1_era5_rand14,f1,1
2019-11-01,258.83901497151993,234,lstm_corr_top1_era5_rand14,f1,1
2019-12-01,203.811025837518,234,lstm_corr_top1_era5_rand14,f1,1
2020-01-01,236.02191347259637,234,lstm_corr_top1_era5_rand14,f1,1
2020-02-01,165.21836780052365,234,lstm_corr_top1_era5_rand14,f1,1
2020-03-01,243.46929494793142,234,lstm_corr_top1_era5_rand14,f1,1
2020-04-01,221.7864451944531,234,lstm_corr_top1_era5_rand14,f1,1
2020-05-01,189.60257687589922,234,lstm_corr_top1_era5_rand14,f1,1
2020-06-01,191.05697420040912,234,lstm_corr_top1_era5_rand14,f1,1
2020-07-01,258.4064731486788,234,lstm_corr_top1_era5_rand14,f1,1
2020-08-01,237.10270780935036,234,lstm_corr_top1_era5_rand14,f1,1
2020-09-01,412.3679042643527,234,lstm_corr_top1_era5_rand14,f1,1
2020-10-01,279.96176131830924,234,lstm_corr_top1_era5_rand14,f1,1
2020-11-01,227.20532098318657,234,lstm_corr_top1_era5_rand14,f1,1
2019-07-01,198.17481549204348,234,lstm_corr_top1_rand15,f1,1
2019-08-01,286.0538646084602,234,lstm_corr_top1_rand15,f1,1
2019-09-01,183.2478226680424,234,lstm_corr_top1_rand15,f1,1
2019-10-01,253.78908922833435,234,lstm_corr_top1_rand15,f1,1
2019-11-01,270.02218252604627,234,lstm_corr_top1_rand15,f1,1
2019-12-01,256.94684714800275,234,lstm_corr_top1_rand15,f1,1
2020-01-01,244.59557504449802,234,lstm_corr_top1_rand15,f1,1
2020-02-01,187.36158323725,234,lstm_corr_top1_rand15,f1,1
2020-03-01,250.5496851643383,234,lstm_corr_top1_rand15,f1,1
2020-04-01,251.86231914074344,234,lstm_corr_top1_rand15,f1,1
2020-05-01,232.40185983831873,234,lstm_corr_top1_rand15,f1,1
2020-06-01,213.39909450338874,234,lstm_corr_top1_rand15,f1,1
2020-07-01,297.100802195803,234,lstm_corr_top1_rand15,f1,1
2020-08-01,262.3327122203985,234,lstm_corr_top1_rand15,f1,1
2020-09-01,448.6213737389929,234,lstm_corr_top1_rand15,f1,1
2020-10-01,277.65645499849074,234,lstm_corr_top1_rand15,f1,1
2020-11-01,232.93372613248616,234,lstm_corr_top1_rand15,f1,1
2019-07-01,183.32655865788354,234,lstm_corr_top1_era5_rand15,f1,1
2019-08-01,236.54831479788436,234,lstm_corr_top1_era5_rand15,f1,1
2019-09-01,161.5984408671906,234,lstm_corr_top1_era5_rand15,f1,1
2019-10-01,246.46239515632982,234,lstm_corr_top1_era5_rand15,f1,1
2019-11-01,258.3736886988,234,lstm_corr_top1_era5_rand15,f1,1
2019-12-01,206.61032819107677,234,lstm_corr_top1_era5_rand15,f1,1
2020-01-01,234.33259897064846,234,lstm_corr_top1_era5_rand15,f1,1
2020-02-01,163.98889482302843,234,lstm_corr_top1_era5_rand15,f1,1
2020-03-01,246.05177727309376,234,lstm_corr_top1_era5_rand15,f1,1
2020-04-01,222.43862946637154,234,lstm_corr_top1_era5_rand15,f1,1
2020-05-01,189.47289240339862,234,lstm_corr_top1_era5_rand15,f1,1
2020-06-01,197.0340314692804,234,lstm_corr_top1_era5_rand15,f1,1
2020-07-01,256.52159977448326,234,lstm_corr_top1_era5_rand15,f1,1
2020-08-01,239.59103482880556,234,lstm_corr_top1_era5_rand15,f1,1
2020-09-01,416.01088732984624,234,lstm_corr_top1_era5_rand15,f1,1
2020-10-01,277.84748154640846,234,lstm_corr_top1_era5_rand15,f1,1
2020-11-01,225.11830112592324,234,lstm_corr_top1_era5_rand15,f1,1
2019-07-01,198.44414133289217,234,lstm_corr_top1_rand16,f1,1
2019-08-01,286.24344989670027,234,lstm_corr_top1_rand16,f1,1
2019-09-01,182.83727414147958,234,lstm_corr_top1_rand16,f1,1
2019-10-01,253.14163558541534,234,lstm_corr_top1_rand16,f1,1
2019-11-01,269.7191841945777,234,lstm_corr_top1_rand16,f1,1
2019-12-01,256.20060660862725,234,lstm_corr_top1_rand16,f1,1
2020-01-01,245.27617933988185,234,lstm_corr_top1_rand16,f1,1
2020-02-01,187.25510211979665,234,lstm_corr_top1_rand16,f1,1
2020-03-01,250.14541081561214,234,lstm_corr_top1_rand16,f1,1
2020-04-01,250.38410152896333,234,lstm_corr_top1_rand16,f1,1
2020-05-01,232.21036654341583,234,lstm_corr_top1_rand16,f1,1
2020-06-01,212.4535417580345,234,lstm_corr_top1_rand16,f1,1
2020-07-01,300.2286314606641,234,lstm_corr_top1_rand16,f1,1
2020-08-01,261.345343135001,234,lstm_corr_top1_rand16,f1,1
2020-09-01,448.9316225121283,234,lstm_corr_top1_rand16,f1,1
2020-10-01,274.9672292628541,234,lstm_corr_top1_rand16,f1,1
2020-11-01,233.80841927381783,234,lstm_corr_top1_rand16,f1,1
2019-07-01,183.65745898184767,234,lstm_corr_top1_era5_rand16,f1,1
2019-08-01,239.43977147005745,234,lstm_corr_top1_era5_rand16,f1,1
2019-09-01,161.49307321118079,234,lstm_corr_top1_era5_rand16,f1,1
2019-10-01,244.3681807037082,234,lstm_corr_top1_era5_rand16,f1,1
2019-11-01,254.1731435865507,234,lstm_corr_top1_era5_rand16,f1,1
2019-12-01,204.58125840162728,234,lstm_corr_top1_era5_rand16,f1,1
2020-01-01,233.1622504274458,234,lstm_corr_top1_era5_rand16,f1,1
2020-02-01,165.89991449397954,234,lstm_corr_top1_era5_rand16,f1,1
2020-03-01,243.55898792792604,234,lstm_corr_top1_era5_rand16,f1,1
2020-04-01,220.73728434565356,234,lstm_corr_top1_era5_rand16,f1,1
2020-05-01,186.9433602090422,234,lstm_corr_top1_era5_rand16,f1,1
2020-06-01,193.12767895378727,234,lstm_corr_top1_era5_rand16,f1,1
2020-07-01,257.4214140658565,234,lstm_corr_top1_era5_rand16,f1,1
2020-08-01,236.38130488808144,234,lstm_corr_top1_era5_rand16,f1,1
2020-09-01,411.16643610721866,234,lstm_corr_top1_era5_rand16,f1,1
2020-10-01,274.50984961418385,234,lstm_corr_top1_era5_rand16,f1,1
2020-11-01,221.88771596398934,234,lstm_corr_top1_era5_rand16,f1,1
2019-07-01,197.5552820181171,234,lstm_corr_top1_rand17,f1,1
2019-08-01,283.9188084584067,234,lstm_corr_top1_rand17,f1,1
2019-09-01,182.85452723377873,234,lstm_corr_top1_rand17,f1,1
2019-10-01,252.97243721794507,234,lstm_corr_top1_rand17,f1,1
2019-11-01,268.46088435357575,234,lstm_corr_top1_rand17,f1,1
2019-12-01,257.1387303511299,234,lstm_corr_top1_rand17,f1,1
2020-01-01,241.89989094149755,234,lstm_corr_top1_rand17,f1,1
2020-02-01,184.73033679508865,234,lstm_corr_top1_rand17,f1,1
2020-03-01,246.87872433718226,234,lstm_corr_top1_rand17,f1,1
2020-04-01,247.6365432799329,234,lstm_corr_top1_rand17,f1,1
2020-05-01,228.0924159376257,234,lstm_corr_top1_rand17,f1,1
2020-06-01,210.6544936071798,234,lstm_corr_top1_rand17,f1,1
2020-07-01,295.8429299796517,234,lstm_corr_top1_rand17,f1,1
2020-08-01,257.5991113916173,234,lstm_corr_top1_rand17,f1,1
2020-09-01,445.69369694241664,234,lstm_corr_top1_rand17,f1,1
2020-10-01,274.81126739108834,234,lstm_corr_top1_rand17,f1,1
2020-11-01,231.84073047409257,234,lstm_corr_top1_rand17,f1,1
2019-07-01,184.01957987222977,234,lstm_corr_top1_era5_rand17,f1,1
2019-08-01,238.4199359742753,234,lstm_corr_top1_era5_rand17,f1,1
2019-09-01,160.2639445100612,234,lstm_corr_top1_era5_rand17,f1,1
2019-10-01,241.59793123669053,234,lstm_corr_top1_era5_rand17,f1,1
2019-11-01,255.7510101775121,234,lstm_corr_top1_era5_rand17,f1,1
2019-12-01,206.5553894397037,234,lstm_corr_top1_era5_rand17,f1,1
2020-01-01,232.0299567969857,234,lstm_corr_top1_era5_rand17,f1,1
2020-02-01,161.55680605842574,234,lstm_corr_top1_era5_rand17,f1,1
2020-03-01,238.53977106524724,234,lstm_corr_top1_era5_rand17,f1,1
2020-04-01,221.60182337976147,234,lstm_corr_top1_era5_rand17,f1,1
2020-05-01,188.8497520524027,234,lstm_corr_top1_era5_rand17,f1,1
2020-06-01,193.86276533900153,234,lstm_corr_top1_era5_rand17,f1,1
2020-07-01,256.5833139610841,234,lstm_corr_top1_era5_rand17,f1,1
2020-08-01,241.16846110976675,234,lstm_corr_top1_era5_rand17,f1,1
2020-09-01,420.778222175389,234,lstm_corr_top1_era5_rand17,f1,1
2020-10-01,281.3005509897455,234,lstm_corr_top1_era5_rand17,f1,1
2020-11-01,227.12225423195122,234,lstm_corr_top1_era5_rand17,f1,1
2019-07-01,198.7950193813424,234,lstm_corr_top1_rand18,f1,1
2019-08-01,283.0974893718512,234,lstm_corr_top1_rand18,f1,1
2019-09-01,181.32341708528975,234,lstm_corr_top1_rand18,f1,1
2019-10-01,251.63559816004835,234,lstm_corr_top1_rand18,f1,1
2019-11-01,268.70768097770156,234,lstm_corr_top1_rand18,f1,1
2019-12-01,255.51932272226642,234,lstm_corr_top1_rand18,f1,1
2020-01-01,241.3933000828568,234,lstm_corr_top1_rand18,f1,1
2020-02-01,185.38241878988381,234,lstm_corr_top1_rand18,f1,1
2020-03-01,247.18674556134258,234,lstm_corr_top1_rand18,f1,1
2020-04-01,250.3470136076459,234,lstm_corr_top1_rand18,f1,1
2020-05-01,232.45880604259267,234,lstm_corr_top1_rand18,f1,1
2020-06-01,212.5411984468256,234,lstm_corr_top1_rand18,f1,1
2020-07-01,299.251947428851,234,lstm_corr_top1_rand18,f1,1
2020-08-01,261.29184783827526,234,lstm_corr_top1_rand18,f1,1
2020-09-01,446.1128701948239,234,lstm_corr_top1_rand18,f1,1
2020-10-01,276.71072465459054,234,lstm_corr_top1_rand18,f1,1
2020-11-01,234.01913590562418,234,lstm_corr_top1_rand18,f1,1
2019-07-01,188.14140528036185,234,lstm_corr_top1_era5_rand18,f1,1
2019-08-01,236.17189074082972,234,lstm_corr_top1_era5_rand18,f1,1
2019-09-01,158.97429132336129,234,lstm_corr_top1_era5_rand18,f1,1
2019-10-01,243.01781847328832,234,lstm_corr_top1_era5_rand18,f1,1
2019-11-01,258.51359408969125,234,lstm_corr_top1_era5_rand18,f1,1
2019-12-01,203.46311737252216,234,lstm_corr_top1_era5_rand18,f1,1
2020-01-01,235.2562194374287,234,lstm_corr_top1_era5_rand18,f1,1
2020-02-01,163.3958244366679,234,lstm_corr_top1_era5_rand18,f1,1
2020-03-01,240.85548432748078,234,lstm_corr_top1_era5_rand18,f1,1
2020-04-01,217.76138870111413,234,lstm_corr_top1_era5_rand18,f1,1
2020-05-01,187.62949195756366,234,lstm_corr_top1_era5_rand18,f1,1
2020-06-01,199.6039187127862,234,lstm_corr_top1_era5_rand18,f1,1
2020-07-01,260.29987303404414,234,lstm_corr_top1_era5_rand18,f1,1
2020-08-01,239.30740323178114,234,lstm_corr_top1_era5_rand18,f1,1
2020-09-01,407.01338755958886,234,lstm_corr_top1_era5_rand18,f1,1
2020-10-01,276.5794579920603,234,lstm_corr_top1_era5_rand18,f1,1
2020-11-01,229.06974729757982,234,lstm_corr_top1_era5_rand18,f1,1
2019-07-01,199.6709653236546,234,lstm_corr_top1_rand19,f1,1
2019-08-01,282.5632321159621,234,lstm_corr_top1_rand19,f1,1
2019-09-01,182.06850381221136,234,lstm_corr_top1_rand19,f1,1
2019-10-01,252.54376613093012,234,lstm_corr_top1_rand19,f1,1
2019-11-01,268.34098209024563,234,lstm_corr_top1_rand19,f1,1
2019-12-01,255.03615026696323,234,lstm_corr_top1_rand19,f1,1
2020-01-01,241.2360753739,234,lstm_corr_top1_rand19,f1,1
2020-02-01,184.03032864702055,234,lstm_corr_top1_rand19,f1,1
2020-03-01,245.39917389390158,234,lstm_corr_top1_rand19,f1,1
2020-04-01,247.20573659529234,234,lstm_corr_top1_rand19,f1,1
2020-05-01,231.40551637920765,234,lstm_corr_top1_rand19,f1,1
2020-06-01,212.83527106530093,234,lstm_corr_top1_rand19,f1,1
2020-07-01,300.3457112939473,234,lstm_corr_top1_rand19,f1,1
2020-08-01,257.5711830465899,234,lstm_corr_top1_rand19,f1,1
2020-09-01,441.11372619246714,234,lstm_corr_top1_rand19,f1,1
2020-10-01,272.9776565250938,234,lstm_corr_top1_rand19,f1,1
2020-11-01,231.8034171019077,234,lstm_corr_top1_rand19,f1,1
2019-07-01,181.5401491652253,234,lstm_corr_top1_era5_rand19,f1,1
2019-08-01,237.27991761503748,234,lstm_corr_top1_era5_rand19,f1,1
2019-09-01,160.66668782887922,234,lstm_corr_top1_era5_rand19,f1,1
2019-10-01,241.77530511292878,234,lstm_corr_top1_era5_rand19,f1,1
2019-11-01,257.19531286611476,234,lstm_corr_top1_era5_rand19,f1,1
2019-12-01,200.00049732704164,234,lstm_corr_top1_era5_rand19,f1,1
2020-01-01,233.39045331268034,234,lstm_corr_top1_era5_rand19,f1,1
2020-02-01,159.49628891961908,234,lstm_corr_top1_era5_rand19,f1,1
2020-03-01,242.04897562170027,234,lstm_corr_top1_era5_rand19,f1,1
2020-04-01,217.0228272595169,234,lstm_corr_top1_era5_rand19,f1,1
2020-05-01,185.6434463940337,234,lstm_corr_top1_era5_rand19,f1,1
2020-06-01,193.65830227509213,234,lstm_corr_top1_era5_rand19,f1,1
2020-07-01,260.2601449645954,234,lstm_corr_top1_era5_rand19,f1,1
2020-08-01,237.6702122127311,234,lstm_corr_top1_era5_rand19,f1,1
2020-09-01,397.31181810961374,234,lstm_corr_top1_era5_rand19,f1,1
2020-10-01,271.3033308270345,234,lstm_corr_top1_era5_rand19,f1,1
2020-11-01,223.69663056451023,234,lstm_corr_top1_era5_rand19,f1,1
2019-08-01,313.4709370195714,234,lstm_corr_top1_rand0,f1,2
2019-09-01,323.16458570051935,234,lstm_corr_top1_rand0,f1,2
2019-10-01,318.56384662708496,234,lstm_corr_top1_rand0,f1,2
2019-11-01,382.0844245636391,234,lstm_corr_top1_rand0,f1,2
2019-12-01,372.2636208800443,234,lstm_corr_top1_rand0,f1,2
2020-01-01,341.7785565395703,234,lstm_corr_top1_rand0,f1,2
2020-02-01,253.7954741547068,234,lstm_corr_top1_rand0,f1,2
2020-03-01,360.3452538998313,234,lstm_corr_top1_rand0,f1,2
2020-04-01,366.3990655589324,234,lstm_corr_top1_rand0,f1,2
2020-05-01,374.8279427304578,234,lstm_corr_top1_rand0,f1,2
2020-06-01,270.6267593199182,234,lstm_corr_top1_rand0,f1,2
2020-07-01,361.6056627984501,234,lstm_corr_top1_rand0,f1,2
2020-08-01,369.739529666396,234,lstm_corr_top1_rand0,f1,2
2020-09-01,631.8522083635139,234,lstm_corr_top1_rand0,f1,2
2020-10-01,443.6344712135209,234,lstm_corr_top1_rand0,f1,2
2020-11-01,302.10564517209644,234,lstm_corr_top1_rand0,f1,2
2020-12-01,327.92987743749774,234,lstm_corr_top1_rand0,f1,2
2019-08-01,286.80662762591254,234,lstm_corr_top1_era5_rand0,f1,2
2019-09-01,294.021017035391,234,lstm_corr_top1_era5_rand0,f1,2
2019-10-01,297.71459406626315,234,lstm_corr_top1_era5_rand0,f1,2
2019-11-01,379.0704005198892,234,lstm_corr_top1_era5_rand0,f1,2
2019-12-01,314.80643016046616,234,lstm_corr_top1_era5_rand0,f1,2
2020-01-01,303.85298462299164,234,lstm_corr_top1_era5_rand0,f1,2
2020-02-01,233.48948571458072,234,lstm_corr_top1_era5_rand0,f1,2
2020-03-01,325.0589972980608,234,lstm_corr_top1_era5_rand0,f1,2
2020-04-01,370.9439160481619,234,lstm_corr_top1_era5_rand0,f1,2
2020-05-01,332.55614710965165,234,lstm_corr_top1_era5_rand0,f1,2
2020-06-01,255.62097105843404,234,lstm_corr_top1_era5_rand0,f1,2
2020-07-01,349.84553368157026,234,lstm_corr_top1_era5_rand0,f1,2
2020-08-01,360.8314939683038,234,lstm_corr_top1_era5_rand0,f1,2
2020-09-01,621.0738487804667,234,lstm_corr_top1_era5_rand0,f1,2
2020-10-01,429.9010826052377,234,lstm_corr_top1_era5_rand0,f1,2
2020-11-01,313.02482340208815,234,lstm_corr_top1_era5_rand0,f1,2
2020-12-01,355.1291013833376,234,lstm_corr_top1_era5_rand0,f1,2
2019-08-01,315.78439762151777,234,lstm_corr_top1_rand1,f1,2
2019-09-01,323.2070157909758,234,lstm_corr_top1_rand1,f1,2
2019-10-01,317.33006822299836,234,lstm_corr_top1_rand1,f1,2
2019-11-01,380.6861171482601,234,lstm_corr_top1_rand1,f1,2
2019-12-01,370.12965954001913,234,lstm_corr_top1_rand1,f1,2
2020-01-01,343.134162597091,234,lstm_corr_top1_rand1,f1,2
2020-02-01,255.7013810739604,234,lstm_corr_top1_rand1,f1,2
2020-03-01,364.88491626264886,234,lstm_corr_top1_rand1,f1,2
2020-04-01,371.1390823277982,234,lstm_corr_top1_rand1,f1,2
2020-05-01,382.969778850271,234,lstm_corr_top1_rand1,f1,2
2020-06-01,279.53166438769125,234,lstm_corr_top1_rand1,f1,2
2020-07-01,368.1164815039775,234,lstm_corr_top1_rand1,f1,2
2020-08-01,380.7940811314947,234,lstm_corr_top1_rand1,f1,2
2020-09-01,636.1838896859659,234,lstm_corr_top1_rand1,f1,2
2020-10-01,448.3120755507425,234,lstm_corr_top1_rand1,f1,2
2020-11-01,311.317593666588,234,lstm_corr_top1_rand1,f1,2
2020-12-01,340.76910204236077,234,lstm_corr_top1_rand1,f1,2
2019-08-01,285.05776407537,234,lstm_corr_top1_era5_rand1,f1,2
2019-09-01,294.0482528615638,234,lstm_corr_top1_era5_rand1,f1,2
2019-10-01,298.89471433729216,234,lstm_corr_top1_era5_rand1,f1,2
2019-11-01,380.10451852218887,234,lstm_corr_top1_era5_rand1,f1,2
2019-12-01,319.28965446655747,234,lstm_corr_top1_era5_rand1,f1,2
2020-01-01,306.00924833470236,234,lstm_corr_top1_era5_rand1,f1,2
2020-02-01,230.85066600465535,234,lstm_corr_top1_era5_rand1,f1,2
2020-03-01,326.56988598493643,234,lstm_corr_top1_era5_rand1,f1,2
2020-04-01,373.55865512512025,234,lstm_corr_top1_era5_rand1,f1,2
2020-05-01,340.43909200580856,234,lstm_corr_top1_era5_rand1,f1,2
2020-06-01,264.6491265877349,234,lstm_corr_top1_era5_rand1,f1,2
2020-07-01,353.6569879281808,234,lstm_corr_top1_era5_rand1,f1,2
2020-08-01,366.31569948742805,234,lstm_corr_top1_era5_rand1,f1,2
2020-09-01,625.3832053575686,234,lstm_corr_top1_era5_rand1,f1,2
2020-10-01,432.231347694846,234,lstm_corr_top1_era5_rand1,f1,2
2020-11-01,323.2034801259186,234,lstm_corr_top1_era5_rand1,f1,2
2020-12-01,359.24336517222685,234,lstm_corr_top1_era5_rand1,f1,2
2019-08-01,311.99274093292007,234,lstm_corr_top1_rand2,f1,2
2019-09-01,324.65390256706957,234,lstm_corr_top1_rand2,f1,2
2019-10-01,318.6664429110666,234,lstm_corr_top1_rand2,f1,2
2019-11-01,382.22318259116867,234,lstm_corr_top1_rand2,f1,2
2019-12-01,371.2726688164249,234,lstm_corr_top1_rand2,f1,2
2020-01-01,341.92952364292927,234,lstm_corr_top1_rand2,f1,2
2020-02-01,253.951404869445,234,lstm_corr_top1_rand2,f1,2
2020-03-01,361.6450305818064,234,lstm_corr_top1_rand2,f1,2
2020-04-01,367.75329878278257,234,lstm_corr_top1_rand2,f1,2
2020-05-01,376.0690488881811,234,lstm_corr_top1_rand2,f1,2
2020-06-01,271.09084391946215,234,lstm_corr_top1_rand2,f1,2
2020-07-01,360.3608418926785,234,lstm_corr_top1_rand2,f1,2
2020-08-01,372.37374324019754,234,lstm_corr_top1_rand2,f1,2
2020-09-01,637.1518587681346,234,lstm_corr_top1_rand2,f1,2
2020-10-01,446.90106905406594,234,lstm_corr_top1_rand2,f1,2
2020-11-01,303.15705586179763,234,lstm_corr_top1_rand2,f1,2
2020-12-01,325.49450463424597,234,lstm_corr_top1_rand2,f1,2
2019-08-01,281.5515252606235,234,lstm_corr_top1_era5_rand2,f1,2
2019-09-01,294.2749231634693,234,lstm_corr_top1_era5_rand2,f1,2
2019-10-01,301.39481754721214,234,lstm_corr_top1_era5_rand2,f1,2
2019-11-01,383.56730286508133,234,lstm_corr_top1_era5_rand2,f1,2
2019-12-01,318.20308649483786,234,lstm_corr_top1_era5_rand2,f1,2
2020-01-01,307.1953417520194,234,lstm_corr_top1_era5_rand2,f1,2
2020-02-01,233.9315008069469,234,lstm_corr_top1_era5_rand2,f1,2
2020-03-01,324.25344915678255,234,lstm_corr_top1_era5_rand2,f1,2
2020-04-01,372.73068519871697,234,lstm_corr_top1_era5_rand2,f1,2
2020-05-01,341.52087366104223,234,lstm_corr_top1_era5_rand2,f1,2
2020-06-01,262.5356632482485,234,lstm_corr_top1_era5_rand2,f1,2
2020-07-01,359.80237022954844,234,lstm_corr_top1_era5_rand2,f1,2
2020-08-01,371.42112803427943,234,lstm_corr_top1_era5_rand2,f1,2
2020-09-01,634.2096165101349,234,lstm_corr_top1_era5_rand2,f1,2
2020-10-01,439.53054324814354,234,lstm_corr_top1_era5_rand2,f1,2
2020-11-01,334.84142759563775,234,lstm_corr_top1_era5_rand2,f1,2
2020-12-01,373.3286533144719,234,lstm_corr_top1_era5_rand2,f1,2
2019-08-01,314.9130757804778,234,lstm_corr_top1_rand3,f1,2
2019-09-01,321.80708072537544,234,lstm_corr_top1_rand3,f1,2
2019-10-01,317.7466965984231,234,lstm_corr_top1_rand3,f1,2
2019-11-01,381.62075211601774,234,lstm_corr_top1_rand3,f1,2
2019-12-01,373.03762213957583,234,lstm_corr_top1_rand3,f1,2
2020-01-01,344.0192870022343,234,lstm_corr_top1_rand3,f1,2
2020-02-01,254.58142323069444,234,lstm_corr_top1_rand3,f1,2
2020-03-01,366.11274094768356,234,lstm_corr_top1_rand3,f1,2
2020-04-01,377.5070218195388,234,lstm_corr_top1_rand3,f1,2
2020-05-01,390.37412366875816,234,lstm_corr_top1_rand3,f1,2
2020-06-01,287.5997814588209,234,lstm_corr_top1_rand3,f1,2
2020-07-01,374.89179239825233,234,lstm_corr_top1_rand3,f1,2
2020-08-01,395.98671417498434,234,lstm_corr_top1_rand3,f1,2
2020-09-01,655.245210203371,234,lstm_corr_top1_rand3,f1,2
2020-10-01,457.45311629239507,234,lstm_corr_top1_rand3,f1,2
2020-11-01,314.2316155108537,234,lstm_corr_top1_rand3,f1,2
2020-12-01,351.0163170836245,234,lstm_corr_top1_rand3,f1,2
2019-08-01,285.8694716697116,234,lstm_corr_top1_era5_rand3,f1,2
2019-09-01,299.82656592313657,234,lstm_corr_top1_era5_rand3,f1,2
2019-10-01,296.82716681513347,234,lstm_corr_top1_era5_rand3,f1,2
2019-11-01,378.097288833341,234,lstm_corr_top1_era5_rand3,f1,2
2019-12-01,326.03540151820346,234,lstm_corr_top1_era5_rand3,f1,2
2020-01-01,308.9765527291278,234,lstm_corr_top1_era5_rand3,f1,2
2020-02-01,239.7806248701954,234,lstm_corr_top1_era5_rand3,f1,2
2020-03-01,330.27823708741215,234,lstm_corr_top1_era5_rand3,f1,2
2020-04-01,369.93201862967936,234,lstm_corr_top1_era5_rand3,f1,2
2020-05-01,335.7574881624209,234,lstm_corr_top1_era5_rand3,f1,2
2020-06-01,253.38335577883998,234,lstm_corr_top1_era5_rand3,f1,2
2020-07-01,342.8053629775916,234,lstm_corr_top1_era5_rand3,f1,2
2020-08-01,351.68530345824223,234,lstm_corr_top1_era5_rand3,f1,2
2020-09-01,627.3505073050717,234,lstm_corr_top1_era5_rand3,f1,2
2020-10-01,431.5239056310591,234,lstm_corr_top1_era5_rand3,f1,2
2020-11-01,312.311340756727,234,lstm_corr_top1_era5_rand3,f1,2
2020-12-01,346.9516078973123,234,lstm_corr_top1_era5_rand3,f1,2
2019-08-01,314.5044257511822,234,lstm_corr_top1_rand4,f1,2
2019-09-01,326.9609728490057,234,lstm_corr_top1_rand4,f1,2
2019-10-01,319.34115403163463,234,lstm_corr_top1_rand4,f1,2
2019-11-01,384.71749294141244,234,lstm_corr_top1_rand4,f1,2
2019-12-01,373.3691018633626,234,lstm_corr_top1_rand4,f1,2
2020-01-01,343.0575613982381,234,lstm_corr_top1_rand4,f1,2
2020-02-01,252.29971550304197,234,lstm_corr_top1_rand4,f1,2
2020-03-01,362.0288895237454,234,lstm_corr_top1_rand4,f1,2
2020-04-01,365.8371963145369,234,lstm_corr_top1_rand4,f1,2
2020-05-01,376.3425143180695,234,lstm_corr_top1_rand4,f1,2
2020-06-01,274.9350165489001,234,lstm_corr_top1_rand4,f1,2
2020-07-01,362.41728290483786,234,lstm_corr_top1_rand4,f1,2
2020-08-01,372.9020344225783,234,lstm_corr_top1_rand4,f1,2
2020-09-01,637.9701627034285,234,lstm_corr_top1_rand4,f1,2
2020-10-01,443.7261918499087,234,lstm_corr_top1_rand4,f1,2
2020-11-01,302.3354788294794,234,lstm_corr_top1_rand4,f1,2
2020-12-01,330.162196042243,234,lstm_corr_top1_rand4,f1,2
2019-08-01,286.6091777947128,234,lstm_corr_top1_era5_rand4,f1,2
2019-09-01,295.04860354774803,234,lstm_corr_top1_era5_rand4,f1,2
2019-10-01,299.9659474895939,234,lstm_corr_top1_era5_rand4,f1,2
2019-11-01,378.8409660988511,234,lstm_corr_top1_era5_rand4,f1,2
2019-12-01,317.1203476699272,234,lstm_corr_top1_era5_rand4,f1,2
2020-01-01,306.37147085359356,234,lstm_corr_top1_era5_rand4,f1,2
2020-02-01,236.08217994574446,234,lstm_corr_top1_era5_rand4,f1,2
2020-03-01,322.6536042720496,234,lstm_corr_top1_era5_rand4,f1,2
2020-04-01,368.38696677517623,234,lstm_corr_top1_era5_rand4,f1,2
2020-05-01,341.7976726439745,234,lstm_corr_top1_era5_rand4,f1,2
2020-06-01,269.22499920230393,234,lstm_corr_top1_era5_rand4,f1,2
2020-07-01,356.9409306032656,234,lstm_corr_top1_era5_rand4,f1,2
2020-08-01,363.9160579068026,234,lstm_corr_top1_era5_rand4,f1,2
2020-09-01,632.3686614281689,234,lstm_corr_top1_era5_rand4,f1,2
2020-10-01,443.0855692577804,234,lstm_corr_top1_era5_rand4,f1,2
2020-11-01,333.46713704360843,234,lstm_corr_top1_era5_rand4,f1,2
2020-12-01,366.45116217543824,234,lstm_corr_top1_era5_rand4,f1,2
2019-08-01,310.28306354353356,234,lstm_corr_top1_rand5,f1,2
2019-09-01,324.22855871330387,234,lstm_corr_top1_rand5,f1,2
2019-10-01,319.4129477196996,234,lstm_corr_top1_rand5,f1,2
2019-11-01,382.4768269487121,234,lstm_corr_top1_rand5,f1,2
2019-12-01,372.3692459705952,234,lstm_corr_top1_rand5,f1,2
2020-01-01,341.43419614819015,234,lstm_corr_top1_rand5,f1,2
2020-02-01,253.94434962344894,234,lstm_corr_top1_rand5,f1,2
2020-03-01,359.3592860586441,234,lstm_corr_top1_rand5,f1,2
2020-04-01,364.7622426582173,234,lstm_corr_top1_rand5,f1,2
2020-05-01,373.4735981579346,234,lstm_corr_top1_rand5,f1,2
2020-06-01,268.03554766097056,234,lstm_corr_top1_rand5,f1,2
2020-07-01,355.67474008456065,234,lstm_corr_top1_rand5,f1,2
2020-08-01,361.8303412762935,234,lstm_corr_top1_rand5,f1,2
2020-09-01,628.7814136299344,234,lstm_corr_top1_rand5,f1,2
2020-10-01,440.9543902874825,234,lstm_corr_top1_rand5,f1,2
2020-11-01,295.9028232743735,234,lstm_corr_top1_rand5,f1,2
2020-12-01,320.6553712795164,234,lstm_corr_top1_rand5,f1,2
2019-08-01,287.9606528348317,234,lstm_corr_top1_era5_rand5,f1,2
2019-09-01,297.41683340627606,234,lstm_corr_top1_era5_rand5,f1,2
2019-10-01,296.04100075560075,234,lstm_corr_top1_era5_rand5,f1,2
2019-11-01,374.01225452799315,234,lstm_corr_top1_era5_rand5,f1,2
2019-12-01,313.96652582001076,234,lstm_corr_top1_era5_rand5,f1,2
2020-01-01,296.7966818007413,234,lstm_corr_top1_era5_rand5,f1,2
2020-02-01,225.5092723261144,234,lstm_corr_top1_era5_rand5,f1,2
2020-03-01,318.3532972832695,234,lstm_corr_top1_era5_rand5,f1,2
2020-04-01,357.6447132940942,234,lstm_corr_top1_era5_rand5,f1,2
2020-05-01,324.9300940223579,234,lstm_corr_top1_era5_rand5,f1,2
2020-06-01,256.90408319984886,234,lstm_corr_top1_era5_rand5,f1,2
2020-07-01,348.4753718255839,234,lstm_corr_top1_era5_rand5,f1,2
2020-08-01,346.98505756560814,234,lstm_corr_top1_era5_rand5,f1,2
2020-09-01,609.9970803445768,234,lstm_corr_top1_era5_rand5,f1,2
2020-10-01,415.167186802992,234,lstm_corr_top1_era5_rand5,f1,2
2020-11-01,302.3465309937657,234,lstm_corr_top1_era5_rand5,f1,2
2020-12-01,335.1202531723027,234,lstm_corr_top1_era5_rand5,f1,2
2019-08-01,312.70130657366263,234,lstm_corr_top1_rand6,f1,2
2019-09-01,323.771058014888,234,lstm_corr_top1_rand6,f1,2
2019-10-01,318.1763528691855,234,lstm_corr_top1_rand6,f1,2
2019-11-01,381.97945359206835,234,lstm_corr_top1_rand6,f1,2
2019-12-01,371.0513192008335,234,lstm_corr_top1_rand6,f1,2
2020-01-01,340.74813899097126,234,lstm_corr_top1_rand6,f1,2
2020-02-01,253.80044929556686,234,lstm_corr_top1_rand6,f1,2
2020-03-01,361.47085421561144,234,lstm_corr_top1_rand6,f1,2
2020-04-01,367.2337606744093,234,lstm_corr_top1_rand6,f1,2
2020-05-01,374.85839170998514,234,lstm_corr_top1_rand6,f1,2
2020-06-01,270.69722695756496,234,lstm_corr_top1_rand6,f1,2
2020-07-01,360.1658548644131,234,lstm_corr_top1_rand6,f1,2
2020-08-01,368.79419488982904,234,lstm_corr_top1_rand6,f1,2
2020-09-01,636.4718868174208,234,lstm_corr_top1_rand6,f1,2
2020-10-01,445.1522807372626,234,lstm_corr_top1_rand6,f1,2
2020-11-01,299.85105084706635,234,lstm_corr_top1_rand6,f1,2
2020-12-01,324.9942536173445,234,lstm_corr_top1_rand6,f1,2
2019-08-01,286.32406107296094,234,lstm_corr_top1_era5_rand6,f1,2
2019-09-01,296.46238756681686,234,lstm_corr_top1_era5_rand6,f1,2
2019-10-01,300.4597232131069,234,lstm_corr_top1_era5_rand6,f1,2
2019-11-01,379.7661276188225,234,lstm_corr_top1_era5_rand6,f1,2
2019-12-01,325.6478229278691,234,lstm_corr_top1_era5_rand6,f1,2
2020-01-01,305.5137306205409,234,lstm_corr_top1_era5_rand6,f1,2
2020-02-01,233.89595848938396,234,lstm_corr_top1_era5_rand6,f1,2
2020-03-01,322.71210316364926,234,lstm_corr_top1_era5_rand6,f1,2
2020-04-01,369.82904708735725,234,lstm_corr_top1_era5_rand6,f1,2
2020-05-01,330.27764871340037,234,lstm_corr_top1_era5_rand6,f1,2
2020-06-01,258.77013013443093,234,lstm_corr_top1_era5_rand6,f1,2
2020-07-01,347.59946994246144,234,lstm_corr_top1_era5_rand6,f1,2
2020-08-01,351.3600645686336,234,lstm_corr_top1_era5_rand6,f1,2
2020-09-01,620.881357895398,234,lstm_corr_top1_era5_rand6,f1,2
2020-10-01,431.9457887908797,234,lstm_corr_top1_era5_rand6,f1,2
2020-11-01,313.2752356017694,234,lstm_corr_top1_era5_rand6,f1,2
2020-12-01,347.9672103996135,234,lstm_corr_top1_era5_rand6,f1,2
2019-08-01,311.6232027695325,234,lstm_corr_top1_rand7,f1,2
2019-09-01,322.2153074719519,234,lstm_corr_top1_rand7,f1,2
2019-10-01,318.11499739587265,234,lstm_corr_top1_rand7,f1,2
2019-11-01,383.2493149901199,234,lstm_corr_top1_rand7,f1,2
2019-12-01,372.1711446460826,234,lstm_corr_top1_rand7,f1,2
2020-01-01,342.67171392033316,234,lstm_corr_top1_rand7,f1,2
2020-02-01,255.78618038642546,234,lstm_corr_top1_rand7,f1,2
2020-03-01,362.1701987279972,234,lstm_corr_top1_rand7,f1,2
2020-04-01,369.8824777139736,234,lstm_corr_top1_rand7,f1,2
2020-05-01,379.5443583304724,234,lstm_corr_top1_rand7,f1,2
2020-06-01,274.3351983126525,234,lstm_corr_top1_rand7,f1,2
2020-07-01,361.90400156591954,234,lstm_corr_top1_rand7,f1,2
2020-08-01,374.45574840334893,234,lstm_corr_top1_rand7,f1,2
2020-09-01,639.8659105855112,234,lstm_corr_top1_rand7,f1,2
2020-10-01,450.7665934506909,234,lstm_corr_top1_rand7,f1,2
2020-11-01,306.97067757916506,234,lstm_corr_top1_rand7,f1,2
2020-12-01,330.128793227912,234,lstm_corr_top1_rand7,f1,2
2019-08-01,284.4365170665981,234,lstm_corr_top1_era5_rand7,f1,2
2019-09-01,297.9384779703207,234,lstm_corr_top1_era5_rand7,f1,2
2019-10-01,298.3769267418704,234,lstm_corr_top1_era5_rand7,f1,2
2019-11-01,380.3933369320195,234,lstm_corr_top1_era5_rand7,f1,2
2019-12-01,317.2164801304043,234,lstm_corr_top1_era5_rand7,f1,2
2020-01-01,301.0079818354151,234,lstm_corr_top1_era5_rand7,f1,2
2020-02-01,234.3635746904587,234,lstm_corr_top1_era5_rand7,f1,2
2020-03-01,324.80131010804314,234,lstm_corr_top1_era5_rand7,f1,2
2020-04-01,368.3571103977747,234,lstm_corr_top1_era5_rand7,f1,2
2020-05-01,332.5652615827415,234,lstm_corr_top1_era5_rand7,f1,2
2020-06-01,258.83287454949925,234,lstm_corr_top1_era5_rand7,f1,2
2020-07-01,350.52285201839004,234,lstm_corr_top1_era5_rand7,f1,2
2020-08-01,358.15422800669955,234,lstm_corr_top1_era5_rand7,f1,2
2020-09-01,619.0108104228842,234,lstm_corr_top1_era5_rand7,f1,2
2020-10-01,429.2492344256067,234,lstm_corr_top1_era5_rand7,f1,2
2020-11-01,319.32342826139757,234,lstm_corr_top1_era5_rand7,f1,2
2020-12-01,354.84085702548003,234,lstm_corr_top1_era5_rand7,f1,2
2019-08-01,313.5485137292071,234,lstm_corr_top1_rand8,f1,2
2019-09-01,319.2390238824675,234,lstm_corr_top1_rand8,f1,2
2019-10-01,317.8058261286814,234,lstm_corr_top1_rand8,f1,2
2019-11-01,381.7001449865911,234,lstm_corr_top1_rand8,f1,2
2019-12-01,372.52085270446435,234,lstm_corr_top1_rand8,f1,2
2020-01-01,342.55547739034273,234,lstm_corr_top1_rand8,f1,2
2020-02-01,250.10256311251052,234,lstm_corr_top1_rand8,f1,2
2020-03-01,360.6063654312597,234,lstm_corr_top1_rand8,f1,2
2020-04-01,370.92650627622396,234,lstm_corr_top1_rand8,f1,2
2020-05-01,385.52329649909257,234,lstm_corr_top1_rand8,f1,2
2020-06-01,285.196199794283,234,lstm_corr_top1_rand8,f1,2
2020-07-01,378.360555631166,234,lstm_corr_top1_rand8,f1,2
2020-08-01,398.5912857870268,234,lstm_corr_top1_rand8,f1,2
2020-09-01,652.2251148663393,234,lstm_corr_top1_rand8,f1,2
2020-10-01,455.8729862409234,234,lstm_corr_top1_rand8,f1,2
2020-11-01,314.4664282074603,234,lstm_corr_top1_rand8,f1,2
2020-12-01,354.16111107271036,234,lstm_corr_top1_rand8,f1,2
2019-08-01,283.84899921646263,234,lstm_corr_top1_era5_rand8,f1,2
2019-09-01,297.4938792120221,234,lstm_corr_top1_era5_rand8,f1,2
2019-10-01,297.822354467787,234,lstm_corr_top1_era5_rand8,f1,2
2019-11-01,376.4226096508295,234,lstm_corr_top1_era5_rand8,f1,2
2019-12-01,318.55081415949286,234,lstm_corr_top1_era5_rand8,f1,2
2020-01-01,302.6152777922872,234,lstm_corr_top1_era5_rand8,f1,2
2020-02-01,235.26194568166216,234,lstm_corr_top1_era5_rand8,f1,2
2020-03-01,327.094371097147,234,lstm_corr_top1_era5_rand8,f1,2
2020-04-01,367.0799437788539,234,lstm_corr_top1_era5_rand8,f1,2
2020-05-01,329.9256251584729,234,lstm_corr_top1_era5_rand8,f1,2
2020-06-01,250.9256073787795,234,lstm_corr_top1_era5_rand8,f1,2
2020-07-01,342.99864090090216,234,lstm_corr_top1_era5_rand8,f1,2
2020-08-01,347.08590323365576,234,lstm_corr_top1_era5_rand8,f1,2
2020-09-01,615.4283353679022,234,lstm_corr_top1_era5_rand8,f1,2
2020-10-01,423.0202920378786,234,lstm_corr_top1_era5_rand8,f1,2
2020-11-01,303.2472937781875,234,lstm_corr_top1_era5_rand8,f1,2
2020-12-01,336.5714219653743,234,lstm_corr_top1_era5_rand8,f1,2
2019-08-01,313.5982179665947,234,lstm_corr_top1_rand9,f1,2
2019-09-01,322.4714189195843,234,lstm_corr_top1_rand9,f1,2
2019-10-01,317.64809352779787,234,lstm_corr_top1_rand9,f1,2
2019-11-01,382.899578973607,234,lstm_corr_top1_rand9,f1,2
2019-12-01,372.33473080027113,234,lstm_corr_top1_rand9,f1,2
2020-01-01,343.31480764748665,234,lstm_corr_top1_rand9,f1,2
2020-02-01,257.414939945179,234,lstm_corr_top1_rand9,f1,2
2020-03-01,363.35334023854375,234,lstm_corr_top1_rand9,f1,2
2020-04-01,373.4248376090799,234,lstm_corr_top1_rand9,f1,2
2020-05-01,385.57234192665237,234,lstm_corr_top1_rand9,f1,2
2020-06-01,281.2219675886926,234,lstm_corr_top1_rand9,f1,2
2020-07-01,368.6879033611859,234,lstm_corr_top1_rand9,f1,2
2020-08-01,381.13503170314834,234,lstm_corr_top1_rand9,f1,2
2020-09-01,640.5478259552734,234,lstm_corr_top1_rand9,f1,2
2020-10-01,452.4322406717542,234,lstm_corr_top1_rand9,f1,2
2020-11-01,311.151201952002,234,lstm_corr_top1_rand9,f1,2
2020-12-01,335.29668939429536,234,lstm_corr_top1_rand9,f1,2
2019-08-01,282.5152796045313,234,lstm_corr_top1_era5_rand9,f1,2
2019-09-01,292.15075606244517,234,lstm_corr_top1_era5_rand9,f1,2
2019-10-01,299.16418860147445,234,lstm_corr_top1_era5_rand9,f1,2
2019-11-01,381.0432219814463,234,lstm_corr_top1_era5_rand9,f1,2
2019-12-01,316.1169006572046,234,lstm_corr_top1_era5_rand9,f1,2
2020-01-01,305.18230052466305,234,lstm_corr_top1_era5_rand9,f1,2
2020-02-01,235.13124675336203,234,lstm_corr_top1_era5_rand9,f1,2
2020-03-01,326.6001476694859,234,lstm_corr_top1_era5_rand9,f1,2
2020-04-01,378.1515589460761,234,lstm_corr_top1_era5_rand9,f1,2
2020-05-01,343.85840339115737,234,lstm_corr_top1_era5_rand9,f1,2
2020-06-01,255.70331419192897,234,lstm_corr_top1_era5_rand9,f1,2
2020-07-01,346.99312657391306,234,lstm_corr_top1_era5_rand9,f1,2
2020-08-01,359.8099137693199,234,lstm_corr_top1_era5_rand9,f1,2
2020-09-01,626.0605007122002,234,lstm_corr_top1_era5_rand9,f1,2
2020-10-01,440.0370261862969,234,lstm_corr_top1_era5_rand9,f1,2
2020-11-01,328.16140594490884,234,lstm_corr_top1_era5_rand9,f1,2
2020-12-01,367.9983947832914,234,lstm_corr_top1_era5_rand9,f1,2
2019-08-01,315.6664561841415,234,lstm_corr_top1_rand10,f1,2
2019-09-01,324.46866889941117,234,lstm_corr_top1_rand10,f1,2
2019-10-01,318.9744751432763,234,lstm_corr_top1_rand10,f1,2
2019-11-01,383.33938540211193,234,lstm_corr_top1_rand10,f1,2
2019-12-01,374.6139951943818,234,lstm_corr_top1_rand10,f1,2
2020-01-01,343.91305980085286,234,lstm_corr_top1_rand10,f1,2
2020-02-01,256.1391427013819,234,lstm_corr_top1_rand10,f1,2
2020-03-01,364.18400761542824,234,lstm_corr_top1_rand10,f1,2
2020-04-01,374.81585639914624,234,lstm_corr_top1_rand10,f1,2
2020-05-01,388.5388901265074,234,lstm_corr_top1_rand10,f1,2
2020-06-01,282.2935847597486,234,lstm_corr_top1_rand10,f1,2
2020-07-01,368.6351286402372,234,lstm_corr_top1_rand10,f1,2
2020-08-01,385.6225226603583,234,lstm_corr_top1_rand10,f1,2
2020-09-01,645.9106356253391,234,lstm_corr_top1_rand10,f1,2
2020-10-01,452.4185593623893,234,lstm_corr_top1_rand10,f1,2
2020-11-01,310.81372504214056,234,lstm_corr_top1_rand10,f1,2
2020-12-01,339.73609721550014,234,lstm_corr_top1_rand10,f1,2
2019-08-01,283.7251616977693,234,lstm_corr_top1_era5_rand10,f1,2
2019-09-01,295.98124566854676,234,lstm_corr_top1_era5_rand10,f1,2
2019-10-01,293.50698632892835,234,lstm_corr_top1_era5_rand10,f1,2
2019-11-01,372.7602353736152,234,lstm_corr_top1_era5_rand10,f1,2
2019-12-01,314.91725875754736,234,lstm_corr_top1_era5_rand10,f1,2
2020-01-01,303.28676885407987,234,lstm_corr_top1_era5_rand10,f1,2
2020-02-01,231.5966240673592,234,lstm_corr_top1_era5_rand10,f1,2
2020-03-01,320.91199539527935,234,lstm_corr_top1_era5_rand10,f1,2
2020-04-01,365.6699286599259,234,lstm_corr_top1_era5_rand10,f1,2
2020-05-01,335.1812013006364,234,lstm_corr_top1_era5_rand10,f1,2
2020-06-01,252.30216327912802,234,lstm_corr_top1_era5_rand10,f1,2
2020-07-01,349.4787995470896,234,lstm_corr_top1_era5_rand10,f1,2
2020-08-01,353.12794149118906,234,lstm_corr_top1_era5_rand10,f1,2
2020-09-01,615.3438601009639,234,lstm_corr_top1_era5_rand10,f1,2
2020-10-01,420.54981684319495,234,lstm_corr_top1_era5_rand10,f1,2
2020-11-01,312.4547098487825,234,lstm_corr_top1_era5_rand10,f1,2
2020-12-01,343.08784875546735,234,lstm_corr_top1_era5_rand10,f1,2
2019-08-01,313.9139387198283,234,lstm_corr_top1_rand11,f1,2
2019-09-01,323.6724340695571,234,lstm_corr_top1_rand11,f1,2
2019-10-01,318.2571599407735,234,lstm_corr_top1_rand11,f1,2
2019-11-01,382.7060522808014,234,lstm_corr_top1_rand11,f1,2
2019-12-01,372.9532849358277,234,lstm_corr_top1_rand11,f1,2
2020-01-01,344.13324024163524,234,lstm_corr_top1_rand11,f1,2
2020-02-01,254.6085747396287,234,lstm_corr_top1_rand11,f1,2
2020-03-01,362.1446567049506,234,lstm_corr_top1_rand11,f1,2
2020-04-01,370.81497537397354,234,lstm_corr_top1_rand11,f1,2
2020-05-01,383.15012944766744,234,lstm_corr_top1_rand11,f1,2
2020-06-01,278.6009288149531,234,lstm_corr_top1_rand11,f1,2
2020-07-01,363.88557949153005,234,lstm_corr_top1_rand11,f1,2
2020-08-01,378.7739522237358,234,lstm_corr_top1_rand11,f1,2
2020-09-01,642.218293971902,234,lstm_corr_top1_rand11,f1,2
2020-10-01,449.79761595008245,234,lstm_corr_top1_rand11,f1,2
2020-11-01,307.517308345015,234,lstm_corr_top1_rand11,f1,2
2020-12-01,335.8727646812304,234,lstm_corr_top1_rand11,f1,2
2019-08-01,286.10576943793416,234,lstm_corr_top1_era5_rand11,f1,2
2019-09-01,298.5911458043391,234,lstm_corr_top1_era5_rand11,f1,2
2019-10-01,299.4503043255336,234,lstm_corr_top1_era5_rand11,f1,2
2019-11-01,379.5619319114506,234,lstm_corr_top1_era5_rand11,f1,2
2019-12-01,323.73185820545257,234,lstm_corr_top1_era5_rand11,f1,2
2020-01-01,305.489960854083,234,lstm_corr_top1_era5_rand11,f1,2
2020-02-01,233.65321422623887,234,lstm_corr_top1_era5_rand11,f1,2
2020-03-01,320.7386020810514,234,lstm_corr_top1_era5_rand11,f1,2
2020-04-01,366.6120090020134,234,lstm_corr_top1_era5_rand11,f1,2
2020-05-01,334.8429227878858,234,lstm_corr_top1_era5_rand11,f1,2
2020-06-01,257.041498822766,234,lstm_corr_top1_era5_rand11,f1,2
2020-07-01,345.7179456975677,234,lstm_corr_top1_era5_rand11,f1,2
2020-08-01,357.9753112201219,234,lstm_corr_top1_era5_rand11,f1,2
2020-09-01,624.243641329554,234,lstm_corr_top1_era5_rand11,f1,2
2020-10-01,434.8739753354954,234,lstm_corr_top1_era5_rand11,f1,2
2020-11-01,319.436942668798,234,lstm_corr_top1_era5_rand11,f1,2
2020-12-01,358.30434814508243,234,lstm_corr_top1_era5_rand11,f1,2
2019-08-01,314.2228698579649,234,lstm_corr_top1_rand12,f1,2
2019-09-01,323.4021485048124,234,lstm_corr_top1_rand12,f1,2
2019-10-01,316.7069011471011,234,lstm_corr_top1_rand12,f1,2
2019-11-01,382.61395456670624,234,lstm_corr_top1_rand12,f1,2
2019-12-01,371.56702071048517,234,lstm_corr_top1_rand12,f1,2
2020-01-01,344.7538425385164,234,lstm_corr_top1_rand12,f1,2
2020-02-01,254.20437192280082,234,lstm_corr_top1_rand12,f1,2
2020-03-01,362.51743823581256,234,lstm_corr_top1_rand12,f1,2
2020-04-01,367.94051366487315,234,lstm_corr_top1_rand12,f1,2
2020-05-01,377.7288498292524,234,lstm_corr_top1_rand12,f1,2
2020-06-01,275.5914460085277,234,lstm_corr_top1_rand12,f1,2
2020-07-01,361.41597596433263,234,lstm_corr_top1_rand12,f1,2
2020-08-01,370.0056282772776,234,lstm_corr_top1_rand12,f1,2
2020-09-01,633.6332904615164,234,lstm_corr_top1_rand12,f1,2
2020-10-01,448.1109416079599,234,lstm_corr_top1_rand12,f1,2
2020-11-01,300.78480185813027,234,lstm_corr_top1_rand12,f1,2
2020-12-01,326.6334074050986,234,lstm_corr_top1_rand12,f1,2
2019-08-01,283.4477474724409,234,lstm_corr_top1_era5_rand12,f1,2
2019-09-01,289.7270872838944,234,lstm_corr_top1_era5_rand12,f1,2
2019-10-01,294.5899963225665,234,lstm_corr_top1_era5_rand12,f1,2
2019-11-01,376.2540820263737,234,lstm_corr_top1_era5_rand12,f1,2
2019-12-01,315.9980177726078,234,lstm_corr_top1_era5_rand12,f1,2
2020-01-01,304.94787016613367,234,lstm_corr_top1_era5_rand12,f1,2
2020-02-01,235.03031454852768,234,lstm_corr_top1_era5_rand12,f1,2
2020-03-01,324.45283831450513,234,lstm_corr_top1_era5_rand12,f1,2
2020-04-01,366.2262546323276,234,lstm_corr_top1_era5_rand12,f1,2
2020-05-01,336.1155707049596,234,lstm_corr_top1_era5_rand12,f1,2
2020-06-01,260.34462933833987,234,lstm_corr_top1_era5_rand12,f1,2
2020-07-01,352.4776230584282,234,lstm_corr_top1_era5_rand12,f1,2
2020-08-01,359.76836654428934,234,lstm_corr_top1_era5_rand12,f1,2
2020-09-01,611.119829747041,234,lstm_corr_top1_era5_rand12,f1,2
2020-10-01,434.75552868645667,234,lstm_corr_top1_era5_rand12,f1,2
2020-11-01,324.97483588569867,234,lstm_corr_top1_era5_rand12,f1,2
2020-12-01,357.1160347233877,234,lstm_corr_top1_era5_rand12,f1,2
2019-08-01,313.4009078027245,234,lstm_corr_top1_rand13,f1,2
2019-09-01,322.1382929721528,234,lstm_corr_top1_rand13,f1,2
2019-10-01,319.4798275320535,234,lstm_corr_top1_rand13,f1,2
2019-11-01,382.42994957787585,234,lstm_corr_top1_rand13,f1,2
2019-12-01,372.8175359335808,234,lstm_corr_top1_rand13,f1,2
2020-01-01,342.08059271768695,234,lstm_corr_top1_rand13,f1,2
2020-02-01,255.0397216564787,234,lstm_corr_top1_rand13,f1,2
2020-03-01,363.8770200822274,234,lstm_corr_top1_rand13,f1,2
2020-04-01,378.94350787491487,234,lstm_corr_top1_rand13,f1,2
2020-05-01,393.59395940616645,234,lstm_corr_top1_rand13,f1,2
2020-06-01,283.8185737888403,234,lstm_corr_top1_rand13,f1,2
2020-07-01,372.36090774549115,234,lstm_corr_top1_rand13,f1,2
2020-08-01,393.32679745919836,234,lstm_corr_top1_rand13,f1,2
2020-09-01,657.7757269947017,234,lstm_corr_top1_rand13,f1,2
2020-10-01,465.5416913765224,234,lstm_corr_top1_rand13,f1,2
2020-11-01,322.6542969388069,234,lstm_corr_top1_rand13,f1,2
2020-12-01,351.1049768978074,234,lstm_corr_top1_rand13,f1,2
2019-08-01,284.0173709552153,234,lstm_corr_top1_era5_rand13,f1,2
2019-09-01,299.0175489899097,234,lstm_corr_top1_era5_rand13,f1,2
2019-10-01,297.2866672715387,234,lstm_corr_top1_era5_rand13,f1,2
2019-11-01,378.4439983429447,234,lstm_corr_top1_era5_rand13,f1,2
2019-12-01,318.5175063975597,234,lstm_corr_top1_era5_rand13,f1,2
2020-01-01,302.95713231090053,234,lstm_corr_top1_era5_rand13,f1,2
2020-02-01,230.88346909441086,234,lstm_corr_top1_era5_rand13,f1,2
2020-03-01,316.70559130127816,234,lstm_corr_top1_era5_rand13,f1,2
2020-04-01,365.9470813086934,234,lstm_corr_top1_era5_rand13,f1,2
2020-05-01,333.64610487915803,234,lstm_corr_top1_era5_rand13,f1,2
2020-06-01,258.1533964745237,234,lstm_corr_top1_era5_rand13,f1,2
2020-07-01,356.3883489443185,234,lstm_corr_top1_era5_rand13,f1,2
2020-08-01,358.94429322987526,234,lstm_corr_top1_era5_rand13,f1,2
2020-09-01,616.6254673443447,234,lstm_corr_top1_era5_rand13,f1,2
2020-10-01,424.82665229888573,234,lstm_corr_top1_era5_rand13,f1,2
2020-11-01,320.06236111745307,234,lstm_corr_top1_era5_rand13,f1,2
2020-12-01,357.10367075794255,234,lstm_corr_top1_era5_rand13,f1,2
2019-08-01,312.989510715736,234,lstm_corr_top1_rand14,f1,2
2019-09-01,323.81426716312234,234,lstm_corr_top1_rand14,f1,2
2019-10-01,319.3260287936361,234,lstm_corr_top1_rand14,f1,2
2019-11-01,384.74379662724806,234,lstm_corr_top1_rand14,f1,2
2019-12-01,373.7650907004051,234,lstm_corr_top1_rand14,f1,2
2020-01-01,343.4510099920895,234,lstm_corr_top1_rand14,f1,2
2020-02-01,255.99331895921944,234,lstm_corr_top1_rand14,f1,2
2020-03-01,361.7190239917622,234,lstm_corr_top1_rand14,f1,2
2020-04-01,367.92178902988155,234,lstm_corr_top1_rand14,f1,2
2020-05-01,378.28976464417,234,lstm_corr_top1_rand14,f1,2
2020-06-01,271.65331394349806,234,lstm_corr_top1_rand14,f1,2
2020-07-01,358.1857180668316,234,lstm_corr_top1_rand14,f1,2
2020-08-01,372.0328863709216,234,lstm_corr_top1_rand14,f1,2
2020-09-01,637.628942549495,234,lstm_corr_top1_rand14,f1,2
2020-10-01,448.3976834853837,234,lstm_corr_top1_rand14,f1,2
2020-11-01,306.19743518353937,234,lstm_corr_top1_rand14,f1,2
2020-12-01,325.530448481332,234,lstm_corr_top1_rand14,f1,2
2019-08-01,284.2570853088552,234,lstm_corr_top1_era5_rand14,f1,2
2019-09-01,292.97508669461905,234,lstm_corr_top1_era5_rand14,f1,2
2019-10-01,297.4753948827692,234,lstm_corr_top1_era5_rand14,f1,2
2019-11-01,378.27785298382616,234,lstm_corr_top1_era5_rand14,f1,2
2019-12-01,315.97086777810233,234,lstm_corr_top1_era5_rand14,f1,2
2020-01-01,302.57529461500764,234,lstm_corr_top1_era5_rand14,f1,2
2020-02-01,227.9056680284673,234,lstm_corr_top1_era5_rand14,f1,2
2020-03-01,317.37389296113446,234,lstm_corr_top1_era5_rand14,f1,2
2020-04-01,364.2693990030787,234,lstm_corr_top1_era5_rand14,f1,2
2020-05-01,334.61844896238284,234,lstm_corr_top1_era5_rand14,f1,2
2020-06-01,254.1528405638238,234,lstm_corr_top1_era5_rand14,f1,2
2020-07-01,354.4025144179815,234,lstm_corr_top1_era5_rand14,f1,2
2020-08-01,357.2332121985315,234,lstm_corr_top1_era5_rand14,f1,2
2020-09-01,623.1160255230967,234,lstm_corr_top1_era5_rand14,f1,2
2020-10-01,427.14156338998754,234,lstm_corr_top1_era5_rand14,f1,2
2020-11-01,316.35558268503445,234,lstm_corr_top1_era5_rand14,f1,2
2020-12-01,352.02854938482676,234,lstm_corr_top1_era5_rand14,f1,2
2019-08-01,312.82574733524405,234,lstm_corr_top1_rand15,f1,2
2019-09-01,325.58035632377715,234,lstm_corr_top1_rand15,f1,2
2019-10-01,317.62076975477146,234,lstm_corr_top1_rand15,f1,2
2019-11-01,381.013707122633,234,lstm_corr_top1_rand15,f1,2
2019-12-01,371.18983460720625,234,lstm_corr_top1_rand15,f1,2
2020-01-01,341.26381041592344,234,lstm_corr_top1_rand15,f1,2
2020-02-01,251.83370257919086,234,lstm_corr_top1_rand15,f1,2
2020-03-01,359.2391486614497,234,lstm_corr_top1_rand15,f1,2
2020-04-01,362.4855236068377,234,lstm_corr_top1_rand15,f1,2
2020-05-01,369.61614735411274,234,lstm_corr_top1_rand15,f1,2
2020-06-01,269.2750761563812,234,lstm_corr_top1_rand15,f1,2
2020-07-01,357.73675067702834,234,lstm_corr_top1_rand15,f1,2
2020-08-01,361.6290052019523,234,lstm_corr_top1_rand15,f1,2
2020-09-01,624.5222172330174,234,lstm_corr_top1_rand15,f1,2
2020-10-01,435.15798101879574,234,lstm_corr_top1_rand15,f1,2
2020-11-01,293.5258674051771,234,lstm_corr_top1_rand15,f1,2
2020-12-01,318.7577869381217,234,lstm_corr_top1_rand15,f1,2
2019-08-01,282.155595790333,234,lstm_corr_top1_era5_rand15,f1,2
2019-09-01,294.7347697383818,234,lstm_corr_top1_era5_rand15,f1,2
2019-10-01,297.61441890013504,234,lstm_corr_top1_era5_rand15,f1,2
2019-11-01,378.4764970107633,234,lstm_corr_top1_era5_rand15,f1,2
2019-12-01,319.86845758554773,234,lstm_corr_top1_era5_rand15,f1,2
2020-01-01,302.26513045698755,234,lstm_corr_top1_era5_rand15,f1,2
2020-02-01,233.3142059281705,234,lstm_corr_top1_era5_rand15,f1,2
2020-03-01,320.2964612125566,234,lstm_corr_top1_era5_rand15,f1,2
2020-04-01,371.37443971971805,234,lstm_corr_top1_era5_rand15,f1,2
2020-05-01,336.0964329117962,234,lstm_corr_top1_era5_rand15,f1,2
2020-06-01,259.6810960021144,234,lstm_corr_top1_era5_rand15,f1,2
2020-07-01,349.62410688905305,234,lstm_corr_top1_era5_rand15,f1,2
2020-08-01,359.96939040130104,234,lstm_corr_top1_era5_rand15,f1,2
2020-09-01,625.5146495494452,234,lstm_corr_top1_era5_rand15,f1,2
2020-10-01,424.7476344751738,234,lstm_corr_top1_era5_rand15,f1,2
2020-11-01,313.13430628563964,234,lstm_corr_top1_era5_rand15,f1,2
2020-12-01,351.20151997723656,234,lstm_corr_top1_era5_rand15,f1,2
2019-08-01,314.98124115212005,234,lstm_corr_top1_rand16,f1,2
2019-09-01,324.4030492045326,234,lstm_corr_top1_rand16,f1,2
2019-10-01,319.09319596039273,234,lstm_corr_top1_rand16,f1,2
2019-11-01,381.7385595815851,234,lstm_corr_top1_rand16,f1,2
2019-12-01,372.2460077109557,234,lstm_corr_top1_rand16,f1,2
2020-01-01,345.4006229894236,234,lstm_corr_top1_rand16,f1,2
2020-02-01,258.26772158574875,234,lstm_corr_top1_rand16,f1,2
2020-03-01,364.6173004614631,234,lstm_corr_top1_rand16,f1,2
2020-04-01,370.23148206199835,234,lstm_corr_top1_rand16,f1,2
2020-05-01,380.05006922405846,234,lstm_corr_top1_rand16,f1,2
2020-06-01,274.30541326316023,234,lstm_corr_top1_rand16,f1,2
2020-07-01,362.3161529279173,234,lstm_corr_top1_rand16,f1,2
2020-08-01,372.93243881263874,234,lstm_corr_top1_rand16,f1,2
2020-09-01,635.7538568483043,234,lstm_corr_top1_rand16,f1,2
2020-10-01,442.960908587589,234,lstm_corr_top1_rand16,f1,2
2020-11-01,302.17402673988045,234,lstm_corr_top1_rand16,f1,2
2020-12-01,328.9705293295687,234,lstm_corr_top1_rand16,f1,2
2019-08-01,284.6546287594081,234,lstm_corr_top1_era5_rand16,f1,2
2019-09-01,294.50026690305947,234,lstm_corr_top1_era5_rand16,f1,2
2019-10-01,299.74498825708355,234,lstm_corr_top1_era5_rand16,f1,2
2019-11-01,377.67497125272155,234,lstm_corr_top1_era5_rand16,f1,2
2019-12-01,321.71106159742453,234,lstm_corr_top1_era5_rand16,f1,2
2020-01-01,304.2699389704894,234,lstm_corr_top1_era5_rand16,f1,2
2020-02-01,236.87409489364413,234,lstm_corr_top1_era5_rand16,f1,2
2020-03-01,326.90924717581896,234,lstm_corr_top1_era5_rand16,f1,2
2020-04-01,373.568739344714,234,lstm_corr_top1_era5_rand16,f1,2
2020-05-01,341.4953780393885,234,lstm_corr_top1_era5_rand16,f1,2
2020-06-01,257.8550183099104,234,lstm_corr_top1_era5_rand16,f1,2
2020-07-01,350.6876960060537,234,lstm_corr_top1_era5_rand16,f1,2
2020-08-01,360.31309976076227,234,lstm_corr_top1_era5_rand16,f1,2
2020-09-01,619.1792309385794,234,lstm_corr_top1_era5_rand16,f1,2
2020-10-01,431.414800982737,234,lstm_corr_top1_era5_rand16,f1,2
2020-11-01,317.6619664190875,234,lstm_corr_top1_era5_rand16,f1,2
2020-12-01,355.61018604013526,234,lstm_corr_top1_era5_rand16,f1,2
2019-08-01,311.42336675504305,234,lstm_corr_top1_rand17,f1,2
2019-09-01,323.271702478973,234,lstm_corr_top1_rand17,f1,2
2019-10-01,317.61968163777954,234,lstm_corr_top1_rand17,f1,2
2019-11-01,381.02047250942627,234,lstm_corr_top1_rand17,f1,2
2019-12-01,371.39057457654974,234,lstm_corr_top1_rand17,f1,2
2020-01-01,341.7903536290528,234,lstm_corr_top1_rand17,f1,2
2020-02-01,251.78529540212105,234,lstm_corr_top1_rand17,f1,2
2020-03-01,358.1571577298544,234,lstm_corr_top1_rand17,f1,2
2020-04-01,363.7647184910442,234,lstm_corr_top1_rand17,f1,2
2020-05-01,372.786765602343,234,lstm_corr_top1_rand17,f1,2
2020-06-01,269.68746878830933,234,lstm_corr_top1_rand17,f1,2
2020-07-01,359.0099466540523,234,lstm_corr_top1_rand17,f1,2
2020-08-01,366.2736481718551,234,lstm_corr_top1_rand17,f1,2
2020-09-01,631.1829562887717,234,lstm_corr_top1_rand17,f1,2
2020-10-01,442.9650947522103,234,lstm_corr_top1_rand17,f1,2
2020-11-01,298.9652867104675,234,lstm_corr_top1_rand17,f1,2
2020-12-01,322.48729835369545,234,lstm_corr_top1_rand17,f1,2
2019-08-01,279.45873315522925,234,lstm_corr_top1_era5_rand17,f1,2
2019-09-01,291.18252566383933,234,lstm_corr_top1_era5_rand17,f1,2
2019-10-01,301.3782743492241,234,lstm_corr_top1_era5_rand17,f1,2
2019-11-01,376.65989445837835,234,lstm_corr_top1_era5_rand17,f1,2
2019-12-01,318.5523929368079,234,lstm_corr_top1_era5_rand17,f1,2
2020-01-01,310.0717244834935,234,lstm_corr_top1_era5_rand17,f1,2
2020-02-01,235.1411622989844,234,lstm_corr_top1_era5_rand17,f1,2
2020-03-01,324.8481601673608,234,lstm_corr_top1_era5_rand17,f1,2
2020-04-01,373.2378764560799,234,lstm_corr_top1_era5_rand17,f1,2
2020-05-01,341.32479463452546,234,lstm_corr_top1_era5_rand17,f1,2
2020-06-01,260.89776926448275,234,lstm_corr_top1_era5_rand17,f1,2
2020-07-01,351.9743208514419,234,lstm_corr_top1_era5_rand17,f1,2
2020-08-01,361.5330217371342,234,lstm_corr_top1_era5_rand17,f1,2
2020-09-01,632.8185029474937,234,lstm_corr_top1_era5_rand17,f1,2
2020-10-01,444.51999781517674,234,lstm_corr_top1_era5_rand17,f1,2
2020-11-01,324.2034614150117,234,lstm_corr_top1_era5_rand17,f1,2
2020-12-01,365.8892293113925,234,lstm_corr_top1_era5_rand17,f1,2
2019-08-01,313.664331029951,234,lstm_corr_top1_rand18,f1,2
2019-09-01,321.2797640252731,234,lstm_corr_top1_rand18,f1,2
2019-10-01,317.81385464274734,234,lstm_corr_top1_rand18,f1,2
2019-11-01,383.53253447777513,234,lstm_corr_top1_rand18,f1,2
2019-12-01,374.73266264842795,234,lstm_corr_top1_rand18,f1,2
2020-01-01,344.18069839514874,234,lstm_corr_top1_rand18,f1,2
2020-02-01,256.5490981807786,234,lstm_corr_top1_rand18,f1,2
2020-03-01,366.48387395344446,234,lstm_corr_top1_rand18,f1,2
2020-04-01,376.8543335822849,234,lstm_corr_top1_rand18,f1,2
2020-05-01,389.3278308536447,234,lstm_corr_top1_rand18,f1,2
2020-06-01,282.6469458815308,234,lstm_corr_top1_rand18,f1,2
2020-07-01,372.3333140721963,234,lstm_corr_top1_rand18,f1,2
2020-08-01,387.85238069701785,234,lstm_corr_top1_rand18,f1,2
2020-09-01,646.2835530413564,234,lstm_corr_top1_rand18,f1,2
2020-10-01,456.9561920237869,234,lstm_corr_top1_rand18,f1,2
2020-11-01,315.40864403194735,234,lstm_corr_top1_rand18,f1,2
2020-12-01,343.329911305568,234,lstm_corr_top1_rand18,f1,2
2019-08-01,287.13278208902653,234,lstm_corr_top1_era5_rand18,f1,2
2019-09-01,292.7702661311574,234,lstm_corr_top1_era5_rand18,f1,2
2019-10-01,297.16464410236705,234,lstm_corr_top1_era5_rand18,f1,2
2019-11-01,377.89221971362673,234,lstm_corr_top1_era5_rand18,f1,2
2019-12-01,316.7651789450076,234,lstm_corr_top1_era5_rand18,f1,2
2020-01-01,306.21835140884815,234,lstm_corr_top1_era5_rand18,f1,2
2020-02-01,229.59100222065075,234,lstm_corr_top1_era5_rand18,f1,2
2020-03-01,324.02913669321543,234,lstm_corr_top1_era5_rand18,f1,2
2020-04-01,368.88838595300746,234,lstm_corr_top1_era5_rand18,f1,2
2020-05-01,334.28631875331325,234,lstm_corr_top1_era5_rand18,f1,2
2020-06-01,265.0117779126844,234,lstm_corr_top1_era5_rand18,f1,2
2020-07-01,353.5666561707001,234,lstm_corr_top1_era5_rand18,f1,2
2020-08-01,366.61202595684625,234,lstm_corr_top1_era5_rand18,f1,2
2020-09-01,629.0225257960835,234,lstm_corr_top1_era5_rand18,f1,2
2020-10-01,429.18104687455144,234,lstm_corr_top1_era5_rand18,f1,2
2020-11-01,325.07832969478784,234,lstm_corr_top1_era5_rand18,f1,2
2020-12-01,364.96238725010784,234,lstm_corr_top1_era5_rand18,f1,2
2019-08-01,316.6507198240352,234,lstm_corr_top1_rand19,f1,2
2019-09-01,323.0886915247036,234,lstm_corr_top1_rand19,f1,2
2019-10-01,318.1426807877687,234,lstm_corr_top1_rand19,f1,2
2019-11-01,383.58985665902554,234,lstm_corr_top1_rand19,f1,2
2019-12-01,371.780053886442,234,lstm_corr_top1_rand19,f1,2
2020-01-01,341.56532257316843,234,lstm_corr_top1_rand19,f1,2
2020-02-01,253.44912635519324,234,lstm_corr_top1_rand19,f1,2
2020-03-01,361.3640660466082,234,lstm_corr_top1_rand19,f1,2
2020-04-01,370.7924236555949,234,lstm_corr_top1_rand19,f1,2
2020-05-01,385.3549703999005,234,lstm_corr_top1_rand19,f1,2
2020-06-01,284.17358508984023,234,lstm_corr_top1_rand19,f1,2
2020-07-01,372.48326294529767,234,lstm_corr_top1_rand19,f1,2
2020-08-01,385.4383239517703,234,lstm_corr_top1_rand19,f1,2
2020-09-01,640.6008066769899,234,lstm_corr_top1_rand19,f1,2
2020-10-01,451.3316734273863,234,lstm_corr_top1_rand19,f1,2
2020-11-01,308.5303427606638,234,lstm_corr_top1_rand19,f1,2
2020-12-01,337.31479196887756,234,lstm_corr_top1_rand19,f1,2
2019-08-01,284.54952496898125,234,lstm_corr_top1_era5_rand19,f1,2
2019-09-01,296.0984329334066,234,lstm_corr_top1_era5_rand19,f1,2
2019-10-01,296.7876188520109,234,lstm_corr_top1_era5_rand19,f1,2
2019-11-01,373.645163402616,234,lstm_corr_top1_era5_rand19,f1,2
2019-12-01,314.1206592366317,234,lstm_corr_top1_era5_rand19,f1,2
2020-01-01,303.5877227332466,234,lstm_corr_top1_era5_rand19,f1,2
2020-02-01,227.7624871992332,234,lstm_corr_top1_era5_rand19,f1,2
2020-03-01,320.76999960418385,234,lstm_corr_top1_era5_rand19,f1,2
2020-04-01,365.07073877915286,234,lstm_corr_top1_era5_rand19,f1,2
2020-05-01,336.57316246832795,234,lstm_corr_top1_era5_rand19,f1,2
2020-06-01,259.48183211536275,234,lstm_corr_top1_era5_rand19,f1,2
2020-07-01,349.12118583362604,234,lstm_corr_top1_era5_rand19,f1,2
2020-08-01,356.2627767566644,234,lstm_corr_top1_era5_rand19,f1,2
2020-09-01,616.4830309116239,234,lstm_corr_top1_era5_rand19,f1,2
2020-10-01,419.61885087787584,234,lstm_corr_top1_era5_rand19,f1,2
2020-11-01,305.1711873670149,234,lstm_corr_top1_era5_rand19,f1,2
2020-12-01,343.00731375624355,234,lstm_corr_top1_era5_rand19,f1,2
2019-09-01,349.8628874532057,234,lstm_corr_top1_rand0,f1,3
2019-10-01,400.2376598358842,234,lstm_corr_top1_rand0,f1,3
2019-11-01,411.95046993773167,234,lstm_corr_top1_rand0,f1,3
2019-12-01,428.00503525345766,234,lstm_corr_top1_rand0,f1,3
2020-01-01,403.2648675044033,234,lstm_corr_top1_rand0,f1,3
2020-02-01,326.82979629265594,234,lstm_corr_top1_rand0,f1,3
2020-03-01,427.7982558851101,234,lstm_corr_top1_rand0,f1,3
2020-04-01,443.2724901289971,234,lstm_corr_top1_rand0,f1,3
2020-05-01,457.77419401800654,234,lstm_corr_top1_rand0,f1,3
2020-06-01,332.84717111856594,234,lstm_corr_top1_rand0,f1,3
2020-07-01,400.6499645264806,234,lstm_corr_top1_rand0,f1,3
2020-08-01,420.4210429607257,234,lstm_corr_top1_rand0,f1,3
2020-09-01,754.481162058946,234,lstm_corr_top1_rand0,f1,3
2020-10-01,554.4523287444657,234,lstm_corr_top1_rand0,f1,3
2020-11-01,391.879886505986,234,lstm_corr_top1_rand0,f1,3
2020-12-01,375.7938228842038,234,lstm_corr_top1_rand0,f1,3
2021-01-01,398.331570957478,234,lstm_corr_top1_rand0,f1,3
2019-09-01,331.70141516230717,234,lstm_corr_top1_era5_rand0,f1,3
2019-10-01,376.43837766405926,234,lstm_corr_top1_era5_rand0,f1,3
2019-11-01,386.8629089711863,234,lstm_corr_top1_era5_rand0,f1,3
2019-12-01,408.4005580058083,234,lstm_corr_top1_era5_rand0,f1,3
2020-01-01,364.25033267615186,234,lstm_corr_top1_era5_rand0,f1,3
2020-02-01,291.8182709947246,234,lstm_corr_top1_era5_rand0,f1,3
2020-03-01,398.31535860564134,234,lstm_corr_top1_era5_rand0,f1,3
2020-04-01,405.6949306571902,234,lstm_corr_top1_era5_rand0,f1,3
2020-05-01,443.97435793791203,234,lstm_corr_top1_era5_rand0,f1,3
2020-06-01,326.6168842096658,234,lstm_corr_top1_era5_rand0,f1,3
2020-07-01,393.4618103095316,234,lstm_corr_top1_era5_rand0,f1,3
2020-08-01,396.2003325708922,234,lstm_corr_top1_era5_rand0,f1,3
2020-09-01,736.6331649101622,234,lstm_corr_top1_era5_rand0,f1,3
2020-10-01,543.4098940827697,234,lstm_corr_top1_era5_rand0,f1,3
2020-11-01,380.0732120966112,234,lstm_corr_top1_era5_rand0,f1,3
2020-12-01,373.1618132963592,234,lstm_corr_top1_era5_rand0,f1,3
2021-01-01,401.9555094731477,234,lstm_corr_top1_era5_rand0,f1,3
2019-09-01,350.9980639864582,234,lstm_corr_top1_rand1,f1,3
2019-10-01,396.28838220480185,234,lstm_corr_top1_rand1,f1,3
2019-11-01,409.5465742226234,234,lstm_corr_top1_rand1,f1,3
2019-12-01,422.8569349254418,234,lstm_corr_top1_rand1,f1,3
2020-01-01,404.6918030806565,234,lstm_corr_top1_rand1,f1,3
2020-02-01,327.55737372316804,234,lstm_corr_top1_rand1,f1,3
2020-03-01,429.02932344560304,234,lstm_corr_top1_rand1,f1,3
2020-04-01,443.7370247330604,234,lstm_corr_top1_rand1,f1,3
2020-05-01,459.5141572019924,234,lstm_corr_top1_rand1,f1,3
2020-06-01,338.2973040427185,234,lstm_corr_top1_rand1,f1,3
2020-07-01,402.74328359550327,234,lstm_corr_top1_rand1,f1,3
2020-08-01,421.4139351922419,234,lstm_corr_top1_rand1,f1,3
2020-09-01,745.4494463835687,234,lstm_corr_top1_rand1,f1,3
2020-10-01,546.2193483168317,234,lstm_corr_top1_rand1,f1,3
2020-11-01,393.5022207018265,234,lstm_corr_top1_rand1,f1,3
2020-12-01,384.7356120912318,234,lstm_corr_top1_rand1,f1,3
2021-01-01,402.25765212283926,234,lstm_corr_top1_rand1,f1,3
2019-09-01,333.01524731549483,234,lstm_corr_top1_era5_rand1,f1,3
2019-10-01,374.6782994190522,234,lstm_corr_top1_era5_rand1,f1,3
2019-11-01,393.66359425992334,234,lstm_corr_top1_era5_rand1,f1,3
2019-12-01,404.36816157836785,234,lstm_corr_top1_era5_rand1,f1,3
2020-01-01,371.40587932879697,234,lstm_corr_top1_era5_rand1,f1,3
2020-02-01,295.03453378629195,234,lstm_corr_top1_era5_rand1,f1,3
2020-03-01,400.3739338609797,234,lstm_corr_top1_era5_rand1,f1,3
2020-04-01,406.42667580875684,234,lstm_corr_top1_era5_rand1,f1,3
2020-05-01,444.35080964307116,234,lstm_corr_top1_era5_rand1,f1,3
2020-06-01,329.844322986883,234,lstm_corr_top1_era5_rand1,f1,3
2020-07-01,395.6330123096386,234,lstm_corr_top1_era5_rand1,f1,3
2020-08-01,399.29805264155334,234,lstm_corr_top1_era5_rand1,f1,3
2020-09-01,733.2250046802378,234,lstm_corr_top1_era5_rand1,f1,3
2020-10-01,530.2097996511463,234,lstm_corr_top1_era5_rand1,f1,3
2020-11-01,372.2077135290979,234,lstm_corr_top1_era5_rand1,f1,3
2020-12-01,372.54828625257636,234,lstm_corr_top1_era5_rand1,f1,3
2021-01-01,403.15196944670396,234,lstm_corr_top1_era5_rand1,f1,3
2019-09-01,349.5878096769853,234,lstm_corr_top1_rand2,f1,3
2019-10-01,395.215123210083,234,lstm_corr_top1_rand2,f1,3
2019-11-01,410.8927017981688,234,lstm_corr_top1_rand2,f1,3
2019-12-01,426.3040305328184,234,lstm_corr_top1_rand2,f1,3
2020-01-01,402.26899550521057,234,lstm_corr_top1_rand2,f1,3
2020-02-01,325.70612925083555,234,lstm_corr_top1_rand2,f1,3
2020-03-01,425.24513485805176,234,lstm_corr_top1_rand2,f1,3
2020-04-01,440.32917679627997,234,lstm_corr_top1_rand2,f1,3
2020-05-01,454.8430052080556,234,lstm_corr_top1_rand2,f1,3
2020-06-01,336.48538494166195,234,lstm_corr_top1_rand2,f1,3
2020-07-01,399.9270826906894,234,lstm_corr_top1_rand2,f1,3
2020-08-01,418.7856486406385,234,lstm_corr_top1_rand2,f1,3
2020-09-01,742.9313539073559,234,lstm_corr_top1_rand2,f1,3
2020-10-01,543.4310497320812,234,lstm_corr_top1_rand2,f1,3
2020-11-01,385.2958052560042,234,lstm_corr_top1_rand2,f1,3
2020-12-01,373.1379735645316,234,lstm_corr_top1_rand2,f1,3
2021-01-01,393.8811860563888,234,lstm_corr_top1_rand2,f1,3
2019-09-01,328.90987214228545,234,lstm_corr_top1_era5_rand2,f1,3
2019-10-01,375.90667227294773,234,lstm_corr_top1_era5_rand2,f1,3
2019-11-01,394.60988461890344,234,lstm_corr_top1_era5_rand2,f1,3
2019-12-01,410.99343454229995,234,lstm_corr_top1_era5_rand2,f1,3
2020-01-01,377.27243139600705,234,lstm_corr_top1_era5_rand2,f1,3
2020-02-01,296.0081248984256,234,lstm_corr_top1_era5_rand2,f1,3
2020-03-01,397.5808078699939,234,lstm_corr_top1_era5_rand2,f1,3
2020-04-01,401.0859929324935,234,lstm_corr_top1_era5_rand2,f1,3
2020-05-01,446.2895763596866,234,lstm_corr_top1_era5_rand2,f1,3
2020-06-01,331.7344296307357,234,lstm_corr_top1_era5_rand2,f1,3
2020-07-01,399.1397408627245,234,lstm_corr_top1_era5_rand2,f1,3
2020-08-01,412.82438593859126,234,lstm_corr_top1_era5_rand2,f1,3
2020-09-01,744.1552315322598,234,lstm_corr_top1_era5_rand2,f1,3
2020-10-01,544.5029312733413,234,lstm_corr_top1_era5_rand2,f1,3
2020-11-01,387.09394438084826,234,lstm_corr_top1_era5_rand2,f1,3
2020-12-01,389.6682035027358,234,lstm_corr_top1_era5_rand2,f1,3
2021-01-01,409.87108109674404,234,lstm_corr_top1_era5_rand2,f1,3
2019-09-01,350.68678159674886,234,lstm_corr_top1_rand3,f1,3
2019-10-01,397.8369982532701,234,lstm_corr_top1_rand3,f1,3
2019-11-01,410.0092063087546,234,lstm_corr_top1_rand3,f1,3
2019-12-01,424.37158405469285,234,lstm_corr_top1_rand3,f1,3
2020-01-01,403.7296878954676,234,lstm_corr_top1_rand3,f1,3
2020-02-01,327.5247557037094,234,lstm_corr_top1_rand3,f1,3
2020-03-01,426.7560310454331,234,lstm_corr_top1_rand3,f1,3
2020-04-01,443.73141077108374,234,lstm_corr_top1_rand3,f1,3
2020-05-01,455.7167364757263,234,lstm_corr_top1_rand3,f1,3
2020-06-01,337.02794308077983,234,lstm_corr_top1_rand3,f1,3
2020-07-01,399.05702287307287,234,lstm_corr_top1_rand3,f1,3
2020-08-01,416.86204621912304,234,lstm_corr_top1_rand3,f1,3
2020-09-01,744.9316507393862,234,lstm_corr_top1_rand3,f1,3
2020-10-01,542.5221740227502,234,lstm_corr_top1_rand3,f1,3
2020-11-01,382.42048413078317,234,lstm_corr_top1_rand3,f1,3
2020-12-01,367.30214168948703,234,lstm_corr_top1_rand3,f1,3
2021-01-01,388.7318308790779,234,lstm_corr_top1_rand3,f1,3
2019-09-01,334.4774393153798,234,lstm_corr_top1_era5_rand3,f1,3
2019-10-01,376.140516400723,234,lstm_corr_top1_era5_rand3,f1,3
2019-11-01,388.4823622259421,234,lstm_corr_top1_era5_rand3,f1,3
2019-12-01,405.3469473078718,234,lstm_corr_top1_era5_rand3,f1,3
2020-01-01,367.1360468471304,234,lstm_corr_top1_era5_rand3,f1,3
2020-02-01,298.7056732167448,234,lstm_corr_top1_era5_rand3,f1,3
2020-03-01,402.0988659519678,234,lstm_corr_top1_era5_rand3,f1,3
2020-04-01,408.18091379375306,234,lstm_corr_top1_era5_rand3,f1,3
2020-05-01,442.9042583331819,234,lstm_corr_top1_era5_rand3,f1,3
2020-06-01,327.868167557264,234,lstm_corr_top1_era5_rand3,f1,3
2020-07-01,392.41419910812493,234,lstm_corr_top1_era5_rand3,f1,3
2020-08-01,395.3808370064945,234,lstm_corr_top1_era5_rand3,f1,3
2020-09-01,728.973195309867,234,lstm_corr_top1_era5_rand3,f1,3
2020-10-01,536.0835396607702,234,lstm_corr_top1_era5_rand3,f1,3
2020-11-01,371.98077318417177,234,lstm_corr_top1_era5_rand3,f1,3
2020-12-01,360.2300249333232,234,lstm_corr_top1_era5_rand3,f1,3
2021-01-01,390.93126012680756,234,lstm_corr_top1_era5_rand3,f1,3
2019-09-01,350.9092209835191,234,lstm_corr_top1_rand4,f1,3
2019-10-01,399.78773007740847,234,lstm_corr_top1_rand4,f1,3
2019-11-01,413.3563556090747,234,lstm_corr_top1_rand4,f1,3
2019-12-01,428.42752269192096,234,lstm_corr_top1_rand4,f1,3
2020-01-01,405.4500120341403,234,lstm_corr_top1_rand4,f1,3
2020-02-01,329.22082976940135,234,lstm_corr_top1_rand4,f1,3
2020-03-01,428.3211077510505,234,lstm_corr_top1_rand4,f1,3
2020-04-01,445.25343689896,234,lstm_corr_top1_rand4,f1,3
2020-05-01,459.90062307915116,234,lstm_corr_top1_rand4,f1,3
2020-06-01,341.155235523488,234,lstm_corr_top1_rand4,f1,3
2020-07-01,403.3552516772636,234,lstm_corr_top1_rand4,f1,3
2020-08-01,425.96300925438965,234,lstm_corr_top1_rand4,f1,3
2020-09-01,752.7876510159666,234,lstm_corr_top1_rand4,f1,3
2020-10-01,550.0351576803296,234,lstm_corr_top1_rand4,f1,3
2020-11-01,391.7423478179738,234,lstm_corr_top1_rand4,f1,3
2020-12-01,380.92688936868234,234,lstm_corr_top1_rand4,f1,3
2021-01-01,397.62054634874846,234,lstm_corr_top1_rand4,f1,3
2019-09-01,334.250076416372,234,lstm_corr_top1_era5_rand4,f1,3
2019-10-01,375.62038283711263,234,lstm_corr_top1_era5_rand4,f1,3
2019-11-01,391.76344908143113,234,lstm_corr_top1_era5_rand4,f1,3
2019-12-01,407.3264388271364,234,lstm_corr_top1_era5_rand4,f1,3
2020-01-01,370.7798815870004,234,lstm_corr_top1_era5_rand4,f1,3
2020-02-01,299.83507712639414,234,lstm_corr_top1_era5_rand4,f1,3
2020-03-01,399.775848588239,234,lstm_corr_top1_era5_rand4,f1,3
2020-04-01,409.2188032633162,234,lstm_corr_top1_era5_rand4,f1,3
2020-05-01,445.82617915128924,234,lstm_corr_top1_era5_rand4,f1,3
2020-06-01,334.20081308155534,234,lstm_corr_top1_era5_rand4,f1,3
2020-07-01,397.9557633327989,234,lstm_corr_top1_era5_rand4,f1,3
2020-08-01,407.4189898686266,234,lstm_corr_top1_era5_rand4,f1,3
2020-09-01,741.6041910424268,234,lstm_corr_top1_era5_rand4,f1,3
2020-10-01,539.4822151785195,234,lstm_corr_top1_era5_rand4,f1,3
2020-11-01,387.1848511111246,234,lstm_corr_top1_era5_rand4,f1,3
2020-12-01,378.73558079576634,234,lstm_corr_top1_era5_rand4,f1,3
2021-01-01,407.45606305028053,234,lstm_corr_top1_era5_rand4,f1,3
2019-09-01,350.9114499607971,234,lstm_corr_top1_rand5,f1,3
2019-10-01,400.8324423043691,234,lstm_corr_top1_rand5,f1,3
2019-11-01,415.0006302367195,234,lstm_corr_top1_rand5,f1,3
2019-12-01,430.3295304461752,234,lstm_corr_top1_rand5,f1,3
2020-01-01,405.92758564991357,234,lstm_corr_top1_rand5,f1,3
2020-02-01,330.3784228019249,234,lstm_corr_top1_rand5,f1,3
2020-03-01,434.15945427049087,234,lstm_corr_top1_rand5,f1,3
2020-04-01,451.2410380092317,234,lstm_corr_top1_rand5,f1,3
2020-05-01,473.73001813560774,234,lstm_corr_top1_rand5,f1,3
2020-06-01,342.1522780002919,234,lstm_corr_top1_rand5,f1,3
2020-07-01,401.8922431186138,234,lstm_corr_top1_rand5,f1,3
2020-08-01,426.2142005058396,234,lstm_corr_top1_rand5,f1,3
2020-09-01,760.8839075913871,234,lstm_corr_top1_rand5,f1,3
2020-10-01,563.9493346892297,234,lstm_corr_top1_rand5,f1,3
2020-11-01,399.44224535939753,234,lstm_corr_top1_rand5,f1,3
2020-12-01,385.3499257061022,234,lstm_corr_top1_rand5,f1,3
2021-01-01,412.8339481037821,234,lstm_corr_top1_rand5,f1,3
2019-09-01,332.4320413759497,234,lstm_corr_top1_era5_rand5,f1,3
2019-10-01,377.06408201311405,234,lstm_corr_top1_era5_rand5,f1,3
2019-11-01,392.2680796280025,234,lstm_corr_top1_era5_rand5,f1,3
2019-12-01,406.43065316269735,234,lstm_corr_top1_era5_rand5,f1,3
2020-01-01,370.9488633504014,234,lstm_corr_top1_era5_rand5,f1,3
2020-02-01,298.39678904628653,234,lstm_corr_top1_era5_rand5,f1,3
2020-03-01,396.1573344979747,234,lstm_corr_top1_era5_rand5,f1,3
2020-04-01,405.8308408553619,234,lstm_corr_top1_era5_rand5,f1,3
2020-05-01,446.674629251478,234,lstm_corr_top1_era5_rand5,f1,3
2020-06-01,322.03977715574814,234,lstm_corr_top1_era5_rand5,f1,3
2020-07-01,384.6809762875592,234,lstm_corr_top1_era5_rand5,f1,3
2020-08-01,392.1588192593035,234,lstm_corr_top1_era5_rand5,f1,3
2020-09-01,730.4264686561283,234,lstm_corr_top1_era5_rand5,f1,3
2020-10-01,529.8562954928166,234,lstm_corr_top1_era5_rand5,f1,3
2020-11-01,373.11717925699514,234,lstm_corr_top1_era5_rand5,f1,3
2020-12-01,365.9229623737134,234,lstm_corr_top1_era5_rand5,f1,3
2021-01-01,389.0781788069228,234,lstm_corr_top1_era5_rand5,f1,3
2019-09-01,348.47034591927627,234,lstm_corr_top1_rand6,f1,3
2019-10-01,396.3631567562348,234,lstm_corr_top1_rand6,f1,3
2019-11-01,413.57698169333844,234,lstm_corr_top1_rand6,f1,3
2019-12-01,426.61248517833576,234,lstm_corr_top1_rand6,f1,3
2020-01-01,400.9108318202525,234,lstm_corr_top1_rand6,f1,3
2020-02-01,327.7831892490791,234,lstm_corr_top1_rand6,f1,3
2020-03-01,432.2222452616967,234,lstm_corr_top1_rand6,f1,3
2020-04-01,448.66572880313134,234,lstm_corr_top1_rand6,f1,3
2020-05-01,470.924392215656,234,lstm_corr_top1_rand6,f1,3
2020-06-01,346.1657939765574,234,lstm_corr_top1_rand6,f1,3
2020-07-01,410.95937765280365,234,lstm_corr_top1_rand6,f1,3
2020-08-01,433.7243578931987,234,lstm_corr_top1_rand6,f1,3
2020-09-01,769.2394352162457,234,lstm_corr_top1_rand6,f1,3
2020-10-01,566.9751026016708,234,lstm_corr_top1_rand6,f1,3
2020-11-01,408.3679858859805,234,lstm_corr_top1_rand6,f1,3
2020-12-01,390.6119708034018,234,lstm_corr_top1_rand6,f1,3
2021-01-01,416.89082792839224,234,lstm_corr_top1_rand6,f1,3
2019-09-01,333.39335658132626,234,lstm_corr_top1_era5_rand6,f1,3
2019-10-01,374.34211686445286,234,lstm_corr_top1_era5_rand6,f1,3
2019-11-01,395.878751192899,234,lstm_corr_top1_era5_rand6,f1,3
2019-12-01,416.5835273768556,234,lstm_corr_top1_era5_rand6,f1,3
2020-01-01,379.0415518467854,234,lstm_corr_top1_era5_rand6,f1,3
2020-02-01,301.37506389025856,234,lstm_corr_top1_era5_rand6,f1,3
2020-03-01,400.28630540998904,234,lstm_corr_top1_era5_rand6,f1,3
2020-04-01,405.70768945196073,234,lstm_corr_top1_era5_rand6,f1,3
2020-05-01,451.2616730394244,234,lstm_corr_top1_era5_rand6,f1,3
2020-06-01,336.6792630638617,234,lstm_corr_top1_era5_rand6,f1,3
2020-07-01,406.2676241085644,234,lstm_corr_top1_era5_rand6,f1,3
2020-08-01,406.7023659736439,234,lstm_corr_top1_era5_rand6,f1,3
2020-09-01,739.7830344591881,234,lstm_corr_top1_era5_rand6,f1,3
2020-10-01,536.7109185420123,234,lstm_corr_top1_era5_rand6,f1,3
2020-11-01,378.64386917018965,234,lstm_corr_top1_era5_rand6,f1,3
2020-12-01,377.68615620729645,234,lstm_corr_top1_era5_rand6,f1,3
2021-01-01,399.83356139391384,234,lstm_corr_top1_era5_rand6,f1,3
2019-09-01,350.2570486186407,234,lstm_corr_top1_rand7,f1,3
2019-10-01,399.2902762917847,234,lstm_corr_top1_rand7,f1,3
2019-11-01,413.23175275802475,234,lstm_corr_top1_rand7,f1,3
2019-12-01,428.13101631396006,234,lstm_corr_top1_rand7,f1,3
2020-01-01,405.9438840679677,234,lstm_corr_top1_rand7,f1,3
2020-02-01,331.8362114207996,234,lstm_corr_top1_rand7,f1,3
2020-03-01,434.3536854180608,234,lstm_corr_top1_rand7,f1,3
2020-04-01,451.59863501589473,234,lstm_corr_top1_rand7,f1,3
2020-05-01,469.5562782938272,234,lstm_corr_top1_rand7,f1,3
2020-06-01,344.90983109308814,234,lstm_corr_top1_rand7,f1,3
2020-07-01,409.3814004278333,234,lstm_corr_top1_rand7,f1,3
2020-08-01,435.90963411009693,234,lstm_corr_top1_rand7,f1,3
2020-09-01,777.3577306830914,234,lstm_corr_top1_rand7,f1,3
2020-10-01,572.3070691379808,234,lstm_corr_top1_rand7,f1,3
2020-11-01,409.80172897682485,234,lstm_corr_top1_rand7,f1,3
2020-12-01,391.16625390246605,234,lstm_corr_top1_rand7,f1,3
2021-01-01,414.66619332251673,234,lstm_corr_top1_rand7,f1,3
2019-09-01,334.3663197093622,234,lstm_corr_top1_era5_rand7,f1,3
2019-10-01,381.5163630677673,234,lstm_corr_top1_era5_rand7,f1,3
2019-11-01,395.99923930352855,234,lstm_corr_top1_era5_rand7,f1,3
2019-12-01,413.4338589772464,234,lstm_corr_top1_era5_rand7,f1,3
2020-01-01,363.9764290768726,234,lstm_corr_top1_era5_rand7,f1,3
2020-02-01,292.8571837419442,234,lstm_corr_top1_era5_rand7,f1,3
2020-03-01,400.1842755887981,234,lstm_corr_top1_era5_rand7,f1,3
2020-04-01,402.70607327173775,234,lstm_corr_top1_era5_rand7,f1,3
2020-05-01,450.6721742926712,234,lstm_corr_top1_era5_rand7,f1,3
2020-06-01,335.92506941503075,234,lstm_corr_top1_era5_rand7,f1,3
2020-07-01,404.8279710699937,234,lstm_corr_top1_era5_rand7,f1,3
2020-08-01,412.85163636828617,234,lstm_corr_top1_era5_rand7,f1,3
2020-09-01,744.7319408514098,234,lstm_corr_top1_era5_rand7,f1,3
2020-10-01,537.7627549954195,234,lstm_corr_top1_era5_rand7,f1,3
2020-11-01,388.546211604398,234,lstm_corr_top1_era5_rand7,f1,3
2020-12-01,387.1206812285263,234,lstm_corr_top1_era5_rand7,f1,3
2021-01-01,406.4753188909414,234,lstm_corr_top1_era5_rand7,f1,3
2019-09-01,345.3661584709955,234,lstm_corr_top1_rand8,f1,3
2019-10-01,396.1416789455061,234,lstm_corr_top1_rand8,f1,3
2019-11-01,410.3997764964136,234,lstm_corr_top1_rand8,f1,3
2019-12-01,428.53162279936913,234,lstm_corr_top1_rand8,f1,3
2020-01-01,404.4773884335289,234,lstm_corr_top1_rand8,f1,3
2020-02-01,326.69118743014957,234,lstm_corr_top1_rand8,f1,3
2020-03-01,426.88671492226786,234,lstm_corr_top1_rand8,f1,3
2020-04-01,442.33217145793003,234,lstm_corr_top1_rand8,f1,3
2020-05-01,460.07344315108264,234,lstm_corr_top1_rand8,f1,3
2020-06-01,336.82452483332116,234,lstm_corr_top1_rand8,f1,3
2020-07-01,402.1951537230882,234,lstm_corr_top1_rand8,f1,3
2020-08-01,420.07079129535276,234,lstm_corr_top1_rand8,f1,3
2020-09-01,742.8649533253407,234,lstm_corr_top1_rand8,f1,3
2020-10-01,549.1248670147739,234,lstm_corr_top1_rand8,f1,3
2020-11-01,391.8675730173338,234,lstm_corr_top1_rand8,f1,3
2020-12-01,374.6323952088732,234,lstm_corr_top1_rand8,f1,3
2021-01-01,396.787830775077,234,lstm_corr_top1_rand8,f1,3
2019-09-01,326.6459297833732,234,lstm_corr_top1_era5_rand8,f1,3
2019-10-01,375.3445284172965,234,lstm_corr_top1_era5_rand8,f1,3
2019-11-01,395.49304244682344,234,lstm_corr_top1_era5_rand8,f1,3
2019-12-01,411.7110012644219,234,lstm_corr_top1_era5_rand8,f1,3
2020-01-01,371.0356540416888,234,lstm_corr_top1_era5_rand8,f1,3
2020-02-01,303.4863539760024,234,lstm_corr_top1_era5_rand8,f1,3
2020-03-01,401.16484831172204,234,lstm_corr_top1_era5_rand8,f1,3
2020-04-01,415.15214174755664,234,lstm_corr_top1_era5_rand8,f1,3
2020-05-01,452.64933018772,234,lstm_corr_top1_era5_rand8,f1,3
2020-06-01,330.4498147552468,234,lstm_corr_top1_era5_rand8,f1,3
2020-07-01,394.52901887285674,234,lstm_corr_top1_era5_rand8,f1,3
2020-08-01,401.5792758021188,234,lstm_corr_top1_era5_rand8,f1,3
2020-09-01,743.8207250483812,234,lstm_corr_top1_era5_rand8,f1,3
2020-10-01,536.4127893985667,234,lstm_corr_top1_era5_rand8,f1,3
2020-11-01,381.120374268372,234,lstm_corr_top1_era5_rand8,f1,3
2020-12-01,374.0536607011531,234,lstm_corr_top1_era5_rand8,f1,3
2021-01-01,401.9339475738237,234,lstm_corr_top1_era5_rand8,f1,3
2019-09-01,350.8995960589597,234,lstm_corr_top1_rand9,f1,3
2019-10-01,396.33245759570906,234,lstm_corr_top1_rand9,f1,3
2019-11-01,410.5525583307327,234,lstm_corr_top1_rand9,f1,3
2019-12-01,424.3129890583878,234,lstm_corr_top1_rand9,f1,3
2020-01-01,401.68335208980125,234,lstm_corr_top1_rand9,f1,3
2020-02-01,329.19148312440007,234,lstm_corr_top1_rand9,f1,3
2020-03-01,428.61455311724114,234,lstm_corr_top1_rand9,f1,3
2020-04-01,446.7091051321145,234,lstm_corr_top1_rand9,f1,3
2020-05-01,463.4774781325387,234,lstm_corr_top1_rand9,f1,3
2020-06-01,341.27806362250715,234,lstm_corr_top1_rand9,f1,3
2020-07-01,404.684603944908,234,lstm_corr_top1_rand9,f1,3
2020-08-01,421.6625614162718,234,lstm_corr_top1_rand9,f1,3
2020-09-01,745.9018579572921,234,lstm_corr_top1_rand9,f1,3
2020-10-01,547.1211350896481,234,lstm_corr_top1_rand9,f1,3
2020-11-01,391.1184343573873,234,lstm_corr_top1_rand9,f1,3
2020-12-01,373.9721722202685,234,lstm_corr_top1_rand9,f1,3
2021-01-01,392.05902917904206,234,lstm_corr_top1_rand9,f1,3
2019-09-01,335.22454754995243,234,lstm_corr_top1_era5_rand9,f1,3
2019-10-01,374.576391794215,234,lstm_corr_top1_era5_rand9,f1,3
2019-11-01,393.68662671745614,234,lstm_corr_top1_era5_rand9,f1,3
2019-12-01,406.18367687839174,234,lstm_corr_top1_era5_rand9,f1,3
2020-01-01,366.2292070931293,234,lstm_corr_top1_era5_rand9,f1,3
2020-02-01,296.8128531753392,234,lstm_corr_top1_era5_rand9,f1,3
2020-03-01,403.7912585255616,234,lstm_corr_top1_era5_rand9,f1,3
2020-04-01,412.8330807862668,234,lstm_corr_top1_era5_rand9,f1,3
2020-05-01,451.25322386127255,234,lstm_corr_top1_era5_rand9,f1,3
2020-06-01,325.84997527779603,234,lstm_corr_top1_era5_rand9,f1,3
2020-07-01,389.3811253591114,234,lstm_corr_top1_era5_rand9,f1,3
2020-08-01,402.6526068372834,234,lstm_corr_top1_era5_rand9,f1,3
2020-09-01,747.614883763531,234,lstm_corr_top1_era5_rand9,f1,3
2020-10-01,538.4197608444144,234,lstm_corr_top1_era5_rand9,f1,3
2020-11-01,384.9732965648732,234,lstm_corr_top1_era5_rand9,f1,3
2020-12-01,379.51644198479363,234,lstm_corr_top1_era5_rand9,f1,3
2021-01-01,411.62859044711865,234,lstm_corr_top1_era5_rand9,f1,3
2019-09-01,352.6665113966717,234,lstm_corr_top1_rand10,f1,3
2019-10-01,399.9471629347901,234,lstm_corr_top1_rand10,f1,3
2019-11-01,413.7748115394349,234,lstm_corr_top1_rand10,f1,3
2019-12-01,427.928222349697,234,lstm_corr_top1_rand10,f1,3
2020-01-01,408.2092970237563,234,lstm_corr_top1_rand10,f1,3
2020-02-01,330.37478040631197,234,lstm_corr_top1_rand10,f1,3
2020-03-01,431.50521154007055,234,lstm_corr_top1_rand10,f1,3
2020-04-01,447.3843703488118,234,lstm_corr_top1_rand10,f1,3
2020-05-01,466.1070724264434,234,lstm_corr_top1_rand10,f1,3
2020-06-01,344.6840063659983,234,lstm_corr_top1_rand10,f1,3
2020-07-01,408.5656004784027,234,lstm_corr_top1_rand10,f1,3
2020-08-01,431.0582367890208,234,lstm_corr_top1_rand10,f1,3
2020-09-01,765.1652784245977,234,lstm_corr_top1_rand10,f1,3
2020-10-01,558.0923301692113,234,lstm_corr_top1_rand10,f1,3
2020-11-01,397.1282763874593,234,lstm_corr_top1_rand10,f1,3
2020-12-01,382.55688759952426,234,lstm_corr_top1_rand10,f1,3
2021-01-01,407.4911477599268,234,lstm_corr_top1_rand10,f1,3
2019-09-01,330.36006667898533,234,lstm_corr_top1_era5_rand10,f1,3
2019-10-01,377.40022345462336,234,lstm_corr_top1_era5_rand10,f1,3
2019-11-01,389.3036882848379,234,lstm_corr_top1_era5_rand10,f1,3
2019-12-01,410.6269525542537,234,lstm_corr_top1_era5_rand10,f1,3
2020-01-01,374.1938090041134,234,lstm_corr_top1_era5_rand10,f1,3
2020-02-01,297.1092552803307,234,lstm_corr_top1_era5_rand10,f1,3
2020-03-01,396.39238133806276,234,lstm_corr_top1_era5_rand10,f1,3
2020-04-01,403.55070223655855,234,lstm_corr_top1_era5_rand10,f1,3
2020-05-01,448.9935442830499,234,lstm_corr_top1_era5_rand10,f1,3
2020-06-01,326.71693050758176,234,lstm_corr_top1_era5_rand10,f1,3
2020-07-01,391.8931747115837,234,lstm_corr_top1_era5_rand10,f1,3
2020-08-01,400.9847960748627,234,lstm_corr_top1_era5_rand10,f1,3
2020-09-01,736.1819557642705,234,lstm_corr_top1_era5_rand10,f1,3
2020-10-01,533.3659844645553,234,lstm_corr_top1_era5_rand10,f1,3
2020-11-01,378.3551852478046,234,lstm_corr_top1_era5_rand10,f1,3
2020-12-01,371.929710505952,234,lstm_corr_top1_era5_rand10,f1,3
2021-01-01,398.55263580874293,234,lstm_corr_top1_era5_rand10,f1,3
2019-09-01,345.9717147774559,234,lstm_corr_top1_rand11,f1,3
2019-10-01,395.7880724297588,234,lstm_corr_top1_rand11,f1,3
2019-11-01,412.0549290165136,234,lstm_corr_top1_rand11,f1,3
2019-12-01,429.91299786103497,234,lstm_corr_top1_rand11,f1,3
2020-01-01,407.62289213385634,234,lstm_corr_top1_rand11,f1,3
2020-02-01,331.9838271071129,234,lstm_corr_top1_rand11,f1,3
2020-03-01,429.49234595585006,234,lstm_corr_top1_rand11,f1,3
2020-04-01,451.51001361289707,234,lstm_corr_top1_rand11,f1,3
2020-05-01,472.6903202470231,234,lstm_corr_top1_rand11,f1,3
2020-06-01,347.38974759237163,234,lstm_corr_top1_rand11,f1,3
2020-07-01,412.7878117640642,234,lstm_corr_top1_rand11,f1,3
2020-08-01,438.155612242853,234,lstm_corr_top1_rand11,f1,3
2020-09-01,774.3256658676132,234,lstm_corr_top1_rand11,f1,3
2020-10-01,572.0776721010482,234,lstm_corr_top1_rand11,f1,3
2020-11-01,408.1007177524256,234,lstm_corr_top1_rand11,f1,3
2020-12-01,396.01251923317017,234,lstm_corr_top1_rand11,f1,3
2021-01-01,421.5507790513808,234,lstm_corr_top1_rand11,f1,3
2019-09-01,337.3496148547715,234,lstm_corr_top1_era5_rand11,f1,3
2019-10-01,379.94062067528324,234,lstm_corr_top1_era5_rand11,f1,3
2019-11-01,391.73672085438005,234,lstm_corr_top1_era5_rand11,f1,3
2019-12-01,402.6162883603677,234,lstm_corr_top1_era5_rand11,f1,3
2020-01-01,374.75815595900036,234,lstm_corr_top1_era5_rand11,f1,3
2020-02-01,295.6193832967411,234,lstm_corr_top1_era5_rand11,f1,3
2020-03-01,394.8996386552117,234,lstm_corr_top1_era5_rand11,f1,3
2020-04-01,403.38046071780957,234,lstm_corr_top1_era5_rand11,f1,3
2020-05-01,442.05102755273646,234,lstm_corr_top1_era5_rand11,f1,3
2020-06-01,324.34464057786624,234,lstm_corr_top1_era5_rand11,f1,3
2020-07-01,386.30340823225447,234,lstm_corr_top1_era5_rand11,f1,3
2020-08-01,396.54028195254386,234,lstm_corr_top1_era5_rand11,f1,3
2020-09-01,732.8915691918301,234,lstm_corr_top1_era5_rand11,f1,3
2020-10-01,525.2541983972093,234,lstm_corr_top1_era5_rand11,f1,3
2020-11-01,373.096002806376,234,lstm_corr_top1_era5_rand11,f1,3
2020-12-01,369.53498911464266,234,lstm_corr_top1_era5_rand11,f1,3
2021-01-01,395.51164765030336,234,lstm_corr_top1_era5_rand11,f1,3
2019-09-01,350.3907184342293,234,lstm_corr_top1_rand12,f1,3
2019-10-01,398.1868322144994,234,lstm_corr_top1_rand12,f1,3
2019-11-01,414.5279210515265,234,lstm_corr_top1_rand12,f1,3
2019-12-01,426.8742522501397,234,lstm_corr_top1_rand12,f1,3
2020-01-01,405.7616430893285,234,lstm_corr_top1_rand12,f1,3
2020-02-01,330.65429143654075,234,lstm_corr_top1_rand12,f1,3
2020-03-01,436.1146007173834,234,lstm_corr_top1_rand12,f1,3
2020-04-01,452.75905301558555,234,lstm_corr_top1_rand12,f1,3
2020-05-01,468.25862651344494,234,lstm_corr_top1_rand12,f1,3
2020-06-01,339.7867134010437,234,lstm_corr_top1_rand12,f1,3
2020-07-01,402.5217619827667,234,lstm_corr_top1_rand12,f1,3
2020-08-01,426.3180103145548,234,lstm_corr_top1_rand12,f1,3
2020-09-01,763.3778283783664,234,lstm_corr_top1_rand12,f1,3
2020-10-01,563.0167827309853,234,lstm_corr_top1_rand12,f1,3
2020-11-01,399.27811467298176,234,lstm_corr_top1_rand12,f1,3
2020-12-01,383.81350056728456,234,lstm_corr_top1_rand12,f1,3
2021-01-01,412.29868782608753,234,lstm_corr_top1_rand12,f1,3
2019-09-01,331.06837909506436,234,lstm_corr_top1_era5_rand12,f1,3
2019-10-01,369.92013785574073,234,lstm_corr_top1_era5_rand12,f1,3
2019-11-01,393.71205154040416,234,lstm_corr_top1_era5_rand12,f1,3
2019-12-01,406.67760655217086,234,lstm_corr_top1_era5_rand12,f1,3
2020-01-01,367.52021970482986,234,lstm_corr_top1_era5_rand12,f1,3
2020-02-01,290.3609639306811,234,lstm_corr_top1_era5_rand12,f1,3
2020-03-01,396.3239583200955,234,lstm_corr_top1_era5_rand12,f1,3
2020-04-01,402.7433953905574,234,lstm_corr_top1_era5_rand12,f1,3
2020-05-01,442.04756355874974,234,lstm_corr_top1_era5_rand12,f1,3
2020-06-01,321.96763064305543,234,lstm_corr_top1_era5_rand12,f1,3
2020-07-01,383.359582335571,234,lstm_corr_top1_era5_rand12,f1,3
2020-08-01,396.78675831430434,234,lstm_corr_top1_era5_rand12,f1,3
2020-09-01,723.0686076642498,234,lstm_corr_top1_era5_rand12,f1,3
2020-10-01,523.1367752724724,234,lstm_corr_top1_era5_rand12,f1,3
2020-11-01,371.3854193652853,234,lstm_corr_top1_era5_rand12,f1,3
2020-12-01,372.6400766023386,234,lstm_corr_top1_era5_rand12,f1,3
2021-01-01,393.0938268481977,234,lstm_corr_top1_era5_rand12,f1,3
2019-09-01,347.60014540600696,234,lstm_corr_top1_rand13,f1,3
2019-10-01,395.6010389065667,234,lstm_corr_top1_rand13,f1,3
2019-11-01,409.35520275386216,234,lstm_corr_top1_rand13,f1,3
2019-12-01,423.10257492760513,234,lstm_corr_top1_rand13,f1,3
2020-01-01,397.79894989367995,234,lstm_corr_top1_rand13,f1,3
2020-02-01,324.17857729952243,234,lstm_corr_top1_rand13,f1,3
2020-03-01,421.50525742886623,234,lstm_corr_top1_rand13,f1,3
2020-04-01,439.98652898550176,234,lstm_corr_top1_rand13,f1,3
2020-05-01,455.3895475037115,234,lstm_corr_top1_rand13,f1,3
2020-06-01,332.40567681477575,234,lstm_corr_top1_rand13,f1,3
2020-07-01,393.1488938697924,234,lstm_corr_top1_rand13,f1,3
2020-08-01,409.75028371235703,234,lstm_corr_top1_rand13,f1,3
2020-09-01,736.4551522987841,234,lstm_corr_top1_rand13,f1,3
2020-10-01,542.5528162967316,234,lstm_corr_top1_rand13,f1,3
2020-11-01,386.5479230196949,234,lstm_corr_top1_rand13,f1,3
2020-12-01,369.52905971698857,234,lstm_corr_top1_rand13,f1,3
2021-01-01,389.4332581249987,234,lstm_corr_top1_rand13,f1,3
2019-09-01,329.96804156381364,234,lstm_corr_top1_era5_rand13,f1,3
2019-10-01,382.4242082727153,234,lstm_corr_top1_era5_rand13,f1,3
2019-11-01,397.8420127448757,234,lstm_corr_top1_era5_rand13,f1,3
2019-12-01,413.2173088637207,234,lstm_corr_top1_era5_rand13,f1,3
2020-01-01,377.5830583504386,234,lstm_corr_top1_era5_rand13,f1,3
2020-02-01,305.80271665471935,234,lstm_corr_top1_era5_rand13,f1,3
2020-03-01,400.8721814428195,234,lstm_corr_top1_era5_rand13,f1,3
2020-04-01,411.6066693940514,234,lstm_corr_top1_era5_rand13,f1,3
2020-05-01,457.57734564474646,234,lstm_corr_top1_era5_rand13,f1,3
2020-06-01,331.00515461680214,234,lstm_corr_top1_era5_rand13,f1,3
2020-07-01,401.9789717057889,234,lstm_corr_top1_era5_rand13,f1,3
2020-08-01,413.9174723659093,234,lstm_corr_top1_era5_rand13,f1,3
2020-09-01,749.2164202275894,234,lstm_corr_top1_era5_rand13,f1,3
2020-10-01,544.7580144035759,234,lstm_corr_top1_era5_rand13,f1,3
2020-11-01,382.47481612708225,234,lstm_corr_top1_era5_rand13,f1,3
2020-12-01,391.747678949624,234,lstm_corr_top1_era5_rand13,f1,3
2021-01-01,408.61720024975943,234,lstm_corr_top1_era5_rand13,f1,3
2019-09-01,347.81575414895315,234,lstm_corr_top1_rand14,f1,3
2019-10-01,397.7295790926549,234,lstm_corr_top1_rand14,f1,3
2019-11-01,410.9755656170562,234,lstm_corr_top1_rand14,f1,3
2019-12-01,427.6786820529001,234,lstm_corr_top1_rand14,f1,3
2020-01-01,403.0602691134742,234,lstm_corr_top1_rand14,f1,3
2020-02-01,328.31627705599533,234,lstm_corr_top1_rand14,f1,3
2020-03-01,427.97462501206735,234,lstm_corr_top1_rand14,f1,3
2020-04-01,446.3451569163054,234,lstm_corr_top1_rand14,f1,3
2020-05-01,463.87885456515943,234,lstm_corr_top1_rand14,f1,3
2020-06-01,336.82382808096645,234,lstm_corr_top1_rand14,f1,3
2020-07-01,402.0758014700979,234,lstm_corr_top1_rand14,f1,3
2020-08-01,421.53398357941,234,lstm_corr_top1_rand14,f1,3
2020-09-01,756.4479355615578,234,lstm_corr_top1_rand14,f1,3
2020-10-01,552.1811263661799,234,lstm_corr_top1_rand14,f1,3
2020-11-01,398.73377880107,234,lstm_corr_top1_rand14,f1,3
2020-12-01,378.6744229534724,234,lstm_corr_top1_rand14,f1,3
2021-01-01,404.78837708920383,234,lstm_corr_top1_rand14,f1,3
2019-09-01,326.2400356139108,234,lstm_corr_top1_era5_rand14,f1,3
2019-10-01,377.07517299919044,234,lstm_corr_top1_era5_rand14,f1,3
2019-11-01,392.39572423820044,234,lstm_corr_top1_era5_rand14,f1,3
2019-12-01,408.09156260722983,234,lstm_corr_top1_era5_rand14,f1,3
2020-01-01,368.732841021514,234,lstm_corr_top1_era5_rand14,f1,3
2020-02-01,299.37570305002953,234,lstm_corr_top1_era5_rand14,f1,3
2020-03-01,397.17892475646755,234,lstm_corr_top1_era5_rand14,f1,3
2020-04-01,407.656388900455,234,lstm_corr_top1_era5_rand14,f1,3
2020-05-01,450.4666532100679,234,lstm_corr_top1_era5_rand14,f1,3
2020-06-01,321.1456294343751,234,lstm_corr_top1_era5_rand14,f1,3
2020-07-01,388.68191849049293,234,lstm_corr_top1_era5_rand14,f1,3
2020-08-01,397.2411584511377,234,lstm_corr_top1_era5_rand14,f1,3
2020-09-01,742.6314440576422,234,lstm_corr_top1_era5_rand14,f1,3
2020-10-01,535.6899539186379,234,lstm_corr_top1_era5_rand14,f1,3
2020-11-01,374.61834941981624,234,lstm_corr_top1_era5_rand14,f1,3
2020-12-01,367.2468620708191,234,lstm_corr_top1_era5_rand14,f1,3
2021-01-01,395.7374036564431,234,lstm_corr_top1_era5_rand14,f1,3
2019-09-01,345.71038738663697,234,lstm_corr_top1_rand15,f1,3
2019-10-01,394.8953549114423,234,lstm_corr_top1_rand15,f1,3
2019-11-01,407.7601721422712,234,lstm_corr_top1_rand15,f1,3
2019-12-01,424.86671107418124,234,lstm_corr_top1_rand15,f1,3
2020-01-01,400.8098330162721,234,lstm_corr_top1_rand15,f1,3
2020-02-01,326.37440748177903,234,lstm_corr_top1_rand15,f1,3
2020-03-01,424.54641640401246,234,lstm_corr_top1_rand15,f1,3
2020-04-01,439.55012335225314,234,lstm_corr_top1_rand15,f1,3
2020-05-01,458.6951922682636,234,lstm_corr_top1_rand15,f1,3
2020-06-01,337.20483078165853,234,lstm_corr_top1_rand15,f1,3
2020-07-01,400.1346799836465,234,lstm_corr_top1_rand15,f1,3
2020-08-01,417.0482899534532,234,lstm_corr_top1_rand15,f1,3
2020-09-01,739.0532838818253,234,lstm_corr_top1_rand15,f1,3
2020-10-01,543.6298332023725,234,lstm_corr_top1_rand15,f1,3
2020-11-01,388.1628125678586,234,lstm_corr_top1_rand15,f1,3
2020-12-01,372.8700014770709,234,lstm_corr_top1_rand15,f1,3
2021-01-01,395.3462305663933,234,lstm_corr_top1_rand15,f1,3
2019-09-01,331.8676598952569,234,lstm_corr_top1_era5_rand15,f1,3
2019-10-01,376.4186912113837,234,lstm_corr_top1_era5_rand15,f1,3
2019-11-01,393.7715772269447,234,lstm_corr_top1_era5_rand15,f1,3
2019-12-01,411.63529099724275,234,lstm_corr_top1_era5_rand15,f1,3
2020-01-01,373.5587266762815,234,lstm_corr_top1_era5_rand15,f1,3
2020-02-01,301.1259463345111,234,lstm_corr_top1_era5_rand15,f1,3
2020-03-01,398.39630460435313,234,lstm_corr_top1_era5_rand15,f1,3
2020-04-01,407.2247761783924,234,lstm_corr_top1_era5_rand15,f1,3
2020-05-01,447.27199558858837,234,lstm_corr_top1_era5_rand15,f1,3
2020-06-01,323.7331463075838,234,lstm_corr_top1_era5_rand15,f1,3
2020-07-01,388.92575309172565,234,lstm_corr_top1_era5_rand15,f1,3
2020-08-01,406.9909718469949,234,lstm_corr_top1_era5_rand15,f1,3
2020-09-01,741.5336502991325,234,lstm_corr_top1_era5_rand15,f1,3
2020-10-01,531.1851114664372,234,lstm_corr_top1_era5_rand15,f1,3
2020-11-01,371.177440379296,234,lstm_corr_top1_era5_rand15,f1,3
2020-12-01,371.6029496154202,234,lstm_corr_top1_era5_rand15,f1,3
2021-01-01,398.1001441033868,234,lstm_corr_top1_era5_rand15,f1,3
2019-09-01,348.565595574576,234,lstm_corr_top1_rand16,f1,3
2019-10-01,398.2408506157547,234,lstm_corr_top1_rand16,f1,3
2019-11-01,414.8679204648615,234,lstm_corr_top1_rand16,f1,3
2019-12-01,430.5310217062546,234,lstm_corr_top1_rand16,f1,3
2020-01-01,408.7110696786774,234,lstm_corr_top1_rand16,f1,3
2020-02-01,336.6248115931031,234,lstm_corr_top1_rand16,f1,3
2020-03-01,437.890786784442,234,lstm_corr_top1_rand16,f1,3
2020-04-01,455.7232992441658,234,lstm_corr_top1_rand16,f1,3
2020-05-01,475.68541853131336,234,lstm_corr_top1_rand16,f1,3
2020-06-01,349.16236157959145,234,lstm_corr_top1_rand16,f1,3
2020-07-01,414.09776803399836,234,lstm_corr_top1_rand16,f1,3
2020-08-01,431.9281938407707,234,lstm_corr_top1_rand16,f1,3
2020-09-01,765.4792478540427,234,lstm_corr_top1_rand16,f1,3
2020-10-01,559.133913647366,234,lstm_corr_top1_rand16,f1,3
2020-11-01,404.20165333281784,234,lstm_corr_top1_rand16,f1,3
2020-12-01,387.38049776856974,234,lstm_corr_top1_rand16,f1,3
2021-01-01,415.38946107295413,234,lstm_corr_top1_rand16,f1,3
2019-09-01,332.0524276131374,234,lstm_corr_top1_era5_rand16,f1,3
2019-10-01,372.6485415408107,234,lstm_corr_top1_era5_rand16,f1,3
2019-11-01,393.31765269394907,234,lstm_corr_top1_era5_rand16,f1,3
2019-12-01,407.9320695889868,234,lstm_corr_top1_era5_rand16,f1,3
2020-01-01,377.86280579072815,234,lstm_corr_top1_era5_rand16,f1,3
2020-02-01,305.31792929334375,234,lstm_corr_top1_era5_rand16,f1,3
2020-03-01,400.71482582095615,234,lstm_corr_top1_era5_rand16,f1,3
2020-04-01,414.1139495746027,234,lstm_corr_top1_era5_rand16,f1,3
2020-05-01,449.8165123995137,234,lstm_corr_top1_era5_rand16,f1,3
2020-06-01,330.7305902376046,234,lstm_corr_top1_era5_rand16,f1,3
2020-07-01,394.3981106086214,234,lstm_corr_top1_era5_rand16,f1,3
2020-08-01,393.85284712867946,234,lstm_corr_top1_era5_rand16,f1,3
2020-09-01,733.8173173889985,234,lstm_corr_top1_era5_rand16,f1,3
2020-10-01,525.6657393878836,234,lstm_corr_top1_era5_rand16,f1,3
2020-11-01,371.40935999627374,234,lstm_corr_top1_era5_rand16,f1,3
2020-12-01,370.8417731835367,234,lstm_corr_top1_era5_rand16,f1,3
2021-01-01,398.2574174303501,234,lstm_corr_top1_era5_rand16,f1,3
2019-09-01,349.2781600929672,234,lstm_corr_top1_rand17,f1,3
2019-10-01,397.0134420486128,234,lstm_corr_top1_rand17,f1,3
2019-11-01,410.1909926599919,234,lstm_corr_top1_rand17,f1,3
2019-12-01,426.201072740265,234,lstm_corr_top1_rand17,f1,3
2020-01-01,403.28416512538416,234,lstm_corr_top1_rand17,f1,3
2020-02-01,327.11970151913255,234,lstm_corr_top1_rand17,f1,3
2020-03-01,425.5654932369255,234,lstm_corr_top1_rand17,f1,3
2020-04-01,443.7482872125317,234,lstm_corr_top1_rand17,f1,3
2020-05-01,461.1514412223418,234,lstm_corr_top1_rand17,f1,3
2020-06-01,337.8293067144495,234,lstm_corr_top1_rand17,f1,3
2020-07-01,402.91791149785075,234,lstm_corr_top1_rand17,f1,3
2020-08-01,423.1431345941107,234,lstm_corr_top1_rand17,f1,3
2020-09-01,752.01447048785,234,lstm_corr_top1_rand17,f1,3
2020-10-01,551.836320176512,234,lstm_corr_top1_rand17,f1,3
2020-11-01,394.4139948651473,234,lstm_corr_top1_rand17,f1,3
2020-12-01,378.7637961225926,234,lstm_corr_top1_rand17,f1,3
2021-01-01,403.08221106775807,234,lstm_corr_top1_rand17,f1,3
2019-09-01,328.1003581492434,234,lstm_corr_top1_era5_rand17,f1,3
2019-10-01,375.3757413986875,234,lstm_corr_top1_era5_rand17,f1,3
2019-11-01,393.2737732370011,234,lstm_corr_top1_era5_rand17,f1,3
2019-12-01,410.29847530758434,234,lstm_corr_top1_era5_rand17,f1,3
2020-01-01,374.380813453282,234,lstm_corr_top1_era5_rand17,f1,3
2020-02-01,304.10534831827954,234,lstm_corr_top1_era5_rand17,f1,3
2020-03-01,404.01083997248634,234,lstm_corr_top1_era5_rand17,f1,3
2020-04-01,411.29140135967043,234,lstm_corr_top1_era5_rand17,f1,3
2020-05-01,456.5734734304314,234,lstm_corr_top1_era5_rand17,f1,3
2020-06-01,336.37137318136706,234,lstm_corr_top1_era5_rand17,f1,3
2020-07-01,399.266005141733,234,lstm_corr_top1_era5_rand17,f1,3
2020-08-01,414.6980247658329,234,lstm_corr_top1_era5_rand17,f1,3
2020-09-01,751.5110697013507,234,lstm_corr_top1_era5_rand17,f1,3
2020-10-01,544.6679214591835,234,lstm_corr_top1_era5_rand17,f1,3
2020-11-01,390.9920493529134,234,lstm_corr_top1_era5_rand17,f1,3
2020-12-01,390.8710913745989,234,lstm_corr_top1_era5_rand17,f1,3
2021-01-01,417.5454440477068,234,lstm_corr_top1_era5_rand17,f1,3
2019-09-01,348.26333286531303,234,lstm_corr_top1_rand18,f1,3
2019-10-01,398.22401049519493,234,lstm_corr_top1_rand18,f1,3
2019-11-01,410.4109106425911,234,lstm_corr_top1_rand18,f1,3
2019-12-01,427.7139791335578,234,lstm_corr_top1_rand18,f1,3
2020-01-01,404.9444293071813,234,lstm_corr_top1_rand18,f1,3
2020-02-01,328.61264408139533,234,lstm_corr_top1_rand18,f1,3
2020-03-01,430.7293037857737,234,lstm_corr_top1_rand18,f1,3
2020-04-01,445.95616261879434,234,lstm_corr_top1_rand18,f1,3
2020-05-01,463.63690111218693,234,lstm_corr_top1_rand18,f1,3
2020-06-01,338.5797499856625,234,lstm_corr_top1_rand18,f1,3
2020-07-01,404.4284393075793,234,lstm_corr_top1_rand18,f1,3
2020-08-01,424.3517385135597,234,lstm_corr_top1_rand18,f1,3
2020-09-01,751.3792275514918,234,lstm_corr_top1_rand18,f1,3
2020-10-01,552.0451844351772,234,lstm_corr_top1_rand18,f1,3
2020-11-01,398.84324862006184,234,lstm_corr_top1_rand18,f1,3
2020-12-01,380.10835778668286,234,lstm_corr_top1_rand18,f1,3
2021-01-01,405.0277633688421,234,lstm_corr_top1_rand18,f1,3
2019-09-01,333.59659404220946,234,lstm_corr_top1_era5_rand18,f1,3
2019-10-01,372.80064069598654,234,lstm_corr_top1_era5_rand18,f1,3
2019-11-01,393.5638386901874,234,lstm_corr_top1_era5_rand18,f1,3
2019-12-01,410.82145321151864,234,lstm_corr_top1_era5_rand18,f1,3
2020-01-01,374.21494985921646,234,lstm_corr_top1_era5_rand18,f1,3
2020-02-01,295.7625922319009,234,lstm_corr_top1_era5_rand18,f1,3
2020-03-01,396.838183342606,234,lstm_corr_top1_era5_rand18,f1,3
2020-04-01,405.76194695098303,234,lstm_corr_top1_era5_rand18,f1,3
2020-05-01,446.53858613065205,234,lstm_corr_top1_era5_rand18,f1,3
2020-06-01,329.8176603013348,234,lstm_corr_top1_era5_rand18,f1,3
2020-07-01,391.7517718164091,234,lstm_corr_top1_era5_rand18,f1,3
2020-08-01,408.8226868169506,234,lstm_corr_top1_era5_rand18,f1,3
2020-09-01,741.1382112455976,234,lstm_corr_top1_era5_rand18,f1,3
2020-10-01,539.1744672371876,234,lstm_corr_top1_era5_rand18,f1,3
2020-11-01,385.2488205498511,234,lstm_corr_top1_era5_rand18,f1,3
2020-12-01,387.6622252627526,234,lstm_corr_top1_era5_rand18,f1,3
2021-01-01,411.404776783922,234,lstm_corr_top1_era5_rand18,f1,3
2019-09-01,350.40293901061483,234,lstm_corr_top1_rand19,f1,3
2019-10-01,398.5953938916386,234,lstm_corr_top1_rand19,f1,3
2019-11-01,413.0257243325329,234,lstm_corr_top1_rand19,f1,3
2019-12-01,427.5724251562336,234,lstm_corr_top1_rand19,f1,3
2020-01-01,404.51828543916906,234,lstm_corr_top1_rand19,f1,3
2020-02-01,327.98846181012647,234,lstm_corr_top1_rand19,f1,3
2020-03-01,426.90560355952954,234,lstm_corr_top1_rand19,f1,3
2020-04-01,440.52457055143896,234,lstm_corr_top1_rand19,f1,3
2020-05-01,457.6180746547646,234,lstm_corr_top1_rand19,f1,3
2020-06-01,336.68031389565755,234,lstm_corr_top1_rand19,f1,3
2020-07-01,404.6354462975852,234,lstm_corr_top1_rand19,f1,3
2020-08-01,423.7999996789359,234,lstm_corr_top1_rand19,f1,3
2020-09-01,749.9033157141741,234,lstm_corr_top1_rand19,f1,3
2020-10-01,551.7548772939505,234,lstm_corr_top1_rand19,f1,3
2020-11-01,392.34070854024156,234,lstm_corr_top1_rand19,f1,3
2020-12-01,378.2032830689628,234,lstm_corr_top1_rand19,f1,3
2021-01-01,398.40861542997226,234,lstm_corr_top1_rand19,f1,3
2019-09-01,332.84823478073736,234,lstm_corr_top1_era5_rand19,f1,3
2019-10-01,377.37520462025986,234,lstm_corr_top1_era5_rand19,f1,3
2019-11-01,393.34644923197357,234,lstm_corr_top1_era5_rand19,f1,3
2019-12-01,407.3476244616137,234,lstm_corr_top1_era5_rand19,f1,3
2020-01-01,372.15901984274154,234,lstm_corr_top1_era5_rand19,f1,3
2020-02-01,299.6669648114119,234,lstm_corr_top1_era5_rand19,f1,3
2020-03-01,397.39233045225853,234,lstm_corr_top1_era5_rand19,f1,3
2020-04-01,407.60460328137555,234,lstm_corr_top1_era5_rand19,f1,3
2020-05-01,446.9401077938615,234,lstm_corr_top1_era5_rand19,f1,3
2020-06-01,328.9677510473541,234,lstm_corr_top1_era5_rand19,f1,3
2020-07-01,400.588372633439,234,lstm_corr_top1_era5_rand19,f1,3
2020-08-01,404.7911095299754,234,lstm_corr_top1_era5_rand19,f1,3
2020-09-01,741.2592807951089,234,lstm_corr_top1_era5_rand19,f1,3
2020-10-01,540.2004881611239,234,lstm_corr_top1_era5_rand19,f1,3
2020-11-01,378.30797071152006,234,lstm_corr_top1_era5_rand19,f1,3
2020-12-01,369.91785055983513,234,lstm_corr_top1_era5_rand19,f1,3
2021-01-01,398.03255549905714,234,lstm_corr_top1_era5_rand19,f1,3
2020-12-01,186.37942281698486,234,lstm_corr_top1_rand0,f2,1
2021-01-01,170.9743262200563,234,lstm_corr_top1_rand0,f2,1
2021-02-01,250.93218765609308,234,lstm_corr_top1_rand0,f2,1
2021-03-01,181.68114826975366,234,lstm_corr_top1_rand0,f2,1
2021-04-01,196.09415893597503,234,lstm_corr_top1_rand0,f2,1
2021-05-01,206.0625283202625,234,lstm_corr_top1_rand0,f2,1
2021-06-01,129.5234191385045,234,lstm_corr_top1_rand0,f2,1
2021-07-01,214.06827604162223,234,lstm_corr_top1_rand0,f2,1
2021-08-01,157.29757921663875,234,lstm_corr_top1_rand0,f2,1
2021-09-01,247.60350339147251,234,lstm_corr_top1_rand0,f2,1
2021-10-01,246.33015424973334,234,lstm_corr_top1_rand0,f2,1
2021-11-01,191.54601235173428,234,lstm_corr_top1_rand0,f2,1
2021-12-01,268.399101930756,234,lstm_corr_top1_rand0,f2,1
2022-01-01,244.90384738532617,234,lstm_corr_top1_rand0,f2,1
2022-02-01,230.2839578803468,234,lstm_corr_top1_rand0,f2,1
2022-03-01,347.88063318823714,234,lstm_corr_top1_rand0,f2,1
2022-04-01,280.11659515893757,234,lstm_corr_top1_rand0,f2,1
2020-12-01,165.79192065936246,234,lstm_corr_top1_era5_rand0,f2,1
2021-01-01,154.0032354028936,234,lstm_corr_top1_era5_rand0,f2,1
2021-02-01,214.0998216936385,234,lstm_corr_top1_era5_rand0,f2,1
2021-03-01,155.4555004888876,234,lstm_corr_top1_era5_rand0,f2,1
2021-04-01,191.60839895884274,234,lstm_corr_top1_era5_rand0,f2,1
2021-05-01,198.33200415957896,234,lstm_corr_top1_era5_rand0,f2,1
2021-06-01,120.117442450642,234,lstm_corr_top1_era5_rand0,f2,1
2021-07-01,214.65832867751095,234,lstm_corr_top1_era5_rand0,f2,1
2021-08-01,135.34193385571893,234,lstm_corr_top1_era5_rand0,f2,1
2021-09-01,246.68357544193304,234,lstm_corr_top1_era5_rand0,f2,1
2021-10-01,199.13432687950586,234,lstm_corr_top1_era5_rand0,f2,1
2021-11-01,188.46768551408363,234,lstm_corr_top1_era5_rand0,f2,1
2021-12-01,240.10732832689305,234,lstm_corr_top1_era5_rand0,f2,1
2022-01-01,201.6383348662224,234,lstm_corr_top1_era5_rand0,f2,1
2022-02-01,221.57796555439214,234,lstm_corr_top1_era5_rand0,f2,1
2022-03-01,338.56930535219334,234,lstm_corr_top1_era5_rand0,f2,1
2022-04-01,264.2986723455931,234,lstm_corr_top1_era5_rand0,f2,1
2020-12-01,187.77204664442846,234,lstm_corr_top1_rand1,f2,1
2021-01-01,172.34094144035785,234,lstm_corr_top1_rand1,f2,1
2021-02-01,251.18720044458527,234,lstm_corr_top1_rand1,f2,1
2021-03-01,183.46199037435102,234,lstm_corr_top1_rand1,f2,1
2021-04-01,194.98047396404445,234,lstm_corr_top1_rand1,f2,1
2021-05-01,207.34909955311576,234,lstm_corr_top1_rand1,f2,1
2021-06-01,131.74915487346362,234,lstm_corr_top1_rand1,f2,1
2021-07-01,215.44781845239163,234,lstm_corr_top1_rand1,f2,1
2021-08-01,160.11715913898814,234,lstm_corr_top1_rand1,f2,1
2021-09-01,247.01991635379167,234,lstm_corr_top1_rand1,f2,1
2021-10-01,245.27065542763086,234,lstm_corr_top1_rand1,f2,1
2021-11-01,193.00229454017082,234,lstm_corr_top1_rand1,f2,1
2021-12-01,272.33071599316855,234,lstm_corr_top1_rand1,f2,1
2022-01-01,243.85023563716328,234,lstm_corr_top1_rand1,f2,1
2022-02-01,231.90721897990753,234,lstm_corr_top1_rand1,f2,1
2022-03-01,346.6070247537266,234,lstm_corr_top1_rand1,f2,1
2022-04-01,280.40936594748706,234,lstm_corr_top1_rand1,f2,1
2020-12-01,164.1371681844001,234,lstm_corr_top1_era5_rand1,f2,1
2021-01-01,158.89030818096697,234,lstm_corr_top1_era5_rand1,f2,1
2021-02-01,220.6544401970934,234,lstm_corr_top1_era5_rand1,f2,1
2021-03-01,160.08957998099922,234,lstm_corr_top1_era5_rand1,f2,1
2021-04-01,187.85952870607466,234,lstm_corr_top1_era5_rand1,f2,1
2021-05-01,192.34696541658604,234,lstm_corr_top1_era5_rand1,f2,1
2021-06-01,121.38825779147778,234,lstm_corr_top1_era5_rand1,f2,1
2021-07-01,215.77245016807328,234,lstm_corr_top1_era5_rand1,f2,1
2021-08-01,130.16718928899232,234,lstm_corr_top1_era5_rand1,f2,1
2021-09-01,249.11497675566966,234,lstm_corr_top1_era5_rand1,f2,1
2021-10-01,196.27584455348781,234,lstm_corr_top1_era5_rand1,f2,1
2021-11-01,182.94540849298983,234,lstm_corr_top1_era5_rand1,f2,1
2021-12-01,235.1650794864394,234,lstm_corr_top1_era5_rand1,f2,1
2022-01-01,199.28687375639672,234,lstm_corr_top1_era5_rand1,f2,1
2022-02-01,220.8901376187323,234,lstm_corr_top1_era5_rand1,f2,1
2022-03-01,331.41410341220245,234,lstm_corr_top1_era5_rand1,f2,1
2022-04-01,261.41633996914055,234,lstm_corr_top1_era5_rand1,f2,1
2020-12-01,189.19510963950344,234,lstm_corr_top1_rand2,f2,1
2021-01-01,172.38022119718366,234,lstm_corr_top1_rand2,f2,1
2021-02-01,247.8455361014582,234,lstm_corr_top1_rand2,f2,1
2021-03-01,183.0851139180514,234,lstm_corr_top1_rand2,f2,1
2021-04-01,196.11359561225575,234,lstm_corr_top1_rand2,f2,1
2021-05-01,209.53711494031484,234,lstm_corr_top1_rand2,f2,1
2021-06-01,129.31502883580896,234,lstm_corr_top1_rand2,f2,1
2021-07-01,215.91133738899197,234,lstm_corr_top1_rand2,f2,1
2021-08-01,157.76692358305647,234,lstm_corr_top1_rand2,f2,1
2021-09-01,244.16342781154992,234,lstm_corr_top1_rand2,f2,1
2021-10-01,246.9624859417395,234,lstm_corr_top1_rand2,f2,1
2021-11-01,192.81598224822736,234,lstm_corr_top1_rand2,f2,1
2021-12-01,275.3461635677634,234,lstm_corr_top1_rand2,f2,1
2022-01-01,247.55824193934026,234,lstm_corr_top1_rand2,f2,1
2022-02-01,233.32366218313362,234,lstm_corr_top1_rand2,f2,1
2022-03-01,352.3681934800328,234,lstm_corr_top1_rand2,f2,1
2022-04-01,285.37677856521765,234,lstm_corr_top1_rand2,f2,1
2020-12-01,166.17774189355956,234,lstm_corr_top1_era5_rand2,f2,1
2021-01-01,154.82229337453109,234,lstm_corr_top1_era5_rand2,f2,1
2021-02-01,217.5855506452771,234,lstm_corr_top1_era5_rand2,f2,1
2021-03-01,163.53520230555242,234,lstm_corr_top1_era5_rand2,f2,1
2021-04-01,192.07533514157228,234,lstm_corr_top1_era5_rand2,f2,1
2021-05-01,199.40595845903795,234,lstm_corr_top1_era5_rand2,f2,1
2021-06-01,123.58247701941606,234,lstm_corr_top1_era5_rand2,f2,1
2021-07-01,218.30438484266764,234,lstm_corr_top1_era5_rand2,f2,1
2021-08-01,129.4406256504775,234,lstm_corr_top1_era5_rand2,f2,1
2021-09-01,248.09999095865837,234,lstm_corr_top1_era5_rand2,f2,1
2021-10-01,198.30752980921486,234,lstm_corr_top1_era5_rand2,f2,1
2021-11-01,185.98004518531695,234,lstm_corr_top1_era5_rand2,f2,1
2021-12-01,243.3067360621887,234,lstm_corr_top1_era5_rand2,f2,1
2022-01-01,208.44824684940752,234,lstm_corr_top1_era5_rand2,f2,1
2022-02-01,218.81495174418814,234,lstm_corr_top1_era5_rand2,f2,1
2022-03-01,342.2339760287639,234,lstm_corr_top1_era5_rand2,f2,1
2022-04-01,265.20410118562535,234,lstm_corr_top1_era5_rand2,f2,1
2020-12-01,186.23800386780496,234,lstm_corr_top1_rand3,f2,1
2021-01-01,170.5540272695418,234,lstm_corr_top1_rand3,f2,1
2021-02-01,251.55679735948527,234,lstm_corr_top1_rand3,f2,1
2021-03-01,182.1245461445358,234,lstm_corr_top1_rand3,f2,1
2021-04-01,193.4980200493539,234,lstm_corr_top1_rand3,f2,1
2021-05-01,206.80309530040972,234,lstm_corr_top1_rand3,f2,1
2021-06-01,129.81347533752998,234,lstm_corr_top1_rand3,f2,1
2021-07-01,215.46086239593987,234,lstm_corr_top1_rand3,f2,1
2021-08-01,156.87213982824326,234,lstm_corr_top1_rand3,f2,1
2021-09-01,249.51590686419848,234,lstm_corr_top1_rand3,f2,1
2021-10-01,244.21981959508545,234,lstm_corr_top1_rand3,f2,1
2021-11-01,191.80823703709584,234,lstm_corr_top1_rand3,f2,1
2021-12-01,268.44292575188547,234,lstm_corr_top1_rand3,f2,1
2022-01-01,243.47657222603493,234,lstm_corr_top1_rand3,f2,1
2022-02-01,230.37188615924882,234,lstm_corr_top1_rand3,f2,1
2022-03-01,346.7453597893405,234,lstm_corr_top1_rand3,f2,1
2022-04-01,279.3597243945949,234,lstm_corr_top1_rand3,f2,1
2020-12-01,166.8444802340321,234,lstm_corr_top1_era5_rand3,f2,1
2021-01-01,160.11148058862443,234,lstm_corr_top1_era5_rand3,f2,1
2021-02-01,217.5468789996451,234,lstm_corr_top1_era5_rand3,f2,1
2021-03-01,160.17139729962875,234,lstm_corr_top1_era5_rand3,f2,1
2021-04-01,187.17003425074367,234,lstm_corr_top1_era5_rand3,f2,1
2021-05-01,192.89327431056935,234,lstm_corr_top1_era5_rand3,f2,1
2021-06-01,124.07713290342241,234,lstm_corr_top1_era5_rand3,f2,1
2021-07-01,214.69453879136796,234,lstm_corr_top1_era5_rand3,f2,1
2021-08-01,134.30082505269627,234,lstm_corr_top1_era5_rand3,f2,1
2021-09-01,244.10011815971984,234,lstm_corr_top1_era5_rand3,f2,1
2021-10-01,202.43797760694034,234,lstm_corr_top1_era5_rand3,f2,1
2021-11-01,187.73656478870038,234,lstm_corr_top1_era5_rand3,f2,1
2021-12-01,245.97132821800938,234,lstm_corr_top1_era5_rand3,f2,1
2022-01-01,202.06061831937913,234,lstm_corr_top1_era5_rand3,f2,1
2022-02-01,222.4087658683698,234,lstm_corr_top1_era5_rand3,f2,1
2022-03-01,333.8398126297315,234,lstm_corr_top1_era5_rand3,f2,1
2022-04-01,260.84724312989,234,lstm_corr_top1_era5_rand3,f2,1
2020-12-01,186.7636097704699,234,lstm_corr_top1_rand4,f2,1
2021-01-01,172.5193030295117,234,lstm_corr_top1_rand4,f2,1
2021-02-01,250.8989411692282,234,lstm_corr_top1_rand4,f2,1
2021-03-01,183.18871878437884,234,lstm_corr_top1_rand4,f2,1
2021-04-01,195.7267335251314,234,lstm_corr_top1_rand4,f2,1
2021-05-01,208.319578342135,234,lstm_corr_top1_rand4,f2,1
2021-06-01,130.06624834210413,234,lstm_corr_top1_rand4,f2,1
2021-07-01,214.27684894365302,234,lstm_corr_top1_rand4,f2,1
2021-08-01,156.9951401348943,234,lstm_corr_top1_rand4,f2,1
2021-09-01,250.18225666332594,234,lstm_corr_top1_rand4,f2,1
2021-10-01,245.94388758306502,234,lstm_corr_top1_rand4,f2,1
2021-11-01,192.63053991422382,234,lstm_corr_top1_rand4,f2,1
2021-12-01,270.23794067615086,234,lstm_corr_top1_rand4,f2,1
2022-01-01,247.48219734496624,234,lstm_corr_top1_rand4,f2,1
2022-02-01,237.33804673569756,234,lstm_corr_top1_rand4,f2,1
2022-03-01,352.2531189679278,234,lstm_corr_top1_rand4,f2,1
2022-04-01,283.5905846120813,234,lstm_corr_top1_rand4,f2,1
2020-12-01,167.3230338106685,234,lstm_corr_top1_era5_rand4,f2,1
2021-01-01,158.76247803309425,234,lstm_corr_top1_era5_rand4,f2,1
2021-02-01,223.88063238041298,234,lstm_corr_top1_era5_rand4,f2,1
2021-03-01,163.76344878787063,234,lstm_corr_top1_era5_rand4,f2,1
2021-04-01,189.61851555533718,234,lstm_corr_top1_era5_rand4,f2,1
2021-05-01,196.93786158756967,234,lstm_corr_top1_era5_rand4,f2,1
2021-06-01,123.94825263149971,234,lstm_corr_top1_era5_rand4,f2,1
2021-07-01,218.2877609393476,234,lstm_corr_top1_era5_rand4,f2,1
2021-08-01,131.9675227144903,234,lstm_corr_top1_era5_rand4,f2,1
2021-09-01,246.01693708188557,234,lstm_corr_top1_era5_rand4,f2,1
2021-10-01,198.85071523499596,234,lstm_corr_top1_era5_rand4,f2,1
2021-11-01,189.18672871861165,234,lstm_corr_top1_era5_rand4,f2,1
2021-12-01,240.95171988385042,234,lstm_corr_top1_era5_rand4,f2,1
2022-01-01,207.0741033278367,234,lstm_corr_top1_era5_rand4,f2,1
2022-02-01,220.373420771465,234,lstm_corr_top1_era5_rand4,f2,1
2022-03-01,336.91960867607935,234,lstm_corr_top1_era5_rand4,f2,1
2022-04-01,261.18171846753654,234,lstm_corr_top1_era5_rand4,f2,1
2020-12-01,187.80781710718108,234,lstm_corr_top1_rand5,f2,1
2021-01-01,172.47863275473563,234,lstm_corr_top1_rand5,f2,1
2021-02-01,250.47221576451147,234,lstm_corr_top1_rand5,f2,1
2021-03-01,184.11269894492833,234,lstm_corr_top1_rand5,f2,1
2021-04-01,193.96779016451512,234,lstm_corr_top1_rand5,f2,1
2021-05-01,207.76956018364402,234,lstm_corr_top1_rand5,f2,1
2021-06-01,130.47435575780273,234,lstm_corr_top1_rand5,f2,1
2021-07-01,215.16756840152286,234,lstm_corr_top1_rand5,f2,1
2021-08-01,158.34039022708313,234,lstm_corr_top1_rand5,f2,1
2021-09-01,249.16615984712075,234,lstm_corr_top1_rand5,f2,1
2021-10-01,242.96652121399262,234,lstm_corr_top1_rand5,f2,1
2021-11-01,192.18471540215725,234,lstm_corr_top1_rand5,f2,1
2021-12-01,269.57756274088854,234,lstm_corr_top1_rand5,f2,1
2022-01-01,248.39830428017544,234,lstm_corr_top1_rand5,f2,1
2022-02-01,230.01926604357595,234,lstm_corr_top1_rand5,f2,1
2022-03-01,350.33810550258744,234,lstm_corr_top1_rand5,f2,1
2022-04-01,278.3050860485868,234,lstm_corr_top1_rand5,f2,1
2020-12-01,163.2426900794374,234,lstm_corr_top1_era5_rand5,f2,1
2021-01-01,155.75022519038282,234,lstm_corr_top1_era5_rand5,f2,1
2021-02-01,216.89849601378654,234,lstm_corr_top1_era5_rand5,f2,1
2021-03-01,156.73216324398177,234,lstm_corr_top1_era5_rand5,f2,1
2021-04-01,189.97507779413309,234,lstm_corr_top1_era5_rand5,f2,1
2021-05-01,195.3838955969705,234,lstm_corr_top1_era5_rand5,f2,1
2021-06-01,119.41607777304976,234,lstm_corr_top1_era5_rand5,f2,1
2021-07-01,210.97347203945708,234,lstm_corr_top1_era5_rand5,f2,1
2021-08-01,132.03992715220343,234,lstm_corr_top1_era5_rand5,f2,1
2021-09-01,244.29548711549944,234,lstm_corr_top1_era5_rand5,f2,1
2021-10-01,198.20792647781954,234,lstm_corr_top1_era5_rand5,f2,1
2021-11-01,183.22674453549817,234,lstm_corr_top1_era5_rand5,f2,1
2021-12-01,234.924174687558,234,lstm_corr_top1_era5_rand5,f2,1
2022-01-01,202.17474613625208,234,lstm_corr_top1_era5_rand5,f2,1
2022-02-01,214.82942722728484,234,lstm_corr_top1_era5_rand5,f2,1
2022-03-01,331.49066928421456,234,lstm_corr_top1_era5_rand5,f2,1
2022-04-01,267.3956888471842,234,lstm_corr_top1_era5_rand5,f2,1
2020-12-01,186.26407327967337,234,lstm_corr_top1_rand6,f2,1
2021-01-01,173.41744795036948,234,lstm_corr_top1_rand6,f2,1
2021-02-01,252.06694962282833,234,lstm_corr_top1_rand6,f2,1
2021-03-01,181.79843297835433,234,lstm_corr_top1_rand6,f2,1
2021-04-01,198.30392329374416,234,lstm_corr_top1_rand6,f2,1
2021-05-01,206.46730549562287,234,lstm_corr_top1_rand6,f2,1
2021-06-01,130.83311052926985,234,lstm_corr_top1_rand6,f2,1
2021-07-01,214.69243854973726,234,lstm_corr_top1_rand6,f2,1
2021-08-01,158.0650174039305,234,lstm_corr_top1_rand6,f2,1
2021-09-01,248.169794792071,234,lstm_corr_top1_rand6,f2,1
2021-10-01,242.93984260487173,234,lstm_corr_top1_rand6,f2,1
2021-11-01,192.6240082832208,234,lstm_corr_top1_rand6,f2,1
2021-12-01,270.41610310961477,234,lstm_corr_top1_rand6,f2,1
2022-01-01,245.3347055282835,234,lstm_corr_top1_rand6,f2,1
2022-02-01,232.31848600051842,234,lstm_corr_top1_rand6,f2,1
2022-03-01,350.57215071235277,234,lstm_corr_top1_rand6,f2,1
2022-04-01,282.1937844472144,234,lstm_corr_top1_rand6,f2,1
2020-12-01,167.5792322280206,234,lstm_corr_top1_era5_rand6,f2,1
2021-01-01,157.68709956895242,234,lstm_corr_top1_era5_rand6,f2,1
2021-02-01,221.60167011829012,234,lstm_corr_top1_era5_rand6,f2,1
2021-03-01,159.4204983659016,234,lstm_corr_top1_era5_rand6,f2,1
2021-04-01,190.24845868294713,234,lstm_corr_top1_era5_rand6,f2,1
2021-05-01,196.68365327552635,234,lstm_corr_top1_era5_rand6,f2,1
2021-06-01,119.83091920822459,234,lstm_corr_top1_era5_rand6,f2,1
2021-07-01,218.32234053820974,234,lstm_corr_top1_era5_rand6,f2,1
2021-08-01,136.21275207566006,234,lstm_corr_top1_era5_rand6,f2,1
2021-09-01,249.42364821395094,234,lstm_corr_top1_era5_rand6,f2,1
2021-10-01,198.70152232799822,234,lstm_corr_top1_era5_rand6,f2,1
2021-11-01,190.69167809491083,234,lstm_corr_top1_era5_rand6,f2,1
2021-12-01,240.8286989960667,234,lstm_corr_top1_era5_rand6,f2,1
2022-01-01,203.24296777668604,234,lstm_corr_top1_era5_rand6,f2,1
2022-02-01,219.4353737637122,234,lstm_corr_top1_era5_rand6,f2,1
2022-03-01,331.53979226514946,234,lstm_corr_top1_era5_rand6,f2,1
2022-04-01,270.5069513719556,234,lstm_corr_top1_era5_rand6,f2,1
2020-12-01,185.0166415744413,234,lstm_corr_top1_rand7,f2,1
2021-01-01,171.3450088365133,234,lstm_corr_top1_rand7,f2,1
2021-02-01,251.80101202810332,234,lstm_corr_top1_rand7,f2,1
2021-03-01,182.4175891216318,234,lstm_corr_top1_rand7,f2,1
2021-04-01,195.6246125342757,234,lstm_corr_top1_rand7,f2,1
2021-05-01,207.07408483881613,234,lstm_corr_top1_rand7,f2,1
2021-06-01,129.60729621389805,234,lstm_corr_top1_rand7,f2,1
2021-07-01,213.68382470474555,234,lstm_corr_top1_rand7,f2,1
2021-08-01,156.95216651772918,234,lstm_corr_top1_rand7,f2,1
2021-09-01,246.98113433406138,234,lstm_corr_top1_rand7,f2,1
2021-10-01,244.0163258129217,234,lstm_corr_top1_rand7,f2,1
2021-11-01,192.57064018992642,234,lstm_corr_top1_rand7,f2,1
2021-12-01,270.01844651538124,234,lstm_corr_top1_rand7,f2,1
2022-01-01,243.48694801542487,234,lstm_corr_top1_rand7,f2,1
2022-02-01,231.6845648859588,234,lstm_corr_top1_rand7,f2,1
2022-03-01,346.25482537711895,234,lstm_corr_top1_rand7,f2,1
2022-04-01,280.1493265976892,234,lstm_corr_top1_rand7,f2,1
2020-12-01,166.9165781103724,234,lstm_corr_top1_era5_rand7,f2,1
2021-01-01,159.2941339361112,234,lstm_corr_top1_era5_rand7,f2,1
2021-02-01,217.69857706177692,234,lstm_corr_top1_era5_rand7,f2,1
2021-03-01,159.95589983994873,234,lstm_corr_top1_era5_rand7,f2,1
2021-04-01,187.95246234209284,234,lstm_corr_top1_era5_rand7,f2,1
2021-05-01,196.5536353300657,234,lstm_corr_top1_era5_rand7,f2,1
2021-06-01,120.8514192047282,234,lstm_corr_top1_era5_rand7,f2,1
2021-07-01,213.01530023424485,234,lstm_corr_top1_era5_rand7,f2,1
2021-08-01,135.08593936068922,234,lstm_corr_top1_era5_rand7,f2,1
2021-09-01,244.6792157591269,234,lstm_corr_top1_era5_rand7,f2,1
2021-10-01,197.27689283428575,234,lstm_corr_top1_era5_rand7,f2,1
2021-11-01,186.41777075057496,234,lstm_corr_top1_era5_rand7,f2,1
2021-12-01,245.40006281066502,234,lstm_corr_top1_era5_rand7,f2,1
2022-01-01,206.8888444189465,234,lstm_corr_top1_era5_rand7,f2,1
2022-02-01,221.65229091597226,234,lstm_corr_top1_era5_rand7,f2,1
2022-03-01,334.23081700663346,234,lstm_corr_top1_era5_rand7,f2,1
2022-04-01,266.07848611513094,234,lstm_corr_top1_era5_rand7,f2,1
2020-12-01,186.78655364339838,234,lstm_corr_top1_rand8,f2,1
2021-01-01,171.0501203571416,234,lstm_corr_top1_rand8,f2,1
2021-02-01,249.8452841055649,234,lstm_corr_top1_rand8,f2,1
2021-03-01,181.65210331367314,234,lstm_corr_top1_rand8,f2,1
2021-04-01,195.8846688826962,234,lstm_corr_top1_rand8,f2,1
2021-05-01,205.7969693801301,234,lstm_corr_top1_rand8,f2,1
2021-06-01,130.7121600613398,234,lstm_corr_top1_rand8,f2,1
2021-07-01,213.45915233077827,234,lstm_corr_top1_rand8,f2,1
2021-08-01,158.20805052656462,234,lstm_corr_top1_rand8,f2,1
2021-09-01,246.54922708978864,234,lstm_corr_top1_rand8,f2,1
2021-10-01,244.92233642482114,234,lstm_corr_top1_rand8,f2,1
2021-11-01,190.0917675198875,234,lstm_corr_top1_rand8,f2,1
2021-12-01,266.81107799078416,234,lstm_corr_top1_rand8,f2,1
2022-01-01,243.70250803228723,234,lstm_corr_top1_rand8,f2,1
2022-02-01,230.1466583257228,234,lstm_corr_top1_rand8,f2,1
2022-03-01,350.81951386455756,234,lstm_corr_top1_rand8,f2,1
2022-04-01,279.1143897208989,234,lstm_corr_top1_rand8,f2,1
2020-12-01,167.04346951243258,234,lstm_corr_top1_era5_rand8,f2,1
2021-01-01,157.2190122171608,234,lstm_corr_top1_era5_rand8,f2,1
2021-02-01,214.85272436446883,234,lstm_corr_top1_era5_rand8,f2,1
2021-03-01,157.11505439297514,234,lstm_corr_top1_era5_rand8,f2,1
2021-04-01,189.83539508880247,234,lstm_corr_top1_era5_rand8,f2,1
2021-05-01,196.0090975782572,234,lstm_corr_top1_era5_rand8,f2,1
2021-06-01,120.51784030912289,234,lstm_corr_top1_era5_rand8,f2,1
2021-07-01,211.98923970589811,234,lstm_corr_top1_era5_rand8,f2,1
2021-08-01,129.96903790289977,234,lstm_corr_top1_era5_rand8,f2,1
2021-09-01,245.56728623830793,234,lstm_corr_top1_era5_rand8,f2,1
2021-10-01,197.31695762829466,234,lstm_corr_top1_era5_rand8,f2,1
2021-11-01,185.2345303077106,234,lstm_corr_top1_era5_rand8,f2,1
2021-12-01,239.49285742753892,234,lstm_corr_top1_era5_rand8,f2,1
2022-01-01,200.68581868758275,234,lstm_corr_top1_era5_rand8,f2,1
2022-02-01,217.71022880663475,234,lstm_corr_top1_era5_rand8,f2,1
2022-03-01,331.37393062833564,234,lstm_corr_top1_era5_rand8,f2,1
2022-04-01,264.82369708580126,234,lstm_corr_top1_era5_rand8,f2,1
2020-12-01,187.4699009522851,234,lstm_corr_top1_rand9,f2,1
2021-01-01,172.2701596502773,234,lstm_corr_top1_rand9,f2,1
2021-02-01,251.05046978986022,234,lstm_corr_top1_rand9,f2,1
2021-03-01,185.33630352640805,234,lstm_corr_top1_rand9,f2,1
2021-04-01,196.82750938528446,234,lstm_corr_top1_rand9,f2,1
2021-05-01,208.98968989491223,234,lstm_corr_top1_rand9,f2,1
2021-06-01,130.33770703395663,234,lstm_corr_top1_rand9,f2,1
2021-07-01,215.20982584324292,234,lstm_corr_top1_rand9,f2,1
2021-08-01,158.17079310258984,234,lstm_corr_top1_rand9,f2,1
2021-09-01,247.87067377776793,234,lstm_corr_top1_rand9,f2,1
2021-10-01,245.73627664270833,234,lstm_corr_top1_rand9,f2,1
2021-11-01,193.42963361630504,234,lstm_corr_top1_rand9,f2,1
2021-12-01,271.7010318834901,234,lstm_corr_top1_rand9,f2,1
2022-01-01,245.49597900853135,234,lstm_corr_top1_rand9,f2,1
2022-02-01,229.19885259968638,234,lstm_corr_top1_rand9,f2,1
2022-03-01,347.4391494448668,234,lstm_corr_top1_rand9,f2,1
2022-04-01,281.1769879302187,234,lstm_corr_top1_rand9,f2,1
2020-12-01,166.8131087709842,234,lstm_corr_top1_era5_rand9,f2,1
2021-01-01,158.61783262680387,234,lstm_corr_top1_era5_rand9,f2,1
2021-02-01,221.27673992280296,234,lstm_corr_top1_era5_rand9,f2,1
2021-03-01,158.67867244255848,234,lstm_corr_top1_era5_rand9,f2,1
2021-04-01,189.55609224252055,234,lstm_corr_top1_era5_rand9,f2,1
2021-05-01,194.70582774165612,234,lstm_corr_top1_era5_rand9,f2,1
2021-06-01,122.27607653896435,234,lstm_corr_top1_era5_rand9,f2,1
2021-07-01,216.47379827494828,234,lstm_corr_top1_era5_rand9,f2,1
2021-08-01,132.98797377396374,234,lstm_corr_top1_era5_rand9,f2,1
2021-09-01,247.01731039743743,234,lstm_corr_top1_era5_rand9,f2,1
2021-10-01,199.65381951024406,234,lstm_corr_top1_era5_rand9,f2,1
2021-11-01,187.82288422885924,234,lstm_corr_top1_era5_rand9,f2,1
2021-12-01,238.67943608714796,234,lstm_corr_top1_era5_rand9,f2,1
2022-01-01,201.587490707551,234,lstm_corr_top1_era5_rand9,f2,1
2022-02-01,219.79634157928717,234,lstm_corr_top1_era5_rand9,f2,1
2022-03-01,331.4637990045805,234,lstm_corr_top1_era5_rand9,f2,1
2022-04-01,263.3707444731356,234,lstm_corr_top1_era5_rand9,f2,1
2020-12-01,186.46738464433912,234,lstm_corr_top1_rand10,f2,1
2021-01-01,172.15039802301953,234,lstm_corr_top1_rand10,f2,1
2021-02-01,251.16214559756008,234,lstm_corr_top1_rand10,f2,1
2021-03-01,184.86498639756618,234,lstm_corr_top1_rand10,f2,1
2021-04-01,196.9638480183564,234,lstm_corr_top1_rand10,f2,1
2021-05-01,208.5306112393628,234,lstm_corr_top1_rand10,f2,1
2021-06-01,130.93908885480218,234,lstm_corr_top1_rand10,f2,1
2021-07-01,215.54740210130092,234,lstm_corr_top1_rand10,f2,1
2021-08-01,156.76394631452527,234,lstm_corr_top1_rand10,f2,1
2021-09-01,250.27399297199108,234,lstm_corr_top1_rand10,f2,1
2021-10-01,245.7782168518853,234,lstm_corr_top1_rand10,f2,1
2021-11-01,191.23671647318918,234,lstm_corr_top1_rand10,f2,1
2021-12-01,272.21779739151094,234,lstm_corr_top1_rand10,f2,1
2022-01-01,247.9570846297146,234,lstm_corr_top1_rand10,f2,1
2022-02-01,234.11699392106834,234,lstm_corr_top1_rand10,f2,1
2022-03-01,352.47445865280406,234,lstm_corr_top1_rand10,f2,1
2022-04-01,281.5401650131348,234,lstm_corr_top1_rand10,f2,1
2020-12-01,166.06042468486223,234,lstm_corr_top1_era5_rand10,f2,1
2021-01-01,156.29852259416506,234,lstm_corr_top1_era5_rand10,f2,1
2021-02-01,217.9738571514415,234,lstm_corr_top1_era5_rand10,f2,1
2021-03-01,159.61757219801274,234,lstm_corr_top1_era5_rand10,f2,1
2021-04-01,188.9388336001391,234,lstm_corr_top1_era5_rand10,f2,1
2021-05-01,192.77255886466713,234,lstm_corr_top1_era5_rand10,f2,1
2021-06-01,122.24720858724643,234,lstm_corr_top1_era5_rand10,f2,1
2021-07-01,212.78102230086358,234,lstm_corr_top1_era5_rand10,f2,1
2021-08-01,129.2855989713409,234,lstm_corr_top1_era5_rand10,f2,1
2021-09-01,243.04950396109007,234,lstm_corr_top1_era5_rand10,f2,1
2021-10-01,197.4746434727149,234,lstm_corr_top1_era5_rand10,f2,1
2021-11-01,186.0077614470722,234,lstm_corr_top1_era5_rand10,f2,1
2021-12-01,238.2774836571222,234,lstm_corr_top1_era5_rand10,f2,1
2022-01-01,203.37493893745574,234,lstm_corr_top1_era5_rand10,f2,1
2022-02-01,218.59595555343998,234,lstm_corr_top1_era5_rand10,f2,1
2022-03-01,331.5803461920869,234,lstm_corr_top1_era5_rand10,f2,1
2022-04-01,263.41004596339894,234,lstm_corr_top1_era5_rand10,f2,1
2020-12-01,188.3356274927429,234,lstm_corr_top1_rand11,f2,1
2021-01-01,172.583077735103,234,lstm_corr_top1_rand11,f2,1
2021-02-01,251.39516520557274,234,lstm_corr_top1_rand11,f2,1
2021-03-01,182.57152162153517,234,lstm_corr_top1_rand11,f2,1
2021-04-01,194.93707233157082,234,lstm_corr_top1_rand11,f2,1
2021-05-01,209.28228744557285,234,lstm_corr_top1_rand11,f2,1
2021-06-01,131.509351032161,234,lstm_corr_top1_rand11,f2,1
2021-07-01,216.92288265562212,234,lstm_corr_top1_rand11,f2,1
2021-08-01,156.5367159245693,234,lstm_corr_top1_rand11,f2,1
2021-09-01,247.75415783475557,234,lstm_corr_top1_rand11,f2,1
2021-10-01,243.8818611476922,234,lstm_corr_top1_rand11,f2,1
2021-11-01,192.0053722925422,234,lstm_corr_top1_rand11,f2,1
2021-12-01,271.94819374951504,234,lstm_corr_top1_rand11,f2,1
2022-01-01,246.10476740532633,234,lstm_corr_top1_rand11,f2,1
2022-02-01,232.9350694140551,234,lstm_corr_top1_rand11,f2,1
2022-03-01,350.854819143857,234,lstm_corr_top1_rand11,f2,1
2022-04-01,277.73604356546963,234,lstm_corr_top1_rand11,f2,1
2020-12-01,166.63136998168406,234,lstm_corr_top1_era5_rand11,f2,1
2021-01-01,162.28833264539404,234,lstm_corr_top1_era5_rand11,f2,1
2021-02-01,217.7252967620796,234,lstm_corr_top1_era5_rand11,f2,1
2021-03-01,157.8152418407252,234,lstm_corr_top1_era5_rand11,f2,1
2021-04-01,187.94518519849103,234,lstm_corr_top1_era5_rand11,f2,1
2021-05-01,195.930773716762,234,lstm_corr_top1_era5_rand11,f2,1
2021-06-01,122.67481722912402,234,lstm_corr_top1_era5_rand11,f2,1
2021-07-01,216.74097369318787,234,lstm_corr_top1_era5_rand11,f2,1
2021-08-01,133.48380946029778,234,lstm_corr_top1_era5_rand11,f2,1
2021-09-01,244.57963217982095,234,lstm_corr_top1_era5_rand11,f2,1
2021-10-01,199.56202122835097,234,lstm_corr_top1_era5_rand11,f2,1
2021-11-01,185.61748390075857,234,lstm_corr_top1_era5_rand11,f2,1
2021-12-01,243.4816446473072,234,lstm_corr_top1_era5_rand11,f2,1
2022-01-01,207.79874154689534,234,lstm_corr_top1_era5_rand11,f2,1
2022-02-01,223.78320400190353,234,lstm_corr_top1_era5_rand11,f2,1
2022-03-01,331.2991485266335,234,lstm_corr_top1_era5_rand11,f2,1
2022-04-01,263.82070431647315,234,lstm_corr_top1_era5_rand11,f2,1
2020-12-01,184.64911137204456,234,lstm_corr_top1_rand12,f2,1
2021-01-01,172.6341442728352,234,lstm_corr_top1_rand12,f2,1
2021-02-01,252.14532852960082,234,lstm_corr_top1_rand12,f2,1
2021-03-01,182.78793655843987,234,lstm_corr_top1_rand12,f2,1
2021-04-01,195.2869918384317,234,lstm_corr_top1_rand12,f2,1
2021-05-01,204.79084239675885,234,lstm_corr_top1_rand12,f2,1
2021-06-01,128.83203827790885,234,lstm_corr_top1_rand12,f2,1
2021-07-01,213.67144317031898,234,lstm_corr_top1_rand12,f2,1
2021-08-01,155.67837126932287,234,lstm_corr_top1_rand12,f2,1
2021-09-01,247.5575670348932,234,lstm_corr_top1_rand12,f2,1
2021-10-01,245.22133015493188,234,lstm_corr_top1_rand12,f2,1
2021-11-01,191.00633362552978,234,lstm_corr_top1_rand12,f2,1
2021-12-01,268.01576430705524,234,lstm_corr_top1_rand12,f2,1
2022-01-01,242.91290061213786,234,lstm_corr_top1_rand12,f2,1
2022-02-01,231.2652327808761,234,lstm_corr_top1_rand12,f2,1
2022-03-01,345.42965427194014,234,lstm_corr_top1_rand12,f2,1
2022-04-01,280.9250463031604,234,lstm_corr_top1_rand12,f2,1
2020-12-01,165.48108209441915,234,lstm_corr_top1_era5_rand12,f2,1
2021-01-01,158.13970109095914,234,lstm_corr_top1_era5_rand12,f2,1
2021-02-01,223.4784357942712,234,lstm_corr_top1_era5_rand12,f2,1
2021-03-01,159.0492725855688,234,lstm_corr_top1_era5_rand12,f2,1
2021-04-01,185.981631573349,234,lstm_corr_top1_era5_rand12,f2,1
2021-05-01,194.30343316609768,234,lstm_corr_top1_era5_rand12,f2,1
2021-06-01,122.20148086866007,234,lstm_corr_top1_era5_rand12,f2,1
2021-07-01,214.2887850649067,234,lstm_corr_top1_era5_rand12,f2,1
2021-08-01,132.301101400527,234,lstm_corr_top1_era5_rand12,f2,1
2021-09-01,244.51129349522247,234,lstm_corr_top1_era5_rand12,f2,1
2021-10-01,197.3472448285399,234,lstm_corr_top1_era5_rand12,f2,1
2021-11-01,186.36532443699312,234,lstm_corr_top1_era5_rand12,f2,1
2021-12-01,240.22917460947653,234,lstm_corr_top1_era5_rand12,f2,1
2022-01-01,206.28067511215374,234,lstm_corr_top1_era5_rand12,f2,1
2022-02-01,223.41308929868572,234,lstm_corr_top1_era5_rand12,f2,1
2022-03-01,330.4645917691033,234,lstm_corr_top1_era5_rand12,f2,1
2022-04-01,263.84064203663894,234,lstm_corr_top1_era5_rand12,f2,1
2020-12-01,186.53434750974031,234,lstm_corr_top1_rand13,f2,1
2021-01-01,171.65660234106412,234,lstm_corr_top1_rand13,f2,1
2021-02-01,250.45140590392933,234,lstm_corr_top1_rand13,f2,1
2021-03-01,183.71816531249613,234,lstm_corr_top1_rand13,f2,1
2021-04-01,195.14125960469875,234,lstm_corr_top1_rand13,f2,1
2021-05-01,208.47645708526613,234,lstm_corr_top1_rand13,f2,1
2021-06-01,129.55273006875154,234,lstm_corr_top1_rand13,f2,1
2021-07-01,215.67984619695275,234,lstm_corr_top1_rand13,f2,1
2021-08-01,156.85763212841232,234,lstm_corr_top1_rand13,f2,1
2021-09-01,248.48949752892335,234,lstm_corr_top1_rand13,f2,1
2021-10-01,246.13530484809868,234,lstm_corr_top1_rand13,f2,1
2021-11-01,192.12333036789656,234,lstm_corr_top1_rand13,f2,1
2021-12-01,273.35225200631817,234,lstm_corr_top1_rand13,f2,1
2022-01-01,245.86239699268336,234,lstm_corr_top1_rand13,f2,1
2022-02-01,234.3990198120913,234,lstm_corr_top1_rand13,f2,1
2022-03-01,351.52559254448715,234,lstm_corr_top1_rand13,f2,1
2022-04-01,281.74095118641,234,lstm_corr_top1_rand13,f2,1
2020-12-01,170.18441728145373,234,lstm_corr_top1_era5_rand13,f2,1
2021-01-01,158.58006492751585,234,lstm_corr_top1_era5_rand13,f2,1
2021-02-01,221.59003241978294,234,lstm_corr_top1_era5_rand13,f2,1
2021-03-01,159.4228138359944,234,lstm_corr_top1_era5_rand13,f2,1
2021-04-01,190.32988575304825,234,lstm_corr_top1_era5_rand13,f2,1
2021-05-01,197.13544452273206,234,lstm_corr_top1_era5_rand13,f2,1
2021-06-01,123.0645070567458,234,lstm_corr_top1_era5_rand13,f2,1
2021-07-01,214.5035237659998,234,lstm_corr_top1_era5_rand13,f2,1
2021-08-01,133.17141917151798,234,lstm_corr_top1_era5_rand13,f2,1
2021-09-01,251.16166188678602,234,lstm_corr_top1_era5_rand13,f2,1
2021-10-01,200.67903431845983,234,lstm_corr_top1_era5_rand13,f2,1
2021-11-01,186.6871829789886,234,lstm_corr_top1_era5_rand13,f2,1
2021-12-01,239.96517677007623,234,lstm_corr_top1_era5_rand13,f2,1
2022-01-01,198.29581730177296,234,lstm_corr_top1_era5_rand13,f2,1
2022-02-01,224.63713984454822,234,lstm_corr_top1_era5_rand13,f2,1
2022-03-01,333.386612907014,234,lstm_corr_top1_era5_rand13,f2,1
2022-04-01,262.32109040076347,234,lstm_corr_top1_era5_rand13,f2,1
2020-12-01,185.16705699760308,234,lstm_corr_top1_rand14,f2,1
2021-01-01,172.19453184242406,234,lstm_corr_top1_rand14,f2,1
2021-02-01,253.46144503443256,234,lstm_corr_top1_rand14,f2,1
2021-03-01,184.51397043337977,234,lstm_corr_top1_rand14,f2,1
2021-04-01,196.0898666075814,234,lstm_corr_top1_rand14,f2,1
2021-05-01,208.6242170948313,234,lstm_corr_top1_rand14,f2,1
2021-06-01,129.68843614294863,234,lstm_corr_top1_rand14,f2,1
2021-07-01,215.407195773489,234,lstm_corr_top1_rand14,f2,1
2021-08-01,159.82687177576852,234,lstm_corr_top1_rand14,f2,1
2021-09-01,252.73770843386484,234,lstm_corr_top1_rand14,f2,1
2021-10-01,241.83868066385398,234,lstm_corr_top1_rand14,f2,1
2021-11-01,193.36650990195176,234,lstm_corr_top1_rand14,f2,1
2021-12-01,274.6029703342793,234,lstm_corr_top1_rand14,f2,1
2022-01-01,247.88587491590198,234,lstm_corr_top1_rand14,f2,1
2022-02-01,232.0918770772632,234,lstm_corr_top1_rand14,f2,1
2022-03-01,352.2099465692894,234,lstm_corr_top1_rand14,f2,1
2022-04-01,282.6905212790136,234,lstm_corr_top1_rand14,f2,1
2020-12-01,164.83968912424956,234,lstm_corr_top1_era5_rand14,f2,1
2021-01-01,157.66550450100337,234,lstm_corr_top1_era5_rand14,f2,1
2021-02-01,217.80264277736757,234,lstm_corr_top1_era5_rand14,f2,1
2021-03-01,157.97039178448878,234,lstm_corr_top1_era5_rand14,f2,1
2021-04-01,191.13562437450742,234,lstm_corr_top1_era5_rand14,f2,1
2021-05-01,196.85380202573177,234,lstm_corr_top1_era5_rand14,f2,1
2021-06-01,122.43459665710354,234,lstm_corr_top1_era5_rand14,f2,1
2021-07-01,214.23864067195473,234,lstm_corr_top1_era5_rand14,f2,1
2021-08-01,134.9358407397192,234,lstm_corr_top1_era5_rand14,f2,1
2021-09-01,247.70279171091408,234,lstm_corr_top1_era5_rand14,f2,1
2021-10-01,197.35564305937226,234,lstm_corr_top1_era5_rand14,f2,1
2021-11-01,188.91299075142814,234,lstm_corr_top1_era5_rand14,f2,1
2021-12-01,241.08583454392698,234,lstm_corr_top1_era5_rand14,f2,1
2022-01-01,199.92781637100438,234,lstm_corr_top1_era5_rand14,f2,1
2022-02-01,221.38278395642286,234,lstm_corr_top1_era5_rand14,f2,1
2022-03-01,333.6309844253573,234,lstm_corr_top1_era5_rand14,f2,1
2022-04-01,265.8595873928077,234,lstm_corr_top1_era5_rand14,f2,1
2020-12-01,185.17235169240902,234,lstm_corr_top1_rand15,f2,1
2021-01-01,171.21804730943106,234,lstm_corr_top1_rand15,f2,1
2021-02-01,250.20888229550417,234,lstm_corr_top1_rand15,f2,1
2021-03-01,181.64437017648157,234,lstm_corr_top1_rand15,f2,1
2021-04-01,194.6401971054641,234,lstm_corr_top1_rand15,f2,1
2021-05-01,205.7834064834962,234,lstm_corr_top1_rand15,f2,1
2021-06-01,130.66644535699058,234,lstm_corr_top1_rand15,f2,1
2021-07-01,213.2311166503557,234,lstm_corr_top1_rand15,f2,1
2021-08-01,156.08393964560284,234,lstm_corr_top1_rand15,f2,1
2021-09-01,246.96134021148998,234,lstm_corr_top1_rand15,f2,1
2021-10-01,244.88442221815,234,lstm_corr_top1_rand15,f2,1
2021-11-01,190.6511174423985,234,lstm_corr_top1_rand15,f2,1
2021-12-01,270.17208971473156,234,lstm_corr_top1_rand15,f2,1
2022-01-01,243.74583584010904,234,lstm_corr_top1_rand15,f2,1
2022-02-01,231.62654385801244,234,lstm_corr_top1_rand15,f2,1
2022-03-01,346.38455737926057,234,lstm_corr_top1_rand15,f2,1
2022-04-01,281.5727957101281,234,lstm_corr_top1_rand15,f2,1
2020-12-01,167.7565167052553,234,lstm_corr_top1_era5_rand15,f2,1
2021-01-01,157.6940906157664,234,lstm_corr_top1_era5_rand15,f2,1
2021-02-01,218.94834614534855,234,lstm_corr_top1_era5_rand15,f2,1
2021-03-01,160.33396236013633,234,lstm_corr_top1_era5_rand15,f2,1
2021-04-01,186.88543577047233,234,lstm_corr_top1_era5_rand15,f2,1
2021-05-01,194.64950144563863,234,lstm_corr_top1_era5_rand15,f2,1
2021-06-01,121.91521100303162,234,lstm_corr_top1_era5_rand15,f2,1
2021-07-01,210.20157186639082,234,lstm_corr_top1_era5_rand15,f2,1
2021-08-01,134.29241966228386,234,lstm_corr_top1_era5_rand15,f2,1
2021-09-01,242.00918883808222,234,lstm_corr_top1_era5_rand15,f2,1
2021-10-01,203.0503649252548,234,lstm_corr_top1_era5_rand15,f2,1
2021-11-01,184.17981844814443,234,lstm_corr_top1_era5_rand15,f2,1
2021-12-01,238.61409068207735,234,lstm_corr_top1_era5_rand15,f2,1
2022-01-01,203.74332573018992,234,lstm_corr_top1_era5_rand15,f2,1
2022-02-01,220.9516477448915,234,lstm_corr_top1_era5_rand15,f2,1
2022-03-01,328.52837852164345,234,lstm_corr_top1_era5_rand15,f2,1
2022-04-01,262.2365785062375,234,lstm_corr_top1_era5_rand15,f2,1
2020-12-01,186.6371984832422,234,lstm_corr_top1_rand16,f2,1
2021-01-01,172.2552301803419,234,lstm_corr_top1_rand16,f2,1
2021-02-01,251.97567443963743,234,lstm_corr_top1_rand16,f2,1
2021-03-01,183.52525223830227,234,lstm_corr_top1_rand16,f2,1
2021-04-01,194.95263076051856,234,lstm_corr_top1_rand16,f2,1
2021-05-01,205.98616036366286,234,lstm_corr_top1_rand16,f2,1
2021-06-01,130.54201068971767,234,lstm_corr_top1_rand16,f2,1
2021-07-01,218.1970254626932,234,lstm_corr_top1_rand16,f2,1
2021-08-01,158.14492098257287,234,lstm_corr_top1_rand16,f2,1
2021-09-01,248.32093144339515,234,lstm_corr_top1_rand16,f2,1
2021-10-01,246.0071925649017,234,lstm_corr_top1_rand16,f2,1
2021-11-01,191.90892448918927,234,lstm_corr_top1_rand16,f2,1
2021-12-01,270.238609926663,234,lstm_corr_top1_rand16,f2,1
2022-01-01,245.90586396670767,234,lstm_corr_top1_rand16,f2,1
2022-02-01,230.8837815923179,234,lstm_corr_top1_rand16,f2,1
2022-03-01,345.09465569028305,234,lstm_corr_top1_rand16,f2,1
2022-04-01,281.553436680297,234,lstm_corr_top1_rand16,f2,1
2020-12-01,168.15324791352842,234,lstm_corr_top1_era5_rand16,f2,1
2021-01-01,160.35702527594526,234,lstm_corr_top1_era5_rand16,f2,1
2021-02-01,219.46595920760493,234,lstm_corr_top1_era5_rand16,f2,1
2021-03-01,157.68214649726647,234,lstm_corr_top1_era5_rand16,f2,1
2021-04-01,187.3950203693549,234,lstm_corr_top1_era5_rand16,f2,1
2021-05-01,196.0829735915749,234,lstm_corr_top1_era5_rand16,f2,1
2021-06-01,121.1841136578066,234,lstm_corr_top1_era5_rand16,f2,1
2021-07-01,215.94898304374004,234,lstm_corr_top1_era5_rand16,f2,1
2021-08-01,135.4415087678068,234,lstm_corr_top1_era5_rand16,f2,1
2021-09-01,243.86185248861776,234,lstm_corr_top1_era5_rand16,f2,1
2021-10-01,200.90842017050363,234,lstm_corr_top1_era5_rand16,f2,1
2021-11-01,189.42476318306782,234,lstm_corr_top1_era5_rand16,f2,1
2021-12-01,243.49029149818122,234,lstm_corr_top1_era5_rand16,f2,1
2022-01-01,207.32958335158784,234,lstm_corr_top1_era5_rand16,f2,1
2022-02-01,218.3047571847636,234,lstm_corr_top1_era5_rand16,f2,1
2022-03-01,331.82410054224067,234,lstm_corr_top1_era5_rand16,f2,1
2022-04-01,264.80138871697653,234,lstm_corr_top1_era5_rand16,f2,1
2020-12-01,185.92923399655226,234,lstm_corr_top1_rand17,f2,1
2021-01-01,172.8975186721957,234,lstm_corr_top1_rand17,f2,1
2021-02-01,250.3076650717376,234,lstm_corr_top1_rand17,f2,1
2021-03-01,183.32477486498416,234,lstm_corr_top1_rand17,f2,1
2021-04-01,195.23579204894116,234,lstm_corr_top1_rand17,f2,1
2021-05-01,206.46378007867992,234,lstm_corr_top1_rand17,f2,1
2021-06-01,130.59164506297842,234,lstm_corr_top1_rand17,f2,1
2021-07-01,215.570248269679,234,lstm_corr_top1_rand17,f2,1
2021-08-01,156.5564873079626,234,lstm_corr_top1_rand17,f2,1
2021-09-01,248.55381971174353,234,lstm_corr_top1_rand17,f2,1
2021-10-01,243.478260318497,234,lstm_corr_top1_rand17,f2,1
2021-11-01,192.41848224283893,234,lstm_corr_top1_rand17,f2,1
2021-12-01,269.86530179928354,234,lstm_corr_top1_rand17,f2,1
2022-01-01,245.6545424559889,234,lstm_corr_top1_rand17,f2,1
2022-02-01,231.73135986967753,234,lstm_corr_top1_rand17,f2,1
2022-03-01,345.36998882686026,234,lstm_corr_top1_rand17,f2,1
2022-04-01,281.7709747363261,234,lstm_corr_top1_rand17,f2,1
2020-12-01,168.0387343766864,234,lstm_corr_top1_era5_rand17,f2,1
2021-01-01,160.69092937960468,234,lstm_corr_top1_era5_rand17,f2,1
2021-02-01,222.32206391998642,234,lstm_corr_top1_era5_rand17,f2,1
2021-03-01,161.40566884316937,234,lstm_corr_top1_era5_rand17,f2,1
2021-04-01,188.66588498105827,234,lstm_corr_top1_era5_rand17,f2,1
2021-05-01,196.76150978684475,234,lstm_corr_top1_era5_rand17,f2,1
2021-06-01,121.52398566346862,234,lstm_corr_top1_era5_rand17,f2,1
2021-07-01,216.14485426616488,234,lstm_corr_top1_era5_rand17,f2,1
2021-08-01,135.2223210893221,234,lstm_corr_top1_era5_rand17,f2,1
2021-09-01,247.03004458661025,234,lstm_corr_top1_era5_rand17,f2,1
2021-10-01,199.3805930551058,234,lstm_corr_top1_era5_rand17,f2,1
2021-11-01,186.72945282724206,234,lstm_corr_top1_era5_rand17,f2,1
2021-12-01,243.36309337457175,234,lstm_corr_top1_era5_rand17,f2,1
2022-01-01,202.838658458966,234,lstm_corr_top1_era5_rand17,f2,1
2022-02-01,222.2765329261949,234,lstm_corr_top1_era5_rand17,f2,1
2022-03-01,334.69318455414833,234,lstm_corr_top1_era5_rand17,f2,1
2022-04-01,266.3384141043734,234,lstm_corr_top1_era5_rand17,f2,1
2020-12-01,183.58203769474412,234,lstm_corr_top1_rand18,f2,1
2021-01-01,171.13548453465714,234,lstm_corr_top1_rand18,f2,1
2021-02-01,252.15703917797615,234,lstm_corr_top1_rand18,f2,1
2021-03-01,183.5908889180041,234,lstm_corr_top1_rand18,f2,1
2021-04-01,194.3011764512399,234,lstm_corr_top1_rand18,f2,1
2021-05-01,205.41713914756352,234,lstm_corr_top1_rand18,f2,1
2021-06-01,130.86321485006985,234,lstm_corr_top1_rand18,f2,1
2021-07-01,216.55579425391838,234,lstm_corr_top1_rand18,f2,1
2021-08-01,157.64185040924002,234,lstm_corr_top1_rand18,f2,1
2021-09-01,245.58586579484046,234,lstm_corr_top1_rand18,f2,1
2021-10-01,243.5586815497964,234,lstm_corr_top1_rand18,f2,1
2021-11-01,190.14601902604872,234,lstm_corr_top1_rand18,f2,1
2021-12-01,268.9347659606903,234,lstm_corr_top1_rand18,f2,1
2022-01-01,243.33454242210797,234,lstm_corr_top1_rand18,f2,1
2022-02-01,230.56532692351615,234,lstm_corr_top1_rand18,f2,1
2022-03-01,348.2544659596404,234,lstm_corr_top1_rand18,f2,1
2022-04-01,278.79573314443786,234,lstm_corr_top1_rand18,f2,1
2020-12-01,166.9566926156772,234,lstm_corr_top1_era5_rand18,f2,1
2021-01-01,152.40864835348046,234,lstm_corr_top1_era5_rand18,f2,1
2021-02-01,216.4944211313297,234,lstm_corr_top1_era5_rand18,f2,1
2021-03-01,155.99661689165578,234,lstm_corr_top1_era5_rand18,f2,1
2021-04-01,183.94694720033715,234,lstm_corr_top1_era5_rand18,f2,1
2021-05-01,198.98825092512223,234,lstm_corr_top1_era5_rand18,f2,1
2021-06-01,123.78134952162213,234,lstm_corr_top1_era5_rand18,f2,1
2021-07-01,207.83174276574132,234,lstm_corr_top1_era5_rand18,f2,1
2021-08-01,134.78232046768562,234,lstm_corr_top1_era5_rand18,f2,1
2021-09-01,247.68188802839802,234,lstm_corr_top1_era5_rand18,f2,1
2021-10-01,202.0138830114551,234,lstm_corr_top1_era5_rand18,f2,1
2021-11-01,185.54486598125933,234,lstm_corr_top1_era5_rand18,f2,1
2021-12-01,232.1394448154351,234,lstm_corr_top1_era5_rand18,f2,1
2022-01-01,200.99363154726885,234,lstm_corr_top1_era5_rand18,f2,1
2022-02-01,217.32104481351095,234,lstm_corr_top1_era5_rand18,f2,1
2022-03-01,337.23836145805916,234,lstm_corr_top1_era5_rand18,f2,1
2022-04-01,261.1942345012318,234,lstm_corr_top1_era5_rand18,f2,1
2020-12-01,184.7678426114044,234,lstm_corr_top1_rand19,f2,1
2021-01-01,170.66308674046053,234,lstm_corr_top1_rand19,f2,1
2021-02-01,250.4814771809655,234,lstm_corr_top1_rand19,f2,1
2021-03-01,184.4650094229341,234,lstm_corr_top1_rand19,f2,1
2021-04-01,192.86719485971645,234,lstm_corr_top1_rand19,f2,1
2021-05-01,208.0758141702171,234,lstm_corr_top1_rand19,f2,1
2021-06-01,130.7315741033395,234,lstm_corr_top1_rand19,f2,1
2021-07-01,215.0702755568294,234,lstm_corr_top1_rand19,f2,1
2021-08-01,156.2237750695807,234,lstm_corr_top1_rand19,f2,1
2021-09-01,247.81572731224588,234,lstm_corr_top1_rand19,f2,1
2021-10-01,244.8024180769957,234,lstm_corr_top1_rand19,f2,1
2021-11-01,189.40011004951572,234,lstm_corr_top1_rand19,f2,1
2021-12-01,268.2391704236977,234,lstm_corr_top1_rand19,f2,1
2022-01-01,243.4367860568847,234,lstm_corr_top1_rand19,f2,1
2022-02-01,233.3521850166781,234,lstm_corr_top1_rand19,f2,1
2022-03-01,346.91822974820695,234,lstm_corr_top1_rand19,f2,1
2022-04-01,280.6433270319749,234,lstm_corr_top1_rand19,f2,1
2020-12-01,162.68872641463784,234,lstm_corr_top1_era5_rand19,f2,1
2021-01-01,155.22351372509019,234,lstm_corr_top1_era5_rand19,f2,1
2021-02-01,215.7152138031666,234,lstm_corr_top1_era5_rand19,f2,1
2021-03-01,154.2571285606688,234,lstm_corr_top1_era5_rand19,f2,1
2021-04-01,187.1173058289034,234,lstm_corr_top1_era5_rand19,f2,1
2021-05-01,194.75784898379013,234,lstm_corr_top1_era5_rand19,f2,1
2021-06-01,121.80714579809913,234,lstm_corr_top1_era5_rand19,f2,1
2021-07-01,212.94617746001177,234,lstm_corr_top1_era5_rand19,f2,1
2021-08-01,133.1605770684806,234,lstm_corr_top1_era5_rand19,f2,1
2021-09-01,244.0279896408534,234,lstm_corr_top1_era5_rand19,f2,1
2021-10-01,199.7877396448939,234,lstm_corr_top1_era5_rand19,f2,1
2021-11-01,185.53288981986935,234,lstm_corr_top1_era5_rand19,f2,1
2021-12-01,238.56890359465936,234,lstm_corr_top1_era5_rand19,f2,1
2022-01-01,199.89132383094727,234,lstm_corr_top1_era5_rand19,f2,1
2022-02-01,220.0851959224284,234,lstm_corr_top1_era5_rand19,f2,1
2022-03-01,330.7199121100076,234,lstm_corr_top1_era5_rand19,f2,1
2022-04-01,264.1648114833249,234,lstm_corr_top1_era5_rand19,f2,1
2021-01-01,242.00845783446357,234,lstm_corr_top1_rand0,f2,2
2021-02-01,344.8437319578906,234,lstm_corr_top1_rand0,f2,2
2021-03-01,245.26534553481582,234,lstm_corr_top1_rand0,f2,2
2021-04-01,261.0454436761975,234,lstm_corr_top1_rand0,f2,2
2021-05-01,265.2768255733421,234,lstm_corr_top1_rand0,f2,2
2021-06-01,159.16781674945057,234,lstm_corr_top1_rand0,f2,2
2021-07-01,268.15761864545533,234,lstm_corr_top1_rand0,f2,2
2021-08-01,236.24829324620094,234,lstm_corr_top1_rand0,f2,2
2021-09-01,321.8600736926676,234,lstm_corr_top1_rand0,f2,2
2021-10-01,245.05277615840302,234,lstm_corr_top1_rand0,f2,2
2021-11-01,310.96005985068643,234,lstm_corr_top1_rand0,f2,2
2021-12-01,374.1923682337245,234,lstm_corr_top1_rand0,f2,2
2022-01-01,343.1693909047361,234,lstm_corr_top1_rand0,f2,2
2022-02-01,277.88633192133176,234,lstm_corr_top1_rand0,f2,2
2022-03-01,483.5415242652409,234,lstm_corr_top1_rand0,f2,2
2022-04-01,356.8298741575811,234,lstm_corr_top1_rand0,f2,2
2022-05-01,333.8433986,234,lstm_corr_top1_rand0,f2,2
2021-01-01,225.6742394926806,234,lstm_corr_top1_era5_rand0,f2,2
2021-02-01,329.0647535782878,234,lstm_corr_top1_era5_rand0,f2,2
2021-03-01,221.1902696592026,234,lstm_corr_top1_era5_rand0,f2,2
2021-04-01,232.6189354192405,234,lstm_corr_top1_era5_rand0,f2,2
2021-05-01,259.3546966040411,234,lstm_corr_top1_era5_rand0,f2,2
2021-06-01,148.5622641412978,234,lstm_corr_top1_era5_rand0,f2,2
2021-07-01,269.3634560012941,234,lstm_corr_top1_era5_rand0,f2,2
2021-08-01,230.62544030770908,234,lstm_corr_top1_era5_rand0,f2,2
2021-09-01,326.31500701479206,234,lstm_corr_top1_era5_rand0,f2,2
2021-10-01,233.50941983034596,234,lstm_corr_top1_era5_rand0,f2,2
2021-11-01,285.3345513175314,234,lstm_corr_top1_era5_rand0,f2,2
2021-12-01,356.4762746614856,234,lstm_corr_top1_era5_rand0,f2,2
2022-01-01,304.66968986104536,234,lstm_corr_top1_era5_rand0,f2,2
2022-02-01,269.8566989635244,234,lstm_corr_top1_era5_rand0,f2,2
2022-03-01,474.156414493896,234,lstm_corr_top1_era5_rand0,f2,2
2022-04-01,351.65564484418326,234,lstm_corr_top1_era5_rand0,f2,2
2022-05-01,335.7724385228436,234,lstm_corr_top1_era5_rand0,f2,2
2021-01-01,248.45597930845335,234,lstm_corr_top1_rand1,f2,2
2021-02-01,343.053069393442,234,lstm_corr_top1_rand1,f2,2
2021-03-01,246.08444449664404,234,lstm_corr_top1_rand1,f2,2
2021-04-01,265.28943522254855,234,lstm_corr_top1_rand1,f2,2
2021-05-01,270.04721847632345,234,lstm_corr_top1_rand1,f2,2
2021-06-01,163.52662785199433,234,lstm_corr_top1_rand1,f2,2
2021-07-01,270.0612822447077,234,lstm_corr_top1_rand1,f2,2
2021-08-01,237.9972413410597,234,lstm_corr_top1_rand1,f2,2
2021-09-01,322.12005213562395,234,lstm_corr_top1_rand1,f2,2
2021-10-01,248.61049529210808,234,lstm_corr_top1_rand1,f2,2
2021-11-01,321.0354306785581,234,lstm_corr_top1_rand1,f2,2
2021-12-01,387.77960528011255,234,lstm_corr_top1_rand1,f2,2
2022-01-01,350.7307437526529,234,lstm_corr_top1_rand1,f2,2
2022-02-01,285.7107759041347,234,lstm_corr_top1_rand1,f2,2
2022-03-01,485.88862952332505,234,lstm_corr_top1_rand1,f2,2
2022-04-01,362.9235101835363,234,lstm_corr_top1_rand1,f2,2
2022-05-01,343.9341761346697,234,lstm_corr_top1_rand1,f2,2
2021-01-01,223.5480609093409,234,lstm_corr_top1_era5_rand1,f2,2
2021-02-01,328.5678544317199,234,lstm_corr_top1_era5_rand1,f2,2
2021-03-01,230.13095670122723,234,lstm_corr_top1_era5_rand1,f2,2
2021-04-01,237.9632908323787,234,lstm_corr_top1_era5_rand1,f2,2
2021-05-01,260.97255929054757,234,lstm_corr_top1_era5_rand1,f2,2
2021-06-01,153.91992402646073,234,lstm_corr_top1_era5_rand1,f2,2
2021-07-01,276.56524658632657,234,lstm_corr_top1_era5_rand1,f2,2
2021-08-01,236.5143161949721,234,lstm_corr_top1_era5_rand1,f2,2
2021-09-01,337.80192931305913,234,lstm_corr_top1_era5_rand1,f2,2
2021-10-01,243.57735962859678,234,lstm_corr_top1_era5_rand1,f2,2
2021-11-01,284.87743157193535,234,lstm_corr_top1_era5_rand1,f2,2
2021-12-01,352.4020840835664,234,lstm_corr_top1_era5_rand1,f2,2
2022-01-01,298.78857574611976,234,lstm_corr_top1_era5_rand1,f2,2
2022-02-01,272.6978339941795,234,lstm_corr_top1_era5_rand1,f2,2
2022-03-01,478.7000676019464,234,lstm_corr_top1_era5_rand1,f2,2
2022-04-01,352.40324236357907,234,lstm_corr_top1_era5_rand1,f2,2
2022-05-01,335.7527792589885,234,lstm_corr_top1_era5_rand1,f2,2
2021-01-01,246.28448074395155,234,lstm_corr_top1_rand2,f2,2
2021-02-01,342.83033552861264,234,lstm_corr_top1_rand2,f2,2
2021-03-01,245.82513158326535,234,lstm_corr_top1_rand2,f2,2
2021-04-01,263.82720256203726,234,lstm_corr_top1_rand2,f2,2
2021-05-01,268.1506329893047,234,lstm_corr_top1_rand2,f2,2
2021-06-01,161.0820306719338,234,lstm_corr_top1_rand2,f2,2
2021-07-01,270.61777973619144,234,lstm_corr_top1_rand2,f2,2
2021-08-01,237.137774132989,234,lstm_corr_top1_rand2,f2,2
2021-09-01,320.1605751172272,234,lstm_corr_top1_rand2,f2,2
2021-10-01,247.8037994207842,234,lstm_corr_top1_rand2,f2,2
2021-11-01,316.5382003485931,234,lstm_corr_top1_rand2,f2,2
2021-12-01,380.93452567793537,234,lstm_corr_top1_rand2,f2,2
2022-01-01,350.24713248381784,234,lstm_corr_top1_rand2,f2,2
2022-02-01,288.0110836763866,234,lstm_corr_top1_rand2,f2,2
2022-03-01,494.38990705022235,234,lstm_corr_top1_rand2,f2,2
2022-04-01,367.1954855468407,234,lstm_corr_top1_rand2,f2,2
2022-05-01,343.5405342665147,234,lstm_corr_top1_rand2,f2,2
2021-01-01,225.88790208229807,234,lstm_corr_top1_era5_rand2,f2,2
2021-02-01,327.78582576863454,234,lstm_corr_top1_era5_rand2,f2,2
2021-03-01,232.46944219872685,234,lstm_corr_top1_era5_rand2,f2,2
2021-04-01,239.4201591063554,234,lstm_corr_top1_era5_rand2,f2,2
2021-05-01,268.3970658580905,234,lstm_corr_top1_era5_rand2,f2,2
2021-06-01,152.17156159990986,234,lstm_corr_top1_era5_rand2,f2,2
2021-07-01,278.88453377581016,234,lstm_corr_top1_era5_rand2,f2,2
2021-08-01,239.2749869289427,234,lstm_corr_top1_era5_rand2,f2,2
2021-09-01,330.6839255376729,234,lstm_corr_top1_era5_rand2,f2,2
2021-10-01,237.1481755914661,234,lstm_corr_top1_era5_rand2,f2,2
2021-11-01,288.8019263866195,234,lstm_corr_top1_era5_rand2,f2,2
2021-12-01,365.43581526524645,234,lstm_corr_top1_era5_rand2,f2,2
2022-01-01,312.857916983902,234,lstm_corr_top1_era5_rand2,f2,2
2022-02-01,273.1509662283228,234,lstm_corr_top1_era5_rand2,f2,2
2022-03-01,484.08216816881975,234,lstm_corr_top1_era5_rand2,f2,2
2022-04-01,364.32327261393465,234,lstm_corr_top1_era5_rand2,f2,2
2022-05-01,341.65822988191894,234,lstm_corr_top1_era5_rand2,f2,2
2021-01-01,245.372020588589,234,lstm_corr_top1_rand3,f2,2
2021-02-01,343.3217051826656,234,lstm_corr_top1_rand3,f2,2
2021-03-01,244.7799800307922,234,lstm_corr_top1_rand3,f2,2
2021-04-01,261.4863235692837,234,lstm_corr_top1_rand3,f2,2
2021-05-01,267.2699326557294,234,lstm_corr_top1_rand3,f2,2
2021-06-01,161.43902751697206,234,lstm_corr_top1_rand3,f2,2
2021-07-01,270.87651331833587,234,lstm_corr_top1_rand3,f2,2
2021-08-01,236.75040927875835,234,lstm_corr_top1_rand3,f2,2
2021-09-01,322.8603778547972,234,lstm_corr_top1_rand3,f2,2
2021-10-01,248.96702062839404,234,lstm_corr_top1_rand3,f2,2
2021-11-01,316.22073289702945,234,lstm_corr_top1_rand3,f2,2
2021-12-01,379.6716473168867,234,lstm_corr_top1_rand3,f2,2
2022-01-01,345.3281958861125,234,lstm_corr_top1_rand3,f2,2
2022-02-01,285.7511841287842,234,lstm_corr_top1_rand3,f2,2
2022-03-01,489.5173543371854,234,lstm_corr_top1_rand3,f2,2
2022-04-01,361.13535582227735,234,lstm_corr_top1_rand3,f2,2
2022-05-01,342.6027313737137,234,lstm_corr_top1_rand3,f2,2
2021-01-01,225.844254653098,234,lstm_corr_top1_era5_rand3,f2,2
2021-02-01,330.4639961941692,234,lstm_corr_top1_era5_rand3,f2,2
2021-03-01,226.30197580349227,234,lstm_corr_top1_era5_rand3,f2,2
2021-04-01,234.0782411946692,234,lstm_corr_top1_era5_rand3,f2,2
2021-05-01,261.10279146962597,234,lstm_corr_top1_era5_rand3,f2,2
2021-06-01,148.18268863941506,234,lstm_corr_top1_era5_rand3,f2,2
2021-07-01,268.95025394880446,234,lstm_corr_top1_era5_rand3,f2,2
2021-08-01,232.69979254726786,234,lstm_corr_top1_era5_rand3,f2,2
2021-09-01,325.6356567317427,234,lstm_corr_top1_era5_rand3,f2,2
2021-10-01,240.28138817815613,234,lstm_corr_top1_era5_rand3,f2,2
2021-11-01,284.6295708284385,234,lstm_corr_top1_era5_rand3,f2,2
2021-12-01,356.40686922844844,234,lstm_corr_top1_era5_rand3,f2,2
2022-01-01,309.31280377038496,234,lstm_corr_top1_era5_rand3,f2,2
2022-02-01,272.67494906050473,234,lstm_corr_top1_era5_rand3,f2,2
2022-03-01,473.91332952700486,234,lstm_corr_top1_era5_rand3,f2,2
2022-04-01,351.47149829486057,234,lstm_corr_top1_era5_rand3,f2,2
2022-05-01,328.0254763578195,234,lstm_corr_top1_era5_rand3,f2,2
2021-01-01,243.167688553896,234,lstm_corr_top1_rand4,f2,2
2021-02-01,343.95716013224336,234,lstm_corr_top1_rand4,f2,2
2021-03-01,245.17837164617964,234,lstm_corr_top1_rand4,f2,2
2021-04-01,261.4803553596648,234,lstm_corr_top1_rand4,f2,2
2021-05-01,268.88091391060226,234,lstm_corr_top1_rand4,f2,2
2021-06-01,160.62662427388298,234,lstm_corr_top1_rand4,f2,2
2021-07-01,266.0992617335806,234,lstm_corr_top1_rand4,f2,2
2021-08-01,233.20953989302626,234,lstm_corr_top1_rand4,f2,2
2021-09-01,319.92995278606156,234,lstm_corr_top1_rand4,f2,2
2021-10-01,248.47022116166679,234,lstm_corr_top1_rand4,f2,2
2021-11-01,317.32627571349343,234,lstm_corr_top1_rand4,f2,2
2021-12-01,379.0918596735946,234,lstm_corr_top1_rand4,f2,2
2022-01-01,345.12801674205093,234,lstm_corr_top1_rand4,f2,2
2022-02-01,290.7347481981984,234,lstm_corr_top1_rand4,f2,2
2022-03-01,492.6733596258832,234,lstm_corr_top1_rand4,f2,2
2022-04-01,364.0868237846926,234,lstm_corr_top1_rand4,f2,2
2022-05-01,339.6796400581846,234,lstm_corr_top1_rand4,f2,2
2021-01-01,229.75363041198787,234,lstm_corr_top1_era5_rand4,f2,2
2021-02-01,332.1598187592228,234,lstm_corr_top1_era5_rand4,f2,2
2021-03-01,225.8497115289588,234,lstm_corr_top1_era5_rand4,f2,2
2021-04-01,234.477364776521,234,lstm_corr_top1_era5_rand4,f2,2
2021-05-01,259.51803310109017,234,lstm_corr_top1_era5_rand4,f2,2
2021-06-01,149.97369154005114,234,lstm_corr_top1_era5_rand4,f2,2
2021-07-01,272.79434265972094,234,lstm_corr_top1_era5_rand4,f2,2
2021-08-01,231.45584177691097,234,lstm_corr_top1_era5_rand4,f2,2
2021-09-01,326.8498153679612,234,lstm_corr_top1_era5_rand4,f2,2
2021-10-01,239.16668244984848,234,lstm_corr_top1_era5_rand4,f2,2
2021-11-01,283.8020335722412,234,lstm_corr_top1_era5_rand4,f2,2
2021-12-01,353.2111113321473,234,lstm_corr_top1_era5_rand4,f2,2
2022-01-01,303.46974945049664,234,lstm_corr_top1_era5_rand4,f2,2
2022-02-01,270.9873761841366,234,lstm_corr_top1_era5_rand4,f2,2
2022-03-01,471.961339633409,234,lstm_corr_top1_era5_rand4,f2,2
2022-04-01,352.576853429982,234,lstm_corr_top1_era5_rand4,f2,2
2022-05-01,327.88617233710295,234,lstm_corr_top1_era5_rand4,f2,2
2021-01-01,246.1679751056157,234,lstm_corr_top1_rand5,f2,2
2021-02-01,345.81943502217194,234,lstm_corr_top1_rand5,f2,2
2021-03-01,245.70740989859559,234,lstm_corr_top1_rand5,f2,2
2021-04-01,261.0792845523069,234,lstm_corr_top1_rand5,f2,2
2021-05-01,266.739039064873,234,lstm_corr_top1_rand5,f2,2
2021-06-01,164.93506899093154,234,lstm_corr_top1_rand5,f2,2
2021-07-01,271.08543526073015,234,lstm_corr_top1_rand5,f2,2
2021-08-01,235.19918589341322,234,lstm_corr_top1_rand5,f2,2
2021-09-01,323.4627731347918,234,lstm_corr_top1_rand5,f2,2
2021-10-01,244.95810454617552,234,lstm_corr_top1_rand5,f2,2
2021-11-01,314.518886454245,234,lstm_corr_top1_rand5,f2,2
2021-12-01,370.69136171330746,234,lstm_corr_top1_rand5,f2,2
2022-01-01,346.5207045717263,234,lstm_corr_top1_rand5,f2,2
2022-02-01,284.195172927935,234,lstm_corr_top1_rand5,f2,2
2022-03-01,488.8911117436663,234,lstm_corr_top1_rand5,f2,2
2022-04-01,363.4261718307022,234,lstm_corr_top1_rand5,f2,2
2022-05-01,337.1430947001144,234,lstm_corr_top1_rand5,f2,2
2021-01-01,225.66786652402968,234,lstm_corr_top1_era5_rand5,f2,2
2021-02-01,325.8947764235452,234,lstm_corr_top1_era5_rand5,f2,2
2021-03-01,223.66949361071622,234,lstm_corr_top1_era5_rand5,f2,2
2021-04-01,233.3896777783625,234,lstm_corr_top1_era5_rand5,f2,2
2021-05-01,259.4536243912853,234,lstm_corr_top1_era5_rand5,f2,2
2021-06-01,147.091078958626,234,lstm_corr_top1_era5_rand5,f2,2
2021-07-01,268.09825074520694,234,lstm_corr_top1_era5_rand5,f2,2
2021-08-01,228.07904351698528,234,lstm_corr_top1_era5_rand5,f2,2
2021-09-01,323.2671957780343,234,lstm_corr_top1_era5_rand5,f2,2
2021-10-01,238.16411156560724,234,lstm_corr_top1_era5_rand5,f2,2
2021-11-01,286.7385031045897,234,lstm_corr_top1_era5_rand5,f2,2
2021-12-01,355.2020918522942,234,lstm_corr_top1_era5_rand5,f2,2
2022-01-01,301.39567639095685,234,lstm_corr_top1_era5_rand5,f2,2
2022-02-01,267.7439138746186,234,lstm_corr_top1_era5_rand5,f2,2
2022-03-01,463.3555758564834,234,lstm_corr_top1_era5_rand5,f2,2
2022-04-01,347.4733448274686,234,lstm_corr_top1_era5_rand5,f2,2
2022-05-01,333.8461948312554,234,lstm_corr_top1_era5_rand5,f2,2
2021-01-01,245.92215916832822,234,lstm_corr_top1_rand6,f2,2
2021-02-01,347.84653684980725,234,lstm_corr_top1_rand6,f2,2
2021-03-01,247.11562655514018,234,lstm_corr_top1_rand6,f2,2
2021-04-01,262.8780418675376,234,lstm_corr_top1_rand6,f2,2
2021-05-01,268.8614309225124,234,lstm_corr_top1_rand6,f2,2
2021-06-01,162.33620947415423,234,lstm_corr_top1_rand6,f2,2
2021-07-01,270.97250586821553,234,lstm_corr_top1_rand6,f2,2
2021-08-01,236.59037687334265,234,lstm_corr_top1_rand6,f2,2
2021-09-01,321.9399684531709,234,lstm_corr_top1_rand6,f2,2
2021-10-01,248.24298828771308,234,lstm_corr_top1_rand6,f2,2
2021-11-01,312.1322304084481,234,lstm_corr_top1_rand6,f2,2
2021-12-01,375.45497637390133,234,lstm_corr_top1_rand6,f2,2
2022-01-01,343.3444074215522,234,lstm_corr_top1_rand6,f2,2
2022-02-01,278.4887606557388,234,lstm_corr_top1_rand6,f2,2
2022-03-01,484.76653418557953,234,lstm_corr_top1_rand6,f2,2
2022-04-01,364.16224123781654,234,lstm_corr_top1_rand6,f2,2
2022-05-01,338.14398769491555,234,lstm_corr_top1_rand6,f2,2
2021-01-01,227.61703141400324,234,lstm_corr_top1_era5_rand6,f2,2
2021-02-01,332.42216220213,234,lstm_corr_top1_era5_rand6,f2,2
2021-03-01,231.22188182674026,234,lstm_corr_top1_era5_rand6,f2,2
2021-04-01,238.16286186856553,234,lstm_corr_top1_era5_rand6,f2,2
2021-05-01,261.48820362653476,234,lstm_corr_top1_era5_rand6,f2,2
2021-06-01,151.1541184465402,234,lstm_corr_top1_era5_rand6,f2,2
2021-07-01,272.357551186088,234,lstm_corr_top1_era5_rand6,f2,2
2021-08-01,235.4829099193973,234,lstm_corr_top1_era5_rand6,f2,2
2021-09-01,331.24247350998024,234,lstm_corr_top1_era5_rand6,f2,2
2021-10-01,241.34743123899963,234,lstm_corr_top1_era5_rand6,f2,2
2021-11-01,285.8106106563818,234,lstm_corr_top1_era5_rand6,f2,2
2021-12-01,355.9813336138218,234,lstm_corr_top1_era5_rand6,f2,2
2022-01-01,306.3338697287449,234,lstm_corr_top1_era5_rand6,f2,2
2022-02-01,269.654457359316,234,lstm_corr_top1_era5_rand6,f2,2
2022-03-01,479.5488443642514,234,lstm_corr_top1_era5_rand6,f2,2
2022-04-01,360.30186003724833,234,lstm_corr_top1_era5_rand6,f2,2
2022-05-01,331.66245565887033,234,lstm_corr_top1_era5_rand6,f2,2
2021-01-01,245.0134446454935,234,lstm_corr_top1_rand7,f2,2
2021-02-01,345.6043004081641,234,lstm_corr_top1_rand7,f2,2
2021-03-01,245.21849390548445,234,lstm_corr_top1_rand7,f2,2
2021-04-01,262.27199579577626,234,lstm_corr_top1_rand7,f2,2
2021-05-01,270.4499909197283,234,lstm_corr_top1_rand7,f2,2
2021-06-01,162.42068170581766,234,lstm_corr_top1_rand7,f2,2
2021-07-01,265.8953409715966,234,lstm_corr_top1_rand7,f2,2
2021-08-01,234.3491226749066,234,lstm_corr_top1_rand7,f2,2
2021-09-01,320.1903787210054,234,lstm_corr_top1_rand7,f2,2
2021-10-01,245.92233276659624,234,lstm_corr_top1_rand7,f2,2
2021-11-01,316.75051886029536,234,lstm_corr_top1_rand7,f2,2
2021-12-01,380.53620698109415,234,lstm_corr_top1_rand7,f2,2
2022-01-01,348.3504133843193,234,lstm_corr_top1_rand7,f2,2
2022-02-01,285.25109049379324,234,lstm_corr_top1_rand7,f2,2
2022-03-01,490.3850726935593,234,lstm_corr_top1_rand7,f2,2
2022-04-01,363.79507873437456,234,lstm_corr_top1_rand7,f2,2
2022-05-01,340.82137636027016,234,lstm_corr_top1_rand7,f2,2
2021-01-01,228.90359195088053,234,lstm_corr_top1_era5_rand7,f2,2
2021-02-01,332.0311735868335,234,lstm_corr_top1_era5_rand7,f2,2
2021-03-01,225.67619299590888,234,lstm_corr_top1_era5_rand7,f2,2
2021-04-01,234.32791575008858,234,lstm_corr_top1_era5_rand7,f2,2
2021-05-01,263.94826895013466,234,lstm_corr_top1_era5_rand7,f2,2
2021-06-01,150.86001014190924,234,lstm_corr_top1_era5_rand7,f2,2
2021-07-01,268.32085000023625,234,lstm_corr_top1_era5_rand7,f2,2
2021-08-01,231.0485991233562,234,lstm_corr_top1_era5_rand7,f2,2
2021-09-01,328.3236869358609,234,lstm_corr_top1_era5_rand7,f2,2
2021-10-01,237.88681166608842,234,lstm_corr_top1_era5_rand7,f2,2
2021-11-01,288.8618022819953,234,lstm_corr_top1_era5_rand7,f2,2
2021-12-01,362.0136741296711,234,lstm_corr_top1_era5_rand7,f2,2
2022-01-01,309.95413579404817,234,lstm_corr_top1_era5_rand7,f2,2
2022-02-01,274.26093576490285,234,lstm_corr_top1_era5_rand7,f2,2
2022-03-01,474.26735331535593,234,lstm_corr_top1_era5_rand7,f2,2
2022-04-01,359.1492470670386,234,lstm_corr_top1_era5_rand7,f2,2
2022-05-01,337.00206919609076,234,lstm_corr_top1_era5_rand7,f2,2
2021-01-01,245.41791781601106,234,lstm_corr_top1_rand8,f2,2
2021-02-01,345.5845690398323,234,lstm_corr_top1_rand8,f2,2
2021-03-01,243.08468688942716,234,lstm_corr_top1_rand8,f2,2
2021-04-01,260.4006632687818,234,lstm_corr_top1_rand8,f2,2
2021-05-01,270.0296952960513,234,lstm_corr_top1_rand8,f2,2
2021-06-01,161.38425445505266,234,lstm_corr_top1_rand8,f2,2
2021-07-01,268.89348501386263,234,lstm_corr_top1_rand8,f2,2
2021-08-01,236.892951094217,234,lstm_corr_top1_rand8,f2,2
2021-09-01,326.8030285698535,234,lstm_corr_top1_rand8,f2,2
2021-10-01,246.1148107449588,234,lstm_corr_top1_rand8,f2,2
2021-11-01,311.7581831632374,234,lstm_corr_top1_rand8,f2,2
2021-12-01,373.34947221696365,234,lstm_corr_top1_rand8,f2,2
2022-01-01,349.05456248673903,234,lstm_corr_top1_rand8,f2,2
2022-02-01,283.0100831306456,234,lstm_corr_top1_rand8,f2,2
2022-03-01,490.01042159965874,234,lstm_corr_top1_rand8,f2,2
2022-04-01,364.27713785256003,234,lstm_corr_top1_rand8,f2,2
2022-05-01,340.34271111693283,234,lstm_corr_top1_rand8,f2,2
2021-01-01,228.48087706472145,234,lstm_corr_top1_era5_rand8,f2,2
2021-02-01,328.8510735167984,234,lstm_corr_top1_era5_rand8,f2,2
2021-03-01,227.04812449455514,234,lstm_corr_top1_era5_rand8,f2,2
2021-04-01,238.59390285759943,234,lstm_corr_top1_era5_rand8,f2,2
2021-05-01,261.49257117338175,234,lstm_corr_top1_era5_rand8,f2,2
2021-06-01,149.7697509202186,234,lstm_corr_top1_era5_rand8,f2,2
2021-07-01,269.3794458816443,234,lstm_corr_top1_era5_rand8,f2,2
2021-08-01,232.77015032485093,234,lstm_corr_top1_era5_rand8,f2,2
2021-09-01,325.8034571153252,234,lstm_corr_top1_era5_rand8,f2,2
2021-10-01,239.811971988879,234,lstm_corr_top1_era5_rand8,f2,2
2021-11-01,285.7559793288937,234,lstm_corr_top1_era5_rand8,f2,2
2021-12-01,356.0584362366221,234,lstm_corr_top1_era5_rand8,f2,2
2022-01-01,306.2981973730209,234,lstm_corr_top1_era5_rand8,f2,2
2022-02-01,274.55194928261847,234,lstm_corr_top1_era5_rand8,f2,2
2022-03-01,472.316320465132,234,lstm_corr_top1_era5_rand8,f2,2
2022-04-01,353.788658793393,234,lstm_corr_top1_era5_rand8,f2,2
2022-05-01,334.78200293140867,234,lstm_corr_top1_era5_rand8,f2,2
2021-01-01,247.69558870789908,234,lstm_corr_top1_rand9,f2,2
2021-02-01,346.04414253971703,234,lstm_corr_top1_rand9,f2,2
2021-03-01,245.72364681624657,234,lstm_corr_top1_rand9,f2,2
2021-04-01,262.19342536088277,234,lstm_corr_top1_rand9,f2,2
2021-05-01,270.0699151104497,234,lstm_corr_top1_rand9,f2,2
2021-06-01,161.38405312937368,234,lstm_corr_top1_rand9,f2,2
2021-07-01,271.3253981685362,234,lstm_corr_top1_rand9,f2,2
2021-08-01,237.22247236411047,234,lstm_corr_top1_rand9,f2,2
2021-09-01,322.05820996887286,234,lstm_corr_top1_rand9,f2,2
2021-10-01,247.84295929361778,234,lstm_corr_top1_rand9,f2,2
2021-11-01,317.37654474466854,234,lstm_corr_top1_rand9,f2,2
2021-12-01,378.21868984535354,234,lstm_corr_top1_rand9,f2,2
2022-01-01,347.8467909179082,234,lstm_corr_top1_rand9,f2,2
2022-02-01,283.2571558906811,234,lstm_corr_top1_rand9,f2,2
2022-03-01,488.04375939748866,234,lstm_corr_top1_rand9,f2,2
2022-04-01,364.85205568261006,234,lstm_corr_top1_rand9,f2,2
2022-05-01,338.77338162512217,234,lstm_corr_top1_rand9,f2,2
2021-01-01,226.2250024686216,234,lstm_corr_top1_era5_rand9,f2,2
2021-02-01,328.62473502514456,234,lstm_corr_top1_era5_rand9,f2,2
2021-03-01,223.9887891447594,234,lstm_corr_top1_era5_rand9,f2,2
2021-04-01,235.10025183677706,234,lstm_corr_top1_era5_rand9,f2,2
2021-05-01,260.6208783297022,234,lstm_corr_top1_era5_rand9,f2,2
2021-06-01,148.48325844452194,234,lstm_corr_top1_era5_rand9,f2,2
2021-07-01,272.4359570016082,234,lstm_corr_top1_era5_rand9,f2,2
2021-08-01,233.5754822337114,234,lstm_corr_top1_era5_rand9,f2,2
2021-09-01,328.17526676650004,234,lstm_corr_top1_era5_rand9,f2,2
2021-10-01,239.61014641265882,234,lstm_corr_top1_era5_rand9,f2,2
2021-11-01,288.5967876433134,234,lstm_corr_top1_era5_rand9,f2,2
2021-12-01,352.9613917248651,234,lstm_corr_top1_era5_rand9,f2,2
2022-01-01,301.8275378787531,234,lstm_corr_top1_era5_rand9,f2,2
2022-02-01,269.228779488319,234,lstm_corr_top1_era5_rand9,f2,2
2022-03-01,478.6243726290825,234,lstm_corr_top1_era5_rand9,f2,2
2022-04-01,359.5431699033395,234,lstm_corr_top1_era5_rand9,f2,2
2022-05-01,337.7019857534924,234,lstm_corr_top1_era5_rand9,f2,2
2021-01-01,240.9271205536535,234,lstm_corr_top1_rand10,f2,2
2021-02-01,344.69179472357956,234,lstm_corr_top1_rand10,f2,2
2021-03-01,246.50377040442768,234,lstm_corr_top1_rand10,f2,2
2021-04-01,262.24856910212605,234,lstm_corr_top1_rand10,f2,2
2021-05-01,263.3589353758674,234,lstm_corr_top1_rand10,f2,2
2021-06-01,158.17591946521736,234,lstm_corr_top1_rand10,f2,2
2021-07-01,268.86093657977386,234,lstm_corr_top1_rand10,f2,2
2021-08-01,231.85496837901684,234,lstm_corr_top1_rand10,f2,2
2021-09-01,318.87906404996977,234,lstm_corr_top1_rand10,f2,2
2021-10-01,243.83277107012043,234,lstm_corr_top1_rand10,f2,2
2021-11-01,308.75273795689014,234,lstm_corr_top1_rand10,f2,2
2021-12-01,369.62584579937743,234,lstm_corr_top1_rand10,f2,2
2022-01-01,340.370474389037,234,lstm_corr_top1_rand10,f2,2
2022-02-01,274.42582974161206,234,lstm_corr_top1_rand10,f2,2
2022-03-01,481.3777439831767,234,lstm_corr_top1_rand10,f2,2
2022-04-01,353.84094195709457,234,lstm_corr_top1_rand10,f2,2
2022-05-01,330.2769877763225,234,lstm_corr_top1_rand10,f2,2
2021-01-01,228.67705603401964,234,lstm_corr_top1_era5_rand10,f2,2
2021-02-01,331.3452469153398,234,lstm_corr_top1_era5_rand10,f2,2
2021-03-01,229.59181782807536,234,lstm_corr_top1_era5_rand10,f2,2
2021-04-01,238.36226482405,234,lstm_corr_top1_era5_rand10,f2,2
2021-05-01,264.1804724102862,234,lstm_corr_top1_era5_rand10,f2,2
2021-06-01,152.94604051563135,234,lstm_corr_top1_era5_rand10,f2,2
2021-07-01,272.35097751978003,234,lstm_corr_top1_era5_rand10,f2,2
2021-08-01,231.30983300267417,234,lstm_corr_top1_era5_rand10,f2,2
2021-09-01,323.52782195837784,234,lstm_corr_top1_era5_rand10,f2,2
2021-10-01,237.44435275399388,234,lstm_corr_top1_era5_rand10,f2,2
2021-11-01,287.5808807448659,234,lstm_corr_top1_era5_rand10,f2,2
2021-12-01,355.5188766093591,234,lstm_corr_top1_era5_rand10,f2,2
2022-01-01,309.93654240094764,234,lstm_corr_top1_era5_rand10,f2,2
2022-02-01,274.17405939199716,234,lstm_corr_top1_era5_rand10,f2,2
2022-03-01,477.3493826877473,234,lstm_corr_top1_era5_rand10,f2,2
2022-04-01,352.08806709117755,234,lstm_corr_top1_era5_rand10,f2,2
2022-05-01,333.39461935582517,234,lstm_corr_top1_era5_rand10,f2,2
2021-01-01,250.45489149836226,234,lstm_corr_top1_rand11,f2,2
2021-02-01,344.88890330279094,234,lstm_corr_top1_rand11,f2,2
2021-03-01,246.86698740839068,234,lstm_corr_top1_rand11,f2,2
2021-04-01,260.8212471438483,234,lstm_corr_top1_rand11,f2,2
2021-05-01,270.33460043005255,234,lstm_corr_top1_rand11,f2,2
2021-06-01,166.3527576499597,234,lstm_corr_top1_rand11,f2,2
2021-07-01,274.41381432995524,234,lstm_corr_top1_rand11,f2,2
2021-08-01,236.5507356664255,234,lstm_corr_top1_rand11,f2,2
2021-09-01,321.6089103250449,234,lstm_corr_top1_rand11,f2,2
2021-10-01,249.55945008048897,234,lstm_corr_top1_rand11,f2,2
2021-11-01,320.01950528946253,234,lstm_corr_top1_rand11,f2,2
2021-12-01,382.27642862152254,234,lstm_corr_top1_rand11,f2,2
2022-01-01,350.77325916023904,234,lstm_corr_top1_rand11,f2,2
2022-02-01,285.79301663949917,234,lstm_corr_top1_rand11,f2,2
2022-03-01,492.531256506119,234,lstm_corr_top1_rand11,f2,2
2022-04-01,368.1409993322166,234,lstm_corr_top1_rand11,f2,2
2022-05-01,343.39229392860784,234,lstm_corr_top1_rand11,f2,2
2021-01-01,229.67612774867567,234,lstm_corr_top1_era5_rand11,f2,2
2021-02-01,329.9905706284435,234,lstm_corr_top1_era5_rand11,f2,2
2021-03-01,226.62984215641143,234,lstm_corr_top1_era5_rand11,f2,2
2021-04-01,235.84078449487984,234,lstm_corr_top1_era5_rand11,f2,2
2021-05-01,263.2686063934804,234,lstm_corr_top1_era5_rand11,f2,2
2021-06-01,147.2803328642551,234,lstm_corr_top1_era5_rand11,f2,2
2021-07-01,271.69541070804206,234,lstm_corr_top1_era5_rand11,f2,2
2021-08-01,230.93216583420673,234,lstm_corr_top1_era5_rand11,f2,2
2021-09-01,322.9245573640648,234,lstm_corr_top1_era5_rand11,f2,2
2021-10-01,237.63817070450116,234,lstm_corr_top1_era5_rand11,f2,2
2021-11-01,284.53588239975056,234,lstm_corr_top1_era5_rand11,f2,2
2021-12-01,358.2608103542631,234,lstm_corr_top1_era5_rand11,f2,2
2022-01-01,308.5793144381985,234,lstm_corr_top1_era5_rand11,f2,2
2022-02-01,273.8261034619314,234,lstm_corr_top1_era5_rand11,f2,2
2022-03-01,475.29647273667916,234,lstm_corr_top1_era5_rand11,f2,2
2022-04-01,354.944845354605,234,lstm_corr_top1_era5_rand11,f2,2
2022-05-01,331.9670350171449,234,lstm_corr_top1_era5_rand11,f2,2
2021-01-01,247.56762309403004,234,lstm_corr_top1_rand12,f2,2
2021-02-01,344.0345404016523,234,lstm_corr_top1_rand12,f2,2
2021-03-01,245.96598604228024,234,lstm_corr_top1_rand12,f2,2
2021-04-01,265.2708890511365,234,lstm_corr_top1_rand12,f2,2
2021-05-01,264.9426806726438,234,lstm_corr_top1_rand12,f2,2
2021-06-01,160.5297377479418,234,lstm_corr_top1_rand12,f2,2
2021-07-01,267.1581326627293,234,lstm_corr_top1_rand12,f2,2
2021-08-01,232.39080306173247,234,lstm_corr_top1_rand12,f2,2
2021-09-01,320.059386643728,234,lstm_corr_top1_rand12,f2,2
2021-10-01,248.69283289440708,234,lstm_corr_top1_rand12,f2,2
2021-11-01,317.83541830597767,234,lstm_corr_top1_rand12,f2,2
2021-12-01,376.3851199935009,234,lstm_corr_top1_rand12,f2,2
2022-01-01,346.6424681099865,234,lstm_corr_top1_rand12,f2,2
2022-02-01,283.88017969289155,234,lstm_corr_top1_rand12,f2,2
2022-03-01,487.07040756999083,234,lstm_corr_top1_rand12,f2,2
2022-04-01,359.4057634575863,234,lstm_corr_top1_rand12,f2,2
2022-05-01,339.2710450896134,234,lstm_corr_top1_rand12,f2,2
2021-01-01,223.45080726707727,234,lstm_corr_top1_era5_rand12,f2,2
2021-02-01,328.9696872695687,234,lstm_corr_top1_era5_rand12,f2,2
2021-03-01,228.80702333869408,234,lstm_corr_top1_era5_rand12,f2,2
2021-04-01,233.29409080089584,234,lstm_corr_top1_era5_rand12,f2,2
2021-05-01,260.09745324159707,234,lstm_corr_top1_era5_rand12,f2,2
2021-06-01,150.38546490739463,234,lstm_corr_top1_era5_rand12,f2,2
2021-07-01,268.3689216932363,234,lstm_corr_top1_era5_rand12,f2,2
2021-08-01,231.8268053956053,234,lstm_corr_top1_era5_rand12,f2,2
2021-09-01,320.9723398569731,234,lstm_corr_top1_era5_rand12,f2,2
2021-10-01,238.58316448263326,234,lstm_corr_top1_era5_rand12,f2,2
2021-11-01,284.71965767542605,234,lstm_corr_top1_era5_rand12,f2,2
2021-12-01,348.12923880460806,234,lstm_corr_top1_era5_rand12,f2,2
2022-01-01,305.5556170966262,234,lstm_corr_top1_era5_rand12,f2,2
2022-02-01,272.0451945724932,234,lstm_corr_top1_era5_rand12,f2,2
2022-03-01,475.7505952553391,234,lstm_corr_top1_era5_rand12,f2,2
2022-04-01,355.9136352803207,234,lstm_corr_top1_era5_rand12,f2,2
2022-05-01,335.3987642001446,234,lstm_corr_top1_era5_rand12,f2,2
2021-01-01,245.07417047143892,234,lstm_corr_top1_rand13,f2,2
2021-02-01,344.52993460882925,234,lstm_corr_top1_rand13,f2,2
2021-03-01,245.74208196129536,234,lstm_corr_top1_rand13,f2,2
2021-04-01,261.5981170703588,234,lstm_corr_top1_rand13,f2,2
2021-05-01,267.8810492386609,234,lstm_corr_top1_rand13,f2,2
2021-06-01,162.0876918506708,234,lstm_corr_top1_rand13,f2,2
2021-07-01,269.69181119568157,234,lstm_corr_top1_rand13,f2,2
2021-08-01,234.17607104575438,234,lstm_corr_top1_rand13,f2,2
2021-09-01,318.9396557965559,234,lstm_corr_top1_rand13,f2,2
2021-10-01,246.87769500845965,234,lstm_corr_top1_rand13,f2,2
2021-11-01,316.13479023653997,234,lstm_corr_top1_rand13,f2,2
2021-12-01,377.8861909251773,234,lstm_corr_top1_rand13,f2,2
2022-01-01,344.2155699640148,234,lstm_corr_top1_rand13,f2,2
2022-02-01,281.90285007560266,234,lstm_corr_top1_rand13,f2,2
2022-03-01,487.62680807992314,234,lstm_corr_top1_rand13,f2,2
2022-04-01,361.8845982731059,234,lstm_corr_top1_rand13,f2,2
2022-05-01,339.5068201639294,234,lstm_corr_top1_rand13,f2,2
2021-01-01,224.70088203466236,234,lstm_corr_top1_era5_rand13,f2,2
2021-02-01,333.154415796367,234,lstm_corr_top1_era5_rand13,f2,2
2021-03-01,228.2171873207466,234,lstm_corr_top1_era5_rand13,f2,2
2021-04-01,234.97281765364033,234,lstm_corr_top1_era5_rand13,f2,2
2021-05-01,261.8773671516408,234,lstm_corr_top1_era5_rand13,f2,2
2021-06-01,151.08432584142588,234,lstm_corr_top1_era5_rand13,f2,2
2021-07-01,274.0730008742693,234,lstm_corr_top1_era5_rand13,f2,2
2021-08-01,231.90325643503243,234,lstm_corr_top1_era5_rand13,f2,2
2021-09-01,327.07704730329715,234,lstm_corr_top1_era5_rand13,f2,2
2021-10-01,240.35538192050353,234,lstm_corr_top1_era5_rand13,f2,2
2021-11-01,289.8730554974357,234,lstm_corr_top1_era5_rand13,f2,2
2021-12-01,360.40401045639265,234,lstm_corr_top1_era5_rand13,f2,2
2022-01-01,301.58843456809393,234,lstm_corr_top1_era5_rand13,f2,2
2022-02-01,270.57560355499334,234,lstm_corr_top1_era5_rand13,f2,2
2022-03-01,476.8821681494611,234,lstm_corr_top1_era5_rand13,f2,2
2022-04-01,352.6720751169259,234,lstm_corr_top1_era5_rand13,f2,2
2022-05-01,330.81615237575073,234,lstm_corr_top1_era5_rand13,f2,2
2021-01-01,248.27408803732385,234,lstm_corr_top1_rand14,f2,2
2021-02-01,346.4693157734689,234,lstm_corr_top1_rand14,f2,2
2021-03-01,246.6129942971351,234,lstm_corr_top1_rand14,f2,2
2021-04-01,264.3682370687717,234,lstm_corr_top1_rand14,f2,2
2021-05-01,270.2459108364704,234,lstm_corr_top1_rand14,f2,2
2021-06-01,163.16442565406442,234,lstm_corr_top1_rand14,f2,2
2021-07-01,270.60873355112165,234,lstm_corr_top1_rand14,f2,2
2021-08-01,236.17371441400266,234,lstm_corr_top1_rand14,f2,2
2021-09-01,327.89717597500635,234,lstm_corr_top1_rand14,f2,2
2021-10-01,247.27673270754883,234,lstm_corr_top1_rand14,f2,2
2021-11-01,319.9232517278208,234,lstm_corr_top1_rand14,f2,2
2021-12-01,383.94605891388164,234,lstm_corr_top1_rand14,f2,2
2022-01-01,350.1544782392541,234,lstm_corr_top1_rand14,f2,2
2022-02-01,283.31182813345805,234,lstm_corr_top1_rand14,f2,2
2022-03-01,490.61301456735333,234,lstm_corr_top1_rand14,f2,2
2022-04-01,363.5778842277307,234,lstm_corr_top1_rand14,f2,2
2022-05-01,343.05602451835625,234,lstm_corr_top1_rand14,f2,2
2021-01-01,226.81346366283955,234,lstm_corr_top1_era5_rand14,f2,2
2021-02-01,332.70389530579814,234,lstm_corr_top1_era5_rand14,f2,2
2021-03-01,222.70645380102954,234,lstm_corr_top1_era5_rand14,f2,2
2021-04-01,235.2843089114964,234,lstm_corr_top1_era5_rand14,f2,2
2021-05-01,262.8431180469609,234,lstm_corr_top1_era5_rand14,f2,2
2021-06-01,152.29792943106642,234,lstm_corr_top1_era5_rand14,f2,2
2021-07-01,272.85445746037493,234,lstm_corr_top1_era5_rand14,f2,2
2021-08-01,231.25940301066964,234,lstm_corr_top1_era5_rand14,f2,2
2021-09-01,328.4936683248741,234,lstm_corr_top1_era5_rand14,f2,2
2021-10-01,239.458681082775,234,lstm_corr_top1_era5_rand14,f2,2
2021-11-01,289.0712967519603,234,lstm_corr_top1_era5_rand14,f2,2
2021-12-01,361.35311643062516,234,lstm_corr_top1_era5_rand14,f2,2
2022-01-01,307.0713984981131,234,lstm_corr_top1_era5_rand14,f2,2
2022-02-01,275.08485016677963,234,lstm_corr_top1_era5_rand14,f2,2
2022-03-01,475.03360929772606,234,lstm_corr_top1_era5_rand14,f2,2
2022-04-01,354.0757646131712,234,lstm_corr_top1_era5_rand14,f2,2
2022-05-01,336.4673680329727,234,lstm_corr_top1_era5_rand14,f2,2
2021-01-01,246.3025320495142,234,lstm_corr_top1_rand15,f2,2
2021-02-01,346.0360642378142,234,lstm_corr_top1_rand15,f2,2
2021-03-01,247.11772892041222,234,lstm_corr_top1_rand15,f2,2
2021-04-01,262.70414384664247,234,lstm_corr_top1_rand15,f2,2
2021-05-01,270.1977692616121,234,lstm_corr_top1_rand15,f2,2
2021-06-01,163.10339652453223,234,lstm_corr_top1_rand15,f2,2
2021-07-01,269.69146048896494,234,lstm_corr_top1_rand15,f2,2
2021-08-01,235.4349861893966,234,lstm_corr_top1_rand15,f2,2
2021-09-01,321.31731130186415,234,lstm_corr_top1_rand15,f2,2
2021-10-01,248.13777040671587,234,lstm_corr_top1_rand15,f2,2
2021-11-01,315.5600489091977,234,lstm_corr_top1_rand15,f2,2
2021-12-01,378.86000062526136,234,lstm_corr_top1_rand15,f2,2
2022-01-01,347.53876499580645,234,lstm_corr_top1_rand15,f2,2
2022-02-01,285.13228131403775,234,lstm_corr_top1_rand15,f2,2
2022-03-01,491.1573619622738,234,lstm_corr_top1_rand15,f2,2
2022-04-01,363.57542228881226,234,lstm_corr_top1_rand15,f2,2
2022-05-01,343.3332423177932,234,lstm_corr_top1_rand15,f2,2
2021-01-01,225.6883548381139,234,lstm_corr_top1_era5_rand15,f2,2
2021-02-01,327.23257965132757,234,lstm_corr_top1_era5_rand15,f2,2
2021-03-01,223.70555776976735,234,lstm_corr_top1_era5_rand15,f2,2
2021-04-01,232.8662451674631,234,lstm_corr_top1_era5_rand15,f2,2
2021-05-01,262.3947161911145,234,lstm_corr_top1_era5_rand15,f2,2
2021-06-01,150.08591761187597,234,lstm_corr_top1_era5_rand15,f2,2
2021-07-01,268.21593978241003,234,lstm_corr_top1_era5_rand15,f2,2
2021-08-01,232.68674530864263,234,lstm_corr_top1_era5_rand15,f2,2
2021-09-01,322.48880403441706,234,lstm_corr_top1_era5_rand15,f2,2
2021-10-01,235.64845962680525,234,lstm_corr_top1_era5_rand15,f2,2
2021-11-01,287.88816482253105,234,lstm_corr_top1_era5_rand15,f2,2
2021-12-01,348.9589397455668,234,lstm_corr_top1_era5_rand15,f2,2
2022-01-01,301.27881645961236,234,lstm_corr_top1_era5_rand15,f2,2
2022-02-01,267.32247753915766,234,lstm_corr_top1_era5_rand15,f2,2
2022-03-01,474.0610246420376,234,lstm_corr_top1_era5_rand15,f2,2
2022-04-01,350.837695420666,234,lstm_corr_top1_era5_rand15,f2,2
2022-05-01,330.4728566354344,234,lstm_corr_top1_era5_rand15,f2,2
2021-01-01,241.640761855791,234,lstm_corr_top1_rand16,f2,2
2021-02-01,346.4591727433019,234,lstm_corr_top1_rand16,f2,2
2021-03-01,246.23587693150748,234,lstm_corr_top1_rand16,f2,2
2021-04-01,258.35588992164037,234,lstm_corr_top1_rand16,f2,2
2021-05-01,259.15154567313414,234,lstm_corr_top1_rand16,f2,2
2021-06-01,156.66918727577038,234,lstm_corr_top1_rand16,f2,2
2021-07-01,273.37723674902793,234,lstm_corr_top1_rand16,f2,2
2021-08-01,236.1319135627872,234,lstm_corr_top1_rand16,f2,2
2021-09-01,316.967385178408,234,lstm_corr_top1_rand16,f2,2
2021-10-01,241.95303705426028,234,lstm_corr_top1_rand16,f2,2
2021-11-01,308.2136399641499,234,lstm_corr_top1_rand16,f2,2
2021-12-01,371.77026072992265,234,lstm_corr_top1_rand16,f2,2
2022-01-01,340.14161374962623,234,lstm_corr_top1_rand16,f2,2
2022-02-01,275.0760794268236,234,lstm_corr_top1_rand16,f2,2
2022-03-01,477.8180599779454,234,lstm_corr_top1_rand16,f2,2
2022-04-01,352.96233318170295,234,lstm_corr_top1_rand16,f2,2
2022-05-01,329.00691175249693,234,lstm_corr_top1_rand16,f2,2
2021-01-01,234.51235911674596,234,lstm_corr_top1_era5_rand16,f2,2
2021-02-01,332.6074035581235,234,lstm_corr_top1_era5_rand16,f2,2
2021-03-01,222.4110525444852,234,lstm_corr_top1_era5_rand16,f2,2
2021-04-01,234.58001474367123,234,lstm_corr_top1_era5_rand16,f2,2
2021-05-01,258.70687338248035,234,lstm_corr_top1_era5_rand16,f2,2
2021-06-01,150.65543122859245,234,lstm_corr_top1_era5_rand16,f2,2
2021-07-01,271.8365500027099,234,lstm_corr_top1_era5_rand16,f2,2
2021-08-01,232.61081865012136,234,lstm_corr_top1_era5_rand16,f2,2
2021-09-01,323.3868944049809,234,lstm_corr_top1_era5_rand16,f2,2
2021-10-01,234.6760647797618,234,lstm_corr_top1_era5_rand16,f2,2
2021-11-01,288.30552794426734,234,lstm_corr_top1_era5_rand16,f2,2
2021-12-01,360.48977375662275,234,lstm_corr_top1_era5_rand16,f2,2
2022-01-01,306.29967736419127,234,lstm_corr_top1_era5_rand16,f2,2
2022-02-01,276.89886678028483,234,lstm_corr_top1_era5_rand16,f2,2
2022-03-01,468.9031634683071,234,lstm_corr_top1_era5_rand16,f2,2
2022-04-01,348.49483840029546,234,lstm_corr_top1_era5_rand16,f2,2
2022-05-01,338.7746379970817,234,lstm_corr_top1_era5_rand16,f2,2
2021-01-01,240.4071147853461,234,lstm_corr_top1_rand17,f2,2
2021-02-01,346.36646321374195,234,lstm_corr_top1_rand17,f2,2
2021-03-01,245.7877982536445,234,lstm_corr_top1_rand17,f2,2
2021-04-01,259.1372323702912,234,lstm_corr_top1_rand17,f2,2
2021-05-01,260.28106747038225,234,lstm_corr_top1_rand17,f2,2
2021-06-01,155.62025059306754,234,lstm_corr_top1_rand17,f2,2
2021-07-01,268.6627583679389,234,lstm_corr_top1_rand17,f2,2
2021-08-01,231.85603626531542,234,lstm_corr_top1_rand17,f2,2
2021-09-01,315.90789032359584,234,lstm_corr_top1_rand17,f2,2
2021-10-01,238.76673159494317,234,lstm_corr_top1_rand17,f2,2
2021-11-01,307.46725556109374,234,lstm_corr_top1_rand17,f2,2
2021-12-01,370.661347749743,234,lstm_corr_top1_rand17,f2,2
2022-01-01,339.27819368573756,234,lstm_corr_top1_rand17,f2,2
2022-02-01,271.99317838885145,234,lstm_corr_top1_rand17,f2,2
2022-03-01,477.285938435342,234,lstm_corr_top1_rand17,f2,2
2022-04-01,352.6382724506606,234,lstm_corr_top1_rand17,f2,2
2022-05-01,326.30774527174304,234,lstm_corr_top1_rand17,f2,2
2021-01-01,226.97686911401325,234,lstm_corr_top1_era5_rand17,f2,2
2021-02-01,330.1125608309009,234,lstm_corr_top1_era5_rand17,f2,2
2021-03-01,230.1213182160482,234,lstm_corr_top1_era5_rand17,f2,2
2021-04-01,240.63564531088255,234,lstm_corr_top1_era5_rand17,f2,2
2021-05-01,264.6593300285222,234,lstm_corr_top1_era5_rand17,f2,2
2021-06-01,151.72272518284075,234,lstm_corr_top1_era5_rand17,f2,2
2021-07-01,272.39284078969473,234,lstm_corr_top1_era5_rand17,f2,2
2021-08-01,231.77827288503232,234,lstm_corr_top1_era5_rand17,f2,2
2021-09-01,328.0633264406087,234,lstm_corr_top1_era5_rand17,f2,2
2021-10-01,238.80942637578693,234,lstm_corr_top1_era5_rand17,f2,2
2021-11-01,287.6136263154217,234,lstm_corr_top1_era5_rand17,f2,2
2021-12-01,355.21548204696984,234,lstm_corr_top1_era5_rand17,f2,2
2022-01-01,305.4097156790479,234,lstm_corr_top1_era5_rand17,f2,2
2022-02-01,271.102876626628,234,lstm_corr_top1_era5_rand17,f2,2
2022-03-01,477.0154593932972,234,lstm_corr_top1_era5_rand17,f2,2
2022-04-01,361.1013239042999,234,lstm_corr_top1_era5_rand17,f2,2
2022-05-01,332.0567352270625,234,lstm_corr_top1_era5_rand17,f2,2
2021-01-01,243.6269716131187,234,lstm_corr_top1_rand18,f2,2
2021-02-01,345.4947149225078,234,lstm_corr_top1_rand18,f2,2
2021-03-01,246.14087364158615,234,lstm_corr_top1_rand18,f2,2
2021-04-01,260.2394312005621,234,lstm_corr_top1_rand18,f2,2
2021-05-01,265.8336768668064,234,lstm_corr_top1_rand18,f2,2
2021-06-01,162.6655449019848,234,lstm_corr_top1_rand18,f2,2
2021-07-01,273.4551608724027,234,lstm_corr_top1_rand18,f2,2
2021-08-01,237.39771752213125,234,lstm_corr_top1_rand18,f2,2
2021-09-01,320.98221206547476,234,lstm_corr_top1_rand18,f2,2
2021-10-01,246.30536631047752,234,lstm_corr_top1_rand18,f2,2
2021-11-01,315.1811963572299,234,lstm_corr_top1_rand18,f2,2
2021-12-01,377.4531194020994,234,lstm_corr_top1_rand18,f2,2
2022-01-01,346.44361326388446,234,lstm_corr_top1_rand18,f2,2
2022-02-01,279.3226989407111,234,lstm_corr_top1_rand18,f2,2
2022-03-01,486.4272572739686,234,lstm_corr_top1_rand18,f2,2
2022-04-01,360.7650342697344,234,lstm_corr_top1_rand18,f2,2
2022-05-01,336.6819963536646,234,lstm_corr_top1_rand18,f2,2
2021-01-01,227.95296329098247,234,lstm_corr_top1_era5_rand18,f2,2
2021-02-01,330.85276379300126,234,lstm_corr_top1_era5_rand18,f2,2
2021-03-01,226.76396963361194,234,lstm_corr_top1_era5_rand18,f2,2
2021-04-01,234.4059720022055,234,lstm_corr_top1_era5_rand18,f2,2
2021-05-01,261.21379690065277,234,lstm_corr_top1_era5_rand18,f2,2
2021-06-01,151.17470792419334,234,lstm_corr_top1_era5_rand18,f2,2
2021-07-01,271.3082177865548,234,lstm_corr_top1_era5_rand18,f2,2
2021-08-01,232.0475395414771,234,lstm_corr_top1_era5_rand18,f2,2
2021-09-01,333.16078541080185,234,lstm_corr_top1_era5_rand18,f2,2
2021-10-01,241.0245026737577,234,lstm_corr_top1_era5_rand18,f2,2
2021-11-01,285.402693595481,234,lstm_corr_top1_era5_rand18,f2,2
2021-12-01,356.4012917479571,234,lstm_corr_top1_era5_rand18,f2,2
2022-01-01,306.92208147513935,234,lstm_corr_top1_era5_rand18,f2,2
2022-02-01,274.2740056576735,234,lstm_corr_top1_era5_rand18,f2,2
2022-03-01,475.8861967010305,234,lstm_corr_top1_era5_rand18,f2,2
2022-04-01,358.64768379542073,234,lstm_corr_top1_era5_rand18,f2,2
2022-05-01,333.8230846206906,234,lstm_corr_top1_era5_rand18,f2,2
2021-01-01,243.89041007124254,234,lstm_corr_top1_rand19,f2,2
2021-02-01,342.74190087447295,234,lstm_corr_top1_rand19,f2,2
2021-03-01,247.50647740412077,234,lstm_corr_top1_rand19,f2,2
2021-04-01,262.34373669452884,234,lstm_corr_top1_rand19,f2,2
2021-05-01,267.7044317615368,234,lstm_corr_top1_rand19,f2,2
2021-06-01,163.22627632322624,234,lstm_corr_top1_rand19,f2,2
2021-07-01,268.2318791654339,234,lstm_corr_top1_rand19,f2,2
2021-08-01,235.91238260320608,234,lstm_corr_top1_rand19,f2,2
2021-09-01,321.10636367137295,234,lstm_corr_top1_rand19,f2,2
2021-10-01,247.9867578057128,234,lstm_corr_top1_rand19,f2,2
2021-11-01,315.0780449235541,234,lstm_corr_top1_rand19,f2,2
2021-12-01,374.4943724355362,234,lstm_corr_top1_rand19,f2,2
2022-01-01,342.63686217734937,234,lstm_corr_top1_rand19,f2,2
2022-02-01,284.5172083559703,234,lstm_corr_top1_rand19,f2,2
2022-03-01,490.03763024669945,234,lstm_corr_top1_rand19,f2,2
2022-04-01,362.40129886715613,234,lstm_corr_top1_rand19,f2,2
2022-05-01,339.55055541979186,234,lstm_corr_top1_rand19,f2,2
2021-01-01,224.4264444486848,234,lstm_corr_top1_era5_rand19,f2,2
2021-02-01,329.7642226865042,234,lstm_corr_top1_era5_rand19,f2,2
2021-03-01,220.50009774261724,234,lstm_corr_top1_era5_rand19,f2,2
2021-04-01,231.92982316657063,234,lstm_corr_top1_era5_rand19,f2,2
2021-05-01,259.26372058701406,234,lstm_corr_top1_era5_rand19,f2,2
2021-06-01,150.4591764982913,234,lstm_corr_top1_era5_rand19,f2,2
2021-07-01,268.60805354653024,234,lstm_corr_top1_era5_rand19,f2,2
2021-08-01,229.53689404422983,234,lstm_corr_top1_era5_rand19,f2,2
2021-09-01,321.8819454892502,234,lstm_corr_top1_era5_rand19,f2,2
2021-10-01,237.95374160637112,234,lstm_corr_top1_era5_rand19,f2,2
2021-11-01,287.1772528764234,234,lstm_corr_top1_era5_rand19,f2,2
2021-12-01,356.1911678157868,234,lstm_corr_top1_era5_rand19,f2,2
2022-01-01,303.02960255470396,234,lstm_corr_top1_era5_rand19,f2,2
2022-02-01,269.22927232360416,234,lstm_corr_top1_era5_rand19,f2,2
2022-03-01,471.1801607640933,234,lstm_corr_top1_era5_rand19,f2,2
2022-04-01,352.8500919194338,234,lstm_corr_top1_era5_rand19,f2,2
2022-05-01,332.88718556023304,234,lstm_corr_top1_era5_rand19,f2,2
2021-02-01,387.81708250761557,234,lstm_corr_top1_rand0,f2,3
2021-03-01,290.5101433007205,234,lstm_corr_top1_rand0,f2,3
2021-04-01,271.6863026904037,234,lstm_corr_top1_rand0,f2,3
2021-05-01,303.25555139938535,234,lstm_corr_top1_rand0,f2,3
2021-06-01,182.79385114626155,234,lstm_corr_top1_rand0,f2,3
2021-07-01,287.6915612979853,234,lstm_corr_top1_rand0,f2,3
2021-08-01,254.83567963320394,234,lstm_corr_top1_rand0,f2,3
2021-09-01,378.18269296316606,234,lstm_corr_top1_rand0,f2,3
2021-10-01,300.28002666665515,234,lstm_corr_top1_rand0,f2,3
2021-11-01,313.30287162958086,234,lstm_corr_top1_rand0,f2,3
2021-12-01,465.86452510338194,234,lstm_corr_top1_rand0,f2,3
2022-01-01,407.40542649245253,234,lstm_corr_top1_rand0,f2,3
2022-02-01,344.73782258927406,234,lstm_corr_top1_rand0,f2,3
2022-03-01,524.0246239302454,234,lstm_corr_top1_rand0,f2,3
2022-04-01,413.4367173912509,234,lstm_corr_top1_rand0,f2,3
2022-05-01,369.5480477987593,234,lstm_corr_top1_rand0,f2,3
2022-06-01,298.16399322754586,234,lstm_corr_top1_rand0,f2,3
2021-02-01,383.1905604444397,234,lstm_corr_top1_era5_rand0,f2,3
2021-03-01,286.94518397048296,234,lstm_corr_top1_era5_rand0,f2,3
2021-04-01,263.66056254874843,234,lstm_corr_top1_era5_rand0,f2,3
2021-05-01,284.16631568611933,234,lstm_corr_top1_era5_rand0,f2,3
2021-06-01,177.048595412642,234,lstm_corr_top1_era5_rand0,f2,3
2021-07-01,293.61098475092626,234,lstm_corr_top1_era5_rand0,f2,3
2021-08-01,260.3176288089308,234,lstm_corr_top1_era5_rand0,f2,3
2021-09-01,376.1529678981182,234,lstm_corr_top1_era5_rand0,f2,3
2021-10-01,283.56280817112196,234,lstm_corr_top1_era5_rand0,f2,3
2021-11-01,300.0084507802673,234,lstm_corr_top1_era5_rand0,f2,3
2021-12-01,433.036427290451,234,lstm_corr_top1_era5_rand0,f2,3
2022-01-01,390.50654985426587,234,lstm_corr_top1_era5_rand0,f2,3
2022-02-01,317.63891298516467,234,lstm_corr_top1_era5_rand0,f2,3
2022-03-01,521.6380243718465,234,lstm_corr_top1_era5_rand0,f2,3
2022-04-01,410.7579078110561,234,lstm_corr_top1_era5_rand0,f2,3
2022-05-01,371.231672427872,234,lstm_corr_top1_era5_rand0,f2,3
2022-06-01,299.0736468199273,234,lstm_corr_top1_era5_rand0,f2,3
2021-02-01,387.3087455148671,234,lstm_corr_top1_rand1,f2,3
2021-03-01,292.6179101678826,234,lstm_corr_top1_rand1,f2,3
2021-04-01,276.44658577966084,234,lstm_corr_top1_rand1,f2,3
2021-05-01,311.1214908402567,234,lstm_corr_top1_rand1,f2,3
2021-06-01,185.45508431906276,234,lstm_corr_top1_rand1,f2,3
2021-07-01,293.6156248289321,234,lstm_corr_top1_rand1,f2,3
2021-08-01,258.5653695779225,234,lstm_corr_top1_rand1,f2,3
2021-09-01,377.5255167260026,234,lstm_corr_top1_rand1,f2,3
2021-10-01,307.5028997500903,234,lstm_corr_top1_rand1,f2,3
2021-11-01,319.4140619192927,234,lstm_corr_top1_rand1,f2,3
2021-12-01,479.0393126394086,234,lstm_corr_top1_rand1,f2,3
2022-01-01,409.94242685672265,234,lstm_corr_top1_rand1,f2,3
2022-02-01,353.67292497894726,234,lstm_corr_top1_rand1,f2,3
2022-03-01,524.383382224038,234,lstm_corr_top1_rand1,f2,3
2022-04-01,421.7971669393149,234,lstm_corr_top1_rand1,f2,3
2022-05-01,376.11462062005586,234,lstm_corr_top1_rand1,f2,3
2022-06-01,307.7180766985026,234,lstm_corr_top1_rand1,f2,3
2021-02-01,380.3290433762129,234,lstm_corr_top1_era5_rand1,f2,3
2021-03-01,285.9517705747256,234,lstm_corr_top1_era5_rand1,f2,3
2021-04-01,260.5711881184639,234,lstm_corr_top1_era5_rand1,f2,3
2021-05-01,287.011311167995,234,lstm_corr_top1_era5_rand1,f2,3
2021-06-01,177.1142645258467,234,lstm_corr_top1_era5_rand1,f2,3
2021-07-01,295.2396317811036,234,lstm_corr_top1_era5_rand1,f2,3
2021-08-01,260.7704694729508,234,lstm_corr_top1_era5_rand1,f2,3
2021-09-01,384.95009295750043,234,lstm_corr_top1_era5_rand1,f2,3
2021-10-01,291.67240390081355,234,lstm_corr_top1_era5_rand1,f2,3
2021-11-01,308.9069494003741,234,lstm_corr_top1_era5_rand1,f2,3
2021-12-01,435.73609140981773,234,lstm_corr_top1_era5_rand1,f2,3
2022-01-01,388.8420636113657,234,lstm_corr_top1_era5_rand1,f2,3
2022-02-01,315.8848616115743,234,lstm_corr_top1_era5_rand1,f2,3
2022-03-01,524.0111326818529,234,lstm_corr_top1_era5_rand1,f2,3
2022-04-01,408.17731880987117,234,lstm_corr_top1_era5_rand1,f2,3
2022-05-01,375.2806782867707,234,lstm_corr_top1_era5_rand1,f2,3
2022-06-01,297.953122665602,234,lstm_corr_top1_era5_rand1,f2,3
2021-02-01,389.7625189075135,234,lstm_corr_top1_rand2,f2,3
2021-03-01,293.6421949173206,234,lstm_corr_top1_rand2,f2,3
2021-04-01,268.15115637510877,234,lstm_corr_top1_rand2,f2,3
2021-05-01,304.91889151581245,234,lstm_corr_top1_rand2,f2,3
2021-06-01,184.14630852903645,234,lstm_corr_top1_rand2,f2,3
2021-07-01,290.82358270577447,234,lstm_corr_top1_rand2,f2,3
2021-08-01,255.27463996292724,234,lstm_corr_top1_rand2,f2,3
2021-09-01,372.6587677508469,234,lstm_corr_top1_rand2,f2,3
2021-10-01,295.60054913234734,234,lstm_corr_top1_rand2,f2,3
2021-11-01,311.25065883240137,234,lstm_corr_top1_rand2,f2,3
2021-12-01,467.3902832719697,234,lstm_corr_top1_rand2,f2,3
2022-01-01,412.7980773807841,234,lstm_corr_top1_rand2,f2,3
2022-02-01,356.9653600585009,234,lstm_corr_top1_rand2,f2,3
2022-03-01,530.2769629194411,234,lstm_corr_top1_rand2,f2,3
2022-04-01,422.84527907338,234,lstm_corr_top1_rand2,f2,3
2022-05-01,384.054517316919,234,lstm_corr_top1_rand2,f2,3
2022-06-01,306.03561923255836,234,lstm_corr_top1_rand2,f2,3
2021-02-01,383.66205170485443,234,lstm_corr_top1_era5_rand2,f2,3
2021-03-01,286.80149850329263,234,lstm_corr_top1_era5_rand2,f2,3
2021-04-01,261.79343640093987,234,lstm_corr_top1_era5_rand2,f2,3
2021-05-01,289.8216358789487,234,lstm_corr_top1_era5_rand2,f2,3
2021-06-01,177.48307189265952,234,lstm_corr_top1_era5_rand2,f2,3
2021-07-01,303.6034279243606,234,lstm_corr_top1_era5_rand2,f2,3
2021-08-01,263.65399207735646,234,lstm_corr_top1_era5_rand2,f2,3
2021-09-01,384.9984622704938,234,lstm_corr_top1_era5_rand2,f2,3
2021-10-01,285.5764464978189,234,lstm_corr_top1_era5_rand2,f2,3
2021-11-01,307.69580379449116,234,lstm_corr_top1_era5_rand2,f2,3
2021-12-01,440.36876194829296,234,lstm_corr_top1_era5_rand2,f2,3
2022-01-01,398.86178417292825,234,lstm_corr_top1_era5_rand2,f2,3
2022-02-01,319.6586375514743,234,lstm_corr_top1_era5_rand2,f2,3
2022-03-01,530.1247701578551,234,lstm_corr_top1_era5_rand2,f2,3
2022-04-01,419.3160531678123,234,lstm_corr_top1_era5_rand2,f2,3
2022-05-01,379.5753823627703,234,lstm_corr_top1_era5_rand2,f2,3
2022-06-01,301.44400773513354,234,lstm_corr_top1_era5_rand2,f2,3
2021-02-01,387.3613630870757,234,lstm_corr_top1_rand3,f2,3
2021-03-01,291.4479715498951,234,lstm_corr_top1_rand3,f2,3
2021-04-01,274.0915236313931,234,lstm_corr_top1_rand3,f2,3
2021-05-01,309.28026722617636,234,lstm_corr_top1_rand3,f2,3
2021-06-01,187.6460327720388,234,lstm_corr_top1_rand3,f2,3
2021-07-01,294.03792710875854,234,lstm_corr_top1_rand3,f2,3
2021-08-01,258.1171319363868,234,lstm_corr_top1_rand3,f2,3
2021-09-01,378.7642968824522,234,lstm_corr_top1_rand3,f2,3
2021-10-01,308.31394100588506,234,lstm_corr_top1_rand3,f2,3
2021-11-01,320.65944009588577,234,lstm_corr_top1_rand3,f2,3
2021-12-01,475.1242705734817,234,lstm_corr_top1_rand3,f2,3
2022-01-01,411.06244513058283,234,lstm_corr_top1_rand3,f2,3
2022-02-01,357.57340938015767,234,lstm_corr_top1_rand3,f2,3
2022-03-01,534.1911454760871,234,lstm_corr_top1_rand3,f2,3
2022-04-01,425.3398365325657,234,lstm_corr_top1_rand3,f2,3
2022-05-01,385.972821476554,234,lstm_corr_top1_rand3,f2,3
2022-06-01,309.0010790149343,234,lstm_corr_top1_rand3,f2,3
2021-02-01,373.9650844298754,234,lstm_corr_top1_era5_rand3,f2,3
2021-03-01,283.5530002808675,234,lstm_corr_top1_era5_rand3,f2,3
2021-04-01,264.4989647484081,234,lstm_corr_top1_era5_rand3,f2,3
2021-05-01,283.72157594394525,234,lstm_corr_top1_era5_rand3,f2,3
2021-06-01,173.90934776524603,234,lstm_corr_top1_era5_rand3,f2,3
2021-07-01,298.89168360566913,234,lstm_corr_top1_era5_rand3,f2,3
2021-08-01,257.8262629361559,234,lstm_corr_top1_era5_rand3,f2,3
2021-09-01,383.316492963558,234,lstm_corr_top1_era5_rand3,f2,3
2021-10-01,294.8850667616835,234,lstm_corr_top1_era5_rand3,f2,3
2021-11-01,300.93586006754344,234,lstm_corr_top1_era5_rand3,f2,3
2021-12-01,430.29125782382084,234,lstm_corr_top1_era5_rand3,f2,3
2022-01-01,389.4807746168179,234,lstm_corr_top1_era5_rand3,f2,3
2022-02-01,315.9808219565836,234,lstm_corr_top1_era5_rand3,f2,3
2022-03-01,525.0540325108288,234,lstm_corr_top1_era5_rand3,f2,3
2022-04-01,407.4285615679831,234,lstm_corr_top1_era5_rand3,f2,3
2022-05-01,371.93490464137085,234,lstm_corr_top1_era5_rand3,f2,3
2022-06-01,295.47838188678185,234,lstm_corr_top1_era5_rand3,f2,3
2021-02-01,386.6693153472314,234,lstm_corr_top1_rand4,f2,3
2021-03-01,294.1349696655116,234,lstm_corr_top1_rand4,f2,3
2021-04-01,276.3287265843997,234,lstm_corr_top1_rand4,f2,3
2021-05-01,309.0941096907687,234,lstm_corr_top1_rand4,f2,3
2021-06-01,189.2339859569065,234,lstm_corr_top1_rand4,f2,3
2021-07-01,290.6470295502375,234,lstm_corr_top1_rand4,f2,3
2021-08-01,254.8063174945337,234,lstm_corr_top1_rand4,f2,3
2021-09-01,377.4764136012785,234,lstm_corr_top1_rand4,f2,3
2021-10-01,303.2776810370812,234,lstm_corr_top1_rand4,f2,3
2021-11-01,315.760356753918,234,lstm_corr_top1_rand4,f2,3
2021-12-01,470.14394252171525,234,lstm_corr_top1_rand4,f2,3
2022-01-01,406.683814278861,234,lstm_corr_top1_rand4,f2,3
2022-02-01,355.17225534842026,234,lstm_corr_top1_rand4,f2,3
2022-03-01,534.9426482380788,234,lstm_corr_top1_rand4,f2,3
2022-04-01,423.66323185785126,234,lstm_corr_top1_rand4,f2,3
2022-05-01,380.478550775396,234,lstm_corr_top1_rand4,f2,3
2022-06-01,308.3754435603017,234,lstm_corr_top1_rand4,f2,3
2021-02-01,383.7265850257785,234,lstm_corr_top1_era5_rand4,f2,3
2021-03-01,284.7301919373836,234,lstm_corr_top1_era5_rand4,f2,3
2021-04-01,265.514306848821,234,lstm_corr_top1_era5_rand4,f2,3
2021-05-01,291.4416795810069,234,lstm_corr_top1_era5_rand4,f2,3
2021-06-01,176.03463743691168,234,lstm_corr_top1_era5_rand4,f2,3
2021-07-01,295.1742772008094,234,lstm_corr_top1_era5_rand4,f2,3
2021-08-01,260.8110247469266,234,lstm_corr_top1_era5_rand4,f2,3
2021-09-01,381.5192738456357,234,lstm_corr_top1_era5_rand4,f2,3
2021-10-01,291.85191474576334,234,lstm_corr_top1_era5_rand4,f2,3
2021-11-01,310.9869233609742,234,lstm_corr_top1_era5_rand4,f2,3
2021-12-01,432.87180422516536,234,lstm_corr_top1_era5_rand4,f2,3
2022-01-01,391.3711362252208,234,lstm_corr_top1_era5_rand4,f2,3
2022-02-01,318.33338026275686,234,lstm_corr_top1_era5_rand4,f2,3
2022-03-01,527.830093030148,234,lstm_corr_top1_era5_rand4,f2,3
2022-04-01,413.4681266426608,234,lstm_corr_top1_era5_rand4,f2,3
2022-05-01,375.7173004981859,234,lstm_corr_top1_era5_rand4,f2,3
2022-06-01,296.1524465288951,234,lstm_corr_top1_era5_rand4,f2,3
2021-02-01,391.11556373587666,234,lstm_corr_top1_rand5,f2,3
2021-03-01,293.1811813664328,234,lstm_corr_top1_rand5,f2,3
2021-04-01,273.4453543777545,234,lstm_corr_top1_rand5,f2,3
2021-05-01,304.3608648841584,234,lstm_corr_top1_rand5,f2,3
2021-06-01,185.50666341146356,234,lstm_corr_top1_rand5,f2,3
2021-07-01,290.88881146524665,234,lstm_corr_top1_rand5,f2,3
2021-08-01,257.28547476860496,234,lstm_corr_top1_rand5,f2,3
2021-09-01,378.7523966164743,234,lstm_corr_top1_rand5,f2,3
2021-10-01,301.50581453071317,234,lstm_corr_top1_rand5,f2,3
2021-11-01,314.0538113361684,234,lstm_corr_top1_rand5,f2,3
2021-12-01,464.95271625131693,234,lstm_corr_top1_rand5,f2,3
2022-01-01,407.8411516664749,234,lstm_corr_top1_rand5,f2,3
2022-02-01,349.9319943829904,234,lstm_corr_top1_rand5,f2,3
2022-03-01,529.5725220095048,234,lstm_corr_top1_rand5,f2,3
2022-04-01,418.48554814971993,234,lstm_corr_top1_rand5,f2,3
2022-05-01,373.4454615049825,234,lstm_corr_top1_rand5,f2,3
2022-06-01,301.5622880886768,234,lstm_corr_top1_rand5,f2,3
2021-02-01,386.3307760992238,234,lstm_corr_top1_era5_rand5,f2,3
2021-03-01,283.8169991299886,234,lstm_corr_top1_era5_rand5,f2,3
2021-04-01,259.5489093560896,234,lstm_corr_top1_era5_rand5,f2,3
2021-05-01,283.2212733892225,234,lstm_corr_top1_era5_rand5,f2,3
2021-06-01,175.94020824008177,234,lstm_corr_top1_era5_rand5,f2,3
2021-07-01,293.4303908394124,234,lstm_corr_top1_era5_rand5,f2,3
2021-08-01,259.20588801460275,234,lstm_corr_top1_era5_rand5,f2,3
2021-09-01,383.2836373634354,234,lstm_corr_top1_era5_rand5,f2,3
2021-10-01,278.7740854193145,234,lstm_corr_top1_era5_rand5,f2,3
2021-11-01,304.211807436012,234,lstm_corr_top1_era5_rand5,f2,3
2021-12-01,425.9333404225802,234,lstm_corr_top1_era5_rand5,f2,3
2022-01-01,392.4231807024186,234,lstm_corr_top1_era5_rand5,f2,3
2022-02-01,308.3018396867244,234,lstm_corr_top1_era5_rand5,f2,3
2022-03-01,515.2493390313241,234,lstm_corr_top1_era5_rand5,f2,3
2022-04-01,402.3812454234275,234,lstm_corr_top1_era5_rand5,f2,3
2022-05-01,374.2865752625527,234,lstm_corr_top1_era5_rand5,f2,3
2022-06-01,297.27219124998925,234,lstm_corr_top1_era5_rand5,f2,3
2021-02-01,390.4380090388817,234,lstm_corr_top1_rand6,f2,3
2021-03-01,292.54670792174466,234,lstm_corr_top1_rand6,f2,3
2021-04-01,274.7347935819452,234,lstm_corr_top1_rand6,f2,3
2021-05-01,308.2888752406976,234,lstm_corr_top1_rand6,f2,3
2021-06-01,186.60496706646202,234,lstm_corr_top1_rand6,f2,3
2021-07-01,292.05281244268974,234,lstm_corr_top1_rand6,f2,3
2021-08-01,257.03345154814923,234,lstm_corr_top1_rand6,f2,3
2021-09-01,377.44282204701,234,lstm_corr_top1_rand6,f2,3
2021-10-01,303.94862436273513,234,lstm_corr_top1_rand6,f2,3
2021-11-01,317.86238937309724,234,lstm_corr_top1_rand6,f2,3
2021-12-01,466.3530282161382,234,lstm_corr_top1_rand6,f2,3
2022-01-01,405.732729054626,234,lstm_corr_top1_rand6,f2,3
2022-02-01,346.52334639819884,234,lstm_corr_top1_rand6,f2,3
2022-03-01,524.4639318303125,234,lstm_corr_top1_rand6,f2,3
2022-04-01,418.55052815996953,234,lstm_corr_top1_rand6,f2,3
2022-05-01,374.2668660103207,234,lstm_corr_top1_rand6,f2,3
2022-06-01,305.6307309142872,234,lstm_corr_top1_rand6,f2,3
2021-02-01,390.85470110553797,234,lstm_corr_top1_era5_rand6,f2,3
2021-03-01,287.515395036819,234,lstm_corr_top1_era5_rand6,f2,3
2021-04-01,265.9637936255602,234,lstm_corr_top1_era5_rand6,f2,3
2021-05-01,289.6654730410775,234,lstm_corr_top1_era5_rand6,f2,3
2021-06-01,178.50210688121086,234,lstm_corr_top1_era5_rand6,f2,3
2021-07-01,297.83992644870517,234,lstm_corr_top1_era5_rand6,f2,3
2021-08-01,259.3602106148391,234,lstm_corr_top1_era5_rand6,f2,3
2021-09-01,384.3660337807052,234,lstm_corr_top1_era5_rand6,f2,3
2021-10-01,288.74042688446207,234,lstm_corr_top1_era5_rand6,f2,3
2021-11-01,307.3996051481164,234,lstm_corr_top1_era5_rand6,f2,3
2021-12-01,434.87995774287253,234,lstm_corr_top1_era5_rand6,f2,3
2022-01-01,393.07052251679653,234,lstm_corr_top1_era5_rand6,f2,3
2022-02-01,315.3169620884266,234,lstm_corr_top1_era5_rand6,f2,3
2022-03-01,527.5803670918668,234,lstm_corr_top1_era5_rand6,f2,3
2022-04-01,416.04282324098966,234,lstm_corr_top1_era5_rand6,f2,3
2022-05-01,372.01869519668116,234,lstm_corr_top1_era5_rand6,f2,3
2022-06-01,299.2124903664923,234,lstm_corr_top1_era5_rand6,f2,3
2021-02-01,389.54475024884994,234,lstm_corr_top1_rand7,f2,3
2021-03-01,292.7169841605032,234,lstm_corr_top1_rand7,f2,3
2021-04-01,275.35172022150675,234,lstm_corr_top1_rand7,f2,3
2021-05-01,309.3108372365656,234,lstm_corr_top1_rand7,f2,3
2021-06-01,185.24831239534794,234,lstm_corr_top1_rand7,f2,3
2021-07-01,291.4149322776631,234,lstm_corr_top1_rand7,f2,3
2021-08-01,257.6208631158774,234,lstm_corr_top1_rand7,f2,3
2021-09-01,377.9982212841926,234,lstm_corr_top1_rand7,f2,3
2021-10-01,304.46731833955414,234,lstm_corr_top1_rand7,f2,3
2021-11-01,318.84400391610933,234,lstm_corr_top1_rand7,f2,3
2021-12-01,474.75039648042593,234,lstm_corr_top1_rand7,f2,3
2022-01-01,412.0414262908142,234,lstm_corr_top1_rand7,f2,3
2022-02-01,350.9997078007151,234,lstm_corr_top1_rand7,f2,3
2022-03-01,533.2086984159567,234,lstm_corr_top1_rand7,f2,3
2022-04-01,423.30772807411654,234,lstm_corr_top1_rand7,f2,3
2022-05-01,376.4150329701139,234,lstm_corr_top1_rand7,f2,3
2022-06-01,301.71973903067897,234,lstm_corr_top1_rand7,f2,3
2021-02-01,382.4488218266814,234,lstm_corr_top1_era5_rand7,f2,3
2021-03-01,284.38044304527034,234,lstm_corr_top1_era5_rand7,f2,3
2021-04-01,265.92277091862775,234,lstm_corr_top1_era5_rand7,f2,3
2021-05-01,293.8677199131604,234,lstm_corr_top1_era5_rand7,f2,3
2021-06-01,184.22092403351866,234,lstm_corr_top1_era5_rand7,f2,3
2021-07-01,297.88690815166785,234,lstm_corr_top1_era5_rand7,f2,3
2021-08-01,258.0373515587789,234,lstm_corr_top1_era5_rand7,f2,3
2021-09-01,383.87608581500757,234,lstm_corr_top1_era5_rand7,f2,3
2021-10-01,287.0264394459984,234,lstm_corr_top1_era5_rand7,f2,3
2021-11-01,303.58137502492013,234,lstm_corr_top1_era5_rand7,f2,3
2021-12-01,435.8627510058994,234,lstm_corr_top1_era5_rand7,f2,3
2022-01-01,391.7535612238357,234,lstm_corr_top1_era5_rand7,f2,3
2022-02-01,321.8290856387311,234,lstm_corr_top1_era5_rand7,f2,3
2022-03-01,525.188678132756,234,lstm_corr_top1_era5_rand7,f2,3
2022-04-01,415.2750732454509,234,lstm_corr_top1_era5_rand7,f2,3
2022-05-01,380.60128139284865,234,lstm_corr_top1_era5_rand7,f2,3
2022-06-01,307.9445975676831,234,lstm_corr_top1_era5_rand7,f2,3
2021-02-01,388.0507696488232,234,lstm_corr_top1_rand8,f2,3
2021-03-01,289.57053440076623,234,lstm_corr_top1_rand8,f2,3
2021-04-01,270.328759565942,234,lstm_corr_top1_rand8,f2,3
2021-05-01,305.2747576199963,234,lstm_corr_top1_rand8,f2,3
2021-06-01,183.74160657251016,234,lstm_corr_top1_rand8,f2,3
2021-07-01,291.3090015181477,234,lstm_corr_top1_rand8,f2,3
2021-08-01,255.38003039756484,234,lstm_corr_top1_rand8,f2,3
2021-09-01,377.48480191239094,234,lstm_corr_top1_rand8,f2,3
2021-10-01,298.4009353051388,234,lstm_corr_top1_rand8,f2,3
2021-11-01,310.29498038409344,234,lstm_corr_top1_rand8,f2,3
2021-12-01,463.86105648648055,234,lstm_corr_top1_rand8,f2,3
2022-01-01,404.09178858859536,234,lstm_corr_top1_rand8,f2,3
2022-02-01,342.89652169998203,234,lstm_corr_top1_rand8,f2,3
2022-03-01,524.9428519917002,234,lstm_corr_top1_rand8,f2,3
2022-04-01,415.7774228848209,234,lstm_corr_top1_rand8,f2,3
2022-05-01,370.577537512216,234,lstm_corr_top1_rand8,f2,3
2022-06-01,300.5408234828845,234,lstm_corr_top1_rand8,f2,3
2021-02-01,385.18659016970116,234,lstm_corr_top1_era5_rand8,f2,3
2021-03-01,288.02989814536596,234,lstm_corr_top1_era5_rand8,f2,3
2021-04-01,267.09625595491656,234,lstm_corr_top1_era5_rand8,f2,3
2021-05-01,293.1481317907163,234,lstm_corr_top1_era5_rand8,f2,3
2021-06-01,178.68681946263564,234,lstm_corr_top1_era5_rand8,f2,3
2021-07-01,297.2135142699701,234,lstm_corr_top1_era5_rand8,f2,3
2021-08-01,258.9949748500379,234,lstm_corr_top1_era5_rand8,f2,3
2021-09-01,389.68744816482166,234,lstm_corr_top1_era5_rand8,f2,3
2021-10-01,288.1082864662234,234,lstm_corr_top1_era5_rand8,f2,3
2021-11-01,305.9906907027325,234,lstm_corr_top1_era5_rand8,f2,3
2021-12-01,430.2654041385205,234,lstm_corr_top1_era5_rand8,f2,3
2022-01-01,391.7020155378358,234,lstm_corr_top1_era5_rand8,f2,3
2022-02-01,321.13068193334374,234,lstm_corr_top1_era5_rand8,f2,3
2022-03-01,526.6542924726476,234,lstm_corr_top1_era5_rand8,f2,3
2022-04-01,408.72254794411595,234,lstm_corr_top1_era5_rand8,f2,3
2022-05-01,376.37582800123084,234,lstm_corr_top1_era5_rand8,f2,3
2022-06-01,300.6785914741031,234,lstm_corr_top1_era5_rand8,f2,3
2021-02-01,389.2163201910404,234,lstm_corr_top1_rand9,f2,3
2021-03-01,291.5113007164061,234,lstm_corr_top1_rand9,f2,3
2021-04-01,271.97855636147966,234,lstm_corr_top1_rand9,f2,3
2021-05-01,302.6899484499906,234,lstm_corr_top1_rand9,f2,3
2021-06-01,181.22871139123308,234,lstm_corr_top1_rand9,f2,3
2021-07-01,288.0743306431915,234,lstm_corr_top1_rand9,f2,3
2021-08-01,251.30553303410355,234,lstm_corr_top1_rand9,f2,3
2021-09-01,373.3516204567489,234,lstm_corr_top1_rand9,f2,3
2021-10-01,297.1661848286882,234,lstm_corr_top1_rand9,f2,3
2021-11-01,310.7617240409162,234,lstm_corr_top1_rand9,f2,3
2021-12-01,460.66138417055475,234,lstm_corr_top1_rand9,f2,3
2022-01-01,404.3276311294087,234,lstm_corr_top1_rand9,f2,3
2022-02-01,341.6046964940351,234,lstm_corr_top1_rand9,f2,3
2022-03-01,519.2322629876269,234,lstm_corr_top1_rand9,f2,3
2022-04-01,412.10614063553163,234,lstm_corr_top1_rand9,f2,3
2022-05-01,365.8444197712786,234,lstm_corr_top1_rand9,f2,3
2022-06-01,296.5593188480112,234,lstm_corr_top1_rand9,f2,3
2021-02-01,387.58275518611345,234,lstm_corr_top1_era5_rand9,f2,3
2021-03-01,283.18317348942406,234,lstm_corr_top1_era5_rand9,f2,3
2021-04-01,263.08347214927045,234,lstm_corr_top1_era5_rand9,f2,3
2021-05-01,282.5587358809593,234,lstm_corr_top1_era5_rand9,f2,3
2021-06-01,174.3105781638824,234,lstm_corr_top1_era5_rand9,f2,3
2021-07-01,291.7646938318163,234,lstm_corr_top1_era5_rand9,f2,3
2021-08-01,255.89181477722155,234,lstm_corr_top1_era5_rand9,f2,3
2021-09-01,380.7931307277213,234,lstm_corr_top1_era5_rand9,f2,3
2021-10-01,282.97348455771635,234,lstm_corr_top1_era5_rand9,f2,3
2021-11-01,304.3789338788955,234,lstm_corr_top1_era5_rand9,f2,3
2021-12-01,428.20354547990075,234,lstm_corr_top1_era5_rand9,f2,3
2022-01-01,388.0919440819173,234,lstm_corr_top1_era5_rand9,f2,3
2022-02-01,310.34052681515334,234,lstm_corr_top1_era5_rand9,f2,3
2022-03-01,517.453789301397,234,lstm_corr_top1_era5_rand9,f2,3
2022-04-01,406.6192538149914,234,lstm_corr_top1_era5_rand9,f2,3
2022-05-01,373.0369295729012,234,lstm_corr_top1_era5_rand9,f2,3
2022-06-01,297.9162456780085,234,lstm_corr_top1_era5_rand9,f2,3
2021-02-01,388.7227813954157,234,lstm_corr_top1_rand10,f2,3
2021-03-01,292.30603220680257,234,lstm_corr_top1_rand10,f2,3
2021-04-01,274.85021184791555,234,lstm_corr_top1_rand10,f2,3
2021-05-01,305.5768270980951,234,lstm_corr_top1_rand10,f2,3
2021-06-01,186.03895679210723,234,lstm_corr_top1_rand10,f2,3
2021-07-01,292.1283837201324,234,lstm_corr_top1_rand10,f2,3
2021-08-01,253.3016280140056,234,lstm_corr_top1_rand10,f2,3
2021-09-01,376.196451408608,234,lstm_corr_top1_rand10,f2,3
2021-10-01,301.35026004590964,234,lstm_corr_top1_rand10,f2,3
2021-11-01,312.7917129396664,234,lstm_corr_top1_rand10,f2,3
2021-12-01,466.83146402763737,234,lstm_corr_top1_rand10,f2,3
2022-01-01,405.8118651578841,234,lstm_corr_top1_rand10,f2,3
2022-02-01,346.29448119263185,234,lstm_corr_top1_rand10,f2,3
2022-03-01,525.4800572222302,234,lstm_corr_top1_rand10,f2,3
2022-04-01,417.2784932319022,234,lstm_corr_top1_rand10,f2,3
2022-05-01,370.2119252455223,234,lstm_corr_top1_rand10,f2,3
2022-06-01,300.58773002098013,234,lstm_corr_top1_rand10,f2,3
2021-02-01,385.33693486773706,234,lstm_corr_top1_era5_rand10,f2,3
2021-03-01,288.4437986417261,234,lstm_corr_top1_era5_rand10,f2,3
2021-04-01,259.94400496126843,234,lstm_corr_top1_era5_rand10,f2,3
2021-05-01,289.31641130030084,234,lstm_corr_top1_era5_rand10,f2,3
2021-06-01,177.5368140493814,234,lstm_corr_top1_era5_rand10,f2,3
2021-07-01,296.25343138603114,234,lstm_corr_top1_era5_rand10,f2,3
2021-08-01,254.0150269856191,234,lstm_corr_top1_era5_rand10,f2,3
2021-09-01,380.0927666478721,234,lstm_corr_top1_era5_rand10,f2,3
2021-10-01,282.11849753844905,234,lstm_corr_top1_era5_rand10,f2,3
2021-11-01,299.97853312961894,234,lstm_corr_top1_era5_rand10,f2,3
2021-12-01,426.9506960130232,234,lstm_corr_top1_era5_rand10,f2,3
2022-01-01,384.5540278383935,234,lstm_corr_top1_era5_rand10,f2,3
2022-02-01,311.2913425860044,234,lstm_corr_top1_era5_rand10,f2,3
2022-03-01,519.5240757891316,234,lstm_corr_top1_era5_rand10,f2,3
2022-04-01,401.9039400315067,234,lstm_corr_top1_era5_rand10,f2,3
2022-05-01,365.12190229306947,234,lstm_corr_top1_era5_rand10,f2,3
2022-06-01,295.6938580983944,234,lstm_corr_top1_era5_rand10,f2,3
2021-02-01,388.6634472490503,234,lstm_corr_top1_rand11,f2,3
2021-03-01,292.33583830407184,234,lstm_corr_top1_rand11,f2,3
2021-04-01,274.7800387521081,234,lstm_corr_top1_rand11,f2,3
2021-05-01,307.9787292183465,234,lstm_corr_top1_rand11,f2,3
2021-06-01,186.13348029306562,234,lstm_corr_top1_rand11,f2,3
2021-07-01,294.4447148294929,234,lstm_corr_top1_rand11,f2,3
2021-08-01,256.71372855284113,234,lstm_corr_top1_rand11,f2,3
2021-09-01,376.9621648045608,234,lstm_corr_top1_rand11,f2,3
2021-10-01,306.0176829138174,234,lstm_corr_top1_rand11,f2,3
2021-11-01,314.9555607664869,234,lstm_corr_top1_rand11,f2,3
2021-12-01,470.23902497418277,234,lstm_corr_top1_rand11,f2,3
2022-01-01,404.98690976980436,234,lstm_corr_top1_rand11,f2,3
2022-02-01,349.2681885225854,234,lstm_corr_top1_rand11,f2,3
2022-03-01,526.8906938494636,234,lstm_corr_top1_rand11,f2,3
2022-04-01,419.3378792686701,234,lstm_corr_top1_rand11,f2,3
2022-05-01,372.4183765547779,234,lstm_corr_top1_rand11,f2,3
2022-06-01,301.08861405865065,234,lstm_corr_top1_rand11,f2,3
2021-02-01,387.2394747639525,234,lstm_corr_top1_era5_rand11,f2,3
2021-03-01,288.2795195696333,234,lstm_corr_top1_era5_rand11,f2,3
2021-04-01,262.12640912360393,234,lstm_corr_top1_era5_rand11,f2,3
2021-05-01,284.796509500172,234,lstm_corr_top1_era5_rand11,f2,3
2021-06-01,175.54558581741392,234,lstm_corr_top1_era5_rand11,f2,3
2021-07-01,294.6005157947323,234,lstm_corr_top1_era5_rand11,f2,3
2021-08-01,256.0771661779831,234,lstm_corr_top1_era5_rand11,f2,3
2021-09-01,379.7273186002369,234,lstm_corr_top1_era5_rand11,f2,3
2021-10-01,282.53191195905606,234,lstm_corr_top1_era5_rand11,f2,3
2021-11-01,302.1192862335334,234,lstm_corr_top1_era5_rand11,f2,3
2021-12-01,430.37521307144925,234,lstm_corr_top1_era5_rand11,f2,3
2022-01-01,396.46853842826295,234,lstm_corr_top1_era5_rand11,f2,3
2022-02-01,320.4051419128992,234,lstm_corr_top1_era5_rand11,f2,3
2022-03-01,522.2424339004702,234,lstm_corr_top1_era5_rand11,f2,3
2022-04-01,411.96743047972535,234,lstm_corr_top1_era5_rand11,f2,3
2022-05-01,371.95483767515424,234,lstm_corr_top1_era5_rand11,f2,3
2022-06-01,298.2112955328072,234,lstm_corr_top1_era5_rand11,f2,3
2021-02-01,391.49687374130104,234,lstm_corr_top1_rand12,f2,3
2021-03-01,292.71565838946157,234,lstm_corr_top1_rand12,f2,3
2021-04-01,274.2669792173309,234,lstm_corr_top1_rand12,f2,3
2021-05-01,303.71994829321983,234,lstm_corr_top1_rand12,f2,3
2021-06-01,184.50694745136508,234,lstm_corr_top1_rand12,f2,3
2021-07-01,288.5163247453662,234,lstm_corr_top1_rand12,f2,3
2021-08-01,253.60028957686205,234,lstm_corr_top1_rand12,f2,3
2021-09-01,376.19314838205577,234,lstm_corr_top1_rand12,f2,3
2021-10-01,303.6476135067676,234,lstm_corr_top1_rand12,f2,3
2021-11-01,317.33748066189224,234,lstm_corr_top1_rand12,f2,3
2021-12-01,468.7791020568557,234,lstm_corr_top1_rand12,f2,3
2022-01-01,410.7132058875824,234,lstm_corr_top1_rand12,f2,3
2022-02-01,350.60951761732326,234,lstm_corr_top1_rand12,f2,3
2022-03-01,526.0079492181238,234,lstm_corr_top1_rand12,f2,3
2022-04-01,418.626344630182,234,lstm_corr_top1_rand12,f2,3
2022-05-01,372.824611472837,234,lstm_corr_top1_rand12,f2,3
2022-06-01,304.19490066035405,234,lstm_corr_top1_rand12,f2,3
2021-02-01,381.50030740331994,234,lstm_corr_top1_era5_rand12,f2,3
2021-03-01,284.10258534458416,234,lstm_corr_top1_era5_rand12,f2,3
2021-04-01,262.37063756624406,234,lstm_corr_top1_era5_rand12,f2,3
2021-05-01,282.5788016731083,234,lstm_corr_top1_era5_rand12,f2,3
2021-06-01,174.22485034256363,234,lstm_corr_top1_era5_rand12,f2,3
2021-07-01,291.8361514962789,234,lstm_corr_top1_era5_rand12,f2,3
2021-08-01,255.66126526607695,234,lstm_corr_top1_era5_rand12,f2,3
2021-09-01,379.72686890375235,234,lstm_corr_top1_era5_rand12,f2,3
2021-10-01,282.3286429923606,234,lstm_corr_top1_era5_rand12,f2,3
2021-11-01,302.08848992635086,234,lstm_corr_top1_era5_rand12,f2,3
2021-12-01,426.0086912588274,234,lstm_corr_top1_era5_rand12,f2,3
2022-01-01,381.8267809445209,234,lstm_corr_top1_era5_rand12,f2,3
2022-02-01,310.3668187825141,234,lstm_corr_top1_era5_rand12,f2,3
2022-03-01,516.2510598858994,234,lstm_corr_top1_era5_rand12,f2,3
2022-04-01,409.6110497605078,234,lstm_corr_top1_era5_rand12,f2,3
2022-05-01,370.02916339360877,234,lstm_corr_top1_era5_rand12,f2,3
2022-06-01,296.0351900326461,234,lstm_corr_top1_era5_rand12,f2,3
2021-02-01,386.64625810799294,234,lstm_corr_top1_rand13,f2,3
2021-03-01,291.2015807945195,234,lstm_corr_top1_rand13,f2,3
2021-04-01,271.1977916199977,234,lstm_corr_top1_rand13,f2,3
2021-05-01,307.7580668039768,234,lstm_corr_top1_rand13,f2,3
2021-06-01,184.5315923653006,234,lstm_corr_top1_rand13,f2,3
2021-07-01,289.9572990369623,234,lstm_corr_top1_rand13,f2,3
2021-08-01,253.69517580867267,234,lstm_corr_top1_rand13,f2,3
2021-09-01,372.87732553367636,234,lstm_corr_top1_rand13,f2,3
2021-10-01,300.79691414414896,234,lstm_corr_top1_rand13,f2,3
2021-11-01,315.5610725513789,234,lstm_corr_top1_rand13,f2,3
2021-12-01,471.66439740042733,234,lstm_corr_top1_rand13,f2,3
2022-01-01,406.010687224277,234,lstm_corr_top1_rand13,f2,3
2022-02-01,351.480005378137,234,lstm_corr_top1_rand13,f2,3
2022-03-01,526.6258478627142,234,lstm_corr_top1_rand13,f2,3
2022-04-01,419.2128165095817,234,lstm_corr_top1_rand13,f2,3
2022-05-01,379.42672206196863,234,lstm_corr_top1_rand13,f2,3
2022-06-01,307.4803775286702,234,lstm_corr_top1_rand13,f2,3
2021-02-01,383.2685983796222,234,lstm_corr_top1_era5_rand13,f2,3
2021-03-01,288.83034094323256,234,lstm_corr_top1_era5_rand13,f2,3
2021-04-01,264.9695047070539,234,lstm_corr_top1_era5_rand13,f2,3
2021-05-01,284.5938136210479,234,lstm_corr_top1_era5_rand13,f2,3
2021-06-01,175.1807524120079,234,lstm_corr_top1_era5_rand13,f2,3
2021-07-01,295.8381301482238,234,lstm_corr_top1_era5_rand13,f2,3
2021-08-01,261.7338263947577,234,lstm_corr_top1_era5_rand13,f2,3
2021-09-01,384.5636520488117,234,lstm_corr_top1_era5_rand13,f2,3
2021-10-01,289.3635980698546,234,lstm_corr_top1_era5_rand13,f2,3
2021-11-01,310.2457607872495,234,lstm_corr_top1_era5_rand13,f2,3
2021-12-01,437.4239118290484,234,lstm_corr_top1_era5_rand13,f2,3
2022-01-01,392.8559232505773,234,lstm_corr_top1_era5_rand13,f2,3
2022-02-01,316.11616269997023,234,lstm_corr_top1_era5_rand13,f2,3
2022-03-01,528.653728410237,234,lstm_corr_top1_era5_rand13,f2,3
2022-04-01,412.1144991701102,234,lstm_corr_top1_era5_rand13,f2,3
2022-05-01,376.87455459927685,234,lstm_corr_top1_era5_rand13,f2,3
2022-06-01,296.97010772198183,234,lstm_corr_top1_era5_rand13,f2,3
2021-02-01,391.9858461419395,234,lstm_corr_top1_rand14,f2,3
2021-03-01,292.99241331742286,234,lstm_corr_top1_rand14,f2,3
2021-04-01,274.71231445271593,234,lstm_corr_top1_rand14,f2,3
2021-05-01,308.61505224449644,234,lstm_corr_top1_rand14,f2,3
2021-06-01,185.25690778457835,234,lstm_corr_top1_rand14,f2,3
2021-07-01,291.212954990446,234,lstm_corr_top1_rand14,f2,3
2021-08-01,254.87761312909183,234,lstm_corr_top1_rand14,f2,3
2021-09-01,376.44469710753964,234,lstm_corr_top1_rand14,f2,3
2021-10-01,304.42611756267905,234,lstm_corr_top1_rand14,f2,3
2021-11-01,319.43104761020874,234,lstm_corr_top1_rand14,f2,3
2021-12-01,473.07838933516086,234,lstm_corr_top1_rand14,f2,3
2022-01-01,408.9485161803641,234,lstm_corr_top1_rand14,f2,3
2022-02-01,344.33574772867286,234,lstm_corr_top1_rand14,f2,3
2022-03-01,525.6051758082314,234,lstm_corr_top1_rand14,f2,3
2022-04-01,421.4002916052931,234,lstm_corr_top1_rand14,f2,3
2022-05-01,376.34361736178556,234,lstm_corr_top1_rand14,f2,3
2022-06-01,305.0590124637568,234,lstm_corr_top1_rand14,f2,3
2021-02-01,389.30575118716285,234,lstm_corr_top1_era5_rand14,f2,3
2021-03-01,286.52614278313075,234,lstm_corr_top1_era5_rand14,f2,3
2021-04-01,261.8809202548998,234,lstm_corr_top1_era5_rand14,f2,3
2021-05-01,282.9995799693544,234,lstm_corr_top1_era5_rand14,f2,3
2021-06-01,174.9508904147471,234,lstm_corr_top1_era5_rand14,f2,3
2021-07-01,296.31024503490585,234,lstm_corr_top1_era5_rand14,f2,3
2021-08-01,255.67598561494822,234,lstm_corr_top1_era5_rand14,f2,3
2021-09-01,382.4865144004684,234,lstm_corr_top1_era5_rand14,f2,3
2021-10-01,284.66425863729205,234,lstm_corr_top1_era5_rand14,f2,3
2021-11-01,306.53814723891924,234,lstm_corr_top1_era5_rand14,f2,3
2021-12-01,433.9555197770488,234,lstm_corr_top1_era5_rand14,f2,3
2022-01-01,393.17624426574673,234,lstm_corr_top1_era5_rand14,f2,3
2022-02-01,315.4845219668807,234,lstm_corr_top1_era5_rand14,f2,3
2022-03-01,521.2432653760715,234,lstm_corr_top1_era5_rand14,f2,3
2022-04-01,409.7142355449344,234,lstm_corr_top1_era5_rand14,f2,3
2022-05-01,375.4605101247345,234,lstm_corr_top1_era5_rand14,f2,3
2022-06-01,298.63711861923764,234,lstm_corr_top1_era5_rand14,f2,3
2021-02-01,389.73495016886244,234,lstm_corr_top1_rand15,f2,3
2021-03-01,294.23648390719944,234,lstm_corr_top1_rand15,f2,3
2021-04-01,274.54598701670886,234,lstm_corr_top1_rand15,f2,3
2021-05-01,311.21302761085167,234,lstm_corr_top1_rand15,f2,3
2021-06-01,187.1098813028991,234,lstm_corr_top1_rand15,f2,3
2021-07-01,292.34706991881944,234,lstm_corr_top1_rand15,f2,3
2021-08-01,256.02709813614496,234,lstm_corr_top1_rand15,f2,3
2021-09-01,377.33904659266005,234,lstm_corr_top1_rand15,f2,3
2021-10-01,303.00735735770746,234,lstm_corr_top1_rand15,f2,3
2021-11-01,315.4245604303395,234,lstm_corr_top1_rand15,f2,3
2021-12-01,471.5931989812841,234,lstm_corr_top1_rand15,f2,3
2022-01-01,410.80293524013643,234,lstm_corr_top1_rand15,f2,3
2022-02-01,350.57800242281496,234,lstm_corr_top1_rand15,f2,3
2022-03-01,529.3205692338493,234,lstm_corr_top1_rand15,f2,3
2022-04-01,420.9238367044653,234,lstm_corr_top1_rand15,f2,3
2022-05-01,378.9680988832585,234,lstm_corr_top1_rand15,f2,3
2022-06-01,307.68387281458695,234,lstm_corr_top1_rand15,f2,3
2021-02-01,382.0362110912499,234,lstm_corr_top1_era5_rand15,f2,3
2021-03-01,281.5318415898141,234,lstm_corr_top1_era5_rand15,f2,3
2021-04-01,263.19417849738016,234,lstm_corr_top1_era5_rand15,f2,3
2021-05-01,287.5688956715742,234,lstm_corr_top1_era5_rand15,f2,3
2021-06-01,178.9909687517566,234,lstm_corr_top1_era5_rand15,f2,3
2021-07-01,294.5413424701591,234,lstm_corr_top1_era5_rand15,f2,3
2021-08-01,263.01916771487845,234,lstm_corr_top1_era5_rand15,f2,3
2021-09-01,384.8453471247023,234,lstm_corr_top1_era5_rand15,f2,3
2021-10-01,285.24997400744616,234,lstm_corr_top1_era5_rand15,f2,3
2021-11-01,303.7462934280917,234,lstm_corr_top1_era5_rand15,f2,3
2021-12-01,428.7139466435827,234,lstm_corr_top1_era5_rand15,f2,3
2022-01-01,386.064156372465,234,lstm_corr_top1_era5_rand15,f2,3
2022-02-01,308.1935201265299,234,lstm_corr_top1_era5_rand15,f2,3
2022-03-01,521.4505877493979,234,lstm_corr_top1_era5_rand15,f2,3
2022-04-01,405.55835215491044,234,lstm_corr_top1_era5_rand15,f2,3
2022-05-01,373.0646213044038,234,lstm_corr_top1_era5_rand15,f2,3
2022-06-01,299.3666341117527,234,lstm_corr_top1_era5_rand15,f2,3
2021-02-01,392.41373021257095,234,lstm_corr_top1_rand16,f2,3
2021-03-01,292.94403049790947,234,lstm_corr_top1_rand16,f2,3
2021-04-01,270.19098330975294,234,lstm_corr_top1_rand16,f2,3
2021-05-01,301.8166886580255,234,lstm_corr_top1_rand16,f2,3
2021-06-01,183.16795308770335,234,lstm_corr_top1_rand16,f2,3
2021-07-01,297.14749039850284,234,lstm_corr_top1_rand16,f2,3
2021-08-01,260.0281435864672,234,lstm_corr_top1_rand16,f2,3
2021-09-01,374.0077481120348,234,lstm_corr_top1_rand16,f2,3
2021-10-01,302.95844171449954,234,lstm_corr_top1_rand16,f2,3
2021-11-01,319.25645633942025,234,lstm_corr_top1_rand16,f2,3
2021-12-01,473.28001758752947,234,lstm_corr_top1_rand16,f2,3
2022-01-01,408.1194925449095,234,lstm_corr_top1_rand16,f2,3
2022-02-01,347.9796279805967,234,lstm_corr_top1_rand16,f2,3
2022-03-01,526.2008670755439,234,lstm_corr_top1_rand16,f2,3
2022-04-01,421.9213842754437,234,lstm_corr_top1_rand16,f2,3
2022-05-01,375.6626260234589,234,lstm_corr_top1_rand16,f2,3
2022-06-01,307.17593667203846,234,lstm_corr_top1_rand16,f2,3
2021-02-01,389.02296080272737,234,lstm_corr_top1_era5_rand16,f2,3
2021-03-01,283.94855058847276,234,lstm_corr_top1_era5_rand16,f2,3
2021-04-01,262.0743003627123,234,lstm_corr_top1_era5_rand16,f2,3
2021-05-01,285.5001133761537,234,lstm_corr_top1_era5_rand16,f2,3
2021-06-01,174.890771503074,234,lstm_corr_top1_era5_rand16,f2,3
2021-07-01,298.2952755252156,234,lstm_corr_top1_era5_rand16,f2,3
2021-08-01,255.35857354090766,234,lstm_corr_top1_era5_rand16,f2,3
2021-09-01,382.041884542441,234,lstm_corr_top1_era5_rand16,f2,3
2021-10-01,285.6308067037163,234,lstm_corr_top1_era5_rand16,f2,3
2021-11-01,304.7781333125461,234,lstm_corr_top1_era5_rand16,f2,3
2021-12-01,438.3201003004454,234,lstm_corr_top1_era5_rand16,f2,3
2022-01-01,390.74320278324626,234,lstm_corr_top1_era5_rand16,f2,3
2022-02-01,315.84649274100974,234,lstm_corr_top1_era5_rand16,f2,3
2022-03-01,520.875643024729,234,lstm_corr_top1_era5_rand16,f2,3
2022-04-01,404.83277677532226,234,lstm_corr_top1_era5_rand16,f2,3
2022-05-01,371.73702712001165,234,lstm_corr_top1_era5_rand16,f2,3
2022-06-01,302.9012419046436,234,lstm_corr_top1_era5_rand16,f2,3
2021-02-01,388.3483288487598,234,lstm_corr_top1_rand17,f2,3
2021-03-01,292.82413961734403,234,lstm_corr_top1_rand17,f2,3
2021-04-01,273.8018344989404,234,lstm_corr_top1_rand17,f2,3
2021-05-01,310.7235760770198,234,lstm_corr_top1_rand17,f2,3
2021-06-01,187.57545536513558,234,lstm_corr_top1_rand17,f2,3
2021-07-01,294.0061980687244,234,lstm_corr_top1_rand17,f2,3
2021-08-01,257.46266994456204,234,lstm_corr_top1_rand17,f2,3
2021-09-01,375.37042335826567,234,lstm_corr_top1_rand17,f2,3
2021-10-01,302.8715576819098,234,lstm_corr_top1_rand17,f2,3
2021-11-01,317.1322784655379,234,lstm_corr_top1_rand17,f2,3
2021-12-01,475.009890061386,234,lstm_corr_top1_rand17,f2,3
2022-01-01,410.78505662151167,234,lstm_corr_top1_rand17,f2,3
2022-02-01,353.7999842089331,234,lstm_corr_top1_rand17,f2,3
2022-03-01,528.0367177018682,234,lstm_corr_top1_rand17,f2,3
2022-04-01,421.859970985401,234,lstm_corr_top1_rand17,f2,3
2022-05-01,378.20495175456153,234,lstm_corr_top1_rand17,f2,3
2022-06-01,304.4153930340202,234,lstm_corr_top1_rand17,f2,3
2021-02-01,382.270088273956,234,lstm_corr_top1_era5_rand17,f2,3
2021-03-01,289.2446393320099,234,lstm_corr_top1_era5_rand17,f2,3
2021-04-01,269.51784143229816,234,lstm_corr_top1_era5_rand17,f2,3
2021-05-01,298.16242161036814,234,lstm_corr_top1_era5_rand17,f2,3
2021-06-01,183.22382956629653,234,lstm_corr_top1_era5_rand17,f2,3
2021-07-01,302.73727034765795,234,lstm_corr_top1_era5_rand17,f2,3
2021-08-01,264.4801850032205,234,lstm_corr_top1_era5_rand17,f2,3
2021-09-01,384.9276688857847,234,lstm_corr_top1_era5_rand17,f2,3
2021-10-01,286.8625987264047,234,lstm_corr_top1_era5_rand17,f2,3
2021-11-01,312.04218805804743,234,lstm_corr_top1_era5_rand17,f2,3
2021-12-01,438.17587913280596,234,lstm_corr_top1_era5_rand17,f2,3
2022-01-01,397.8354617123677,234,lstm_corr_top1_era5_rand17,f2,3
2022-02-01,319.24353756766044,234,lstm_corr_top1_era5_rand17,f2,3
2022-03-01,534.9249317108059,234,lstm_corr_top1_era5_rand17,f2,3
2022-04-01,424.09994398943473,234,lstm_corr_top1_era5_rand17,f2,3
2022-05-01,378.663523225145,234,lstm_corr_top1_era5_rand17,f2,3
2022-06-01,300.02660763582827,234,lstm_corr_top1_era5_rand17,f2,3
2021-02-01,390.67302132273994,234,lstm_corr_top1_rand18,f2,3
2021-03-01,293.58236590304097,234,lstm_corr_top1_rand18,f2,3
2021-04-01,273.5970962429584,234,lstm_corr_top1_rand18,f2,3
2021-05-01,305.81644248324994,234,lstm_corr_top1_rand18,f2,3
2021-06-01,182.88083235553393,234,lstm_corr_top1_rand18,f2,3
2021-07-01,292.4518420704887,234,lstm_corr_top1_rand18,f2,3
2021-08-01,255.09190629737438,234,lstm_corr_top1_rand18,f2,3
2021-09-01,378.32499508056867,234,lstm_corr_top1_rand18,f2,3
2021-10-01,299.5265959226433,234,lstm_corr_top1_rand18,f2,3
2021-11-01,313.28614854867743,234,lstm_corr_top1_rand18,f2,3
2021-12-01,469.5916872593557,234,lstm_corr_top1_rand18,f2,3
2022-01-01,411.6095374272004,234,lstm_corr_top1_rand18,f2,3
2022-02-01,347.6204717047775,234,lstm_corr_top1_rand18,f2,3
2022-03-01,526.7830038861642,234,lstm_corr_top1_rand18,f2,3
2022-04-01,421.30511418262137,234,lstm_corr_top1_rand18,f2,3
2022-05-01,369.5290304374667,234,lstm_corr_top1_rand18,f2,3
2022-06-01,301.16407236021206,234,lstm_corr_top1_rand18,f2,3
2021-02-01,388.7583396811734,234,lstm_corr_top1_era5_rand18,f2,3
2021-03-01,288.0549796258176,234,lstm_corr_top1_era5_rand18,f2,3
2021-04-01,263.27792468891164,234,lstm_corr_top1_era5_rand18,f2,3
2021-05-01,288.61824215320377,234,lstm_corr_top1_era5_rand18,f2,3
2021-06-01,177.1212588607753,234,lstm_corr_top1_era5_rand18,f2,3
2021-07-01,295.9819234580381,234,lstm_corr_top1_era5_rand18,f2,3
2021-08-01,256.620950057474,234,lstm_corr_top1_era5_rand18,f2,3
2021-09-01,384.1430843287236,234,lstm_corr_top1_era5_rand18,f2,3
2021-10-01,287.1192273430658,234,lstm_corr_top1_era5_rand18,f2,3
2021-11-01,306.1206046009592,234,lstm_corr_top1_era5_rand18,f2,3
2021-12-01,430.6020104790926,234,lstm_corr_top1_era5_rand18,f2,3
2022-01-01,394.02718995993314,234,lstm_corr_top1_era5_rand18,f2,3
2022-02-01,320.0403624509608,234,lstm_corr_top1_era5_rand18,f2,3
2022-03-01,525.2202825345169,234,lstm_corr_top1_era5_rand18,f2,3
2022-04-01,410.0305319315322,234,lstm_corr_top1_era5_rand18,f2,3
2022-05-01,372.6406499273945,234,lstm_corr_top1_era5_rand18,f2,3
2022-06-01,299.1121433664852,234,lstm_corr_top1_era5_rand18,f2,3
2021-02-01,385.2531362154812,234,lstm_corr_top1_rand19,f2,3
2021-03-01,290.4630479967373,234,lstm_corr_top1_rand19,f2,3
2021-04-01,271.46050293012064,234,lstm_corr_top1_rand19,f2,3
2021-05-01,301.85034341079927,234,lstm_corr_top1_rand19,f2,3
2021-06-01,181.6383865863986,234,lstm_corr_top1_rand19,f2,3
2021-07-01,286.4395275392787,234,lstm_corr_top1_rand19,f2,3
2021-08-01,249.35349716353352,234,lstm_corr_top1_rand19,f2,3
2021-09-01,374.98919139647455,234,lstm_corr_top1_rand19,f2,3
2021-10-01,296.8106159956739,234,lstm_corr_top1_rand19,f2,3
2021-11-01,307.3552387692378,234,lstm_corr_top1_rand19,f2,3
2021-12-01,465.90967563099207,234,lstm_corr_top1_rand19,f2,3
2022-01-01,400.778742580808,234,lstm_corr_top1_rand19,f2,3
2022-02-01,340.61415166577683,234,lstm_corr_top1_rand19,f2,3
2022-03-01,518.6479766364874,234,lstm_corr_top1_rand19,f2,3
2022-04-01,411.78577248603256,234,lstm_corr_top1_rand19,f2,3
2022-05-01,362.945103950351,234,lstm_corr_top1_rand19,f2,3
2022-06-01,297.1012850983499,234,lstm_corr_top1_rand19,f2,3
2021-02-01,378.18402619397466,234,lstm_corr_top1_era5_rand19,f2,3
2021-03-01,284.3502727541197,234,lstm_corr_top1_era5_rand19,f2,3
2021-04-01,267.0770363366747,234,lstm_corr_top1_era5_rand19,f2,3
2021-05-01,295.1336970771357,234,lstm_corr_top1_era5_rand19,f2,3
2021-06-01,181.990702634732,234,lstm_corr_top1_era5_rand19,f2,3
2021-07-01,294.8937528906092,234,lstm_corr_top1_era5_rand19,f2,3
2021-08-01,260.7565098140114,234,lstm_corr_top1_era5_rand19,f2,3
2021-09-01,384.50462320937794,234,lstm_corr_top1_era5_rand19,f2,3
2021-10-01,297.19124677686,234,lstm_corr_top1_era5_rand19,f2,3
2021-11-01,313.3305202385313,234,lstm_corr_top1_era5_rand19,f2,3
2021-12-01,439.45064019359717,234,lstm_corr_top1_era5_rand19,f2,3
2022-01-01,391.64946783555257,234,lstm_corr_top1_era5_rand19,f2,3
2022-02-01,322.3482351594632,234,lstm_corr_top1_era5_rand19,f2,3
2022-03-01,527.1311829794935,234,lstm_corr_top1_era5_rand19,f2,3
2022-04-01,419.10907993046015,234,lstm_corr_top1_era5_rand19,f2,3
2022-05-01,383.3377622946728,234,lstm_corr_top1_era5_rand19,f2,3
2022-06-01,304.00324486013824,234,lstm_corr_top1_era5_rand19,f2,3
2022-05-01,201.64215943167602,234,lstm_corr_top1_rand0,f3,1
2022-06-01,200.74565607710298,234,lstm_corr_top1_rand0,f3,1
2022-07-01,172.49938403350828,234,lstm_corr_top1_rand0,f3,1
2022-08-01,306.65210906463335,234,lstm_corr_top1_rand0,f3,1
2022-09-01,262.60304999631404,234,lstm_corr_top1_rand0,f3,1
2022-10-01,310.8314185148992,234,lstm_corr_top1_rand0,f3,1
2022-11-01,240.60042117215386,234,lstm_corr_top1_rand0,f3,1
2022-12-01,234.99610769563176,234,lstm_corr_top1_rand0,f3,1
2023-01-01,399.7711289399034,234,lstm_corr_top1_rand0,f3,1
2023-02-01,263.7728795069084,234,lstm_corr_top1_rand0,f3,1
2023-03-01,337.20976170224145,234,lstm_corr_top1_rand0,f3,1
2023-04-01,392.71631100243616,234,lstm_corr_top1_rand0,f3,1
2023-05-01,497.33342072304316,234,lstm_corr_top1_rand0,f3,1
2023-06-01,591.7873431545004,234,lstm_corr_top1_rand0,f3,1
2023-07-01,281.9874051064763,234,lstm_corr_top1_rand0,f3,1
2023-08-01,266.1314095791427,234,lstm_corr_top1_rand0,f3,1
2023-09-01,368.7363672046475,234,lstm_corr_top1_rand0,f3,1
2022-05-01,204.46092416338539,234,lstm_corr_top1_era5_rand0,f3,1
2022-06-01,179.70494881903426,234,lstm_corr_top1_era5_rand0,f3,1
2022-07-01,158.08627419196313,234,lstm_corr_top1_era5_rand0,f3,1
2022-08-01,265.18655331246816,234,lstm_corr_top1_era5_rand0,f3,1
2022-09-01,238.98689810906725,234,lstm_corr_top1_era5_rand0,f3,1
2022-10-01,323.7850066424991,234,lstm_corr_top1_era5_rand0,f3,1
2022-11-01,248.37247486057632,234,lstm_corr_top1_era5_rand0,f3,1
2022-12-01,229.6755408601954,234,lstm_corr_top1_era5_rand0,f3,1
2023-01-01,409.42973352733475,234,lstm_corr_top1_era5_rand0,f3,1
2023-02-01,257.4858332173436,234,lstm_corr_top1_era5_rand0,f3,1
2023-03-01,344.6986940236788,234,lstm_corr_top1_era5_rand0,f3,1
2023-04-01,378.7644947511284,234,lstm_corr_top1_era5_rand0,f3,1
2023-05-01,489.01431009662014,234,lstm_corr_top1_era5_rand0,f3,1
2023-06-01,540.7184008589361,234,lstm_corr_top1_era5_rand0,f3,1
2023-07-01,267.1394673001867,234,lstm_corr_top1_era5_rand0,f3,1
2023-08-01,265.3082018645668,234,lstm_corr_top1_era5_rand0,f3,1
2023-09-01,404.3782092316606,234,lstm_corr_top1_era5_rand0,f3,1
2022-05-01,203.40736128490144,234,lstm_corr_top1_rand1,f3,1
2022-06-01,199.80297790458508,234,lstm_corr_top1_rand1,f3,1
2022-07-01,171.63191974204787,234,lstm_corr_top1_rand1,f3,1
2022-08-01,308.0346570609594,234,lstm_corr_top1_rand1,f3,1
2022-09-01,262.8132958994052,234,lstm_corr_top1_rand1,f3,1
2022-10-01,309.757632700979,234,lstm_corr_top1_rand1,f3,1
2022-11-01,237.71302790850177,234,lstm_corr_top1_rand1,f3,1
2022-12-01,234.90260373523952,234,lstm_corr_top1_rand1,f3,1
2023-01-01,400.09198304363446,234,lstm_corr_top1_rand1,f3,1
2023-02-01,261.08509018868864,234,lstm_corr_top1_rand1,f3,1
2023-03-01,336.4996870278527,234,lstm_corr_top1_rand1,f3,1
2023-04-01,390.4950424626001,234,lstm_corr_top1_rand1,f3,1
2023-05-01,495.26797487212343,234,lstm_corr_top1_rand1,f3,1
2023-06-01,589.7801052191905,234,lstm_corr_top1_rand1,f3,1
2023-07-01,281.68943410288097,234,lstm_corr_top1_rand1,f3,1
2023-08-01,265.41087715206714,234,lstm_corr_top1_rand1,f3,1
2023-09-01,369.7817033178175,234,lstm_corr_top1_rand1,f3,1
2022-05-01,201.50550488259137,234,lstm_corr_top1_era5_rand1,f3,1
2022-06-01,180.77922454624724,234,lstm_corr_top1_era5_rand1,f3,1
2022-07-01,160.46537576004746,234,lstm_corr_top1_era5_rand1,f3,1
2022-08-01,270.27537361842616,234,lstm_corr_top1_era5_rand1,f3,1
2022-09-01,241.23816594519374,234,lstm_corr_top1_era5_rand1,f3,1
2022-10-01,327.247546053932,234,lstm_corr_top1_era5_rand1,f3,1
2022-11-01,255.3540649903845,234,lstm_corr_top1_era5_rand1,f3,1
2022-12-01,230.23873852853816,234,lstm_corr_top1_era5_rand1,f3,1
2023-01-01,406.8595069585923,234,lstm_corr_top1_era5_rand1,f3,1
2023-02-01,269.715530671405,234,lstm_corr_top1_era5_rand1,f3,1
2023-03-01,352.7452253679477,234,lstm_corr_top1_era5_rand1,f3,1
2023-04-01,382.03758199802905,234,lstm_corr_top1_era5_rand1,f3,1
2023-05-01,495.86391858638547,234,lstm_corr_top1_era5_rand1,f3,1
2023-06-01,535.4629789276864,234,lstm_corr_top1_era5_rand1,f3,1
2023-07-01,265.4156578921633,234,lstm_corr_top1_era5_rand1,f3,1
2023-08-01,262.2661949326843,234,lstm_corr_top1_era5_rand1,f3,1
2023-09-01,407.8993135898563,234,lstm_corr_top1_era5_rand1,f3,1
2022-05-01,201.96138961569486,234,lstm_corr_top1_rand2,f3,1
2022-06-01,199.85069484237334,234,lstm_corr_top1_rand2,f3,1
2022-07-01,172.2316428279536,234,lstm_corr_top1_rand2,f3,1
2022-08-01,304.06093619147515,234,lstm_corr_top1_rand2,f3,1
2022-09-01,263.3585173586331,234,lstm_corr_top1_rand2,f3,1
2022-10-01,311.4752681969616,234,lstm_corr_top1_rand2,f3,1
2022-11-01,239.6660473567824,234,lstm_corr_top1_rand2,f3,1
2022-12-01,234.60928320995993,234,lstm_corr_top1_rand2,f3,1
2023-01-01,402.3034519887726,234,lstm_corr_top1_rand2,f3,1
2023-02-01,263.53220331111,234,lstm_corr_top1_rand2,f3,1
2023-03-01,338.92850136334556,234,lstm_corr_top1_rand2,f3,1
2023-04-01,393.89255146859057,234,lstm_corr_top1_rand2,f3,1
2023-05-01,498.5607831864696,234,lstm_corr_top1_rand2,f3,1
2023-06-01,590.2318707504658,234,lstm_corr_top1_rand2,f3,1
2023-07-01,281.97880195618797,234,lstm_corr_top1_rand2,f3,1
2023-08-01,265.28405665721795,234,lstm_corr_top1_rand2,f3,1
2023-09-01,369.38389899343775,234,lstm_corr_top1_rand2,f3,1
2022-05-01,203.34601059023257,234,lstm_corr_top1_era5_rand2,f3,1
2022-06-01,182.02320377044623,234,lstm_corr_top1_era5_rand2,f3,1
2022-07-01,157.44464924742778,234,lstm_corr_top1_era5_rand2,f3,1
2022-08-01,268.1968910567071,234,lstm_corr_top1_era5_rand2,f3,1
2022-09-01,244.76746676024126,234,lstm_corr_top1_era5_rand2,f3,1
2022-10-01,326.1483422652033,234,lstm_corr_top1_era5_rand2,f3,1
2022-11-01,251.70839052073703,234,lstm_corr_top1_era5_rand2,f3,1
2022-12-01,233.1870992306763,234,lstm_corr_top1_era5_rand2,f3,1
2023-01-01,415.82248868953644,234,lstm_corr_top1_era5_rand2,f3,1
2023-02-01,268.79067542991953,234,lstm_corr_top1_era5_rand2,f3,1
2023-03-01,356.46558463818235,234,lstm_corr_top1_era5_rand2,f3,1
2023-04-01,385.83750000488203,234,lstm_corr_top1_era5_rand2,f3,1
2023-05-01,500.68218868894826,234,lstm_corr_top1_era5_rand2,f3,1
2023-06-01,539.7447040216741,234,lstm_corr_top1_era5_rand2,f3,1
2023-07-01,267.2851671413987,234,lstm_corr_top1_era5_rand2,f3,1
2023-08-01,262.28461473119455,234,lstm_corr_top1_era5_rand2,f3,1
2023-09-01,414.05878449409477,234,lstm_corr_top1_era5_rand2,f3,1
2022-05-01,202.03129059904634,234,lstm_corr_top1_rand3,f3,1
2022-06-01,201.44930243397556,234,lstm_corr_top1_rand3,f3,1
2022-07-01,172.36042628111832,234,lstm_corr_top1_rand3,f3,1
2022-08-01,306.72064433584455,234,lstm_corr_top1_rand3,f3,1
2022-09-01,261.6701837403102,234,lstm_corr_top1_rand3,f3,1
2022-10-01,310.2090059916246,234,lstm_corr_top1_rand3,f3,1
2022-11-01,240.23758414734715,234,lstm_corr_top1_rand3,f3,1
2022-12-01,236.65609554056442,234,lstm_corr_top1_rand3,f3,1
2023-01-01,405.84200548263624,234,lstm_corr_top1_rand3,f3,1
2023-02-01,263.75250632441276,234,lstm_corr_top1_rand3,f3,1
2023-03-01,338.9326169809882,234,lstm_corr_top1_rand3,f3,1
2023-04-01,391.7695860780771,234,lstm_corr_top1_rand3,f3,1
2023-05-01,500.4851093160596,234,lstm_corr_top1_rand3,f3,1
2023-06-01,590.8938977629144,234,lstm_corr_top1_rand3,f3,1
2023-07-01,279.3166661257523,234,lstm_corr_top1_rand3,f3,1
2023-08-01,267.3573482735536,234,lstm_corr_top1_rand3,f3,1
2023-09-01,370.5536640406411,234,lstm_corr_top1_rand3,f3,1
2022-05-01,201.99261791125036,234,lstm_corr_top1_era5_rand3,f3,1
2022-06-01,181.7461195773672,234,lstm_corr_top1_era5_rand3,f3,1
2022-07-01,157.59098633851667,234,lstm_corr_top1_era5_rand3,f3,1
2022-08-01,266.35434834368397,234,lstm_corr_top1_era5_rand3,f3,1
2022-09-01,240.00864538987966,234,lstm_corr_top1_era5_rand3,f3,1
2022-10-01,329.6801693057291,234,lstm_corr_top1_era5_rand3,f3,1
2022-11-01,257.2265700376883,234,lstm_corr_top1_era5_rand3,f3,1
2022-12-01,237.26941505409613,234,lstm_corr_top1_era5_rand3,f3,1
2023-01-01,408.77999772386704,234,lstm_corr_top1_era5_rand3,f3,1
2023-02-01,266.74552691834367,234,lstm_corr_top1_era5_rand3,f3,1
2023-03-01,351.6148224737505,234,lstm_corr_top1_era5_rand3,f3,1
2023-04-01,386.4689051331011,234,lstm_corr_top1_era5_rand3,f3,1
2023-05-01,505.4827931092384,234,lstm_corr_top1_era5_rand3,f3,1
2023-06-01,553.8259555381414,234,lstm_corr_top1_era5_rand3,f3,1
2023-07-01,264.22240053097676,234,lstm_corr_top1_era5_rand3,f3,1
2023-08-01,267.50747326377154,234,lstm_corr_top1_era5_rand3,f3,1
2023-09-01,415.599637032035,234,lstm_corr_top1_era5_rand3,f3,1
2022-05-01,202.8814600939613,234,lstm_corr_top1_rand4,f3,1
2022-06-01,199.85019003175205,234,lstm_corr_top1_rand4,f3,1
2022-07-01,174.24436611739858,234,lstm_corr_top1_rand4,f3,1
2022-08-01,305.5214213824932,234,lstm_corr_top1_rand4,f3,1
2022-09-01,266.0792499077101,234,lstm_corr_top1_rand4,f3,1
2022-10-01,316.5262049479071,234,lstm_corr_top1_rand4,f3,1
2022-11-01,242.24996682820566,234,lstm_corr_top1_rand4,f3,1
2022-12-01,236.89249338419444,234,lstm_corr_top1_rand4,f3,1
2023-01-01,405.0634473183137,234,lstm_corr_top1_rand4,f3,1
2023-02-01,261.23639636592486,234,lstm_corr_top1_rand4,f3,1
2023-03-01,340.5847066143161,234,lstm_corr_top1_rand4,f3,1
2023-04-01,394.865471193915,234,lstm_corr_top1_rand4,f3,1
2023-05-01,500.4878189568315,234,lstm_corr_top1_rand4,f3,1
2023-06-01,586.8940567405191,234,lstm_corr_top1_rand4,f3,1
2023-07-01,284.240587887088,234,lstm_corr_top1_rand4,f3,1
2023-08-01,266.2741970967245,234,lstm_corr_top1_rand4,f3,1
2023-09-01,371.8115397514296,234,lstm_corr_top1_rand4,f3,1
2022-05-01,200.96341204648877,234,lstm_corr_top1_era5_rand4,f3,1
2022-06-01,183.88298481224865,234,lstm_corr_top1_era5_rand4,f3,1
2022-07-01,162.1753428142746,234,lstm_corr_top1_era5_rand4,f3,1
2022-08-01,263.1238505097927,234,lstm_corr_top1_era5_rand4,f3,1
2022-09-01,240.94274337550215,234,lstm_corr_top1_era5_rand4,f3,1
2022-10-01,330.80948116674887,234,lstm_corr_top1_era5_rand4,f3,1
2022-11-01,255.60360260399375,234,lstm_corr_top1_era5_rand4,f3,1
2022-12-01,246.57198489609274,234,lstm_corr_top1_era5_rand4,f3,1
2023-01-01,429.2669464313418,234,lstm_corr_top1_era5_rand4,f3,1
2023-02-01,284.91218886629457,234,lstm_corr_top1_era5_rand4,f3,1
2023-03-01,376.9561566215513,234,lstm_corr_top1_era5_rand4,f3,1
2023-04-01,399.7467625794398,234,lstm_corr_top1_era5_rand4,f3,1
2023-05-01,515.356289016592,234,lstm_corr_top1_era5_rand4,f3,1
2023-06-01,557.6642806332956,234,lstm_corr_top1_era5_rand4,f3,1
2023-07-01,290.9188158931956,234,lstm_corr_top1_era5_rand4,f3,1
2023-08-01,276.86765297390525,234,lstm_corr_top1_era5_rand4,f3,1
2023-09-01,444.83876876447545,234,lstm_corr_top1_era5_rand4,f3,1
2022-05-01,201.00552612499675,234,lstm_corr_top1_rand5,f3,1
2022-06-01,201.21619407265314,234,lstm_corr_top1_rand5,f3,1
2022-07-01,171.73497264257614,234,lstm_corr_top1_rand5,f3,1
2022-08-01,303.5337816212224,234,lstm_corr_top1_rand5,f3,1
2022-09-01,261.33493014322937,234,lstm_corr_top1_rand5,f3,1
2022-10-01,309.1020623826455,234,lstm_corr_top1_rand5,f3,1
2022-11-01,238.74118378684543,234,lstm_corr_top1_rand5,f3,1
2022-12-01,235.13899501165756,234,lstm_corr_top1_rand5,f3,1
2023-01-01,400.9471483728208,234,lstm_corr_top1_rand5,f3,1
2023-02-01,263.7641219873342,234,lstm_corr_top1_rand5,f3,1
2023-03-01,336.8623043177526,234,lstm_corr_top1_rand5,f3,1
2023-04-01,391.92082112080107,234,lstm_corr_top1_rand5,f3,1
2023-05-01,495.27000051002074,234,lstm_corr_top1_rand5,f3,1
2023-06-01,590.571753964218,234,lstm_corr_top1_rand5,f3,1
2023-07-01,280.0650564808521,234,lstm_corr_top1_rand5,f3,1
2023-08-01,268.05366511706984,234,lstm_corr_top1_rand5,f3,1
2023-09-01,369.12287248200323,234,lstm_corr_top1_rand5,f3,1
2022-05-01,204.01898244676167,234,lstm_corr_top1_era5_rand5,f3,1
2022-06-01,179.56206401408542,234,lstm_corr_top1_era5_rand5,f3,1
2022-07-01,161.44263453988316,234,lstm_corr_top1_era5_rand5,f3,1
2022-08-01,266.1343138637788,234,lstm_corr_top1_era5_rand5,f3,1
2022-09-01,238.5558686851711,234,lstm_corr_top1_era5_rand5,f3,1
2022-10-01,331.66006501831527,234,lstm_corr_top1_era5_rand5,f3,1
2022-11-01,253.244468608572,234,lstm_corr_top1_era5_rand5,f3,1
2022-12-01,234.74234030263614,234,lstm_corr_top1_era5_rand5,f3,1
2023-01-01,404.6436006360944,234,lstm_corr_top1_era5_rand5,f3,1
2023-02-01,270.622580038028,234,lstm_corr_top1_era5_rand5,f3,1
2023-03-01,356.8812599682857,234,lstm_corr_top1_era5_rand5,f3,1
2023-04-01,388.21008111913665,234,lstm_corr_top1_era5_rand5,f3,1
2023-05-01,499.60113696515253,234,lstm_corr_top1_era5_rand5,f3,1
2023-06-01,538.5127132646282,234,lstm_corr_top1_era5_rand5,f3,1
2023-07-01,272.0212780508141,234,lstm_corr_top1_era5_rand5,f3,1
2023-08-01,274.54819135341927,234,lstm_corr_top1_era5_rand5,f3,1
2023-09-01,413.9518096824206,234,lstm_corr_top1_era5_rand5,f3,1
2022-05-01,203.84038358699425,234,lstm_corr_top1_rand6,f3,1
2022-06-01,200.12784363768932,234,lstm_corr_top1_rand6,f3,1
2022-07-01,174.15782853724002,234,lstm_corr_top1_rand6,f3,1
2022-08-01,305.326845157196,234,lstm_corr_top1_rand6,f3,1
2022-09-01,265.36227826324716,234,lstm_corr_top1_rand6,f3,1
2022-10-01,309.5151922909045,234,lstm_corr_top1_rand6,f3,1
2022-11-01,240.58461862176208,234,lstm_corr_top1_rand6,f3,1
2022-12-01,236.89131774155402,234,lstm_corr_top1_rand6,f3,1
2023-01-01,407.48027315481215,234,lstm_corr_top1_rand6,f3,1
2023-02-01,266.1208041006004,234,lstm_corr_top1_rand6,f3,1
2023-03-01,339.9026602433981,234,lstm_corr_top1_rand6,f3,1
2023-04-01,392.792172331511,234,lstm_corr_top1_rand6,f3,1
2023-05-01,497.1307628158347,234,lstm_corr_top1_rand6,f3,1
2023-06-01,585.684878040898,234,lstm_corr_top1_rand6,f3,1
2023-07-01,279.6595633259988,234,lstm_corr_top1_rand6,f3,1
2023-08-01,266.5209410526921,234,lstm_corr_top1_rand6,f3,1
2023-09-01,371.2579189470242,234,lstm_corr_top1_rand6,f3,1
2022-05-01,204.53705847755583,234,lstm_corr_top1_era5_rand6,f3,1
2022-06-01,180.02773984477727,234,lstm_corr_top1_era5_rand6,f3,1
2022-07-01,160.2436658246692,234,lstm_corr_top1_era5_rand6,f3,1
2022-08-01,268.655982902377,234,lstm_corr_top1_era5_rand6,f3,1
2022-09-01,246.5514243829039,234,lstm_corr_top1_era5_rand6,f3,1
2022-10-01,328.40484397843136,234,lstm_corr_top1_era5_rand6,f3,1
2022-11-01,250.12609676695917,234,lstm_corr_top1_era5_rand6,f3,1
2022-12-01,242.39339379241073,234,lstm_corr_top1_era5_rand6,f3,1
2023-01-01,416.6149743266336,234,lstm_corr_top1_era5_rand6,f3,1
2023-02-01,272.4818228075384,234,lstm_corr_top1_era5_rand6,f3,1
2023-03-01,362.42070997767877,234,lstm_corr_top1_era5_rand6,f3,1
2023-04-01,394.90278429749395,234,lstm_corr_top1_era5_rand6,f3,1
2023-05-01,507.16161938882175,234,lstm_corr_top1_era5_rand6,f3,1
2023-06-01,544.0567358119724,234,lstm_corr_top1_era5_rand6,f3,1
2023-07-01,279.3666556582426,234,lstm_corr_top1_era5_rand6,f3,1
2023-08-01,277.46097072213837,234,lstm_corr_top1_era5_rand6,f3,1
2023-09-01,428.35386236658184,234,lstm_corr_top1_era5_rand6,f3,1
2022-05-01,202.40747802473086,234,lstm_corr_top1_rand7,f3,1
2022-06-01,200.82607388518304,234,lstm_corr_top1_rand7,f3,1
2022-07-01,171.27104828959116,234,lstm_corr_top1_rand7,f3,1
2022-08-01,306.7421406407249,234,lstm_corr_top1_rand7,f3,1
2022-09-01,263.506954009879,234,lstm_corr_top1_rand7,f3,1
2022-10-01,311.03477836575706,234,lstm_corr_top1_rand7,f3,1
2022-11-01,239.21606035262158,234,lstm_corr_top1_rand7,f3,1
2022-12-01,234.55378724316952,234,lstm_corr_top1_rand7,f3,1
2023-01-01,403.0855313772926,234,lstm_corr_top1_rand7,f3,1
2023-02-01,263.35962297209386,234,lstm_corr_top1_rand7,f3,1
2023-03-01,336.81942021503863,234,lstm_corr_top1_rand7,f3,1
2023-04-01,392.40272288455054,234,lstm_corr_top1_rand7,f3,1
2023-05-01,496.7067264552747,234,lstm_corr_top1_rand7,f3,1
2023-06-01,589.5867534744343,234,lstm_corr_top1_rand7,f3,1
2023-07-01,280.88889910540644,234,lstm_corr_top1_rand7,f3,1
2023-08-01,265.74991578608,234,lstm_corr_top1_rand7,f3,1
2023-09-01,366.9529289827927,234,lstm_corr_top1_rand7,f3,1
2022-05-01,202.8939397517789,234,lstm_corr_top1_era5_rand7,f3,1
2022-06-01,180.7369294946613,234,lstm_corr_top1_era5_rand7,f3,1
2022-07-01,160.67036635882624,234,lstm_corr_top1_era5_rand7,f3,1
2022-08-01,265.47543128108794,234,lstm_corr_top1_era5_rand7,f3,1
2022-09-01,240.42758914023796,234,lstm_corr_top1_era5_rand7,f3,1
2022-10-01,315.5127338138302,234,lstm_corr_top1_era5_rand7,f3,1
2022-11-01,249.80082534427254,234,lstm_corr_top1_era5_rand7,f3,1
2022-12-01,225.8538747540727,234,lstm_corr_top1_era5_rand7,f3,1
2023-01-01,401.9523751784494,234,lstm_corr_top1_era5_rand7,f3,1
2023-02-01,267.89261957969984,234,lstm_corr_top1_era5_rand7,f3,1
2023-03-01,355.0520516084156,234,lstm_corr_top1_era5_rand7,f3,1
2023-04-01,388.16441757623016,234,lstm_corr_top1_era5_rand7,f3,1
2023-05-01,503.68297784009224,234,lstm_corr_top1_era5_rand7,f3,1
2023-06-01,557.9723746790629,234,lstm_corr_top1_era5_rand7,f3,1
2023-07-01,268.63423147156675,234,lstm_corr_top1_era5_rand7,f3,1
2023-08-01,265.48357767480013,234,lstm_corr_top1_era5_rand7,f3,1
2023-09-01,410.37487683653757,234,lstm_corr_top1_era5_rand7,f3,1
2022-05-01,201.11993791540783,234,lstm_corr_top1_rand8,f3,1
2022-06-01,201.0116911116173,234,lstm_corr_top1_rand8,f3,1
2022-07-01,170.32504801007983,234,lstm_corr_top1_rand8,f3,1
2022-08-01,308.0375361055426,234,lstm_corr_top1_rand8,f3,1
2022-09-01,264.63476213569083,234,lstm_corr_top1_rand8,f3,1
2022-10-01,308.01725852507286,234,lstm_corr_top1_rand8,f3,1
2022-11-01,238.21218181806924,234,lstm_corr_top1_rand8,f3,1
2022-12-01,236.2639048099105,234,lstm_corr_top1_rand8,f3,1
2023-01-01,401.6264743446164,234,lstm_corr_top1_rand8,f3,1
2023-02-01,265.8756709095546,234,lstm_corr_top1_rand8,f3,1
2023-03-01,337.0560552663559,234,lstm_corr_top1_rand8,f3,1
2023-04-01,392.70983533412914,234,lstm_corr_top1_rand8,f3,1
2023-05-01,496.42308892065046,234,lstm_corr_top1_rand8,f3,1
2023-06-01,589.4444171157475,234,lstm_corr_top1_rand8,f3,1
2023-07-01,280.08281308280857,234,lstm_corr_top1_rand8,f3,1
2023-08-01,267.23786661063656,234,lstm_corr_top1_rand8,f3,1
2023-09-01,370.97176250602934,234,lstm_corr_top1_rand8,f3,1
2022-05-01,201.69051197666965,234,lstm_corr_top1_era5_rand8,f3,1
2022-06-01,180.18697498334978,234,lstm_corr_top1_era5_rand8,f3,1
2022-07-01,160.7252125102457,234,lstm_corr_top1_era5_rand8,f3,1
2022-08-01,268.8546785105661,234,lstm_corr_top1_era5_rand8,f3,1
2022-09-01,240.51890239401357,234,lstm_corr_top1_era5_rand8,f3,1
2022-10-01,334.92161322787524,234,lstm_corr_top1_era5_rand8,f3,1
2022-11-01,253.77875363693883,234,lstm_corr_top1_era5_rand8,f3,1
2022-12-01,241.42692863208603,234,lstm_corr_top1_era5_rand8,f3,1
2023-01-01,414.83499453450014,234,lstm_corr_top1_era5_rand8,f3,1
2023-02-01,279.26700204364954,234,lstm_corr_top1_era5_rand8,f3,1
2023-03-01,364.88683980439004,234,lstm_corr_top1_era5_rand8,f3,1
2023-04-01,393.5059977878867,234,lstm_corr_top1_era5_rand8,f3,1
2023-05-01,517.2982837473375,234,lstm_corr_top1_era5_rand8,f3,1
2023-06-01,552.063680183776,234,lstm_corr_top1_era5_rand8,f3,1
2023-07-01,277.9227460449511,234,lstm_corr_top1_era5_rand8,f3,1
2023-08-01,278.7500051854908,234,lstm_corr_top1_era5_rand8,f3,1
2023-09-01,432.18438063032977,234,lstm_corr_top1_era5_rand8,f3,1
2022-05-01,203.19752910610538,234,lstm_corr_top1_rand9,f3,1
2022-06-01,199.72554038611312,234,lstm_corr_top1_rand9,f3,1
2022-07-01,171.79902715001774,234,lstm_corr_top1_rand9,f3,1
2022-08-01,308.27757698424244,234,lstm_corr_top1_rand9,f3,1
2022-09-01,262.72863237839823,234,lstm_corr_top1_rand9,f3,1
2022-10-01,312.71533835466045,234,lstm_corr_top1_rand9,f3,1
2022-11-01,238.3164077460826,234,lstm_corr_top1_rand9,f3,1
2022-12-01,234.07180092984504,234,lstm_corr_top1_rand9,f3,1
2023-01-01,398.5779104727254,234,lstm_corr_top1_rand9,f3,1
2023-02-01,261.0043302485003,234,lstm_corr_top1_rand9,f3,1
2023-03-01,335.70422711794663,234,lstm_corr_top1_rand9,f3,1
2023-04-01,391.71092330856044,234,lstm_corr_top1_rand9,f3,1
2023-05-01,495.0220505115742,234,lstm_corr_top1_rand9,f3,1
2023-06-01,588.9170102197957,234,lstm_corr_top1_rand9,f3,1
2023-07-01,279.2582263139393,234,lstm_corr_top1_rand9,f3,1
2023-08-01,263.07032774249865,234,lstm_corr_top1_rand9,f3,1
2023-09-01,370.7155700200645,234,lstm_corr_top1_rand9,f3,1
2022-05-01,201.40386099480426,234,lstm_corr_top1_era5_rand9,f3,1
2022-06-01,181.39097235475515,234,lstm_corr_top1_era5_rand9,f3,1
2022-07-01,161.80533543861867,234,lstm_corr_top1_era5_rand9,f3,1
2022-08-01,270.290703828181,234,lstm_corr_top1_era5_rand9,f3,1
2022-09-01,242.15987816264706,234,lstm_corr_top1_era5_rand9,f3,1
2022-10-01,333.44999028316994,234,lstm_corr_top1_era5_rand9,f3,1
2022-11-01,257.9959329627299,234,lstm_corr_top1_era5_rand9,f3,1
2022-12-01,245.2068758236385,234,lstm_corr_top1_era5_rand9,f3,1
2023-01-01,410.44341406214346,234,lstm_corr_top1_era5_rand9,f3,1
2023-02-01,267.35752444692434,234,lstm_corr_top1_era5_rand9,f3,1
2023-03-01,351.3649620676278,234,lstm_corr_top1_era5_rand9,f3,1
2023-04-01,388.7313296349448,234,lstm_corr_top1_era5_rand9,f3,1
2023-05-01,496.79014085066933,234,lstm_corr_top1_era5_rand9,f3,1
2023-06-01,542.0331073988209,234,lstm_corr_top1_era5_rand9,f3,1
2023-07-01,277.46576758526913,234,lstm_corr_top1_era5_rand9,f3,1
2023-08-01,277.1800032310205,234,lstm_corr_top1_era5_rand9,f3,1
2023-09-01,436.79120495452116,234,lstm_corr_top1_era5_rand9,f3,1
2022-05-01,204.4487742984103,234,lstm_corr_top1_rand10,f3,1
2022-06-01,200.32401281658088,234,lstm_corr_top1_rand10,f3,1
2022-07-01,173.00849329958137,234,lstm_corr_top1_rand10,f3,1
2022-08-01,307.70293765918933,234,lstm_corr_top1_rand10,f3,1
2022-09-01,264.97398284512553,234,lstm_corr_top1_rand10,f3,1
2022-10-01,313.5596391720252,234,lstm_corr_top1_rand10,f3,1
2022-11-01,241.33833923402506,234,lstm_corr_top1_rand10,f3,1
2022-12-01,236.32473118702205,234,lstm_corr_top1_rand10,f3,1
2023-01-01,405.1589218917529,234,lstm_corr_top1_rand10,f3,1
2023-02-01,262.3273646220357,234,lstm_corr_top1_rand10,f3,1
2023-03-01,337.369024135536,234,lstm_corr_top1_rand10,f3,1
2023-04-01,396.17193483269244,234,lstm_corr_top1_rand10,f3,1
2023-05-01,498.361767221804,234,lstm_corr_top1_rand10,f3,1
2023-06-01,592.2803522282587,234,lstm_corr_top1_rand10,f3,1
2023-07-01,280.86705418158266,234,lstm_corr_top1_rand10,f3,1
2023-08-01,267.36506832738166,234,lstm_corr_top1_rand10,f3,1
2023-09-01,368.4632571023041,234,lstm_corr_top1_rand10,f3,1
2022-05-01,202.48904447534616,234,lstm_corr_top1_era5_rand10,f3,1
2022-06-01,178.71573649729118,234,lstm_corr_top1_era5_rand10,f3,1
2022-07-01,160.16753668664995,234,lstm_corr_top1_era5_rand10,f3,1
2022-08-01,263.7746949940608,234,lstm_corr_top1_era5_rand10,f3,1
2022-09-01,239.55496959567776,234,lstm_corr_top1_era5_rand10,f3,1
2022-10-01,348.92993610983774,234,lstm_corr_top1_era5_rand10,f3,1
2022-11-01,250.14618466107203,234,lstm_corr_top1_era5_rand10,f3,1
2022-12-01,237.5843220251515,234,lstm_corr_top1_era5_rand10,f3,1
2023-01-01,405.1187038855803,234,lstm_corr_top1_era5_rand10,f3,1
2023-02-01,273.71263833507214,234,lstm_corr_top1_era5_rand10,f3,1
2023-03-01,362.84220855888924,234,lstm_corr_top1_era5_rand10,f3,1
2023-04-01,393.23067970329276,234,lstm_corr_top1_era5_rand10,f3,1
2023-05-01,502.5319343786002,234,lstm_corr_top1_era5_rand10,f3,1
2023-06-01,553.2438627449633,234,lstm_corr_top1_era5_rand10,f3,1
2023-07-01,280.57691912540855,234,lstm_corr_top1_era5_rand10,f3,1
2023-08-01,285.3269593409717,234,lstm_corr_top1_era5_rand10,f3,1
2023-09-01,421.8533297715056,234,lstm_corr_top1_era5_rand10,f3,1
2022-05-01,202.01588342936438,234,lstm_corr_top1_rand11,f3,1
2022-06-01,199.9166192263632,234,lstm_corr_top1_rand11,f3,1
2022-07-01,170.6986657430373,234,lstm_corr_top1_rand11,f3,1
2022-08-01,307.3679830823439,234,lstm_corr_top1_rand11,f3,1
2022-09-01,261.85952711811376,234,lstm_corr_top1_rand11,f3,1
2022-10-01,311.4679107819543,234,lstm_corr_top1_rand11,f3,1
2022-11-01,239.8792315909559,234,lstm_corr_top1_rand11,f3,1
2022-12-01,235.376133482423,234,lstm_corr_top1_rand11,f3,1
2023-01-01,404.3219517463231,234,lstm_corr_top1_rand11,f3,1
2023-02-01,260.0237478504302,234,lstm_corr_top1_rand11,f3,1
2023-03-01,339.48262076118607,234,lstm_corr_top1_rand11,f3,1
2023-04-01,389.93753020392813,234,lstm_corr_top1_rand11,f3,1
2023-05-01,498.3816592288063,234,lstm_corr_top1_rand11,f3,1
2023-06-01,591.3344564270939,234,lstm_corr_top1_rand11,f3,1
2023-07-01,281.87890783740926,234,lstm_corr_top1_rand11,f3,1
2023-08-01,264.40575871555825,234,lstm_corr_top1_rand11,f3,1
2023-09-01,370.1288668158523,234,lstm_corr_top1_rand11,f3,1
2022-05-01,201.64522815341067,234,lstm_corr_top1_era5_rand11,f3,1
2022-06-01,176.92076703243453,234,lstm_corr_top1_era5_rand11,f3,1
2022-07-01,161.94709717336798,234,lstm_corr_top1_era5_rand11,f3,1
2022-08-01,266.2510947420432,234,lstm_corr_top1_era5_rand11,f3,1
2022-09-01,238.38584703972526,234,lstm_corr_top1_era5_rand11,f3,1
2022-10-01,344.32055284899735,234,lstm_corr_top1_era5_rand11,f3,1
2022-11-01,253.93844677405107,234,lstm_corr_top1_era5_rand11,f3,1
2022-12-01,237.05202960850113,234,lstm_corr_top1_era5_rand11,f3,1
2023-01-01,411.56382405293556,234,lstm_corr_top1_era5_rand11,f3,1
2023-02-01,271.0256179877961,234,lstm_corr_top1_era5_rand11,f3,1
2023-03-01,358.91852145526275,234,lstm_corr_top1_era5_rand11,f3,1
2023-04-01,391.8354520679048,234,lstm_corr_top1_era5_rand11,f3,1
2023-05-01,503.6836218970392,234,lstm_corr_top1_era5_rand11,f3,1
2023-06-01,548.5893280070048,234,lstm_corr_top1_era5_rand11,f3,1
2023-07-01,277.70300866234993,234,lstm_corr_top1_era5_rand11,f3,1
2023-08-01,274.43320376941443,234,lstm_corr_top1_era5_rand11,f3,1
2023-09-01,426.91400191811897,234,lstm_corr_top1_era5_rand11,f3,1
2022-05-01,201.87893117583303,234,lstm_corr_top1_rand12,f3,1
2022-06-01,200.16782396760664,234,lstm_corr_top1_rand12,f3,1
2022-07-01,171.58888141476527,234,lstm_corr_top1_rand12,f3,1
2022-08-01,307.9043477203467,234,lstm_corr_top1_rand12,f3,1
2022-09-01,262.78248325086344,234,lstm_corr_top1_rand12,f3,1
2022-10-01,310.94773157578646,234,lstm_corr_top1_rand12,f3,1
2022-11-01,239.23350114337475,234,lstm_corr_top1_rand12,f3,1
2022-12-01,231.72192170947466,234,lstm_corr_top1_rand12,f3,1
2023-01-01,396.81058185884353,234,lstm_corr_top1_rand12,f3,1
2023-02-01,264.54336400424035,234,lstm_corr_top1_rand12,f3,1
2023-03-01,336.3017889804623,234,lstm_corr_top1_rand12,f3,1
2023-04-01,391.44680039532795,234,lstm_corr_top1_rand12,f3,1
2023-05-01,498.56340438608646,234,lstm_corr_top1_rand12,f3,1
2023-06-01,589.2906047958004,234,lstm_corr_top1_rand12,f3,1
2023-07-01,281.60445578609813,234,lstm_corr_top1_rand12,f3,1
2023-08-01,264.4761969345892,234,lstm_corr_top1_rand12,f3,1
2023-09-01,369.4498385507049,234,lstm_corr_top1_rand12,f3,1
2022-05-01,201.36205023811033,234,lstm_corr_top1_era5_rand12,f3,1
2022-06-01,181.6742448097297,234,lstm_corr_top1_era5_rand12,f3,1
2022-07-01,157.56709459418084,234,lstm_corr_top1_era5_rand12,f3,1
2022-08-01,268.48786197136536,234,lstm_corr_top1_era5_rand12,f3,1
2022-09-01,241.55025600879452,234,lstm_corr_top1_era5_rand12,f3,1
2022-10-01,325.9005981443554,234,lstm_corr_top1_era5_rand12,f3,1
2022-11-01,257.9390664442861,234,lstm_corr_top1_era5_rand12,f3,1
2022-12-01,231.98812028369343,234,lstm_corr_top1_era5_rand12,f3,1
2023-01-01,409.3642045170232,234,lstm_corr_top1_era5_rand12,f3,1
2023-02-01,271.00005170097717,234,lstm_corr_top1_era5_rand12,f3,1
2023-03-01,350.32759349469177,234,lstm_corr_top1_era5_rand12,f3,1
2023-04-01,382.9557485683757,234,lstm_corr_top1_era5_rand12,f3,1
2023-05-01,498.2376338075211,234,lstm_corr_top1_era5_rand12,f3,1
2023-06-01,548.9350625908179,234,lstm_corr_top1_era5_rand12,f3,1
2023-07-01,273.01101762252057,234,lstm_corr_top1_era5_rand12,f3,1
2023-08-01,266.45726526717067,234,lstm_corr_top1_era5_rand12,f3,1
2023-09-01,420.7815868834961,234,lstm_corr_top1_era5_rand12,f3,1
2022-05-01,202.18630659172229,234,lstm_corr_top1_rand13,f3,1
2022-06-01,200.3068885812842,234,lstm_corr_top1_rand13,f3,1
2022-07-01,171.89727993417102,234,lstm_corr_top1_rand13,f3,1
2022-08-01,307.52407781728976,234,lstm_corr_top1_rand13,f3,1
2022-09-01,262.3204454418933,234,lstm_corr_top1_rand13,f3,1
2022-10-01,311.0427187693835,234,lstm_corr_top1_rand13,f3,1
2022-11-01,239.9092323715102,234,lstm_corr_top1_rand13,f3,1
2022-12-01,235.06065724220085,234,lstm_corr_top1_rand13,f3,1
2023-01-01,397.1100642576195,234,lstm_corr_top1_rand13,f3,1
2023-02-01,263.70132708729653,234,lstm_corr_top1_rand13,f3,1
2023-03-01,337.5563342920441,234,lstm_corr_top1_rand13,f3,1
2023-04-01,390.4684209934281,234,lstm_corr_top1_rand13,f3,1
2023-05-01,494.6705879167424,234,lstm_corr_top1_rand13,f3,1
2023-06-01,591.014608204987,234,lstm_corr_top1_rand13,f3,1
2023-07-01,279.6138974655045,234,lstm_corr_top1_rand13,f3,1
2023-08-01,264.17509540651974,234,lstm_corr_top1_rand13,f3,1
2023-09-01,369.77364653474933,234,lstm_corr_top1_rand13,f3,1
2022-05-01,202.76242496741824,234,lstm_corr_top1_era5_rand13,f3,1
2022-06-01,182.85737646227804,234,lstm_corr_top1_era5_rand13,f3,1
2022-07-01,156.5893858793763,234,lstm_corr_top1_era5_rand13,f3,1
2022-08-01,272.65309722762805,234,lstm_corr_top1_era5_rand13,f3,1
2022-09-01,241.45914944008936,234,lstm_corr_top1_era5_rand13,f3,1
2022-10-01,327.75832026986234,234,lstm_corr_top1_era5_rand13,f3,1
2022-11-01,255.83563187064922,234,lstm_corr_top1_era5_rand13,f3,1
2022-12-01,239.11197185912914,234,lstm_corr_top1_era5_rand13,f3,1
2023-01-01,422.1124381857668,234,lstm_corr_top1_era5_rand13,f3,1
2023-02-01,271.9735051551486,234,lstm_corr_top1_era5_rand13,f3,1
2023-03-01,359.2371265765373,234,lstm_corr_top1_era5_rand13,f3,1
2023-04-01,382.5241121621199,234,lstm_corr_top1_era5_rand13,f3,1
2023-05-01,504.975240148446,234,lstm_corr_top1_era5_rand13,f3,1
2023-06-01,557.6718167948129,234,lstm_corr_top1_era5_rand13,f3,1
2023-07-01,274.10481636483564,234,lstm_corr_top1_era5_rand13,f3,1
2023-08-01,266.1901174545352,234,lstm_corr_top1_era5_rand13,f3,1
2023-09-01,430.49209187515845,234,lstm_corr_top1_era5_rand13,f3,1
2022-05-01,203.14778478752265,234,lstm_corr_top1_rand14,f3,1
2022-06-01,199.723358691221,234,lstm_corr_top1_rand14,f3,1
2022-07-01,173.4220925409378,234,lstm_corr_top1_rand14,f3,1
2022-08-01,307.5103597767823,234,lstm_corr_top1_rand14,f3,1
2022-09-01,264.9935378448483,234,lstm_corr_top1_rand14,f3,1
2022-10-01,311.7108185793821,234,lstm_corr_top1_rand14,f3,1
2022-11-01,240.26678051579682,234,lstm_corr_top1_rand14,f3,1
2022-12-01,235.14760335145445,234,lstm_corr_top1_rand14,f3,1
2023-01-01,403.88221072367816,234,lstm_corr_top1_rand14,f3,1
2023-02-01,264.5819817811064,234,lstm_corr_top1_rand14,f3,1
2023-03-01,337.5459894101588,234,lstm_corr_top1_rand14,f3,1
2023-04-01,396.8557382042453,234,lstm_corr_top1_rand14,f3,1
2023-05-01,498.7715233824494,234,lstm_corr_top1_rand14,f3,1
2023-06-01,588.1558989752051,234,lstm_corr_top1_rand14,f3,1
2023-07-01,281.7381040607852,234,lstm_corr_top1_rand14,f3,1
2023-08-01,267.124435908475,234,lstm_corr_top1_rand14,f3,1
2023-09-01,368.1408933874661,234,lstm_corr_top1_rand14,f3,1
2022-05-01,202.92904870638282,234,lstm_corr_top1_era5_rand14,f3,1
2022-06-01,181.1369600439408,234,lstm_corr_top1_era5_rand14,f3,1
2022-07-01,159.23920192959915,234,lstm_corr_top1_era5_rand14,f3,1
2022-08-01,263.56628605680305,234,lstm_corr_top1_era5_rand14,f3,1
2022-09-01,237.69136749881807,234,lstm_corr_top1_era5_rand14,f3,1
2022-10-01,337.69683210522913,234,lstm_corr_top1_era5_rand14,f3,1
2022-11-01,251.63696799226662,234,lstm_corr_top1_era5_rand14,f3,1
2022-12-01,226.59211573702666,234,lstm_corr_top1_era5_rand14,f3,1
2023-01-01,405.9123192606614,234,lstm_corr_top1_era5_rand14,f3,1
2023-02-01,268.070246306667,234,lstm_corr_top1_era5_rand14,f3,1
2023-03-01,352.2001507869514,234,lstm_corr_top1_era5_rand14,f3,1
2023-04-01,381.52818736525717,234,lstm_corr_top1_era5_rand14,f3,1
2023-05-01,498.69186683302286,234,lstm_corr_top1_era5_rand14,f3,1
2023-06-01,543.0928970000734,234,lstm_corr_top1_era5_rand14,f3,1
2023-07-01,265.49389500256564,234,lstm_corr_top1_era5_rand14,f3,1
2023-08-01,266.8072291007271,234,lstm_corr_top1_era5_rand14,f3,1
2023-09-01,412.05771894651167,234,lstm_corr_top1_era5_rand14,f3,1
2022-05-01,203.5713984723135,234,lstm_corr_top1_rand15,f3,1
2022-06-01,200.3280476204449,234,lstm_corr_top1_rand15,f3,1
2022-07-01,172.82390432985372,234,lstm_corr_top1_rand15,f3,1
2022-08-01,307.7140741870153,234,lstm_corr_top1_rand15,f3,1
2022-09-01,263.4847494615693,234,lstm_corr_top1_rand15,f3,1
2022-10-01,310.6697814670434,234,lstm_corr_top1_rand15,f3,1
2022-11-01,239.94196784601505,234,lstm_corr_top1_rand15,f3,1
2022-12-01,234.67048822353905,234,lstm_corr_top1_rand15,f3,1
2023-01-01,402.3531235115282,234,lstm_corr_top1_rand15,f3,1
2023-02-01,264.6646263311216,234,lstm_corr_top1_rand15,f3,1
2023-03-01,338.80227509609585,234,lstm_corr_top1_rand15,f3,1
2023-04-01,393.38816950505446,234,lstm_corr_top1_rand15,f3,1
2023-05-01,497.3755198018199,234,lstm_corr_top1_rand15,f3,1
2023-06-01,590.256218695796,234,lstm_corr_top1_rand15,f3,1
2023-07-01,281.40296872873404,234,lstm_corr_top1_rand15,f3,1
2023-08-01,266.32411083593894,234,lstm_corr_top1_rand15,f3,1
2023-09-01,368.7623232295587,234,lstm_corr_top1_rand15,f3,1
2022-05-01,203.66826227329682,234,lstm_corr_top1_era5_rand15,f3,1
2022-06-01,177.41334664917818,234,lstm_corr_top1_era5_rand15,f3,1
2022-07-01,161.3848425350704,234,lstm_corr_top1_era5_rand15,f3,1
2022-08-01,262.04617428843284,234,lstm_corr_top1_era5_rand15,f3,1
2022-09-01,241.55487482729004,234,lstm_corr_top1_era5_rand15,f3,1
2022-10-01,326.16696714416304,234,lstm_corr_top1_era5_rand15,f3,1
2022-11-01,250.14414563295443,234,lstm_corr_top1_era5_rand15,f3,1
2022-12-01,228.84226200520257,234,lstm_corr_top1_era5_rand15,f3,1
2023-01-01,404.2239110331208,234,lstm_corr_top1_era5_rand15,f3,1
2023-02-01,270.1758621084023,234,lstm_corr_top1_era5_rand15,f3,1
2023-03-01,345.52299388115375,234,lstm_corr_top1_era5_rand15,f3,1
2023-04-01,382.12288721889763,234,lstm_corr_top1_era5_rand15,f3,1
2023-05-01,491.6179521639338,234,lstm_corr_top1_era5_rand15,f3,1
2023-06-01,539.388134730855,234,lstm_corr_top1_era5_rand15,f3,1
2023-07-01,263.95880757686683,234,lstm_corr_top1_era5_rand15,f3,1
2023-08-01,256.75962221923663,234,lstm_corr_top1_era5_rand15,f3,1
2023-09-01,405.0482965032311,234,lstm_corr_top1_era5_rand15,f3,1
2022-05-01,201.80359505548728,234,lstm_corr_top1_rand16,f3,1
2022-06-01,200.45623933055754,234,lstm_corr_top1_rand16,f3,1
2022-07-01,172.58272454087333,234,lstm_corr_top1_rand16,f3,1
2022-08-01,307.9705320385079,234,lstm_corr_top1_rand16,f3,1
2022-09-01,264.2742226929317,234,lstm_corr_top1_rand16,f3,1
2022-10-01,311.95769714159445,234,lstm_corr_top1_rand16,f3,1
2022-11-01,240.1290256047963,234,lstm_corr_top1_rand16,f3,1
2022-12-01,233.79763486252347,234,lstm_corr_top1_rand16,f3,1
2023-01-01,404.9617092155082,234,lstm_corr_top1_rand16,f3,1
2023-02-01,263.4131135231398,234,lstm_corr_top1_rand16,f3,1
2023-03-01,341.6114674780569,234,lstm_corr_top1_rand16,f3,1
2023-04-01,390.0741726846471,234,lstm_corr_top1_rand16,f3,1
2023-05-01,497.88949217582734,234,lstm_corr_top1_rand16,f3,1
2023-06-01,586.1071763709025,234,lstm_corr_top1_rand16,f3,1
2023-07-01,278.242157536965,234,lstm_corr_top1_rand16,f3,1
2023-08-01,264.51270672489443,234,lstm_corr_top1_rand16,f3,1
2023-09-01,368.8355595594098,234,lstm_corr_top1_rand16,f3,1
2022-05-01,201.34427842279968,234,lstm_corr_top1_era5_rand16,f3,1
2022-06-01,178.16952977749256,234,lstm_corr_top1_era5_rand16,f3,1
2022-07-01,157.5756552103906,234,lstm_corr_top1_era5_rand16,f3,1
2022-08-01,268.27778540885697,234,lstm_corr_top1_era5_rand16,f3,1
2022-09-01,242.371563014958,234,lstm_corr_top1_era5_rand16,f3,1
2022-10-01,335.9356329588245,234,lstm_corr_top1_era5_rand16,f3,1
2022-11-01,255.31139417667012,234,lstm_corr_top1_era5_rand16,f3,1
2022-12-01,235.76351027043464,234,lstm_corr_top1_era5_rand16,f3,1
2023-01-01,412.1618009164921,234,lstm_corr_top1_era5_rand16,f3,1
2023-02-01,272.60669016228155,234,lstm_corr_top1_era5_rand16,f3,1
2023-03-01,361.0648395860096,234,lstm_corr_top1_era5_rand16,f3,1
2023-04-01,394.09008351399467,234,lstm_corr_top1_era5_rand16,f3,1
2023-05-01,509.6521712123282,234,lstm_corr_top1_era5_rand16,f3,1
2023-06-01,547.9180257937884,234,lstm_corr_top1_era5_rand16,f3,1
2023-07-01,275.24319028670214,234,lstm_corr_top1_era5_rand16,f3,1
2023-08-01,267.85893178770465,234,lstm_corr_top1_era5_rand16,f3,1
2023-09-01,414.1861144077791,234,lstm_corr_top1_era5_rand16,f3,1
2022-05-01,202.11462521876433,234,lstm_corr_top1_rand17,f3,1
2022-06-01,199.4088418894646,234,lstm_corr_top1_rand17,f3,1
2022-07-01,171.88674334301595,234,lstm_corr_top1_rand17,f3,1
2022-08-01,307.25469458704447,234,lstm_corr_top1_rand17,f3,1
2022-09-01,262.5394849181935,234,lstm_corr_top1_rand17,f3,1
2022-10-01,307.59297505733605,234,lstm_corr_top1_rand17,f3,1
2022-11-01,238.69042039375432,234,lstm_corr_top1_rand17,f3,1
2022-12-01,233.657685251409,234,lstm_corr_top1_rand17,f3,1
2023-01-01,400.06913412970914,234,lstm_corr_top1_rand17,f3,1
2023-02-01,264.09071041296306,234,lstm_corr_top1_rand17,f3,1
2023-03-01,338.55203228478916,234,lstm_corr_top1_rand17,f3,1
2023-04-01,389.6067281712328,234,lstm_corr_top1_rand17,f3,1
2023-05-01,495.4675405437954,234,lstm_corr_top1_rand17,f3,1
2023-06-01,589.7752152220528,234,lstm_corr_top1_rand17,f3,1
2023-07-01,280.1451843416798,234,lstm_corr_top1_rand17,f3,1
2023-08-01,265.71270190484597,234,lstm_corr_top1_rand17,f3,1
2023-09-01,370.04369620442276,234,lstm_corr_top1_rand17,f3,1
2022-05-01,201.21596137536346,234,lstm_corr_top1_era5_rand17,f3,1
2022-06-01,182.1168348655869,234,lstm_corr_top1_era5_rand17,f3,1
2022-07-01,158.3010609731819,234,lstm_corr_top1_era5_rand17,f3,1
2022-08-01,268.3175800743532,234,lstm_corr_top1_era5_rand17,f3,1
2022-09-01,241.7646579332697,234,lstm_corr_top1_era5_rand17,f3,1
2022-10-01,330.95616332943564,234,lstm_corr_top1_era5_rand17,f3,1
2022-11-01,254.16151349724942,234,lstm_corr_top1_era5_rand17,f3,1
2022-12-01,240.00646208264922,234,lstm_corr_top1_era5_rand17,f3,1
2023-01-01,416.8260291771437,234,lstm_corr_top1_era5_rand17,f3,1
2023-02-01,272.63855651437365,234,lstm_corr_top1_era5_rand17,f3,1
2023-03-01,360.2042199378789,234,lstm_corr_top1_era5_rand17,f3,1
2023-04-01,384.541864306336,234,lstm_corr_top1_era5_rand17,f3,1
2023-05-01,504.17807357955184,234,lstm_corr_top1_era5_rand17,f3,1
2023-06-01,553.8985263840482,234,lstm_corr_top1_era5_rand17,f3,1
2023-07-01,276.4573851170506,234,lstm_corr_top1_era5_rand17,f3,1
2023-08-01,270.3059505517524,234,lstm_corr_top1_era5_rand17,f3,1
2023-09-01,434.20554794215604,234,lstm_corr_top1_era5_rand17,f3,1
2022-05-01,201.65552227289032,234,lstm_corr_top1_rand18,f3,1
2022-06-01,199.64654786943146,234,lstm_corr_top1_rand18,f3,1
2022-07-01,172.1189239820591,234,lstm_corr_top1_rand18,f3,1
2022-08-01,308.541247185506,234,lstm_corr_top1_rand18,f3,1
2022-09-01,263.8790699521245,234,lstm_corr_top1_rand18,f3,1
2022-10-01,309.1514943091431,234,lstm_corr_top1_rand18,f3,1
2022-11-01,239.16878266378427,234,lstm_corr_top1_rand18,f3,1
2022-12-01,234.79229005008492,234,lstm_corr_top1_rand18,f3,1
2023-01-01,401.9824692220628,234,lstm_corr_top1_rand18,f3,1
2023-02-01,262.716798465475,234,lstm_corr_top1_rand18,f3,1
2023-03-01,333.8286033085638,234,lstm_corr_top1_rand18,f3,1
2023-04-01,390.0155045619787,234,lstm_corr_top1_rand18,f3,1
2023-05-01,495.11589594125576,234,lstm_corr_top1_rand18,f3,1
2023-06-01,589.6542916943678,234,lstm_corr_top1_rand18,f3,1
2023-07-01,281.18476497558316,234,lstm_corr_top1_rand18,f3,1
2023-08-01,265.5250698966412,234,lstm_corr_top1_rand18,f3,1
2023-09-01,368.71974624219945,234,lstm_corr_top1_rand18,f3,1
2022-05-01,201.9904322375433,234,lstm_corr_top1_era5_rand18,f3,1
2022-06-01,179.78346128755945,234,lstm_corr_top1_era5_rand18,f3,1
2022-07-01,161.18430085179972,234,lstm_corr_top1_era5_rand18,f3,1
2022-08-01,258.22767951164616,234,lstm_corr_top1_era5_rand18,f3,1
2022-09-01,240.38930889884344,234,lstm_corr_top1_era5_rand18,f3,1
2022-10-01,331.42244142461885,234,lstm_corr_top1_era5_rand18,f3,1
2022-11-01,251.93121635131703,234,lstm_corr_top1_era5_rand18,f3,1
2022-12-01,230.599068985149,234,lstm_corr_top1_era5_rand18,f3,1
2023-01-01,413.03366418924116,234,lstm_corr_top1_era5_rand18,f3,1
2023-02-01,277.3028281204054,234,lstm_corr_top1_era5_rand18,f3,1
2023-03-01,354.4609275529979,234,lstm_corr_top1_era5_rand18,f3,1
2023-04-01,393.7284424049877,234,lstm_corr_top1_era5_rand18,f3,1
2023-05-01,499.1438065060552,234,lstm_corr_top1_era5_rand18,f3,1
2023-06-01,556.5897970077059,234,lstm_corr_top1_era5_rand18,f3,1
2023-07-01,287.13211175168885,234,lstm_corr_top1_era5_rand18,f3,1
2023-08-01,270.61613699509513,234,lstm_corr_top1_era5_rand18,f3,1
2023-09-01,416.6077523240359,234,lstm_corr_top1_era5_rand18,f3,1
2022-05-01,203.68602451221744,234,lstm_corr_top1_rand19,f3,1
2022-06-01,199.8746652040684,234,lstm_corr_top1_rand19,f3,1
2022-07-01,173.32293116542587,234,lstm_corr_top1_rand19,f3,1
2022-08-01,306.5100031872815,234,lstm_corr_top1_rand19,f3,1
2022-09-01,262.1659782964332,234,lstm_corr_top1_rand19,f3,1
2022-10-01,310.8569323532692,234,lstm_corr_top1_rand19,f3,1
2022-11-01,237.23798839111285,234,lstm_corr_top1_rand19,f3,1
2022-12-01,232.85194722206097,234,lstm_corr_top1_rand19,f3,1
2023-01-01,397.64723192687006,234,lstm_corr_top1_rand19,f3,1
2023-02-01,261.6249207382685,234,lstm_corr_top1_rand19,f3,1
2023-03-01,336.9640385448969,234,lstm_corr_top1_rand19,f3,1
2023-04-01,388.023202689635,234,lstm_corr_top1_rand19,f3,1
2023-05-01,495.2217688694983,234,lstm_corr_top1_rand19,f3,1
2023-06-01,590.0144552474798,234,lstm_corr_top1_rand19,f3,1
2023-07-01,280.5562796894449,234,lstm_corr_top1_rand19,f3,1
2023-08-01,263.35557048332623,234,lstm_corr_top1_rand19,f3,1
2023-09-01,368.7297509965105,234,lstm_corr_top1_rand19,f3,1
2022-05-01,201.04805866560022,234,lstm_corr_top1_era5_rand19,f3,1
2022-06-01,183.73306225544803,234,lstm_corr_top1_era5_rand19,f3,1
2022-07-01,160.87772057652262,234,lstm_corr_top1_era5_rand19,f3,1
2022-08-01,268.37316807721777,234,lstm_corr_top1_era5_rand19,f3,1
2022-09-01,239.7349365292733,234,lstm_corr_top1_era5_rand19,f3,1
2022-10-01,329.50850697713355,234,lstm_corr_top1_era5_rand19,f3,1
2022-11-01,250.29629157463134,234,lstm_corr_top1_era5_rand19,f3,1
2022-12-01,237.76457135122865,234,lstm_corr_top1_era5_rand19,f3,1
2023-01-01,405.3728359162084,234,lstm_corr_top1_era5_rand19,f3,1
2023-02-01,266.3256254406611,234,lstm_corr_top1_era5_rand19,f3,1
2023-03-01,356.58977424298934,234,lstm_corr_top1_era5_rand19,f3,1
2023-04-01,389.09721699377775,234,lstm_corr_top1_era5_rand19,f3,1
2023-05-01,494.7336407982755,234,lstm_corr_top1_era5_rand19,f3,1
2023-06-01,534.6740968687317,234,lstm_corr_top1_era5_rand19,f3,1
2023-07-01,265.0947309114126,234,lstm_corr_top1_era5_rand19,f3,1
2023-08-01,267.9106618153127,234,lstm_corr_top1_era5_rand19,f3,1
2023-09-01,421.72884732509544,234,lstm_corr_top1_era5_rand19,f3,1
2022-06-01,235.25519132239222,234,lstm_corr_top1_rand0,f3,2
2022-07-01,210.50090685315644,234,lstm_corr_top1_rand0,f3,2
2022-08-01,407.85217015258837,234,lstm_corr_top1_rand0,f3,2
2022-09-01,406.7780347472327,234,lstm_corr_top1_rand0,f3,2
2022-10-01,393.82162223007606,234,lstm_corr_top1_rand0,f3,2
2022-11-01,347.0035188186338,234,lstm_corr_top1_rand0,f3,2
2022-12-01,286.3054713636391,234,lstm_corr_top1_rand0,f3,2
2023-01-01,470.12091969451654,234,lstm_corr_top1_rand0,f3,2
2023-02-01,325.3168130434677,234,lstm_corr_top1_rand0,f3,2
2023-03-01,379.36406298795833,234,lstm_corr_top1_rand0,f3,2
2023-04-01,442.4431425970493,234,lstm_corr_top1_rand0,f3,2
2023-05-01,553.7000635174825,234,lstm_corr_top1_rand0,f3,2
2023-06-01,650.897329253051,234,lstm_corr_top1_rand0,f3,2
2023-07-01,396.8581889880794,234,lstm_corr_top1_rand0,f3,2
2023-08-01,289.2194512023213,234,lstm_corr_top1_rand0,f3,2
2023-09-01,443.6826835819423,234,lstm_corr_top1_rand0,f3,2
2023-10-01,341.57753759814943,234,lstm_corr_top1_rand0,f3,2
2022-06-01,236.41836800142428,234,lstm_corr_top1_era5_rand0,f3,2
2022-07-01,190.2379581113293,234,lstm_corr_top1_era5_rand0,f3,2
2022-08-01,397.1159007808876,234,lstm_corr_top1_era5_rand0,f3,2
2022-09-01,381.0294927131886,234,lstm_corr_top1_era5_rand0,f3,2
2022-10-01,397.685434105599,234,lstm_corr_top1_era5_rand0,f3,2
2022-11-01,357.92760990885847,234,lstm_corr_top1_era5_rand0,f3,2
2022-12-01,283.66272592212374,234,lstm_corr_top1_era5_rand0,f3,2
2023-01-01,455.88475032308884,234,lstm_corr_top1_era5_rand0,f3,2
2023-02-01,316.7858903376205,234,lstm_corr_top1_era5_rand0,f3,2
2023-03-01,381.42857334153246,234,lstm_corr_top1_era5_rand0,f3,2
2023-04-01,449.88222610009024,234,lstm_corr_top1_era5_rand0,f3,2
2023-05-01,549.9758332269471,234,lstm_corr_top1_era5_rand0,f3,2
2023-06-01,659.4294778685444,234,lstm_corr_top1_era5_rand0,f3,2
2023-07-01,373.52438325599485,234,lstm_corr_top1_era5_rand0,f3,2
2023-08-01,291.0786763748163,234,lstm_corr_top1_era5_rand0,f3,2
2023-09-01,469.5144425705378,234,lstm_corr_top1_era5_rand0,f3,2
2023-10-01,348.9310878057613,234,lstm_corr_top1_era5_rand0,f3,2
2022-06-01,235.93758361301042,234,lstm_corr_top1_rand1,f3,2
2022-07-01,210.18293918248054,234,lstm_corr_top1_rand1,f3,2
2022-08-01,403.4386951000653,234,lstm_corr_top1_rand1,f3,2
2022-09-01,405.2860470009498,234,lstm_corr_top1_rand1,f3,2
2022-10-01,394.5312619735306,234,lstm_corr_top1_rand1,f3,2
2022-11-01,346.7127175135686,234,lstm_corr_top1_rand1,f3,2
2022-12-01,287.79888517390884,234,lstm_corr_top1_rand1,f3,2
2023-01-01,471.50559599403414,234,lstm_corr_top1_rand1,f3,2
2023-02-01,328.8448451329333,234,lstm_corr_top1_rand1,f3,2
2023-03-01,379.35891443074286,234,lstm_corr_top1_rand1,f3,2
2023-04-01,439.27510638949263,234,lstm_corr_top1_rand1,f3,2
2023-05-01,544.6417845787649,234,lstm_corr_top1_rand1,f3,2
2023-06-01,652.197450850574,234,lstm_corr_top1_rand1,f3,2
2023-07-01,398.00338844499254,234,lstm_corr_top1_rand1,f3,2
2023-08-01,293.7178299624965,234,lstm_corr_top1_rand1,f3,2
2023-09-01,445.3794367968423,234,lstm_corr_top1_rand1,f3,2
2023-10-01,336.72882796234256,234,lstm_corr_top1_rand1,f3,2
2022-06-01,235.47357140384796,234,lstm_corr_top1_era5_rand1,f3,2
2022-07-01,191.6136100922367,234,lstm_corr_top1_era5_rand1,f3,2
2022-08-01,396.0170220228189,234,lstm_corr_top1_era5_rand1,f3,2
2022-09-01,380.1004475324136,234,lstm_corr_top1_era5_rand1,f3,2
2022-10-01,395.81664867306205,234,lstm_corr_top1_era5_rand1,f3,2
2022-11-01,357.6237563780296,234,lstm_corr_top1_era5_rand1,f3,2
2022-12-01,290.17329579054234,234,lstm_corr_top1_era5_rand1,f3,2
2023-01-01,458.16024423140715,234,lstm_corr_top1_era5_rand1,f3,2
2023-02-01,324.9993903733302,234,lstm_corr_top1_era5_rand1,f3,2
2023-03-01,394.43235129541574,234,lstm_corr_top1_era5_rand1,f3,2
2023-04-01,451.39196360660287,234,lstm_corr_top1_era5_rand1,f3,2
2023-05-01,565.1240858355778,234,lstm_corr_top1_era5_rand1,f3,2
2023-06-01,658.958242668379,234,lstm_corr_top1_era5_rand1,f3,2
2023-07-01,368.36627979386304,234,lstm_corr_top1_era5_rand1,f3,2
2023-08-01,299.77050674083955,234,lstm_corr_top1_era5_rand1,f3,2
2023-09-01,464.76574772063407,234,lstm_corr_top1_era5_rand1,f3,2
2023-10-01,353.3918839725396,234,lstm_corr_top1_era5_rand1,f3,2
2022-06-01,235.70174026650105,234,lstm_corr_top1_rand2,f3,2
2022-07-01,209.03005287139007,234,lstm_corr_top1_rand2,f3,2
2022-08-01,402.9654337070171,234,lstm_corr_top1_rand2,f3,2
2022-09-01,403.7781138459801,234,lstm_corr_top1_rand2,f3,2
2022-10-01,394.4775529265889,234,lstm_corr_top1_rand2,f3,2
2022-11-01,344.5382340823886,234,lstm_corr_top1_rand2,f3,2
2022-12-01,283.68882977562674,234,lstm_corr_top1_rand2,f3,2
2023-01-01,464.90698170100376,234,lstm_corr_top1_rand2,f3,2
2023-02-01,322.8108381344811,234,lstm_corr_top1_rand2,f3,2
2023-03-01,378.23510045468595,234,lstm_corr_top1_rand2,f3,2
2023-04-01,440.0396668937469,234,lstm_corr_top1_rand2,f3,2
2023-05-01,552.5413260656294,234,lstm_corr_top1_rand2,f3,2
2023-06-01,651.9478606840875,234,lstm_corr_top1_rand2,f3,2
2023-07-01,397.11728101153506,234,lstm_corr_top1_rand2,f3,2
2023-08-01,291.7336488714516,234,lstm_corr_top1_rand2,f3,2
2023-09-01,441.1844427957677,234,lstm_corr_top1_rand2,f3,2
2023-10-01,337.48696116225074,234,lstm_corr_top1_rand2,f3,2
2022-06-01,236.9154017506786,234,lstm_corr_top1_era5_rand2,f3,2
2022-07-01,192.30642750909772,234,lstm_corr_top1_era5_rand2,f3,2
2022-08-01,393.6815568870058,234,lstm_corr_top1_era5_rand2,f3,2
2022-09-01,383.8504427307755,234,lstm_corr_top1_era5_rand2,f3,2
2022-10-01,397.21876828518464,234,lstm_corr_top1_era5_rand2,f3,2
2022-11-01,361.3897055971991,234,lstm_corr_top1_era5_rand2,f3,2
2022-12-01,293.4150423095376,234,lstm_corr_top1_era5_rand2,f3,2
2023-01-01,471.4171957455232,234,lstm_corr_top1_era5_rand2,f3,2
2023-02-01,334.55309102367636,234,lstm_corr_top1_era5_rand2,f3,2
2023-03-01,398.37401455536775,234,lstm_corr_top1_era5_rand2,f3,2
2023-04-01,473.3980805717318,234,lstm_corr_top1_era5_rand2,f3,2
2023-05-01,567.0996267627539,234,lstm_corr_top1_era5_rand2,f3,2
2023-06-01,662.4666798667998,234,lstm_corr_top1_era5_rand2,f3,2
2023-07-01,387.0375218482011,234,lstm_corr_top1_era5_rand2,f3,2
2023-08-01,306.56842812501594,234,lstm_corr_top1_era5_rand2,f3,2
2023-09-01,486.29328210451234,234,lstm_corr_top1_era5_rand2,f3,2
2023-10-01,372.3702719989049,234,lstm_corr_top1_era5_rand2,f3,2
2022-06-01,236.8942887021537,234,lstm_corr_top1_rand3,f3,2
2022-07-01,211.15615954776732,234,lstm_corr_top1_rand3,f3,2
2022-08-01,406.5870058952998,234,lstm_corr_top1_rand3,f3,2
2022-09-01,408.0720968870239,234,lstm_corr_top1_rand3,f3,2
2022-10-01,401.2100956014826,234,lstm_corr_top1_rand3,f3,2
2022-11-01,344.16858036448616,234,lstm_corr_top1_rand3,f3,2
2022-12-01,280.8984936534911,234,lstm_corr_top1_rand3,f3,2
2023-01-01,461.2338176998413,234,lstm_corr_top1_rand3,f3,2
2023-02-01,322.3110665784092,234,lstm_corr_top1_rand3,f3,2
2023-03-01,385.5253799664513,234,lstm_corr_top1_rand3,f3,2
2023-04-01,448.38470095130333,234,lstm_corr_top1_rand3,f3,2
2023-05-01,548.4872814346436,234,lstm_corr_top1_rand3,f3,2
2023-06-01,653.9384944449178,234,lstm_corr_top1_rand3,f3,2
2023-07-01,393.77879819543836,234,lstm_corr_top1_rand3,f3,2
2023-08-01,288.49640745771995,234,lstm_corr_top1_rand3,f3,2
2023-09-01,445.37296805070844,234,lstm_corr_top1_rand3,f3,2
2023-10-01,345.9797593873517,234,lstm_corr_top1_rand3,f3,2
2022-06-01,230.8700599001552,234,lstm_corr_top1_era5_rand3,f3,2
2022-07-01,193.24480117280476,234,lstm_corr_top1_era5_rand3,f3,2
2022-08-01,401.2015646084605,234,lstm_corr_top1_era5_rand3,f3,2
2022-09-01,376.3205944913591,234,lstm_corr_top1_era5_rand3,f3,2
2022-10-01,395.76765716894096,234,lstm_corr_top1_era5_rand3,f3,2
2022-11-01,362.9123443026907,234,lstm_corr_top1_era5_rand3,f3,2
2022-12-01,286.4687139387429,234,lstm_corr_top1_era5_rand3,f3,2
2023-01-01,471.7036233847637,234,lstm_corr_top1_era5_rand3,f3,2
2023-02-01,325.135219858725,234,lstm_corr_top1_era5_rand3,f3,2
2023-03-01,395.4793193511294,234,lstm_corr_top1_era5_rand3,f3,2
2023-04-01,457.30463972207184,234,lstm_corr_top1_era5_rand3,f3,2
2023-05-01,574.0948492948877,234,lstm_corr_top1_era5_rand3,f3,2
2023-06-01,667.2649207908565,234,lstm_corr_top1_era5_rand3,f3,2
2023-07-01,372.72147604053333,234,lstm_corr_top1_era5_rand3,f3,2
2023-08-01,302.5382541362335,234,lstm_corr_top1_era5_rand3,f3,2
2023-09-01,480.4535083227274,234,lstm_corr_top1_era5_rand3,f3,2
2023-10-01,370.6949126296639,234,lstm_corr_top1_era5_rand3,f3,2
2022-06-01,236.25826460683575,234,lstm_corr_top1_rand4,f3,2
2022-07-01,213.56037639126743,234,lstm_corr_top1_rand4,f3,2
2022-08-01,406.76720179575034,234,lstm_corr_top1_rand4,f3,2
2022-09-01,405.63987751066566,234,lstm_corr_top1_rand4,f3,2
2022-10-01,402.0523701417352,234,lstm_corr_top1_rand4,f3,2
2022-11-01,351.7681499510257,234,lstm_corr_top1_rand4,f3,2
2022-12-01,288.2172388838234,234,lstm_corr_top1_rand4,f3,2
2023-01-01,474.5067676123122,234,lstm_corr_top1_rand4,f3,2
2023-02-01,326.33762594567787,234,lstm_corr_top1_rand4,f3,2
2023-03-01,378.75615637962755,234,lstm_corr_top1_rand4,f3,2
2023-04-01,443.5044025123816,234,lstm_corr_top1_rand4,f3,2
2023-05-01,556.7606786208275,234,lstm_corr_top1_rand4,f3,2
2023-06-01,657.6484861181522,234,lstm_corr_top1_rand4,f3,2
2023-07-01,400.34652472178703,234,lstm_corr_top1_rand4,f3,2
2023-08-01,290.7366395085848,234,lstm_corr_top1_rand4,f3,2
2023-09-01,443.1233996018936,234,lstm_corr_top1_rand4,f3,2
2023-10-01,339.9473133713,234,lstm_corr_top1_rand4,f3,2
2022-06-01,231.29211009029905,234,lstm_corr_top1_era5_rand4,f3,2
2022-07-01,192.2751796564225,234,lstm_corr_top1_era5_rand4,f3,2
2022-08-01,399.01582986172303,234,lstm_corr_top1_era5_rand4,f3,2
2022-09-01,380.034088649702,234,lstm_corr_top1_era5_rand4,f3,2
2022-10-01,399.15327462987176,234,lstm_corr_top1_era5_rand4,f3,2
2022-11-01,355.7797900432737,234,lstm_corr_top1_era5_rand4,f3,2
2022-12-01,294.687803506872,234,lstm_corr_top1_era5_rand4,f3,2
2023-01-01,475.48495511507025,234,lstm_corr_top1_era5_rand4,f3,2
2023-02-01,342.793523307668,234,lstm_corr_top1_era5_rand4,f3,2
2023-03-01,411.01356401956497,234,lstm_corr_top1_era5_rand4,f3,2
2023-04-01,472.0097641491202,234,lstm_corr_top1_era5_rand4,f3,2
2023-05-01,580.8062547886506,234,lstm_corr_top1_era5_rand4,f3,2
2023-06-01,677.7116853040857,234,lstm_corr_top1_era5_rand4,f3,2
2023-07-01,391.76470252194724,234,lstm_corr_top1_era5_rand4,f3,2
2023-08-01,317.7566213596939,234,lstm_corr_top1_era5_rand4,f3,2
2023-09-01,497.9759197611306,234,lstm_corr_top1_era5_rand4,f3,2
2023-10-01,393.7128113268679,234,lstm_corr_top1_era5_rand4,f3,2
2022-06-01,233.7958926847229,234,lstm_corr_top1_rand5,f3,2
2022-07-01,207.41483013121714,234,lstm_corr_top1_rand5,f3,2
2022-08-01,401.0428820042921,234,lstm_corr_top1_rand5,f3,2
2022-09-01,402.71306189750203,234,lstm_corr_top1_rand5,f3,2
2022-10-01,387.75521463694565,234,lstm_corr_top1_rand5,f3,2
2022-11-01,338.30714207377457,234,lstm_corr_top1_rand5,f3,2
2022-12-01,277.7423775996776,234,lstm_corr_top1_rand5,f3,2
2023-01-01,459.3545482423368,234,lstm_corr_top1_rand5,f3,2
2023-02-01,320.6212372527333,234,lstm_corr_top1_rand5,f3,2
2023-03-01,375.63223210686897,234,lstm_corr_top1_rand5,f3,2
2023-04-01,434.38382462306413,234,lstm_corr_top1_rand5,f3,2
2023-05-01,544.4592368037481,234,lstm_corr_top1_rand5,f3,2
2023-06-01,646.2471324874272,234,lstm_corr_top1_rand5,f3,2
2023-07-01,391.30485638077965,234,lstm_corr_top1_rand5,f3,2
2023-08-01,284.1570476427341,234,lstm_corr_top1_rand5,f3,2
2023-09-01,441.3340834436269,234,lstm_corr_top1_rand5,f3,2
2023-10-01,333.3044693706147,234,lstm_corr_top1_rand5,f3,2
2022-06-01,234.4584148481328,234,lstm_corr_top1_era5_rand5,f3,2
2022-07-01,192.55428682359013,234,lstm_corr_top1_era5_rand5,f3,2
2022-08-01,396.0880173121515,234,lstm_corr_top1_era5_rand5,f3,2
2022-09-01,384.9779037321072,234,lstm_corr_top1_era5_rand5,f3,2
2022-10-01,392.0603450227182,234,lstm_corr_top1_era5_rand5,f3,2
2022-11-01,361.4938258937637,234,lstm_corr_top1_era5_rand5,f3,2
2022-12-01,293.3584791761978,234,lstm_corr_top1_era5_rand5,f3,2
2023-01-01,456.52603122666204,234,lstm_corr_top1_era5_rand5,f3,2
2023-02-01,326.9175990640503,234,lstm_corr_top1_era5_rand5,f3,2
2023-03-01,388.7748921247327,234,lstm_corr_top1_era5_rand5,f3,2
2023-04-01,455.8129677028001,234,lstm_corr_top1_era5_rand5,f3,2
2023-05-01,553.2368788697153,234,lstm_corr_top1_era5_rand5,f3,2
2023-06-01,652.4213067396404,234,lstm_corr_top1_era5_rand5,f3,2
2023-07-01,371.33931586079046,234,lstm_corr_top1_era5_rand5,f3,2
2023-08-01,303.37561892704264,234,lstm_corr_top1_era5_rand5,f3,2
2023-09-01,466.2593029581865,234,lstm_corr_top1_era5_rand5,f3,2
2023-10-01,359.47395445034545,234,lstm_corr_top1_era5_rand5,f3,2
2022-06-01,236.6335291380747,234,lstm_corr_top1_rand6,f3,2
2022-07-01,209.70819775755214,234,lstm_corr_top1_rand6,f3,2
2022-08-01,404.8888680959105,234,lstm_corr_top1_rand6,f3,2
2022-09-01,404.8017290053742,234,lstm_corr_top1_rand6,f3,2
2022-10-01,391.1077990597095,234,lstm_corr_top1_rand6,f3,2
2022-11-01,342.1391733647173,234,lstm_corr_top1_rand6,f3,2
2022-12-01,281.8898143774903,234,lstm_corr_top1_rand6,f3,2
2023-01-01,466.73040304540734,234,lstm_corr_top1_rand6,f3,2
2023-02-01,322.3037916538966,234,lstm_corr_top1_rand6,f3,2
2023-03-01,379.5086599713708,234,lstm_corr_top1_rand6,f3,2
2023-04-01,441.7722831445259,234,lstm_corr_top1_rand6,f3,2
2023-05-01,549.0322905394029,234,lstm_corr_top1_rand6,f3,2
2023-06-01,650.173519649491,234,lstm_corr_top1_rand6,f3,2
2023-07-01,393.9938724064381,234,lstm_corr_top1_rand6,f3,2
2023-08-01,288.71907574691454,234,lstm_corr_top1_rand6,f3,2
2023-09-01,445.9342429479477,234,lstm_corr_top1_rand6,f3,2
2023-10-01,339.3192853496667,234,lstm_corr_top1_rand6,f3,2
2022-06-01,231.83549298024346,234,lstm_corr_top1_era5_rand6,f3,2
2022-07-01,196.11957661212276,234,lstm_corr_top1_era5_rand6,f3,2
2022-08-01,400.16725405264737,234,lstm_corr_top1_era5_rand6,f3,2
2022-09-01,385.26887852491456,234,lstm_corr_top1_era5_rand6,f3,2
2022-10-01,399.23669055200975,234,lstm_corr_top1_era5_rand6,f3,2
2022-11-01,357.8019455210911,234,lstm_corr_top1_era5_rand6,f3,2
2022-12-01,288.63678371448816,234,lstm_corr_top1_era5_rand6,f3,2
2023-01-01,471.8700745272814,234,lstm_corr_top1_era5_rand6,f3,2
2023-02-01,335.7233428770687,234,lstm_corr_top1_era5_rand6,f3,2
2023-03-01,399.2915915114441,234,lstm_corr_top1_era5_rand6,f3,2
2023-04-01,466.7517694573518,234,lstm_corr_top1_era5_rand6,f3,2
2023-05-01,568.3931865843938,234,lstm_corr_top1_era5_rand6,f3,2
2023-06-01,665.1105822392905,234,lstm_corr_top1_era5_rand6,f3,2
2023-07-01,382.0822053963283,234,lstm_corr_top1_era5_rand6,f3,2
2023-08-01,307.6153578167117,234,lstm_corr_top1_era5_rand6,f3,2
2023-09-01,477.9732970271723,234,lstm_corr_top1_era5_rand6,f3,2
2023-10-01,373.79765621002156,234,lstm_corr_top1_era5_rand6,f3,2
2022-06-01,235.0693081559536,234,lstm_corr_top1_rand7,f3,2
2022-07-01,208.31457457364192,234,lstm_corr_top1_rand7,f3,2
2022-08-01,403.90481349869106,234,lstm_corr_top1_rand7,f3,2
2022-09-01,404.7646343819976,234,lstm_corr_top1_rand7,f3,2
2022-10-01,392.93582404100954,234,lstm_corr_top1_rand7,f3,2
2022-11-01,341.2082383739513,234,lstm_corr_top1_rand7,f3,2
2022-12-01,281.7539383132387,234,lstm_corr_top1_rand7,f3,2
2023-01-01,466.5912395745888,234,lstm_corr_top1_rand7,f3,2
2023-02-01,322.83352311975636,234,lstm_corr_top1_rand7,f3,2
2023-03-01,375.23861404963424,234,lstm_corr_top1_rand7,f3,2
2023-04-01,438.7131230909707,234,lstm_corr_top1_rand7,f3,2
2023-05-01,549.6367173540667,234,lstm_corr_top1_rand7,f3,2
2023-06-01,651.8472768306048,234,lstm_corr_top1_rand7,f3,2
2023-07-01,397.65033550133484,234,lstm_corr_top1_rand7,f3,2
2023-08-01,289.576589791658,234,lstm_corr_top1_rand7,f3,2
2023-09-01,442.4413353228659,234,lstm_corr_top1_rand7,f3,2
2023-10-01,338.68344164085477,234,lstm_corr_top1_rand7,f3,2
2022-06-01,234.6569543742225,234,lstm_corr_top1_era5_rand7,f3,2
2022-07-01,194.11893263330052,234,lstm_corr_top1_era5_rand7,f3,2
2022-08-01,400.6184502028656,234,lstm_corr_top1_era5_rand7,f3,2
2022-09-01,376.45072157521446,234,lstm_corr_top1_era5_rand7,f3,2
2022-10-01,394.03699073285503,234,lstm_corr_top1_era5_rand7,f3,2
2022-11-01,355.1364721513468,234,lstm_corr_top1_era5_rand7,f3,2
2022-12-01,283.47526032015173,234,lstm_corr_top1_era5_rand7,f3,2
2023-01-01,467.28937358996365,234,lstm_corr_top1_era5_rand7,f3,2
2023-02-01,325.5741209141866,234,lstm_corr_top1_era5_rand7,f3,2
2023-03-01,394.3241669303907,234,lstm_corr_top1_era5_rand7,f3,2
2023-04-01,456.84408389968553,234,lstm_corr_top1_era5_rand7,f3,2
2023-05-01,564.0386902117924,234,lstm_corr_top1_era5_rand7,f3,2
2023-06-01,669.2411049498774,234,lstm_corr_top1_era5_rand7,f3,2
2023-07-01,375.39374116481844,234,lstm_corr_top1_era5_rand7,f3,2
2023-08-01,297.2805488171993,234,lstm_corr_top1_era5_rand7,f3,2
2023-09-01,476.3010396145768,234,lstm_corr_top1_era5_rand7,f3,2
2023-10-01,356.5830855519195,234,lstm_corr_top1_era5_rand7,f3,2
2022-06-01,236.77992931989172,234,lstm_corr_top1_rand8,f3,2
2022-07-01,208.61336350744077,234,lstm_corr_top1_rand8,f3,2
2022-08-01,403.98167967988286,234,lstm_corr_top1_rand8,f3,2
2022-09-01,406.89392311061,234,lstm_corr_top1_rand8,f3,2
2022-10-01,389.3332274458367,234,lstm_corr_top1_rand8,f3,2
2022-11-01,337.66423154635316,234,lstm_corr_top1_rand8,f3,2
2022-12-01,279.3131529943135,234,lstm_corr_top1_rand8,f3,2
2023-01-01,465.2317609277597,234,lstm_corr_top1_rand8,f3,2
2023-02-01,325.0077436929936,234,lstm_corr_top1_rand8,f3,2
2023-03-01,377.67212610237203,234,lstm_corr_top1_rand8,f3,2
2023-04-01,438.5782752740048,234,lstm_corr_top1_rand8,f3,2
2023-05-01,548.1932161996853,234,lstm_corr_top1_rand8,f3,2
2023-06-01,645.4917173448029,234,lstm_corr_top1_rand8,f3,2
2023-07-01,390.3184262312414,234,lstm_corr_top1_rand8,f3,2
2023-08-01,287.21384345579565,234,lstm_corr_top1_rand8,f3,2
2023-09-01,445.04361955536984,234,lstm_corr_top1_rand8,f3,2
2023-10-01,337.2442546586762,234,lstm_corr_top1_rand8,f3,2
2022-06-01,235.94603372847516,234,lstm_corr_top1_era5_rand8,f3,2
2022-07-01,192.2149981309391,234,lstm_corr_top1_era5_rand8,f3,2
2022-08-01,399.075413365759,234,lstm_corr_top1_era5_rand8,f3,2
2022-09-01,380.2025841509833,234,lstm_corr_top1_era5_rand8,f3,2
2022-10-01,398.27878308407327,234,lstm_corr_top1_era5_rand8,f3,2
2022-11-01,366.60654362621193,234,lstm_corr_top1_era5_rand8,f3,2
2022-12-01,294.47200587187604,234,lstm_corr_top1_era5_rand8,f3,2
2023-01-01,469.6558398653169,234,lstm_corr_top1_era5_rand8,f3,2
2023-02-01,334.70656577889787,234,lstm_corr_top1_era5_rand8,f3,2
2023-03-01,400.69750751755896,234,lstm_corr_top1_era5_rand8,f3,2
2023-04-01,457.0761026620372,234,lstm_corr_top1_era5_rand8,f3,2
2023-05-01,572.9027651961158,234,lstm_corr_top1_era5_rand8,f3,2
2023-06-01,659.4272222667254,234,lstm_corr_top1_era5_rand8,f3,2
2023-07-01,374.8667788451548,234,lstm_corr_top1_era5_rand8,f3,2
2023-08-01,302.4457191760301,234,lstm_corr_top1_era5_rand8,f3,2
2023-09-01,485.23736237089184,234,lstm_corr_top1_era5_rand8,f3,2
2023-10-01,367.8063467296399,234,lstm_corr_top1_era5_rand8,f3,2
2022-06-01,234.34259996397338,234,lstm_corr_top1_rand9,f3,2
2022-07-01,207.98205445260018,234,lstm_corr_top1_rand9,f3,2
2022-08-01,404.8055964739186,234,lstm_corr_top1_rand9,f3,2
2022-09-01,406.04360695512275,234,lstm_corr_top1_rand9,f3,2
2022-10-01,392.9308921810044,234,lstm_corr_top1_rand9,f3,2
2022-11-01,341.70017636443094,234,lstm_corr_top1_rand9,f3,2
2022-12-01,280.4501694888348,234,lstm_corr_top1_rand9,f3,2
2023-01-01,461.4611089625989,234,lstm_corr_top1_rand9,f3,2
2023-02-01,322.6307919309408,234,lstm_corr_top1_rand9,f3,2
2023-03-01,375.9079376886739,234,lstm_corr_top1_rand9,f3,2
2023-04-01,436.4408740735517,234,lstm_corr_top1_rand9,f3,2
2023-05-01,547.9280852167054,234,lstm_corr_top1_rand9,f3,2
2023-06-01,647.8976185483726,234,lstm_corr_top1_rand9,f3,2
2023-07-01,393.1585242320873,234,lstm_corr_top1_rand9,f3,2
2023-08-01,285.76779385969877,234,lstm_corr_top1_rand9,f3,2
2023-09-01,442.60048653807337,234,lstm_corr_top1_rand9,f3,2
2023-10-01,335.8113417471882,234,lstm_corr_top1_rand9,f3,2
2022-06-01,235.25451432920153,234,lstm_corr_top1_era5_rand9,f3,2
2022-07-01,194.2349959083202,234,lstm_corr_top1_era5_rand9,f3,2
2022-08-01,398.00174647417475,234,lstm_corr_top1_era5_rand9,f3,2
2022-09-01,385.18530109388547,234,lstm_corr_top1_era5_rand9,f3,2
2022-10-01,395.913209425781,234,lstm_corr_top1_era5_rand9,f3,2
2022-11-01,367.77727297049114,234,lstm_corr_top1_era5_rand9,f3,2
2022-12-01,296.2731245870204,234,lstm_corr_top1_era5_rand9,f3,2
2023-01-01,464.08003304924785,234,lstm_corr_top1_era5_rand9,f3,2
2023-02-01,327.25831793512856,234,lstm_corr_top1_era5_rand9,f3,2
2023-03-01,392.0618251047526,234,lstm_corr_top1_era5_rand9,f3,2
2023-04-01,452.03398246239783,234,lstm_corr_top1_era5_rand9,f3,2
2023-05-01,563.122108976331,234,lstm_corr_top1_era5_rand9,f3,2
2023-06-01,651.7645593618502,234,lstm_corr_top1_era5_rand9,f3,2
2023-07-01,379.39961481612363,234,lstm_corr_top1_era5_rand9,f3,2
2023-08-01,309.3030231423473,234,lstm_corr_top1_era5_rand9,f3,2
2023-09-01,482.053640043055,234,lstm_corr_top1_era5_rand9,f3,2
2023-10-01,369.0962408624529,234,lstm_corr_top1_era5_rand9,f3,2
2022-06-01,233.4368051322285,234,lstm_corr_top1_rand10,f3,2
2022-07-01,208.9894224546254,234,lstm_corr_top1_rand10,f3,2
2022-08-01,401.6271601542727,234,lstm_corr_top1_rand10,f3,2
2022-09-01,403.7776045819849,234,lstm_corr_top1_rand10,f3,2
2022-10-01,389.8405912481928,234,lstm_corr_top1_rand10,f3,2
2022-11-01,339.1031880234086,234,lstm_corr_top1_rand10,f3,2
2022-12-01,279.8575525730716,234,lstm_corr_top1_rand10,f3,2
2023-01-01,462.0510556673957,234,lstm_corr_top1_rand10,f3,2
2023-02-01,320.2858723343088,234,lstm_corr_top1_rand10,f3,2
2023-03-01,373.8072987984894,234,lstm_corr_top1_rand10,f3,2
2023-04-01,437.6077049138553,234,lstm_corr_top1_rand10,f3,2
2023-05-01,547.9439303103371,234,lstm_corr_top1_rand10,f3,2
2023-06-01,646.274995282053,234,lstm_corr_top1_rand10,f3,2
2023-07-01,391.9899384862004,234,lstm_corr_top1_rand10,f3,2
2023-08-01,282.7291252507129,234,lstm_corr_top1_rand10,f3,2
2023-09-01,440.1345551564555,234,lstm_corr_top1_rand10,f3,2
2023-10-01,336.050506869736,234,lstm_corr_top1_rand10,f3,2
2022-06-01,236.79367599244793,234,lstm_corr_top1_era5_rand10,f3,2
2022-07-01,192.44577647227806,234,lstm_corr_top1_era5_rand10,f3,2
2022-08-01,399.4595046930646,234,lstm_corr_top1_era5_rand10,f3,2
2022-09-01,376.7379112310173,234,lstm_corr_top1_era5_rand10,f3,2
2022-10-01,396.3699379011469,234,lstm_corr_top1_era5_rand10,f3,2
2022-11-01,360.80216883107187,234,lstm_corr_top1_era5_rand10,f3,2
2022-12-01,289.9399631788457,234,lstm_corr_top1_era5_rand10,f3,2
2023-01-01,463.9161759040776,234,lstm_corr_top1_era5_rand10,f3,2
2023-02-01,324.646822648811,234,lstm_corr_top1_era5_rand10,f3,2
2023-03-01,397.2661915137719,234,lstm_corr_top1_era5_rand10,f3,2
2023-04-01,460.258570085944,234,lstm_corr_top1_era5_rand10,f3,2
2023-05-01,571.7875604901335,234,lstm_corr_top1_era5_rand10,f3,2
2023-06-01,670.0204144626138,234,lstm_corr_top1_era5_rand10,f3,2
2023-07-01,384.3319984098502,234,lstm_corr_top1_era5_rand10,f3,2
2023-08-01,300.64681460439334,234,lstm_corr_top1_era5_rand10,f3,2
2023-09-01,484.89128817898296,234,lstm_corr_top1_era5_rand10,f3,2
2023-10-01,362.8645142748116,234,lstm_corr_top1_era5_rand10,f3,2
2022-06-01,236.64993918622983,234,lstm_corr_top1_rand11,f3,2
2022-07-01,209.68279532737273,234,lstm_corr_top1_rand11,f3,2
2022-08-01,407.2537784169706,234,lstm_corr_top1_rand11,f3,2
2022-09-01,404.2417430356857,234,lstm_corr_top1_rand11,f3,2
2022-10-01,397.0366474275942,234,lstm_corr_top1_rand11,f3,2
2022-11-01,346.22867846098154,234,lstm_corr_top1_rand11,f3,2
2022-12-01,286.73241693756466,234,lstm_corr_top1_rand11,f3,2
2023-01-01,472.4523385015464,234,lstm_corr_top1_rand11,f3,2
2023-02-01,325.10703861778876,234,lstm_corr_top1_rand11,f3,2
2023-03-01,376.4554070384785,234,lstm_corr_top1_rand11,f3,2
2023-04-01,439.3024681043622,234,lstm_corr_top1_rand11,f3,2
2023-05-01,554.2627632959033,234,lstm_corr_top1_rand11,f3,2
2023-06-01,653.4552401413731,234,lstm_corr_top1_rand11,f3,2
2023-07-01,397.1683432401406,234,lstm_corr_top1_rand11,f3,2
2023-08-01,289.6036833685321,234,lstm_corr_top1_rand11,f3,2
2023-09-01,439.7633901933146,234,lstm_corr_top1_rand11,f3,2
2023-10-01,339.0779074331297,234,lstm_corr_top1_rand11,f3,2
2022-06-01,233.20577522697278,234,lstm_corr_top1_era5_rand11,f3,2
2022-07-01,194.27442655309534,234,lstm_corr_top1_era5_rand11,f3,2
2022-08-01,398.4061070284073,234,lstm_corr_top1_era5_rand11,f3,2
2022-09-01,381.25540336860314,234,lstm_corr_top1_era5_rand11,f3,2
2022-10-01,398.9952969370629,234,lstm_corr_top1_era5_rand11,f3,2
2022-11-01,366.8919696711888,234,lstm_corr_top1_era5_rand11,f3,2
2022-12-01,298.4010361907973,234,lstm_corr_top1_era5_rand11,f3,2
2023-01-01,469.95052906537734,234,lstm_corr_top1_era5_rand11,f3,2
2023-02-01,333.5859401855422,234,lstm_corr_top1_era5_rand11,f3,2
2023-03-01,396.00735481602993,234,lstm_corr_top1_era5_rand11,f3,2
2023-04-01,463.0644485372419,234,lstm_corr_top1_era5_rand11,f3,2
2023-05-01,561.5060243225156,234,lstm_corr_top1_era5_rand11,f3,2
2023-06-01,663.0425737281222,234,lstm_corr_top1_era5_rand11,f3,2
2023-07-01,376.52136094000076,234,lstm_corr_top1_era5_rand11,f3,2
2023-08-01,310.07135524358176,234,lstm_corr_top1_era5_rand11,f3,2
2023-09-01,476.8206145401524,234,lstm_corr_top1_era5_rand11,f3,2
2023-10-01,366.0358519245925,234,lstm_corr_top1_era5_rand11,f3,2
2022-06-01,236.75716475665573,234,lstm_corr_top1_rand12,f3,2
2022-07-01,211.662152114285,234,lstm_corr_top1_rand12,f3,2
2022-08-01,408.09156281966625,234,lstm_corr_top1_rand12,f3,2
2022-09-01,404.13878808740446,234,lstm_corr_top1_rand12,f3,2
2022-10-01,394.0998605127292,234,lstm_corr_top1_rand12,f3,2
2022-11-01,346.800524861314,234,lstm_corr_top1_rand12,f3,2
2022-12-01,279.926159093624,234,lstm_corr_top1_rand12,f3,2
2023-01-01,460.64525922498177,234,lstm_corr_top1_rand12,f3,2
2023-02-01,324.07729143648334,234,lstm_corr_top1_rand12,f3,2
2023-03-01,378.3569269228025,234,lstm_corr_top1_rand12,f3,2
2023-04-01,434.4154239908094,234,lstm_corr_top1_rand12,f3,2
2023-05-01,554.5089724777773,234,lstm_corr_top1_rand12,f3,2
2023-06-01,649.2423005587746,234,lstm_corr_top1_rand12,f3,2
2023-07-01,396.4697982230662,234,lstm_corr_top1_rand12,f3,2
2023-08-01,290.83739034820434,234,lstm_corr_top1_rand12,f3,2
2023-09-01,441.5854228419933,234,lstm_corr_top1_rand12,f3,2
2023-10-01,339.7201697763311,234,lstm_corr_top1_rand12,f3,2
2022-06-01,234.4921701487424,234,lstm_corr_top1_era5_rand12,f3,2
2022-07-01,192.5070838926861,234,lstm_corr_top1_era5_rand12,f3,2
2022-08-01,398.0820428925481,234,lstm_corr_top1_era5_rand12,f3,2
2022-09-01,379.59484633455367,234,lstm_corr_top1_era5_rand12,f3,2
2022-10-01,398.8768154762761,234,lstm_corr_top1_era5_rand12,f3,2
2022-11-01,358.65630276630685,234,lstm_corr_top1_era5_rand12,f3,2
2022-12-01,284.0925142880075,234,lstm_corr_top1_era5_rand12,f3,2
2023-01-01,453.4667919480568,234,lstm_corr_top1_era5_rand12,f3,2
2023-02-01,318.67194132296714,234,lstm_corr_top1_era5_rand12,f3,2
2023-03-01,390.4890986638842,234,lstm_corr_top1_era5_rand12,f3,2
2023-04-01,448.13479917850935,234,lstm_corr_top1_era5_rand12,f3,2
2023-05-01,565.900452290165,234,lstm_corr_top1_era5_rand12,f3,2
2023-06-01,651.4190079290117,234,lstm_corr_top1_era5_rand12,f3,2
2023-07-01,375.1810528201902,234,lstm_corr_top1_era5_rand12,f3,2
2023-08-01,297.2357123922352,234,lstm_corr_top1_era5_rand12,f3,2
2023-09-01,470.54338815795796,234,lstm_corr_top1_era5_rand12,f3,2
2023-10-01,350.8301957535747,234,lstm_corr_top1_era5_rand12,f3,2
2022-06-01,237.0677716020596,234,lstm_corr_top1_rand13,f3,2
2022-07-01,207.79166062921234,234,lstm_corr_top1_rand13,f3,2
2022-08-01,403.95252861221275,234,lstm_corr_top1_rand13,f3,2
2022-09-01,403.9873128335464,234,lstm_corr_top1_rand13,f3,2
2022-10-01,396.8403924262916,234,lstm_corr_top1_rand13,f3,2
2022-11-01,343.46475735472177,234,lstm_corr_top1_rand13,f3,2
2022-12-01,291.0140115221078,234,lstm_corr_top1_rand13,f3,2
2023-01-01,464.3168407493931,234,lstm_corr_top1_rand13,f3,2
2023-02-01,322.7943188514741,234,lstm_corr_top1_rand13,f3,2
2023-03-01,377.1169566792547,234,lstm_corr_top1_rand13,f3,2
2023-04-01,442.3678841601365,234,lstm_corr_top1_rand13,f3,2
2023-05-01,551.5156401000772,234,lstm_corr_top1_rand13,f3,2
2023-06-01,652.2333559326339,234,lstm_corr_top1_rand13,f3,2
2023-07-01,392.5369411073881,234,lstm_corr_top1_rand13,f3,2
2023-08-01,287.27867312071055,234,lstm_corr_top1_rand13,f3,2
2023-09-01,442.3369856466908,234,lstm_corr_top1_rand13,f3,2
2023-10-01,339.9613674957235,234,lstm_corr_top1_rand13,f3,2
2022-06-01,229.27484950579978,234,lstm_corr_top1_era5_rand13,f3,2
2022-07-01,190.0951496021626,234,lstm_corr_top1_era5_rand13,f3,2
2022-08-01,398.023605598086,234,lstm_corr_top1_era5_rand13,f3,2
2022-09-01,381.2946623447845,234,lstm_corr_top1_era5_rand13,f3,2
2022-10-01,393.46828627249846,234,lstm_corr_top1_era5_rand13,f3,2
2022-11-01,364.40866921314915,234,lstm_corr_top1_era5_rand13,f3,2
2022-12-01,298.5380887528825,234,lstm_corr_top1_era5_rand13,f3,2
2023-01-01,473.4781041196123,234,lstm_corr_top1_era5_rand13,f3,2
2023-02-01,344.6544140608917,234,lstm_corr_top1_era5_rand13,f3,2
2023-03-01,404.06244936665206,234,lstm_corr_top1_era5_rand13,f3,2
2023-04-01,454.71857943046206,234,lstm_corr_top1_era5_rand13,f3,2
2023-05-01,582.7774503308202,234,lstm_corr_top1_era5_rand13,f3,2
2023-06-01,678.3264317218502,234,lstm_corr_top1_era5_rand13,f3,2
2023-07-01,390.3962122571672,234,lstm_corr_top1_era5_rand13,f3,2
2023-08-01,311.3475929584919,234,lstm_corr_top1_era5_rand13,f3,2
2023-09-01,489.7410982260307,234,lstm_corr_top1_era5_rand13,f3,2
2023-10-01,374.18329301816203,234,lstm_corr_top1_era5_rand13,f3,2
2022-06-01,236.72299783957652,234,lstm_corr_top1_rand14,f3,2
2022-07-01,213.12355376195003,234,lstm_corr_top1_rand14,f3,2
2022-08-01,408.3199364929695,234,lstm_corr_top1_rand14,f3,2
2022-09-01,407.47386932939,234,lstm_corr_top1_rand14,f3,2
2022-10-01,397.1982698721595,234,lstm_corr_top1_rand14,f3,2
2022-11-01,349.1090358802148,234,lstm_corr_top1_rand14,f3,2
2022-12-01,287.67258557473883,234,lstm_corr_top1_rand14,f3,2
2023-01-01,474.2783334604076,234,lstm_corr_top1_rand14,f3,2
2023-02-01,328.2550255228475,234,lstm_corr_top1_rand14,f3,2
2023-03-01,381.6178245759328,234,lstm_corr_top1_rand14,f3,2
2023-04-01,444.0849805880699,234,lstm_corr_top1_rand14,f3,2
2023-05-01,558.4329556874466,234,lstm_corr_top1_rand14,f3,2
2023-06-01,649.9758465154262,234,lstm_corr_top1_rand14,f3,2
2023-07-01,397.6805039061551,234,lstm_corr_top1_rand14,f3,2
2023-08-01,295.1768934359892,234,lstm_corr_top1_rand14,f3,2
2023-09-01,445.91860542083555,234,lstm_corr_top1_rand14,f3,2
2023-10-01,338.0305837668045,234,lstm_corr_top1_rand14,f3,2
2022-06-01,235.06507764570765,234,lstm_corr_top1_era5_rand14,f3,2
2022-07-01,193.38490787679143,234,lstm_corr_top1_era5_rand14,f3,2
2022-08-01,401.85430977086014,234,lstm_corr_top1_era5_rand14,f3,2
2022-09-01,380.7532896397491,234,lstm_corr_top1_era5_rand14,f3,2
2022-10-01,394.9793430041864,234,lstm_corr_top1_era5_rand14,f3,2
2022-11-01,364.47619358679606,234,lstm_corr_top1_era5_rand14,f3,2
2022-12-01,287.6790463278705,234,lstm_corr_top1_era5_rand14,f3,2
2023-01-01,460.67578430431405,234,lstm_corr_top1_era5_rand14,f3,2
2023-02-01,324.7871159318957,234,lstm_corr_top1_era5_rand14,f3,2
2023-03-01,395.66674581154405,234,lstm_corr_top1_era5_rand14,f3,2
2023-04-01,452.2745049364852,234,lstm_corr_top1_era5_rand14,f3,2
2023-05-01,558.8887902535363,234,lstm_corr_top1_era5_rand14,f3,2
2023-06-01,656.3982634581957,234,lstm_corr_top1_era5_rand14,f3,2
2023-07-01,365.02101607569654,234,lstm_corr_top1_era5_rand14,f3,2
2023-08-01,294.72775156068866,234,lstm_corr_top1_era5_rand14,f3,2
2023-09-01,475.56379724802457,234,lstm_corr_top1_era5_rand14,f3,2
2023-10-01,357.3475362791404,234,lstm_corr_top1_era5_rand14,f3,2
2022-06-01,234.33503216388826,234,lstm_corr_top1_rand15,f3,2
2022-07-01,211.30699145941483,234,lstm_corr_top1_rand15,f3,2
2022-08-01,405.9881209165082,234,lstm_corr_top1_rand15,f3,2
2022-09-01,406.14409313585526,234,lstm_corr_top1_rand15,f3,2
2022-10-01,393.7551942475325,234,lstm_corr_top1_rand15,f3,2
2022-11-01,342.735173059914,234,lstm_corr_top1_rand15,f3,2
2022-12-01,283.9988281503623,234,lstm_corr_top1_rand15,f3,2
2023-01-01,468.5105962683459,234,lstm_corr_top1_rand15,f3,2
2023-02-01,324.8056921122025,234,lstm_corr_top1_rand15,f3,2
2023-03-01,380.20570397591905,234,lstm_corr_top1_rand15,f3,2
2023-04-01,442.4798767600453,234,lstm_corr_top1_rand15,f3,2
2023-05-01,551.5362025763471,234,lstm_corr_top1_rand15,f3,2
2023-06-01,650.5053971953422,234,lstm_corr_top1_rand15,f3,2
2023-07-01,396.92363951855765,234,lstm_corr_top1_rand15,f3,2
2023-08-01,289.3096886457388,234,lstm_corr_top1_rand15,f3,2
2023-09-01,445.2592222004726,234,lstm_corr_top1_rand15,f3,2
2023-10-01,338.18783301485007,234,lstm_corr_top1_rand15,f3,2
2022-06-01,236.66227880875715,234,lstm_corr_top1_era5_rand15,f3,2
2022-07-01,189.56250460492,234,lstm_corr_top1_era5_rand15,f3,2
2022-08-01,401.3721340708075,234,lstm_corr_top1_era5_rand15,f3,2
2022-09-01,381.9620843182111,234,lstm_corr_top1_era5_rand15,f3,2
2022-10-01,400.2252590739983,234,lstm_corr_top1_era5_rand15,f3,2
2022-11-01,348.4726956145846,234,lstm_corr_top1_era5_rand15,f3,2
2022-12-01,281.0020494453946,234,lstm_corr_top1_era5_rand15,f3,2
2023-01-01,454.21218774412205,234,lstm_corr_top1_era5_rand15,f3,2
2023-02-01,327.7317627945334,234,lstm_corr_top1_era5_rand15,f3,2
2023-03-01,393.9070504862414,234,lstm_corr_top1_era5_rand15,f3,2
2023-04-01,453.1458869733949,234,lstm_corr_top1_era5_rand15,f3,2
2023-05-01,563.6236306524568,234,lstm_corr_top1_era5_rand15,f3,2
2023-06-01,656.488277900825,234,lstm_corr_top1_era5_rand15,f3,2
2023-07-01,372.12677651232065,234,lstm_corr_top1_era5_rand15,f3,2
2023-08-01,295.9578196517574,234,lstm_corr_top1_era5_rand15,f3,2
2023-09-01,467.53222478132096,234,lstm_corr_top1_era5_rand15,f3,2
2023-10-01,354.7384576883536,234,lstm_corr_top1_era5_rand15,f3,2
2022-06-01,234.75917214940347,234,lstm_corr_top1_rand16,f3,2
2022-07-01,212.29049866739345,234,lstm_corr_top1_rand16,f3,2
2022-08-01,406.67746538243176,234,lstm_corr_top1_rand16,f3,2
2022-09-01,408.54636291627554,234,lstm_corr_top1_rand16,f3,2
2022-10-01,394.55869516911076,234,lstm_corr_top1_rand16,f3,2
2022-11-01,346.1706376616702,234,lstm_corr_top1_rand16,f3,2
2022-12-01,285.7566390585719,234,lstm_corr_top1_rand16,f3,2
2023-01-01,469.9743668402978,234,lstm_corr_top1_rand16,f3,2
2023-02-01,325.8460793243449,234,lstm_corr_top1_rand16,f3,2
2023-03-01,384.1836718825582,234,lstm_corr_top1_rand16,f3,2
2023-04-01,437.0597454926639,234,lstm_corr_top1_rand16,f3,2
2023-05-01,547.4077090832891,234,lstm_corr_top1_rand16,f3,2
2023-06-01,649.4883529787937,234,lstm_corr_top1_rand16,f3,2
2023-07-01,393.8410760121972,234,lstm_corr_top1_rand16,f3,2
2023-08-01,287.99666147809853,234,lstm_corr_top1_rand16,f3,2
2023-09-01,441.35604018081824,234,lstm_corr_top1_rand16,f3,2
2023-10-01,335.3230585936343,234,lstm_corr_top1_rand16,f3,2
2022-06-01,232.6471883857534,234,lstm_corr_top1_era5_rand16,f3,2
2022-07-01,188.07483112964167,234,lstm_corr_top1_era5_rand16,f3,2
2022-08-01,395.59259318625226,234,lstm_corr_top1_era5_rand16,f3,2
2022-09-01,382.08535439170595,234,lstm_corr_top1_era5_rand16,f3,2
2022-10-01,399.4490041729783,234,lstm_corr_top1_era5_rand16,f3,2
2022-11-01,362.2830860019986,234,lstm_corr_top1_era5_rand16,f3,2
2022-12-01,293.0997661713994,234,lstm_corr_top1_era5_rand16,f3,2
2023-01-01,468.3019523998457,234,lstm_corr_top1_era5_rand16,f3,2
2023-02-01,326.28089445519714,234,lstm_corr_top1_era5_rand16,f3,2
2023-03-01,400.441422475571,234,lstm_corr_top1_era5_rand16,f3,2
2023-04-01,454.05463886498796,234,lstm_corr_top1_era5_rand16,f3,2
2023-05-01,575.3165062980837,234,lstm_corr_top1_era5_rand16,f3,2
2023-06-01,668.2724475151158,234,lstm_corr_top1_era5_rand16,f3,2
2023-07-01,378.38622043196455,234,lstm_corr_top1_era5_rand16,f3,2
2023-08-01,303.71920901786143,234,lstm_corr_top1_era5_rand16,f3,2
2023-09-01,474.56297933322116,234,lstm_corr_top1_era5_rand16,f3,2
2023-10-01,364.7504313928156,234,lstm_corr_top1_era5_rand16,f3,2
2022-06-01,239.1269837462137,234,lstm_corr_top1_rand17,f3,2
2022-07-01,212.44782097451898,234,lstm_corr_top1_rand17,f3,2
2022-08-01,405.85180121260527,234,lstm_corr_top1_rand17,f3,2
2022-09-01,409.0995845580279,234,lstm_corr_top1_rand17,f3,2
2022-10-01,399.67834900915034,234,lstm_corr_top1_rand17,f3,2
2022-11-01,339.52526699699564,234,lstm_corr_top1_rand17,f3,2
2022-12-01,284.3493124488034,234,lstm_corr_top1_rand17,f3,2
2023-01-01,476.73887993541905,234,lstm_corr_top1_rand17,f3,2
2023-02-01,329.79427003791164,234,lstm_corr_top1_rand17,f3,2
2023-03-01,382.54634560451706,234,lstm_corr_top1_rand17,f3,2
2023-04-01,446.8034208047973,234,lstm_corr_top1_rand17,f3,2
2023-05-01,554.6850874544185,234,lstm_corr_top1_rand17,f3,2
2023-06-01,656.1551071408185,234,lstm_corr_top1_rand17,f3,2
2023-07-01,399.0727202256653,234,lstm_corr_top1_rand17,f3,2
2023-08-01,293.6162098548077,234,lstm_corr_top1_rand17,f3,2
2023-09-01,447.3070182159487,234,lstm_corr_top1_rand17,f3,2
2023-10-01,338.4845754441339,234,lstm_corr_top1_rand17,f3,2
2022-06-01,233.96837358681975,234,lstm_corr_top1_era5_rand17,f3,2
2022-07-01,189.68921376803215,234,lstm_corr_top1_era5_rand17,f3,2
2022-08-01,394.53869018320023,234,lstm_corr_top1_era5_rand17,f3,2
2022-09-01,380.2318600980967,234,lstm_corr_top1_era5_rand17,f3,2
2022-10-01,393.8019722691919,234,lstm_corr_top1_era5_rand17,f3,2
2022-11-01,356.3966214763275,234,lstm_corr_top1_era5_rand17,f3,2
2022-12-01,292.5751880249653,234,lstm_corr_top1_era5_rand17,f3,2
2023-01-01,462.0039588137606,234,lstm_corr_top1_era5_rand17,f3,2
2023-02-01,331.2997585767214,234,lstm_corr_top1_era5_rand17,f3,2
2023-03-01,401.9306013524066,234,lstm_corr_top1_era5_rand17,f3,2
2023-04-01,455.83832045761807,234,lstm_corr_top1_era5_rand17,f3,2
2023-05-01,567.9791077272763,234,lstm_corr_top1_era5_rand17,f3,2
2023-06-01,672.1781708821087,234,lstm_corr_top1_era5_rand17,f3,2
2023-07-01,375.0535698989551,234,lstm_corr_top1_era5_rand17,f3,2
2023-08-01,303.01481258373514,234,lstm_corr_top1_era5_rand17,f3,2
2023-09-01,491.0630787516507,234,lstm_corr_top1_era5_rand17,f3,2
2023-10-01,378.34020596710224,234,lstm_corr_top1_era5_rand17,f3,2
2022-06-01,236.44840692478346,234,lstm_corr_top1_rand18,f3,2
2022-07-01,211.94779214729775,234,lstm_corr_top1_rand18,f3,2
2022-08-01,408.88845477274367,234,lstm_corr_top1_rand18,f3,2
2022-09-01,408.4451365774584,234,lstm_corr_top1_rand18,f3,2
2022-10-01,395.27818762576123,234,lstm_corr_top1_rand18,f3,2
2022-11-01,345.49227740890973,234,lstm_corr_top1_rand18,f3,2
2022-12-01,285.5889608493861,234,lstm_corr_top1_rand18,f3,2
2023-01-01,474.2648623516896,234,lstm_corr_top1_rand18,f3,2
2023-02-01,328.5904455595135,234,lstm_corr_top1_rand18,f3,2
2023-03-01,376.3721097058434,234,lstm_corr_top1_rand18,f3,2
2023-04-01,436.06537852938186,234,lstm_corr_top1_rand18,f3,2
2023-05-01,553.5430005892485,234,lstm_corr_top1_rand18,f3,2
2023-06-01,653.2611047585624,234,lstm_corr_top1_rand18,f3,2
2023-07-01,398.34792978804757,234,lstm_corr_top1_rand18,f3,2
2023-08-01,291.99893916769383,234,lstm_corr_top1_rand18,f3,2
2023-09-01,443.7066843323192,234,lstm_corr_top1_rand18,f3,2
2023-10-01,339.5906627459119,234,lstm_corr_top1_rand18,f3,2
2022-06-01,233.5498697045533,234,lstm_corr_top1_era5_rand18,f3,2
2022-07-01,191.41889979944725,234,lstm_corr_top1_era5_rand18,f3,2
2022-08-01,402.9548273199164,234,lstm_corr_top1_era5_rand18,f3,2
2022-09-01,384.41931300632365,234,lstm_corr_top1_era5_rand18,f3,2
2022-10-01,390.71793223738774,234,lstm_corr_top1_era5_rand18,f3,2
2022-11-01,360.828439054472,234,lstm_corr_top1_era5_rand18,f3,2
2022-12-01,297.0522431509431,234,lstm_corr_top1_era5_rand18,f3,2
2023-01-01,465.964944568597,234,lstm_corr_top1_era5_rand18,f3,2
2023-02-01,330.3362662428544,234,lstm_corr_top1_era5_rand18,f3,2
2023-03-01,397.98637400218206,234,lstm_corr_top1_era5_rand18,f3,2
2023-04-01,458.1102509813157,234,lstm_corr_top1_era5_rand18,f3,2
2023-05-01,568.7938397693325,234,lstm_corr_top1_era5_rand18,f3,2
2023-06-01,665.1866623591518,234,lstm_corr_top1_era5_rand18,f3,2
2023-07-01,378.3233135178136,234,lstm_corr_top1_era5_rand18,f3,2
2023-08-01,309.90214049157055,234,lstm_corr_top1_era5_rand18,f3,2
2023-09-01,481.18707521837234,234,lstm_corr_top1_era5_rand18,f3,2
2023-10-01,364.23926657580904,234,lstm_corr_top1_era5_rand18,f3,2
2022-06-01,236.81752938036237,234,lstm_corr_top1_rand19,f3,2
2022-07-01,211.076994945278,234,lstm_corr_top1_rand19,f3,2
2022-08-01,407.8332390342949,234,lstm_corr_top1_rand19,f3,2
2022-09-01,406.64217661587463,234,lstm_corr_top1_rand19,f3,2
2022-10-01,396.89956576154975,234,lstm_corr_top1_rand19,f3,2
2022-11-01,344.65182416145143,234,lstm_corr_top1_rand19,f3,2
2022-12-01,285.0186880629293,234,lstm_corr_top1_rand19,f3,2
2023-01-01,464.5876581347639,234,lstm_corr_top1_rand19,f3,2
2023-02-01,325.0355837080506,234,lstm_corr_top1_rand19,f3,2
2023-03-01,376.1117508878468,234,lstm_corr_top1_rand19,f3,2
2023-04-01,438.1777906480476,234,lstm_corr_top1_rand19,f3,2
2023-05-01,550.904271027763,234,lstm_corr_top1_rand19,f3,2
2023-06-01,653.0715387135417,234,lstm_corr_top1_rand19,f3,2
2023-07-01,395.60796193957106,234,lstm_corr_top1_rand19,f3,2
2023-08-01,287.8660580032473,234,lstm_corr_top1_rand19,f3,2
2023-09-01,442.0855205032281,234,lstm_corr_top1_rand19,f3,2
2023-10-01,339.8403143887011,234,lstm_corr_top1_rand19,f3,2
2022-06-01,234.2065651699584,234,lstm_corr_top1_era5_rand19,f3,2
2022-07-01,192.94458566443708,234,lstm_corr_top1_era5_rand19,f3,2
2022-08-01,397.0109992013632,234,lstm_corr_top1_era5_rand19,f3,2
2022-09-01,380.21798405167056,234,lstm_corr_top1_era5_rand19,f3,2
2022-10-01,401.7777932371634,234,lstm_corr_top1_era5_rand19,f3,2
2022-11-01,358.3952779750849,234,lstm_corr_top1_era5_rand19,f3,2
2022-12-01,291.1020723629804,234,lstm_corr_top1_era5_rand19,f3,2
2023-01-01,459.93132908070606,234,lstm_corr_top1_era5_rand19,f3,2
2023-02-01,323.6244031797227,234,lstm_corr_top1_era5_rand19,f3,2
2023-03-01,395.50980193069284,234,lstm_corr_top1_era5_rand19,f3,2
2023-04-01,458.4098947216365,234,lstm_corr_top1_era5_rand19,f3,2
2023-05-01,562.877318286707,234,lstm_corr_top1_era5_rand19,f3,2
2023-06-01,659.809613574261,234,lstm_corr_top1_era5_rand19,f3,2
2023-07-01,365.96885169563774,234,lstm_corr_top1_era5_rand19,f3,2
2023-08-01,295.71380801170756,234,lstm_corr_top1_era5_rand19,f3,2
2023-09-01,467.7546113601161,234,lstm_corr_top1_era5_rand19,f3,2
2023-10-01,361.26747406985857,234,lstm_corr_top1_era5_rand19,f3,2
2022-07-01,241.57038498303058,234,lstm_corr_top1_rand0,f3,3
2022-08-01,390.32600289467115,234,lstm_corr_top1_rand0,f3,3
2022-09-01,462.5004478265808,234,lstm_corr_top1_rand0,f3,3
2022-10-01,447.96193187876526,234,lstm_corr_top1_rand0,f3,3
2022-11-01,404.01342254317296,234,lstm_corr_top1_rand0,f3,3
2022-12-01,314.86018912404575,234,lstm_corr_top1_rand0,f3,3
2023-01-01,484.1971839819141,234,lstm_corr_top1_rand0,f3,3
2023-02-01,353.1509954341982,234,lstm_corr_top1_rand0,f3,3
2023-03-01,421.9356052377082,234,lstm_corr_top1_rand0,f3,3
2023-04-01,486.07713358862986,234,lstm_corr_top1_rand0,f3,3
2023-05-01,552.1425418182667,234,lstm_corr_top1_rand0,f3,3
2023-06-01,655.7418370198429,234,lstm_corr_top1_rand0,f3,3
2023-07-01,439.142276386649,234,lstm_corr_top1_rand0,f3,3
2023-08-01,334.56810760307604,234,lstm_corr_top1_rand0,f3,3
2023-09-01,483.56727414416014,234,lstm_corr_top1_rand0,f3,3
2023-10-01,370.419710170498,234,lstm_corr_top1_rand0,f3,3
2023-11-01,465.15729730790036,234,lstm_corr_top1_rand0,f3,3
2022-07-01,224.29807805829032,234,lstm_corr_top1_era5_rand0,f3,3
2022-08-01,389.1837650374131,234,lstm_corr_top1_era5_rand0,f3,3
2022-09-01,459.27934678983115,234,lstm_corr_top1_era5_rand0,f3,3
2022-10-01,448.80109391181446,234,lstm_corr_top1_era5_rand0,f3,3
2022-11-01,394.9992078530611,234,lstm_corr_top1_era5_rand0,f3,3
2022-12-01,313.2338649577867,234,lstm_corr_top1_era5_rand0,f3,3
2023-01-01,478.7718069536814,234,lstm_corr_top1_era5_rand0,f3,3
2023-02-01,336.3926592507065,234,lstm_corr_top1_era5_rand0,f3,3
2023-03-01,425.02178025495874,234,lstm_corr_top1_era5_rand0,f3,3
2023-04-01,465.677851569317,234,lstm_corr_top1_era5_rand0,f3,3
2023-05-01,582.8930092751016,234,lstm_corr_top1_era5_rand0,f3,3
2023-06-01,663.5311401996096,234,lstm_corr_top1_era5_rand0,f3,3
2023-07-01,420.2081145085478,234,lstm_corr_top1_era5_rand0,f3,3
2023-08-01,322.3817893831263,234,lstm_corr_top1_era5_rand0,f3,3
2023-09-01,491.0514585907387,234,lstm_corr_top1_era5_rand0,f3,3
2023-10-01,391.5624867618412,234,lstm_corr_top1_era5_rand0,f3,3
2023-11-01,471.18017715047506,234,lstm_corr_top1_era5_rand0,f3,3
2022-07-01,240.5138990587076,234,lstm_corr_top1_rand1,f3,3
2022-08-01,386.7375638732352,234,lstm_corr_top1_rand1,f3,3
2022-09-01,461.41606394771384,234,lstm_corr_top1_rand1,f3,3
2022-10-01,444.5763424215621,234,lstm_corr_top1_rand1,f3,3
2022-11-01,405.3281488930261,234,lstm_corr_top1_rand1,f3,3
2022-12-01,321.80586934737,234,lstm_corr_top1_rand1,f3,3
2023-01-01,498.86014834570665,234,lstm_corr_top1_rand1,f3,3
2023-02-01,358.9248052851677,234,lstm_corr_top1_rand1,f3,3
2023-03-01,423.33822565669607,234,lstm_corr_top1_rand1,f3,3
2023-04-01,491.2980451053596,234,lstm_corr_top1_rand1,f3,3
2023-05-01,555.3526441073564,234,lstm_corr_top1_rand1,f3,3
2023-06-01,656.0001492532157,234,lstm_corr_top1_rand1,f3,3
2023-07-01,439.88895485089523,234,lstm_corr_top1_rand1,f3,3
2023-08-01,339.79313478621884,234,lstm_corr_top1_rand1,f3,3
2023-09-01,490.82279700857487,234,lstm_corr_top1_rand1,f3,3
2023-10-01,373.4566987822165,234,lstm_corr_top1_rand1,f3,3
2023-11-01,472.3267395361765,234,lstm_corr_top1_rand1,f3,3
2022-07-01,224.50220451772563,234,lstm_corr_top1_era5_rand1,f3,3
2022-08-01,386.69658647471346,234,lstm_corr_top1_era5_rand1,f3,3
2022-09-01,464.0112762275578,234,lstm_corr_top1_era5_rand1,f3,3
2022-10-01,449.03103075454715,234,lstm_corr_top1_era5_rand1,f3,3
2022-11-01,400.0620046923282,234,lstm_corr_top1_era5_rand1,f3,3
2022-12-01,314.6434391384901,234,lstm_corr_top1_era5_rand1,f3,3
2023-01-01,488.06513755185483,234,lstm_corr_top1_era5_rand1,f3,3
2023-02-01,341.99862772397915,234,lstm_corr_top1_era5_rand1,f3,3
2023-03-01,429.45104350604095,234,lstm_corr_top1_era5_rand1,f3,3
2023-04-01,472.91729411399984,234,lstm_corr_top1_era5_rand1,f3,3
2023-05-01,606.2612007069223,234,lstm_corr_top1_era5_rand1,f3,3
2023-06-01,674.2100735606418,234,lstm_corr_top1_era5_rand1,f3,3
2023-07-01,417.1836946650869,234,lstm_corr_top1_era5_rand1,f3,3
2023-08-01,333.153535038718,234,lstm_corr_top1_era5_rand1,f3,3
2023-09-01,500.6507513315405,234,lstm_corr_top1_era5_rand1,f3,3
2023-10-01,383.8204341058276,234,lstm_corr_top1_era5_rand1,f3,3
2023-11-01,471.8554139749716,234,lstm_corr_top1_era5_rand1,f3,3
2022-07-01,245.7911025531603,234,lstm_corr_top1_rand2,f3,3
2022-08-01,393.7471232713236,234,lstm_corr_top1_rand2,f3,3
2022-09-01,461.2057988834812,234,lstm_corr_top1_rand2,f3,3
2022-10-01,451.1741083450905,234,lstm_corr_top1_rand2,f3,3
2022-11-01,404.3522562932685,234,lstm_corr_top1_rand2,f3,3
2022-12-01,318.5544058465534,234,lstm_corr_top1_rand2,f3,3
2023-01-01,491.80372696046874,234,lstm_corr_top1_rand2,f3,3
2023-02-01,354.7356998200049,234,lstm_corr_top1_rand2,f3,3
2023-03-01,424.9824807374745,234,lstm_corr_top1_rand2,f3,3
2023-04-01,492.65352335338724,234,lstm_corr_top1_rand2,f3,3
2023-05-01,561.4478638719572,234,lstm_corr_top1_rand2,f3,3
2023-06-01,660.8290727268601,234,lstm_corr_top1_rand2,f3,3
2023-07-01,442.1653508089436,234,lstm_corr_top1_rand2,f3,3
2023-08-01,341.27928781039464,234,lstm_corr_top1_rand2,f3,3
2023-09-01,483.68083062894254,234,lstm_corr_top1_rand2,f3,3
2023-10-01,371.02137175971393,234,lstm_corr_top1_rand2,f3,3
2023-11-01,464.10110524715884,234,lstm_corr_top1_rand2,f3,3
2022-07-01,226.9599417544667,234,lstm_corr_top1_era5_rand2,f3,3
2022-08-01,382.68803227637153,234,lstm_corr_top1_era5_rand2,f3,3
2022-09-01,460.2120425822175,234,lstm_corr_top1_era5_rand2,f3,3
2022-10-01,450.7016697680283,234,lstm_corr_top1_era5_rand2,f3,3
2022-11-01,394.2406769836634,234,lstm_corr_top1_era5_rand2,f3,3
2022-12-01,320.58395187108255,234,lstm_corr_top1_era5_rand2,f3,3
2023-01-01,497.1855548794544,234,lstm_corr_top1_era5_rand2,f3,3
2023-02-01,358.90612637374903,234,lstm_corr_top1_era5_rand2,f3,3
2023-03-01,444.7562423087149,234,lstm_corr_top1_era5_rand2,f3,3
2023-04-01,486.70431527173656,234,lstm_corr_top1_era5_rand2,f3,3
2023-05-01,610.6822337260834,234,lstm_corr_top1_era5_rand2,f3,3
2023-06-01,670.3707338858778,234,lstm_corr_top1_era5_rand2,f3,3
2023-07-01,424.9346846241716,234,lstm_corr_top1_era5_rand2,f3,3
2023-08-01,334.4808078646511,234,lstm_corr_top1_era5_rand2,f3,3
2023-09-01,500.1132260933417,234,lstm_corr_top1_era5_rand2,f3,3
2023-10-01,396.0950530557877,234,lstm_corr_top1_era5_rand2,f3,3
2023-11-01,476.5164254625609,234,lstm_corr_top1_era5_rand2,f3,3
2022-07-01,244.90980673380037,234,lstm_corr_top1_rand3,f3,3
2022-08-01,393.8872502107316,234,lstm_corr_top1_rand3,f3,3
2022-09-01,468.5794658792631,234,lstm_corr_top1_rand3,f3,3
2022-10-01,452.50414593006633,234,lstm_corr_top1_rand3,f3,3
2022-11-01,404.8232508255561,234,lstm_corr_top1_rand3,f3,3
2022-12-01,319.0356672758013,234,lstm_corr_top1_rand3,f3,3
2023-01-01,486.05246956848777,234,lstm_corr_top1_rand3,f3,3
2023-02-01,352.13690408460724,234,lstm_corr_top1_rand3,f3,3
2023-03-01,428.0518184000674,234,lstm_corr_top1_rand3,f3,3
2023-04-01,499.67220489836086,234,lstm_corr_top1_rand3,f3,3
2023-05-01,554.4636288405544,234,lstm_corr_top1_rand3,f3,3
2023-06-01,658.2351733410809,234,lstm_corr_top1_rand3,f3,3
2023-07-01,441.4542400150305,234,lstm_corr_top1_rand3,f3,3
2023-08-01,338.23895584665144,234,lstm_corr_top1_rand3,f3,3
2023-09-01,483.27087722070144,234,lstm_corr_top1_rand3,f3,3
2023-10-01,377.5101937049795,234,lstm_corr_top1_rand3,f3,3
2023-11-01,474.3903605084858,234,lstm_corr_top1_rand3,f3,3
2022-07-01,225.3839552332306,234,lstm_corr_top1_era5_rand3,f3,3
2022-08-01,387.2979134852938,234,lstm_corr_top1_era5_rand3,f3,3
2022-09-01,463.53258484779906,234,lstm_corr_top1_era5_rand3,f3,3
2022-10-01,450.33427871440483,234,lstm_corr_top1_era5_rand3,f3,3
2022-11-01,392.2481988215571,234,lstm_corr_top1_era5_rand3,f3,3
2022-12-01,313.12763848638707,234,lstm_corr_top1_era5_rand3,f3,3
2023-01-01,494.5951161256433,234,lstm_corr_top1_era5_rand3,f3,3
2023-02-01,353.6232880094852,234,lstm_corr_top1_era5_rand3,f3,3
2023-03-01,440.012377992692,234,lstm_corr_top1_era5_rand3,f3,3
2023-04-01,494.42531641825053,234,lstm_corr_top1_era5_rand3,f3,3
2023-05-01,614.5729122770537,234,lstm_corr_top1_era5_rand3,f3,3
2023-06-01,681.4173313377489,234,lstm_corr_top1_era5_rand3,f3,3
2023-07-01,427.97881743821813,234,lstm_corr_top1_era5_rand3,f3,3
2023-08-01,340.53256377366114,234,lstm_corr_top1_era5_rand3,f3,3
2023-09-01,529.2194460495612,234,lstm_corr_top1_era5_rand3,f3,3
2023-10-01,410.56802704306153,234,lstm_corr_top1_era5_rand3,f3,3
2023-11-01,481.39140849273036,234,lstm_corr_top1_era5_rand3,f3,3
2022-07-01,245.11363983715248,234,lstm_corr_top1_rand4,f3,3
2022-08-01,392.6066942493302,234,lstm_corr_top1_rand4,f3,3
2022-09-01,463.4002060845384,234,lstm_corr_top1_rand4,f3,3
2022-10-01,447.7004329215359,234,lstm_corr_top1_rand4,f3,3
2022-11-01,406.0242654003426,234,lstm_corr_top1_rand4,f3,3
2022-12-01,321.4542575912063,234,lstm_corr_top1_rand4,f3,3
2023-01-01,496.5600731400768,234,lstm_corr_top1_rand4,f3,3
2023-02-01,356.50075200840325,234,lstm_corr_top1_rand4,f3,3
2023-03-01,423.3182674226299,234,lstm_corr_top1_rand4,f3,3
2023-04-01,496.371577579171,234,lstm_corr_top1_rand4,f3,3
2023-05-01,561.6916297887075,234,lstm_corr_top1_rand4,f3,3
2023-06-01,663.4381843996214,234,lstm_corr_top1_rand4,f3,3
2023-07-01,450.55554046738933,234,lstm_corr_top1_rand4,f3,3
2023-08-01,343.152288778828,234,lstm_corr_top1_rand4,f3,3
2023-09-01,485.07714874816185,234,lstm_corr_top1_rand4,f3,3
2023-10-01,374.73958024654115,234,lstm_corr_top1_rand4,f3,3
2023-11-01,470.17602864031693,234,lstm_corr_top1_rand4,f3,3
2022-07-01,227.29025919286536,234,lstm_corr_top1_era5_rand4,f3,3
2022-08-01,390.6881745856099,234,lstm_corr_top1_era5_rand4,f3,3
2022-09-01,468.16033244681114,234,lstm_corr_top1_era5_rand4,f3,3
2022-10-01,453.26904439056227,234,lstm_corr_top1_era5_rand4,f3,3
2022-11-01,392.90980308111716,234,lstm_corr_top1_era5_rand4,f3,3
2022-12-01,311.51326716091137,234,lstm_corr_top1_era5_rand4,f3,3
2023-01-01,488.7511757925736,234,lstm_corr_top1_era5_rand4,f3,3
2023-02-01,348.8485287546053,234,lstm_corr_top1_era5_rand4,f3,3
2023-03-01,434.27079788836,234,lstm_corr_top1_era5_rand4,f3,3
2023-04-01,475.6946809934476,234,lstm_corr_top1_era5_rand4,f3,3
2023-05-01,608.2492712436086,234,lstm_corr_top1_era5_rand4,f3,3
2023-06-01,682.7820208918632,234,lstm_corr_top1_era5_rand4,f3,3
2023-07-01,429.9281310043559,234,lstm_corr_top1_era5_rand4,f3,3
2023-08-01,341.3212969251485,234,lstm_corr_top1_era5_rand4,f3,3
2023-09-01,504.69478576492287,234,lstm_corr_top1_era5_rand4,f3,3
2023-10-01,403.62328081026436,234,lstm_corr_top1_era5_rand4,f3,3
2023-11-01,485.4832006346895,234,lstm_corr_top1_era5_rand4,f3,3
2022-07-01,241.70049292582252,234,lstm_corr_top1_rand5,f3,3
2022-08-01,390.67716111948437,234,lstm_corr_top1_rand5,f3,3
2022-09-01,460.79095532078327,234,lstm_corr_top1_rand5,f3,3
2022-10-01,451.90729030161185,234,lstm_corr_top1_rand5,f3,3
2022-11-01,406.48675321783656,234,lstm_corr_top1_rand5,f3,3
2022-12-01,318.8551533493479,234,lstm_corr_top1_rand5,f3,3
2023-01-01,490.59034853388056,234,lstm_corr_top1_rand5,f3,3
2023-02-01,355.1389172943306,234,lstm_corr_top1_rand5,f3,3
2023-03-01,422.9150341835588,234,lstm_corr_top1_rand5,f3,3
2023-04-01,487.61311591785324,234,lstm_corr_top1_rand5,f3,3
2023-05-01,557.1263836102083,234,lstm_corr_top1_rand5,f3,3
2023-06-01,658.996073423789,234,lstm_corr_top1_rand5,f3,3
2023-07-01,439.8893753032205,234,lstm_corr_top1_rand5,f3,3
2023-08-01,341.93344770941763,234,lstm_corr_top1_rand5,f3,3
2023-09-01,487.453814284783,234,lstm_corr_top1_rand5,f3,3
2023-10-01,370.2723317981184,234,lstm_corr_top1_rand5,f3,3
2023-11-01,466.46594628557557,234,lstm_corr_top1_rand5,f3,3
2022-07-01,224.24832492787786,234,lstm_corr_top1_era5_rand5,f3,3
2022-08-01,388.03763586410287,234,lstm_corr_top1_era5_rand5,f3,3
2022-09-01,464.02737701254347,234,lstm_corr_top1_era5_rand5,f3,3
2022-10-01,448.6888758711866,234,lstm_corr_top1_era5_rand5,f3,3
2022-11-01,389.1727803026242,234,lstm_corr_top1_era5_rand5,f3,3
2022-12-01,317.48892249916844,234,lstm_corr_top1_era5_rand5,f3,3
2023-01-01,489.96798804261704,234,lstm_corr_top1_era5_rand5,f3,3
2023-02-01,341.78862166064795,234,lstm_corr_top1_era5_rand5,f3,3
2023-03-01,434.0891673688562,234,lstm_corr_top1_era5_rand5,f3,3
2023-04-01,473.5242397040794,234,lstm_corr_top1_era5_rand5,f3,3
2023-05-01,605.6243787509225,234,lstm_corr_top1_era5_rand5,f3,3
2023-06-01,675.8099761191693,234,lstm_corr_top1_era5_rand5,f3,3
2023-07-01,417.4913445251551,234,lstm_corr_top1_era5_rand5,f3,3
2023-08-01,331.401467776994,234,lstm_corr_top1_era5_rand5,f3,3
2023-09-01,497.9054159744133,234,lstm_corr_top1_era5_rand5,f3,3
2023-10-01,385.5178295023805,234,lstm_corr_top1_era5_rand5,f3,3
2023-11-01,471.5335097454098,234,lstm_corr_top1_era5_rand5,f3,3
2022-07-01,242.16637912327985,234,lstm_corr_top1_rand6,f3,3
2022-08-01,390.8816773264181,234,lstm_corr_top1_rand6,f3,3
2022-09-01,460.5972804376784,234,lstm_corr_top1_rand6,f3,3
2022-10-01,448.80160482485974,234,lstm_corr_top1_rand6,f3,3
2022-11-01,404.67496930412756,234,lstm_corr_top1_rand6,f3,3
2022-12-01,315.9531250265088,234,lstm_corr_top1_rand6,f3,3
2023-01-01,487.6233733263103,234,lstm_corr_top1_rand6,f3,3
2023-02-01,352.055123755634,234,lstm_corr_top1_rand6,f3,3
2023-03-01,423.28778288004975,234,lstm_corr_top1_rand6,f3,3
2023-04-01,493.38051299101386,234,lstm_corr_top1_rand6,f3,3
2023-05-01,557.4949892310308,234,lstm_corr_top1_rand6,f3,3
2023-06-01,658.4792996420081,234,lstm_corr_top1_rand6,f3,3
2023-07-01,438.55785575541404,234,lstm_corr_top1_rand6,f3,3
2023-08-01,337.91878785852964,234,lstm_corr_top1_rand6,f3,3
2023-09-01,487.7477367230734,234,lstm_corr_top1_rand6,f3,3
2023-10-01,376.75425203142936,234,lstm_corr_top1_rand6,f3,3
2023-11-01,468.53240687343697,234,lstm_corr_top1_rand6,f3,3
2022-07-01,228.83530513496723,234,lstm_corr_top1_era5_rand6,f3,3
2022-08-01,385.1359840629815,234,lstm_corr_top1_era5_rand6,f3,3
2022-09-01,466.7331059108809,234,lstm_corr_top1_era5_rand6,f3,3
2022-10-01,453.55750077427217,234,lstm_corr_top1_era5_rand6,f3,3
2022-11-01,393.0147202814344,234,lstm_corr_top1_era5_rand6,f3,3
2022-12-01,303.9194956268834,234,lstm_corr_top1_era5_rand6,f3,3
2023-01-01,483.8965334243456,234,lstm_corr_top1_era5_rand6,f3,3
2023-02-01,344.5997510200372,234,lstm_corr_top1_era5_rand6,f3,3
2023-03-01,434.2668313295235,234,lstm_corr_top1_era5_rand6,f3,3
2023-04-01,488.5243120129782,234,lstm_corr_top1_era5_rand6,f3,3
2023-05-01,600.2353344019906,234,lstm_corr_top1_era5_rand6,f3,3
2023-06-01,672.9516674474696,234,lstm_corr_top1_era5_rand6,f3,3
2023-07-01,426.34682098797697,234,lstm_corr_top1_era5_rand6,f3,3
2023-08-01,333.9497391023719,234,lstm_corr_top1_era5_rand6,f3,3
2023-09-01,502.9319752587236,234,lstm_corr_top1_era5_rand6,f3,3
2023-10-01,398.2150666909425,234,lstm_corr_top1_era5_rand6,f3,3
2023-11-01,471.6758362764029,234,lstm_corr_top1_era5_rand6,f3,3
2022-07-01,241.15099487277422,234,lstm_corr_top1_rand7,f3,3
2022-08-01,391.0719235505709,234,lstm_corr_top1_rand7,f3,3
2022-09-01,461.9756514284251,234,lstm_corr_top1_rand7,f3,3
2022-10-01,449.4843077702683,234,lstm_corr_top1_rand7,f3,3
2022-11-01,404.73209163312174,234,lstm_corr_top1_rand7,f3,3
2022-12-01,318.71645010027663,234,lstm_corr_top1_rand7,f3,3
2023-01-01,486.23379948675336,234,lstm_corr_top1_rand7,f3,3
2023-02-01,355.6547598046872,234,lstm_corr_top1_rand7,f3,3
2023-03-01,425.11239720998327,234,lstm_corr_top1_rand7,f3,3
2023-04-01,490.0745616273026,234,lstm_corr_top1_rand7,f3,3
2023-05-01,552.0078055473522,234,lstm_corr_top1_rand7,f3,3
2023-06-01,658.3624338203011,234,lstm_corr_top1_rand7,f3,3
2023-07-01,442.5145455152971,234,lstm_corr_top1_rand7,f3,3
2023-08-01,341.17332367023346,234,lstm_corr_top1_rand7,f3,3
2023-09-01,485.94310501810753,234,lstm_corr_top1_rand7,f3,3
2023-10-01,374.4309538521218,234,lstm_corr_top1_rand7,f3,3
2023-11-01,469.20420400351816,234,lstm_corr_top1_rand7,f3,3
2022-07-01,227.13755902969072,234,lstm_corr_top1_era5_rand7,f3,3
2022-08-01,384.3513970130413,234,lstm_corr_top1_era5_rand7,f3,3
2022-09-01,461.2332106694894,234,lstm_corr_top1_era5_rand7,f3,3
2022-10-01,444.3104824187138,234,lstm_corr_top1_era5_rand7,f3,3
2022-11-01,396.89818989134375,234,lstm_corr_top1_era5_rand7,f3,3
2022-12-01,312.699668298977,234,lstm_corr_top1_era5_rand7,f3,3
2023-01-01,487.4385880320181,234,lstm_corr_top1_era5_rand7,f3,3
2023-02-01,343.07509398454465,234,lstm_corr_top1_era5_rand7,f3,3
2023-03-01,431.07156108007797,234,lstm_corr_top1_era5_rand7,f3,3
2023-04-01,473.030022489637,234,lstm_corr_top1_era5_rand7,f3,3
2023-05-01,604.9573791815144,234,lstm_corr_top1_era5_rand7,f3,3
2023-06-01,680.8700904946371,234,lstm_corr_top1_era5_rand7,f3,3
2023-07-01,426.7178331485456,234,lstm_corr_top1_era5_rand7,f3,3
2023-08-01,335.9484516057846,234,lstm_corr_top1_era5_rand7,f3,3
2023-09-01,500.951269153232,234,lstm_corr_top1_era5_rand7,f3,3
2023-10-01,384.2525031531302,234,lstm_corr_top1_era5_rand7,f3,3
2023-11-01,479.0529658577182,234,lstm_corr_top1_era5_rand7,f3,3
2022-07-01,246.09216990776494,234,lstm_corr_top1_rand8,f3,3
2022-08-01,393.0468446602304,234,lstm_corr_top1_rand8,f3,3
2022-09-01,468.54056468519275,234,lstm_corr_top1_rand8,f3,3
2022-10-01,454.16261741560345,234,lstm_corr_top1_rand8,f3,3
2022-11-01,400.862179716084,234,lstm_corr_top1_rand8,f3,3
2022-12-01,317.6478350462285,234,lstm_corr_top1_rand8,f3,3
2023-01-01,495.1001323297593,234,lstm_corr_top1_rand8,f3,3
2023-02-01,357.82907942702496,234,lstm_corr_top1_rand8,f3,3
2023-03-01,426.63407394362406,234,lstm_corr_top1_rand8,f3,3
2023-04-01,496.0774270257601,234,lstm_corr_top1_rand8,f3,3
2023-05-01,556.558269538828,234,lstm_corr_top1_rand8,f3,3
2023-06-01,656.078066917948,234,lstm_corr_top1_rand8,f3,3
2023-07-01,438.7040637213206,234,lstm_corr_top1_rand8,f3,3
2023-08-01,339.4459081782935,234,lstm_corr_top1_rand8,f3,3
2023-09-01,482.0333688731689,234,lstm_corr_top1_rand8,f3,3
2023-10-01,379.09614681702396,234,lstm_corr_top1_rand8,f3,3
2023-11-01,471.0500885190977,234,lstm_corr_top1_rand8,f3,3
2022-07-01,225.73258616526556,234,lstm_corr_top1_era5_rand8,f3,3
2022-08-01,387.8923078354608,234,lstm_corr_top1_era5_rand8,f3,3
2022-09-01,467.57492652697186,234,lstm_corr_top1_era5_rand8,f3,3
2022-10-01,451.7019012605794,234,lstm_corr_top1_era5_rand8,f3,3
2022-11-01,399.9189664511355,234,lstm_corr_top1_era5_rand8,f3,3
2022-12-01,318.1543714627658,234,lstm_corr_top1_era5_rand8,f3,3
2023-01-01,499.54991150702216,234,lstm_corr_top1_era5_rand8,f3,3
2023-02-01,346.90499060405546,234,lstm_corr_top1_era5_rand8,f3,3
2023-03-01,436.26869992927465,234,lstm_corr_top1_era5_rand8,f3,3
2023-04-01,484.84914813846746,234,lstm_corr_top1_era5_rand8,f3,3
2023-05-01,598.4609380001338,234,lstm_corr_top1_era5_rand8,f3,3
2023-06-01,678.3752752413573,234,lstm_corr_top1_era5_rand8,f3,3
2023-07-01,419.7455679583485,234,lstm_corr_top1_era5_rand8,f3,3
2023-08-01,336.3987164138518,234,lstm_corr_top1_era5_rand8,f3,3
2023-09-01,506.522322089349,234,lstm_corr_top1_era5_rand8,f3,3
2023-10-01,389.05565130777586,234,lstm_corr_top1_era5_rand8,f3,3
2023-11-01,468.1560150896722,234,lstm_corr_top1_era5_rand8,f3,3
2022-07-01,240.37376420144759,234,lstm_corr_top1_rand9,f3,3
2022-08-01,385.9922294824296,234,lstm_corr_top1_rand9,f3,3
2022-09-01,460.8933748786948,234,lstm_corr_top1_rand9,f3,3
2022-10-01,446.1333960967018,234,lstm_corr_top1_rand9,f3,3
2022-11-01,402.6318268618029,234,lstm_corr_top1_rand9,f3,3
2022-12-01,318.2076128157671,234,lstm_corr_top1_rand9,f3,3
2023-01-01,492.73648484202636,234,lstm_corr_top1_rand9,f3,3
2023-02-01,354.8274562144114,234,lstm_corr_top1_rand9,f3,3
2023-03-01,417.6666692626567,234,lstm_corr_top1_rand9,f3,3
2023-04-01,489.0670177574267,234,lstm_corr_top1_rand9,f3,3
2023-05-01,556.9034510878533,234,lstm_corr_top1_rand9,f3,3
2023-06-01,657.9717110426217,234,lstm_corr_top1_rand9,f3,3
2023-07-01,438.51990066769986,234,lstm_corr_top1_rand9,f3,3
2023-08-01,334.3990534179627,234,lstm_corr_top1_rand9,f3,3
2023-09-01,480.39376422222057,234,lstm_corr_top1_rand9,f3,3
2023-10-01,373.40436058164045,234,lstm_corr_top1_rand9,f3,3
2023-11-01,472.23882659386646,234,lstm_corr_top1_rand9,f3,3
2022-07-01,227.1194800433865,234,lstm_corr_top1_era5_rand9,f3,3
2022-08-01,390.4538542056592,234,lstm_corr_top1_era5_rand9,f3,3
2022-09-01,464.469063900655,234,lstm_corr_top1_era5_rand9,f3,3
2022-10-01,455.425125595958,234,lstm_corr_top1_era5_rand9,f3,3
2022-11-01,399.0805032525513,234,lstm_corr_top1_era5_rand9,f3,3
2022-12-01,316.28738207716157,234,lstm_corr_top1_era5_rand9,f3,3
2023-01-01,492.9845548269671,234,lstm_corr_top1_era5_rand9,f3,3
2023-02-01,343.88670003402245,234,lstm_corr_top1_era5_rand9,f3,3
2023-03-01,433.0173125984277,234,lstm_corr_top1_era5_rand9,f3,3
2023-04-01,473.27689047213045,234,lstm_corr_top1_era5_rand9,f3,3
2023-05-01,602.0438284653964,234,lstm_corr_top1_era5_rand9,f3,3
2023-06-01,667.7892629232831,234,lstm_corr_top1_era5_rand9,f3,3
2023-07-01,419.3508394756962,234,lstm_corr_top1_era5_rand9,f3,3
2023-08-01,330.1370897677923,234,lstm_corr_top1_era5_rand9,f3,3
2023-09-01,504.75432248443775,234,lstm_corr_top1_era5_rand9,f3,3
2023-10-01,397.0873177632192,234,lstm_corr_top1_era5_rand9,f3,3
2023-11-01,469.0634420017222,234,lstm_corr_top1_era5_rand9,f3,3
2022-07-01,244.7802955430703,234,lstm_corr_top1_rand10,f3,3
2022-08-01,393.3051807450178,234,lstm_corr_top1_rand10,f3,3
2022-09-01,461.9692411649969,234,lstm_corr_top1_rand10,f3,3
2022-10-01,450.0340518567046,234,lstm_corr_top1_rand10,f3,3
2022-11-01,405.82223350339535,234,lstm_corr_top1_rand10,f3,3
2022-12-01,318.2572664804167,234,lstm_corr_top1_rand10,f3,3
2023-01-01,492.30807606393716,234,lstm_corr_top1_rand10,f3,3
2023-02-01,353.9788313006623,234,lstm_corr_top1_rand10,f3,3
2023-03-01,422.3261327523538,234,lstm_corr_top1_rand10,f3,3
2023-04-01,491.4487745960998,234,lstm_corr_top1_rand10,f3,3
2023-05-01,558.5331451764443,234,lstm_corr_top1_rand10,f3,3
2023-06-01,660.3576421687011,234,lstm_corr_top1_rand10,f3,3
2023-07-01,440.8790545676618,234,lstm_corr_top1_rand10,f3,3
2023-08-01,339.8657822549768,234,lstm_corr_top1_rand10,f3,3
2023-09-01,482.5033966391832,234,lstm_corr_top1_rand10,f3,3
2023-10-01,373.5659696009642,234,lstm_corr_top1_rand10,f3,3
2023-11-01,470.4167480435182,234,lstm_corr_top1_rand10,f3,3
2022-07-01,225.95427146666702,234,lstm_corr_top1_era5_rand10,f3,3
2022-08-01,386.92892520838916,234,lstm_corr_top1_era5_rand10,f3,3
2022-09-01,460.7183397330392,234,lstm_corr_top1_era5_rand10,f3,3
2022-10-01,454.32826691726933,234,lstm_corr_top1_era5_rand10,f3,3
2022-11-01,387.8801098419555,234,lstm_corr_top1_era5_rand10,f3,3
2022-12-01,313.3326121017259,234,lstm_corr_top1_era5_rand10,f3,3
2023-01-01,489.9650113967088,234,lstm_corr_top1_era5_rand10,f3,3
2023-02-01,346.69547059623216,234,lstm_corr_top1_era5_rand10,f3,3
2023-03-01,440.1111185752614,234,lstm_corr_top1_era5_rand10,f3,3
2023-04-01,493.29575930914217,234,lstm_corr_top1_era5_rand10,f3,3
2023-05-01,602.9727827526241,234,lstm_corr_top1_era5_rand10,f3,3
2023-06-01,674.0704408367108,234,lstm_corr_top1_era5_rand10,f3,3
2023-07-01,433.593177100762,234,lstm_corr_top1_era5_rand10,f3,3
2023-08-01,339.93162252505357,234,lstm_corr_top1_era5_rand10,f3,3
2023-09-01,506.72896236634284,234,lstm_corr_top1_era5_rand10,f3,3
2023-10-01,399.1482471202357,234,lstm_corr_top1_era5_rand10,f3,3
2023-11-01,481.9023524727188,234,lstm_corr_top1_era5_rand10,f3,3
2022-07-01,240.60167871576238,234,lstm_corr_top1_rand11,f3,3
2022-08-01,388.3941309197579,234,lstm_corr_top1_rand11,f3,3
2022-09-01,460.7938727767598,234,lstm_corr_top1_rand11,f3,3
2022-10-01,447.1482331432118,234,lstm_corr_top1_rand11,f3,3
2022-11-01,404.4302335783828,234,lstm_corr_top1_rand11,f3,3
2022-12-01,320.1516364431396,234,lstm_corr_top1_rand11,f3,3
2023-01-01,495.30111740929715,234,lstm_corr_top1_rand11,f3,3
2023-02-01,357.10305211868723,234,lstm_corr_top1_rand11,f3,3
2023-03-01,423.4837102360769,234,lstm_corr_top1_rand11,f3,3
2023-04-01,487.8731992103627,234,lstm_corr_top1_rand11,f3,3
2023-05-01,558.2961095319157,234,lstm_corr_top1_rand11,f3,3
2023-06-01,657.8732022888846,234,lstm_corr_top1_rand11,f3,3
2023-07-01,443.96359814717044,234,lstm_corr_top1_rand11,f3,3
2023-08-01,335.71689223282016,234,lstm_corr_top1_rand11,f3,3
2023-09-01,480.61201638678966,234,lstm_corr_top1_rand11,f3,3
2023-10-01,373.29265485298316,234,lstm_corr_top1_rand11,f3,3
2023-11-01,464.7372991091552,234,lstm_corr_top1_rand11,f3,3
2022-07-01,224.40885191893676,234,lstm_corr_top1_era5_rand11,f3,3
2022-08-01,387.1626245990269,234,lstm_corr_top1_era5_rand11,f3,3
2022-09-01,465.1388009130646,234,lstm_corr_top1_era5_rand11,f3,3
2022-10-01,459.7323466026417,234,lstm_corr_top1_era5_rand11,f3,3
2022-11-01,401.3817284033964,234,lstm_corr_top1_era5_rand11,f3,3
2022-12-01,313.689223271232,234,lstm_corr_top1_era5_rand11,f3,3
2023-01-01,492.8533278609872,234,lstm_corr_top1_era5_rand11,f3,3
2023-02-01,345.3365966689964,234,lstm_corr_top1_era5_rand11,f3,3
2023-03-01,432.67454358519956,234,lstm_corr_top1_era5_rand11,f3,3
2023-04-01,479.1073469639782,234,lstm_corr_top1_era5_rand11,f3,3
2023-05-01,595.7087051254066,234,lstm_corr_top1_era5_rand11,f3,3
2023-06-01,669.557892745178,234,lstm_corr_top1_era5_rand11,f3,3
2023-07-01,425.1008123651091,234,lstm_corr_top1_era5_rand11,f3,3
2023-08-01,337.6579614907191,234,lstm_corr_top1_era5_rand11,f3,3
2023-09-01,499.97737138674364,234,lstm_corr_top1_era5_rand11,f3,3
2023-10-01,394.97617545921645,234,lstm_corr_top1_era5_rand11,f3,3
2023-11-01,474.12962238341015,234,lstm_corr_top1_era5_rand11,f3,3
2022-07-01,247.7252783431731,234,lstm_corr_top1_rand12,f3,3
2022-08-01,395.3145040711758,234,lstm_corr_top1_rand12,f3,3
2022-09-01,462.40850995353424,234,lstm_corr_top1_rand12,f3,3
2022-10-01,453.5819209676705,234,lstm_corr_top1_rand12,f3,3
2022-11-01,412.72254554316174,234,lstm_corr_top1_rand12,f3,3
2022-12-01,316.95457071829003,234,lstm_corr_top1_rand12,f3,3
2023-01-01,487.45925951565397,234,lstm_corr_top1_rand12,f3,3
2023-02-01,355.74036876311555,234,lstm_corr_top1_rand12,f3,3
2023-03-01,423.2023085376958,234,lstm_corr_top1_rand12,f3,3
2023-04-01,488.53151417301336,234,lstm_corr_top1_rand12,f3,3
2023-05-01,559.8933098027245,234,lstm_corr_top1_rand12,f3,3
2023-06-01,659.7791367752895,234,lstm_corr_top1_rand12,f3,3
2023-07-01,443.9265199211505,234,lstm_corr_top1_rand12,f3,3
2023-08-01,341.47413323710094,234,lstm_corr_top1_rand12,f3,3
2023-09-01,485.1331712288452,234,lstm_corr_top1_rand12,f3,3
2023-10-01,375.8863342580934,234,lstm_corr_top1_rand12,f3,3
2023-11-01,471.0906530842536,234,lstm_corr_top1_rand12,f3,3
2022-07-01,223.38931429480948,234,lstm_corr_top1_era5_rand12,f3,3
2022-08-01,381.9984986753171,234,lstm_corr_top1_era5_rand12,f3,3
2022-09-01,457.55520146521553,234,lstm_corr_top1_era5_rand12,f3,3
2022-10-01,453.7835597178255,234,lstm_corr_top1_era5_rand12,f3,3
2022-11-01,394.60755515396613,234,lstm_corr_top1_era5_rand12,f3,3
2022-12-01,310.88214948762925,234,lstm_corr_top1_era5_rand12,f3,3
2023-01-01,480.91484886015695,234,lstm_corr_top1_era5_rand12,f3,3
2023-02-01,341.01716849803205,234,lstm_corr_top1_era5_rand12,f3,3
2023-03-01,435.967936064543,234,lstm_corr_top1_era5_rand12,f3,3
2023-04-01,481.03062931889616,234,lstm_corr_top1_era5_rand12,f3,3
2023-05-01,613.5510290126505,234,lstm_corr_top1_era5_rand12,f3,3
2023-06-01,672.7700404509384,234,lstm_corr_top1_era5_rand12,f3,3
2023-07-01,424.2120670743229,234,lstm_corr_top1_era5_rand12,f3,3
2023-08-01,336.9078719790703,234,lstm_corr_top1_era5_rand12,f3,3
2023-09-01,505.43192322360426,234,lstm_corr_top1_era5_rand12,f3,3
2023-10-01,398.7144803467007,234,lstm_corr_top1_era5_rand12,f3,3
2023-11-01,462.513537383837,234,lstm_corr_top1_era5_rand12,f3,3
2022-07-01,243.37049539924493,234,lstm_corr_top1_rand13,f3,3
2022-08-01,385.3558877529604,234,lstm_corr_top1_rand13,f3,3
2022-09-01,464.1651627808348,234,lstm_corr_top1_rand13,f3,3
2022-10-01,449.94523963241295,234,lstm_corr_top1_rand13,f3,3
2022-11-01,404.51248558473316,234,lstm_corr_top1_rand13,f3,3
2022-12-01,319.6853523897121,234,lstm_corr_top1_rand13,f3,3
2023-01-01,496.9918286488446,234,lstm_corr_top1_rand13,f3,3
2023-02-01,354.60141298982415,234,lstm_corr_top1_rand13,f3,3
2023-03-01,418.1375372958873,234,lstm_corr_top1_rand13,f3,3
2023-04-01,488.08506026636695,234,lstm_corr_top1_rand13,f3,3
2023-05-01,556.4316638703687,234,lstm_corr_top1_rand13,f3,3
2023-06-01,659.4022485231379,234,lstm_corr_top1_rand13,f3,3
2023-07-01,443.91145180476855,234,lstm_corr_top1_rand13,f3,3
2023-08-01,334.0151353188126,234,lstm_corr_top1_rand13,f3,3
2023-09-01,482.7852893024701,234,lstm_corr_top1_rand13,f3,3
2023-10-01,371.5778811508112,234,lstm_corr_top1_rand13,f3,3
2023-11-01,472.92386312465857,234,lstm_corr_top1_rand13,f3,3
2022-07-01,224.84834821516588,234,lstm_corr_top1_era5_rand13,f3,3
2022-08-01,383.6993038173456,234,lstm_corr_top1_era5_rand13,f3,3
2022-09-01,459.30661074563716,234,lstm_corr_top1_era5_rand13,f3,3
2022-10-01,448.3440500078374,234,lstm_corr_top1_era5_rand13,f3,3
2022-11-01,396.7368473342166,234,lstm_corr_top1_era5_rand13,f3,3
2022-12-01,318.25339429785674,234,lstm_corr_top1_era5_rand13,f3,3
2023-01-01,480.0749157721649,234,lstm_corr_top1_era5_rand13,f3,3
2023-02-01,344.71887869225935,234,lstm_corr_top1_era5_rand13,f3,3
2023-03-01,427.6970788666904,234,lstm_corr_top1_era5_rand13,f3,3
2023-04-01,469.1080449367471,234,lstm_corr_top1_era5_rand13,f3,3
2023-05-01,597.3048824658651,234,lstm_corr_top1_era5_rand13,f3,3
2023-06-01,669.2678722416861,234,lstm_corr_top1_era5_rand13,f3,3
2023-07-01,422.8993089138654,234,lstm_corr_top1_era5_rand13,f3,3
2023-08-01,335.2213227021998,234,lstm_corr_top1_era5_rand13,f3,3
2023-09-01,501.4078480483499,234,lstm_corr_top1_era5_rand13,f3,3
2023-10-01,388.3212538980356,234,lstm_corr_top1_era5_rand13,f3,3
2023-11-01,480.7283290055561,234,lstm_corr_top1_era5_rand13,f3,3
2022-07-01,247.41013258231547,234,lstm_corr_top1_rand14,f3,3
2022-08-01,394.9999618585015,234,lstm_corr_top1_rand14,f3,3
2022-09-01,465.4228250716787,234,lstm_corr_top1_rand14,f3,3
2022-10-01,448.93258775535116,234,lstm_corr_top1_rand14,f3,3
2022-11-01,406.2012293300491,234,lstm_corr_top1_rand14,f3,3
2022-12-01,319.14456224545495,234,lstm_corr_top1_rand14,f3,3
2023-01-01,497.1922062627034,234,lstm_corr_top1_rand14,f3,3
2023-02-01,359.26252511995193,234,lstm_corr_top1_rand14,f3,3
2023-03-01,431.05947913172326,234,lstm_corr_top1_rand14,f3,3
2023-04-01,496.512165964129,234,lstm_corr_top1_rand14,f3,3
2023-05-01,560.4743689492334,234,lstm_corr_top1_rand14,f3,3
2023-06-01,655.0562852513547,234,lstm_corr_top1_rand14,f3,3
2023-07-01,444.38323705820585,234,lstm_corr_top1_rand14,f3,3
2023-08-01,340.7558770646812,234,lstm_corr_top1_rand14,f3,3
2023-09-01,486.9922137735144,234,lstm_corr_top1_rand14,f3,3
2023-10-01,372.02194216682864,234,lstm_corr_top1_rand14,f3,3
2023-11-01,472.92535227350993,234,lstm_corr_top1_rand14,f3,3
2022-07-01,226.78855932081942,234,lstm_corr_top1_era5_rand14,f3,3
2022-08-01,387.37162606789786,234,lstm_corr_top1_era5_rand14,f3,3
2022-09-01,467.3872050867358,234,lstm_corr_top1_era5_rand14,f3,3
2022-10-01,450.53916518681115,234,lstm_corr_top1_era5_rand14,f3,3
2022-11-01,392.16458369199864,234,lstm_corr_top1_era5_rand14,f3,3
2022-12-01,310.8149757759759,234,lstm_corr_top1_era5_rand14,f3,3
2023-01-01,479.65812975498903,234,lstm_corr_top1_era5_rand14,f3,3
2023-02-01,338.1544404743308,234,lstm_corr_top1_era5_rand14,f3,3
2023-03-01,430.71776110803125,234,lstm_corr_top1_era5_rand14,f3,3
2023-04-01,482.08142140882035,234,lstm_corr_top1_era5_rand14,f3,3
2023-05-01,591.9634688175977,234,lstm_corr_top1_era5_rand14,f3,3
2023-06-01,670.5370599067418,234,lstm_corr_top1_era5_rand14,f3,3
2023-07-01,417.2605660669466,234,lstm_corr_top1_era5_rand14,f3,3
2023-08-01,322.61646161195256,234,lstm_corr_top1_era5_rand14,f3,3
2023-09-01,496.8932360969752,234,lstm_corr_top1_era5_rand14,f3,3
2023-10-01,390.0057585590981,234,lstm_corr_top1_era5_rand14,f3,3
2023-11-01,478.474993955145,234,lstm_corr_top1_era5_rand14,f3,3
2022-07-01,243.73756358405967,234,lstm_corr_top1_rand15,f3,3
2022-08-01,388.034151261272,234,lstm_corr_top1_rand15,f3,3
2022-09-01,464.27448618418595,234,lstm_corr_top1_rand15,f3,3
2022-10-01,448.2893538284081,234,lstm_corr_top1_rand15,f3,3
2022-11-01,401.0482323794334,234,lstm_corr_top1_rand15,f3,3
2022-12-01,319.0060166157366,234,lstm_corr_top1_rand15,f3,3
2023-01-01,489.8602940374212,234,lstm_corr_top1_rand15,f3,3
2023-02-01,358.9826558598162,234,lstm_corr_top1_rand15,f3,3
2023-03-01,424.1648547634426,234,lstm_corr_top1_rand15,f3,3
2023-04-01,493.15365946493364,234,lstm_corr_top1_rand15,f3,3
2023-05-01,557.7364569011016,234,lstm_corr_top1_rand15,f3,3
2023-06-01,653.219823748251,234,lstm_corr_top1_rand15,f3,3
2023-07-01,440.5500061627248,234,lstm_corr_top1_rand15,f3,3
2023-08-01,339.6546470435634,234,lstm_corr_top1_rand15,f3,3
2023-09-01,486.27966968651873,234,lstm_corr_top1_rand15,f3,3
2023-10-01,371.94706937590905,234,lstm_corr_top1_rand15,f3,3
2023-11-01,468.34780031908093,234,lstm_corr_top1_rand15,f3,3
2022-07-01,225.33446220809253,234,lstm_corr_top1_era5_rand15,f3,3
2022-08-01,393.5250371699432,234,lstm_corr_top1_era5_rand15,f3,3
2022-09-01,467.4306947149505,234,lstm_corr_top1_era5_rand15,f3,3
2022-10-01,450.33520155730776,234,lstm_corr_top1_era5_rand15,f3,3
2022-11-01,391.5638938964085,234,lstm_corr_top1_era5_rand15,f3,3
2022-12-01,302.0242662685848,234,lstm_corr_top1_era5_rand15,f3,3
2023-01-01,467.5166515470172,234,lstm_corr_top1_era5_rand15,f3,3
2023-02-01,329.5583939325788,234,lstm_corr_top1_era5_rand15,f3,3
2023-03-01,428.26600271004565,234,lstm_corr_top1_era5_rand15,f3,3
2023-04-01,467.51166162181,234,lstm_corr_top1_era5_rand15,f3,3
2023-05-01,585.097804572088,234,lstm_corr_top1_era5_rand15,f3,3
2023-06-01,672.8169108941217,234,lstm_corr_top1_era5_rand15,f3,3
2023-07-01,409.9314227712773,234,lstm_corr_top1_era5_rand15,f3,3
2023-08-01,319.5700760903363,234,lstm_corr_top1_era5_rand15,f3,3
2023-09-01,493.88628293501364,234,lstm_corr_top1_era5_rand15,f3,3
2023-10-01,378.40944181765957,234,lstm_corr_top1_era5_rand15,f3,3
2023-11-01,468.34249383739825,234,lstm_corr_top1_era5_rand15,f3,3
2022-07-01,242.31415103953532,234,lstm_corr_top1_rand16,f3,3
2022-08-01,390.13863356128286,234,lstm_corr_top1_rand16,f3,3
2022-09-01,465.8462358956036,234,lstm_corr_top1_rand16,f3,3
2022-10-01,449.2766699746592,234,lstm_corr_top1_rand16,f3,3
2022-11-01,404.60620125096034,234,lstm_corr_top1_rand16,f3,3
2022-12-01,314.66864091718713,234,lstm_corr_top1_rand16,f3,3
2023-01-01,489.822778064962,234,lstm_corr_top1_rand16,f3,3
2023-02-01,352.3204299639518,234,lstm_corr_top1_rand16,f3,3
2023-03-01,425.36150642042,234,lstm_corr_top1_rand16,f3,3
2023-04-01,487.3037024502266,234,lstm_corr_top1_rand16,f3,3
2023-05-01,547.9677764922343,234,lstm_corr_top1_rand16,f3,3
2023-06-01,647.1931850904984,234,lstm_corr_top1_rand16,f3,3
2023-07-01,438.84574765389544,234,lstm_corr_top1_rand16,f3,3
2023-08-01,331.4595059472637,234,lstm_corr_top1_rand16,f3,3
2023-09-01,476.060685138381,234,lstm_corr_top1_rand16,f3,3
2023-10-01,363.8644601193053,234,lstm_corr_top1_rand16,f3,3
2023-11-01,465.81250758503126,234,lstm_corr_top1_rand16,f3,3
2022-07-01,225.06624490567418,234,lstm_corr_top1_era5_rand16,f3,3
2022-08-01,381.8510705322491,234,lstm_corr_top1_era5_rand16,f3,3
2022-09-01,465.92277121638045,234,lstm_corr_top1_era5_rand16,f3,3
2022-10-01,451.31415872361816,234,lstm_corr_top1_era5_rand16,f3,3
2022-11-01,398.31175120578536,234,lstm_corr_top1_era5_rand16,f3,3
2022-12-01,312.2663227435012,234,lstm_corr_top1_era5_rand16,f3,3
2023-01-01,494.6888479006305,234,lstm_corr_top1_era5_rand16,f3,3
2023-02-01,345.204330665719,234,lstm_corr_top1_era5_rand16,f3,3
2023-03-01,428.7454381236904,234,lstm_corr_top1_era5_rand16,f3,3
2023-04-01,476.9805392506714,234,lstm_corr_top1_era5_rand16,f3,3
2023-05-01,600.677377977574,234,lstm_corr_top1_era5_rand16,f3,3
2023-06-01,673.8063025760682,234,lstm_corr_top1_era5_rand16,f3,3
2023-07-01,423.558079939071,234,lstm_corr_top1_era5_rand16,f3,3
2023-08-01,332.5008949847482,234,lstm_corr_top1_era5_rand16,f3,3
2023-09-01,496.62453480412665,234,lstm_corr_top1_era5_rand16,f3,3
2023-10-01,387.60276462594817,234,lstm_corr_top1_era5_rand16,f3,3
2023-11-01,470.9171271264922,234,lstm_corr_top1_era5_rand16,f3,3
2022-07-01,245.1728844558747,234,lstm_corr_top1_rand17,f3,3
2022-08-01,390.51658294773097,234,lstm_corr_top1_rand17,f3,3
2022-09-01,467.8001971724785,234,lstm_corr_top1_rand17,f3,3
2022-10-01,450.741279218695,234,lstm_corr_top1_rand17,f3,3
2022-11-01,400.310153284986,234,lstm_corr_top1_rand17,f3,3
2022-12-01,314.0060663090034,234,lstm_corr_top1_rand17,f3,3
2023-01-01,496.064376569572,234,lstm_corr_top1_rand17,f3,3
2023-02-01,356.73014632563894,234,lstm_corr_top1_rand17,f3,3
2023-03-01,425.9042266406093,234,lstm_corr_top1_rand17,f3,3
2023-04-01,492.2190267983412,234,lstm_corr_top1_rand17,f3,3
2023-05-01,557.8770872429942,234,lstm_corr_top1_rand17,f3,3
2023-06-01,658.2811296011758,234,lstm_corr_top1_rand17,f3,3
2023-07-01,444.3005481736433,234,lstm_corr_top1_rand17,f3,3
2023-08-01,336.667133833827,234,lstm_corr_top1_rand17,f3,3
2023-09-01,478.5309871893763,234,lstm_corr_top1_rand17,f3,3
2023-10-01,370.2442332303471,234,lstm_corr_top1_rand17,f3,3
2023-11-01,468.61514437628756,234,lstm_corr_top1_rand17,f3,3
2022-07-01,223.06028796838166,234,lstm_corr_top1_era5_rand17,f3,3
2022-08-01,384.4385966289271,234,lstm_corr_top1_era5_rand17,f3,3
2022-09-01,460.0718427269149,234,lstm_corr_top1_era5_rand17,f3,3
2022-10-01,450.2864118657204,234,lstm_corr_top1_era5_rand17,f3,3
2022-11-01,393.4131061454514,234,lstm_corr_top1_era5_rand17,f3,3
2022-12-01,316.9444002598892,234,lstm_corr_top1_era5_rand17,f3,3
2023-01-01,492.727067228091,234,lstm_corr_top1_era5_rand17,f3,3
2023-02-01,348.1539962551864,234,lstm_corr_top1_era5_rand17,f3,3
2023-03-01,437.55546887345133,234,lstm_corr_top1_era5_rand17,f3,3
2023-04-01,473.3655237413987,234,lstm_corr_top1_era5_rand17,f3,3
2023-05-01,606.6758214773957,234,lstm_corr_top1_era5_rand17,f3,3
2023-06-01,678.6385442366363,234,lstm_corr_top1_era5_rand17,f3,3
2023-07-01,421.5396652511166,234,lstm_corr_top1_era5_rand17,f3,3
2023-08-01,329.6225411159908,234,lstm_corr_top1_era5_rand17,f3,3
2023-09-01,501.32710097398177,234,lstm_corr_top1_era5_rand17,f3,3
2023-10-01,394.67150751349766,234,lstm_corr_top1_era5_rand17,f3,3
2023-11-01,478.25335572411825,234,lstm_corr_top1_era5_rand17,f3,3
2022-07-01,243.3838599283095,234,lstm_corr_top1_rand18,f3,3
2022-08-01,393.57550032791215,234,lstm_corr_top1_rand18,f3,3
2022-09-01,462.18002253378114,234,lstm_corr_top1_rand18,f3,3
2022-10-01,450.0292642963743,234,lstm_corr_top1_rand18,f3,3
2022-11-01,404.56238997472343,234,lstm_corr_top1_rand18,f3,3
2022-12-01,321.12874841344893,234,lstm_corr_top1_rand18,f3,3
2023-01-01,485.4701283022006,234,lstm_corr_top1_rand18,f3,3
2023-02-01,357.55687391110473,234,lstm_corr_top1_rand18,f3,3
2023-03-01,429.0074069453335,234,lstm_corr_top1_rand18,f3,3
2023-04-01,486.9583260165542,234,lstm_corr_top1_rand18,f3,3
2023-05-01,554.852469817346,234,lstm_corr_top1_rand18,f3,3
2023-06-01,657.0295578214417,234,lstm_corr_top1_rand18,f3,3
2023-07-01,437.04868760108894,234,lstm_corr_top1_rand18,f3,3
2023-08-01,337.6053839579406,234,lstm_corr_top1_rand18,f3,3
2023-09-01,487.03069407181806,234,lstm_corr_top1_rand18,f3,3
2023-10-01,372.8033635970425,234,lstm_corr_top1_rand18,f3,3
2023-11-01,467.0394571854513,234,lstm_corr_top1_rand18,f3,3
2022-07-01,223.08089464868115,234,lstm_corr_top1_era5_rand18,f3,3
2022-08-01,385.90379410424214,234,lstm_corr_top1_era5_rand18,f3,3
2022-09-01,466.1628305343928,234,lstm_corr_top1_era5_rand18,f3,3
2022-10-01,451.26790014748826,234,lstm_corr_top1_era5_rand18,f3,3
2022-11-01,391.61165418458137,234,lstm_corr_top1_era5_rand18,f3,3
2022-12-01,310.53785772428756,234,lstm_corr_top1_era5_rand18,f3,3
2023-01-01,483.01496285833025,234,lstm_corr_top1_era5_rand18,f3,3
2023-02-01,340.3359663173888,234,lstm_corr_top1_era5_rand18,f3,3
2023-03-01,433.4561906897975,234,lstm_corr_top1_era5_rand18,f3,3
2023-04-01,479.7820726450016,234,lstm_corr_top1_era5_rand18,f3,3
2023-05-01,595.947127910973,234,lstm_corr_top1_era5_rand18,f3,3
2023-06-01,677.1093391872066,234,lstm_corr_top1_era5_rand18,f3,3
2023-07-01,418.27301440361964,234,lstm_corr_top1_era5_rand18,f3,3
2023-08-01,328.9518826241431,234,lstm_corr_top1_era5_rand18,f3,3
2023-09-01,503.27888070246405,234,lstm_corr_top1_era5_rand18,f3,3
2023-10-01,398.1752536045851,234,lstm_corr_top1_era5_rand18,f3,3
2023-11-01,479.62850348613057,234,lstm_corr_top1_era5_rand18,f3,3
2022-07-01,242.5491133621521,234,lstm_corr_top1_rand19,f3,3
2022-08-01,391.96545742731945,234,lstm_corr_top1_rand19,f3,3
2022-09-01,462.44861064296185,234,lstm_corr_top1_rand19,f3,3
2022-10-01,450.98049673041896,234,lstm_corr_top1_rand19,f3,3
2022-11-01,404.8713357783383,234,lstm_corr_top1_rand19,f3,3
2022-12-01,317.7106822545566,234,lstm_corr_top1_rand19,f3,3
2023-01-01,486.9425549093349,234,lstm_corr_top1_rand19,f3,3
2023-02-01,352.8757618608728,234,lstm_corr_top1_rand19,f3,3
2023-03-01,423.8029035178012,234,lstm_corr_top1_rand19,f3,3
2023-04-01,487.8954966078948,234,lstm_corr_top1_rand19,f3,3
2023-05-01,555.7089296141943,234,lstm_corr_top1_rand19,f3,3
2023-06-01,657.4305450043762,234,lstm_corr_top1_rand19,f3,3
2023-07-01,442.8016233157437,234,lstm_corr_top1_rand19,f3,3
2023-08-01,338.7143110761508,234,lstm_corr_top1_rand19,f3,3
2023-09-01,487.0722054689876,234,lstm_corr_top1_rand19,f3,3
2023-10-01,377.1374865051661,234,lstm_corr_top1_rand19,f3,3
2023-11-01,469.0855084768755,234,lstm_corr_top1_rand19,f3,3
2022-07-01,226.33477915569406,234,lstm_corr_top1_era5_rand19,f3,3
2022-08-01,385.4916544497185,234,lstm_corr_top1_era5_rand19,f3,3
2022-09-01,460.48073914069255,234,lstm_corr_top1_era5_rand19,f3,3
2022-10-01,455.98398345104596,234,lstm_corr_top1_era5_rand19,f3,3
2022-11-01,398.5672856832965,234,lstm_corr_top1_era5_rand19,f3,3
2022-12-01,314.60879779043364,234,lstm_corr_top1_era5_rand19,f3,3
2023-01-01,487.9031950813456,234,lstm_corr_top1_era5_rand19,f3,3
2023-02-01,336.92584603399865,234,lstm_corr_top1_era5_rand19,f3,3
2023-03-01,429.17418783986176,234,lstm_corr_top1_era5_rand19,f3,3
2023-04-01,468.9758846224019,234,lstm_corr_top1_era5_rand19,f3,3
2023-05-01,600.0414558969348,234,lstm_corr_top1_era5_rand19,f3,3
2023-06-01,674.1328818749408,234,lstm_corr_top1_era5_rand19,f3,3
2023-07-01,417.56609582311813,234,lstm_corr_top1_era5_rand19,f3,3
2023-08-01,322.3823153283424,234,lstm_corr_top1_era5_rand19,f3,3
2023-09-01,488.7144642945106,234,lstm_corr_top1_era5_rand19,f3,3
2023-10-01,382.8671566909614,234,lstm_corr_top1_era5_rand19,f3,3
2023-11-01,475.83011052999876,234,lstm_corr_top1_era5_rand19,f3,3
2023-10-01,233.05284565356104,234,lstm_corr_top1_rand0,f4,1
2023-11-01,309.32557804901194,234,lstm_corr_top1_rand0,f4,1
2023-12-01,231.52605444630035,234,lstm_corr_top1_rand0,f4,1
2024-01-01,277.55675966200306,234,lstm_corr_top1_rand0,f4,1
2024-02-01,307.63599614128697,234,lstm_corr_top1_rand0,f4,1
2024-03-01,180.30017544449834,234,lstm_corr_top1_rand0,f4,1
2024-04-01,201.38791209546986,234,lstm_corr_top1_rand0,f4,1
2024-05-01,191.22611374750554,234,lstm_corr_top1_rand0,f4,1
2024-06-01,241.80243331959403,234,lstm_corr_top1_rand0,f4,1
2024-07-01,182.66421398247917,234,lstm_corr_top1_rand0,f4,1
2024-08-01,333.6618852860018,234,lstm_corr_top1_rand0,f4,1
2024-09-01,337.99344234677295,234,lstm_corr_top1_rand0,f4,1
2024-10-01,441.6833277698147,234,lstm_corr_top1_rand0,f4,1
2024-11-01,203.67798725715687,234,lstm_corr_top1_rand0,f4,1
2024-12-01,255.90861744989135,234,lstm_corr_top1_rand0,f4,1
2025-01-01,295.4357729408645,234,lstm_corr_top1_rand0,f4,1
2025-02-01,346.66481663072494,234,lstm_corr_top1_rand0,f4,1
2023-10-01,239.01219583053737,234,lstm_corr_top1_era5_rand0,f4,1
2023-11-01,293.66807115614046,234,lstm_corr_top1_era5_rand0,f4,1
2023-12-01,223.92472629632607,234,lstm_corr_top1_era5_rand0,f4,1
2024-01-01,280.5439280997372,234,lstm_corr_top1_era5_rand0,f4,1
2024-02-01,315.5840857979206,234,lstm_corr_top1_era5_rand0,f4,1
2024-03-01,172.74247828330377,234,lstm_corr_top1_era5_rand0,f4,1
2024-04-01,184.06448460358698,234,lstm_corr_top1_era5_rand0,f4,1
2024-05-01,165.037084186632,234,lstm_corr_top1_era5_rand0,f4,1
2024-06-01,221.92659892965855,234,lstm_corr_top1_era5_rand0,f4,1
2024-07-01,183.4200993584431,234,lstm_corr_top1_era5_rand0,f4,1
2024-08-01,299.79890429781665,234,lstm_corr_top1_era5_rand0,f4,1
2024-09-01,292.5280522148365,234,lstm_corr_top1_era5_rand0,f4,1
2024-10-01,374.0405138109443,234,lstm_corr_top1_era5_rand0,f4,1
2024-11-01,186.20056561506522,234,lstm_corr_top1_era5_rand0,f4,1
2024-12-01,243.8400413975423,234,lstm_corr_top1_era5_rand0,f4,1
2025-01-01,282.67343075574337,234,lstm_corr_top1_era5_rand0,f4,1
2025-02-01,301.6915690638349,234,lstm_corr_top1_era5_rand0,f4,1
2023-10-01,231.29991134392358,234,lstm_corr_top1_rand1,f4,1
2023-11-01,308.19061419904153,234,lstm_corr_top1_rand1,f4,1
2023-12-01,233.56528494816317,234,lstm_corr_top1_rand1,f4,1
2024-01-01,275.58403767694307,234,lstm_corr_top1_rand1,f4,1
2024-02-01,309.4834034594248,234,lstm_corr_top1_rand1,f4,1
2024-03-01,182.25118908898085,234,lstm_corr_top1_rand1,f4,1
2024-04-01,201.10769870690694,234,lstm_corr_top1_rand1,f4,1
2024-05-01,194.46509028801432,234,lstm_corr_top1_rand1,f4,1
2024-06-01,239.7220651274271,234,lstm_corr_top1_rand1,f4,1
2024-07-01,184.4788361169422,234,lstm_corr_top1_rand1,f4,1
2024-08-01,334.3698627325366,234,lstm_corr_top1_rand1,f4,1
2024-09-01,337.72562646735565,234,lstm_corr_top1_rand1,f4,1
2024-10-01,444.58513363891495,234,lstm_corr_top1_rand1,f4,1
2024-11-01,207.87159342512405,234,lstm_corr_top1_rand1,f4,1
2024-12-01,259.1789926654618,234,lstm_corr_top1_rand1,f4,1
2025-01-01,295.4471410316051,234,lstm_corr_top1_rand1,f4,1
2025-02-01,350.5401795696199,234,lstm_corr_top1_rand1,f4,1
2023-10-01,235.80564522098916,234,lstm_corr_top1_era5_rand1,f4,1
2023-11-01,293.8625183412947,234,lstm_corr_top1_era5_rand1,f4,1
2023-12-01,220.93656142043406,234,lstm_corr_top1_era5_rand1,f4,1
2024-01-01,273.349426412289,234,lstm_corr_top1_era5_rand1,f4,1
2024-02-01,306.6924175301553,234,lstm_corr_top1_era5_rand1,f4,1
2024-03-01,170.59249825602885,234,lstm_corr_top1_era5_rand1,f4,1
2024-04-01,196.1080697698292,234,lstm_corr_top1_era5_rand1,f4,1
2024-05-01,167.38865926562607,234,lstm_corr_top1_era5_rand1,f4,1
2024-06-01,217.7479418917338,234,lstm_corr_top1_era5_rand1,f4,1
2024-07-01,185.0633266889014,234,lstm_corr_top1_era5_rand1,f4,1
2024-08-01,304.90041879944545,234,lstm_corr_top1_era5_rand1,f4,1
2024-09-01,300.4742626900351,234,lstm_corr_top1_era5_rand1,f4,1
2024-10-01,369.65591742617545,234,lstm_corr_top1_era5_rand1,f4,1
2024-11-01,185.6481052577612,234,lstm_corr_top1_era5_rand1,f4,1
2024-12-01,242.09247486415245,234,lstm_corr_top1_era5_rand1,f4,1
2025-01-01,285.2435565527293,234,lstm_corr_top1_era5_rand1,f4,1
2025-02-01,298.25115196259253,234,lstm_corr_top1_era5_rand1,f4,1
2023-10-01,232.97357329304484,234,lstm_corr_top1_rand2,f4,1
2023-11-01,309.646429713668,234,lstm_corr_top1_rand2,f4,1
2023-12-01,233.75211014914763,234,lstm_corr_top1_rand2,f4,1
2024-01-01,276.17873581674127,234,lstm_corr_top1_rand2,f4,1
2024-02-01,307.8300568495835,234,lstm_corr_top1_rand2,f4,1
2024-03-01,180.96540960357962,234,lstm_corr_top1_rand2,f4,1
2024-04-01,200.74905351064493,234,lstm_corr_top1_rand2,f4,1
2024-05-01,193.37903167058272,234,lstm_corr_top1_rand2,f4,1
2024-06-01,240.66756499468323,234,lstm_corr_top1_rand2,f4,1
2024-07-01,183.99084200562703,234,lstm_corr_top1_rand2,f4,1
2024-08-01,334.5521371519774,234,lstm_corr_top1_rand2,f4,1
2024-09-01,338.97132662061296,234,lstm_corr_top1_rand2,f4,1
2024-10-01,445.4049417393291,234,lstm_corr_top1_rand2,f4,1
2024-11-01,206.49987038803118,234,lstm_corr_top1_rand2,f4,1
2024-12-01,256.38006150341045,234,lstm_corr_top1_rand2,f4,1
2025-01-01,295.6472919451231,234,lstm_corr_top1_rand2,f4,1
2025-02-01,347.2058733637273,234,lstm_corr_top1_rand2,f4,1
2023-10-01,239.50564494793315,234,lstm_corr_top1_era5_rand2,f4,1
2023-11-01,296.1697147095087,234,lstm_corr_top1_era5_rand2,f4,1
2023-12-01,218.20765105006092,234,lstm_corr_top1_era5_rand2,f4,1
2024-01-01,292.3577160429609,234,lstm_corr_top1_era5_rand2,f4,1
2024-02-01,311.8270787577691,234,lstm_corr_top1_era5_rand2,f4,1
2024-03-01,178.28095313944957,234,lstm_corr_top1_era5_rand2,f4,1
2024-04-01,190.20984991834447,234,lstm_corr_top1_era5_rand2,f4,1
2024-05-01,163.46962012575673,234,lstm_corr_top1_era5_rand2,f4,1
2024-06-01,219.10524396003134,234,lstm_corr_top1_era5_rand2,f4,1
2024-07-01,183.50929788540773,234,lstm_corr_top1_era5_rand2,f4,1
2024-08-01,304.5578343014926,234,lstm_corr_top1_era5_rand2,f4,1
2024-09-01,302.76280403971583,234,lstm_corr_top1_era5_rand2,f4,1
2024-10-01,376.23621120791097,234,lstm_corr_top1_era5_rand2,f4,1
2024-11-01,188.17282120570155,234,lstm_corr_top1_era5_rand2,f4,1
2024-12-01,249.39444498384543,234,lstm_corr_top1_era5_rand2,f4,1
2025-01-01,286.5514460975534,234,lstm_corr_top1_era5_rand2,f4,1
2025-02-01,299.857853768326,234,lstm_corr_top1_era5_rand2,f4,1
2023-10-01,232.61967858051352,234,lstm_corr_top1_rand3,f4,1
2023-11-01,309.1599104170625,234,lstm_corr_top1_rand3,f4,1
2023-12-01,235.28770057029308,234,lstm_corr_top1_rand3,f4,1
2024-01-01,276.87081653556805,234,lstm_corr_top1_rand3,f4,1
2024-02-01,306.3828142496667,234,lstm_corr_top1_rand3,f4,1
2024-03-01,180.00715313433076,234,lstm_corr_top1_rand3,f4,1
2024-04-01,197.81118250835158,234,lstm_corr_top1_rand3,f4,1
2024-05-01,192.94144405767076,234,lstm_corr_top1_rand3,f4,1
2024-06-01,239.97102588634118,234,lstm_corr_top1_rand3,f4,1
2024-07-01,184.31713720997257,234,lstm_corr_top1_rand3,f4,1
2024-08-01,334.44136119093446,234,lstm_corr_top1_rand3,f4,1
2024-09-01,338.1113017658732,234,lstm_corr_top1_rand3,f4,1
2024-10-01,441.73340609112466,234,lstm_corr_top1_rand3,f4,1
2024-11-01,204.140229108386,234,lstm_corr_top1_rand3,f4,1
2024-12-01,254.93318600665978,234,lstm_corr_top1_rand3,f4,1
2025-01-01,294.424571116089,234,lstm_corr_top1_rand3,f4,1
2025-02-01,348.4967257087719,234,lstm_corr_top1_rand3,f4,1
2023-10-01,233.97981737449152,234,lstm_corr_top1_era5_rand3,f4,1
2023-11-01,294.45027556681197,234,lstm_corr_top1_era5_rand3,f4,1
2023-12-01,216.29383020653933,234,lstm_corr_top1_era5_rand3,f4,1
2024-01-01,288.7498459525984,234,lstm_corr_top1_era5_rand3,f4,1
2024-02-01,303.15008656891223,234,lstm_corr_top1_era5_rand3,f4,1
2024-03-01,177.42063691890158,234,lstm_corr_top1_era5_rand3,f4,1
2024-04-01,189.36451218910196,234,lstm_corr_top1_era5_rand3,f4,1
2024-05-01,166.3622972069904,234,lstm_corr_top1_era5_rand3,f4,1
2024-06-01,216.56718869509768,234,lstm_corr_top1_era5_rand3,f4,1
2024-07-01,180.29238852125766,234,lstm_corr_top1_era5_rand3,f4,1
2024-08-01,304.6319574587539,234,lstm_corr_top1_era5_rand3,f4,1
2024-09-01,303.3545695936493,234,lstm_corr_top1_era5_rand3,f4,1
2024-10-01,376.28732137788023,234,lstm_corr_top1_era5_rand3,f4,1
2024-11-01,187.4622245253954,234,lstm_corr_top1_era5_rand3,f4,1
2024-12-01,248.3050399769902,234,lstm_corr_top1_era5_rand3,f4,1
2025-01-01,286.046665622286,234,lstm_corr_top1_era5_rand3,f4,1
2025-02-01,304.5203772484347,234,lstm_corr_top1_era5_rand3,f4,1
2023-10-01,231.85009225131887,234,lstm_corr_top1_rand4,f4,1
2023-11-01,310.4766499754423,234,lstm_corr_top1_rand4,f4,1
2023-12-01,232.9855689737591,234,lstm_corr_top1_rand4,f4,1
2024-01-01,277.3676766914995,234,lstm_corr_top1_rand4,f4,1
2024-02-01,309.97304410353263,234,lstm_corr_top1_rand4,f4,1
2024-03-01,182.0954359168563,234,lstm_corr_top1_rand4,f4,1
2024-04-01,200.96805138317907,234,lstm_corr_top1_rand4,f4,1
2024-05-01,195.73311277704244,234,lstm_corr_top1_rand4,f4,1
2024-06-01,239.76239337922385,234,lstm_corr_top1_rand4,f4,1
2024-07-01,186.55224297899633,234,lstm_corr_top1_rand4,f4,1
2024-08-01,333.41939398416565,234,lstm_corr_top1_rand4,f4,1
2024-09-01,337.9479085958528,234,lstm_corr_top1_rand4,f4,1
2024-10-01,445.89316611687764,234,lstm_corr_top1_rand4,f4,1
2024-11-01,209.5464731298271,234,lstm_corr_top1_rand4,f4,1
2024-12-01,258.4796116449943,234,lstm_corr_top1_rand4,f4,1
2025-01-01,298.2245928501068,234,lstm_corr_top1_rand4,f4,1
2025-02-01,347.42114264713604,234,lstm_corr_top1_rand4,f4,1
2023-10-01,246.50634684742636,234,lstm_corr_top1_era5_rand4,f4,1
2023-11-01,302.3788617613832,234,lstm_corr_top1_era5_rand4,f4,1
2023-12-01,221.70242128333896,234,lstm_corr_top1_era5_rand4,f4,1
2024-01-01,295.3395251129733,234,lstm_corr_top1_era5_rand4,f4,1
2024-02-01,314.4088502513438,234,lstm_corr_top1_era5_rand4,f4,1
2024-03-01,184.20660615554107,234,lstm_corr_top1_era5_rand4,f4,1
2024-04-01,185.22831184371714,234,lstm_corr_top1_era5_rand4,f4,1
2024-05-01,163.87259439949742,234,lstm_corr_top1_era5_rand4,f4,1
2024-06-01,220.24824066841063,234,lstm_corr_top1_era5_rand4,f4,1
2024-07-01,179.03741080359103,234,lstm_corr_top1_era5_rand4,f4,1
2024-08-01,300.08115500898896,234,lstm_corr_top1_era5_rand4,f4,1
2024-09-01,305.31971046723595,234,lstm_corr_top1_era5_rand4,f4,1
2024-10-01,388.1925332337266,234,lstm_corr_top1_era5_rand4,f4,1
2024-11-01,184.53159231360345,234,lstm_corr_top1_era5_rand4,f4,1
2024-12-01,247.4936514704937,234,lstm_corr_top1_era5_rand4,f4,1
2025-01-01,289.30227907899956,234,lstm_corr_top1_era5_rand4,f4,1
2025-02-01,309.1943645209562,234,lstm_corr_top1_era5_rand4,f4,1
2023-10-01,231.20578502996779,234,lstm_corr_top1_rand5,f4,1
2023-11-01,308.35376562068126,234,lstm_corr_top1_rand5,f4,1
2023-12-01,232.04131667134766,234,lstm_corr_top1_rand5,f4,1
2024-01-01,278.2734196494374,234,lstm_corr_top1_rand5,f4,1
2024-02-01,307.1806769632427,234,lstm_corr_top1_rand5,f4,1
2024-03-01,181.00019754203828,234,lstm_corr_top1_rand5,f4,1
2024-04-01,200.38387959917483,234,lstm_corr_top1_rand5,f4,1
2024-05-01,191.26028545997397,234,lstm_corr_top1_rand5,f4,1
2024-06-01,240.809489308282,234,lstm_corr_top1_rand5,f4,1
2024-07-01,182.08772501271994,234,lstm_corr_top1_rand5,f4,1
2024-08-01,332.0920244610573,234,lstm_corr_top1_rand5,f4,1
2024-09-01,339.69772319929285,234,lstm_corr_top1_rand5,f4,1
2024-10-01,440.9481303439063,234,lstm_corr_top1_rand5,f4,1
2024-11-01,203.43722976505535,234,lstm_corr_top1_rand5,f4,1
2024-12-01,254.8994893620328,234,lstm_corr_top1_rand5,f4,1
2025-01-01,296.8715699391405,234,lstm_corr_top1_rand5,f4,1
2025-02-01,346.90732512173105,234,lstm_corr_top1_rand5,f4,1
2023-10-01,236.3558002573031,234,lstm_corr_top1_era5_rand5,f4,1
2023-11-01,292.5255787180847,234,lstm_corr_top1_era5_rand5,f4,1
2023-12-01,218.7171687418352,234,lstm_corr_top1_era5_rand5,f4,1
2024-01-01,278.2891139972799,234,lstm_corr_top1_era5_rand5,f4,1
2024-02-01,310.857688198828,234,lstm_corr_top1_era5_rand5,f4,1
2024-03-01,174.24996148354103,234,lstm_corr_top1_era5_rand5,f4,1
2024-04-01,188.50454720770395,234,lstm_corr_top1_era5_rand5,f4,1
2024-05-01,162.90476357097705,234,lstm_corr_top1_era5_rand5,f4,1
2024-06-01,217.32743191820137,234,lstm_corr_top1_era5_rand5,f4,1
2024-07-01,181.59099051493234,234,lstm_corr_top1_era5_rand5,f4,1
2024-08-01,306.2486319476469,234,lstm_corr_top1_era5_rand5,f4,1
2024-09-01,289.525408942834,234,lstm_corr_top1_era5_rand5,f4,1
2024-10-01,360.44531115521795,234,lstm_corr_top1_era5_rand5,f4,1
2024-11-01,185.30469936611627,234,lstm_corr_top1_era5_rand5,f4,1
2024-12-01,239.662511261183,234,lstm_corr_top1_era5_rand5,f4,1
2025-01-01,283.3014537156786,234,lstm_corr_top1_era5_rand5,f4,1
2025-02-01,297.80464224712694,234,lstm_corr_top1_era5_rand5,f4,1
2023-10-01,231.38746906162828,234,lstm_corr_top1_rand6,f4,1
2023-11-01,308.82240122730366,234,lstm_corr_top1_rand6,f4,1
2023-12-01,235.93899714494432,234,lstm_corr_top1_rand6,f4,1
2024-01-01,277.39438764384664,234,lstm_corr_top1_rand6,f4,1
2024-02-01,310.7776375174049,234,lstm_corr_top1_rand6,f4,1
2024-03-01,182.20587802723253,234,lstm_corr_top1_rand6,f4,1
2024-04-01,200.6694587639187,234,lstm_corr_top1_rand6,f4,1
2024-05-01,194.80843354054184,234,lstm_corr_top1_rand6,f4,1
2024-06-01,240.6402758496137,234,lstm_corr_top1_rand6,f4,1
2024-07-01,185.52440172446873,234,lstm_corr_top1_rand6,f4,1
2024-08-01,334.6238517696772,234,lstm_corr_top1_rand6,f4,1
2024-09-01,336.74511864089095,234,lstm_corr_top1_rand6,f4,1
2024-10-01,445.0853637360844,234,lstm_corr_top1_rand6,f4,1
2024-11-01,209.31866460878734,234,lstm_corr_top1_rand6,f4,1
2024-12-01,257.06035592688806,234,lstm_corr_top1_rand6,f4,1
2025-01-01,297.77584443148777,234,lstm_corr_top1_rand6,f4,1
2025-02-01,347.4721817228619,234,lstm_corr_top1_rand6,f4,1
2023-10-01,246.80823475023195,234,lstm_corr_top1_era5_rand6,f4,1
2023-11-01,300.68066258885983,234,lstm_corr_top1_era5_rand6,f4,1
2023-12-01,223.7041567607118,234,lstm_corr_top1_era5_rand6,f4,1
2024-01-01,295.2118522199985,234,lstm_corr_top1_era5_rand6,f4,1
2024-02-01,318.6723481081515,234,lstm_corr_top1_era5_rand6,f4,1
2024-03-01,179.39577435411678,234,lstm_corr_top1_era5_rand6,f4,1
2024-04-01,192.1872393816064,234,lstm_corr_top1_era5_rand6,f4,1
2024-05-01,164.49429853165063,234,lstm_corr_top1_era5_rand6,f4,1
2024-06-01,220.77028199139244,234,lstm_corr_top1_era5_rand6,f4,1
2024-07-01,183.10233649294292,234,lstm_corr_top1_era5_rand6,f4,1
2024-08-01,306.45609524092924,234,lstm_corr_top1_era5_rand6,f4,1
2024-09-01,302.24540513189345,234,lstm_corr_top1_era5_rand6,f4,1
2024-10-01,378.0676266053052,234,lstm_corr_top1_era5_rand6,f4,1
2024-11-01,188.24219357720725,234,lstm_corr_top1_era5_rand6,f4,1
2024-12-01,250.22185637911147,234,lstm_corr_top1_era5_rand6,f4,1
2025-01-01,289.8011986442079,234,lstm_corr_top1_era5_rand6,f4,1
2025-02-01,296.19618739307083,234,lstm_corr_top1_era5_rand6,f4,1
2023-10-01,232.9144502014924,234,lstm_corr_top1_rand7,f4,1
2023-11-01,309.58315424585766,234,lstm_corr_top1_rand7,f4,1
2023-12-01,233.21839765033488,234,lstm_corr_top1_rand7,f4,1
2024-01-01,280.11133118712064,234,lstm_corr_top1_rand7,f4,1
2024-02-01,307.5943702022077,234,lstm_corr_top1_rand7,f4,1
2024-03-01,180.93590868194445,234,lstm_corr_top1_rand7,f4,1
2024-04-01,201.39186162401748,234,lstm_corr_top1_rand7,f4,1
2024-05-01,192.73809612313676,234,lstm_corr_top1_rand7,f4,1
2024-06-01,239.83852014888842,234,lstm_corr_top1_rand7,f4,1
2024-07-01,182.75239317042798,234,lstm_corr_top1_rand7,f4,1
2024-08-01,333.72472798561205,234,lstm_corr_top1_rand7,f4,1
2024-09-01,340.0224007052577,234,lstm_corr_top1_rand7,f4,1
2024-10-01,444.1048496018674,234,lstm_corr_top1_rand7,f4,1
2024-11-01,206.67299188153407,234,lstm_corr_top1_rand7,f4,1
2024-12-01,257.6528523158338,234,lstm_corr_top1_rand7,f4,1
2025-01-01,296.992748505824,234,lstm_corr_top1_rand7,f4,1
2025-02-01,348.36027690390773,234,lstm_corr_top1_rand7,f4,1
2023-10-01,232.5699515366615,234,lstm_corr_top1_era5_rand7,f4,1
2023-11-01,293.43941118183244,234,lstm_corr_top1_era5_rand7,f4,1
2023-12-01,219.89101002482457,234,lstm_corr_top1_era5_rand7,f4,1
2024-01-01,286.4324874147992,234,lstm_corr_top1_era5_rand7,f4,1
2024-02-01,311.9407250464957,234,lstm_corr_top1_era5_rand7,f4,1
2024-03-01,175.7583097765988,234,lstm_corr_top1_era5_rand7,f4,1
2024-04-01,187.12508521060823,234,lstm_corr_top1_era5_rand7,f4,1
2024-05-01,169.50202515308774,234,lstm_corr_top1_era5_rand7,f4,1
2024-06-01,220.79929071705544,234,lstm_corr_top1_era5_rand7,f4,1
2024-07-01,180.22785267075457,234,lstm_corr_top1_era5_rand7,f4,1
2024-08-01,308.860059487535,234,lstm_corr_top1_era5_rand7,f4,1
2024-09-01,301.2276105064946,234,lstm_corr_top1_era5_rand7,f4,1
2024-10-01,365.35157442782685,234,lstm_corr_top1_era5_rand7,f4,1
2024-11-01,189.51693206424247,234,lstm_corr_top1_era5_rand7,f4,1
2024-12-01,243.06985015323275,234,lstm_corr_top1_era5_rand7,f4,1
2025-01-01,285.5999849092389,234,lstm_corr_top1_era5_rand7,f4,1
2025-02-01,299.72802271699476,234,lstm_corr_top1_era5_rand7,f4,1
2023-10-01,232.8654993869104,234,lstm_corr_top1_rand8,f4,1
2023-11-01,307.98263895675416,234,lstm_corr_top1_rand8,f4,1
2023-12-01,233.15744518660932,234,lstm_corr_top1_rand8,f4,1
2024-01-01,279.307094846314,234,lstm_corr_top1_rand8,f4,1
2024-02-01,309.7332972288058,234,lstm_corr_top1_rand8,f4,1
2024-03-01,180.98912530169332,234,lstm_corr_top1_rand8,f4,1
2024-04-01,200.9514069306517,234,lstm_corr_top1_rand8,f4,1
2024-05-01,192.80980662150225,234,lstm_corr_top1_rand8,f4,1
2024-06-01,243.21524017264503,234,lstm_corr_top1_rand8,f4,1
2024-07-01,183.62015127639415,234,lstm_corr_top1_rand8,f4,1
2024-08-01,334.73217664761046,234,lstm_corr_top1_rand8,f4,1
2024-09-01,338.1848499654984,234,lstm_corr_top1_rand8,f4,1
2024-10-01,443.37594307733747,234,lstm_corr_top1_rand8,f4,1
2024-11-01,203.33449137605035,234,lstm_corr_top1_rand8,f4,1
2024-12-01,256.1561152742237,234,lstm_corr_top1_rand8,f4,1
2025-01-01,297.12507603812145,234,lstm_corr_top1_rand8,f4,1
2025-02-01,346.20575699185457,234,lstm_corr_top1_rand8,f4,1
2023-10-01,244.2730168357281,234,lstm_corr_top1_era5_rand8,f4,1
2023-11-01,296.475147305069,234,lstm_corr_top1_era5_rand8,f4,1
2023-12-01,218.0913273539688,234,lstm_corr_top1_era5_rand8,f4,1
2024-01-01,287.4634863394824,234,lstm_corr_top1_era5_rand8,f4,1
2024-02-01,309.33783904067957,234,lstm_corr_top1_era5_rand8,f4,1
2024-03-01,178.36806548187926,234,lstm_corr_top1_era5_rand8,f4,1
2024-04-01,189.06816598539578,234,lstm_corr_top1_era5_rand8,f4,1
2024-05-01,163.94685649044217,234,lstm_corr_top1_era5_rand8,f4,1
2024-06-01,220.79859370788398,234,lstm_corr_top1_era5_rand8,f4,1
2024-07-01,181.47791159165163,234,lstm_corr_top1_era5_rand8,f4,1
2024-08-01,302.47916330794567,234,lstm_corr_top1_era5_rand8,f4,1
2024-09-01,303.4391070555167,234,lstm_corr_top1_era5_rand8,f4,1
2024-10-01,379.75852233644395,234,lstm_corr_top1_era5_rand8,f4,1
2024-11-01,185.88736382842322,234,lstm_corr_top1_era5_rand8,f4,1
2024-12-01,241.76002935351494,234,lstm_corr_top1_era5_rand8,f4,1
2025-01-01,284.5140705249194,234,lstm_corr_top1_era5_rand8,f4,1
2025-02-01,297.97412093812454,234,lstm_corr_top1_era5_rand8,f4,1
2023-10-01,232.71140719327852,234,lstm_corr_top1_rand9,f4,1
2023-11-01,309.50541641109214,234,lstm_corr_top1_rand9,f4,1
2023-12-01,232.60893913899196,234,lstm_corr_top1_rand9,f4,1
2024-01-01,277.8448504406436,234,lstm_corr_top1_rand9,f4,1
2024-02-01,307.2852099135291,234,lstm_corr_top1_rand9,f4,1
2024-03-01,179.97631007489426,234,lstm_corr_top1_rand9,f4,1
2024-04-01,199.4453516636713,234,lstm_corr_top1_rand9,f4,1
2024-05-01,190.6941341971609,234,lstm_corr_top1_rand9,f4,1
2024-06-01,240.15077674049084,234,lstm_corr_top1_rand9,f4,1
2024-07-01,183.78633638512153,234,lstm_corr_top1_rand9,f4,1
2024-08-01,333.0011307862738,234,lstm_corr_top1_rand9,f4,1
2024-09-01,339.0232518397,234,lstm_corr_top1_rand9,f4,1
2024-10-01,441.36784326678287,234,lstm_corr_top1_rand9,f4,1
2024-11-01,204.75551376382947,234,lstm_corr_top1_rand9,f4,1
2024-12-01,256.80082413972764,234,lstm_corr_top1_rand9,f4,1
2025-01-01,294.9721142384571,234,lstm_corr_top1_rand9,f4,1
2025-02-01,347.7333484795571,234,lstm_corr_top1_rand9,f4,1
2023-10-01,242.45443723323277,234,lstm_corr_top1_era5_rand9,f4,1
2023-11-01,294.5150301647524,234,lstm_corr_top1_era5_rand9,f4,1
2023-12-01,217.29087444030998,234,lstm_corr_top1_era5_rand9,f4,1
2024-01-01,291.43664110913477,234,lstm_corr_top1_era5_rand9,f4,1
2024-02-01,306.01331783109674,234,lstm_corr_top1_era5_rand9,f4,1
2024-03-01,172.6881639008634,234,lstm_corr_top1_era5_rand9,f4,1
2024-04-01,186.1374169422826,234,lstm_corr_top1_era5_rand9,f4,1
2024-05-01,161.0017882801161,234,lstm_corr_top1_era5_rand9,f4,1
2024-06-01,217.52536681311523,234,lstm_corr_top1_era5_rand9,f4,1
2024-07-01,182.67697476574102,234,lstm_corr_top1_era5_rand9,f4,1
2024-08-01,305.97499021731625,234,lstm_corr_top1_era5_rand9,f4,1
2024-09-01,305.0118362833254,234,lstm_corr_top1_era5_rand9,f4,1
2024-10-01,376.8321410390409,234,lstm_corr_top1_era5_rand9,f4,1
2024-11-01,189.70996488094923,234,lstm_corr_top1_era5_rand9,f4,1
2024-12-01,254.2309240975075,234,lstm_corr_top1_era5_rand9,f4,1
2025-01-01,288.39474602744747,234,lstm_corr_top1_era5_rand9,f4,1
2025-02-01,302.20697358108157,234,lstm_corr_top1_era5_rand9,f4,1
2023-10-01,232.23611854769263,234,lstm_corr_top1_rand10,f4,1
2023-11-01,308.8750509512246,234,lstm_corr_top1_rand10,f4,1
2023-12-01,234.46531694376228,234,lstm_corr_top1_rand10,f4,1
2024-01-01,278.11057448518983,234,lstm_corr_top1_rand10,f4,1
2024-02-01,310.31159681187637,234,lstm_corr_top1_rand10,f4,1
2024-03-01,183.42932678754926,234,lstm_corr_top1_rand10,f4,1
2024-04-01,203.83949208752045,234,lstm_corr_top1_rand10,f4,1
2024-05-01,196.07764562523994,234,lstm_corr_top1_rand10,f4,1
2024-06-01,239.53138793371704,234,lstm_corr_top1_rand10,f4,1
2024-07-01,186.7377278461361,234,lstm_corr_top1_rand10,f4,1
2024-08-01,339.0967818481248,234,lstm_corr_top1_rand10,f4,1
2024-09-01,339.32107905246437,234,lstm_corr_top1_rand10,f4,1
2024-10-01,449.81846578815146,234,lstm_corr_top1_rand10,f4,1
2024-11-01,213.42168325208897,234,lstm_corr_top1_rand10,f4,1
2024-12-01,262.3806967546536,234,lstm_corr_top1_rand10,f4,1
2025-01-01,298.7884374508027,234,lstm_corr_top1_rand10,f4,1
2025-02-01,351.49768429367134,234,lstm_corr_top1_rand10,f4,1
2023-10-01,241.3067869204182,234,lstm_corr_top1_era5_rand10,f4,1
2023-11-01,298.91091450978206,234,lstm_corr_top1_era5_rand10,f4,1
2023-12-01,219.95831650104577,234,lstm_corr_top1_era5_rand10,f4,1
2024-01-01,288.93985147492344,234,lstm_corr_top1_era5_rand10,f4,1
2024-02-01,312.2385198509825,234,lstm_corr_top1_era5_rand10,f4,1
2024-03-01,179.44710193505048,234,lstm_corr_top1_era5_rand10,f4,1
2024-04-01,185.4765508080263,234,lstm_corr_top1_era5_rand10,f4,1
2024-05-01,164.90981606241445,234,lstm_corr_top1_era5_rand10,f4,1
2024-06-01,216.25207636767053,234,lstm_corr_top1_era5_rand10,f4,1
2024-07-01,183.55038625670534,234,lstm_corr_top1_era5_rand10,f4,1
2024-08-01,306.6005956758894,234,lstm_corr_top1_era5_rand10,f4,1
2024-09-01,299.9229489068914,234,lstm_corr_top1_era5_rand10,f4,1
2024-10-01,367.36472905224963,234,lstm_corr_top1_era5_rand10,f4,1
2024-11-01,185.98527947279354,234,lstm_corr_top1_era5_rand10,f4,1
2024-12-01,248.03620949571618,234,lstm_corr_top1_era5_rand10,f4,1
2025-01-01,287.01326748773596,234,lstm_corr_top1_era5_rand10,f4,1
2025-02-01,299.0680084484418,234,lstm_corr_top1_era5_rand10,f4,1
2023-10-01,232.60448110069606,234,lstm_corr_top1_rand11,f4,1
2023-11-01,308.9249114868198,234,lstm_corr_top1_rand11,f4,1
2023-12-01,233.6660387242196,234,lstm_corr_top1_rand11,f4,1
2024-01-01,278.33396152139585,234,lstm_corr_top1_rand11,f4,1
2024-02-01,308.1556601984454,234,lstm_corr_top1_rand11,f4,1
2024-03-01,181.55326616999247,234,lstm_corr_top1_rand11,f4,1
2024-04-01,201.63464535637684,234,lstm_corr_top1_rand11,f4,1
2024-05-01,194.6084246701592,234,lstm_corr_top1_rand11,f4,1
2024-06-01,243.51435756962994,234,lstm_corr_top1_rand11,f4,1
2024-07-01,182.85386005098343,234,lstm_corr_top1_rand11,f4,1
2024-08-01,336.05381973161855,234,lstm_corr_top1_rand11,f4,1
2024-09-01,338.6676284282745,234,lstm_corr_top1_rand11,f4,1
2024-10-01,445.79125168331495,234,lstm_corr_top1_rand11,f4,1
2024-11-01,205.29582342834124,234,lstm_corr_top1_rand11,f4,1
2024-12-01,259.337054106161,234,lstm_corr_top1_rand11,f4,1
2025-01-01,298.8764722570454,234,lstm_corr_top1_rand11,f4,1
2025-02-01,348.4829694125767,234,lstm_corr_top1_rand11,f4,1
2023-10-01,237.7384711089449,234,lstm_corr_top1_era5_rand11,f4,1
2023-11-01,296.34297048197715,234,lstm_corr_top1_era5_rand11,f4,1
2023-12-01,218.93763456834412,234,lstm_corr_top1_era5_rand11,f4,1
2024-01-01,289.21335169346327,234,lstm_corr_top1_era5_rand11,f4,1
2024-02-01,305.80597277106176,234,lstm_corr_top1_era5_rand11,f4,1
2024-03-01,178.1647446563333,234,lstm_corr_top1_era5_rand11,f4,1
2024-04-01,183.66839882657968,234,lstm_corr_top1_era5_rand11,f4,1
2024-05-01,165.3136491072823,234,lstm_corr_top1_era5_rand11,f4,1
2024-06-01,216.93814315805741,234,lstm_corr_top1_era5_rand11,f4,1
2024-07-01,180.8492502630056,234,lstm_corr_top1_era5_rand11,f4,1
2024-08-01,308.6753858433796,234,lstm_corr_top1_era5_rand11,f4,1
2024-09-01,299.59999323299553,234,lstm_corr_top1_era5_rand11,f4,1
2024-10-01,371.0676981637071,234,lstm_corr_top1_era5_rand11,f4,1
2024-11-01,185.04695824742146,234,lstm_corr_top1_era5_rand11,f4,1
2024-12-01,247.2141168349857,234,lstm_corr_top1_era5_rand11,f4,1
2025-01-01,285.28070079745225,234,lstm_corr_top1_era5_rand11,f4,1
2025-02-01,302.60661217863424,234,lstm_corr_top1_era5_rand11,f4,1
2023-10-01,231.92841507791286,234,lstm_corr_top1_rand12,f4,1
2023-11-01,307.25914311231895,234,lstm_corr_top1_rand12,f4,1
2023-12-01,235.0664695103472,234,lstm_corr_top1_rand12,f4,1
2024-01-01,278.3058432428334,234,lstm_corr_top1_rand12,f4,1
2024-02-01,308.51311189402145,234,lstm_corr_top1_rand12,f4,1
2024-03-01,180.86365632559892,234,lstm_corr_top1_rand12,f4,1
2024-04-01,198.07213127127554,234,lstm_corr_top1_rand12,f4,1
2024-05-01,193.0013033998114,234,lstm_corr_top1_rand12,f4,1
2024-06-01,242.58115603039397,234,lstm_corr_top1_rand12,f4,1
2024-07-01,184.96863678616714,234,lstm_corr_top1_rand12,f4,1
2024-08-01,334.78611135025614,234,lstm_corr_top1_rand12,f4,1
2024-09-01,337.1513612182203,234,lstm_corr_top1_rand12,f4,1
2024-10-01,443.12288714739003,234,lstm_corr_top1_rand12,f4,1
2024-11-01,207.22437323925783,234,lstm_corr_top1_rand12,f4,1
2024-12-01,256.5309991500299,234,lstm_corr_top1_rand12,f4,1
2025-01-01,294.9984622172872,234,lstm_corr_top1_rand12,f4,1
2025-02-01,350.3949094794881,234,lstm_corr_top1_rand12,f4,1
2023-10-01,235.83644974694843,234,lstm_corr_top1_era5_rand12,f4,1
2023-11-01,297.20510807560913,234,lstm_corr_top1_era5_rand12,f4,1
2023-12-01,219.26171323848152,234,lstm_corr_top1_era5_rand12,f4,1
2024-01-01,290.6219643582732,234,lstm_corr_top1_era5_rand12,f4,1
2024-02-01,305.3916226825545,234,lstm_corr_top1_era5_rand12,f4,1
2024-03-01,180.9083472763118,234,lstm_corr_top1_era5_rand12,f4,1
2024-04-01,188.6521620952502,234,lstm_corr_top1_era5_rand12,f4,1
2024-05-01,164.64461653391518,234,lstm_corr_top1_era5_rand12,f4,1
2024-06-01,217.231144888473,234,lstm_corr_top1_era5_rand12,f4,1
2024-07-01,181.2367167507723,234,lstm_corr_top1_era5_rand12,f4,1
2024-08-01,306.05505586850825,234,lstm_corr_top1_era5_rand12,f4,1
2024-09-01,306.23250061061475,234,lstm_corr_top1_era5_rand12,f4,1
2024-10-01,380.64306095033214,234,lstm_corr_top1_era5_rand12,f4,1
2024-11-01,195.61053883272788,234,lstm_corr_top1_era5_rand12,f4,1
2024-12-01,253.55733567906753,234,lstm_corr_top1_era5_rand12,f4,1
2025-01-01,285.89596911031265,234,lstm_corr_top1_era5_rand12,f4,1
2025-02-01,304.3871343787118,234,lstm_corr_top1_era5_rand12,f4,1
2023-10-01,232.22247965617873,234,lstm_corr_top1_rand13,f4,1
2023-11-01,309.0034530671358,234,lstm_corr_top1_rand13,f4,1
2023-12-01,234.20197855332654,234,lstm_corr_top1_rand13,f4,1
2024-01-01,278.0768594935562,234,lstm_corr_top1_rand13,f4,1
2024-02-01,307.8444450366283,234,lstm_corr_top1_rand13,f4,1
2024-03-01,180.84757137747437,234,lstm_corr_top1_rand13,f4,1
2024-04-01,201.45983507618845,234,lstm_corr_top1_rand13,f4,1
2024-05-01,192.4845615668946,234,lstm_corr_top1_rand13,f4,1
2024-06-01,241.03640023357391,234,lstm_corr_top1_rand13,f4,1
2024-07-01,183.18895459106398,234,lstm_corr_top1_rand13,f4,1
2024-08-01,334.93570452920005,234,lstm_corr_top1_rand13,f4,1
2024-09-01,338.3704991010498,234,lstm_corr_top1_rand13,f4,1
2024-10-01,443.1240941917677,234,lstm_corr_top1_rand13,f4,1
2024-11-01,204.80629876744885,234,lstm_corr_top1_rand13,f4,1
2024-12-01,257.4960096990242,234,lstm_corr_top1_rand13,f4,1
2025-01-01,296.52823727247034,234,lstm_corr_top1_rand13,f4,1
2025-02-01,347.0688077138116,234,lstm_corr_top1_rand13,f4,1
2023-10-01,233.77116507336476,234,lstm_corr_top1_era5_rand13,f4,1
2023-11-01,297.88445565824316,234,lstm_corr_top1_era5_rand13,f4,1
2023-12-01,218.96026229569665,234,lstm_corr_top1_era5_rand13,f4,1
2024-01-01,286.4759658110184,234,lstm_corr_top1_era5_rand13,f4,1
2024-02-01,310.8796371018919,234,lstm_corr_top1_era5_rand13,f4,1
2024-03-01,178.87366296575175,234,lstm_corr_top1_era5_rand13,f4,1
2024-04-01,189.71455279434247,234,lstm_corr_top1_era5_rand13,f4,1
2024-05-01,166.01105028977136,234,lstm_corr_top1_era5_rand13,f4,1
2024-06-01,220.30254189935604,234,lstm_corr_top1_era5_rand13,f4,1
2024-07-01,177.4428808530292,234,lstm_corr_top1_era5_rand13,f4,1
2024-08-01,305.329520556235,234,lstm_corr_top1_era5_rand13,f4,1
2024-09-01,309.005591595857,234,lstm_corr_top1_era5_rand13,f4,1
2024-10-01,374.9166653130425,234,lstm_corr_top1_era5_rand13,f4,1
2024-11-01,186.44720924589467,234,lstm_corr_top1_era5_rand13,f4,1
2024-12-01,247.1982731125741,234,lstm_corr_top1_era5_rand13,f4,1
2025-01-01,289.21457273615056,234,lstm_corr_top1_era5_rand13,f4,1
2025-02-01,304.0276375690008,234,lstm_corr_top1_era5_rand13,f4,1
2023-10-01,231.689193200659,234,lstm_corr_top1_rand14,f4,1
2023-11-01,308.4576428153531,234,lstm_corr_top1_rand14,f4,1
2023-12-01,232.5230831271048,234,lstm_corr_top1_rand14,f4,1
2024-01-01,278.75681029270265,234,lstm_corr_top1_rand14,f4,1
2024-02-01,309.3140731060147,234,lstm_corr_top1_rand14,f4,1
2024-03-01,182.55959935023122,234,lstm_corr_top1_rand14,f4,1
2024-04-01,202.28140436290408,234,lstm_corr_top1_rand14,f4,1
2024-05-01,192.89073005361584,234,lstm_corr_top1_rand14,f4,1
2024-06-01,241.62159087336815,234,lstm_corr_top1_rand14,f4,1
2024-07-01,182.53112115129733,234,lstm_corr_top1_rand14,f4,1
2024-08-01,335.73468392325583,234,lstm_corr_top1_rand14,f4,1
2024-09-01,338.96997493926665,234,lstm_corr_top1_rand14,f4,1
2024-10-01,446.403744855465,234,lstm_corr_top1_rand14,f4,1
2024-11-01,208.67117143182642,234,lstm_corr_top1_rand14,f4,1
2024-12-01,259.1314881740496,234,lstm_corr_top1_rand14,f4,1
2025-01-01,298.90760631558186,234,lstm_corr_top1_rand14,f4,1
2025-02-01,349.28267007673935,234,lstm_corr_top1_rand14,f4,1
2023-10-01,231.81709805799744,234,lstm_corr_top1_era5_rand14,f4,1
2023-11-01,296.9111652958976,234,lstm_corr_top1_era5_rand14,f4,1
2023-12-01,218.14268610437622,234,lstm_corr_top1_era5_rand14,f4,1
2024-01-01,283.71500761602147,234,lstm_corr_top1_era5_rand14,f4,1
2024-02-01,315.6273733322225,234,lstm_corr_top1_era5_rand14,f4,1
2024-03-01,175.37900556687504,234,lstm_corr_top1_era5_rand14,f4,1
2024-04-01,193.42852072562036,234,lstm_corr_top1_era5_rand14,f4,1
2024-05-01,168.1492348810425,234,lstm_corr_top1_era5_rand14,f4,1
2024-06-01,217.72754174144603,234,lstm_corr_top1_era5_rand14,f4,1
2024-07-01,179.7806847518972,234,lstm_corr_top1_era5_rand14,f4,1
2024-08-01,304.549379223566,234,lstm_corr_top1_era5_rand14,f4,1
2024-09-01,295.43354898426514,234,lstm_corr_top1_era5_rand14,f4,1
2024-10-01,365.8515923928297,234,lstm_corr_top1_era5_rand14,f4,1
2024-11-01,185.64435807897112,234,lstm_corr_top1_era5_rand14,f4,1
2024-12-01,244.80509991796515,234,lstm_corr_top1_era5_rand14,f4,1
2025-01-01,285.31979070591376,234,lstm_corr_top1_era5_rand14,f4,1
2025-02-01,300.9066154913025,234,lstm_corr_top1_era5_rand14,f4,1
2023-10-01,231.8677009593621,234,lstm_corr_top1_rand15,f4,1
2023-11-01,309.1484335046087,234,lstm_corr_top1_rand15,f4,1
2023-12-01,234.7896871187329,234,lstm_corr_top1_rand15,f4,1
2024-01-01,277.9957377851883,234,lstm_corr_top1_rand15,f4,1
2024-02-01,309.0736592277003,234,lstm_corr_top1_rand15,f4,1
2024-03-01,181.41378064064457,234,lstm_corr_top1_rand15,f4,1
2024-04-01,199.77072858863184,234,lstm_corr_top1_rand15,f4,1
2024-05-01,193.41691352993755,234,lstm_corr_top1_rand15,f4,1
2024-06-01,240.74320280248563,234,lstm_corr_top1_rand15,f4,1
2024-07-01,184.20005871158864,234,lstm_corr_top1_rand15,f4,1
2024-08-01,336.31444084755435,234,lstm_corr_top1_rand15,f4,1
2024-09-01,338.6811869327895,234,lstm_corr_top1_rand15,f4,1
2024-10-01,443.90803917473255,234,lstm_corr_top1_rand15,f4,1
2024-11-01,205.76102413177682,234,lstm_corr_top1_rand15,f4,1
2024-12-01,255.31141144336308,234,lstm_corr_top1_rand15,f4,1
2025-01-01,296.6465998259251,234,lstm_corr_top1_rand15,f4,1
2025-02-01,347.71929663424686,234,lstm_corr_top1_rand15,f4,1
2023-10-01,242.2320272075415,234,lstm_corr_top1_era5_rand15,f4,1
2023-11-01,292.20496113169276,234,lstm_corr_top1_era5_rand15,f4,1
2023-12-01,221.23114371651326,234,lstm_corr_top1_era5_rand15,f4,1
2024-01-01,274.5906908075411,234,lstm_corr_top1_era5_rand15,f4,1
2024-02-01,304.32779931131694,234,lstm_corr_top1_era5_rand15,f4,1
2024-03-01,168.00808144149934,234,lstm_corr_top1_era5_rand15,f4,1
2024-04-01,196.01639706908807,234,lstm_corr_top1_era5_rand15,f4,1
2024-05-01,161.49511761873785,234,lstm_corr_top1_era5_rand15,f4,1
2024-06-01,207.94594882116962,234,lstm_corr_top1_era5_rand15,f4,1
2024-07-01,185.36717675673805,234,lstm_corr_top1_era5_rand15,f4,1
2024-08-01,299.8031535885357,234,lstm_corr_top1_era5_rand15,f4,1
2024-09-01,295.86710999676745,234,lstm_corr_top1_era5_rand15,f4,1
2024-10-01,384.7227844253802,234,lstm_corr_top1_era5_rand15,f4,1
2024-11-01,192.7531722390665,234,lstm_corr_top1_era5_rand15,f4,1
2024-12-01,240.79912360091672,234,lstm_corr_top1_era5_rand15,f4,1
2025-01-01,281.93455226701275,234,lstm_corr_top1_era5_rand15,f4,1
2025-02-01,295.3451158548547,234,lstm_corr_top1_era5_rand15,f4,1
2023-10-01,231.63786877409387,234,lstm_corr_top1_rand16,f4,1
2023-11-01,309.43501974097904,234,lstm_corr_top1_rand16,f4,1
2023-12-01,233.47414051326544,234,lstm_corr_top1_rand16,f4,1
2024-01-01,276.88861557571045,234,lstm_corr_top1_rand16,f4,1
2024-02-01,308.5608421487791,234,lstm_corr_top1_rand16,f4,1
2024-03-01,180.39570601639787,234,lstm_corr_top1_rand16,f4,1
2024-04-01,200.70561028514442,234,lstm_corr_top1_rand16,f4,1
2024-05-01,194.74982129352446,234,lstm_corr_top1_rand16,f4,1
2024-06-01,241.97508357467404,234,lstm_corr_top1_rand16,f4,1
2024-07-01,183.3918576705094,234,lstm_corr_top1_rand16,f4,1
2024-08-01,336.6611749499768,234,lstm_corr_top1_rand16,f4,1
2024-09-01,339.10125650598854,234,lstm_corr_top1_rand16,f4,1
2024-10-01,445.22002043027084,234,lstm_corr_top1_rand16,f4,1
2024-11-01,205.84584988610166,234,lstm_corr_top1_rand16,f4,1
2024-12-01,257.9607612749128,234,lstm_corr_top1_rand16,f4,1
2025-01-01,297.316529498963,234,lstm_corr_top1_rand16,f4,1
2025-02-01,350.0622648325013,234,lstm_corr_top1_rand16,f4,1
2023-10-01,235.71720248878637,234,lstm_corr_top1_era5_rand16,f4,1
2023-11-01,292.23490462571596,234,lstm_corr_top1_era5_rand16,f4,1
2023-12-01,218.2209743102834,234,lstm_corr_top1_era5_rand16,f4,1
2024-01-01,284.42690205675314,234,lstm_corr_top1_era5_rand16,f4,1
2024-02-01,298.213203234693,234,lstm_corr_top1_era5_rand16,f4,1
2024-03-01,178.04485746156047,234,lstm_corr_top1_era5_rand16,f4,1
2024-04-01,189.2694949328067,234,lstm_corr_top1_era5_rand16,f4,1
2024-05-01,166.0930817554441,234,lstm_corr_top1_era5_rand16,f4,1
2024-06-01,216.50421863380197,234,lstm_corr_top1_era5_rand16,f4,1
2024-07-01,177.90210461682221,234,lstm_corr_top1_era5_rand16,f4,1
2024-08-01,305.6719147787569,234,lstm_corr_top1_era5_rand16,f4,1
2024-09-01,307.70394596921915,234,lstm_corr_top1_era5_rand16,f4,1
2024-10-01,369.06570135115294,234,lstm_corr_top1_era5_rand16,f4,1
2024-11-01,187.6029265037529,234,lstm_corr_top1_era5_rand16,f4,1
2024-12-01,246.88635748420475,234,lstm_corr_top1_era5_rand16,f4,1
2025-01-01,287.28752275776117,234,lstm_corr_top1_era5_rand16,f4,1
2025-02-01,301.3837513987524,234,lstm_corr_top1_era5_rand16,f4,1
2023-10-01,230.9592023571453,234,lstm_corr_top1_rand17,f4,1
2023-11-01,308.4010304220792,234,lstm_corr_top1_rand17,f4,1
2023-12-01,232.68477194789972,234,lstm_corr_top1_rand17,f4,1
2024-01-01,278.10053676210623,234,lstm_corr_top1_rand17,f4,1
2024-02-01,306.6919385070692,234,lstm_corr_top1_rand17,f4,1
2024-03-01,180.59934228913147,234,lstm_corr_top1_rand17,f4,1
2024-04-01,198.33089809696654,234,lstm_corr_top1_rand17,f4,1
2024-05-01,194.29113352556683,234,lstm_corr_top1_rand17,f4,1
2024-06-01,240.83600251169977,234,lstm_corr_top1_rand17,f4,1
2024-07-01,184.05150316657927,234,lstm_corr_top1_rand17,f4,1
2024-08-01,334.8803365940334,234,lstm_corr_top1_rand17,f4,1
2024-09-01,339.6535032669154,234,lstm_corr_top1_rand17,f4,1
2024-10-01,443.499581426915,234,lstm_corr_top1_rand17,f4,1
2024-11-01,205.7823791682035,234,lstm_corr_top1_rand17,f4,1
2024-12-01,255.2006283419098,234,lstm_corr_top1_rand17,f4,1
2025-01-01,294.4062912854132,234,lstm_corr_top1_rand17,f4,1
2025-02-01,344.5666064625619,234,lstm_corr_top1_rand17,f4,1
2023-10-01,239.4145738183725,234,lstm_corr_top1_era5_rand17,f4,1
2023-11-01,297.42748980787,234,lstm_corr_top1_era5_rand17,f4,1
2023-12-01,216.11999874541064,234,lstm_corr_top1_era5_rand17,f4,1
2024-01-01,288.41877455070494,234,lstm_corr_top1_era5_rand17,f4,1
2024-02-01,302.46581216494485,234,lstm_corr_top1_era5_rand17,f4,1
2024-03-01,179.38059388440928,234,lstm_corr_top1_era5_rand17,f4,1
2024-04-01,190.13090522663572,234,lstm_corr_top1_era5_rand17,f4,1
2024-05-01,166.0456821319783,234,lstm_corr_top1_era5_rand17,f4,1
2024-06-01,219.44223920932902,234,lstm_corr_top1_era5_rand17,f4,1
2024-07-01,178.51084487696068,234,lstm_corr_top1_era5_rand17,f4,1
2024-08-01,300.8118107862292,234,lstm_corr_top1_era5_rand17,f4,1
2024-09-01,310.51236963208635,234,lstm_corr_top1_era5_rand17,f4,1
2024-10-01,375.31944053998825,234,lstm_corr_top1_era5_rand17,f4,1
2024-11-01,186.2829854008553,234,lstm_corr_top1_era5_rand17,f4,1
2024-12-01,250.55747964467585,234,lstm_corr_top1_era5_rand17,f4,1
2025-01-01,286.81938993526427,234,lstm_corr_top1_era5_rand17,f4,1
2025-02-01,302.75764907166854,234,lstm_corr_top1_era5_rand17,f4,1
2023-10-01,232.7799605493943,234,lstm_corr_top1_rand18,f4,1
2023-11-01,308.31922908693707,234,lstm_corr_top1_rand18,f4,1
2023-12-01,232.42248888786057,234,lstm_corr_top1_rand18,f4,1
2024-01-01,278.3142278966927,234,lstm_corr_top1_rand18,f4,1
2024-02-01,307.39879501004066,234,lstm_corr_top1_rand18,f4,1
2024-03-01,181.21511036354843,234,lstm_corr_top1_rand18,f4,1
2024-04-01,201.14252041220618,234,lstm_corr_top1_rand18,f4,1
2024-05-01,191.7084661115405,234,lstm_corr_top1_rand18,f4,1
2024-06-01,242.57213987687342,234,lstm_corr_top1_rand18,f4,1
2024-07-01,183.12650332430874,234,lstm_corr_top1_rand18,f4,1
2024-08-01,333.77459986010604,234,lstm_corr_top1_rand18,f4,1
2024-09-01,338.8490158442659,234,lstm_corr_top1_rand18,f4,1
2024-10-01,442.88505278716315,234,lstm_corr_top1_rand18,f4,1
2024-11-01,203.2343649894012,234,lstm_corr_top1_rand18,f4,1
2024-12-01,256.4081662483011,234,lstm_corr_top1_rand18,f4,1
2025-01-01,295.86710573387245,234,lstm_corr_top1_rand18,f4,1
2025-02-01,346.05776452128276,234,lstm_corr_top1_rand18,f4,1
2023-10-01,239.21702883780517,234,lstm_corr_top1_era5_rand18,f4,1
2023-11-01,288.9963313301823,234,lstm_corr_top1_era5_rand18,f4,1
2023-12-01,229.5825371260856,234,lstm_corr_top1_era5_rand18,f4,1
2024-01-01,289.0747572719307,234,lstm_corr_top1_era5_rand18,f4,1
2024-02-01,316.84306177209703,234,lstm_corr_top1_era5_rand18,f4,1
2024-03-01,175.14104084324148,234,lstm_corr_top1_era5_rand18,f4,1
2024-04-01,184.31371097315682,234,lstm_corr_top1_era5_rand18,f4,1
2024-05-01,166.12601062784034,234,lstm_corr_top1_era5_rand18,f4,1
2024-06-01,220.22816569198358,234,lstm_corr_top1_era5_rand18,f4,1
2024-07-01,183.92811309976142,234,lstm_corr_top1_era5_rand18,f4,1
2024-08-01,309.0082741245869,234,lstm_corr_top1_era5_rand18,f4,1
2024-09-01,297.3127145936949,234,lstm_corr_top1_era5_rand18,f4,1
2024-10-01,375.27413262082297,234,lstm_corr_top1_era5_rand18,f4,1
2024-11-01,188.0333571754777,234,lstm_corr_top1_era5_rand18,f4,1
2024-12-01,244.53698531429748,234,lstm_corr_top1_era5_rand18,f4,1
2025-01-01,291.02282341463007,234,lstm_corr_top1_era5_rand18,f4,1
2025-02-01,297.18143114887994,234,lstm_corr_top1_era5_rand18,f4,1
2023-10-01,232.22761166233164,234,lstm_corr_top1_rand19,f4,1
2023-11-01,311.3558714845223,234,lstm_corr_top1_rand19,f4,1
2023-12-01,234.07534639863115,234,lstm_corr_top1_rand19,f4,1
2024-01-01,278.35883324621074,234,lstm_corr_top1_rand19,f4,1
2024-02-01,310.67651508423774,234,lstm_corr_top1_rand19,f4,1
2024-03-01,182.01646534591592,234,lstm_corr_top1_rand19,f4,1
2024-04-01,201.8906355275479,234,lstm_corr_top1_rand19,f4,1
2024-05-01,196.32299773503664,234,lstm_corr_top1_rand19,f4,1
2024-06-01,241.25491817514936,234,lstm_corr_top1_rand19,f4,1
2024-07-01,185.1829458224938,234,lstm_corr_top1_rand19,f4,1
2024-08-01,338.6271408863177,234,lstm_corr_top1_rand19,f4,1
2024-09-01,336.35264143516974,234,lstm_corr_top1_rand19,f4,1
2024-10-01,448.27559810334515,234,lstm_corr_top1_rand19,f4,1
2024-11-01,210.3436876200576,234,lstm_corr_top1_rand19,f4,1
2024-12-01,262.64469137405956,234,lstm_corr_top1_rand19,f4,1
2025-01-01,299.2604394574313,234,lstm_corr_top1_rand19,f4,1
2025-02-01,350.62040037970945,234,lstm_corr_top1_rand19,f4,1
2023-10-01,239.13387151626236,234,lstm_corr_top1_era5_rand19,f4,1
2023-11-01,294.2747865033304,234,lstm_corr_top1_era5_rand19,f4,1
2023-12-01,218.3588260250325,234,lstm_corr_top1_era5_rand19,f4,1
2024-01-01,283.3458513054242,234,lstm_corr_top1_era5_rand19,f4,1
2024-02-01,302.8627416534063,234,lstm_corr_top1_era5_rand19,f4,1
2024-03-01,176.6563603059943,234,lstm_corr_top1_era5_rand19,f4,1
2024-04-01,192.33368807797467,234,lstm_corr_top1_era5_rand19,f4,1
2024-05-01,163.5056802977288,234,lstm_corr_top1_era5_rand19,f4,1
2024-06-01,217.0252510660353,234,lstm_corr_top1_era5_rand19,f4,1
2024-07-01,180.30327745046517,234,lstm_corr_top1_era5_rand19,f4,1
2024-08-01,306.77122441506276,234,lstm_corr_top1_era5_rand19,f4,1
2024-09-01,301.11004825052817,234,lstm_corr_top1_era5_rand19,f4,1
2024-10-01,359.6736371949355,234,lstm_corr_top1_era5_rand19,f4,1
2024-11-01,183.8948099107091,234,lstm_corr_top1_era5_rand19,f4,1
2024-12-01,241.68943729582583,234,lstm_corr_top1_era5_rand19,f4,1
2025-01-01,284.9287663899369,234,lstm_corr_top1_era5_rand19,f4,1
2025-02-01,294.39522970712807,234,lstm_corr_top1_era5_rand19,f4,1
2023-11-01,365.6377073317223,234,lstm_corr_top1_rand0,f4,2
2023-12-01,274.3930277758719,234,lstm_corr_top1_rand0,f4,2
2024-01-01,357.1754962237172,234,lstm_corr_top1_rand0,f4,2
2024-02-01,379.84483471873875,234,lstm_corr_top1_rand0,f4,2
2024-03-01,235.73525547062215,234,lstm_corr_top1_rand0,f4,2
2024-04-01,300.41576683106564,234,lstm_corr_top1_rand0,f4,2
2024-05-01,232.69904662656631,234,lstm_corr_top1_rand0,f4,2
2024-06-01,295.7988874336111,234,lstm_corr_top1_rand0,f4,2
2024-07-01,215.03451437743112,234,lstm_corr_top1_rand0,f4,2
2024-08-01,374.6679028374557,234,lstm_corr_top1_rand0,f4,2
2024-09-01,435.8687522288899,234,lstm_corr_top1_rand0,f4,2
2024-10-01,615.8412147208652,234,lstm_corr_top1_rand0,f4,2
2024-11-01,293.43158245347774,234,lstm_corr_top1_rand0,f4,2
2024-12-01,292.21097264561325,234,lstm_corr_top1_rand0,f4,2
2025-01-01,372.92826337347236,234,lstm_corr_top1_rand0,f4,2
2025-02-01,415.6937262926038,234,lstm_corr_top1_rand0,f4,2
2025-03-01,404.40294301641273,234,lstm_corr_top1_rand0,f4,2
2023-11-01,352.2124784533897,234,lstm_corr_top1_era5_rand0,f4,2
2023-12-01,281.9375792188002,234,lstm_corr_top1_era5_rand0,f4,2
2024-01-01,357.6552752148486,234,lstm_corr_top1_era5_rand0,f4,2
2024-02-01,387.7355714045668,234,lstm_corr_top1_era5_rand0,f4,2
2024-03-01,231.56201602386028,234,lstm_corr_top1_era5_rand0,f4,2
2024-04-01,308.6142200628941,234,lstm_corr_top1_era5_rand0,f4,2
2024-05-01,227.63370434690825,234,lstm_corr_top1_era5_rand0,f4,2
2024-06-01,277.20064960658914,234,lstm_corr_top1_era5_rand0,f4,2
2024-07-01,222.60438483710496,234,lstm_corr_top1_era5_rand0,f4,2
2024-08-01,408.55309197145147,234,lstm_corr_top1_era5_rand0,f4,2
2024-09-01,415.8542112162283,234,lstm_corr_top1_era5_rand0,f4,2
2024-10-01,543.9999964211626,234,lstm_corr_top1_era5_rand0,f4,2
2024-11-01,258.7623346248596,234,lstm_corr_top1_era5_rand0,f4,2
2024-12-01,298.7169078952713,234,lstm_corr_top1_era5_rand0,f4,2
2025-01-01,363.6192450903536,234,lstm_corr_top1_era5_rand0,f4,2
2025-02-01,380.2586217070392,234,lstm_corr_top1_era5_rand0,f4,2
2025-03-01,374.4527320727332,234,lstm_corr_top1_era5_rand0,f4,2
2023-11-01,363.3489205397373,234,lstm_corr_top1_rand1,f4,2
2023-12-01,271.45132031919945,234,lstm_corr_top1_rand1,f4,2
2024-01-01,353.0644539214809,234,lstm_corr_top1_rand1,f4,2
2024-02-01,381.07197543825805,234,lstm_corr_top1_rand1,f4,2
2024-03-01,236.3770772732051,234,lstm_corr_top1_rand1,f4,2
2024-04-01,302.17598711751737,234,lstm_corr_top1_rand1,f4,2
2024-05-01,233.90785661018361,234,lstm_corr_top1_rand1,f4,2
2024-06-01,296.0522943529552,234,lstm_corr_top1_rand1,f4,2
2024-07-01,215.36441870142707,234,lstm_corr_top1_rand1,f4,2
2024-08-01,374.22812270534126,234,lstm_corr_top1_rand1,f4,2
2024-09-01,435.8161614933727,234,lstm_corr_top1_rand1,f4,2
2024-10-01,615.4744044240281,234,lstm_corr_top1_rand1,f4,2
2024-11-01,290.84889257040527,234,lstm_corr_top1_rand1,f4,2
2024-12-01,293.3191426611208,234,lstm_corr_top1_rand1,f4,2
2025-01-01,372.7230346210769,234,lstm_corr_top1_rand1,f4,2
2025-02-01,419.15690829744847,234,lstm_corr_top1_rand1,f4,2
2025-03-01,406.58115743458427,234,lstm_corr_top1_rand1,f4,2
2023-11-01,358.7287377534826,234,lstm_corr_top1_era5_rand1,f4,2
2023-12-01,280.0630274577506,234,lstm_corr_top1_era5_rand1,f4,2
2024-01-01,353.5841495495752,234,lstm_corr_top1_era5_rand1,f4,2
2024-02-01,382.0847587772347,234,lstm_corr_top1_era5_rand1,f4,2
2024-03-01,222.78234391491077,234,lstm_corr_top1_era5_rand1,f4,2
2024-04-01,296.3286325812837,234,lstm_corr_top1_era5_rand1,f4,2
2024-05-01,232.08048517916058,234,lstm_corr_top1_era5_rand1,f4,2
2024-06-01,273.0891042848951,234,lstm_corr_top1_era5_rand1,f4,2
2024-07-01,216.45933719165257,234,lstm_corr_top1_era5_rand1,f4,2
2024-08-01,404.55947988947224,234,lstm_corr_top1_era5_rand1,f4,2
2024-09-01,417.0432940793188,234,lstm_corr_top1_era5_rand1,f4,2
2024-10-01,558.3348171034147,234,lstm_corr_top1_era5_rand1,f4,2
2024-11-01,260.34590409692817,234,lstm_corr_top1_era5_rand1,f4,2
2024-12-01,299.1921414587576,234,lstm_corr_top1_era5_rand1,f4,2
2025-01-01,362.35551987401453,234,lstm_corr_top1_era5_rand1,f4,2
2025-02-01,387.8529356130021,234,lstm_corr_top1_era5_rand1,f4,2
2025-03-01,370.5346383436922,234,lstm_corr_top1_era5_rand1,f4,2
2023-11-01,364.8003409614159,234,lstm_corr_top1_rand2,f4,2
2023-12-01,275.1481870162197,234,lstm_corr_top1_rand2,f4,2
2024-01-01,356.30938943355244,234,lstm_corr_top1_rand2,f4,2
2024-02-01,381.81513481479726,234,lstm_corr_top1_rand2,f4,2
2024-03-01,237.42429123025596,234,lstm_corr_top1_rand2,f4,2
2024-04-01,302.77077378738363,234,lstm_corr_top1_rand2,f4,2
2024-05-01,233.65076790163297,234,lstm_corr_top1_rand2,f4,2
2024-06-01,296.56999502750836,234,lstm_corr_top1_rand2,f4,2
2024-07-01,216.54962364072006,234,lstm_corr_top1_rand2,f4,2
2024-08-01,379.7311430389187,234,lstm_corr_top1_rand2,f4,2
2024-09-01,437.5742164334232,234,lstm_corr_top1_rand2,f4,2
2024-10-01,619.3197782634394,234,lstm_corr_top1_rand2,f4,2
2024-11-01,296.0341730010859,234,lstm_corr_top1_rand2,f4,2
2024-12-01,292.7357000914102,234,lstm_corr_top1_rand2,f4,2
2025-01-01,372.38855882842955,234,lstm_corr_top1_rand2,f4,2
2025-02-01,415.6478029397079,234,lstm_corr_top1_rand2,f4,2
2025-03-01,404.0786716150864,234,lstm_corr_top1_rand2,f4,2
2023-11-01,358.7049186735573,234,lstm_corr_top1_era5_rand2,f4,2
2023-12-01,285.42608857658445,234,lstm_corr_top1_era5_rand2,f4,2
2024-01-01,366.55285457480375,234,lstm_corr_top1_era5_rand2,f4,2
2024-02-01,386.02509478228546,234,lstm_corr_top1_era5_rand2,f4,2
2024-03-01,230.32935774717365,234,lstm_corr_top1_era5_rand2,f4,2
2024-04-01,307.84716580869514,234,lstm_corr_top1_era5_rand2,f4,2
2024-05-01,231.876783877332,234,lstm_corr_top1_era5_rand2,f4,2
2024-06-01,275.78476306748496,234,lstm_corr_top1_era5_rand2,f4,2
2024-07-01,223.25151537111586,234,lstm_corr_top1_era5_rand2,f4,2
2024-08-01,404.8053008670613,234,lstm_corr_top1_era5_rand2,f4,2
2024-09-01,416.05499412746684,234,lstm_corr_top1_era5_rand2,f4,2
2024-10-01,535.2044850500243,234,lstm_corr_top1_era5_rand2,f4,2
2024-11-01,252.0501283512264,234,lstm_corr_top1_era5_rand2,f4,2
2024-12-01,297.0468409296793,234,lstm_corr_top1_era5_rand2,f4,2
2025-01-01,362.1871994932881,234,lstm_corr_top1_era5_rand2,f4,2
2025-02-01,381.87071897633723,234,lstm_corr_top1_era5_rand2,f4,2
2025-03-01,374.1462814761526,234,lstm_corr_top1_era5_rand2,f4,2
2023-11-01,363.72233982581025,234,lstm_corr_top1_rand3,f4,2
2023-12-01,273.851204819078,234,lstm_corr_top1_rand3,f4,2
2024-01-01,357.6745290109187,234,lstm_corr_top1_rand3,f4,2
2024-02-01,379.2467741959314,234,lstm_corr_top1_rand3,f4,2
2024-03-01,234.9722425786016,234,lstm_corr_top1_rand3,f4,2
2024-04-01,298.38755940425847,234,lstm_corr_top1_rand3,f4,2
2024-05-01,230.89611337277827,234,lstm_corr_top1_rand3,f4,2
2024-06-01,296.08035889162363,234,lstm_corr_top1_rand3,f4,2
2024-07-01,216.35196332048875,234,lstm_corr_top1_rand3,f4,2
2024-08-01,375.73322851438496,234,lstm_corr_top1_rand3,f4,2
2024-09-01,433.3964307812978,234,lstm_corr_top1_rand3,f4,2
2024-10-01,613.8762494597167,234,lstm_corr_top1_rand3,f4,2
2024-11-01,291.415776271196,234,lstm_corr_top1_rand3,f4,2
2024-12-01,288.85452217542723,234,lstm_corr_top1_rand3,f4,2
2025-01-01,369.1713845511439,234,lstm_corr_top1_rand3,f4,2
2025-02-01,411.68154187401876,234,lstm_corr_top1_rand3,f4,2
2025-03-01,404.6020727028309,234,lstm_corr_top1_rand3,f4,2
2023-11-01,361.870966368633,234,lstm_corr_top1_era5_rand3,f4,2
2023-12-01,281.4105889163736,234,lstm_corr_top1_era5_rand3,f4,2
2024-01-01,370.3447933098288,234,lstm_corr_top1_era5_rand3,f4,2
2024-02-01,389.52927582308905,234,lstm_corr_top1_era5_rand3,f4,2
2024-03-01,231.94909325763837,234,lstm_corr_top1_era5_rand3,f4,2
2024-04-01,304.55810282815185,234,lstm_corr_top1_era5_rand3,f4,2
2024-05-01,236.06731384861192,234,lstm_corr_top1_era5_rand3,f4,2
2024-06-01,280.1712132371246,234,lstm_corr_top1_era5_rand3,f4,2
2024-07-01,224.5432222373734,234,lstm_corr_top1_era5_rand3,f4,2
2024-08-01,407.87346600239533,234,lstm_corr_top1_era5_rand3,f4,2
2024-09-01,411.37136195326354,234,lstm_corr_top1_era5_rand3,f4,2
2024-10-01,552.6599586972532,234,lstm_corr_top1_era5_rand3,f4,2
2024-11-01,267.2968455198452,234,lstm_corr_top1_era5_rand3,f4,2
2024-12-01,304.58460640463926,234,lstm_corr_top1_era5_rand3,f4,2
2025-01-01,367.87631727168053,234,lstm_corr_top1_era5_rand3,f4,2
2025-02-01,387.6208387201942,234,lstm_corr_top1_era5_rand3,f4,2
2025-03-01,379.1909577281267,234,lstm_corr_top1_era5_rand3,f4,2
2023-11-01,368.4968871347504,234,lstm_corr_top1_rand4,f4,2
2023-12-01,274.1114179023511,234,lstm_corr_top1_rand4,f4,2
2024-01-01,356.2234638754099,234,lstm_corr_top1_rand4,f4,2
2024-02-01,386.6586217311714,234,lstm_corr_top1_rand4,f4,2
2024-03-01,238.14282081918765,234,lstm_corr_top1_rand4,f4,2
2024-04-01,304.7205156288285,234,lstm_corr_top1_rand4,f4,2
2024-05-01,238.27493215553392,234,lstm_corr_top1_rand4,f4,2
2024-06-01,296.27143771272296,234,lstm_corr_top1_rand4,f4,2
2024-07-01,218.14536617412193,234,lstm_corr_top1_rand4,f4,2
2024-08-01,379.54550208943357,234,lstm_corr_top1_rand4,f4,2
2024-09-01,441.50055174712224,234,lstm_corr_top1_rand4,f4,2
2024-10-01,625.7320155567985,234,lstm_corr_top1_rand4,f4,2
2024-11-01,300.35661580422607,234,lstm_corr_top1_rand4,f4,2
2024-12-01,294.78689055545277,234,lstm_corr_top1_rand4,f4,2
2025-01-01,378.9074224010076,234,lstm_corr_top1_rand4,f4,2
2025-02-01,420.41275525017494,234,lstm_corr_top1_rand4,f4,2
2025-03-01,406.6191824503228,234,lstm_corr_top1_rand4,f4,2
2023-11-01,364.8886770009822,234,lstm_corr_top1_era5_rand4,f4,2
2023-12-01,291.0466987496568,234,lstm_corr_top1_era5_rand4,f4,2
2024-01-01,373.87821982815666,234,lstm_corr_top1_era5_rand4,f4,2
2024-02-01,390.79948199159776,234,lstm_corr_top1_era5_rand4,f4,2
2024-03-01,230.80973980676188,234,lstm_corr_top1_era5_rand4,f4,2
2024-04-01,311.12356086852697,234,lstm_corr_top1_era5_rand4,f4,2
2024-05-01,232.75736214051676,234,lstm_corr_top1_era5_rand4,f4,2
2024-06-01,276.44840397988537,234,lstm_corr_top1_era5_rand4,f4,2
2024-07-01,224.23475663802333,234,lstm_corr_top1_era5_rand4,f4,2
2024-08-01,403.0767402318704,234,lstm_corr_top1_era5_rand4,f4,2
2024-09-01,413.04380831182056,234,lstm_corr_top1_era5_rand4,f4,2
2024-10-01,544.6990710063911,234,lstm_corr_top1_era5_rand4,f4,2
2024-11-01,255.31294352721622,234,lstm_corr_top1_era5_rand4,f4,2
2024-12-01,295.0207912947868,234,lstm_corr_top1_era5_rand4,f4,2
2025-01-01,361.5947145820893,234,lstm_corr_top1_era5_rand4,f4,2
2025-02-01,379.40867606023824,234,lstm_corr_top1_era5_rand4,f4,2
2025-03-01,373.26865659299676,234,lstm_corr_top1_era5_rand4,f4,2
2023-11-01,363.6009263358881,234,lstm_corr_top1_rand5,f4,2
2023-12-01,274.48014545378686,234,lstm_corr_top1_rand5,f4,2
2024-01-01,357.2536100890814,234,lstm_corr_top1_rand5,f4,2
2024-02-01,380.3376846694038,234,lstm_corr_top1_rand5,f4,2
2024-03-01,237.64700539463934,234,lstm_corr_top1_rand5,f4,2
2024-04-01,301.29633901319954,234,lstm_corr_top1_rand5,f4,2
2024-05-01,234.20912396333338,234,lstm_corr_top1_rand5,f4,2
2024-06-01,297.38061769314913,234,lstm_corr_top1_rand5,f4,2
2024-07-01,215.41978355265724,234,lstm_corr_top1_rand5,f4,2
2024-08-01,375.80093067990776,234,lstm_corr_top1_rand5,f4,2
2024-09-01,437.8455947400387,234,lstm_corr_top1_rand5,f4,2
2024-10-01,615.6391124821812,234,lstm_corr_top1_rand5,f4,2
2024-11-01,291.4023956879574,234,lstm_corr_top1_rand5,f4,2
2024-12-01,290.6253740404802,234,lstm_corr_top1_rand5,f4,2
2025-01-01,372.8187373121443,234,lstm_corr_top1_rand5,f4,2
2025-02-01,417.54332108350593,234,lstm_corr_top1_rand5,f4,2
2025-03-01,403.54303430847534,234,lstm_corr_top1_rand5,f4,2
2023-11-01,359.4213740603051,234,lstm_corr_top1_era5_rand5,f4,2
2023-12-01,284.8640947452579,234,lstm_corr_top1_era5_rand5,f4,2
2024-01-01,354.1436252081616,234,lstm_corr_top1_era5_rand5,f4,2
2024-02-01,387.1856928927246,234,lstm_corr_top1_era5_rand5,f4,2
2024-03-01,229.23868203900818,234,lstm_corr_top1_era5_rand5,f4,2
2024-04-01,309.9668241538826,234,lstm_corr_top1_era5_rand5,f4,2
2024-05-01,226.7060078084811,234,lstm_corr_top1_era5_rand5,f4,2
2024-06-01,274.4910270521459,234,lstm_corr_top1_era5_rand5,f4,2
2024-07-01,218.10616464039123,234,lstm_corr_top1_era5_rand5,f4,2
2024-08-01,401.5228857500894,234,lstm_corr_top1_era5_rand5,f4,2
2024-09-01,410.25972662577,234,lstm_corr_top1_era5_rand5,f4,2
2024-10-01,534.9328090169571,234,lstm_corr_top1_era5_rand5,f4,2
2024-11-01,255.10204478676022,234,lstm_corr_top1_era5_rand5,f4,2
2024-12-01,293.28261991397795,234,lstm_corr_top1_era5_rand5,f4,2
2025-01-01,356.0225151864207,234,lstm_corr_top1_era5_rand5,f4,2
2025-02-01,386.48936401555346,234,lstm_corr_top1_era5_rand5,f4,2
2025-03-01,372.966241785952,234,lstm_corr_top1_era5_rand5,f4,2
2023-11-01,363.2500509201894,234,lstm_corr_top1_rand6,f4,2
2023-12-01,273.78264456911666,234,lstm_corr_top1_rand6,f4,2
2024-01-01,355.3829932478562,234,lstm_corr_top1_rand6,f4,2
2024-02-01,378.9466462526189,234,lstm_corr_top1_rand6,f4,2
2024-03-01,234.69413073232883,234,lstm_corr_top1_rand6,f4,2
2024-04-01,297.9035732105418,234,lstm_corr_top1_rand6,f4,2
2024-05-01,231.5767753412384,234,lstm_corr_top1_rand6,f4,2
2024-06-01,298.0135307257152,234,lstm_corr_top1_rand6,f4,2
2024-07-01,218.0685070211638,234,lstm_corr_top1_rand6,f4,2
2024-08-01,373.896054520346,234,lstm_corr_top1_rand6,f4,2
2024-09-01,431.7860535258593,234,lstm_corr_top1_rand6,f4,2
2024-10-01,612.1922036196,234,lstm_corr_top1_rand6,f4,2
2024-11-01,291.1262671515135,234,lstm_corr_top1_rand6,f4,2
2024-12-01,288.41489332060496,234,lstm_corr_top1_rand6,f4,2
2025-01-01,368.74489142621064,234,lstm_corr_top1_rand6,f4,2
2025-02-01,412.992921171241,234,lstm_corr_top1_rand6,f4,2
2025-03-01,402.9744688818671,234,lstm_corr_top1_rand6,f4,2
2023-11-01,359.83719023058126,234,lstm_corr_top1_era5_rand6,f4,2
2023-12-01,285.7639576922646,234,lstm_corr_top1_era5_rand6,f4,2
2024-01-01,363.4983075123333,234,lstm_corr_top1_era5_rand6,f4,2
2024-02-01,382.80727663831334,234,lstm_corr_top1_era5_rand6,f4,2
2024-03-01,227.51183008305432,234,lstm_corr_top1_era5_rand6,f4,2
2024-04-01,303.3377392441219,234,lstm_corr_top1_era5_rand6,f4,2
2024-05-01,232.42172243886,234,lstm_corr_top1_era5_rand6,f4,2
2024-06-01,280.59135428033494,234,lstm_corr_top1_era5_rand6,f4,2
2024-07-01,222.87570917244173,234,lstm_corr_top1_era5_rand6,f4,2
2024-08-01,403.7947771288852,234,lstm_corr_top1_era5_rand6,f4,2
2024-09-01,416.7792442210449,234,lstm_corr_top1_era5_rand6,f4,2
2024-10-01,553.81024219564,234,lstm_corr_top1_era5_rand6,f4,2
2024-11-01,257.4635845720583,234,lstm_corr_top1_era5_rand6,f4,2
2024-12-01,300.8360735604484,234,lstm_corr_top1_era5_rand6,f4,2
2025-01-01,362.60619498109764,234,lstm_corr_top1_era5_rand6,f4,2
2025-02-01,378.40526099878394,234,lstm_corr_top1_era5_rand6,f4,2
2025-03-01,377.5875591442355,234,lstm_corr_top1_era5_rand6,f4,2
2023-11-01,363.7048936586467,234,lstm_corr_top1_rand7,f4,2
2023-12-01,271.9568534907698,234,lstm_corr_top1_rand7,f4,2
2024-01-01,356.5626992870852,234,lstm_corr_top1_rand7,f4,2
2024-02-01,379.7058863917682,234,lstm_corr_top1_rand7,f4,2
2024-03-01,235.00406438864184,234,lstm_corr_top1_rand7,f4,2
2024-04-01,299.2427853661895,234,lstm_corr_top1_rand7,f4,2
2024-05-01,233.80631156262416,234,lstm_corr_top1_rand7,f4,2
2024-06-01,296.9018240323803,234,lstm_corr_top1_rand7,f4,2
2024-07-01,215.68103129987298,234,lstm_corr_top1_rand7,f4,2
2024-08-01,375.7328409931178,234,lstm_corr_top1_rand7,f4,2
2024-09-01,435.83439601262523,234,lstm_corr_top1_rand7,f4,2
2024-10-01,615.0729024714287,234,lstm_corr_top1_rand7,f4,2
2024-11-01,291.0972482462622,234,lstm_corr_top1_rand7,f4,2
2024-12-01,289.44666805387277,234,lstm_corr_top1_rand7,f4,2
2025-01-01,371.2093572301026,234,lstm_corr_top1_rand7,f4,2
2025-02-01,415.03366243374603,234,lstm_corr_top1_rand7,f4,2
2025-03-01,402.21433989246617,234,lstm_corr_top1_rand7,f4,2
2023-11-01,357.2504008644446,234,lstm_corr_top1_era5_rand7,f4,2
2023-12-01,283.80373564984615,234,lstm_corr_top1_era5_rand7,f4,2
2024-01-01,365.4541933384579,234,lstm_corr_top1_era5_rand7,f4,2
2024-02-01,387.6526109197362,234,lstm_corr_top1_era5_rand7,f4,2
2024-03-01,232.5390421724911,234,lstm_corr_top1_era5_rand7,f4,2
2024-04-01,303.987894745316,234,lstm_corr_top1_era5_rand7,f4,2
2024-05-01,232.37262606029452,234,lstm_corr_top1_era5_rand7,f4,2
2024-06-01,276.9034067139618,234,lstm_corr_top1_era5_rand7,f4,2
2024-07-01,222.99347164807418,234,lstm_corr_top1_era5_rand7,f4,2
2024-08-01,406.4144443428718,234,lstm_corr_top1_era5_rand7,f4,2
2024-09-01,418.05925170695934,234,lstm_corr_top1_era5_rand7,f4,2
2024-10-01,543.2376986791356,234,lstm_corr_top1_era5_rand7,f4,2
2024-11-01,259.28904761178075,234,lstm_corr_top1_era5_rand7,f4,2
2024-12-01,302.5342817866172,234,lstm_corr_top1_era5_rand7,f4,2
2025-01-01,362.2585434999859,234,lstm_corr_top1_era5_rand7,f4,2
2025-02-01,386.46784123354087,234,lstm_corr_top1_era5_rand7,f4,2
2025-03-01,376.8877862127234,234,lstm_corr_top1_era5_rand7,f4,2
2023-11-01,364.5229412653156,234,lstm_corr_top1_rand8,f4,2
2023-12-01,273.4967017337298,234,lstm_corr_top1_rand8,f4,2
2024-01-01,358.1558195707583,234,lstm_corr_top1_rand8,f4,2
2024-02-01,384.7976758108907,234,lstm_corr_top1_rand8,f4,2
2024-03-01,236.79761810484698,234,lstm_corr_top1_rand8,f4,2
2024-04-01,301.675747742202,234,lstm_corr_top1_rand8,f4,2
2024-05-01,233.7787691442852,234,lstm_corr_top1_rand8,f4,2
2024-06-01,302.08764833861795,234,lstm_corr_top1_rand8,f4,2
2024-07-01,218.08272323525213,234,lstm_corr_top1_rand8,f4,2
2024-08-01,378.64299764653157,234,lstm_corr_top1_rand8,f4,2
2024-09-01,436.7361304118473,234,lstm_corr_top1_rand8,f4,2
2024-10-01,618.9756337506659,234,lstm_corr_top1_rand8,f4,2
2024-11-01,291.19940077306205,234,lstm_corr_top1_rand8,f4,2
2024-12-01,288.56257303344796,234,lstm_corr_top1_rand8,f4,2
2025-01-01,375.0824306570862,234,lstm_corr_top1_rand8,f4,2
2025-02-01,414.531588275839,234,lstm_corr_top1_rand8,f4,2
2025-03-01,402.23811758508526,234,lstm_corr_top1_rand8,f4,2
2023-11-01,361.31870745817713,234,lstm_corr_top1_era5_rand8,f4,2
2023-12-01,280.13350798345954,234,lstm_corr_top1_era5_rand8,f4,2
2024-01-01,356.7141719784075,234,lstm_corr_top1_era5_rand8,f4,2
2024-02-01,374.2367185454994,234,lstm_corr_top1_era5_rand8,f4,2
2024-03-01,223.6131633535808,234,lstm_corr_top1_era5_rand8,f4,2
2024-04-01,301.6248626463704,234,lstm_corr_top1_era5_rand8,f4,2
2024-05-01,220.32533090376216,234,lstm_corr_top1_era5_rand8,f4,2
2024-06-01,269.5870902541487,234,lstm_corr_top1_era5_rand8,f4,2
2024-07-01,215.11084363584573,234,lstm_corr_top1_era5_rand8,f4,2
2024-08-01,396.96386423174704,234,lstm_corr_top1_era5_rand8,f4,2
2024-09-01,414.39513903613306,234,lstm_corr_top1_era5_rand8,f4,2
2024-10-01,552.956095774492,234,lstm_corr_top1_era5_rand8,f4,2
2024-11-01,255.276947076258,234,lstm_corr_top1_era5_rand8,f4,2
2024-12-01,294.2792895031179,234,lstm_corr_top1_era5_rand8,f4,2
2025-01-01,361.3557352318443,234,lstm_corr_top1_era5_rand8,f4,2
2025-02-01,387.43239390864034,234,lstm_corr_top1_era5_rand8,f4,2
2025-03-01,372.4470260559759,234,lstm_corr_top1_era5_rand8,f4,2
2023-11-01,366.9979346945927,234,lstm_corr_top1_rand9,f4,2
2023-12-01,274.8597789499792,234,lstm_corr_top1_rand9,f4,2
2024-01-01,358.7661158705657,234,lstm_corr_top1_rand9,f4,2
2024-02-01,383.1158084927819,234,lstm_corr_top1_rand9,f4,2
2024-03-01,236.90924711556593,234,lstm_corr_top1_rand9,f4,2
2024-04-01,301.3039373714915,234,lstm_corr_top1_rand9,f4,2
2024-05-01,233.34586941612082,234,lstm_corr_top1_rand9,f4,2
2024-06-01,294.65273407236003,234,lstm_corr_top1_rand9,f4,2
2024-07-01,215.6458817837597,234,lstm_corr_top1_rand9,f4,2
2024-08-01,377.90589149510674,234,lstm_corr_top1_rand9,f4,2
2024-09-01,439.8409037512652,234,lstm_corr_top1_rand9,f4,2
2024-10-01,618.8589602097311,234,lstm_corr_top1_rand9,f4,2
2024-11-01,295.4914531781318,234,lstm_corr_top1_rand9,f4,2
2024-12-01,294.7116425648412,234,lstm_corr_top1_rand9,f4,2
2025-01-01,376.75955453715056,234,lstm_corr_top1_rand9,f4,2
2025-02-01,418.8896020735927,234,lstm_corr_top1_rand9,f4,2
2025-03-01,403.0101384352072,234,lstm_corr_top1_rand9,f4,2
2023-11-01,354.1731092738305,234,lstm_corr_top1_era5_rand9,f4,2
2023-12-01,279.32840286595996,234,lstm_corr_top1_era5_rand9,f4,2
2024-01-01,360.60647497280905,234,lstm_corr_top1_era5_rand9,f4,2
2024-02-01,378.5542850517262,234,lstm_corr_top1_era5_rand9,f4,2
2024-03-01,223.2069362560668,234,lstm_corr_top1_era5_rand9,f4,2
2024-04-01,297.47202651462214,234,lstm_corr_top1_era5_rand9,f4,2
2024-05-01,222.46956307266666,234,lstm_corr_top1_era5_rand9,f4,2
2024-06-01,267.7885113820537,234,lstm_corr_top1_era5_rand9,f4,2
2024-07-01,220.08824337658723,234,lstm_corr_top1_era5_rand9,f4,2
2024-08-01,401.1064863152178,234,lstm_corr_top1_era5_rand9,f4,2
2024-09-01,418.3381186490905,234,lstm_corr_top1_era5_rand9,f4,2
2024-10-01,552.2915613055737,234,lstm_corr_top1_era5_rand9,f4,2
2024-11-01,256.2414926852808,234,lstm_corr_top1_era5_rand9,f4,2
2024-12-01,302.4116545113995,234,lstm_corr_top1_era5_rand9,f4,2
2025-01-01,360.5013331522812,234,lstm_corr_top1_era5_rand9,f4,2
2025-02-01,383.5301058306254,234,lstm_corr_top1_era5_rand9,f4,2
2025-03-01,378.0900655777604,234,lstm_corr_top1_era5_rand9,f4,2
2023-11-01,364.5841178175658,234,lstm_corr_top1_rand10,f4,2
2023-12-01,274.84856623888015,234,lstm_corr_top1_rand10,f4,2
2024-01-01,354.31961616542407,234,lstm_corr_top1_rand10,f4,2
2024-02-01,380.73745261708626,234,lstm_corr_top1_rand10,f4,2
2024-03-01,236.75383348308748,234,lstm_corr_top1_rand10,f4,2
2024-04-01,303.7972828665898,234,lstm_corr_top1_rand10,f4,2
2024-05-01,234.65475739606882,234,lstm_corr_top1_rand10,f4,2
2024-06-01,295.81791204295405,234,lstm_corr_top1_rand10,f4,2
2024-07-01,213.74862577563331,234,lstm_corr_top1_rand10,f4,2
2024-08-01,375.44674908995285,234,lstm_corr_top1_rand10,f4,2
2024-09-01,438.4822792730903,234,lstm_corr_top1_rand10,f4,2
2024-10-01,620.4262047617001,234,lstm_corr_top1_rand10,f4,2
2024-11-01,298.1849342022035,234,lstm_corr_top1_rand10,f4,2
2024-12-01,294.96413059362305,234,lstm_corr_top1_rand10,f4,2
2025-01-01,370.154193474944,234,lstm_corr_top1_rand10,f4,2
2025-02-01,418.05751078867956,234,lstm_corr_top1_rand10,f4,2
2025-03-01,402.8656002194228,234,lstm_corr_top1_rand10,f4,2
2023-11-01,362.32478562261076,234,lstm_corr_top1_era5_rand10,f4,2
2023-12-01,281.28471682417705,234,lstm_corr_top1_era5_rand10,f4,2
2024-01-01,360.0105626340535,234,lstm_corr_top1_era5_rand10,f4,2
2024-02-01,389.27593679396364,234,lstm_corr_top1_era5_rand10,f4,2
2024-03-01,232.3783130014644,234,lstm_corr_top1_era5_rand10,f4,2
2024-04-01,303.2864787402993,234,lstm_corr_top1_era5_rand10,f4,2
2024-05-01,230.59133701416192,234,lstm_corr_top1_era5_rand10,f4,2
2024-06-01,281.98088260576276,234,lstm_corr_top1_era5_rand10,f4,2
2024-07-01,222.37725688720573,234,lstm_corr_top1_era5_rand10,f4,2
2024-08-01,405.39246805093734,234,lstm_corr_top1_era5_rand10,f4,2
2024-09-01,418.2615722219055,234,lstm_corr_top1_era5_rand10,f4,2
2024-10-01,550.5941409245603,234,lstm_corr_top1_era5_rand10,f4,2
2024-11-01,265.3577568717519,234,lstm_corr_top1_era5_rand10,f4,2
2024-12-01,299.31741789113227,234,lstm_corr_top1_era5_rand10,f4,2
2025-01-01,360.0299691194074,234,lstm_corr_top1_era5_rand10,f4,2
2025-02-01,382.7824960989861,234,lstm_corr_top1_era5_rand10,f4,2
2025-03-01,373.7127475330961,234,lstm_corr_top1_era5_rand10,f4,2
2023-11-01,361.1705368756251,234,lstm_corr_top1_rand11,f4,2
2023-12-01,274.0425091489446,234,lstm_corr_top1_rand11,f4,2
2024-01-01,357.60420690453304,234,lstm_corr_top1_rand11,f4,2
2024-02-01,379.56825179732107,234,lstm_corr_top1_rand11,f4,2
2024-03-01,236.87445097292098,234,lstm_corr_top1_rand11,f4,2
2024-04-01,300.59160719983305,234,lstm_corr_top1_rand11,f4,2
2024-05-01,235.7629061075796,234,lstm_corr_top1_rand11,f4,2
2024-06-01,298.86371130375977,234,lstm_corr_top1_rand11,f4,2
2024-07-01,216.27095594169617,234,lstm_corr_top1_rand11,f4,2
2024-08-01,377.292947531881,234,lstm_corr_top1_rand11,f4,2
2024-09-01,437.8489598619233,234,lstm_corr_top1_rand11,f4,2
2024-10-01,616.8826910484609,234,lstm_corr_top1_rand11,f4,2
2024-11-01,292.2278349456114,234,lstm_corr_top1_rand11,f4,2
2024-12-01,291.2497153865944,234,lstm_corr_top1_rand11,f4,2
2025-01-01,374.3624692361412,234,lstm_corr_top1_rand11,f4,2
2025-02-01,417.22910520892134,234,lstm_corr_top1_rand11,f4,2
2025-03-01,404.3123548584665,234,lstm_corr_top1_rand11,f4,2
2023-11-01,355.97688300486766,234,lstm_corr_top1_era5_rand11,f4,2
2023-12-01,285.1000190215953,234,lstm_corr_top1_era5_rand11,f4,2
2024-01-01,357.68104070625503,234,lstm_corr_top1_era5_rand11,f4,2
2024-02-01,386.9057750814697,234,lstm_corr_top1_era5_rand11,f4,2
2024-03-01,228.6840005016575,234,lstm_corr_top1_era5_rand11,f4,2
2024-04-01,299.143018080543,234,lstm_corr_top1_era5_rand11,f4,2
2024-05-01,224.90596510647023,234,lstm_corr_top1_era5_rand11,f4,2
2024-06-01,276.73488055808434,234,lstm_corr_top1_era5_rand11,f4,2
2024-07-01,219.98378391673222,234,lstm_corr_top1_era5_rand11,f4,2
2024-08-01,404.7633995350314,234,lstm_corr_top1_era5_rand11,f4,2
2024-09-01,418.2330300690929,234,lstm_corr_top1_era5_rand11,f4,2
2024-10-01,544.419780080448,234,lstm_corr_top1_era5_rand11,f4,2
2024-11-01,263.8215123196181,234,lstm_corr_top1_era5_rand11,f4,2
2024-12-01,301.89248796646314,234,lstm_corr_top1_era5_rand11,f4,2
2025-01-01,362.53076806072795,234,lstm_corr_top1_era5_rand11,f4,2
2025-02-01,385.87008309564317,234,lstm_corr_top1_era5_rand11,f4,2
2025-03-01,372.9854034406869,234,lstm_corr_top1_era5_rand11,f4,2
2023-11-01,365.50487717187485,234,lstm_corr_top1_rand12,f4,2
2023-12-01,272.78274836283197,234,lstm_corr_top1_rand12,f4,2
2024-01-01,359.9259189524101,234,lstm_corr_top1_rand12,f4,2
2024-02-01,380.66640242314753,234,lstm_corr_top1_rand12,f4,2
2024-03-01,235.804962714673,234,lstm_corr_top1_rand12,f4,2
2024-04-01,300.57528980555185,234,lstm_corr_top1_rand12,f4,2
2024-05-01,231.4740144607111,234,lstm_corr_top1_rand12,f4,2
2024-06-01,293.5338017819399,234,lstm_corr_top1_rand12,f4,2
2024-07-01,215.85782959955557,234,lstm_corr_top1_rand12,f4,2
2024-08-01,375.63140811493724,234,lstm_corr_top1_rand12,f4,2
2024-09-01,435.61462077184734,234,lstm_corr_top1_rand12,f4,2
2024-10-01,614.4020336251917,234,lstm_corr_top1_rand12,f4,2
2024-11-01,290.68792314027814,234,lstm_corr_top1_rand12,f4,2
2024-12-01,290.41365034329715,234,lstm_corr_top1_rand12,f4,2
2025-01-01,372.12347384283925,234,lstm_corr_top1_rand12,f4,2
2025-02-01,424.20995339716666,234,lstm_corr_top1_rand12,f4,2
2025-03-01,408.38881865753996,234,lstm_corr_top1_rand12,f4,2
2023-11-01,351.69801121398183,234,lstm_corr_top1_era5_rand12,f4,2
2023-12-01,281.9012268216534,234,lstm_corr_top1_era5_rand12,f4,2
2024-01-01,361.6801451007938,234,lstm_corr_top1_era5_rand12,f4,2
2024-02-01,385.5736717894393,234,lstm_corr_top1_era5_rand12,f4,2
2024-03-01,230.66088900350815,234,lstm_corr_top1_era5_rand12,f4,2
2024-04-01,301.18162331833855,234,lstm_corr_top1_era5_rand12,f4,2
2024-05-01,225.67906063264286,234,lstm_corr_top1_era5_rand12,f4,2
2024-06-01,275.99504653889034,234,lstm_corr_top1_era5_rand12,f4,2
2024-07-01,223.67411854784132,234,lstm_corr_top1_era5_rand12,f4,2
2024-08-01,406.02993626343726,234,lstm_corr_top1_era5_rand12,f4,2
2024-09-01,415.7674688841259,234,lstm_corr_top1_era5_rand12,f4,2
2024-10-01,551.0945779274992,234,lstm_corr_top1_era5_rand12,f4,2
2024-11-01,265.92377644414387,234,lstm_corr_top1_era5_rand12,f4,2
2024-12-01,305.91361453508915,234,lstm_corr_top1_era5_rand12,f4,2
2025-01-01,361.507805432633,234,lstm_corr_top1_era5_rand12,f4,2
2025-02-01,384.5961599772777,234,lstm_corr_top1_era5_rand12,f4,2
2025-03-01,379.130813415983,234,lstm_corr_top1_era5_rand12,f4,2
2023-11-01,365.09782695364026,234,lstm_corr_top1_rand13,f4,2
2023-12-01,274.0796176771134,234,lstm_corr_top1_rand13,f4,2
2024-01-01,356.5946330945381,234,lstm_corr_top1_rand13,f4,2
2024-02-01,380.79440922343457,234,lstm_corr_top1_rand13,f4,2
2024-03-01,235.52982036492884,234,lstm_corr_top1_rand13,f4,2
2024-04-01,302.56068839343226,234,lstm_corr_top1_rand13,f4,2
2024-05-01,235.1565742090761,234,lstm_corr_top1_rand13,f4,2
2024-06-01,295.45305891007115,234,lstm_corr_top1_rand13,f4,2
2024-07-01,215.73004843470653,234,lstm_corr_top1_rand13,f4,2
2024-08-01,375.13715320299747,234,lstm_corr_top1_rand13,f4,2
2024-09-01,436.8986122254823,234,lstm_corr_top1_rand13,f4,2
2024-10-01,615.9263595911044,234,lstm_corr_top1_rand13,f4,2
2024-11-01,291.924438731094,234,lstm_corr_top1_rand13,f4,2
2024-12-01,291.9463062393791,234,lstm_corr_top1_rand13,f4,2
2025-01-01,373.40571974737327,234,lstm_corr_top1_rand13,f4,2
2025-02-01,416.53538052656006,234,lstm_corr_top1_rand13,f4,2
2025-03-01,403.70460554908885,234,lstm_corr_top1_rand13,f4,2
2023-11-01,356.7503502432358,234,lstm_corr_top1_era5_rand13,f4,2
2023-12-01,283.34187065808175,234,lstm_corr_top1_era5_rand13,f4,2
2024-01-01,367.1269586491536,234,lstm_corr_top1_era5_rand13,f4,2
2024-02-01,393.70369073904715,234,lstm_corr_top1_era5_rand13,f4,2
2024-03-01,234.22920890497548,234,lstm_corr_top1_era5_rand13,f4,2
2024-04-01,303.90690383758454,234,lstm_corr_top1_era5_rand13,f4,2
2024-05-01,233.63224397801753,234,lstm_corr_top1_era5_rand13,f4,2
2024-06-01,283.04956815811494,234,lstm_corr_top1_era5_rand13,f4,2
2024-07-01,223.84296888735844,234,lstm_corr_top1_era5_rand13,f4,2
2024-08-01,403.16321109576506,234,lstm_corr_top1_era5_rand13,f4,2
2024-09-01,422.9886231244522,234,lstm_corr_top1_era5_rand13,f4,2
2024-10-01,550.9854031536973,234,lstm_corr_top1_era5_rand13,f4,2
2024-11-01,257.535782926568,234,lstm_corr_top1_era5_rand13,f4,2
2024-12-01,295.2948811499573,234,lstm_corr_top1_era5_rand13,f4,2
2025-01-01,359.7858374829119,234,lstm_corr_top1_era5_rand13,f4,2
2025-02-01,380.5732538039357,234,lstm_corr_top1_era5_rand13,f4,2
2025-03-01,369.6847349695649,234,lstm_corr_top1_era5_rand13,f4,2
2023-11-01,361.76714031920136,234,lstm_corr_top1_rand14,f4,2
2023-12-01,274.7658702802998,234,lstm_corr_top1_rand14,f4,2
2024-01-01,357.941778250276,234,lstm_corr_top1_rand14,f4,2
2024-02-01,381.63606278183966,234,lstm_corr_top1_rand14,f4,2
2024-03-01,236.00226344047965,234,lstm_corr_top1_rand14,f4,2
2024-04-01,299.58372631813995,234,lstm_corr_top1_rand14,f4,2
2024-05-01,231.9244445676458,234,lstm_corr_top1_rand14,f4,2
2024-06-01,299.2210651548129,234,lstm_corr_top1_rand14,f4,2
2024-07-01,214.7676176927569,234,lstm_corr_top1_rand14,f4,2
2024-08-01,377.2533389217963,234,lstm_corr_top1_rand14,f4,2
2024-09-01,435.49893489568933,234,lstm_corr_top1_rand14,f4,2
2024-10-01,616.0557989798599,234,lstm_corr_top1_rand14,f4,2
2024-11-01,290.969488938008,234,lstm_corr_top1_rand14,f4,2
2024-12-01,290.3178870767563,234,lstm_corr_top1_rand14,f4,2
2025-01-01,371.93136247845,234,lstm_corr_top1_rand14,f4,2
2025-02-01,416.00580177724413,234,lstm_corr_top1_rand14,f4,2
2025-03-01,403.39141548015215,234,lstm_corr_top1_rand14,f4,2
2023-11-01,361.6807669003196,234,lstm_corr_top1_era5_rand14,f4,2
2023-12-01,281.0649396398649,234,lstm_corr_top1_era5_rand14,f4,2
2024-01-01,359.32814226286456,234,lstm_corr_top1_era5_rand14,f4,2
2024-02-01,383.851441894285,234,lstm_corr_top1_era5_rand14,f4,2
2024-03-01,230.0483249508878,234,lstm_corr_top1_era5_rand14,f4,2
2024-04-01,304.59665968927703,234,lstm_corr_top1_era5_rand14,f4,2
2024-05-01,225.33025228712535,234,lstm_corr_top1_era5_rand14,f4,2
2024-06-01,273.14875237471387,234,lstm_corr_top1_era5_rand14,f4,2
2024-07-01,215.24156033890674,234,lstm_corr_top1_era5_rand14,f4,2
2024-08-01,400.83867773882287,234,lstm_corr_top1_era5_rand14,f4,2
2024-09-01,415.706438562985,234,lstm_corr_top1_era5_rand14,f4,2
2024-10-01,538.9976881714008,234,lstm_corr_top1_era5_rand14,f4,2
2024-11-01,248.56819550019696,234,lstm_corr_top1_era5_rand14,f4,2
2024-12-01,292.08200813652286,234,lstm_corr_top1_era5_rand14,f4,2
2025-01-01,360.5863414984568,234,lstm_corr_top1_era5_rand14,f4,2
2025-02-01,388.6008741278738,234,lstm_corr_top1_era5_rand14,f4,2
2025-03-01,370.88845871922086,234,lstm_corr_top1_era5_rand14,f4,2
2023-11-01,364.9202805926261,234,lstm_corr_top1_rand15,f4,2
2023-12-01,274.3863246691221,234,lstm_corr_top1_rand15,f4,2
2024-01-01,356.72180714233406,234,lstm_corr_top1_rand15,f4,2
2024-02-01,379.37253889564147,234,lstm_corr_top1_rand15,f4,2
2024-03-01,235.51486879055435,234,lstm_corr_top1_rand15,f4,2
2024-04-01,298.25653041261205,234,lstm_corr_top1_rand15,f4,2
2024-05-01,230.20020751269328,234,lstm_corr_top1_rand15,f4,2
2024-06-01,295.2863717654446,234,lstm_corr_top1_rand15,f4,2
2024-07-01,215.8927575418724,234,lstm_corr_top1_rand15,f4,2
2024-08-01,374.55694349288274,234,lstm_corr_top1_rand15,f4,2
2024-09-01,434.6140138594254,234,lstm_corr_top1_rand15,f4,2
2024-10-01,613.6126006532207,234,lstm_corr_top1_rand15,f4,2
2024-11-01,290.3011972795828,234,lstm_corr_top1_rand15,f4,2
2024-12-01,286.9509370756761,234,lstm_corr_top1_rand15,f4,2
2025-01-01,369.2651040708692,234,lstm_corr_top1_rand15,f4,2
2025-02-01,414.99154205423554,234,lstm_corr_top1_rand15,f4,2
2025-03-01,401.5722843552899,234,lstm_corr_top1_rand15,f4,2
2023-11-01,360.6385370242232,234,lstm_corr_top1_era5_rand15,f4,2
2023-12-01,283.5561222502148,234,lstm_corr_top1_era5_rand15,f4,2
2024-01-01,357.91113568386095,234,lstm_corr_top1_era5_rand15,f4,2
2024-02-01,384.2236779014751,234,lstm_corr_top1_era5_rand15,f4,2
2024-03-01,223.43573234272787,234,lstm_corr_top1_era5_rand15,f4,2
2024-04-01,298.6859998662015,234,lstm_corr_top1_era5_rand15,f4,2
2024-05-01,225.7833980368879,234,lstm_corr_top1_era5_rand15,f4,2
2024-06-01,275.00537524265053,234,lstm_corr_top1_era5_rand15,f4,2
2024-07-01,221.893015956829,234,lstm_corr_top1_era5_rand15,f4,2
2024-08-01,402.8240228172552,234,lstm_corr_top1_era5_rand15,f4,2
2024-09-01,418.8187773809518,234,lstm_corr_top1_era5_rand15,f4,2
2024-10-01,544.01694717021,234,lstm_corr_top1_era5_rand15,f4,2
2024-11-01,254.475304808593,234,lstm_corr_top1_era5_rand15,f4,2
2024-12-01,297.306981592613,234,lstm_corr_top1_era5_rand15,f4,2
2025-01-01,363.51435013437066,234,lstm_corr_top1_era5_rand15,f4,2
2025-02-01,379.6835705344386,234,lstm_corr_top1_era5_rand15,f4,2
2025-03-01,375.2517802693012,234,lstm_corr_top1_era5_rand15,f4,2
2023-11-01,365.4119050220605,234,lstm_corr_top1_rand16,f4,2
2023-12-01,274.6839923939804,234,lstm_corr_top1_rand16,f4,2
2024-01-01,356.4830438923291,234,lstm_corr_top1_rand16,f4,2
2024-02-01,381.74284288465833,234,lstm_corr_top1_rand16,f4,2
2024-03-01,234.77321807380565,234,lstm_corr_top1_rand16,f4,2
2024-04-01,302.78123628298493,234,lstm_corr_top1_rand16,f4,2
2024-05-01,236.88458808443912,234,lstm_corr_top1_rand16,f4,2
2024-06-01,301.9138716501741,234,lstm_corr_top1_rand16,f4,2
2024-07-01,214.6190546592904,234,lstm_corr_top1_rand16,f4,2
2024-08-01,376.39839096055954,234,lstm_corr_top1_rand16,f4,2
2024-09-01,438.7880624267078,234,lstm_corr_top1_rand16,f4,2
2024-10-01,616.5001145745475,234,lstm_corr_top1_rand16,f4,2
2024-11-01,291.3410099085187,234,lstm_corr_top1_rand16,f4,2
2024-12-01,294.91569758120363,234,lstm_corr_top1_rand16,f4,2
2025-01-01,373.36331004693443,234,lstm_corr_top1_rand16,f4,2
2025-02-01,419.12739028551573,234,lstm_corr_top1_rand16,f4,2
2025-03-01,408.09819898760014,234,lstm_corr_top1_rand16,f4,2
2023-11-01,358.47343835302553,234,lstm_corr_top1_era5_rand16,f4,2
2023-12-01,280.10818373746446,234,lstm_corr_top1_era5_rand16,f4,2
2024-01-01,364.3746055810734,234,lstm_corr_top1_era5_rand16,f4,2
2024-02-01,383.2990178512428,234,lstm_corr_top1_era5_rand16,f4,2
2024-03-01,229.8169941123253,234,lstm_corr_top1_era5_rand16,f4,2
2024-04-01,303.8834099266444,234,lstm_corr_top1_era5_rand16,f4,2
2024-05-01,225.18185847052453,234,lstm_corr_top1_era5_rand16,f4,2
2024-06-01,277.56603237807036,234,lstm_corr_top1_era5_rand16,f4,2
2024-07-01,216.41808061989627,234,lstm_corr_top1_era5_rand16,f4,2
2024-08-01,402.92328137246733,234,lstm_corr_top1_era5_rand16,f4,2
2024-09-01,418.9277949044668,234,lstm_corr_top1_era5_rand16,f4,2
2024-10-01,541.0446904182212,234,lstm_corr_top1_era5_rand16,f4,2
2024-11-01,250.82565482043876,234,lstm_corr_top1_era5_rand16,f4,2
2024-12-01,300.5476255820062,234,lstm_corr_top1_era5_rand16,f4,2
2025-01-01,363.80794431621786,234,lstm_corr_top1_era5_rand16,f4,2
2025-02-01,388.9663877859196,234,lstm_corr_top1_era5_rand16,f4,2
2025-03-01,375.47125146434985,234,lstm_corr_top1_era5_rand16,f4,2
2023-11-01,366.32588126459405,234,lstm_corr_top1_rand17,f4,2
2023-12-01,274.31356115898694,234,lstm_corr_top1_rand17,f4,2
2024-01-01,355.940215104815,234,lstm_corr_top1_rand17,f4,2
2024-02-01,379.75763776291717,234,lstm_corr_top1_rand17,f4,2
2024-03-01,235.11799682428898,234,lstm_corr_top1_rand17,f4,2
2024-04-01,301.4839319793,234,lstm_corr_top1_rand17,f4,2
2024-05-01,237.0987760704581,234,lstm_corr_top1_rand17,f4,2
2024-06-01,297.3725237998073,234,lstm_corr_top1_rand17,f4,2
2024-07-01,215.8529569297156,234,lstm_corr_top1_rand17,f4,2
2024-08-01,375.9766297161149,234,lstm_corr_top1_rand17,f4,2
2024-09-01,439.21291708482175,234,lstm_corr_top1_rand17,f4,2
2024-10-01,618.8600540165937,234,lstm_corr_top1_rand17,f4,2
2024-11-01,295.9997178700345,234,lstm_corr_top1_rand17,f4,2
2024-12-01,290.3746206854591,234,lstm_corr_top1_rand17,f4,2
2025-01-01,371.2375263838607,234,lstm_corr_top1_rand17,f4,2
2025-02-01,414.9132088860219,234,lstm_corr_top1_rand17,f4,2
2025-03-01,403.1171263480022,234,lstm_corr_top1_rand17,f4,2
2023-11-01,363.9073741384558,234,lstm_corr_top1_era5_rand17,f4,2
2023-12-01,284.6712905744047,234,lstm_corr_top1_era5_rand17,f4,2
2024-01-01,361.82060003099167,234,lstm_corr_top1_era5_rand17,f4,2
2024-02-01,377.69963528981447,234,lstm_corr_top1_era5_rand17,f4,2
2024-03-01,226.1001621303329,234,lstm_corr_top1_era5_rand17,f4,2
2024-04-01,304.8474940744507,234,lstm_corr_top1_era5_rand17,f4,2
2024-05-01,233.10300907369196,234,lstm_corr_top1_era5_rand17,f4,2
2024-06-01,275.6932847188244,234,lstm_corr_top1_era5_rand17,f4,2
2024-07-01,225.0933647426042,234,lstm_corr_top1_era5_rand17,f4,2
2024-08-01,406.1461710582948,234,lstm_corr_top1_era5_rand17,f4,2
2024-09-01,421.22134333663377,234,lstm_corr_top1_era5_rand17,f4,2
2024-10-01,557.974637805239,234,lstm_corr_top1_era5_rand17,f4,2
2024-11-01,256.2432057391627,234,lstm_corr_top1_era5_rand17,f4,2
2024-12-01,294.3526018351348,234,lstm_corr_top1_era5_rand17,f4,2
2025-01-01,363.07867514248176,234,lstm_corr_top1_era5_rand17,f4,2
2025-02-01,378.596367217912,234,lstm_corr_top1_era5_rand17,f4,2
2025-03-01,377.3909402756358,234,lstm_corr_top1_era5_rand17,f4,2
2023-11-01,364.71902646358325,234,lstm_corr_top1_rand18,f4,2
2023-12-01,272.6917034608784,234,lstm_corr_top1_rand18,f4,2
2024-01-01,355.96506254900487,234,lstm_corr_top1_rand18,f4,2
2024-02-01,379.2469600738287,234,lstm_corr_top1_rand18,f4,2
2024-03-01,234.73241820297827,234,lstm_corr_top1_rand18,f4,2
2024-04-01,300.1878793305855,234,lstm_corr_top1_rand18,f4,2
2024-05-01,233.03629663299088,234,lstm_corr_top1_rand18,f4,2
2024-06-01,298.47987469778144,234,lstm_corr_top1_rand18,f4,2
2024-07-01,216.6120032906971,234,lstm_corr_top1_rand18,f4,2
2024-08-01,376.11253392840547,234,lstm_corr_top1_rand18,f4,2
2024-09-01,437.3746997425126,234,lstm_corr_top1_rand18,f4,2
2024-10-01,615.9481219802071,234,lstm_corr_top1_rand18,f4,2
2024-11-01,288.2677207555192,234,lstm_corr_top1_rand18,f4,2
2024-12-01,290.9288417339486,234,lstm_corr_top1_rand18,f4,2
2025-01-01,372.5764295117979,234,lstm_corr_top1_rand18,f4,2
2025-02-01,415.54835484343363,234,lstm_corr_top1_rand18,f4,2
2025-03-01,402.65299350108967,234,lstm_corr_top1_rand18,f4,2
2023-11-01,355.0054557118065,234,lstm_corr_top1_era5_rand18,f4,2
2023-12-01,285.43610387508323,234,lstm_corr_top1_era5_rand18,f4,2
2024-01-01,359.9550064705919,234,lstm_corr_top1_era5_rand18,f4,2
2024-02-01,388.4681798874462,234,lstm_corr_top1_era5_rand18,f4,2
2024-03-01,227.05687269806043,234,lstm_corr_top1_era5_rand18,f4,2
2024-04-01,299.8956106396935,234,lstm_corr_top1_era5_rand18,f4,2
2024-05-01,230.47070133116304,234,lstm_corr_top1_era5_rand18,f4,2
2024-06-01,283.68062201605824,234,lstm_corr_top1_era5_rand18,f4,2
2024-07-01,223.10898830284253,234,lstm_corr_top1_era5_rand18,f4,2
2024-08-01,407.1683709334783,234,lstm_corr_top1_era5_rand18,f4,2
2024-09-01,418.4760871743113,234,lstm_corr_top1_era5_rand18,f4,2
2024-10-01,549.2054299376787,234,lstm_corr_top1_era5_rand18,f4,2
2024-11-01,254.4610504476465,234,lstm_corr_top1_era5_rand18,f4,2
2024-12-01,299.31846194613894,234,lstm_corr_top1_era5_rand18,f4,2
2025-01-01,364.48988359136547,234,lstm_corr_top1_era5_rand18,f4,2
2025-02-01,384.91002519795467,234,lstm_corr_top1_era5_rand18,f4,2
2025-03-01,376.0798339511486,234,lstm_corr_top1_era5_rand18,f4,2
2023-11-01,365.40985651622543,234,lstm_corr_top1_rand19,f4,2
2023-12-01,272.54296483369427,234,lstm_corr_top1_rand19,f4,2
2024-01-01,357.0548413369953,234,lstm_corr_top1_rand19,f4,2
2024-02-01,380.57875702885394,234,lstm_corr_top1_rand19,f4,2
2024-03-01,233.70581312458356,234,lstm_corr_top1_rand19,f4,2
2024-04-01,299.6901955820878,234,lstm_corr_top1_rand19,f4,2
2024-05-01,231.8173865301969,234,lstm_corr_top1_rand19,f4,2
2024-06-01,296.1448071347105,234,lstm_corr_top1_rand19,f4,2
2024-07-01,215.47934441095185,234,lstm_corr_top1_rand19,f4,2
2024-08-01,374.15206059663683,234,lstm_corr_top1_rand19,f4,2
2024-09-01,431.36359544740174,234,lstm_corr_top1_rand19,f4,2
2024-10-01,611.7524239410598,234,lstm_corr_top1_rand19,f4,2
2024-11-01,288.61026413933536,234,lstm_corr_top1_rand19,f4,2
2024-12-01,289.98169755044984,234,lstm_corr_top1_rand19,f4,2
2025-01-01,369.83412850311964,234,lstm_corr_top1_rand19,f4,2
2025-02-01,415.6046607338397,234,lstm_corr_top1_rand19,f4,2
2025-03-01,402.8766881948758,234,lstm_corr_top1_rand19,f4,2
2023-11-01,360.5940110006312,234,lstm_corr_top1_era5_rand19,f4,2
2023-12-01,273.72880909601764,234,lstm_corr_top1_era5_rand19,f4,2
2024-01-01,358.79461907093776,234,lstm_corr_top1_era5_rand19,f4,2
2024-02-01,381.303870422309,234,lstm_corr_top1_era5_rand19,f4,2
2024-03-01,227.57850199051148,234,lstm_corr_top1_era5_rand19,f4,2
2024-04-01,304.2408512620606,234,lstm_corr_top1_era5_rand19,f4,2
2024-05-01,230.20856207754062,234,lstm_corr_top1_era5_rand19,f4,2
2024-06-01,275.4035032630289,234,lstm_corr_top1_era5_rand19,f4,2
2024-07-01,219.42143947087837,234,lstm_corr_top1_era5_rand19,f4,2
2024-08-01,401.11815342306676,234,lstm_corr_top1_era5_rand19,f4,2
2024-09-01,416.7057305795086,234,lstm_corr_top1_era5_rand19,f4,2
2024-10-01,538.433834667487,234,lstm_corr_top1_era5_rand19,f4,2
2024-11-01,250.76504767932857,234,lstm_corr_top1_era5_rand19,f4,2
2024-12-01,294.815875291776,234,lstm_corr_top1_era5_rand19,f4,2
2025-01-01,363.44778255825645,234,lstm_corr_top1_era5_rand19,f4,2
2025-02-01,382.42016753327607,234,lstm_corr_top1_era5_rand19,f4,2
2025-03-01,374.53101620309303,234,lstm_corr_top1_era5_rand19,f4,2
2023-12-01,275.78485076310363,234,lstm_corr_top1_rand0,f4,3
2024-01-01,402.5600878095814,234,lstm_corr_top1_rand0,f4,3
2024-02-01,437.4190448568483,234,lstm_corr_top1_rand0,f4,3
2024-03-01,263.0945555963798,234,lstm_corr_top1_rand0,f4,3
2024-04-01,320.2241447191943,234,lstm_corr_top1_rand0,f4,3
2024-05-01,296.1974095546542,234,lstm_corr_top1_rand0,f4,3
2024-06-01,295.31277442757874,234,lstm_corr_top1_rand0,f4,3
2024-07-01,251.89825986241894,234,lstm_corr_top1_rand0,f4,3
2024-08-01,392.38892730002004,234,lstm_corr_top1_rand0,f4,3
2024-09-01,444.5103097130676,234,lstm_corr_top1_rand0,f4,3
2024-10-01,710.1051818883042,234,lstm_corr_top1_rand0,f4,3
2024-11-01,383.25450052860486,234,lstm_corr_top1_rand0,f4,3
2024-12-01,339.16034636800737,234,lstm_corr_top1_rand0,f4,3
2025-01-01,390.1632213344687,234,lstm_corr_top1_rand0,f4,3
2025-02-01,437.63239247796724,234,lstm_corr_top1_rand0,f4,3
2025-03-01,435.47862403185246,234,lstm_corr_top1_rand0,f4,3
2025-04-01,320.04828830307434,234,lstm_corr_top1_rand0,f4,3
2023-12-01,282.4243806420905,234,lstm_corr_top1_era5_rand0,f4,3
2024-01-01,406.9537918231904,234,lstm_corr_top1_era5_rand0,f4,3
2024-02-01,436.10594086193436,234,lstm_corr_top1_era5_rand0,f4,3
2024-03-01,259.3381638845852,234,lstm_corr_top1_era5_rand0,f4,3
2024-04-01,332.32463613387415,234,lstm_corr_top1_era5_rand0,f4,3
2024-05-01,301.718199308583,234,lstm_corr_top1_era5_rand0,f4,3
2024-06-01,300.75023130923694,234,lstm_corr_top1_era5_rand0,f4,3
2024-07-01,246.5594312054651,234,lstm_corr_top1_era5_rand0,f4,3
2024-08-01,395.6653342989131,234,lstm_corr_top1_era5_rand0,f4,3
2024-09-01,459.7612191804848,234,lstm_corr_top1_era5_rand0,f4,3
2024-10-01,695.8786447031466,234,lstm_corr_top1_era5_rand0,f4,3
2024-11-01,338.8455039580567,234,lstm_corr_top1_era5_rand0,f4,3
2024-12-01,313.2964046836207,234,lstm_corr_top1_era5_rand0,f4,3
2025-01-01,381.3791986219979,234,lstm_corr_top1_era5_rand0,f4,3
2025-02-01,415.70649861946885,234,lstm_corr_top1_era5_rand0,f4,3
2025-03-01,424.99466853748606,234,lstm_corr_top1_era5_rand0,f4,3
2025-04-01,295.57854871526814,234,lstm_corr_top1_era5_rand0,f4,3
2023-12-01,271.82164806916666,234,lstm_corr_top1_rand1,f4,3
2024-01-01,399.0612164500976,234,lstm_corr_top1_rand1,f4,3
2024-02-01,434.83391244540894,234,lstm_corr_top1_rand1,f4,3
2024-03-01,263.98068862099814,234,lstm_corr_top1_rand1,f4,3
2024-04-01,321.4433212049441,234,lstm_corr_top1_rand1,f4,3
2024-05-01,297.7952704119062,234,lstm_corr_top1_rand1,f4,3
2024-06-01,293.93760201789433,234,lstm_corr_top1_rand1,f4,3
2024-07-01,251.23750295294923,234,lstm_corr_top1_rand1,f4,3
2024-08-01,388.42701917673116,234,lstm_corr_top1_rand1,f4,3
2024-09-01,445.69476917267366,234,lstm_corr_top1_rand1,f4,3
2024-10-01,711.1304925870899,234,lstm_corr_top1_rand1,f4,3
2024-11-01,383.30623525149474,234,lstm_corr_top1_rand1,f4,3
2024-12-01,341.475360908129,234,lstm_corr_top1_rand1,f4,3
2025-01-01,393.4291525981022,234,lstm_corr_top1_rand1,f4,3
2025-02-01,446.1531314192252,234,lstm_corr_top1_rand1,f4,3
2025-03-01,442.3269619392533,234,lstm_corr_top1_rand1,f4,3
2025-04-01,325.4800999920936,234,lstm_corr_top1_rand1,f4,3
2023-12-01,289.5377555130184,234,lstm_corr_top1_era5_rand1,f4,3
2024-01-01,406.5103881361766,234,lstm_corr_top1_era5_rand1,f4,3
2024-02-01,436.41573655447576,234,lstm_corr_top1_era5_rand1,f4,3
2024-03-01,252.09037517851647,234,lstm_corr_top1_era5_rand1,f4,3
2024-04-01,323.7468648958909,234,lstm_corr_top1_era5_rand1,f4,3
2024-05-01,297.2556384107571,234,lstm_corr_top1_era5_rand1,f4,3
2024-06-01,307.08353716141346,234,lstm_corr_top1_era5_rand1,f4,3
2024-07-01,249.80122076366587,234,lstm_corr_top1_era5_rand1,f4,3
2024-08-01,396.47698361750975,234,lstm_corr_top1_era5_rand1,f4,3
2024-09-01,459.0468051152084,234,lstm_corr_top1_era5_rand1,f4,3
2024-10-01,697.0690148269291,234,lstm_corr_top1_era5_rand1,f4,3
2024-11-01,355.3350131464437,234,lstm_corr_top1_era5_rand1,f4,3
2024-12-01,320.8925756492741,234,lstm_corr_top1_era5_rand1,f4,3
2025-01-01,382.2614631040649,234,lstm_corr_top1_era5_rand1,f4,3
2025-02-01,419.7043549348781,234,lstm_corr_top1_era5_rand1,f4,3
2025-03-01,429.8419088826857,234,lstm_corr_top1_era5_rand1,f4,3
2025-04-01,298.94733223248,234,lstm_corr_top1_era5_rand1,f4,3
2023-12-01,274.4236693296965,234,lstm_corr_top1_rand2,f4,3
2024-01-01,402.13022675832303,234,lstm_corr_top1_rand2,f4,3
2024-02-01,436.7647187617358,234,lstm_corr_top1_rand2,f4,3
2024-03-01,263.8897475003186,234,lstm_corr_top1_rand2,f4,3
2024-04-01,321.01760047639823,234,lstm_corr_top1_rand2,f4,3
2024-05-01,297.78404398424834,234,lstm_corr_top1_rand2,f4,3
2024-06-01,297.58567080174095,234,lstm_corr_top1_rand2,f4,3
2024-07-01,254.39940243666487,234,lstm_corr_top1_rand2,f4,3
2024-08-01,396.16441953655635,234,lstm_corr_top1_rand2,f4,3
2024-09-01,446.6645981485369,234,lstm_corr_top1_rand2,f4,3
2024-10-01,712.1302704258818,234,lstm_corr_top1_rand2,f4,3
2024-11-01,386.40852176227116,234,lstm_corr_top1_rand2,f4,3
2024-12-01,338.7527460234193,234,lstm_corr_top1_rand2,f4,3
2025-01-01,389.7594477127538,234,lstm_corr_top1_rand2,f4,3
2025-02-01,436.1168877266174,234,lstm_corr_top1_rand2,f4,3
2025-03-01,437.3990488980944,234,lstm_corr_top1_rand2,f4,3
2025-04-01,319.3783754951423,234,lstm_corr_top1_rand2,f4,3
2023-12-01,284.2659965089324,234,lstm_corr_top1_era5_rand2,f4,3
2024-01-01,407.62675626400784,234,lstm_corr_top1_era5_rand2,f4,3
2024-02-01,438.4731453026315,234,lstm_corr_top1_era5_rand2,f4,3
2024-03-01,255.19894556143242,234,lstm_corr_top1_era5_rand2,f4,3
2024-04-01,329.09888070826975,234,lstm_corr_top1_era5_rand2,f4,3
2024-05-01,304.6340888327064,234,lstm_corr_top1_era5_rand2,f4,3
2024-06-01,307.0054228402768,234,lstm_corr_top1_era5_rand2,f4,3
2024-07-01,249.59494155273973,234,lstm_corr_top1_era5_rand2,f4,3
2024-08-01,395.6432986907783,234,lstm_corr_top1_era5_rand2,f4,3
2024-09-01,452.7531599863471,234,lstm_corr_top1_era5_rand2,f4,3
2024-10-01,684.4818878585412,234,lstm_corr_top1_era5_rand2,f4,3
2024-11-01,340.2153871315738,234,lstm_corr_top1_era5_rand2,f4,3
2024-12-01,314.23982290367394,234,lstm_corr_top1_era5_rand2,f4,3
2025-01-01,385.57658485908104,234,lstm_corr_top1_era5_rand2,f4,3
2025-02-01,409.5736680376891,234,lstm_corr_top1_era5_rand2,f4,3
2025-03-01,422.61733056991255,234,lstm_corr_top1_era5_rand2,f4,3
2025-04-01,302.7330818047539,234,lstm_corr_top1_era5_rand2,f4,3
2023-12-01,273.22304376419663,234,lstm_corr_top1_rand3,f4,3
2024-01-01,401.38532906822326,234,lstm_corr_top1_rand3,f4,3
2024-02-01,434.8550151329647,234,lstm_corr_top1_rand3,f4,3
2024-03-01,261.20596737435125,234,lstm_corr_top1_rand3,f4,3
2024-04-01,317.29113005317674,234,lstm_corr_top1_rand3,f4,3
2024-05-01,293.2812776271002,234,lstm_corr_top1_rand3,f4,3
2024-06-01,294.3407782491081,234,lstm_corr_top1_rand3,f4,3
2024-07-01,254.80050615381884,234,lstm_corr_top1_rand3,f4,3
2024-08-01,395.16458617404044,234,lstm_corr_top1_rand3,f4,3
2024-09-01,442.7272915020014,234,lstm_corr_top1_rand3,f4,3
2024-10-01,706.5522556022455,234,lstm_corr_top1_rand3,f4,3
2024-11-01,382.28140595734203,234,lstm_corr_top1_rand3,f4,3
2024-12-01,337.23241344443574,234,lstm_corr_top1_rand3,f4,3
2025-01-01,386.9725943808354,234,lstm_corr_top1_rand3,f4,3
2025-02-01,433.30556848897027,234,lstm_corr_top1_rand3,f4,3
2025-03-01,434.4028378634403,234,lstm_corr_top1_rand3,f4,3
2025-04-01,316.70195205796955,234,lstm_corr_top1_rand3,f4,3
2023-12-01,283.46123594293573,234,lstm_corr_top1_era5_rand3,f4,3
2024-01-01,410.55810636815096,234,lstm_corr_top1_era5_rand3,f4,3
2024-02-01,439.3771569969416,234,lstm_corr_top1_era5_rand3,f4,3
2024-03-01,254.10021606407096,234,lstm_corr_top1_era5_rand3,f4,3
2024-04-01,321.78995954039056,234,lstm_corr_top1_era5_rand3,f4,3
2024-05-01,304.4442748778081,234,lstm_corr_top1_era5_rand3,f4,3
2024-06-01,306.7156167318656,234,lstm_corr_top1_era5_rand3,f4,3
2024-07-01,258.11709164082373,234,lstm_corr_top1_era5_rand3,f4,3
2024-08-01,400.39721569000744,234,lstm_corr_top1_era5_rand3,f4,3
2024-09-01,456.51302391641747,234,lstm_corr_top1_era5_rand3,f4,3
2024-10-01,693.3194880586776,234,lstm_corr_top1_era5_rand3,f4,3
2024-11-01,349.6585572413125,234,lstm_corr_top1_era5_rand3,f4,3
2024-12-01,324.66724796752294,234,lstm_corr_top1_era5_rand3,f4,3
2025-01-01,382.7341029990305,234,lstm_corr_top1_era5_rand3,f4,3
2025-02-01,421.27908026845523,234,lstm_corr_top1_era5_rand3,f4,3
2025-03-01,433.44476725760074,234,lstm_corr_top1_era5_rand3,f4,3
2025-04-01,302.8438790023976,234,lstm_corr_top1_era5_rand3,f4,3
2023-12-01,274.9068153311754,234,lstm_corr_top1_rand4,f4,3
2024-01-01,402.1239263505291,234,lstm_corr_top1_rand4,f4,3
2024-02-01,439.7929689451961,234,lstm_corr_top1_rand4,f4,3
2024-03-01,264.9728011005859,234,lstm_corr_top1_rand4,f4,3
2024-04-01,322.4227632354362,234,lstm_corr_top1_rand4,f4,3
2024-05-01,298.19893256113284,234,lstm_corr_top1_rand4,f4,3
2024-06-01,296.63727764508195,234,lstm_corr_top1_rand4,f4,3
2024-07-01,252.54193000723907,234,lstm_corr_top1_rand4,f4,3
2024-08-01,395.42345871307583,234,lstm_corr_top1_rand4,f4,3
2024-09-01,448.0734416133437,234,lstm_corr_top1_rand4,f4,3
2024-10-01,715.9519328631583,234,lstm_corr_top1_rand4,f4,3
2024-11-01,388.9576099665695,234,lstm_corr_top1_rand4,f4,3
2024-12-01,344.87683822754195,234,lstm_corr_top1_rand4,f4,3
2025-01-01,396.94668973508647,234,lstm_corr_top1_rand4,f4,3
2025-02-01,443.8603289365441,234,lstm_corr_top1_rand4,f4,3
2025-03-01,441.1799136420787,234,lstm_corr_top1_rand4,f4,3
2025-04-01,324.2938895321895,234,lstm_corr_top1_rand4,f4,3
2023-12-01,283.9439792271689,234,lstm_corr_top1_era5_rand4,f4,3
2024-01-01,411.4705493278617,234,lstm_corr_top1_era5_rand4,f4,3
2024-02-01,442.1126533716253,234,lstm_corr_top1_era5_rand4,f4,3
2024-03-01,256.29082450645126,234,lstm_corr_top1_era5_rand4,f4,3
2024-04-01,323.02211502597186,234,lstm_corr_top1_era5_rand4,f4,3
2024-05-01,300.33932849644117,234,lstm_corr_top1_era5_rand4,f4,3
2024-06-01,300.377257565653,234,lstm_corr_top1_era5_rand4,f4,3
2024-07-01,247.17810781676454,234,lstm_corr_top1_era5_rand4,f4,3
2024-08-01,392.5802611446998,234,lstm_corr_top1_era5_rand4,f4,3
2024-09-01,453.9671580693986,234,lstm_corr_top1_era5_rand4,f4,3
2024-10-01,686.8635110242243,234,lstm_corr_top1_era5_rand4,f4,3
2024-11-01,342.2512349398975,234,lstm_corr_top1_era5_rand4,f4,3
2024-12-01,322.6471542757625,234,lstm_corr_top1_era5_rand4,f4,3
2025-01-01,386.0392404543425,234,lstm_corr_top1_era5_rand4,f4,3
2025-02-01,413.86602162586627,234,lstm_corr_top1_era5_rand4,f4,3
2025-03-01,423.5971876338945,234,lstm_corr_top1_era5_rand4,f4,3
2025-04-01,292.7235767853751,234,lstm_corr_top1_era5_rand4,f4,3
2023-12-01,277.221432042795,234,lstm_corr_top1_rand5,f4,3
2024-01-01,402.1809491690564,234,lstm_corr_top1_rand5,f4,3
2024-02-01,439.12354459881055,234,lstm_corr_top1_rand5,f4,3
2024-03-01,267.5133905434168,234,lstm_corr_top1_rand5,f4,3
2024-04-01,323.44953778798504,234,lstm_corr_top1_rand5,f4,3
2024-05-01,298.7463843732603,234,lstm_corr_top1_rand5,f4,3
2024-06-01,298.2225066747781,234,lstm_corr_top1_rand5,f4,3
2024-07-01,254.28183201661116,234,lstm_corr_top1_rand5,f4,3
2024-08-01,389.58530031842525,234,lstm_corr_top1_rand5,f4,3
2024-09-01,448.43453382540423,234,lstm_corr_top1_rand5,f4,3
2024-10-01,713.2392323535336,234,lstm_corr_top1_rand5,f4,3
2024-11-01,384.69742274794595,234,lstm_corr_top1_rand5,f4,3
2024-12-01,339.7785048720639,234,lstm_corr_top1_rand5,f4,3
2025-01-01,392.3854213463788,234,lstm_corr_top1_rand5,f4,3
2025-02-01,440.78735983597704,234,lstm_corr_top1_rand5,f4,3
2025-03-01,438.93587120646504,234,lstm_corr_top1_rand5,f4,3
2025-04-01,326.66886576707117,234,lstm_corr_top1_rand5,f4,3
2023-12-01,289.44553183023174,234,lstm_corr_top1_era5_rand5,f4,3
2024-01-01,405.0226111912429,234,lstm_corr_top1_era5_rand5,f4,3
2024-02-01,440.62944043147166,234,lstm_corr_top1_era5_rand5,f4,3
2024-03-01,254.0896231799631,234,lstm_corr_top1_era5_rand5,f4,3
2024-04-01,330.8551441947823,234,lstm_corr_top1_era5_rand5,f4,3
2024-05-01,300.03283000112714,234,lstm_corr_top1_era5_rand5,f4,3
2024-06-01,299.81473436921635,234,lstm_corr_top1_era5_rand5,f4,3
2024-07-01,246.85665734893465,234,lstm_corr_top1_era5_rand5,f4,3
2024-08-01,394.21629488895314,234,lstm_corr_top1_era5_rand5,f4,3
2024-09-01,450.8141251762002,234,lstm_corr_top1_era5_rand5,f4,3
2024-10-01,680.1795892262836,234,lstm_corr_top1_era5_rand5,f4,3
2024-11-01,339.03709644396776,234,lstm_corr_top1_era5_rand5,f4,3
2024-12-01,313.22620977710864,234,lstm_corr_top1_era5_rand5,f4,3
2025-01-01,381.79309182304627,234,lstm_corr_top1_era5_rand5,f4,3
2025-02-01,417.7588361737795,234,lstm_corr_top1_era5_rand5,f4,3
2025-03-01,427.56255178968587,234,lstm_corr_top1_era5_rand5,f4,3
2025-04-01,292.86607781824944,234,lstm_corr_top1_era5_rand5,f4,3
2023-12-01,275.58534962718466,234,lstm_corr_top1_rand6,f4,3
2024-01-01,400.62531782854694,234,lstm_corr_top1_rand6,f4,3
2024-02-01,434.78738746344965,234,lstm_corr_top1_rand6,f4,3
2024-03-01,262.1660347432486,234,lstm_corr_top1_rand6,f4,3
2024-04-01,318.8651360213512,234,lstm_corr_top1_rand6,f4,3
2024-05-01,295.6101111009482,234,lstm_corr_top1_rand6,f4,3
2024-06-01,297.58377670516194,234,lstm_corr_top1_rand6,f4,3
2024-07-01,254.58606845075826,234,lstm_corr_top1_rand6,f4,3
2024-08-01,390.0649410595474,234,lstm_corr_top1_rand6,f4,3
2024-09-01,442.16509468305003,234,lstm_corr_top1_rand6,f4,3
2024-10-01,706.254876746352,234,lstm_corr_top1_rand6,f4,3
2024-11-01,381.82534309747757,234,lstm_corr_top1_rand6,f4,3
2024-12-01,338.50362485646554,234,lstm_corr_top1_rand6,f4,3
2025-01-01,386.20709077584894,234,lstm_corr_top1_rand6,f4,3
2025-02-01,433.569778659807,234,lstm_corr_top1_rand6,f4,3
2025-03-01,435.4426877153627,234,lstm_corr_top1_rand6,f4,3
2025-04-01,321.62863633027973,234,lstm_corr_top1_rand6,f4,3
2023-12-01,284.0751204425935,234,lstm_corr_top1_era5_rand6,f4,3
2024-01-01,405.6907353061888,234,lstm_corr_top1_era5_rand6,f4,3
2024-02-01,429.5769099339958,234,lstm_corr_top1_era5_rand6,f4,3
2024-03-01,255.01720172879507,234,lstm_corr_top1_era5_rand6,f4,3
2024-04-01,321.25275011513247,234,lstm_corr_top1_era5_rand6,f4,3
2024-05-01,293.5624568141328,234,lstm_corr_top1_era5_rand6,f4,3
2024-06-01,301.3794221205194,234,lstm_corr_top1_era5_rand6,f4,3
2024-07-01,248.33429518018795,234,lstm_corr_top1_era5_rand6,f4,3
2024-08-01,392.69412168698574,234,lstm_corr_top1_era5_rand6,f4,3
2024-09-01,459.58224140058445,234,lstm_corr_top1_era5_rand6,f4,3
2024-10-01,693.6334392004068,234,lstm_corr_top1_era5_rand6,f4,3
2024-11-01,344.9005099824115,234,lstm_corr_top1_era5_rand6,f4,3
2024-12-01,313.5980866266786,234,lstm_corr_top1_era5_rand6,f4,3
2025-01-01,385.7730681264629,234,lstm_corr_top1_era5_rand6,f4,3
2025-02-01,419.84611472090654,234,lstm_corr_top1_era5_rand6,f4,3
2025-03-01,426.89585993787057,234,lstm_corr_top1_era5_rand6,f4,3
2025-04-01,295.72867027238794,234,lstm_corr_top1_era5_rand6,f4,3
2023-12-01,273.9463436921709,234,lstm_corr_top1_rand7,f4,3
2024-01-01,402.82521016155795,234,lstm_corr_top1_rand7,f4,3
2024-02-01,434.53662592702045,234,lstm_corr_top1_rand7,f4,3
2024-03-01,262.37561205785846,234,lstm_corr_top1_rand7,f4,3
2024-04-01,320.93652116124355,234,lstm_corr_top1_rand7,f4,3
2024-05-01,295.7984518923685,234,lstm_corr_top1_rand7,f4,3
2024-06-01,294.9547445125713,234,lstm_corr_top1_rand7,f4,3
2024-07-01,252.17882606923584,234,lstm_corr_top1_rand7,f4,3
2024-08-01,392.8152099283077,234,lstm_corr_top1_rand7,f4,3
2024-09-01,446.0360557136252,234,lstm_corr_top1_rand7,f4,3
2024-10-01,709.6139884254004,234,lstm_corr_top1_rand7,f4,3
2024-11-01,382.39579868528386,234,lstm_corr_top1_rand7,f4,3
2024-12-01,339.43069480302773,234,lstm_corr_top1_rand7,f4,3
2025-01-01,391.6202175882233,234,lstm_corr_top1_rand7,f4,3
2025-02-01,438.9717955581451,234,lstm_corr_top1_rand7,f4,3
2025-03-01,438.0240233623759,234,lstm_corr_top1_rand7,f4,3
2025-04-01,322.3082413274192,234,lstm_corr_top1_rand7,f4,3
2023-12-01,283.8308851691582,234,lstm_corr_top1_era5_rand7,f4,3
2024-01-01,405.2766742952868,234,lstm_corr_top1_era5_rand7,f4,3
2024-02-01,434.88987465016305,234,lstm_corr_top1_era5_rand7,f4,3
2024-03-01,255.71638271589234,234,lstm_corr_top1_era5_rand7,f4,3
2024-04-01,324.13031175365023,234,lstm_corr_top1_era5_rand7,f4,3
2024-05-01,300.6512659265353,234,lstm_corr_top1_era5_rand7,f4,3
2024-06-01,302.34306625739606,234,lstm_corr_top1_era5_rand7,f4,3
2024-07-01,249.49207036645134,234,lstm_corr_top1_era5_rand7,f4,3
2024-08-01,394.94592705376203,234,lstm_corr_top1_era5_rand7,f4,3
2024-09-01,454.51877489132755,234,lstm_corr_top1_era5_rand7,f4,3
2024-10-01,683.6286867216959,234,lstm_corr_top1_era5_rand7,f4,3
2024-11-01,341.876892227884,234,lstm_corr_top1_era5_rand7,f4,3
2024-12-01,319.808269410898,234,lstm_corr_top1_era5_rand7,f4,3
2025-01-01,385.66366453893164,234,lstm_corr_top1_era5_rand7,f4,3
2025-02-01,417.97340046855516,234,lstm_corr_top1_era5_rand7,f4,3
2025-03-01,427.3093336662706,234,lstm_corr_top1_era5_rand7,f4,3
2025-04-01,300.67539341737364,234,lstm_corr_top1_era5_rand7,f4,3
2023-12-01,274.4650126940227,234,lstm_corr_top1_rand8,f4,3
2024-01-01,403.9671973099388,234,lstm_corr_top1_rand8,f4,3
2024-02-01,445.06749627913143,234,lstm_corr_top1_rand8,f4,3
2024-03-01,264.58971186497115,234,lstm_corr_top1_rand8,f4,3
2024-04-01,321.75780592004594,234,lstm_corr_top1_rand8,f4,3
2024-05-01,297.03169982435907,234,lstm_corr_top1_rand8,f4,3
2024-06-01,304.2506190759429,234,lstm_corr_top1_rand8,f4,3
2024-07-01,256.71963094188374,234,lstm_corr_top1_rand8,f4,3
2024-08-01,394.5200978163642,234,lstm_corr_top1_rand8,f4,3
2024-09-01,443.6255690225321,234,lstm_corr_top1_rand8,f4,3
2024-10-01,711.0061364202444,234,lstm_corr_top1_rand8,f4,3
2024-11-01,380.00091655415014,234,lstm_corr_top1_rand8,f4,3
2024-12-01,335.69958141507914,234,lstm_corr_top1_rand8,f4,3
2025-01-01,391.32500709054824,234,lstm_corr_top1_rand8,f4,3
2025-02-01,433.07476686571033,234,lstm_corr_top1_rand8,f4,3
2025-03-01,434.1178898339143,234,lstm_corr_top1_rand8,f4,3
2025-04-01,318.31810110138383,234,lstm_corr_top1_rand8,f4,3
2023-12-01,285.18363013034667,234,lstm_corr_top1_era5_rand8,f4,3
2024-01-01,402.76785399882624,234,lstm_corr_top1_era5_rand8,f4,3
2024-02-01,435.94649930783345,234,lstm_corr_top1_era5_rand8,f4,3
2024-03-01,255.199912423436,234,lstm_corr_top1_era5_rand8,f4,3
2024-04-01,326.31981473652996,234,lstm_corr_top1_era5_rand8,f4,3
2024-05-01,304.4258557233777,234,lstm_corr_top1_era5_rand8,f4,3
2024-06-01,305.16552159120596,234,lstm_corr_top1_era5_rand8,f4,3
2024-07-01,252.47684800994912,234,lstm_corr_top1_era5_rand8,f4,3
2024-08-01,399.49762269975076,234,lstm_corr_top1_era5_rand8,f4,3
2024-09-01,453.3817225777037,234,lstm_corr_top1_era5_rand8,f4,3
2024-10-01,693.322663880699,234,lstm_corr_top1_era5_rand8,f4,3
2024-11-01,346.92200729031,234,lstm_corr_top1_era5_rand8,f4,3
2024-12-01,320.3724827698056,234,lstm_corr_top1_era5_rand8,f4,3
2025-01-01,388.4188319040644,234,lstm_corr_top1_era5_rand8,f4,3
2025-02-01,412.1808245218801,234,lstm_corr_top1_era5_rand8,f4,3
2025-03-01,430.257009086807,234,lstm_corr_top1_era5_rand8,f4,3
2025-04-01,305.3490017508122,234,lstm_corr_top1_era5_rand8,f4,3
2023-12-01,274.03776865046717,234,lstm_corr_top1_rand9,f4,3
2024-01-01,402.37340223794786,234,lstm_corr_top1_rand9,f4,3
2024-02-01,439.1534092299382,234,lstm_corr_top1_rand9,f4,3
2024-03-01,262.4777981776268,234,lstm_corr_top1_rand9,f4,3
2024-04-01,317.9670808182428,234,lstm_corr_top1_rand9,f4,3
2024-05-01,296.5755677613426,234,lstm_corr_top1_rand9,f4,3
2024-06-01,296.46070759465465,234,lstm_corr_top1_rand9,f4,3
2024-07-01,252.88925160919942,234,lstm_corr_top1_rand9,f4,3
2024-08-01,390.13265069627835,234,lstm_corr_top1_rand9,f4,3
2024-09-01,445.33889531846154,234,lstm_corr_top1_rand9,f4,3
2024-10-01,711.9386351197053,234,lstm_corr_top1_rand9,f4,3
2024-11-01,385.211595135429,234,lstm_corr_top1_rand9,f4,3
2024-12-01,343.44217865756184,234,lstm_corr_top1_rand9,f4,3
2025-01-01,393.0936318980411,234,lstm_corr_top1_rand9,f4,3
2025-02-01,438.71184974605234,234,lstm_corr_top1_rand9,f4,3
2025-03-01,440.3874354100376,234,lstm_corr_top1_rand9,f4,3
2025-04-01,326.0687251312279,234,lstm_corr_top1_rand9,f4,3
2023-12-01,279.8773558397095,234,lstm_corr_top1_era5_rand9,f4,3
2024-01-01,405.9843354367888,234,lstm_corr_top1_era5_rand9,f4,3
2024-02-01,440.2234187887552,234,lstm_corr_top1_era5_rand9,f4,3
2024-03-01,253.5053594471968,234,lstm_corr_top1_era5_rand9,f4,3
2024-04-01,321.1932135421425,234,lstm_corr_top1_era5_rand9,f4,3
2024-05-01,296.7030506007676,234,lstm_corr_top1_era5_rand9,f4,3
2024-06-01,299.1528394129332,234,lstm_corr_top1_era5_rand9,f4,3
2024-07-01,244.77556581787388,234,lstm_corr_top1_era5_rand9,f4,3
2024-08-01,394.07275584762704,234,lstm_corr_top1_era5_rand9,f4,3
2024-09-01,457.18630851074755,234,lstm_corr_top1_era5_rand9,f4,3
2024-10-01,690.0198250842343,234,lstm_corr_top1_era5_rand9,f4,3
2024-11-01,343.6223263138766,234,lstm_corr_top1_era5_rand9,f4,3
2024-12-01,320.42275605407417,234,lstm_corr_top1_era5_rand9,f4,3
2025-01-01,383.2930063576651,234,lstm_corr_top1_era5_rand9,f4,3
2025-02-01,417.42879339293256,234,lstm_corr_top1_era5_rand9,f4,3
2025-03-01,428.25154915503015,234,lstm_corr_top1_era5_rand9,f4,3
2025-04-01,300.6139006782681,234,lstm_corr_top1_era5_rand9,f4,3
2023-12-01,275.0949584022972,234,lstm_corr_top1_rand10,f4,3
2024-01-01,399.5927158328494,234,lstm_corr_top1_rand10,f4,3
2024-02-01,435.15207976148747,234,lstm_corr_top1_rand10,f4,3
2024-03-01,262.7213142330055,234,lstm_corr_top1_rand10,f4,3
2024-04-01,323.41644630848117,234,lstm_corr_top1_rand10,f4,3
2024-05-01,298.6541517493849,234,lstm_corr_top1_rand10,f4,3
2024-06-01,294.7922161492219,234,lstm_corr_top1_rand10,f4,3
2024-07-01,250.00187160356325,234,lstm_corr_top1_rand10,f4,3
2024-08-01,392.4321892209567,234,lstm_corr_top1_rand10,f4,3
2024-09-01,447.54405957309626,234,lstm_corr_top1_rand10,f4,3
2024-10-01,713.3345385899012,234,lstm_corr_top1_rand10,f4,3
2024-11-01,386.8789631351234,234,lstm_corr_top1_rand10,f4,3
2024-12-01,338.96783686069256,234,lstm_corr_top1_rand10,f4,3
2025-01-01,388.330912814549,234,lstm_corr_top1_rand10,f4,3
2025-02-01,439.396403053798,234,lstm_corr_top1_rand10,f4,3
2025-03-01,436.83508533958826,234,lstm_corr_top1_rand10,f4,3
2025-04-01,322.08708485467946,234,lstm_corr_top1_rand10,f4,3
2023-12-01,283.5594276062751,234,lstm_corr_top1_era5_rand10,f4,3
2024-01-01,408.13634632147387,234,lstm_corr_top1_era5_rand10,f4,3
2024-02-01,441.67384379275916,234,lstm_corr_top1_era5_rand10,f4,3
2024-03-01,256.85989055818,234,lstm_corr_top1_era5_rand10,f4,3
2024-04-01,321.53912058122353,234,lstm_corr_top1_era5_rand10,f4,3
2024-05-01,305.2431369819919,234,lstm_corr_top1_era5_rand10,f4,3
2024-06-01,306.9606575047073,234,lstm_corr_top1_era5_rand10,f4,3
2024-07-01,252.4646118155322,234,lstm_corr_top1_era5_rand10,f4,3
2024-08-01,396.7815023149332,234,lstm_corr_top1_era5_rand10,f4,3
2024-09-01,464.2966193757866,234,lstm_corr_top1_era5_rand10,f4,3
2024-10-01,681.1594309825048,234,lstm_corr_top1_era5_rand10,f4,3
2024-11-01,341.58787584044694,234,lstm_corr_top1_era5_rand10,f4,3
2024-12-01,325.6242076078364,234,lstm_corr_top1_era5_rand10,f4,3
2025-01-01,383.0089889552611,234,lstm_corr_top1_era5_rand10,f4,3
2025-02-01,419.03296324962463,234,lstm_corr_top1_era5_rand10,f4,3
2025-03-01,429.45572942349975,234,lstm_corr_top1_era5_rand10,f4,3
2025-04-01,299.02682497694155,234,lstm_corr_top1_era5_rand10,f4,3
2023-12-01,273.64603014134656,234,lstm_corr_top1_rand11,f4,3
2024-01-01,403.2857907231372,234,lstm_corr_top1_rand11,f4,3
2024-02-01,435.3726171821076,234,lstm_corr_top1_rand11,f4,3
2024-03-01,262.6773035115745,234,lstm_corr_top1_rand11,f4,3
2024-04-01,317.70380235612436,234,lstm_corr_top1_rand11,f4,3
2024-05-01,296.1607084481808,234,lstm_corr_top1_rand11,f4,3
2024-06-01,297.67625519575915,234,lstm_corr_top1_rand11,f4,3
2024-07-01,254.25070391572967,234,lstm_corr_top1_rand11,f4,3
2024-08-01,393.5359884790657,234,lstm_corr_top1_rand11,f4,3
2024-09-01,445.9885489432083,234,lstm_corr_top1_rand11,f4,3
2024-10-01,709.4728177112288,234,lstm_corr_top1_rand11,f4,3
2024-11-01,379.2594905355747,234,lstm_corr_top1_rand11,f4,3
2024-12-01,337.29253716718625,234,lstm_corr_top1_rand11,f4,3
2025-01-01,391.19378224080833,234,lstm_corr_top1_rand11,f4,3
2025-02-01,438.5852612336576,234,lstm_corr_top1_rand11,f4,3
2025-03-01,436.65030095015106,234,lstm_corr_top1_rand11,f4,3
2025-04-01,323.03295328790324,234,lstm_corr_top1_rand11,f4,3
2023-12-01,286.91068278758235,234,lstm_corr_top1_era5_rand11,f4,3
2024-01-01,411.4903269443306,234,lstm_corr_top1_era5_rand11,f4,3
2024-02-01,446.48179779635444,234,lstm_corr_top1_era5_rand11,f4,3
2024-03-01,258.6711174283948,234,lstm_corr_top1_era5_rand11,f4,3
2024-04-01,327.73991495957034,234,lstm_corr_top1_era5_rand11,f4,3
2024-05-01,304.736727934349,234,lstm_corr_top1_era5_rand11,f4,3
2024-06-01,309.91322031712843,234,lstm_corr_top1_era5_rand11,f4,3
2024-07-01,252.73084893529207,234,lstm_corr_top1_era5_rand11,f4,3
2024-08-01,399.84832650850205,234,lstm_corr_top1_era5_rand11,f4,3
2024-09-01,460.2057046365509,234,lstm_corr_top1_era5_rand11,f4,3
2024-10-01,702.9437897579902,234,lstm_corr_top1_era5_rand11,f4,3
2024-11-01,358.6286577296997,234,lstm_corr_top1_era5_rand11,f4,3
2024-12-01,324.51960378871587,234,lstm_corr_top1_era5_rand11,f4,3
2025-01-01,386.09734977558566,234,lstm_corr_top1_era5_rand11,f4,3
2025-02-01,417.7764631172853,234,lstm_corr_top1_era5_rand11,f4,3
2025-03-01,423.5770449751002,234,lstm_corr_top1_era5_rand11,f4,3
2025-04-01,299.67973706552385,234,lstm_corr_top1_era5_rand11,f4,3
2023-12-01,276.20960871799593,234,lstm_corr_top1_rand12,f4,3
2024-01-01,406.5467823026419,234,lstm_corr_top1_rand12,f4,3
2024-02-01,440.8472236529393,234,lstm_corr_top1_rand12,f4,3
2024-03-01,264.32513294468293,234,lstm_corr_top1_rand12,f4,3
2024-04-01,322.92381612651377,234,lstm_corr_top1_rand12,f4,3
2024-05-01,300.84126652843946,234,lstm_corr_top1_rand12,f4,3
2024-06-01,297.2786039198626,234,lstm_corr_top1_rand12,f4,3
2024-07-01,253.20056133440193,234,lstm_corr_top1_rand12,f4,3
2024-08-01,395.9950972831257,234,lstm_corr_top1_rand12,f4,3
2024-09-01,450.9216791515207,234,lstm_corr_top1_rand12,f4,3
2024-10-01,714.3928185937251,234,lstm_corr_top1_rand12,f4,3
2024-11-01,386.03427569971404,234,lstm_corr_top1_rand12,f4,3
2024-12-01,343.1009351660177,234,lstm_corr_top1_rand12,f4,3
2025-01-01,395.9037597611741,234,lstm_corr_top1_rand12,f4,3
2025-02-01,454.26359055222,234,lstm_corr_top1_rand12,f4,3
2025-03-01,448.78851276101716,234,lstm_corr_top1_rand12,f4,3
2025-04-01,327.35815363839055,234,lstm_corr_top1_rand12,f4,3
2023-12-01,285.12596066193237,234,lstm_corr_top1_era5_rand12,f4,3
2024-01-01,407.608373570166,234,lstm_corr_top1_era5_rand12,f4,3
2024-02-01,441.74793957723335,234,lstm_corr_top1_era5_rand12,f4,3
2024-03-01,256.6700332020032,234,lstm_corr_top1_era5_rand12,f4,3
2024-04-01,323.0698618818819,234,lstm_corr_top1_era5_rand12,f4,3
2024-05-01,295.1607669105669,234,lstm_corr_top1_era5_rand12,f4,3
2024-06-01,296.7148014404681,234,lstm_corr_top1_era5_rand12,f4,3
2024-07-01,250.0041401969554,234,lstm_corr_top1_era5_rand12,f4,3
2024-08-01,398.7568522076736,234,lstm_corr_top1_era5_rand12,f4,3
2024-09-01,457.66399215400025,234,lstm_corr_top1_era5_rand12,f4,3
2024-10-01,695.8051987363712,234,lstm_corr_top1_era5_rand12,f4,3
2024-11-01,350.10169829556804,234,lstm_corr_top1_era5_rand12,f4,3
2024-12-01,321.5216224481066,234,lstm_corr_top1_era5_rand12,f4,3
2025-01-01,384.4490808490715,234,lstm_corr_top1_era5_rand12,f4,3
2025-02-01,420.0168825981475,234,lstm_corr_top1_era5_rand12,f4,3
2025-03-01,428.96561347151896,234,lstm_corr_top1_era5_rand12,f4,3
2025-04-01,303.1058231174905,234,lstm_corr_top1_era5_rand12,f4,3
2023-12-01,274.6912927500492,234,lstm_corr_top1_rand13,f4,3
2024-01-01,404.28349867003226,234,lstm_corr_top1_rand13,f4,3
2024-02-01,437.489057738433,234,lstm_corr_top1_rand13,f4,3
2024-03-01,263.56105948143977,234,lstm_corr_top1_rand13,f4,3
2024-04-01,319.7507537797351,234,lstm_corr_top1_rand13,f4,3
2024-05-01,296.09153413178313,234,lstm_corr_top1_rand13,f4,3
2024-06-01,296.05373206007397,234,lstm_corr_top1_rand13,f4,3
2024-07-01,252.29000326041302,234,lstm_corr_top1_rand13,f4,3
2024-08-01,386.89992637048283,234,lstm_corr_top1_rand13,f4,3
2024-09-01,443.6901042994333,234,lstm_corr_top1_rand13,f4,3
2024-10-01,708.6267293500563,234,lstm_corr_top1_rand13,f4,3
2024-11-01,382.58795365283976,234,lstm_corr_top1_rand13,f4,3
2024-12-01,340.97073051199527,234,lstm_corr_top1_rand13,f4,3
2025-01-01,393.72428151486656,234,lstm_corr_top1_rand13,f4,3
2025-02-01,440.1219777938661,234,lstm_corr_top1_rand13,f4,3
2025-03-01,436.56323677337764,234,lstm_corr_top1_rand13,f4,3
2025-04-01,324.36508509836364,234,lstm_corr_top1_rand13,f4,3
2023-12-01,289.3087948251484,234,lstm_corr_top1_era5_rand13,f4,3
2024-01-01,410.13997006277407,234,lstm_corr_top1_era5_rand13,f4,3
2024-02-01,446.53665567314755,234,lstm_corr_top1_era5_rand13,f4,3
2024-03-01,264.0476527986427,234,lstm_corr_top1_era5_rand13,f4,3
2024-04-01,331.11150966750915,234,lstm_corr_top1_era5_rand13,f4,3
2024-05-01,298.8270390159036,234,lstm_corr_top1_era5_rand13,f4,3
2024-06-01,305.4115792055369,234,lstm_corr_top1_era5_rand13,f4,3
2024-07-01,248.3274243475888,234,lstm_corr_top1_era5_rand13,f4,3
2024-08-01,395.8123817920393,234,lstm_corr_top1_era5_rand13,f4,3
2024-09-01,463.5158965837249,234,lstm_corr_top1_era5_rand13,f4,3
2024-10-01,697.6136749987888,234,lstm_corr_top1_era5_rand13,f4,3
2024-11-01,345.27162695014897,234,lstm_corr_top1_era5_rand13,f4,3
2024-12-01,320.85019103193633,234,lstm_corr_top1_era5_rand13,f4,3
2025-01-01,384.66916998554973,234,lstm_corr_top1_era5_rand13,f4,3
2025-02-01,422.74359759072047,234,lstm_corr_top1_era5_rand13,f4,3
2025-03-01,420.27590406612,234,lstm_corr_top1_era5_rand13,f4,3
2025-04-01,294.20304408914865,234,lstm_corr_top1_era5_rand13,f4,3
2023-12-01,273.7602532807731,234,lstm_corr_top1_rand14,f4,3
2024-01-01,402.2757208043498,234,lstm_corr_top1_rand14,f4,3
2024-02-01,440.0304678742917,234,lstm_corr_top1_rand14,f4,3
2024-03-01,265.2381636500804,234,lstm_corr_top1_rand14,f4,3
2024-04-01,318.79964521348126,234,lstm_corr_top1_rand14,f4,3
2024-05-01,295.08453243989425,234,lstm_corr_top1_rand14,f4,3
2024-06-01,299.1619873449294,234,lstm_corr_top1_rand14,f4,3
2024-07-01,252.58499591000293,234,lstm_corr_top1_rand14,f4,3
2024-08-01,396.5072590302008,234,lstm_corr_top1_rand14,f4,3
2024-09-01,448.33035100830847,234,lstm_corr_top1_rand14,f4,3
2024-10-01,714.9326561867222,234,lstm_corr_top1_rand14,f4,3
2024-11-01,383.6169819776254,234,lstm_corr_top1_rand14,f4,3
2024-12-01,343.93383009497677,234,lstm_corr_top1_rand14,f4,3
2025-01-01,396.39014108596126,234,lstm_corr_top1_rand14,f4,3
2025-02-01,441.5001670048889,234,lstm_corr_top1_rand14,f4,3
2025-03-01,440.33985255909846,234,lstm_corr_top1_rand14,f4,3
2025-04-01,322.24311559896597,234,lstm_corr_top1_rand14,f4,3
2023-12-01,287.3739550974536,234,lstm_corr_top1_era5_rand14,f4,3
2024-01-01,404.5094518832661,234,lstm_corr_top1_era5_rand14,f4,3
2024-02-01,434.7507951719591,234,lstm_corr_top1_era5_rand14,f4,3
2024-03-01,256.5432901082168,234,lstm_corr_top1_era5_rand14,f4,3
2024-04-01,323.25482202283564,234,lstm_corr_top1_era5_rand14,f4,3
2024-05-01,297.490195033492,234,lstm_corr_top1_era5_rand14,f4,3
2024-06-01,303.32775339680774,234,lstm_corr_top1_era5_rand14,f4,3
2024-07-01,243.54124271638105,234,lstm_corr_top1_era5_rand14,f4,3
2024-08-01,390.28819717105955,234,lstm_corr_top1_era5_rand14,f4,3
2024-09-01,458.70462543166155,234,lstm_corr_top1_era5_rand14,f4,3
2024-10-01,688.5954868888532,234,lstm_corr_top1_era5_rand14,f4,3
2024-11-01,338.4094416469816,234,lstm_corr_top1_era5_rand14,f4,3
2024-12-01,305.47374953016663,234,lstm_corr_top1_era5_rand14,f4,3
2025-01-01,378.5137942940162,234,lstm_corr_top1_era5_rand14,f4,3
2025-02-01,422.7214536872988,234,lstm_corr_top1_era5_rand14,f4,3
2025-03-01,423.6227751405413,234,lstm_corr_top1_era5_rand14,f4,3
2025-04-01,294.69562479961075,234,lstm_corr_top1_era5_rand14,f4,3
2023-12-01,275.9859152013563,234,lstm_corr_top1_rand15,f4,3
2024-01-01,400.488329656687,234,lstm_corr_top1_rand15,f4,3
2024-02-01,435.8099840398877,234,lstm_corr_top1_rand15,f4,3
2024-03-01,261.10928377357016,234,lstm_corr_top1_rand15,f4,3
2024-04-01,318.04239894745706,234,lstm_corr_top1_rand15,f4,3
2024-05-01,293.2306490258419,234,lstm_corr_top1_rand15,f4,3
2024-06-01,294.530310795522,234,lstm_corr_top1_rand15,f4,3
2024-07-01,252.1837290992684,234,lstm_corr_top1_rand15,f4,3
2024-08-01,389.82073070400185,234,lstm_corr_top1_rand15,f4,3
2024-09-01,444.6445988471804,234,lstm_corr_top1_rand15,f4,3
2024-10-01,709.6144648039196,234,lstm_corr_top1_rand15,f4,3
2024-11-01,381.008626042814,234,lstm_corr_top1_rand15,f4,3
2024-12-01,335.72191165723785,234,lstm_corr_top1_rand15,f4,3
2025-01-01,386.6204057873476,234,lstm_corr_top1_rand15,f4,3
2025-02-01,434.31571915873195,234,lstm_corr_top1_rand15,f4,3
2025-03-01,433.51811788757215,234,lstm_corr_top1_rand15,f4,3
2025-04-01,318.3676444808904,234,lstm_corr_top1_rand15,f4,3
2023-12-01,290.75180342136946,234,lstm_corr_top1_era5_rand15,f4,3
2024-01-01,402.44917372042084,234,lstm_corr_top1_era5_rand15,f4,3
2024-02-01,439.71681624851163,234,lstm_corr_top1_era5_rand15,f4,3
2024-03-01,255.61045803195842,234,lstm_corr_top1_era5_rand15,f4,3
2024-04-01,325.1602748948649,234,lstm_corr_top1_era5_rand15,f4,3
2024-05-01,289.1884421445728,234,lstm_corr_top1_era5_rand15,f4,3
2024-06-01,300.27658021324095,234,lstm_corr_top1_era5_rand15,f4,3
2024-07-01,248.5238276617887,234,lstm_corr_top1_era5_rand15,f4,3
2024-08-01,391.31733196371783,234,lstm_corr_top1_era5_rand15,f4,3
2024-09-01,456.59572874313596,234,lstm_corr_top1_era5_rand15,f4,3
2024-10-01,691.9878695348955,234,lstm_corr_top1_era5_rand15,f4,3
2024-11-01,343.2874695920147,234,lstm_corr_top1_era5_rand15,f4,3
2024-12-01,318.063933440815,234,lstm_corr_top1_era5_rand15,f4,3
2025-01-01,382.1167133442701,234,lstm_corr_top1_era5_rand15,f4,3
2025-02-01,414.56290569076566,234,lstm_corr_top1_era5_rand15,f4,3
2025-03-01,423.6128585828782,234,lstm_corr_top1_era5_rand15,f4,3
2025-04-01,299.77200227726,234,lstm_corr_top1_era5_rand15,f4,3
2023-12-01,275.55860764751463,234,lstm_corr_top1_rand16,f4,3
2024-01-01,403.0406248351902,234,lstm_corr_top1_rand16,f4,3
2024-02-01,440.52954173266767,234,lstm_corr_top1_rand16,f4,3
2024-03-01,264.56026635158395,234,lstm_corr_top1_rand16,f4,3
2024-04-01,323.28289203805434,234,lstm_corr_top1_rand16,f4,3
2024-05-01,300.3630920256039,234,lstm_corr_top1_rand16,f4,3
2024-06-01,301.8514959124571,234,lstm_corr_top1_rand16,f4,3
2024-07-01,253.25852341891493,234,lstm_corr_top1_rand16,f4,3
2024-08-01,391.19119757958845,234,lstm_corr_top1_rand16,f4,3
2024-09-01,448.00117020420873,234,lstm_corr_top1_rand16,f4,3
2024-10-01,713.340342910061,234,lstm_corr_top1_rand16,f4,3
2024-11-01,383.1411514434539,234,lstm_corr_top1_rand16,f4,3
2024-12-01,342.67327858108115,234,lstm_corr_top1_rand16,f4,3
2025-01-01,394.47952367690505,234,lstm_corr_top1_rand16,f4,3
2025-02-01,442.42837568834534,234,lstm_corr_top1_rand16,f4,3
2025-03-01,442.90488699590605,234,lstm_corr_top1_rand16,f4,3
2025-04-01,326.5992068450878,234,lstm_corr_top1_rand16,f4,3
2023-12-01,281.2039028365906,234,lstm_corr_top1_era5_rand16,f4,3
2024-01-01,401.5512835019369,234,lstm_corr_top1_era5_rand16,f4,3
2024-02-01,434.2735223582028,234,lstm_corr_top1_era5_rand16,f4,3
2024-03-01,254.37533029584762,234,lstm_corr_top1_era5_rand16,f4,3
2024-04-01,318.034014546584,234,lstm_corr_top1_era5_rand16,f4,3
2024-05-01,297.9250001396092,234,lstm_corr_top1_era5_rand16,f4,3
2024-06-01,299.2219020673008,234,lstm_corr_top1_era5_rand16,f4,3
2024-07-01,248.11956846954314,234,lstm_corr_top1_era5_rand16,f4,3
2024-08-01,391.79662428615364,234,lstm_corr_top1_era5_rand16,f4,3
2024-09-01,456.23311686101124,234,lstm_corr_top1_era5_rand16,f4,3
2024-10-01,685.7348600943454,234,lstm_corr_top1_era5_rand16,f4,3
2024-11-01,339.0173145691005,234,lstm_corr_top1_era5_rand16,f4,3
2024-12-01,318.4657091438752,234,lstm_corr_top1_era5_rand16,f4,3
2025-01-01,383.0253583591985,234,lstm_corr_top1_era5_rand16,f4,3
2025-02-01,419.0353335734025,234,lstm_corr_top1_era5_rand16,f4,3
2025-03-01,427.8213882676382,234,lstm_corr_top1_era5_rand16,f4,3
2025-04-01,300.21672730025693,234,lstm_corr_top1_era5_rand16,f4,3
2023-12-01,273.9490822170173,234,lstm_corr_top1_rand17,f4,3
2024-01-01,401.2196222396292,234,lstm_corr_top1_rand17,f4,3
2024-02-01,437.6060143901296,234,lstm_corr_top1_rand17,f4,3
2024-03-01,263.0192754439168,234,lstm_corr_top1_rand17,f4,3
2024-04-01,319.6176258114145,234,lstm_corr_top1_rand17,f4,3
2024-05-01,296.8634765182178,234,lstm_corr_top1_rand17,f4,3
2024-06-01,297.57769163169604,234,lstm_corr_top1_rand17,f4,3
2024-07-01,252.35858896814773,234,lstm_corr_top1_rand17,f4,3
2024-08-01,390.41763265521854,234,lstm_corr_top1_rand17,f4,3
2024-09-01,445.76940951387894,234,lstm_corr_top1_rand17,f4,3
2024-10-01,710.0236677040517,234,lstm_corr_top1_rand17,f4,3
2024-11-01,383.03916472410566,234,lstm_corr_top1_rand17,f4,3
2024-12-01,338.88273714380136,234,lstm_corr_top1_rand17,f4,3
2025-01-01,389.61764661696486,234,lstm_corr_top1_rand17,f4,3
2025-02-01,438.13309060991185,234,lstm_corr_top1_rand17,f4,3
2025-03-01,436.17080432069037,234,lstm_corr_top1_rand17,f4,3
2025-04-01,319.55346915103684,234,lstm_corr_top1_rand17,f4,3
2023-12-01,286.29255616809326,234,lstm_corr_top1_era5_rand17,f4,3
2024-01-01,403.32265548574804,234,lstm_corr_top1_era5_rand17,f4,3
2024-02-01,428.41865506924955,234,lstm_corr_top1_era5_rand17,f4,3
2024-03-01,252.73080707915287,234,lstm_corr_top1_era5_rand17,f4,3
2024-04-01,323.00911277122714,234,lstm_corr_top1_era5_rand17,f4,3
2024-05-01,301.1658276752603,234,lstm_corr_top1_era5_rand17,f4,3
2024-06-01,305.2223949420571,234,lstm_corr_top1_era5_rand17,f4,3
2024-07-01,251.0764603690785,234,lstm_corr_top1_era5_rand17,f4,3
2024-08-01,399.64891086012744,234,lstm_corr_top1_era5_rand17,f4,3
2024-09-01,464.801084014261,234,lstm_corr_top1_era5_rand17,f4,3
2024-10-01,704.6090768125304,234,lstm_corr_top1_era5_rand17,f4,3
2024-11-01,347.9684536581471,234,lstm_corr_top1_era5_rand17,f4,3
2024-12-01,315.90406791231965,234,lstm_corr_top1_era5_rand17,f4,3
2025-01-01,387.22855621562746,234,lstm_corr_top1_era5_rand17,f4,3
2025-02-01,409.4966720080138,234,lstm_corr_top1_era5_rand17,f4,3
2025-03-01,429.2003838635794,234,lstm_corr_top1_era5_rand17,f4,3
2025-04-01,304.7554860175569,234,lstm_corr_top1_era5_rand17,f4,3
2023-12-01,272.8456033540029,234,lstm_corr_top1_rand18,f4,3
2024-01-01,400.2473717696748,234,lstm_corr_top1_rand18,f4,3
2024-02-01,435.4885602393185,234,lstm_corr_top1_rand18,f4,3
2024-03-01,262.41195423754283,234,lstm_corr_top1_rand18,f4,3
2024-04-01,317.8565428482275,234,lstm_corr_top1_rand18,f4,3
2024-05-01,294.9682250667115,234,lstm_corr_top1_rand18,f4,3
2024-06-01,299.3916179610422,234,lstm_corr_top1_rand18,f4,3
2024-07-01,254.59570356006768,234,lstm_corr_top1_rand18,f4,3
2024-08-01,389.47783532549784,234,lstm_corr_top1_rand18,f4,3
2024-09-01,446.19299592567774,234,lstm_corr_top1_rand18,f4,3
2024-10-01,709.0228449076436,234,lstm_corr_top1_rand18,f4,3
2024-11-01,379.42575213512265,234,lstm_corr_top1_rand18,f4,3
2024-12-01,338.83818501903244,234,lstm_corr_top1_rand18,f4,3
2025-01-01,389.66617254127647,234,lstm_corr_top1_rand18,f4,3
2025-02-01,434.9153926498034,234,lstm_corr_top1_rand18,f4,3
2025-03-01,436.276146560424,234,lstm_corr_top1_rand18,f4,3
2025-04-01,321.6706930259192,234,lstm_corr_top1_rand18,f4,3
2023-12-01,281.10842312475006,234,lstm_corr_top1_era5_rand18,f4,3
2024-01-01,402.8553078093052,234,lstm_corr_top1_era5_rand18,f4,3
2024-02-01,441.43202699329936,234,lstm_corr_top1_era5_rand18,f4,3
2024-03-01,252.02481891756773,234,lstm_corr_top1_era5_rand18,f4,3
2024-04-01,324.928216512825,234,lstm_corr_top1_era5_rand18,f4,3
2024-05-01,307.60904934776204,234,lstm_corr_top1_era5_rand18,f4,3
2024-06-01,312.9998710056088,234,lstm_corr_top1_era5_rand18,f4,3
2024-07-01,254.59667624547293,234,lstm_corr_top1_era5_rand18,f4,3
2024-08-01,403.7439921543481,234,lstm_corr_top1_era5_rand18,f4,3
2024-09-01,460.9589110829534,234,lstm_corr_top1_era5_rand18,f4,3
2024-10-01,696.3832164584444,234,lstm_corr_top1_era5_rand18,f4,3
2024-11-01,342.0588321806924,234,lstm_corr_top1_era5_rand18,f4,3
2024-12-01,312.62471711190955,234,lstm_corr_top1_era5_rand18,f4,3
2025-01-01,387.4490235160878,234,lstm_corr_top1_era5_rand18,f4,3
2025-02-01,413.56987044876564,234,lstm_corr_top1_era5_rand18,f4,3
2025-03-01,423.77715835570416,234,lstm_corr_top1_era5_rand18,f4,3
2025-04-01,302.3173650470276,234,lstm_corr_top1_era5_rand18,f4,3
2023-12-01,275.51580036115996,234,lstm_corr_top1_rand19,f4,3
2024-01-01,401.4832506315812,234,lstm_corr_top1_rand19,f4,3
2024-02-01,435.2916809630271,234,lstm_corr_top1_rand19,f4,3
2024-03-01,261.8665300971002,234,lstm_corr_top1_rand19,f4,3
2024-04-01,319.42532795584293,234,lstm_corr_top1_rand19,f4,3
2024-05-01,294.63163700880256,234,lstm_corr_top1_rand19,f4,3
2024-06-01,293.68281052575253,234,lstm_corr_top1_rand19,f4,3
2024-07-01,251.8110424498043,234,lstm_corr_top1_rand19,f4,3
2024-08-01,392.1340505760022,234,lstm_corr_top1_rand19,f4,3
2024-09-01,442.4079879948377,234,lstm_corr_top1_rand19,f4,3
2024-10-01,706.123633024858,234,lstm_corr_top1_rand19,f4,3
2024-11-01,380.42776160591023,234,lstm_corr_top1_rand19,f4,3
2024-12-01,336.7346760886627,234,lstm_corr_top1_rand19,f4,3
2025-01-01,389.79826094697813,234,lstm_corr_top1_rand19,f4,3
2025-02-01,438.55537728232076,234,lstm_corr_top1_rand19,f4,3
2025-03-01,437.5656427462996,234,lstm_corr_top1_rand19,f4,3
2025-04-01,317.7263779837779,234,lstm_corr_top1_rand19,f4,3
2023-12-01,286.7226126902609,234,lstm_corr_top1_era5_rand19,f4,3
2024-01-01,401.8937014043373,234,lstm_corr_top1_era5_rand19,f4,3
2024-02-01,439.00696813214444,234,lstm_corr_top1_era5_rand19,f4,3
2024-03-01,255.89716215067267,234,lstm_corr_top1_era5_rand19,f4,3
2024-04-01,331.9646201580429,234,lstm_corr_top1_era5_rand19,f4,3
2024-05-01,301.33781553843875,234,lstm_corr_top1_era5_rand19,f4,3
2024-06-01,304.4240659191864,234,lstm_corr_top1_era5_rand19,f4,3
2024-07-01,251.9860724757657,234,lstm_corr_top1_era5_rand19,f4,3
2024-08-01,394.73321629046274,234,lstm_corr_top1_era5_rand19,f4,3
2024-09-01,452.7383801461353,234,lstm_corr_top1_era5_rand19,f4,3
2024-10-01,690.8831602697625,234,lstm_corr_top1_era5_rand19,f4,3
2024-11-01,342.24947104447324,234,lstm_corr_top1_era5_rand19,f4,3
2024-12-01,316.78569655338777,234,lstm_corr_top1_era5_rand19,f4,3
2025-01-01,385.10501563489424,234,lstm_corr_top1_era5_rand19,f4,3
2025-02-01,415.2496190041005,234,lstm_corr_top1_era5_rand19,f4,3
2025-03-01,428.42239325426726,234,lstm_corr_top1_era5_rand19,f4,3
2025-04-01,297.5789758384466,234,lstm_corr_top1_era5_rand19,f4,3
2025-03-01,306.0874024326493,234,lstm_corr_top1_rand0,f5,1
2025-04-01,197.12822046020457,234,lstm_corr_top1_rand0,f5,1
2025-05-01,129.549026708581,234,lstm_corr_top1_rand0,f5,1
2025-06-01,321.05210736171745,234,lstm_corr_top1_rand0,f5,1
2025-07-01,164.09293879935626,234,lstm_corr_top1_rand0,f5,1
2025-08-01,195.28335874388122,234,lstm_corr_top1_rand0,f5,1
2025-09-01,194.22540727761935,234,lstm_corr_top1_rand0,f5,1
2025-10-01,204.10784593563167,234,lstm_corr_top1_rand0,f5,1
2025-11-01,225.26054040586612,234,lstm_corr_top1_rand0,f5,1
2025-12-01,221.61504061083747,234,lstm_corr_top1_rand0,f5,1
2026-01-01,249.11187906939398,234,lstm_corr_top1_rand0,f5,1
2026-02-01,307.50937198761346,234,lstm_corr_top1_rand0,f5,1
2026-03-01,241.14892960119488,234,lstm_corr_top1_rand0,f5,1
2026-04-01,232.48465956405997,234,lstm_corr_top1_rand0,f5,1
2026-05-01,183.62946291795984,234,lstm_corr_top1_rand0,f5,1
2025-03-01,286.82883431747285,234,lstm_corr_top1_era5_rand0,f5,1
2025-04-01,178.8339168723776,234,lstm_corr_top1_era5_rand0,f5,1
2025-05-01,121.85605136848129,234,lstm_corr_top1_era5_rand0,f5,1
2025-06-01,300.97012951247734,234,lstm_corr_top1_era5_rand0,f5,1
2025-07-01,154.06258826388458,234,lstm_corr_top1_era5_rand0,f5,1
2025-08-01,186.25246882810862,234,lstm_corr_top1_era5_rand0,f5,1
2025-09-01,178.02043406992195,234,lstm_corr_top1_era5_rand0,f5,1
2025-10-01,196.7693132766982,234,lstm_corr_top1_era5_rand0,f5,1
2025-11-01,206.427453830637,234,lstm_corr_top1_era5_rand0,f5,1
2025-12-01,198.5288682355119,234,lstm_corr_top1_era5_rand0,f5,1
2026-01-01,223.30069283949243,234,lstm_corr_top1_era5_rand0,f5,1
2026-02-01,286.11143405103724,234,lstm_corr_top1_era5_rand0,f5,1
2026-03-01,210.1321749751752,234,lstm_corr_top1_era5_rand0,f5,1
2026-04-01,191.85499023501515,234,lstm_corr_top1_era5_rand0,f5,1
2026-05-01,175.17448143314272,234,lstm_corr_top1_era5_rand0,f5,1
2025-03-01,305.7940844706695,234,lstm_corr_top1_rand1,f5,1
2025-04-01,199.20639575903243,234,lstm_corr_top1_rand1,f5,1
2025-05-01,128.84477660334278,234,lstm_corr_top1_rand1,f5,1
2025-06-01,322.1926425694683,234,lstm_corr_top1_rand1,f5,1
2025-07-01,163.94386717008086,234,lstm_corr_top1_rand1,f5,1
2025-08-01,198.7391479045284,234,lstm_corr_top1_rand1,f5,1
2025-09-01,196.1469401141569,234,lstm_corr_top1_rand1,f5,1
2025-10-01,203.8027964944875,234,lstm_corr_top1_rand1,f5,1
2025-11-01,226.68939128978937,234,lstm_corr_top1_rand1,f5,1
2025-12-01,225.64879882962288,234,lstm_corr_top1_rand1,f5,1
2026-01-01,250.30870761236596,234,lstm_corr_top1_rand1,f5,1
2026-02-01,309.14293820024636,234,lstm_corr_top1_rand1,f5,1
2026-03-01,242.8770057886723,234,lstm_corr_top1_rand1,f5,1
2026-04-01,231.32278206443777,234,lstm_corr_top1_rand1,f5,1
2026-05-01,184.19015157596127,234,lstm_corr_top1_rand1,f5,1
2025-03-01,287.01403089072346,234,lstm_corr_top1_era5_rand1,f5,1
2025-04-01,180.73888718864228,234,lstm_corr_top1_era5_rand1,f5,1
2025-05-01,121.438671474666,234,lstm_corr_top1_era5_rand1,f5,1
2025-06-01,302.4084111078771,234,lstm_corr_top1_era5_rand1,f5,1
2025-07-01,151.70845243962935,234,lstm_corr_top1_era5_rand1,f5,1
2025-08-01,186.99380822655237,234,lstm_corr_top1_era5_rand1,f5,1
2025-09-01,179.5245612624536,234,lstm_corr_top1_era5_rand1,f5,1
2025-10-01,195.1449020011819,234,lstm_corr_top1_era5_rand1,f5,1
2025-11-01,203.20202184570516,234,lstm_corr_top1_era5_rand1,f5,1
2025-12-01,197.02528489931325,234,lstm_corr_top1_era5_rand1,f5,1
2026-01-01,223.32673538270365,234,lstm_corr_top1_era5_rand1,f5,1
2026-02-01,284.3943527253434,234,lstm_corr_top1_era5_rand1,f5,1
2026-03-01,206.17262932100908,234,lstm_corr_top1_era5_rand1,f5,1
2026-04-01,186.7745276570378,234,lstm_corr_top1_era5_rand1,f5,1
2026-05-01,171.31342854521395,234,lstm_corr_top1_era5_rand1,f5,1
2025-03-01,308.14588099177564,234,lstm_corr_top1_rand2,f5,1
2025-04-01,197.93208185589566,234,lstm_corr_top1_rand2,f5,1
2025-05-01,130.70199432998032,234,lstm_corr_top1_rand2,f5,1
2025-06-01,320.2291701927448,234,lstm_corr_top1_rand2,f5,1
2025-07-01,160.6488833226044,234,lstm_corr_top1_rand2,f5,1
2025-08-01,195.71679303859722,234,lstm_corr_top1_rand2,f5,1
2025-09-01,195.0372395454423,234,lstm_corr_top1_rand2,f5,1
2025-10-01,205.31559107319433,234,lstm_corr_top1_rand2,f5,1
2025-11-01,226.12395461308193,234,lstm_corr_top1_rand2,f5,1
2025-12-01,221.37313266596325,234,lstm_corr_top1_rand2,f5,1
2026-01-01,246.37470036531664,234,lstm_corr_top1_rand2,f5,1
2026-02-01,310.16465157502716,234,lstm_corr_top1_rand2,f5,1
2026-03-01,241.1215899619604,234,lstm_corr_top1_rand2,f5,1
2026-04-01,234.41013554079308,234,lstm_corr_top1_rand2,f5,1
2026-05-01,185.6846314691573,234,lstm_corr_top1_rand2,f5,1
2025-03-01,286.4570796524415,234,lstm_corr_top1_era5_rand2,f5,1
2025-04-01,182.85547723855737,234,lstm_corr_top1_era5_rand2,f5,1
2025-05-01,119.92916722740998,234,lstm_corr_top1_era5_rand2,f5,1
2025-06-01,299.6575788698995,234,lstm_corr_top1_era5_rand2,f5,1
2025-07-01,149.4758914913731,234,lstm_corr_top1_era5_rand2,f5,1
2025-08-01,187.2718798914325,234,lstm_corr_top1_era5_rand2,f5,1
2025-09-01,179.20589532049533,234,lstm_corr_top1_era5_rand2,f5,1
2025-10-01,193.17962211745296,234,lstm_corr_top1_era5_rand2,f5,1
2025-11-01,205.9186527095857,234,lstm_corr_top1_era5_rand2,f5,1
2025-12-01,196.68502060039637,234,lstm_corr_top1_era5_rand2,f5,1
2026-01-01,224.86028400230518,234,lstm_corr_top1_era5_rand2,f5,1
2026-02-01,290.7306682111092,234,lstm_corr_top1_era5_rand2,f5,1
2026-03-01,209.21566773122242,234,lstm_corr_top1_era5_rand2,f5,1
2026-04-01,191.2263640165647,234,lstm_corr_top1_era5_rand2,f5,1
2026-05-01,173.58737445913775,234,lstm_corr_top1_era5_rand2,f5,1
2025-03-01,306.53874765116655,234,lstm_corr_top1_rand3,f5,1
2025-04-01,197.16667156194507,234,lstm_corr_top1_rand3,f5,1
2025-05-01,130.0625418606964,234,lstm_corr_top1_rand3,f5,1
2025-06-01,321.40708739385514,234,lstm_corr_top1_rand3,f5,1
2025-07-01,163.49488414194678,234,lstm_corr_top1_rand3,f5,1
2025-08-01,195.36578784474432,234,lstm_corr_top1_rand3,f5,1
2025-09-01,193.72912235762755,234,lstm_corr_top1_rand3,f5,1
2025-10-01,204.72890901768747,234,lstm_corr_top1_rand3,f5,1
2025-11-01,226.6771243790599,234,lstm_corr_top1_rand3,f5,1
2025-12-01,223.1083066718339,234,lstm_corr_top1_rand3,f5,1
2026-01-01,250.3863519250209,234,lstm_corr_top1_rand3,f5,1
2026-02-01,309.01789473811493,234,lstm_corr_top1_rand3,f5,1
2026-03-01,239.84485409560807,234,lstm_corr_top1_rand3,f5,1
2026-04-01,233.25634625313967,234,lstm_corr_top1_rand3,f5,1
2026-05-01,181.85235695284902,234,lstm_corr_top1_rand3,f5,1
2025-03-01,288.1359981470395,234,lstm_corr_top1_era5_rand3,f5,1
2025-04-01,183.90442325896376,234,lstm_corr_top1_era5_rand3,f5,1
2025-05-01,121.74869746765336,234,lstm_corr_top1_era5_rand3,f5,1
2025-06-01,303.7885823606597,234,lstm_corr_top1_era5_rand3,f5,1
2025-07-01,149.97057688421708,234,lstm_corr_top1_era5_rand3,f5,1
2025-08-01,190.71244848132721,234,lstm_corr_top1_era5_rand3,f5,1
2025-09-01,182.35815811830858,234,lstm_corr_top1_era5_rand3,f5,1
2025-10-01,194.13170156766074,234,lstm_corr_top1_era5_rand3,f5,1
2025-11-01,206.07370928712947,234,lstm_corr_top1_era5_rand3,f5,1
2025-12-01,199.03505021203958,234,lstm_corr_top1_era5_rand3,f5,1
2026-01-01,225.3517549723102,234,lstm_corr_top1_era5_rand3,f5,1
2026-02-01,291.49605631898487,234,lstm_corr_top1_era5_rand3,f5,1
2026-03-01,209.04607868833816,234,lstm_corr_top1_era5_rand3,f5,1
2026-04-01,187.8968247007866,234,lstm_corr_top1_era5_rand3,f5,1
2026-05-01,170.36480181033363,234,lstm_corr_top1_era5_rand3,f5,1
2025-03-01,305.75816067508094,234,lstm_corr_top1_rand4,f5,1
2025-04-01,198.88373146669628,234,lstm_corr_top1_rand4,f5,1
2025-05-01,131.16247603234663,234,lstm_corr_top1_rand4,f5,1
2025-06-01,322.0920389357508,234,lstm_corr_top1_rand4,f5,1
2025-07-01,163.36631376461503,234,lstm_corr_top1_rand4,f5,1
2025-08-01,199.8203047520148,234,lstm_corr_top1_rand4,f5,1
2025-09-01,195.34448897542129,234,lstm_corr_top1_rand4,f5,1
2025-10-01,204.92798869159412,234,lstm_corr_top1_rand4,f5,1
2025-11-01,229.16241280727894,234,lstm_corr_top1_rand4,f5,1
2025-12-01,223.96947384409563,234,lstm_corr_top1_rand4,f5,1
2026-01-01,250.9903676711065,234,lstm_corr_top1_rand4,f5,1
2026-02-01,309.2053492802536,234,lstm_corr_top1_rand4,f5,1
2026-03-01,243.60909953141856,234,lstm_corr_top1_rand4,f5,1
2026-04-01,232.51231124686083,234,lstm_corr_top1_rand4,f5,1
2026-05-01,185.3045255219016,234,lstm_corr_top1_rand4,f5,1
2025-03-01,292.1139781290927,234,lstm_corr_top1_era5_rand4,f5,1
2025-04-01,185.43334627163978,234,lstm_corr_top1_era5_rand4,f5,1
2025-05-01,124.758623703901,234,lstm_corr_top1_era5_rand4,f5,1
2025-06-01,303.5697873732113,234,lstm_corr_top1_era5_rand4,f5,1
2025-07-01,150.46096337730222,234,lstm_corr_top1_era5_rand4,f5,1
2025-08-01,190.0591681728885,234,lstm_corr_top1_era5_rand4,f5,1
2025-09-01,186.86298676599623,234,lstm_corr_top1_era5_rand4,f5,1
2025-10-01,194.87424384458413,234,lstm_corr_top1_era5_rand4,f5,1
2025-11-01,207.8055818048086,234,lstm_corr_top1_era5_rand4,f5,1
2025-12-01,197.4416481419565,234,lstm_corr_top1_era5_rand4,f5,1
2026-01-01,226.5196261044574,234,lstm_corr_top1_era5_rand4,f5,1
2026-02-01,287.797145259502,234,lstm_corr_top1_era5_rand4,f5,1
2026-03-01,213.58307071462804,234,lstm_corr_top1_era5_rand4,f5,1
2026-04-01,192.4741746372984,234,lstm_corr_top1_era5_rand4,f5,1
2026-05-01,171.10838245016794,234,lstm_corr_top1_era5_rand4,f5,1
2025-03-01,306.4022469960716,234,lstm_corr_top1_rand5,f5,1
2025-04-01,198.65585184191747,234,lstm_corr_top1_rand5,f5,1
2025-05-01,129.49801086925953,234,lstm_corr_top1_rand5,f5,1
2025-06-01,321.982547312984,234,lstm_corr_top1_rand5,f5,1
2025-07-01,163.45121251894753,234,lstm_corr_top1_rand5,f5,1
2025-08-01,197.19230013481604,234,lstm_corr_top1_rand5,f5,1
2025-09-01,194.6492879598853,234,lstm_corr_top1_rand5,f5,1
2025-10-01,202.77737102351813,234,lstm_corr_top1_rand5,f5,1
2025-11-01,225.12758856146058,234,lstm_corr_top1_rand5,f5,1
2025-12-01,222.78483100948011,234,lstm_corr_top1_rand5,f5,1
2026-01-01,249.62922341451474,234,lstm_corr_top1_rand5,f5,1
2026-02-01,308.60762263753566,234,lstm_corr_top1_rand5,f5,1
2026-03-01,243.36669371514645,234,lstm_corr_top1_rand5,f5,1
2026-04-01,231.6063102079976,234,lstm_corr_top1_rand5,f5,1
2026-05-01,182.65281261141942,234,lstm_corr_top1_rand5,f5,1
2025-03-01,286.620750494852,234,lstm_corr_top1_era5_rand5,f5,1
2025-04-01,177.93205979532624,234,lstm_corr_top1_era5_rand5,f5,1
2025-05-01,118.13776553418349,234,lstm_corr_top1_era5_rand5,f5,1
2025-06-01,298.1889786905202,234,lstm_corr_top1_era5_rand5,f5,1
2025-07-01,155.2288751830871,234,lstm_corr_top1_era5_rand5,f5,1
2025-08-01,185.7486012008618,234,lstm_corr_top1_era5_rand5,f5,1
2025-09-01,175.08406621285317,234,lstm_corr_top1_era5_rand5,f5,1
2025-10-01,195.11988955857956,234,lstm_corr_top1_era5_rand5,f5,1
2025-11-01,202.95879745586956,234,lstm_corr_top1_era5_rand5,f5,1
2025-12-01,195.8181499707792,234,lstm_corr_top1_era5_rand5,f5,1
2026-01-01,221.46918494805269,234,lstm_corr_top1_era5_rand5,f5,1
2026-02-01,283.31480773361517,234,lstm_corr_top1_era5_rand5,f5,1
2026-03-01,210.34100472417836,234,lstm_corr_top1_era5_rand5,f5,1
2026-04-01,190.25194925622074,234,lstm_corr_top1_era5_rand5,f5,1
2026-05-01,173.8976143553884,234,lstm_corr_top1_era5_rand5,f5,1
2025-03-01,305.1993333133995,234,lstm_corr_top1_rand6,f5,1
2025-04-01,198.53826231512608,234,lstm_corr_top1_rand6,f5,1
2025-05-01,131.34497725008745,234,lstm_corr_top1_rand6,f5,1
2025-06-01,319.7092301478744,234,lstm_corr_top1_rand6,f5,1
2025-07-01,164.65046308128242,234,lstm_corr_top1_rand6,f5,1
2025-08-01,196.5050437348147,234,lstm_corr_top1_rand6,f5,1
2025-09-01,195.1873294129601,234,lstm_corr_top1_rand6,f5,1
2025-10-01,204.25055198068452,234,lstm_corr_top1_rand6,f5,1
2025-11-01,227.9540375839511,234,lstm_corr_top1_rand6,f5,1
2025-12-01,222.68804502159608,234,lstm_corr_top1_rand6,f5,1
2026-01-01,249.98206570927195,234,lstm_corr_top1_rand6,f5,1
2026-02-01,307.11623969974715,234,lstm_corr_top1_rand6,f5,1
2026-03-01,242.54392122526116,234,lstm_corr_top1_rand6,f5,1
2026-04-01,235.82488143883273,234,lstm_corr_top1_rand6,f5,1
2026-05-01,185.5976778478666,234,lstm_corr_top1_rand6,f5,1
2025-03-01,293.1680031258069,234,lstm_corr_top1_era5_rand6,f5,1
2025-04-01,183.5608611669191,234,lstm_corr_top1_era5_rand6,f5,1
2025-05-01,123.02377777244982,234,lstm_corr_top1_era5_rand6,f5,1
2025-06-01,300.7858408732189,234,lstm_corr_top1_era5_rand6,f5,1
2025-07-01,151.3929922010205,234,lstm_corr_top1_era5_rand6,f5,1
2025-08-01,188.7193991488199,234,lstm_corr_top1_era5_rand6,f5,1
2025-09-01,183.29106665054778,234,lstm_corr_top1_era5_rand6,f5,1
2025-10-01,194.9221674984615,234,lstm_corr_top1_era5_rand6,f5,1
2025-11-01,202.82982910200352,234,lstm_corr_top1_era5_rand6,f5,1
2025-12-01,195.92650971407136,234,lstm_corr_top1_era5_rand6,f5,1
2026-01-01,229.63540240427446,234,lstm_corr_top1_era5_rand6,f5,1
2026-02-01,289.41385073537015,234,lstm_corr_top1_era5_rand6,f5,1
2026-03-01,214.7499062343449,234,lstm_corr_top1_era5_rand6,f5,1
2026-04-01,194.82603654803603,234,lstm_corr_top1_era5_rand6,f5,1
2026-05-01,169.61458802230294,234,lstm_corr_top1_era5_rand6,f5,1
2025-03-01,304.51516427763727,234,lstm_corr_top1_rand7,f5,1
2025-04-01,199.38634647601452,234,lstm_corr_top1_rand7,f5,1
2025-05-01,130.93562558847665,234,lstm_corr_top1_rand7,f5,1
2025-06-01,323.125222670714,234,lstm_corr_top1_rand7,f5,1
2025-07-01,164.60685443284257,234,lstm_corr_top1_rand7,f5,1
2025-08-01,199.20835598592262,234,lstm_corr_top1_rand7,f5,1
2025-09-01,195.85684500156043,234,lstm_corr_top1_rand7,f5,1
2025-10-01,203.72519181420301,234,lstm_corr_top1_rand7,f5,1
2025-11-01,228.21846630202668,234,lstm_corr_top1_rand7,f5,1
2025-12-01,224.86444017765487,234,lstm_corr_top1_rand7,f5,1
2026-01-01,251.51405051995886,234,lstm_corr_top1_rand7,f5,1
2026-02-01,307.4777255846424,234,lstm_corr_top1_rand7,f5,1
2026-03-01,243.1574399328779,234,lstm_corr_top1_rand7,f5,1
2026-04-01,232.6102258306501,234,lstm_corr_top1_rand7,f5,1
2026-05-01,184.0718826877345,234,lstm_corr_top1_rand7,f5,1
2025-03-01,284.9223077213679,234,lstm_corr_top1_era5_rand7,f5,1
2025-04-01,179.5080314570608,234,lstm_corr_top1_era5_rand7,f5,1
2025-05-01,122.33694513514273,234,lstm_corr_top1_era5_rand7,f5,1
2025-06-01,299.3318764044232,234,lstm_corr_top1_era5_rand7,f5,1
2025-07-01,151.25150866432313,234,lstm_corr_top1_era5_rand7,f5,1
2025-08-01,188.71756609458774,234,lstm_corr_top1_era5_rand7,f5,1
2025-09-01,181.85862904401353,234,lstm_corr_top1_era5_rand7,f5,1
2025-10-01,194.38451309904187,234,lstm_corr_top1_era5_rand7,f5,1
2025-11-01,207.28447587663777,234,lstm_corr_top1_era5_rand7,f5,1
2025-12-01,198.39105302099222,234,lstm_corr_top1_era5_rand7,f5,1
2026-01-01,222.95650684248918,234,lstm_corr_top1_era5_rand7,f5,1
2026-02-01,288.4016683119294,234,lstm_corr_top1_era5_rand7,f5,1
2026-03-01,208.54120297059302,234,lstm_corr_top1_era5_rand7,f5,1
2026-04-01,188.90944201474014,234,lstm_corr_top1_era5_rand7,f5,1
2026-05-01,176.75458114134457,234,lstm_corr_top1_era5_rand7,f5,1
2025-03-01,307.4508324967253,234,lstm_corr_top1_rand8,f5,1
2025-04-01,199.13849041948836,234,lstm_corr_top1_rand8,f5,1
2025-05-01,130.54896615340448,234,lstm_corr_top1_rand8,f5,1
2025-06-01,321.39422663293794,234,lstm_corr_top1_rand8,f5,1
2025-07-01,165.2545087645984,234,lstm_corr_top1_rand8,f5,1
2025-08-01,198.07885633336622,234,lstm_corr_top1_rand8,f5,1
2025-09-01,195.6477161772301,234,lstm_corr_top1_rand8,f5,1
2025-10-01,202.63862649188218,234,lstm_corr_top1_rand8,f5,1
2025-11-01,225.82745987023196,234,lstm_corr_top1_rand8,f5,1
2025-12-01,223.4269739773623,234,lstm_corr_top1_rand8,f5,1
2026-01-01,249.92241126033917,234,lstm_corr_top1_rand8,f5,1
2026-02-01,307.5999526374649,234,lstm_corr_top1_rand8,f5,1
2026-03-01,243.7087627609859,234,lstm_corr_top1_rand8,f5,1
2026-04-01,233.08785749452414,234,lstm_corr_top1_rand8,f5,1
2026-05-01,184.11408308709045,234,lstm_corr_top1_rand8,f5,1
2025-03-01,287.03849539045694,234,lstm_corr_top1_era5_rand8,f5,1
2025-04-01,182.4796434370794,234,lstm_corr_top1_era5_rand8,f5,1
2025-05-01,119.08144320255032,234,lstm_corr_top1_era5_rand8,f5,1
2025-06-01,304.9869574184509,234,lstm_corr_top1_era5_rand8,f5,1
2025-07-01,151.85451652582506,234,lstm_corr_top1_era5_rand8,f5,1
2025-08-01,186.2851770038612,234,lstm_corr_top1_era5_rand8,f5,1
2025-09-01,181.95938509322042,234,lstm_corr_top1_era5_rand8,f5,1
2025-10-01,196.35192383603714,234,lstm_corr_top1_era5_rand8,f5,1
2025-11-01,202.9995858279047,234,lstm_corr_top1_era5_rand8,f5,1
2025-12-01,198.41389130507307,234,lstm_corr_top1_era5_rand8,f5,1
2026-01-01,221.4486383946699,234,lstm_corr_top1_era5_rand8,f5,1
2026-02-01,287.44563053244644,234,lstm_corr_top1_era5_rand8,f5,1
2026-03-01,207.28171099618805,234,lstm_corr_top1_era5_rand8,f5,1
2026-04-01,190.8921331800219,234,lstm_corr_top1_era5_rand8,f5,1
2026-05-01,172.07809552231555,234,lstm_corr_top1_era5_rand8,f5,1
2025-03-01,306.6033530470895,234,lstm_corr_top1_rand9,f5,1
2025-04-01,199.6113546683368,234,lstm_corr_top1_rand9,f5,1
2025-05-01,131.94023714325198,234,lstm_corr_top1_rand9,f5,1
2025-06-01,324.596201003471,234,lstm_corr_top1_rand9,f5,1
2025-07-01,164.30478775251848,234,lstm_corr_top1_rand9,f5,1
2025-08-01,199.6119701731464,234,lstm_corr_top1_rand9,f5,1
2025-09-01,196.89784336136606,234,lstm_corr_top1_rand9,f5,1
2025-10-01,205.8057025362164,234,lstm_corr_top1_rand9,f5,1
2025-11-01,229.09745071061792,234,lstm_corr_top1_rand9,f5,1
2025-12-01,225.18295589270392,234,lstm_corr_top1_rand9,f5,1
2026-01-01,251.79715211255876,234,lstm_corr_top1_rand9,f5,1
2026-02-01,306.69706613116193,234,lstm_corr_top1_rand9,f5,1
2026-03-01,244.43044565061297,234,lstm_corr_top1_rand9,f5,1
2026-04-01,234.18970364027373,234,lstm_corr_top1_rand9,f5,1
2026-05-01,186.8231811070155,234,lstm_corr_top1_rand9,f5,1
2025-03-01,289.53534184858523,234,lstm_corr_top1_era5_rand9,f5,1
2025-04-01,180.83274093477274,234,lstm_corr_top1_era5_rand9,f5,1
2025-05-01,126.1463608315509,234,lstm_corr_top1_era5_rand9,f5,1
2025-06-01,303.9424260378311,234,lstm_corr_top1_era5_rand9,f5,1
2025-07-01,152.81106025571935,234,lstm_corr_top1_era5_rand9,f5,1
2025-08-01,187.50314003705338,234,lstm_corr_top1_era5_rand9,f5,1
2025-09-01,179.05201529136173,234,lstm_corr_top1_era5_rand9,f5,1
2025-10-01,197.37627433410788,234,lstm_corr_top1_era5_rand9,f5,1
2025-11-01,206.42188944268221,234,lstm_corr_top1_era5_rand9,f5,1
2025-12-01,194.92209857219527,234,lstm_corr_top1_era5_rand9,f5,1
2026-01-01,225.35174553170475,234,lstm_corr_top1_era5_rand9,f5,1
2026-02-01,286.36909404451114,234,lstm_corr_top1_era5_rand9,f5,1
2026-03-01,206.9569720663944,234,lstm_corr_top1_era5_rand9,f5,1
2026-04-01,190.87022232637213,234,lstm_corr_top1_era5_rand9,f5,1
2026-05-01,175.89447141016439,234,lstm_corr_top1_era5_rand9,f5,1
2025-03-01,305.6497590175263,234,lstm_corr_top1_rand10,f5,1
2025-04-01,199.0496035907496,234,lstm_corr_top1_rand10,f5,1
2025-05-01,132.97957178587038,234,lstm_corr_top1_rand10,f5,1
2025-06-01,321.4727137292006,234,lstm_corr_top1_rand10,f5,1
2025-07-01,165.32024367104975,234,lstm_corr_top1_rand10,f5,1
2025-08-01,197.73107629085487,234,lstm_corr_top1_rand10,f5,1
2025-09-01,194.98671216586607,234,lstm_corr_top1_rand10,f5,1
2025-10-01,204.95835299636147,234,lstm_corr_top1_rand10,f5,1
2025-11-01,228.26545648779788,234,lstm_corr_top1_rand10,f5,1
2025-12-01,224.16246994855322,234,lstm_corr_top1_rand10,f5,1
2026-01-01,251.64677640423253,234,lstm_corr_top1_rand10,f5,1
2026-02-01,308.4755524417785,234,lstm_corr_top1_rand10,f5,1
2026-03-01,244.6001699202163,234,lstm_corr_top1_rand10,f5,1
2026-04-01,234.03244199630504,234,lstm_corr_top1_rand10,f5,1
2026-05-01,188.6292321849406,234,lstm_corr_top1_rand10,f5,1
2025-03-01,286.2616350246892,234,lstm_corr_top1_era5_rand10,f5,1
2025-04-01,177.934621239822,234,lstm_corr_top1_era5_rand10,f5,1
2025-05-01,120.58443554084099,234,lstm_corr_top1_era5_rand10,f5,1
2025-06-01,300.5598734029007,234,lstm_corr_top1_era5_rand10,f5,1
2025-07-01,146.98361638009106,234,lstm_corr_top1_era5_rand10,f5,1
2025-08-01,187.49326082742755,234,lstm_corr_top1_era5_rand10,f5,1
2025-09-01,182.38807503274973,234,lstm_corr_top1_era5_rand10,f5,1
2025-10-01,195.2462992702694,234,lstm_corr_top1_era5_rand10,f5,1
2025-11-01,203.67016254640055,234,lstm_corr_top1_era5_rand10,f5,1
2025-12-01,196.5280565528526,234,lstm_corr_top1_era5_rand10,f5,1
2026-01-01,224.16139806546252,234,lstm_corr_top1_era5_rand10,f5,1
2026-02-01,286.18809606638894,234,lstm_corr_top1_era5_rand10,f5,1
2026-03-01,208.09538092824363,234,lstm_corr_top1_era5_rand10,f5,1
2026-04-01,186.29369043668197,234,lstm_corr_top1_era5_rand10,f5,1
2026-05-01,170.9471806748704,234,lstm_corr_top1_era5_rand10,f5,1
2025-03-01,305.7512012850492,234,lstm_corr_top1_rand11,f5,1
2025-04-01,200.3798469016351,234,lstm_corr_top1_rand11,f5,1
2025-05-01,131.824794150211,234,lstm_corr_top1_rand11,f5,1
2025-06-01,321.70728188649235,234,lstm_corr_top1_rand11,f5,1
2025-07-01,164.52238679502557,234,lstm_corr_top1_rand11,f5,1
2025-08-01,196.30303434585164,234,lstm_corr_top1_rand11,f5,1
2025-09-01,195.5188023358831,234,lstm_corr_top1_rand11,f5,1
2025-10-01,203.51719288759168,234,lstm_corr_top1_rand11,f5,1
2025-11-01,225.95698703192502,234,lstm_corr_top1_rand11,f5,1
2025-12-01,223.43554894627556,234,lstm_corr_top1_rand11,f5,1
2026-01-01,251.20112001571502,234,lstm_corr_top1_rand11,f5,1
2026-02-01,309.56467250057534,234,lstm_corr_top1_rand11,f5,1
2026-03-01,242.87506254413188,234,lstm_corr_top1_rand11,f5,1
2026-04-01,233.4254864767358,234,lstm_corr_top1_rand11,f5,1
2026-05-01,185.84158106781192,234,lstm_corr_top1_rand11,f5,1
2025-03-01,286.279748769556,234,lstm_corr_top1_era5_rand11,f5,1
2025-04-01,180.58337340666728,234,lstm_corr_top1_era5_rand11,f5,1
2025-05-01,121.05460095433322,234,lstm_corr_top1_era5_rand11,f5,1
2025-06-01,302.43455317914936,234,lstm_corr_top1_era5_rand11,f5,1
2025-07-01,151.12509326067217,234,lstm_corr_top1_era5_rand11,f5,1
2025-08-01,185.33509718249658,234,lstm_corr_top1_era5_rand11,f5,1
2025-09-01,181.29477371897354,234,lstm_corr_top1_era5_rand11,f5,1
2025-10-01,193.33306811029283,234,lstm_corr_top1_era5_rand11,f5,1
2025-11-01,203.68700846934087,234,lstm_corr_top1_era5_rand11,f5,1
2025-12-01,195.76110995066793,234,lstm_corr_top1_era5_rand11,f5,1
2026-01-01,226.61845805803074,234,lstm_corr_top1_era5_rand11,f5,1
2026-02-01,288.9992192588953,234,lstm_corr_top1_era5_rand11,f5,1
2026-03-01,207.5026839291828,234,lstm_corr_top1_era5_rand11,f5,1
2026-04-01,187.3673419026637,234,lstm_corr_top1_era5_rand11,f5,1
2026-05-01,173.63468519545958,234,lstm_corr_top1_era5_rand11,f5,1
2025-03-01,306.30230300450626,234,lstm_corr_top1_rand12,f5,1
2025-04-01,198.53626870949407,234,lstm_corr_top1_rand12,f5,1
2025-05-01,128.90847036465368,234,lstm_corr_top1_rand12,f5,1
2025-06-01,323.0972179999439,234,lstm_corr_top1_rand12,f5,1
2025-07-01,163.65155365011307,234,lstm_corr_top1_rand12,f5,1
2025-08-01,197.07664513504167,234,lstm_corr_top1_rand12,f5,1
2025-09-01,194.69878290032807,234,lstm_corr_top1_rand12,f5,1
2025-10-01,203.3386680568687,234,lstm_corr_top1_rand12,f5,1
2025-11-01,226.88778842756673,234,lstm_corr_top1_rand12,f5,1
2025-12-01,222.89333604724192,234,lstm_corr_top1_rand12,f5,1
2026-01-01,251.4331257699631,234,lstm_corr_top1_rand12,f5,1
2026-02-01,306.4444210994155,234,lstm_corr_top1_rand12,f5,1
2026-03-01,242.68063541167683,234,lstm_corr_top1_rand12,f5,1
2026-04-01,231.56386245630208,234,lstm_corr_top1_rand12,f5,1
2026-05-01,181.86729180801188,234,lstm_corr_top1_rand12,f5,1
2025-03-01,283.94024999525044,234,lstm_corr_top1_era5_rand12,f5,1
2025-04-01,179.91992067385692,234,lstm_corr_top1_era5_rand12,f5,1
2025-05-01,120.12411134143079,234,lstm_corr_top1_era5_rand12,f5,1
2025-06-01,300.27919303398255,234,lstm_corr_top1_era5_rand12,f5,1
2025-07-01,150.12115471730021,234,lstm_corr_top1_era5_rand12,f5,1
2025-08-01,186.84559509728626,234,lstm_corr_top1_era5_rand12,f5,1
2025-09-01,179.70514629440513,234,lstm_corr_top1_era5_rand12,f5,1
2025-10-01,194.7700505633878,234,lstm_corr_top1_era5_rand12,f5,1
2025-11-01,203.79182620955655,234,lstm_corr_top1_era5_rand12,f5,1
2025-12-01,196.1122364783548,234,lstm_corr_top1_era5_rand12,f5,1
2026-01-01,223.7113593978033,234,lstm_corr_top1_era5_rand12,f5,1
2026-02-01,286.92166120933973,234,lstm_corr_top1_era5_rand12,f5,1
2026-03-01,206.64977362660625,234,lstm_corr_top1_era5_rand12,f5,1
2026-04-01,187.81511519438763,234,lstm_corr_top1_era5_rand12,f5,1
2026-05-01,172.63318172253219,234,lstm_corr_top1_era5_rand12,f5,1
2025-03-01,305.8667269313433,234,lstm_corr_top1_rand13,f5,1
2025-04-01,198.29351714821294,234,lstm_corr_top1_rand13,f5,1
2025-05-01,130.92616905444103,234,lstm_corr_top1_rand13,f5,1
2025-06-01,322.64246585990713,234,lstm_corr_top1_rand13,f5,1
2025-07-01,164.86580096108807,234,lstm_corr_top1_rand13,f5,1
2025-08-01,197.66771401365466,234,lstm_corr_top1_rand13,f5,1
2025-09-01,194.77919514788408,234,lstm_corr_top1_rand13,f5,1
2025-10-01,203.14492263072532,234,lstm_corr_top1_rand13,f5,1
2025-11-01,226.19894733938992,234,lstm_corr_top1_rand13,f5,1
2025-12-01,222.28297026887395,234,lstm_corr_top1_rand13,f5,1
2026-01-01,250.47255181310274,234,lstm_corr_top1_rand13,f5,1
2026-02-01,308.1782734417573,234,lstm_corr_top1_rand13,f5,1
2026-03-01,243.70727896601886,234,lstm_corr_top1_rand13,f5,1
2026-04-01,232.06231577300846,234,lstm_corr_top1_rand13,f5,1
2026-05-01,185.74045903563865,234,lstm_corr_top1_rand13,f5,1
2025-03-01,291.9587902861331,234,lstm_corr_top1_era5_rand13,f5,1
2025-04-01,182.7677422384853,234,lstm_corr_top1_era5_rand13,f5,1
2025-05-01,122.81576174675087,234,lstm_corr_top1_era5_rand13,f5,1
2025-06-01,303.68903808535805,234,lstm_corr_top1_era5_rand13,f5,1
2025-07-01,151.1709741546275,234,lstm_corr_top1_era5_rand13,f5,1
2025-08-01,189.05015643467283,234,lstm_corr_top1_era5_rand13,f5,1
2025-09-01,187.7261174360719,234,lstm_corr_top1_era5_rand13,f5,1
2025-10-01,194.4977946769029,234,lstm_corr_top1_era5_rand13,f5,1
2025-11-01,208.81824966263005,234,lstm_corr_top1_era5_rand13,f5,1
2025-12-01,200.58476807931288,234,lstm_corr_top1_era5_rand13,f5,1
2026-01-01,228.00738098330697,234,lstm_corr_top1_era5_rand13,f5,1
2026-02-01,291.90942577478785,234,lstm_corr_top1_era5_rand13,f5,1
2026-03-01,215.62459012522604,234,lstm_corr_top1_era5_rand13,f5,1
2026-04-01,192.48560018149016,234,lstm_corr_top1_era5_rand13,f5,1
2026-05-01,172.41972967073045,234,lstm_corr_top1_era5_rand13,f5,1
2025-03-01,306.42657639801223,234,lstm_corr_top1_rand14,f5,1
2025-04-01,199.2258568733134,234,lstm_corr_top1_rand14,f5,1
2025-05-01,131.65536924376065,234,lstm_corr_top1_rand14,f5,1
2025-06-01,321.2476202727023,234,lstm_corr_top1_rand14,f5,1
2025-07-01,163.42696855308017,234,lstm_corr_top1_rand14,f5,1
2025-08-01,199.16419783709682,234,lstm_corr_top1_rand14,f5,1
2025-09-01,194.81148611577873,234,lstm_corr_top1_rand14,f5,1
2025-10-01,204.74353189926717,234,lstm_corr_top1_rand14,f5,1
2025-11-01,227.35241923900742,234,lstm_corr_top1_rand14,f5,1
2025-12-01,224.14452003140704,234,lstm_corr_top1_rand14,f5,1
2026-01-01,247.04147938890938,234,lstm_corr_top1_rand14,f5,1
2026-02-01,309.3412556057895,234,lstm_corr_top1_rand14,f5,1
2026-03-01,246.39143366151086,234,lstm_corr_top1_rand14,f5,1
2026-04-01,233.23016923333316,234,lstm_corr_top1_rand14,f5,1
2026-05-01,185.1181901824227,234,lstm_corr_top1_rand14,f5,1
2025-03-01,286.02269175008075,234,lstm_corr_top1_era5_rand14,f5,1
2025-04-01,182.82383266641432,234,lstm_corr_top1_era5_rand14,f5,1
2025-05-01,121.9575442992921,234,lstm_corr_top1_era5_rand14,f5,1
2025-06-01,305.0434456726627,234,lstm_corr_top1_era5_rand14,f5,1
2025-07-01,152.92677857740188,234,lstm_corr_top1_era5_rand14,f5,1
2025-08-01,186.7242374451748,234,lstm_corr_top1_era5_rand14,f5,1
2025-09-01,181.67206850900433,234,lstm_corr_top1_era5_rand14,f5,1
2025-10-01,196.10382077915327,234,lstm_corr_top1_era5_rand14,f5,1
2025-11-01,203.25188262986106,234,lstm_corr_top1_era5_rand14,f5,1
2025-12-01,195.313998707124,234,lstm_corr_top1_era5_rand14,f5,1
2026-01-01,221.82934229025966,234,lstm_corr_top1_era5_rand14,f5,1
2026-02-01,285.24610076329606,234,lstm_corr_top1_era5_rand14,f5,1
2026-03-01,208.72837610354944,234,lstm_corr_top1_era5_rand14,f5,1
2026-04-01,190.02885932847664,234,lstm_corr_top1_era5_rand14,f5,1
2026-05-01,173.16261075320688,234,lstm_corr_top1_era5_rand14,f5,1
2025-03-01,304.7561833984421,234,lstm_corr_top1_rand15,f5,1
2025-04-01,198.30902696885954,234,lstm_corr_top1_rand15,f5,1
2025-05-01,129.8253820260195,234,lstm_corr_top1_rand15,f5,1
2025-06-01,322.68897864922627,234,lstm_corr_top1_rand15,f5,1
2025-07-01,162.56776687104323,234,lstm_corr_top1_rand15,f5,1
2025-08-01,197.2627540614887,234,lstm_corr_top1_rand15,f5,1
2025-09-01,194.11356186906346,234,lstm_corr_top1_rand15,f5,1
2025-10-01,205.1865823346429,234,lstm_corr_top1_rand15,f5,1
2025-11-01,226.4891414936714,234,lstm_corr_top1_rand15,f5,1
2025-12-01,225.15406666007146,234,lstm_corr_top1_rand15,f5,1
2026-01-01,250.60543787121642,234,lstm_corr_top1_rand15,f5,1
2026-02-01,308.18119688694867,234,lstm_corr_top1_rand15,f5,1
2026-03-01,242.23660745138605,234,lstm_corr_top1_rand15,f5,1
2026-04-01,230.77997699819477,234,lstm_corr_top1_rand15,f5,1
2026-05-01,184.39605873845676,234,lstm_corr_top1_rand15,f5,1
2025-03-01,284.6665931749365,234,lstm_corr_top1_era5_rand15,f5,1
2025-04-01,182.94120803596965,234,lstm_corr_top1_era5_rand15,f5,1
2025-05-01,119.56191076487333,234,lstm_corr_top1_era5_rand15,f5,1
2025-06-01,302.88932515630626,234,lstm_corr_top1_era5_rand15,f5,1
2025-07-01,147.82385902884835,234,lstm_corr_top1_era5_rand15,f5,1
2025-08-01,189.90598547690064,234,lstm_corr_top1_era5_rand15,f5,1
2025-09-01,180.562470398812,234,lstm_corr_top1_era5_rand15,f5,1
2025-10-01,194.8204390758839,234,lstm_corr_top1_era5_rand15,f5,1
2025-11-01,204.61584009818293,234,lstm_corr_top1_era5_rand15,f5,1
2025-12-01,196.55097049523357,234,lstm_corr_top1_era5_rand15,f5,1
2026-01-01,222.72757789741124,234,lstm_corr_top1_era5_rand15,f5,1
2026-02-01,285.0662501726385,234,lstm_corr_top1_era5_rand15,f5,1
2026-03-01,208.83332937994476,234,lstm_corr_top1_era5_rand15,f5,1
2026-04-01,191.1778786362803,234,lstm_corr_top1_era5_rand15,f5,1
2026-05-01,170.75892843552626,234,lstm_corr_top1_era5_rand15,f5,1
2025-03-01,307.64918078088584,234,lstm_corr_top1_rand16,f5,1
2025-04-01,196.5881991931762,234,lstm_corr_top1_rand16,f5,1
2025-05-01,130.2445961445532,234,lstm_corr_top1_rand16,f5,1
2025-06-01,321.7435156047302,234,lstm_corr_top1_rand16,f5,1
2025-07-01,165.6730204261426,234,lstm_corr_top1_rand16,f5,1
2025-08-01,197.85656013009017,234,lstm_corr_top1_rand16,f5,1
2025-09-01,193.8451104559908,234,lstm_corr_top1_rand16,f5,1
2025-10-01,204.54320863583766,234,lstm_corr_top1_rand16,f5,1
2025-11-01,228.2301431937613,234,lstm_corr_top1_rand16,f5,1
2025-12-01,221.86047471747514,234,lstm_corr_top1_rand16,f5,1
2026-01-01,251.32616106706314,234,lstm_corr_top1_rand16,f5,1
2026-02-01,304.6144882902937,234,lstm_corr_top1_rand16,f5,1
2026-03-01,241.99259720736703,234,lstm_corr_top1_rand16,f5,1
2026-04-01,233.4164161042225,234,lstm_corr_top1_rand16,f5,1
2026-05-01,184.51898709851844,234,lstm_corr_top1_rand16,f5,1
2025-03-01,288.4268371457251,234,lstm_corr_top1_era5_rand16,f5,1
2025-04-01,180.23900668111648,234,lstm_corr_top1_era5_rand16,f5,1
2025-05-01,123.07215760464365,234,lstm_corr_top1_era5_rand16,f5,1
2025-06-01,300.74240149758504,234,lstm_corr_top1_era5_rand16,f5,1
2025-07-01,151.48423203630978,234,lstm_corr_top1_era5_rand16,f5,1
2025-08-01,187.79691471715026,234,lstm_corr_top1_era5_rand16,f5,1
2025-09-01,179.2053779022339,234,lstm_corr_top1_era5_rand16,f5,1
2025-10-01,193.63658322453776,234,lstm_corr_top1_era5_rand16,f5,1
2025-11-01,205.78250051034556,234,lstm_corr_top1_era5_rand16,f5,1
2025-12-01,195.6632460873421,234,lstm_corr_top1_era5_rand16,f5,1
2026-01-01,224.28684649704203,234,lstm_corr_top1_era5_rand16,f5,1
2026-02-01,287.41588469756437,234,lstm_corr_top1_era5_rand16,f5,1
2026-03-01,209.6566644147409,234,lstm_corr_top1_era5_rand16,f5,1
2026-04-01,189.96181436713013,234,lstm_corr_top1_era5_rand16,f5,1
2026-05-01,174.68990333063837,234,lstm_corr_top1_era5_rand16,f5,1
2025-03-01,306.83169757481613,234,lstm_corr_top1_rand17,f5,1
2025-04-01,196.90218870280546,234,lstm_corr_top1_rand17,f5,1
2025-05-01,130.40702388153417,234,lstm_corr_top1_rand17,f5,1
2025-06-01,319.44127321178036,234,lstm_corr_top1_rand17,f5,1
2025-07-01,163.85824881611916,234,lstm_corr_top1_rand17,f5,1
2025-08-01,195.66801962928557,234,lstm_corr_top1_rand17,f5,1
2025-09-01,193.9258408754889,234,lstm_corr_top1_rand17,f5,1
2025-10-01,204.25416311616593,234,lstm_corr_top1_rand17,f5,1
2025-11-01,225.2548262481393,234,lstm_corr_top1_rand17,f5,1
2025-12-01,219.64397729414586,234,lstm_corr_top1_rand17,f5,1
2026-01-01,248.63337925579177,234,lstm_corr_top1_rand17,f5,1
2026-02-01,306.03115920428706,234,lstm_corr_top1_rand17,f5,1
2026-03-01,242.7485904395901,234,lstm_corr_top1_rand17,f5,1
2026-04-01,234.70998729525635,234,lstm_corr_top1_rand17,f5,1
2026-05-01,183.93878371392836,234,lstm_corr_top1_rand17,f5,1
2025-03-01,287.6783354941594,234,lstm_corr_top1_era5_rand17,f5,1
2025-04-01,181.13080588877557,234,lstm_corr_top1_era5_rand17,f5,1
2025-05-01,123.0412735704531,234,lstm_corr_top1_era5_rand17,f5,1
2025-06-01,302.4642224416916,234,lstm_corr_top1_era5_rand17,f5,1
2025-07-01,149.0718820487551,234,lstm_corr_top1_era5_rand17,f5,1
2025-08-01,188.81926473540454,234,lstm_corr_top1_era5_rand17,f5,1
2025-09-01,180.7311527992347,234,lstm_corr_top1_era5_rand17,f5,1
2025-10-01,192.38686511908958,234,lstm_corr_top1_era5_rand17,f5,1
2025-11-01,203.63860979437484,234,lstm_corr_top1_era5_rand17,f5,1
2025-12-01,195.15867664032854,234,lstm_corr_top1_era5_rand17,f5,1
2026-01-01,225.54944472910316,234,lstm_corr_top1_era5_rand17,f5,1
2026-02-01,288.03953407035306,234,lstm_corr_top1_era5_rand17,f5,1
2026-03-01,207.38590700627515,234,lstm_corr_top1_era5_rand17,f5,1
2026-04-01,192.0169479488522,234,lstm_corr_top1_era5_rand17,f5,1
2026-05-01,173.0605584591807,234,lstm_corr_top1_era5_rand17,f5,1
2025-03-01,306.9476223461375,234,lstm_corr_top1_rand18,f5,1
2025-04-01,197.85451757972257,234,lstm_corr_top1_rand18,f5,1
2025-05-01,131.1901333519083,234,lstm_corr_top1_rand18,f5,1
2025-06-01,320.15105953071406,234,lstm_corr_top1_rand18,f5,1
2025-07-01,164.27978449894178,234,lstm_corr_top1_rand18,f5,1
2025-08-01,196.07550479222203,234,lstm_corr_top1_rand18,f5,1
2025-09-01,194.36809562573137,234,lstm_corr_top1_rand18,f5,1
2025-10-01,204.31949684420945,234,lstm_corr_top1_rand18,f5,1
2025-11-01,225.83968668032608,234,lstm_corr_top1_rand18,f5,1
2025-12-01,221.65041984800249,234,lstm_corr_top1_rand18,f5,1
2026-01-01,249.14759256727362,234,lstm_corr_top1_rand18,f5,1
2026-02-01,308.895118287344,234,lstm_corr_top1_rand18,f5,1
2026-03-01,243.77763502158555,234,lstm_corr_top1_rand18,f5,1
2026-04-01,233.3035050768297,234,lstm_corr_top1_rand18,f5,1
2026-05-01,185.58331077211696,234,lstm_corr_top1_rand18,f5,1
2025-03-01,285.5749458701292,234,lstm_corr_top1_era5_rand18,f5,1
2025-04-01,180.46198069884366,234,lstm_corr_top1_era5_rand18,f5,1
2025-05-01,121.60684838092853,234,lstm_corr_top1_era5_rand18,f5,1
2025-06-01,302.7985092691705,234,lstm_corr_top1_era5_rand18,f5,1
2025-07-01,152.63588279640493,234,lstm_corr_top1_era5_rand18,f5,1
2025-08-01,187.5872802571201,234,lstm_corr_top1_era5_rand18,f5,1
2025-09-01,180.42628537767635,234,lstm_corr_top1_era5_rand18,f5,1
2025-10-01,196.54062948731303,234,lstm_corr_top1_era5_rand18,f5,1
2025-11-01,205.24808755802536,234,lstm_corr_top1_era5_rand18,f5,1
2025-12-01,195.56772403711136,234,lstm_corr_top1_era5_rand18,f5,1
2026-01-01,221.9909530797035,234,lstm_corr_top1_era5_rand18,f5,1
2026-02-01,287.4770242086067,234,lstm_corr_top1_era5_rand18,f5,1
2026-03-01,208.91860330552552,234,lstm_corr_top1_era5_rand18,f5,1
2026-04-01,190.7866390553301,234,lstm_corr_top1_era5_rand18,f5,1
2026-05-01,175.90193684720543,234,lstm_corr_top1_era5_rand18,f5,1
2025-03-01,306.4111751938392,234,lstm_corr_top1_rand19,f5,1
2025-04-01,199.4587386383352,234,lstm_corr_top1_rand19,f5,1
2025-05-01,131.97728277989154,234,lstm_corr_top1_rand19,f5,1
2025-06-01,322.9476264567182,234,lstm_corr_top1_rand19,f5,1
2025-07-01,164.3784314813437,234,lstm_corr_top1_rand19,f5,1
2025-08-01,197.56897801977618,234,lstm_corr_top1_rand19,f5,1
2025-09-01,195.6585439772964,234,lstm_corr_top1_rand19,f5,1
2025-10-01,204.80220277651873,234,lstm_corr_top1_rand19,f5,1
2025-11-01,227.41593180345114,234,lstm_corr_top1_rand19,f5,1
2025-12-01,223.36036811284598,234,lstm_corr_top1_rand19,f5,1
2026-01-01,252.18328004996215,234,lstm_corr_top1_rand19,f5,1
2026-02-01,308.2457103035695,234,lstm_corr_top1_rand19,f5,1
2026-03-01,244.2907060785812,234,lstm_corr_top1_rand19,f5,1
2026-04-01,232.41072946938016,234,lstm_corr_top1_rand19,f5,1
2026-05-01,187.0151084679452,234,lstm_corr_top1_rand19,f5,1
2025-03-01,289.3023160468006,234,lstm_corr_top1_era5_rand19,f5,1
2025-04-01,179.13010894192797,234,lstm_corr_top1_era5_rand19,f5,1
2025-05-01,121.66527247754648,234,lstm_corr_top1_era5_rand19,f5,1
2025-06-01,300.0789137006705,234,lstm_corr_top1_era5_rand19,f5,1
2025-07-01,150.07974827195542,234,lstm_corr_top1_era5_rand19,f5,1
2025-08-01,185.9461244006856,234,lstm_corr_top1_era5_rand19,f5,1
2025-09-01,181.4876759898348,234,lstm_corr_top1_era5_rand19,f5,1
2025-10-01,194.17395829298962,234,lstm_corr_top1_era5_rand19,f5,1
2025-11-01,203.7033540378564,234,lstm_corr_top1_era5_rand19,f5,1
2025-12-01,193.56517070384362,234,lstm_corr_top1_era5_rand19,f5,1
2026-01-01,225.99130496875458,234,lstm_corr_top1_era5_rand19,f5,1
2026-02-01,287.36345359193393,234,lstm_corr_top1_era5_rand19,f5,1
2026-03-01,210.83248000261514,234,lstm_corr_top1_era5_rand19,f5,1
2026-04-01,193.16229143914504,234,lstm_corr_top1_era5_rand19,f5,1
2026-05-01,171.69693815099424,234,lstm_corr_top1_era5_rand19,f5,1
2025-04-01,246.0226509138131,234,lstm_corr_top1_rand0,f5,2
2025-05-01,197.21732046815006,234,lstm_corr_top1_rand0,f5,2
2025-06-01,332.3076457007916,234,lstm_corr_top1_rand0,f5,2
2025-07-01,225.73563969394706,234,lstm_corr_top1_rand0,f5,2
2025-08-01,235.00877377488072,234,lstm_corr_top1_rand0,f5,2
2025-09-01,233.4083753318493,234,lstm_corr_top1_rand0,f5,2
2025-10-01,265.88477299066443,234,lstm_corr_top1_rand0,f5,2
2025-11-01,279.8360747879456,234,lstm_corr_top1_rand0,f5,2
2025-12-01,256.8173238718017,234,lstm_corr_top1_rand0,f5,2
2026-01-01,267.3763932371972,234,lstm_corr_top1_rand0,f5,2
2026-02-01,378.49470006697567,234,lstm_corr_top1_rand0,f5,2
2026-03-01,290.7558327045084,234,lstm_corr_top1_rand0,f5,2
2026-04-01,306.5806050916668,234,lstm_corr_top1_rand0,f5,2
2026-05-01,281.4586351106191,234,lstm_corr_top1_rand0,f5,2
2025-04-01,234.11628971411008,234,lstm_corr_top1_era5_rand0,f5,2
2025-05-01,184.0110015881552,234,lstm_corr_top1_era5_rand0,f5,2
2025-06-01,334.29978300752856,234,lstm_corr_top1_era5_rand0,f5,2
2025-07-01,212.50906291487811,234,lstm_corr_top1_era5_rand0,f5,2
2025-08-01,239.4279988199094,234,lstm_corr_top1_era5_rand0,f5,2
2025-09-01,238.86590321882073,234,lstm_corr_top1_era5_rand0,f5,2
2025-10-01,266.12339996269105,234,lstm_corr_top1_era5_rand0,f5,2
2025-11-01,265.5803715029812,234,lstm_corr_top1_era5_rand0,f5,2
2025-12-01,242.88921206039987,234,lstm_corr_top1_era5_rand0,f5,2
2026-01-01,260.92894880418993,234,lstm_corr_top1_era5_rand0,f5,2
2026-02-01,380.5779382606618,234,lstm_corr_top1_era5_rand0,f5,2
2026-03-01,262.0799834264216,234,lstm_corr_top1_era5_rand0,f5,2
2026-04-01,284.73809204859356,234,lstm_corr_top1_era5_rand0,f5,2
2026-05-01,254.6733097474256,234,lstm_corr_top1_era5_rand0,f5,2
2025-04-01,246.60803997554308,234,lstm_corr_top1_rand1,f5,2
2025-05-01,196.41188356170176,234,lstm_corr_top1_rand1,f5,2
2025-06-01,331.2770297520493,234,lstm_corr_top1_rand1,f5,2
2025-07-01,225.20143723366485,234,lstm_corr_top1_rand1,f5,2
2025-08-01,236.097228897788,234,lstm_corr_top1_rand1,f5,2
2025-09-01,232.2405776898148,234,lstm_corr_top1_rand1,f5,2
2025-10-01,265.3998684472474,234,lstm_corr_top1_rand1,f5,2
2025-11-01,277.9669872774767,234,lstm_corr_top1_rand1,f5,2
2025-12-01,257.1579959299387,234,lstm_corr_top1_rand1,f5,2
2026-01-01,267.29487402331546,234,lstm_corr_top1_rand1,f5,2
2026-02-01,379.72110733819096,234,lstm_corr_top1_rand1,f5,2
2026-03-01,290.9440543576406,234,lstm_corr_top1_rand1,f5,2
2026-04-01,307.2821420114971,234,lstm_corr_top1_rand1,f5,2
2026-05-01,280.9278271058398,234,lstm_corr_top1_rand1,f5,2
2025-04-01,231.285491294904,234,lstm_corr_top1_era5_rand1,f5,2
2025-05-01,185.2810991819867,234,lstm_corr_top1_era5_rand1,f5,2
2025-06-01,334.47548127509185,234,lstm_corr_top1_era5_rand1,f5,2
2025-07-01,209.67981161568477,234,lstm_corr_top1_era5_rand1,f5,2
2025-08-01,240.49785064260496,234,lstm_corr_top1_era5_rand1,f5,2
2025-09-01,240.45360545506276,234,lstm_corr_top1_era5_rand1,f5,2
2025-10-01,267.0209092399165,234,lstm_corr_top1_era5_rand1,f5,2
2025-11-01,263.33026400443,234,lstm_corr_top1_era5_rand1,f5,2
2025-12-01,244.28838336136036,234,lstm_corr_top1_era5_rand1,f5,2
2026-01-01,262.31466512011394,234,lstm_corr_top1_era5_rand1,f5,2
2026-02-01,379.6480930648377,234,lstm_corr_top1_era5_rand1,f5,2
2026-03-01,263.2529811427145,234,lstm_corr_top1_era5_rand1,f5,2
2026-04-01,282.35939176931805,234,lstm_corr_top1_era5_rand1,f5,2
2026-05-01,250.7928128575524,234,lstm_corr_top1_era5_rand1,f5,2
2025-04-01,246.428457998119,234,lstm_corr_top1_rand2,f5,2
2025-05-01,197.88948302526458,234,lstm_corr_top1_rand2,f5,2
2025-06-01,333.15032897756856,234,lstm_corr_top1_rand2,f5,2
2025-07-01,225.67261341566206,234,lstm_corr_top1_rand2,f5,2
2025-08-01,235.95054957864474,234,lstm_corr_top1_rand2,f5,2
2025-09-01,232.52055921489097,234,lstm_corr_top1_rand2,f5,2
2025-10-01,265.68835761878273,234,lstm_corr_top1_rand2,f5,2
2025-11-01,278.3687232163315,234,lstm_corr_top1_rand2,f5,2
2025-12-01,255.82404574696824,234,lstm_corr_top1_rand2,f5,2
2026-01-01,269.762893851608,234,lstm_corr_top1_rand2,f5,2
2026-02-01,381.5297241802784,234,lstm_corr_top1_rand2,f5,2
2026-03-01,291.82594886709643,234,lstm_corr_top1_rand2,f5,2
2026-04-01,307.8874234901052,234,lstm_corr_top1_rand2,f5,2
2026-05-01,284.7432590511358,234,lstm_corr_top1_rand2,f5,2
2025-04-01,237.16852043469962,234,lstm_corr_top1_era5_rand2,f5,2
2025-05-01,183.37098519962308,234,lstm_corr_top1_era5_rand2,f5,2
2025-06-01,329.6023603367083,234,lstm_corr_top1_era5_rand2,f5,2
2025-07-01,207.43560235967223,234,lstm_corr_top1_era5_rand2,f5,2
2025-08-01,237.627621822281,234,lstm_corr_top1_era5_rand2,f5,2
2025-09-01,235.93896302855043,234,lstm_corr_top1_era5_rand2,f5,2
2025-10-01,261.95168138147693,234,lstm_corr_top1_era5_rand2,f5,2
2025-11-01,258.24523254489577,234,lstm_corr_top1_era5_rand2,f5,2
2025-12-01,237.11400715697647,234,lstm_corr_top1_era5_rand2,f5,2
2026-01-01,256.8323755672707,234,lstm_corr_top1_era5_rand2,f5,2
2026-02-01,381.83223268254574,234,lstm_corr_top1_era5_rand2,f5,2
2026-03-01,263.5657780131356,234,lstm_corr_top1_era5_rand2,f5,2
2026-04-01,284.41675946804867,234,lstm_corr_top1_era5_rand2,f5,2
2026-05-01,249.23321281264407,234,lstm_corr_top1_era5_rand2,f5,2
2025-04-01,246.90958519108455,234,lstm_corr_top1_rand3,f5,2
2025-05-01,197.72698996546217,234,lstm_corr_top1_rand3,f5,2
2025-06-01,330.9736846864899,234,lstm_corr_top1_rand3,f5,2
2025-07-01,224.16514496896642,234,lstm_corr_top1_rand3,f5,2
2025-08-01,234.55980564021942,234,lstm_corr_top1_rand3,f5,2
2025-09-01,233.88459880988142,234,lstm_corr_top1_rand3,f5,2
2025-10-01,265.50322927703854,234,lstm_corr_top1_rand3,f5,2
2025-11-01,279.4030132064194,234,lstm_corr_top1_rand3,f5,2
2025-12-01,256.34464202038833,234,lstm_corr_top1_rand3,f5,2
2026-01-01,267.42449394844493,234,lstm_corr_top1_rand3,f5,2
2026-02-01,380.4630468853786,234,lstm_corr_top1_rand3,f5,2
2026-03-01,291.59422146341103,234,lstm_corr_top1_rand3,f5,2
2026-04-01,304.8406426865127,234,lstm_corr_top1_rand3,f5,2
2026-05-01,279.86028752747677,234,lstm_corr_top1_rand3,f5,2
2025-04-01,232.83583084753258,234,lstm_corr_top1_era5_rand3,f5,2
2025-05-01,184.66036893702946,234,lstm_corr_top1_era5_rand3,f5,2
2025-06-01,324.7917157659744,234,lstm_corr_top1_era5_rand3,f5,2
2025-07-01,204.98938279277914,234,lstm_corr_top1_era5_rand3,f5,2
2025-08-01,236.60665924080885,234,lstm_corr_top1_era5_rand3,f5,2
2025-09-01,236.41696570388083,234,lstm_corr_top1_era5_rand3,f5,2
2025-10-01,261.6015399350601,234,lstm_corr_top1_era5_rand3,f5,2
2025-11-01,257.5941851873944,234,lstm_corr_top1_era5_rand3,f5,2
2025-12-01,237.1559539361417,234,lstm_corr_top1_era5_rand3,f5,2
2026-01-01,259.06743953605167,234,lstm_corr_top1_era5_rand3,f5,2
2026-02-01,382.95267514937285,234,lstm_corr_top1_era5_rand3,f5,2
2026-03-01,266.4163372910329,234,lstm_corr_top1_era5_rand3,f5,2
2026-04-01,283.6809693021158,234,lstm_corr_top1_era5_rand3,f5,2
2026-05-01,251.99531535400814,234,lstm_corr_top1_era5_rand3,f5,2
2025-04-01,247.82554388875937,234,lstm_corr_top1_rand4,f5,2
2025-05-01,197.65553347216687,234,lstm_corr_top1_rand4,f5,2
2025-06-01,333.336580601722,234,lstm_corr_top1_rand4,f5,2
2025-07-01,225.4483983800606,234,lstm_corr_top1_rand4,f5,2
2025-08-01,236.3610406224786,234,lstm_corr_top1_rand4,f5,2
2025-09-01,233.37262130845875,234,lstm_corr_top1_rand4,f5,2
2025-10-01,266.511027787351,234,lstm_corr_top1_rand4,f5,2
2025-11-01,279.2140466514112,234,lstm_corr_top1_rand4,f5,2
2025-12-01,256.04657022795527,234,lstm_corr_top1_rand4,f5,2
2026-01-01,270.0561179708597,234,lstm_corr_top1_rand4,f5,2
2026-02-01,382.62940033658487,234,lstm_corr_top1_rand4,f5,2
2026-03-01,292.25212184112786,234,lstm_corr_top1_rand4,f5,2
2026-04-01,305.5109278230845,234,lstm_corr_top1_rand4,f5,2
2026-05-01,281.63703006106346,234,lstm_corr_top1_rand4,f5,2
2025-04-01,232.2132303794951,234,lstm_corr_top1_era5_rand4,f5,2
2025-05-01,186.42678739281786,234,lstm_corr_top1_era5_rand4,f5,2
2025-06-01,325.5102052900673,234,lstm_corr_top1_era5_rand4,f5,2
2025-07-01,206.94082818099554,234,lstm_corr_top1_era5_rand4,f5,2
2025-08-01,236.67984410055445,234,lstm_corr_top1_era5_rand4,f5,2
2025-09-01,233.72445570001523,234,lstm_corr_top1_era5_rand4,f5,2
2025-10-01,264.16657125311474,234,lstm_corr_top1_era5_rand4,f5,2
2025-11-01,258.30360728171706,234,lstm_corr_top1_era5_rand4,f5,2
2025-12-01,236.8206392554554,234,lstm_corr_top1_era5_rand4,f5,2
2026-01-01,257.42627391319945,234,lstm_corr_top1_era5_rand4,f5,2
2026-02-01,380.74996422146864,234,lstm_corr_top1_era5_rand4,f5,2
2026-03-01,265.25316733161793,234,lstm_corr_top1_era5_rand4,f5,2
2026-04-01,289.06013313624464,234,lstm_corr_top1_era5_rand4,f5,2
2026-05-01,252.3611301790957,234,lstm_corr_top1_era5_rand4,f5,2
2025-04-01,248.46072479626883,234,lstm_corr_top1_rand5,f5,2
2025-05-01,199.6280766535759,234,lstm_corr_top1_rand5,f5,2
2025-06-01,331.1510897817052,234,lstm_corr_top1_rand5,f5,2
2025-07-01,223.65392790026476,234,lstm_corr_top1_rand5,f5,2
2025-08-01,237.25053617605747,234,lstm_corr_top1_rand5,f5,2
2025-09-01,235.41614233617616,234,lstm_corr_top1_rand5,f5,2
2025-10-01,266.4420242227059,234,lstm_corr_top1_rand5,f5,2
2025-11-01,279.6948488036198,234,lstm_corr_top1_rand5,f5,2
2025-12-01,258.04472435217167,234,lstm_corr_top1_rand5,f5,2
2026-01-01,266.99792406660583,234,lstm_corr_top1_rand5,f5,2
2026-02-01,379.79694474517885,234,lstm_corr_top1_rand5,f5,2
2026-03-01,292.30404183658175,234,lstm_corr_top1_rand5,f5,2
2026-04-01,306.1963963186573,234,lstm_corr_top1_rand5,f5,2
2026-05-01,281.1399560940457,234,lstm_corr_top1_rand5,f5,2
2025-04-01,232.44416783775364,234,lstm_corr_top1_era5_rand5,f5,2
2025-05-01,181.26142242655615,234,lstm_corr_top1_era5_rand5,f5,2
2025-06-01,331.89284878126415,234,lstm_corr_top1_era5_rand5,f5,2
2025-07-01,207.46819165491956,234,lstm_corr_top1_era5_rand5,f5,2
2025-08-01,239.2310834438952,234,lstm_corr_top1_era5_rand5,f5,2
2025-09-01,235.85037699687308,234,lstm_corr_top1_era5_rand5,f5,2
2025-10-01,263.6445662519452,234,lstm_corr_top1_era5_rand5,f5,2
2025-11-01,259.58534121124603,234,lstm_corr_top1_era5_rand5,f5,2
2025-12-01,237.9909304279629,234,lstm_corr_top1_era5_rand5,f5,2
2026-01-01,261.3784462772369,234,lstm_corr_top1_era5_rand5,f5,2
2026-02-01,379.842667547488,234,lstm_corr_top1_era5_rand5,f5,2
2026-03-01,260.94305180181993,234,lstm_corr_top1_era5_rand5,f5,2
2026-04-01,280.90113377558606,234,lstm_corr_top1_era5_rand5,f5,2
2026-05-01,254.49088410212954,234,lstm_corr_top1_era5_rand5,f5,2
2025-04-01,247.7027885805147,234,lstm_corr_top1_rand6,f5,2
2025-05-01,197.60897013617915,234,lstm_corr_top1_rand6,f5,2
2025-06-01,331.58273237377597,234,lstm_corr_top1_rand6,f5,2
2025-07-01,224.43445296967354,234,lstm_corr_top1_rand6,f5,2
2025-08-01,236.22112188952812,234,lstm_corr_top1_rand6,f5,2
2025-09-01,235.07486074388424,234,lstm_corr_top1_rand6,f5,2
2025-10-01,266.3589669088733,234,lstm_corr_top1_rand6,f5,2
2025-11-01,279.6558894073122,234,lstm_corr_top1_rand6,f5,2
2025-12-01,258.3106207869263,234,lstm_corr_top1_rand6,f5,2
2026-01-01,267.80261518650093,234,lstm_corr_top1_rand6,f5,2
2026-02-01,379.07532008769437,234,lstm_corr_top1_rand6,f5,2
2026-03-01,290.7278478760178,234,lstm_corr_top1_rand6,f5,2
2026-04-01,306.6593446766669,234,lstm_corr_top1_rand6,f5,2
2026-05-01,280.79923818622444,234,lstm_corr_top1_rand6,f5,2
2025-04-01,236.72402266384873,234,lstm_corr_top1_era5_rand6,f5,2
2025-05-01,182.25270556963218,234,lstm_corr_top1_era5_rand6,f5,2
2025-06-01,332.49352909177054,234,lstm_corr_top1_era5_rand6,f5,2
2025-07-01,208.3623251967412,234,lstm_corr_top1_era5_rand6,f5,2
2025-08-01,239.11200580315713,234,lstm_corr_top1_era5_rand6,f5,2
2025-09-01,235.85647545231723,234,lstm_corr_top1_era5_rand6,f5,2
2025-10-01,263.7716974923523,234,lstm_corr_top1_era5_rand6,f5,2
2025-11-01,258.2425825887789,234,lstm_corr_top1_era5_rand6,f5,2
2025-12-01,239.83272860214802,234,lstm_corr_top1_era5_rand6,f5,2
2026-01-01,260.40364791463776,234,lstm_corr_top1_era5_rand6,f5,2
2026-02-01,380.3752910715217,234,lstm_corr_top1_era5_rand6,f5,2
2026-03-01,263.43980559399375,234,lstm_corr_top1_era5_rand6,f5,2
2026-04-01,281.41411978382615,234,lstm_corr_top1_era5_rand6,f5,2
2026-05-01,252.72945314112863,234,lstm_corr_top1_era5_rand6,f5,2
2025-04-01,248.12127195496316,234,lstm_corr_top1_rand7,f5,2
2025-05-01,196.61320019880995,234,lstm_corr_top1_rand7,f5,2
2025-06-01,333.02367229778866,234,lstm_corr_top1_rand7,f5,2
2025-07-01,225.6838131918732,234,lstm_corr_top1_rand7,f5,2
2025-08-01,236.99337547748408,234,lstm_corr_top1_rand7,f5,2
2025-09-01,234.95299912026036,234,lstm_corr_top1_rand7,f5,2
2025-10-01,264.2712966417487,234,lstm_corr_top1_rand7,f5,2
2025-11-01,278.4376394155974,234,lstm_corr_top1_rand7,f5,2
2025-12-01,258.4123118668468,234,lstm_corr_top1_rand7,f5,2
2026-01-01,267.41563189316537,234,lstm_corr_top1_rand7,f5,2
2026-02-01,379.85185010410174,234,lstm_corr_top1_rand7,f5,2
2026-03-01,291.6129704427725,234,lstm_corr_top1_rand7,f5,2
2026-04-01,304.2116256121683,234,lstm_corr_top1_rand7,f5,2
2026-05-01,279.0553317329556,234,lstm_corr_top1_rand7,f5,2
2025-04-01,233.6604374572285,234,lstm_corr_top1_era5_rand7,f5,2
2025-05-01,184.0293518972615,234,lstm_corr_top1_era5_rand7,f5,2
2025-06-01,331.3511518319669,234,lstm_corr_top1_era5_rand7,f5,2
2025-07-01,214.09551067346956,234,lstm_corr_top1_era5_rand7,f5,2
2025-08-01,247.03212533775948,234,lstm_corr_top1_era5_rand7,f5,2
2025-09-01,241.6641341261781,234,lstm_corr_top1_era5_rand7,f5,2
2025-10-01,264.2190809917438,234,lstm_corr_top1_era5_rand7,f5,2
2025-11-01,262.3140349637763,234,lstm_corr_top1_era5_rand7,f5,2
2025-12-01,247.5276080792708,234,lstm_corr_top1_era5_rand7,f5,2
2026-01-01,262.4085861803452,234,lstm_corr_top1_era5_rand7,f5,2
2026-02-01,377.9940994050132,234,lstm_corr_top1_era5_rand7,f5,2
2026-03-01,265.47244023266967,234,lstm_corr_top1_era5_rand7,f5,2
2026-04-01,285.7777845577961,234,lstm_corr_top1_era5_rand7,f5,2
2026-05-01,255.77123450557772,234,lstm_corr_top1_era5_rand7,f5,2
2025-04-01,247.14304990726652,234,lstm_corr_top1_rand8,f5,2
2025-05-01,198.69039093210498,234,lstm_corr_top1_rand8,f5,2
2025-06-01,334.60390413901507,234,lstm_corr_top1_rand8,f5,2
2025-07-01,228.05115524780695,234,lstm_corr_top1_rand8,f5,2
2025-08-01,236.9625933623454,234,lstm_corr_top1_rand8,f5,2
2025-09-01,234.0483233051321,234,lstm_corr_top1_rand8,f5,2
2025-10-01,264.72547819410323,234,lstm_corr_top1_rand8,f5,2
2025-11-01,278.339674361195,234,lstm_corr_top1_rand8,f5,2
2025-12-01,256.84683234403803,234,lstm_corr_top1_rand8,f5,2
2026-01-01,267.6705318899155,234,lstm_corr_top1_rand8,f5,2
2026-02-01,378.818108202387,234,lstm_corr_top1_rand8,f5,2
2026-03-01,292.27381082116875,234,lstm_corr_top1_rand8,f5,2
2026-04-01,307.49779931725135,234,lstm_corr_top1_rand8,f5,2
2026-05-01,282.6194878423862,234,lstm_corr_top1_rand8,f5,2
2025-04-01,230.54428147036637,234,lstm_corr_top1_era5_rand8,f5,2
2025-05-01,184.3422469433593,234,lstm_corr_top1_era5_rand8,f5,2
2025-06-01,330.57760674877557,234,lstm_corr_top1_era5_rand8,f5,2
2025-07-01,209.41564931255778,234,lstm_corr_top1_era5_rand8,f5,2
2025-08-01,235.98936994259603,234,lstm_corr_top1_era5_rand8,f5,2
2025-09-01,233.89956390055832,234,lstm_corr_top1_era5_rand8,f5,2
2025-10-01,263.2982889044159,234,lstm_corr_top1_era5_rand8,f5,2
2025-11-01,257.72652988555035,234,lstm_corr_top1_era5_rand8,f5,2
2025-12-01,237.49679198554782,234,lstm_corr_top1_era5_rand8,f5,2
2026-01-01,256.05915922142066,234,lstm_corr_top1_era5_rand8,f5,2
2026-02-01,376.06071507786953,234,lstm_corr_top1_era5_rand8,f5,2
2026-03-01,258.00180243996556,234,lstm_corr_top1_era5_rand8,f5,2
2026-04-01,283.92197085740804,234,lstm_corr_top1_era5_rand8,f5,2
2026-05-01,251.26060345776628,234,lstm_corr_top1_era5_rand8,f5,2
2025-04-01,245.79744224398266,234,lstm_corr_top1_rand9,f5,2
2025-05-01,196.35924472832662,234,lstm_corr_top1_rand9,f5,2
2025-06-01,333.4629009733576,234,lstm_corr_top1_rand9,f5,2
2025-07-01,227.00822851966265,234,lstm_corr_top1_rand9,f5,2
2025-08-01,236.62601162137028,234,lstm_corr_top1_rand9,f5,2
2025-09-01,234.06582973343095,234,lstm_corr_top1_rand9,f5,2
2025-10-01,266.2526277864297,234,lstm_corr_top1_rand9,f5,2
2025-11-01,279.3375461815119,234,lstm_corr_top1_rand9,f5,2
2025-12-01,257.8153741205824,234,lstm_corr_top1_rand9,f5,2
2026-01-01,266.9080421380522,234,lstm_corr_top1_rand9,f5,2
2026-02-01,379.77876706858734,234,lstm_corr_top1_rand9,f5,2
2026-03-01,292.3830738276221,234,lstm_corr_top1_rand9,f5,2
2026-04-01,305.47590824357786,234,lstm_corr_top1_rand9,f5,2
2026-05-01,281.03592472847276,234,lstm_corr_top1_rand9,f5,2
2025-04-01,237.2894104172107,234,lstm_corr_top1_era5_rand9,f5,2
2025-05-01,185.2677411129155,234,lstm_corr_top1_era5_rand9,f5,2
2025-06-01,334.1838165812098,234,lstm_corr_top1_era5_rand9,f5,2
2025-07-01,213.81367186111376,234,lstm_corr_top1_era5_rand9,f5,2
2025-08-01,239.4154304331278,234,lstm_corr_top1_era5_rand9,f5,2
2025-09-01,238.37309825426257,234,lstm_corr_top1_era5_rand9,f5,2
2025-10-01,264.89395027267506,234,lstm_corr_top1_era5_rand9,f5,2
2025-11-01,261.2650852362791,234,lstm_corr_top1_era5_rand9,f5,2
2025-12-01,241.4324110635876,234,lstm_corr_top1_era5_rand9,f5,2
2026-01-01,260.5186501462462,234,lstm_corr_top1_era5_rand9,f5,2
2026-02-01,377.6256663127549,234,lstm_corr_top1_era5_rand9,f5,2
2026-03-01,263.10336805464965,234,lstm_corr_top1_era5_rand9,f5,2
2026-04-01,282.53184768583947,234,lstm_corr_top1_era5_rand9,f5,2
2026-05-01,256.95722016504436,234,lstm_corr_top1_era5_rand9,f5,2
2025-04-01,246.89490272345031,234,lstm_corr_top1_rand10,f5,2
2025-05-01,196.56937455560603,234,lstm_corr_top1_rand10,f5,2
2025-06-01,330.42061332531364,234,lstm_corr_top1_rand10,f5,2
2025-07-01,223.37716790025323,234,lstm_corr_top1_rand10,f5,2
2025-08-01,234.8544388787945,234,lstm_corr_top1_rand10,f5,2
2025-09-01,232.76465297961755,234,lstm_corr_top1_rand10,f5,2
2025-10-01,265.1880855818805,234,lstm_corr_top1_rand10,f5,2
2025-11-01,278.0471973648738,234,lstm_corr_top1_rand10,f5,2
2025-12-01,258.7623931876717,234,lstm_corr_top1_rand10,f5,2
2026-01-01,266.64981900842787,234,lstm_corr_top1_rand10,f5,2
2026-02-01,378.60124240173235,234,lstm_corr_top1_rand10,f5,2
2026-03-01,292.84382385769015,234,lstm_corr_top1_rand10,f5,2
2026-04-01,307.4044518714314,234,lstm_corr_top1_rand10,f5,2
2026-05-01,280.8290772020293,234,lstm_corr_top1_rand10,f5,2
2025-04-01,230.14578343203172,234,lstm_corr_top1_era5_rand10,f5,2
2025-05-01,181.8817563209948,234,lstm_corr_top1_era5_rand10,f5,2
2025-06-01,327.3791346467925,234,lstm_corr_top1_era5_rand10,f5,2
2025-07-01,203.1360197160352,234,lstm_corr_top1_era5_rand10,f5,2
2025-08-01,235.297190490592,234,lstm_corr_top1_era5_rand10,f5,2
2025-09-01,234.18404851550312,234,lstm_corr_top1_era5_rand10,f5,2
2025-10-01,262.0586552794594,234,lstm_corr_top1_era5_rand10,f5,2
2025-11-01,254.42617641868893,234,lstm_corr_top1_era5_rand10,f5,2
2025-12-01,241.2285402945199,234,lstm_corr_top1_era5_rand10,f5,2
2026-01-01,257.68070476268485,234,lstm_corr_top1_era5_rand10,f5,2
2026-02-01,380.9256465353915,234,lstm_corr_top1_era5_rand10,f5,2
2026-03-01,267.4832125118492,234,lstm_corr_top1_era5_rand10,f5,2
2026-04-01,281.70351058816823,234,lstm_corr_top1_era5_rand10,f5,2
2026-05-01,252.9929307742893,234,lstm_corr_top1_era5_rand10,f5,2
2025-04-01,247.6906949006735,234,lstm_corr_top1_rand11,f5,2
2025-05-01,198.27245518029005,234,lstm_corr_top1_rand11,f5,2
2025-06-01,332.5918992798303,234,lstm_corr_top1_rand11,f5,2
2025-07-01,226.364872268157,234,lstm_corr_top1_rand11,f5,2
2025-08-01,236.2066150419202,234,lstm_corr_top1_rand11,f5,2
2025-09-01,233.8319907823751,234,lstm_corr_top1_rand11,f5,2
2025-10-01,265.64476971132405,234,lstm_corr_top1_rand11,f5,2
2025-11-01,277.51317849877165,234,lstm_corr_top1_rand11,f5,2
2025-12-01,257.0847388865873,234,lstm_corr_top1_rand11,f5,2
2026-01-01,268.6153715890059,234,lstm_corr_top1_rand11,f5,2
2026-02-01,381.45795527507175,234,lstm_corr_top1_rand11,f5,2
2026-03-01,292.654389234849,234,lstm_corr_top1_rand11,f5,2
2026-04-01,307.5944424381498,234,lstm_corr_top1_rand11,f5,2
2026-05-01,281.5161852480831,234,lstm_corr_top1_rand11,f5,2
2025-04-01,230.9604973016262,234,lstm_corr_top1_era5_rand11,f5,2
2025-05-01,184.144916602235,234,lstm_corr_top1_era5_rand11,f5,2
2025-06-01,330.1577552410371,234,lstm_corr_top1_era5_rand11,f5,2
2025-07-01,209.9176747612234,234,lstm_corr_top1_era5_rand11,f5,2
2025-08-01,239.5270040236153,234,lstm_corr_top1_era5_rand11,f5,2
2025-09-01,235.50504126879892,234,lstm_corr_top1_era5_rand11,f5,2
2025-10-01,260.4454075716746,234,lstm_corr_top1_era5_rand11,f5,2
2025-11-01,257.66463266599885,234,lstm_corr_top1_era5_rand11,f5,2
2025-12-01,239.17690464268765,234,lstm_corr_top1_era5_rand11,f5,2
2026-01-01,258.4527617007393,234,lstm_corr_top1_era5_rand11,f5,2
2026-02-01,376.9540563996939,234,lstm_corr_top1_era5_rand11,f5,2
2026-03-01,262.5176366033263,234,lstm_corr_top1_era5_rand11,f5,2
2026-04-01,288.27699980867874,234,lstm_corr_top1_era5_rand11,f5,2
2026-05-01,255.027615542918,234,lstm_corr_top1_era5_rand11,f5,2
2025-04-01,246.11378696941966,234,lstm_corr_top1_rand12,f5,2
2025-05-01,196.68861558377515,234,lstm_corr_top1_rand12,f5,2
2025-06-01,332.8039508286278,234,lstm_corr_top1_rand12,f5,2
2025-07-01,224.88594127000775,234,lstm_corr_top1_rand12,f5,2
2025-08-01,235.96064024294648,234,lstm_corr_top1_rand12,f5,2
2025-09-01,234.27666887053266,234,lstm_corr_top1_rand12,f5,2
2025-10-01,266.9132745140199,234,lstm_corr_top1_rand12,f5,2
2025-11-01,280.0683302086838,234,lstm_corr_top1_rand12,f5,2
2025-12-01,256.1748255371638,234,lstm_corr_top1_rand12,f5,2
2026-01-01,268.29205712163497,234,lstm_corr_top1_rand12,f5,2
2026-02-01,381.4074153009579,234,lstm_corr_top1_rand12,f5,2
2026-03-01,290.634549701413,234,lstm_corr_top1_rand12,f5,2
2026-04-01,306.0233323214056,234,lstm_corr_top1_rand12,f5,2
2026-05-01,280.28418278802275,234,lstm_corr_top1_rand12,f5,2
2025-04-01,232.98920073613684,234,lstm_corr_top1_era5_rand12,f5,2
2025-05-01,182.51990972057038,234,lstm_corr_top1_era5_rand12,f5,2
2025-06-01,332.1265351354382,234,lstm_corr_top1_era5_rand12,f5,2
2025-07-01,207.97608883530103,234,lstm_corr_top1_era5_rand12,f5,2
2025-08-01,238.60396318568962,234,lstm_corr_top1_era5_rand12,f5,2
2025-09-01,233.3219763321921,234,lstm_corr_top1_era5_rand12,f5,2
2025-10-01,264.22649782345195,234,lstm_corr_top1_era5_rand12,f5,2
2025-11-01,259.0979153264382,234,lstm_corr_top1_era5_rand12,f5,2
2025-12-01,239.33649784775577,234,lstm_corr_top1_era5_rand12,f5,2
2026-01-01,258.8192811484876,234,lstm_corr_top1_era5_rand12,f5,2
2026-02-01,380.69310666823077,234,lstm_corr_top1_era5_rand12,f5,2
2026-03-01,260.4158502892737,234,lstm_corr_top1_era5_rand12,f5,2
2026-04-01,281.3857756084706,234,lstm_corr_top1_era5_rand12,f5,2
2026-05-01,249.70782701707358,234,lstm_corr_top1_era5_rand12,f5,2
2025-04-01,248.08463989100153,234,lstm_corr_top1_rand13,f5,2
2025-05-01,197.6941872349328,234,lstm_corr_top1_rand13,f5,2
2025-06-01,332.756281398549,234,lstm_corr_top1_rand13,f5,2
2025-07-01,225.644267465554,234,lstm_corr_top1_rand13,f5,2
2025-08-01,238.7675904794125,234,lstm_corr_top1_rand13,f5,2
2025-09-01,236.88945887910276,234,lstm_corr_top1_rand13,f5,2
2025-10-01,266.96763914205707,234,lstm_corr_top1_rand13,f5,2
2025-11-01,278.67319633859915,234,lstm_corr_top1_rand13,f5,2
2025-12-01,258.9395694334443,234,lstm_corr_top1_rand13,f5,2
2026-01-01,263.6423567199519,234,lstm_corr_top1_rand13,f5,2
2026-02-01,378.37284240845804,234,lstm_corr_top1_rand13,f5,2
2026-03-01,292.5444471629914,234,lstm_corr_top1_rand13,f5,2
2026-04-01,307.685069974533,234,lstm_corr_top1_rand13,f5,2
2026-05-01,281.62937119778815,234,lstm_corr_top1_rand13,f5,2
2025-04-01,231.4197565749244,234,lstm_corr_top1_era5_rand13,f5,2
2025-05-01,183.64598482773627,234,lstm_corr_top1_era5_rand13,f5,2
2025-06-01,331.56796455341714,234,lstm_corr_top1_era5_rand13,f5,2
2025-07-01,210.51957294281533,234,lstm_corr_top1_era5_rand13,f5,2
2025-08-01,240.0797007769872,234,lstm_corr_top1_era5_rand13,f5,2
2025-09-01,238.17111841725756,234,lstm_corr_top1_era5_rand13,f5,2
2025-10-01,265.6825939281006,234,lstm_corr_top1_era5_rand13,f5,2
2025-11-01,262.67492213769935,234,lstm_corr_top1_era5_rand13,f5,2
2025-12-01,242.0500445810574,234,lstm_corr_top1_era5_rand13,f5,2
2026-01-01,259.8964890220945,234,lstm_corr_top1_era5_rand13,f5,2
2026-02-01,379.0233457510258,234,lstm_corr_top1_era5_rand13,f5,2
2026-03-01,267.3604173000157,234,lstm_corr_top1_era5_rand13,f5,2
2026-04-01,285.736093078289,234,lstm_corr_top1_era5_rand13,f5,2
2026-05-01,252.98895893206526,234,lstm_corr_top1_era5_rand13,f5,2
2025-04-01,246.51979991254996,234,lstm_corr_top1_rand14,f5,2
2025-05-01,198.21579777903995,234,lstm_corr_top1_rand14,f5,2
2025-06-01,334.8771911062337,234,lstm_corr_top1_rand14,f5,2
2025-07-01,226.3937807550932,234,lstm_corr_top1_rand14,f5,2
2025-08-01,235.57017204240614,234,lstm_corr_top1_rand14,f5,2
2025-09-01,231.93850512402278,234,lstm_corr_top1_rand14,f5,2
2025-10-01,265.48650141241416,234,lstm_corr_top1_rand14,f5,2
2025-11-01,279.5844274000265,234,lstm_corr_top1_rand14,f5,2
2025-12-01,255.68290262666096,234,lstm_corr_top1_rand14,f5,2
2026-01-01,268.02170524658465,234,lstm_corr_top1_rand14,f5,2
2026-02-01,380.80861730049173,234,lstm_corr_top1_rand14,f5,2
2026-03-01,292.9229388616814,234,lstm_corr_top1_rand14,f5,2
2026-04-01,309.4379228752687,234,lstm_corr_top1_rand14,f5,2
2026-05-01,282.8046617940695,234,lstm_corr_top1_rand14,f5,2
2025-04-01,233.06543933819796,234,lstm_corr_top1_era5_rand14,f5,2
2025-05-01,186.9956528800335,234,lstm_corr_top1_era5_rand14,f5,2
2025-06-01,335.09475467588106,234,lstm_corr_top1_era5_rand14,f5,2
2025-07-01,210.2209592044917,234,lstm_corr_top1_era5_rand14,f5,2
2025-08-01,241.63262039407692,234,lstm_corr_top1_era5_rand14,f5,2
2025-09-01,235.35619798096468,234,lstm_corr_top1_era5_rand14,f5,2
2025-10-01,266.5317688359626,234,lstm_corr_top1_era5_rand14,f5,2
2025-11-01,258.9166133570681,234,lstm_corr_top1_era5_rand14,f5,2
2025-12-01,240.00577115947527,234,lstm_corr_top1_era5_rand14,f5,2
2026-01-01,259.9481477958944,234,lstm_corr_top1_era5_rand14,f5,2
2026-02-01,377.26490497991904,234,lstm_corr_top1_era5_rand14,f5,2
2026-03-01,263.1672658970654,234,lstm_corr_top1_era5_rand14,f5,2
2026-04-01,282.50226008375023,234,lstm_corr_top1_era5_rand14,f5,2
2026-05-01,253.75873556848438,234,lstm_corr_top1_era5_rand14,f5,2
2025-04-01,246.68393450174278,234,lstm_corr_top1_rand15,f5,2
2025-05-01,196.72086722693138,234,lstm_corr_top1_rand15,f5,2
2025-06-01,332.66448003862166,234,lstm_corr_top1_rand15,f5,2
2025-07-01,224.83145663667344,234,lstm_corr_top1_rand15,f5,2
2025-08-01,236.62574556441587,234,lstm_corr_top1_rand15,f5,2
2025-09-01,233.67687877334293,234,lstm_corr_top1_rand15,f5,2
2025-10-01,266.17599169588294,234,lstm_corr_top1_rand15,f5,2
2025-11-01,279.56881768894897,234,lstm_corr_top1_rand15,f5,2
2025-12-01,258.84187836444517,234,lstm_corr_top1_rand15,f5,2
2026-01-01,267.1947266722323,234,lstm_corr_top1_rand15,f5,2
2026-02-01,379.00866113035545,234,lstm_corr_top1_rand15,f5,2
2026-03-01,291.2256542940759,234,lstm_corr_top1_rand15,f5,2
2026-04-01,304.4870029119612,234,lstm_corr_top1_rand15,f5,2
2026-05-01,279.68554484235636,234,lstm_corr_top1_rand15,f5,2
2025-04-01,232.41307775258653,234,lstm_corr_top1_era5_rand15,f5,2
2025-05-01,183.93655638146663,234,lstm_corr_top1_era5_rand15,f5,2
2025-06-01,332.7322914301702,234,lstm_corr_top1_era5_rand15,f5,2
2025-07-01,209.8420330384035,234,lstm_corr_top1_era5_rand15,f5,2
2025-08-01,239.84919077355477,234,lstm_corr_top1_era5_rand15,f5,2
2025-09-01,235.48829111107182,234,lstm_corr_top1_era5_rand15,f5,2
2025-10-01,261.47111214569065,234,lstm_corr_top1_era5_rand15,f5,2
2025-11-01,260.56210426853795,234,lstm_corr_top1_era5_rand15,f5,2
2025-12-01,239.7309104910097,234,lstm_corr_top1_era5_rand15,f5,2
2026-01-01,257.80302425225744,234,lstm_corr_top1_era5_rand15,f5,2
2026-02-01,372.02650145091286,234,lstm_corr_top1_era5_rand15,f5,2
2026-03-01,258.9756087191151,234,lstm_corr_top1_era5_rand15,f5,2
2026-04-01,281.4143352580792,234,lstm_corr_top1_era5_rand15,f5,2
2026-05-01,251.94332662007622,234,lstm_corr_top1_era5_rand15,f5,2
2025-04-01,246.24384755298559,234,lstm_corr_top1_rand16,f5,2
2025-05-01,197.8987832471769,234,lstm_corr_top1_rand16,f5,2
2025-06-01,332.4350385325066,234,lstm_corr_top1_rand16,f5,2
2025-07-01,226.59109602763976,234,lstm_corr_top1_rand16,f5,2
2025-08-01,238.26081853050434,234,lstm_corr_top1_rand16,f5,2
2025-09-01,233.3160482944316,234,lstm_corr_top1_rand16,f5,2
2025-10-01,266.4778988636078,234,lstm_corr_top1_rand16,f5,2
2025-11-01,280.9600879179986,234,lstm_corr_top1_rand16,f5,2
2025-12-01,256.01038506720187,234,lstm_corr_top1_rand16,f5,2
2026-01-01,268.90561492155814,234,lstm_corr_top1_rand16,f5,2
2026-02-01,377.61330820241056,234,lstm_corr_top1_rand16,f5,2
2026-03-01,291.9828213685406,234,lstm_corr_top1_rand16,f5,2
2026-04-01,307.42676568980215,234,lstm_corr_top1_rand16,f5,2
2026-05-01,281.91370428516547,234,lstm_corr_top1_rand16,f5,2
2025-04-01,234.9848265094017,234,lstm_corr_top1_era5_rand16,f5,2
2025-05-01,186.0596767073153,234,lstm_corr_top1_era5_rand16,f5,2
2025-06-01,333.0624045479229,234,lstm_corr_top1_era5_rand16,f5,2
2025-07-01,206.86471675050967,234,lstm_corr_top1_era5_rand16,f5,2
2025-08-01,240.3643578832552,234,lstm_corr_top1_era5_rand16,f5,2
2025-09-01,238.31753647116668,234,lstm_corr_top1_era5_rand16,f5,2
2025-10-01,263.8261612184945,234,lstm_corr_top1_era5_rand16,f5,2
2025-11-01,258.44797127427523,234,lstm_corr_top1_era5_rand16,f5,2
2025-12-01,238.0323637638322,234,lstm_corr_top1_era5_rand16,f5,2
2026-01-01,256.99553434027797,234,lstm_corr_top1_era5_rand16,f5,2
2026-02-01,380.5229883886531,234,lstm_corr_top1_era5_rand16,f5,2
2026-03-01,263.01655481220945,234,lstm_corr_top1_era5_rand16,f5,2
2026-04-01,280.8163721212121,234,lstm_corr_top1_era5_rand16,f5,2
2026-05-01,253.68087766925876,234,lstm_corr_top1_era5_rand16,f5,2
2025-04-01,247.98634712806458,234,lstm_corr_top1_rand17,f5,2
2025-05-01,198.2850164187544,234,lstm_corr_top1_rand17,f5,2
2025-06-01,332.7173847655686,234,lstm_corr_top1_rand17,f5,2
2025-07-01,226.01221421636143,234,lstm_corr_top1_rand17,f5,2
2025-08-01,237.7186466655282,234,lstm_corr_top1_rand17,f5,2
2025-09-01,235.70449726311014,234,lstm_corr_top1_rand17,f5,2
2025-10-01,267.2921976428955,234,lstm_corr_top1_rand17,f5,2
2025-11-01,278.8141691728196,234,lstm_corr_top1_rand17,f5,2
2025-12-01,257.00270789027735,234,lstm_corr_top1_rand17,f5,2
2026-01-01,265.1333855992363,234,lstm_corr_top1_rand17,f5,2
2026-02-01,375.8591531344404,234,lstm_corr_top1_rand17,f5,2
2026-03-01,291.8802017773546,234,lstm_corr_top1_rand17,f5,2
2026-04-01,306.046713007827,234,lstm_corr_top1_rand17,f5,2
2026-05-01,280.76205738642,234,lstm_corr_top1_rand17,f5,2
2025-04-01,232.6151284128362,234,lstm_corr_top1_era5_rand17,f5,2
2025-05-01,185.4643030762386,234,lstm_corr_top1_era5_rand17,f5,2
2025-06-01,338.0454052599054,234,lstm_corr_top1_era5_rand17,f5,2
2025-07-01,212.97345447789942,234,lstm_corr_top1_era5_rand17,f5,2
2025-08-01,242.54575009195682,234,lstm_corr_top1_era5_rand17,f5,2
2025-09-01,243.78713315053886,234,lstm_corr_top1_era5_rand17,f5,2
2025-10-01,266.20099060827863,234,lstm_corr_top1_era5_rand17,f5,2
2025-11-01,261.4610210156684,234,lstm_corr_top1_era5_rand17,f5,2
2025-12-01,244.1702702726991,234,lstm_corr_top1_era5_rand17,f5,2
2026-01-01,259.84652254870537,234,lstm_corr_top1_era5_rand17,f5,2
2026-02-01,382.95587749390194,234,lstm_corr_top1_era5_rand17,f5,2
2026-03-01,264.34725914485944,234,lstm_corr_top1_era5_rand17,f5,2
2026-04-01,283.10215014373955,234,lstm_corr_top1_era5_rand17,f5,2
2026-05-01,256.88994904170187,234,lstm_corr_top1_era5_rand17,f5,2
2025-04-01,248.42160488896945,234,lstm_corr_top1_rand18,f5,2
2025-05-01,198.73807381508087,234,lstm_corr_top1_rand18,f5,2
2025-06-01,333.3705786079306,234,lstm_corr_top1_rand18,f5,2
2025-07-01,225.4798434735768,234,lstm_corr_top1_rand18,f5,2
2025-08-01,236.70973998890676,234,lstm_corr_top1_rand18,f5,2
2025-09-01,234.4259646969893,234,lstm_corr_top1_rand18,f5,2
2025-10-01,266.2763498378317,234,lstm_corr_top1_rand18,f5,2
2025-11-01,278.4666016814753,234,lstm_corr_top1_rand18,f5,2
2025-12-01,257.61679684079127,234,lstm_corr_top1_rand18,f5,2
2026-01-01,267.08930786070965,234,lstm_corr_top1_rand18,f5,2
2026-02-01,381.3872523523148,234,lstm_corr_top1_rand18,f5,2
2026-03-01,292.1229767107438,234,lstm_corr_top1_rand18,f5,2
2026-04-01,305.39876019430534,234,lstm_corr_top1_rand18,f5,2
2026-05-01,279.909630180915,234,lstm_corr_top1_rand18,f5,2
2025-04-01,232.31977337945045,234,lstm_corr_top1_era5_rand18,f5,2
2025-05-01,183.83475056781361,234,lstm_corr_top1_era5_rand18,f5,2
2025-06-01,333.5013093085592,234,lstm_corr_top1_era5_rand18,f5,2
2025-07-01,210.86376293577234,234,lstm_corr_top1_era5_rand18,f5,2
2025-08-01,243.92543767916382,234,lstm_corr_top1_era5_rand18,f5,2
2025-09-01,237.5959716502333,234,lstm_corr_top1_era5_rand18,f5,2
2025-10-01,261.94945245413726,234,lstm_corr_top1_era5_rand18,f5,2
2025-11-01,259.59428360071865,234,lstm_corr_top1_era5_rand18,f5,2
2025-12-01,242.27295493094152,234,lstm_corr_top1_era5_rand18,f5,2
2026-01-01,259.1765079911431,234,lstm_corr_top1_era5_rand18,f5,2
2026-02-01,377.8789766481741,234,lstm_corr_top1_era5_rand18,f5,2
2026-03-01,263.86038836024454,234,lstm_corr_top1_era5_rand18,f5,2
2026-04-01,281.6775367631306,234,lstm_corr_top1_era5_rand18,f5,2
2026-05-01,256.1267882194971,234,lstm_corr_top1_era5_rand18,f5,2
2025-04-01,245.5867415246255,234,lstm_corr_top1_rand19,f5,2
2025-05-01,197.3372305638706,234,lstm_corr_top1_rand19,f5,2
2025-06-01,333.32976623249107,234,lstm_corr_top1_rand19,f5,2
2025-07-01,225.676199866719,234,lstm_corr_top1_rand19,f5,2
2025-08-01,235.48143773012296,234,lstm_corr_top1_rand19,f5,2
2025-09-01,232.8346059612474,234,lstm_corr_top1_rand19,f5,2
2025-10-01,265.3334394984345,234,lstm_corr_top1_rand19,f5,2
2025-11-01,279.9415580613621,234,lstm_corr_top1_rand19,f5,2
2025-12-01,256.07033378118655,234,lstm_corr_top1_rand19,f5,2
2026-01-01,267.85233695224167,234,lstm_corr_top1_rand19,f5,2
2026-02-01,380.6434108878681,234,lstm_corr_top1_rand19,f5,2
2026-03-01,291.8890689696469,234,lstm_corr_top1_rand19,f5,2
2026-04-01,306.9757632279404,234,lstm_corr_top1_rand19,f5,2
2026-05-01,282.02968479955575,234,lstm_corr_top1_rand19,f5,2
2025-04-01,229.86193683232528,234,lstm_corr_top1_era5_rand19,f5,2
2025-05-01,182.07534555342858,234,lstm_corr_top1_era5_rand19,f5,2
2025-06-01,333.18988246352814,234,lstm_corr_top1_era5_rand19,f5,2
2025-07-01,209.9953877792998,234,lstm_corr_top1_era5_rand19,f5,2
2025-08-01,242.64304337793644,234,lstm_corr_top1_era5_rand19,f5,2
2025-09-01,242.13243958290053,234,lstm_corr_top1_era5_rand19,f5,2
2025-10-01,266.25422823814375,234,lstm_corr_top1_era5_rand19,f5,2
2025-11-01,259.53386638061517,234,lstm_corr_top1_era5_rand19,f5,2
2025-12-01,242.81704134879936,234,lstm_corr_top1_era5_rand19,f5,2
2026-01-01,262.2155660859589,234,lstm_corr_top1_era5_rand19,f5,2
2026-02-01,382.38617609719205,234,lstm_corr_top1_era5_rand19,f5,2
2026-03-01,262.6726129775002,234,lstm_corr_top1_era5_rand19,f5,2
2026-04-01,282.67945523412044,234,lstm_corr_top1_era5_rand19,f5,2
2026-05-01,254.75235456825908,234,lstm_corr_top1_era5_rand19,f5,2
2025-05-01,232.52555975268504,234,lstm_corr_top1_rand0,f5,3
2025-06-01,380.8947749435927,234,lstm_corr_top1_rand0,f5,3
2025-07-01,251.74912932652225,234,lstm_corr_top1_rand0,f5,3
2025-08-01,267.8892141544635,234,lstm_corr_top1_rand0,f5,3
2025-09-01,241.2786237937411,234,lstm_corr_top1_rand0,f5,3
2025-10-01,288.60908961944085,234,lstm_corr_top1_rand0,f5,3
2025-11-01,321.8568487424351,234,lstm_corr_top1_rand0,f5,3
2025-12-01,282.0586109706213,234,lstm_corr_top1_rand0,f5,3
2026-01-01,291.67621694132185,234,lstm_corr_top1_rand0,f5,3
2026-02-01,399.43378048491587,234,lstm_corr_top1_rand0,f5,3
2026-03-01,342.11401446763585,234,lstm_corr_top1_rand0,f5,3
2026-04-01,316.22452787349584,234,lstm_corr_top1_rand0,f5,3
2026-05-01,335.04997753129226,234,lstm_corr_top1_rand0,f5,3
2025-05-01,228.45135493751408,234,lstm_corr_top1_era5_rand0,f5,3
2025-06-01,378.8445954177556,234,lstm_corr_top1_era5_rand0,f5,3
2025-07-01,254.52204550775184,234,lstm_corr_top1_era5_rand0,f5,3
2025-08-01,258.8034730817456,234,lstm_corr_top1_era5_rand0,f5,3
2025-09-01,243.073989545305,234,lstm_corr_top1_era5_rand0,f5,3
2025-10-01,287.3267106237051,234,lstm_corr_top1_era5_rand0,f5,3
2025-11-01,315.47651873023,234,lstm_corr_top1_era5_rand0,f5,3
2025-12-01,268.55514321079596,234,lstm_corr_top1_era5_rand0,f5,3
2026-01-01,277.6401015463656,234,lstm_corr_top1_era5_rand0,f5,3
2026-02-01,391.82784690577364,234,lstm_corr_top1_era5_rand0,f5,3
2026-03-01,323.58334882913476,234,lstm_corr_top1_era5_rand0,f5,3
2026-04-01,299.479856001488,234,lstm_corr_top1_era5_rand0,f5,3
2026-05-01,316.6199021450466,234,lstm_corr_top1_era5_rand0,f5,3
2025-05-01,233.4990307180875,234,lstm_corr_top1_rand1,f5,3
2025-06-01,379.2987310861318,234,lstm_corr_top1_rand1,f5,3
2025-07-01,252.61154331281642,234,lstm_corr_top1_rand1,f5,3
2025-08-01,268.72413289956035,234,lstm_corr_top1_rand1,f5,3
2025-09-01,240.26953487699635,234,lstm_corr_top1_rand1,f5,3
2025-10-01,286.30052084880833,234,lstm_corr_top1_rand1,f5,3
2025-11-01,321.9059585352862,234,lstm_corr_top1_rand1,f5,3
2025-12-01,282.4349234664146,234,lstm_corr_top1_rand1,f5,3
2026-01-01,292.92949032033727,234,lstm_corr_top1_rand1,f5,3
2026-02-01,402.7559578179105,234,lstm_corr_top1_rand1,f5,3
2026-03-01,343.6231545226745,234,lstm_corr_top1_rand1,f5,3
2026-04-01,320.7846592366297,234,lstm_corr_top1_rand1,f5,3
2026-05-01,337.7255289110101,234,lstm_corr_top1_rand1,f5,3
2025-05-01,226.98094213211735,234,lstm_corr_top1_era5_rand1,f5,3
2025-06-01,378.6947859910988,234,lstm_corr_top1_era5_rand1,f5,3
2025-07-01,252.4836554769891,234,lstm_corr_top1_era5_rand1,f5,3
2025-08-01,260.3887868575449,234,lstm_corr_top1_era5_rand1,f5,3
2025-09-01,242.25424369844916,234,lstm_corr_top1_era5_rand1,f5,3
2025-10-01,287.52992681420943,234,lstm_corr_top1_era5_rand1,f5,3
2025-11-01,314.19352573666004,234,lstm_corr_top1_era5_rand1,f5,3
2025-12-01,264.95774278772603,234,lstm_corr_top1_era5_rand1,f5,3
2026-01-01,284.5776764479638,234,lstm_corr_top1_era5_rand1,f5,3
2026-02-01,393.1966803725404,234,lstm_corr_top1_era5_rand1,f5,3
2026-03-01,323.8388883024286,234,lstm_corr_top1_era5_rand1,f5,3
2026-04-01,300.3566054733842,234,lstm_corr_top1_era5_rand1,f5,3
2026-05-01,319.44116753707226,234,lstm_corr_top1_era5_rand1,f5,3
2025-05-01,231.51348954555894,234,lstm_corr_top1_rand2,f5,3
2025-06-01,377.51289346394424,234,lstm_corr_top1_rand2,f5,3
2025-07-01,249.2820301286822,234,lstm_corr_top1_rand2,f5,3
2025-08-01,269.62607620599215,234,lstm_corr_top1_rand2,f5,3
2025-09-01,239.0091703032901,234,lstm_corr_top1_rand2,f5,3
2025-10-01,286.4588936000798,234,lstm_corr_top1_rand2,f5,3
2025-11-01,321.95390123941297,234,lstm_corr_top1_rand2,f5,3
2025-12-01,281.5854422319271,234,lstm_corr_top1_rand2,f5,3
2026-01-01,292.94888558477993,234,lstm_corr_top1_rand2,f5,3
2026-02-01,399.34769917522027,234,lstm_corr_top1_rand2,f5,3
2026-03-01,340.7674215610527,234,lstm_corr_top1_rand2,f5,3
2026-04-01,316.0204017847995,234,lstm_corr_top1_rand2,f5,3
2026-05-01,336.1990140542271,234,lstm_corr_top1_rand2,f5,3
2025-05-01,230.3547104043537,234,lstm_corr_top1_era5_rand2,f5,3
2025-06-01,376.8609379241389,234,lstm_corr_top1_era5_rand2,f5,3
2025-07-01,251.6773472721088,234,lstm_corr_top1_era5_rand2,f5,3
2025-08-01,257.16741382358566,234,lstm_corr_top1_era5_rand2,f5,3
2025-09-01,238.9190068828752,234,lstm_corr_top1_era5_rand2,f5,3
2025-10-01,286.8952671329638,234,lstm_corr_top1_era5_rand2,f5,3
2025-11-01,314.4429985941628,234,lstm_corr_top1_era5_rand2,f5,3
2025-12-01,260.6590440104215,234,lstm_corr_top1_era5_rand2,f5,3
2026-01-01,281.68688222224256,234,lstm_corr_top1_era5_rand2,f5,3
2026-02-01,387.0164345519043,234,lstm_corr_top1_era5_rand2,f5,3
2026-03-01,320.6583611049209,234,lstm_corr_top1_era5_rand2,f5,3
2026-04-01,299.2201101721108,234,lstm_corr_top1_era5_rand2,f5,3
2026-05-01,315.0212721026093,234,lstm_corr_top1_era5_rand2,f5,3
2025-05-01,235.1205930480643,234,lstm_corr_top1_rand3,f5,3
2025-06-01,382.818472759511,234,lstm_corr_top1_rand3,f5,3
2025-07-01,249.02820704973914,234,lstm_corr_top1_rand3,f5,3
2025-08-01,265.07973570277187,234,lstm_corr_top1_rand3,f5,3
2025-09-01,238.4743578949051,234,lstm_corr_top1_rand3,f5,3
2025-10-01,285.71050689290087,234,lstm_corr_top1_rand3,f5,3
2025-11-01,321.3021020317215,234,lstm_corr_top1_rand3,f5,3
2025-12-01,277.08362850544853,234,lstm_corr_top1_rand3,f5,3
2026-01-01,293.2282672735181,234,lstm_corr_top1_rand3,f5,3
2026-02-01,402.44195026280624,234,lstm_corr_top1_rand3,f5,3
2026-03-01,341.0468026269405,234,lstm_corr_top1_rand3,f5,3
2026-04-01,319.78849282630085,234,lstm_corr_top1_rand3,f5,3
2026-05-01,335.0449130350107,234,lstm_corr_top1_rand3,f5,3
2025-05-01,227.85852544798743,234,lstm_corr_top1_era5_rand3,f5,3
2025-06-01,374.7774142223486,234,lstm_corr_top1_era5_rand3,f5,3
2025-07-01,250.7798904214303,234,lstm_corr_top1_era5_rand3,f5,3
2025-08-01,255.84584350421744,234,lstm_corr_top1_era5_rand3,f5,3
2025-09-01,242.93745815178397,234,lstm_corr_top1_era5_rand3,f5,3
2025-10-01,286.67913476301123,234,lstm_corr_top1_era5_rand3,f5,3
2025-11-01,308.3969085659055,234,lstm_corr_top1_era5_rand3,f5,3
2025-12-01,262.32395504237303,234,lstm_corr_top1_era5_rand3,f5,3
2026-01-01,278.5965194047834,234,lstm_corr_top1_era5_rand3,f5,3
2026-02-01,387.174281471453,234,lstm_corr_top1_era5_rand3,f5,3
2026-03-01,322.5084489326396,234,lstm_corr_top1_era5_rand3,f5,3
2026-04-01,303.12417978065304,234,lstm_corr_top1_era5_rand3,f5,3
2026-05-01,316.3398575058442,234,lstm_corr_top1_era5_rand3,f5,3
2025-05-01,234.8577299832717,234,lstm_corr_top1_rand4,f5,3
2025-06-01,382.6466078910699,234,lstm_corr_top1_rand4,f5,3
2025-07-01,251.87123776270977,234,lstm_corr_top1_rand4,f5,3
2025-08-01,268.02974446667776,234,lstm_corr_top1_rand4,f5,3
2025-09-01,241.11560125237185,234,lstm_corr_top1_rand4,f5,3
2025-10-01,288.42985974115487,234,lstm_corr_top1_rand4,f5,3
2025-11-01,322.50453629249773,234,lstm_corr_top1_rand4,f5,3
2025-12-01,282.0561130008022,234,lstm_corr_top1_rand4,f5,3
2026-01-01,293.54387617425454,234,lstm_corr_top1_rand4,f5,3
2026-02-01,404.0186795541597,234,lstm_corr_top1_rand4,f5,3
2026-03-01,343.21555913127196,234,lstm_corr_top1_rand4,f5,3
2026-04-01,317.6643418108453,234,lstm_corr_top1_rand4,f5,3
2026-05-01,335.1007342450377,234,lstm_corr_top1_rand4,f5,3
2025-05-01,230.99906549050138,234,lstm_corr_top1_era5_rand4,f5,3
2025-06-01,375.5680782368098,234,lstm_corr_top1_era5_rand4,f5,3
2025-07-01,251.1220751958005,234,lstm_corr_top1_era5_rand4,f5,3
2025-08-01,258.38685678581214,234,lstm_corr_top1_era5_rand4,f5,3
2025-09-01,236.10896140919343,234,lstm_corr_top1_era5_rand4,f5,3
2025-10-01,286.9869025189386,234,lstm_corr_top1_era5_rand4,f5,3
2025-11-01,318.9198405272862,234,lstm_corr_top1_era5_rand4,f5,3
2025-12-01,261.078199308749,234,lstm_corr_top1_era5_rand4,f5,3
2026-01-01,279.0484397194222,234,lstm_corr_top1_era5_rand4,f5,3
2026-02-01,387.0519804922029,234,lstm_corr_top1_era5_rand4,f5,3
2026-03-01,326.13327709519154,234,lstm_corr_top1_era5_rand4,f5,3
2026-04-01,300.4145350826807,234,lstm_corr_top1_era5_rand4,f5,3
2026-05-01,319.5337638592363,234,lstm_corr_top1_era5_rand4,f5,3
2025-05-01,234.5612266689285,234,lstm_corr_top1_rand5,f5,3
2025-06-01,379.54024571311913,234,lstm_corr_top1_rand5,f5,3
2025-07-01,250.3673489168873,234,lstm_corr_top1_rand5,f5,3
2025-08-01,268.7336843912558,234,lstm_corr_top1_rand5,f5,3
2025-09-01,241.03941709352816,234,lstm_corr_top1_rand5,f5,3
2025-10-01,287.2372636508943,234,lstm_corr_top1_rand5,f5,3
2025-11-01,322.4245767457605,234,lstm_corr_top1_rand5,f5,3
2025-12-01,282.3521981890389,234,lstm_corr_top1_rand5,f5,3
2026-01-01,293.34240294157667,234,lstm_corr_top1_rand5,f5,3
2026-02-01,400.42641765404585,234,lstm_corr_top1_rand5,f5,3
2026-03-01,343.32700216781,234,lstm_corr_top1_rand5,f5,3
2026-04-01,316.8587105593042,234,lstm_corr_top1_rand5,f5,3
2026-05-01,335.61878173505636,234,lstm_corr_top1_rand5,f5,3
2025-05-01,224.67817367394082,234,lstm_corr_top1_era5_rand5,f5,3
2025-06-01,375.9298645896896,234,lstm_corr_top1_era5_rand5,f5,3
2025-07-01,248.9674043101113,234,lstm_corr_top1_era5_rand5,f5,3
2025-08-01,255.92595251508357,234,lstm_corr_top1_era5_rand5,f5,3
2025-09-01,241.15146916153248,234,lstm_corr_top1_era5_rand5,f5,3
2025-10-01,286.7707366811669,234,lstm_corr_top1_era5_rand5,f5,3
2025-11-01,312.4658025117559,234,lstm_corr_top1_era5_rand5,f5,3
2025-12-01,262.77975746175207,234,lstm_corr_top1_era5_rand5,f5,3
2026-01-01,281.95726147279964,234,lstm_corr_top1_era5_rand5,f5,3
2026-02-01,390.53405086013987,234,lstm_corr_top1_era5_rand5,f5,3
2026-03-01,324.57877095791457,234,lstm_corr_top1_era5_rand5,f5,3
2026-04-01,298.22040529007637,234,lstm_corr_top1_era5_rand5,f5,3
2026-05-01,313.73279776857356,234,lstm_corr_top1_era5_rand5,f5,3
2025-05-01,233.10267361170932,234,lstm_corr_top1_rand6,f5,3
2025-06-01,379.6778134721074,234,lstm_corr_top1_rand6,f5,3
2025-07-01,249.2260134258603,234,lstm_corr_top1_rand6,f5,3
2025-08-01,266.73690757243617,234,lstm_corr_top1_rand6,f5,3
2025-09-01,241.36391535331546,234,lstm_corr_top1_rand6,f5,3
2025-10-01,287.10726268769264,234,lstm_corr_top1_rand6,f5,3
2025-11-01,322.7330238207423,234,lstm_corr_top1_rand6,f5,3
2025-12-01,280.94755948093336,234,lstm_corr_top1_rand6,f5,3
2026-01-01,293.19394148698547,234,lstm_corr_top1_rand6,f5,3
2026-02-01,401.60044291150354,234,lstm_corr_top1_rand6,f5,3
2026-03-01,342.23493350261447,234,lstm_corr_top1_rand6,f5,3
2026-04-01,319.1003762687115,234,lstm_corr_top1_rand6,f5,3
2026-05-01,336.9432084906847,234,lstm_corr_top1_rand6,f5,3
2025-05-01,225.50187318806178,234,lstm_corr_top1_era5_rand6,f5,3
2025-06-01,376.3065748181076,234,lstm_corr_top1_era5_rand6,f5,3
2025-07-01,253.17530490306711,234,lstm_corr_top1_era5_rand6,f5,3
2025-08-01,257.35381486162936,234,lstm_corr_top1_era5_rand6,f5,3
2025-09-01,244.6147895883617,234,lstm_corr_top1_era5_rand6,f5,3
2025-10-01,286.72140175925534,234,lstm_corr_top1_era5_rand6,f5,3
2025-11-01,313.75241805681964,234,lstm_corr_top1_era5_rand6,f5,3
2025-12-01,274.07075463980095,234,lstm_corr_top1_era5_rand6,f5,3
2026-01-01,280.90348196798493,234,lstm_corr_top1_era5_rand6,f5,3
2026-02-01,395.567605573063,234,lstm_corr_top1_era5_rand6,f5,3
2026-03-01,327.23425048174386,234,lstm_corr_top1_era5_rand6,f5,3
2026-04-01,300.8324998284796,234,lstm_corr_top1_era5_rand6,f5,3
2026-05-01,312.97139319120976,234,lstm_corr_top1_era5_rand6,f5,3
2025-05-01,234.61036839066136,234,lstm_corr_top1_rand7,f5,3
2025-06-01,383.2935065555903,234,lstm_corr_top1_rand7,f5,3
2025-07-01,251.22129868037803,234,lstm_corr_top1_rand7,f5,3
2025-08-01,268.6738847102035,234,lstm_corr_top1_rand7,f5,3
2025-09-01,242.41659946884022,234,lstm_corr_top1_rand7,f5,3
2025-10-01,285.63165887016294,234,lstm_corr_top1_rand7,f5,3
2025-11-01,322.60988949395875,234,lstm_corr_top1_rand7,f5,3
2025-12-01,281.92180010272153,234,lstm_corr_top1_rand7,f5,3
2026-01-01,294.6379467014537,234,lstm_corr_top1_rand7,f5,3
2026-02-01,403.8653556362376,234,lstm_corr_top1_rand7,f5,3
2026-03-01,343.35447754849287,234,lstm_corr_top1_rand7,f5,3
2026-04-01,319.815086702241,234,lstm_corr_top1_rand7,f5,3
2026-05-01,334.56652215528925,234,lstm_corr_top1_rand7,f5,3
2025-05-01,230.47148028085252,234,lstm_corr_top1_era5_rand7,f5,3
2025-06-01,378.85242014657626,234,lstm_corr_top1_era5_rand7,f5,3
2025-07-01,259.71979219496626,234,lstm_corr_top1_era5_rand7,f5,3
2025-08-01,265.39137777557823,234,lstm_corr_top1_era5_rand7,f5,3
2025-09-01,255.54444539799988,234,lstm_corr_top1_era5_rand7,f5,3
2025-10-01,288.72735831291544,234,lstm_corr_top1_era5_rand7,f5,3
2025-11-01,314.9433013494314,234,lstm_corr_top1_era5_rand7,f5,3
2025-12-01,272.6151466741769,234,lstm_corr_top1_era5_rand7,f5,3
2026-01-01,285.1131228965104,234,lstm_corr_top1_era5_rand7,f5,3
2026-02-01,391.8111447844991,234,lstm_corr_top1_era5_rand7,f5,3
2026-03-01,322.70807378803886,234,lstm_corr_top1_era5_rand7,f5,3
2026-04-01,305.7172839003482,234,lstm_corr_top1_era5_rand7,f5,3
2026-05-01,317.83662620601945,234,lstm_corr_top1_era5_rand7,f5,3
2025-05-01,232.4214541391995,234,lstm_corr_top1_rand8,f5,3
2025-06-01,382.24178579854316,234,lstm_corr_top1_rand8,f5,3
2025-07-01,254.6735472321297,234,lstm_corr_top1_rand8,f5,3
2025-08-01,269.28767679253826,234,lstm_corr_top1_rand8,f5,3
2025-09-01,241.9379016216656,234,lstm_corr_top1_rand8,f5,3
2025-10-01,284.86766128997596,234,lstm_corr_top1_rand8,f5,3
2025-11-01,320.7407884069577,234,lstm_corr_top1_rand8,f5,3
2025-12-01,281.1503169312312,234,lstm_corr_top1_rand8,f5,3
2026-01-01,290.79836431170884,234,lstm_corr_top1_rand8,f5,3
2026-02-01,397.8423414975028,234,lstm_corr_top1_rand8,f5,3
2026-03-01,340.6753863615168,234,lstm_corr_top1_rand8,f5,3
2026-04-01,319.9354553069757,234,lstm_corr_top1_rand8,f5,3
2026-05-01,336.4537941482849,234,lstm_corr_top1_rand8,f5,3
2025-05-01,229.49656300847656,234,lstm_corr_top1_era5_rand8,f5,3
2025-06-01,378.798031193818,234,lstm_corr_top1_era5_rand8,f5,3
2025-07-01,255.2616170008657,234,lstm_corr_top1_era5_rand8,f5,3
2025-08-01,257.17507997731286,234,lstm_corr_top1_era5_rand8,f5,3
2025-09-01,238.73969567533524,234,lstm_corr_top1_era5_rand8,f5,3
2025-10-01,286.6672264446345,234,lstm_corr_top1_era5_rand8,f5,3
2025-11-01,313.29135349122265,234,lstm_corr_top1_era5_rand8,f5,3
2025-12-01,262.4186224409667,234,lstm_corr_top1_era5_rand8,f5,3
2026-01-01,278.0461927403521,234,lstm_corr_top1_era5_rand8,f5,3
2026-02-01,388.4051785875244,234,lstm_corr_top1_era5_rand8,f5,3
2026-03-01,321.10260228144034,234,lstm_corr_top1_era5_rand8,f5,3
2026-04-01,301.1241843228817,234,lstm_corr_top1_era5_rand8,f5,3
2026-05-01,318.4832813873579,234,lstm_corr_top1_era5_rand8,f5,3
2025-05-01,233.46871326866153,234,lstm_corr_top1_rand9,f5,3
2025-06-01,381.888293021978,234,lstm_corr_top1_rand9,f5,3
2025-07-01,253.08580055207253,234,lstm_corr_top1_rand9,f5,3
2025-08-01,268.1017448678972,234,lstm_corr_top1_rand9,f5,3
2025-09-01,240.89318503104474,234,lstm_corr_top1_rand9,f5,3
2025-10-01,286.6496217944507,234,lstm_corr_top1_rand9,f5,3
2025-11-01,321.3734733675786,234,lstm_corr_top1_rand9,f5,3
2025-12-01,280.99149978319304,234,lstm_corr_top1_rand9,f5,3
2026-01-01,293.1101819719127,234,lstm_corr_top1_rand9,f5,3
2026-02-01,402.24582246778573,234,lstm_corr_top1_rand9,f5,3
2026-03-01,343.7814630877748,234,lstm_corr_top1_rand9,f5,3
2026-04-01,320.3387999721088,234,lstm_corr_top1_rand9,f5,3
2026-05-01,335.2373010539415,234,lstm_corr_top1_rand9,f5,3
2025-05-01,228.26861903578836,234,lstm_corr_top1_era5_rand9,f5,3
2025-06-01,376.77441218222117,234,lstm_corr_top1_era5_rand9,f5,3
2025-07-01,255.17139734728164,234,lstm_corr_top1_era5_rand9,f5,3
2025-08-01,258.0963062278867,234,lstm_corr_top1_era5_rand9,f5,3
2025-09-01,243.16630449002602,234,lstm_corr_top1_era5_rand9,f5,3
2025-10-01,289.28539660236083,234,lstm_corr_top1_era5_rand9,f5,3
2025-11-01,312.70420269011845,234,lstm_corr_top1_era5_rand9,f5,3
2025-12-01,266.8528794836574,234,lstm_corr_top1_era5_rand9,f5,3
2026-01-01,277.4196223671634,234,lstm_corr_top1_era5_rand9,f5,3
2026-02-01,390.7759104354424,234,lstm_corr_top1_era5_rand9,f5,3
2026-03-01,318.7955664878988,234,lstm_corr_top1_era5_rand9,f5,3
2026-04-01,298.9428701705026,234,lstm_corr_top1_era5_rand9,f5,3
2026-05-01,316.8993109060181,234,lstm_corr_top1_era5_rand9,f5,3
2025-05-01,233.23747615649447,234,lstm_corr_top1_rand10,f5,3
2025-06-01,381.23531234158406,234,lstm_corr_top1_rand10,f5,3
2025-07-01,249.40723944135505,234,lstm_corr_top1_rand10,f5,3
2025-08-01,266.10580987160677,234,lstm_corr_top1_rand10,f5,3
2025-09-01,241.30807882960664,234,lstm_corr_top1_rand10,f5,3
2025-10-01,285.45008512648815,234,lstm_corr_top1_rand10,f5,3
2025-11-01,319.1731804213863,234,lstm_corr_top1_rand10,f5,3
2025-12-01,281.24680656213667,234,lstm_corr_top1_rand10,f5,3
2026-01-01,293.7493070239454,234,lstm_corr_top1_rand10,f5,3
2026-02-01,401.59426347171274,234,lstm_corr_top1_rand10,f5,3
2026-03-01,345.084160649029,234,lstm_corr_top1_rand10,f5,3
2026-04-01,318.76872165743487,234,lstm_corr_top1_rand10,f5,3
2026-05-01,336.8189380596394,234,lstm_corr_top1_rand10,f5,3
2025-05-01,226.61047950537804,234,lstm_corr_top1_era5_rand10,f5,3
2025-06-01,376.0645602323587,234,lstm_corr_top1_era5_rand10,f5,3
2025-07-01,247.05085137010647,234,lstm_corr_top1_era5_rand10,f5,3
2025-08-01,253.33531602844525,234,lstm_corr_top1_era5_rand10,f5,3
2025-09-01,240.37626673945138,234,lstm_corr_top1_era5_rand10,f5,3
2025-10-01,286.4192375863292,234,lstm_corr_top1_era5_rand10,f5,3
2025-11-01,313.1796521819162,234,lstm_corr_top1_era5_rand10,f5,3
2025-12-01,264.36351925452794,234,lstm_corr_top1_era5_rand10,f5,3
2026-01-01,277.6667234324688,234,lstm_corr_top1_era5_rand10,f5,3
2026-02-01,390.7113531663206,234,lstm_corr_top1_era5_rand10,f5,3
2026-03-01,328.8783976679061,234,lstm_corr_top1_era5_rand10,f5,3
2026-04-01,305.6165662720728,234,lstm_corr_top1_era5_rand10,f5,3
2026-05-01,316.87952524431705,234,lstm_corr_top1_era5_rand10,f5,3
2025-05-01,233.516162509364,234,lstm_corr_top1_rand11,f5,3
2025-06-01,380.19567708014955,234,lstm_corr_top1_rand11,f5,3
2025-07-01,249.97918006439193,234,lstm_corr_top1_rand11,f5,3
2025-08-01,269.36930705857435,234,lstm_corr_top1_rand11,f5,3
2025-09-01,241.11123316270994,234,lstm_corr_top1_rand11,f5,3
2025-10-01,287.05237625204086,234,lstm_corr_top1_rand11,f5,3
2025-11-01,324.28596370024815,234,lstm_corr_top1_rand11,f5,3
2025-12-01,281.24959749200553,234,lstm_corr_top1_rand11,f5,3
2026-01-01,295.05724186836557,234,lstm_corr_top1_rand11,f5,3
2026-02-01,400.6942004221513,234,lstm_corr_top1_rand11,f5,3
2026-03-01,344.8644734806531,234,lstm_corr_top1_rand11,f5,3
2026-04-01,318.1219331047249,234,lstm_corr_top1_rand11,f5,3
2026-05-01,339.18512494059473,234,lstm_corr_top1_rand11,f5,3
2025-05-01,225.0641637991911,234,lstm_corr_top1_era5_rand11,f5,3
2025-06-01,377.5072315356188,234,lstm_corr_top1_era5_rand11,f5,3
2025-07-01,254.12267170458443,234,lstm_corr_top1_era5_rand11,f5,3
2025-08-01,256.3411181410076,234,lstm_corr_top1_era5_rand11,f5,3
2025-09-01,247.0846705109211,234,lstm_corr_top1_era5_rand11,f5,3
2025-10-01,288.67957409092315,234,lstm_corr_top1_era5_rand11,f5,3
2025-11-01,312.75684207455384,234,lstm_corr_top1_era5_rand11,f5,3
2025-12-01,268.5291097785689,234,lstm_corr_top1_era5_rand11,f5,3
2026-01-01,282.57407545222304,234,lstm_corr_top1_era5_rand11,f5,3
2026-02-01,392.4158445284791,234,lstm_corr_top1_era5_rand11,f5,3
2026-03-01,320.62273792571335,234,lstm_corr_top1_era5_rand11,f5,3
2026-04-01,298.3864072895427,234,lstm_corr_top1_era5_rand11,f5,3
2026-05-01,313.0467296262111,234,lstm_corr_top1_era5_rand11,f5,3
2025-05-01,233.14066199378868,234,lstm_corr_top1_rand12,f5,3
2025-06-01,382.935281331481,234,lstm_corr_top1_rand12,f5,3
2025-07-01,250.94017426284628,234,lstm_corr_top1_rand12,f5,3
2025-08-01,267.64743979058863,234,lstm_corr_top1_rand12,f5,3
2025-09-01,242.06439406834977,234,lstm_corr_top1_rand12,f5,3
2025-10-01,288.9656832597047,234,lstm_corr_top1_rand12,f5,3
2025-11-01,324.40633205912604,234,lstm_corr_top1_rand12,f5,3
2025-12-01,279.4337571498124,234,lstm_corr_top1_rand12,f5,3
2026-01-01,292.8777549654726,234,lstm_corr_top1_rand12,f5,3
2026-02-01,402.76414153008676,234,lstm_corr_top1_rand12,f5,3
2026-03-01,344.2121700399501,234,lstm_corr_top1_rand12,f5,3
2026-04-01,317.4207068360975,234,lstm_corr_top1_rand12,f5,3
2026-05-01,335.59125587109304,234,lstm_corr_top1_rand12,f5,3
2025-05-01,233.72100358442015,234,lstm_corr_top1_era5_rand12,f5,3
2025-06-01,379.7981771646363,234,lstm_corr_top1_era5_rand12,f5,3
2025-07-01,260.00865180280647,234,lstm_corr_top1_era5_rand12,f5,3
2025-08-01,263.84248958256916,234,lstm_corr_top1_era5_rand12,f5,3
2025-09-01,250.38443866611988,234,lstm_corr_top1_era5_rand12,f5,3
2025-10-01,294.2254565188017,234,lstm_corr_top1_era5_rand12,f5,3
2025-11-01,314.3909529014215,234,lstm_corr_top1_era5_rand12,f5,3
2025-12-01,277.6009534002501,234,lstm_corr_top1_era5_rand12,f5,3
2026-01-01,280.98440425104457,234,lstm_corr_top1_era5_rand12,f5,3
2026-02-01,392.0129739229714,234,lstm_corr_top1_era5_rand12,f5,3
2026-03-01,321.1721264870693,234,lstm_corr_top1_era5_rand12,f5,3
2026-04-01,301.06256893099794,234,lstm_corr_top1_era5_rand12,f5,3
2026-05-01,310.2738171068377,234,lstm_corr_top1_era5_rand12,f5,3
2025-05-01,231.15884491248414,234,lstm_corr_top1_rand13,f5,3
2025-06-01,379.8610721592021,234,lstm_corr_top1_rand13,f5,3
2025-07-01,251.78533644621197,234,lstm_corr_top1_rand13,f5,3
2025-08-01,268.2603534053353,234,lstm_corr_top1_rand13,f5,3
2025-09-01,240.47606697601728,234,lstm_corr_top1_rand13,f5,3
2025-10-01,286.0225055988083,234,lstm_corr_top1_rand13,f5,3
2025-11-01,319.7586392408468,234,lstm_corr_top1_rand13,f5,3
2025-12-01,281.5142139281982,234,lstm_corr_top1_rand13,f5,3
2026-01-01,291.24523398157766,234,lstm_corr_top1_rand13,f5,3
2026-02-01,401.0040431928491,234,lstm_corr_top1_rand13,f5,3
2026-03-01,342.5525057413408,234,lstm_corr_top1_rand13,f5,3
2026-04-01,319.9573381970674,234,lstm_corr_top1_rand13,f5,3
2026-05-01,337.0626213778625,234,lstm_corr_top1_rand13,f5,3
2025-05-01,228.0773257042332,234,lstm_corr_top1_era5_rand13,f5,3
2025-06-01,377.68537912696587,234,lstm_corr_top1_era5_rand13,f5,3
2025-07-01,255.69167238053197,234,lstm_corr_top1_era5_rand13,f5,3
2025-08-01,264.9710513653674,234,lstm_corr_top1_era5_rand13,f5,3
2025-09-01,252.15733522430497,234,lstm_corr_top1_era5_rand13,f5,3
2025-10-01,291.53868406534093,234,lstm_corr_top1_era5_rand13,f5,3
2025-11-01,314.29725464132224,234,lstm_corr_top1_era5_rand13,f5,3
2025-12-01,274.63477686874273,234,lstm_corr_top1_era5_rand13,f5,3
2026-01-01,275.89043099930524,234,lstm_corr_top1_era5_rand13,f5,3
2026-02-01,392.9269728478499,234,lstm_corr_top1_era5_rand13,f5,3
2026-03-01,322.3934098565402,234,lstm_corr_top1_era5_rand13,f5,3
2026-04-01,302.0529306646116,234,lstm_corr_top1_era5_rand13,f5,3
2026-05-01,309.71691730791554,234,lstm_corr_top1_era5_rand13,f5,3
2025-05-01,234.25188213357583,234,lstm_corr_top1_rand14,f5,3
2025-06-01,383.63479058335486,234,lstm_corr_top1_rand14,f5,3
2025-07-01,253.47715035165538,234,lstm_corr_top1_rand14,f5,3
2025-08-01,267.73673846290586,234,lstm_corr_top1_rand14,f5,3
2025-09-01,239.50478896834824,234,lstm_corr_top1_rand14,f5,3
2025-10-01,284.65667114535137,234,lstm_corr_top1_rand14,f5,3
2025-11-01,319.9348343178222,234,lstm_corr_top1_rand14,f5,3
2025-12-01,280.48066222336274,234,lstm_corr_top1_rand14,f5,3
2026-01-01,291.2227292209427,234,lstm_corr_top1_rand14,f5,3
2026-02-01,399.92226656604777,234,lstm_corr_top1_rand14,f5,3
2026-03-01,344.5522568498349,234,lstm_corr_top1_rand14,f5,3
2026-04-01,320.047505391213,234,lstm_corr_top1_rand14,f5,3
2026-05-01,336.3720161803798,234,lstm_corr_top1_rand14,f5,3
2025-05-01,227.9809665068201,234,lstm_corr_top1_era5_rand14,f5,3
2025-06-01,384.11976043229026,234,lstm_corr_top1_era5_rand14,f5,3
2025-07-01,255.25648741785582,234,lstm_corr_top1_era5_rand14,f5,3
2025-08-01,256.7115954959341,234,lstm_corr_top1_era5_rand14,f5,3
2025-09-01,243.61283732888026,234,lstm_corr_top1_era5_rand14,f5,3
2025-10-01,287.95848859161254,234,lstm_corr_top1_era5_rand14,f5,3
2025-11-01,312.7804601276904,234,lstm_corr_top1_era5_rand14,f5,3
2025-12-01,263.3151454985199,234,lstm_corr_top1_era5_rand14,f5,3
2026-01-01,279.0375153123608,234,lstm_corr_top1_era5_rand14,f5,3
2026-02-01,389.7287621423365,234,lstm_corr_top1_era5_rand14,f5,3
2026-03-01,322.406198804913,234,lstm_corr_top1_era5_rand14,f5,3
2026-04-01,298.3753354451012,234,lstm_corr_top1_era5_rand14,f5,3
2026-05-01,313.6915609760377,234,lstm_corr_top1_era5_rand14,f5,3
2025-05-01,233.7787215962993,234,lstm_corr_top1_rand15,f5,3
2025-06-01,382.66466096059156,234,lstm_corr_top1_rand15,f5,3
2025-07-01,250.16822493138855,234,lstm_corr_top1_rand15,f5,3
2025-08-01,266.0296202534908,234,lstm_corr_top1_rand15,f5,3
2025-09-01,238.023366296013,234,lstm_corr_top1_rand15,f5,3
2025-10-01,285.72913401209007,234,lstm_corr_top1_rand15,f5,3
2025-11-01,320.6507978144035,234,lstm_corr_top1_rand15,f5,3
2025-12-01,277.60207776591363,234,lstm_corr_top1_rand15,f5,3
2026-01-01,293.2603654943612,234,lstm_corr_top1_rand15,f5,3
2026-02-01,402.0799890161191,234,lstm_corr_top1_rand15,f5,3
2026-03-01,341.59607342321254,234,lstm_corr_top1_rand15,f5,3
2026-04-01,317.7226914889256,234,lstm_corr_top1_rand15,f5,3
2026-05-01,335.82343234504515,234,lstm_corr_top1_rand15,f5,3
2025-05-01,228.85615087508992,234,lstm_corr_top1_era5_rand15,f5,3
2025-06-01,377.5237069526372,234,lstm_corr_top1_era5_rand15,f5,3
2025-07-01,252.97072439381412,234,lstm_corr_top1_era5_rand15,f5,3
2025-08-01,257.7798260903735,234,lstm_corr_top1_era5_rand15,f5,3
2025-09-01,244.64128843323593,234,lstm_corr_top1_era5_rand15,f5,3
2025-10-01,287.51889928212177,234,lstm_corr_top1_era5_rand15,f5,3
2025-11-01,315.8869999249165,234,lstm_corr_top1_era5_rand15,f5,3
2025-12-01,268.8638435271227,234,lstm_corr_top1_era5_rand15,f5,3
2026-01-01,280.53110742643395,234,lstm_corr_top1_era5_rand15,f5,3
2026-02-01,390.40003618550935,234,lstm_corr_top1_era5_rand15,f5,3
2026-03-01,319.24071147244183,234,lstm_corr_top1_era5_rand15,f5,3
2026-04-01,299.8810277194137,234,lstm_corr_top1_era5_rand15,f5,3
2026-05-01,311.9285384080195,234,lstm_corr_top1_era5_rand15,f5,3
2025-05-01,234.26845192360685,234,lstm_corr_top1_rand16,f5,3
2025-06-01,381.4616012395337,234,lstm_corr_top1_rand16,f5,3
2025-07-01,252.66889427105025,234,lstm_corr_top1_rand16,f5,3
2025-08-01,268.36960142567705,234,lstm_corr_top1_rand16,f5,3
2025-09-01,238.7935015452996,234,lstm_corr_top1_rand16,f5,3
2025-10-01,285.9831056171646,234,lstm_corr_top1_rand16,f5,3
2025-11-01,322.3466193830688,234,lstm_corr_top1_rand16,f5,3
2025-12-01,276.8516088658484,234,lstm_corr_top1_rand16,f5,3
2026-01-01,293.65929833944716,234,lstm_corr_top1_rand16,f5,3
2026-02-01,399.1038776178967,234,lstm_corr_top1_rand16,f5,3
2026-03-01,342.97093462656267,234,lstm_corr_top1_rand16,f5,3
2026-04-01,320.8034561486194,234,lstm_corr_top1_rand16,f5,3
2026-05-01,340.32776357259866,234,lstm_corr_top1_rand16,f5,3
2025-05-01,229.882420563154,234,lstm_corr_top1_era5_rand16,f5,3
2025-06-01,378.9862105096871,234,lstm_corr_top1_era5_rand16,f5,3
2025-07-01,254.24370317373922,234,lstm_corr_top1_era5_rand16,f5,3
2025-08-01,258.25848603006335,234,lstm_corr_top1_era5_rand16,f5,3
2025-09-01,239.55881670903685,234,lstm_corr_top1_era5_rand16,f5,3
2025-10-01,288.6332796697491,234,lstm_corr_top1_era5_rand16,f5,3
2025-11-01,311.16627462557324,234,lstm_corr_top1_era5_rand16,f5,3
2025-12-01,261.45510123608614,234,lstm_corr_top1_era5_rand16,f5,3
2026-01-01,278.76105701637226,234,lstm_corr_top1_era5_rand16,f5,3
2026-02-01,392.0608746631102,234,lstm_corr_top1_era5_rand16,f5,3
2026-03-01,323.9115915405454,234,lstm_corr_top1_era5_rand16,f5,3
2026-04-01,300.25408704169985,234,lstm_corr_top1_era5_rand16,f5,3
2026-05-01,317.5888336587295,234,lstm_corr_top1_era5_rand16,f5,3
2025-05-01,232.3018843316158,234,lstm_corr_top1_rand17,f5,3
2025-06-01,380.39572160757336,234,lstm_corr_top1_rand17,f5,3
2025-07-01,251.46049721451413,234,lstm_corr_top1_rand17,f5,3
2025-08-01,267.4698295877102,234,lstm_corr_top1_rand17,f5,3
2025-09-01,239.27139722136715,234,lstm_corr_top1_rand17,f5,3
2025-10-01,284.8520162090335,234,lstm_corr_top1_rand17,f5,3
2025-11-01,319.76204121812714,234,lstm_corr_top1_rand17,f5,3
2025-12-01,276.94818803063885,234,lstm_corr_top1_rand17,f5,3
2026-01-01,291.4265257936485,234,lstm_corr_top1_rand17,f5,3
2026-02-01,400.95895061162344,234,lstm_corr_top1_rand17,f5,3
2026-03-01,342.4883693477628,234,lstm_corr_top1_rand17,f5,3
2026-04-01,318.18739909114777,234,lstm_corr_top1_rand17,f5,3
2026-05-01,334.1121727259016,234,lstm_corr_top1_rand17,f5,3
2025-05-01,228.73583870971882,234,lstm_corr_top1_era5_rand17,f5,3
2025-06-01,379.4062100276877,234,lstm_corr_top1_era5_rand17,f5,3
2025-07-01,257.402863755501,234,lstm_corr_top1_era5_rand17,f5,3
2025-08-01,260.2345568400458,234,lstm_corr_top1_era5_rand17,f5,3
2025-09-01,251.58202353772364,234,lstm_corr_top1_era5_rand17,f5,3
2025-10-01,293.1293637895277,234,lstm_corr_top1_era5_rand17,f5,3
2025-11-01,314.92158092416366,234,lstm_corr_top1_era5_rand17,f5,3
2025-12-01,274.1364839030796,234,lstm_corr_top1_era5_rand17,f5,3
2026-01-01,279.55217652002614,234,lstm_corr_top1_era5_rand17,f5,3
2026-02-01,395.6325636432086,234,lstm_corr_top1_era5_rand17,f5,3
2026-03-01,328.5403173521645,234,lstm_corr_top1_era5_rand17,f5,3
2026-04-01,301.2263480182385,234,lstm_corr_top1_era5_rand17,f5,3
2026-05-01,313.87328579459313,234,lstm_corr_top1_era5_rand17,f5,3
2025-05-01,234.8138289591936,234,lstm_corr_top1_rand18,f5,3
2025-06-01,382.71843977897043,234,lstm_corr_top1_rand18,f5,3
2025-07-01,251.00780768291597,234,lstm_corr_top1_rand18,f5,3
2025-08-01,268.3885662393103,234,lstm_corr_top1_rand18,f5,3
2025-09-01,240.84261886705835,234,lstm_corr_top1_rand18,f5,3
2025-10-01,287.21807097063703,234,lstm_corr_top1_rand18,f5,3
2025-11-01,321.6029417767488,234,lstm_corr_top1_rand18,f5,3
2025-12-01,283.0876601525468,234,lstm_corr_top1_rand18,f5,3
2026-01-01,294.1505590191956,234,lstm_corr_top1_rand18,f5,3
2026-02-01,401.832588316956,234,lstm_corr_top1_rand18,f5,3
2026-03-01,344.3154622519385,234,lstm_corr_top1_rand18,f5,3
2026-04-01,317.36384620495556,234,lstm_corr_top1_rand18,f5,3
2026-05-01,335.303017843223,234,lstm_corr_top1_rand18,f5,3
2025-05-01,227.81286959855768,234,lstm_corr_top1_era5_rand18,f5,3
2025-06-01,378.6543820622904,234,lstm_corr_top1_era5_rand18,f5,3
2025-07-01,251.92681942568228,234,lstm_corr_top1_era5_rand18,f5,3
2025-08-01,260.51868842363814,234,lstm_corr_top1_era5_rand18,f5,3
2025-09-01,246.84820034002132,234,lstm_corr_top1_era5_rand18,f5,3
2025-10-01,288.488763936986,234,lstm_corr_top1_era5_rand18,f5,3
2025-11-01,315.1184262140472,234,lstm_corr_top1_era5_rand18,f5,3
2025-12-01,267.0689291823581,234,lstm_corr_top1_era5_rand18,f5,3
2026-01-01,281.21983568992397,234,lstm_corr_top1_era5_rand18,f5,3
2026-02-01,389.95758940592,234,lstm_corr_top1_era5_rand18,f5,3
2026-03-01,323.1153112280173,234,lstm_corr_top1_era5_rand18,f5,3
2026-04-01,300.18245179322656,234,lstm_corr_top1_era5_rand18,f5,3
2026-05-01,311.7421512527901,234,lstm_corr_top1_era5_rand18,f5,3
2025-05-01,233.94234859996612,234,lstm_corr_top1_rand19,f5,3
2025-06-01,383.82741207013726,234,lstm_corr_top1_rand19,f5,3
2025-07-01,252.27131029600153,234,lstm_corr_top1_rand19,f5,3
2025-08-01,267.4385244134103,234,lstm_corr_top1_rand19,f5,3
2025-09-01,241.49004343631944,234,lstm_corr_top1_rand19,f5,3
2025-10-01,287.19862102173533,234,lstm_corr_top1_rand19,f5,3
2025-11-01,322.1259864428215,234,lstm_corr_top1_rand19,f5,3
2025-12-01,280.8767846828473,234,lstm_corr_top1_rand19,f5,3
2026-01-01,292.967104357028,234,lstm_corr_top1_rand19,f5,3
2026-02-01,404.4247281600246,234,lstm_corr_top1_rand19,f5,3
2026-03-01,344.36901855825676,234,lstm_corr_top1_rand19,f5,3
2026-04-01,317.41105976158184,234,lstm_corr_top1_rand19,f5,3
2026-05-01,335.5068157054468,234,lstm_corr_top1_rand19,f5,3
2025-05-01,227.23202064489305,234,lstm_corr_top1_era5_rand19,f5,3
2025-06-01,378.3862334446031,234,lstm_corr_top1_era5_rand19,f5,3
2025-07-01,251.27319582408452,234,lstm_corr_top1_era5_rand19,f5,3
2025-08-01,259.23984113509806,234,lstm_corr_top1_era5_rand19,f5,3
2025-09-01,236.39516195672624,234,lstm_corr_top1_era5_rand19,f5,3
2025-10-01,286.8784885068857,234,lstm_corr_top1_era5_rand19,f5,3
2025-11-01,320.1301185789939,234,lstm_corr_top1_era5_rand19,f5,3
2025-12-01,265.2228935094035,234,lstm_corr_top1_era5_rand19,f5,3
2026-01-01,282.5955395392314,234,lstm_corr_top1_era5_rand19,f5,3
2026-02-01,389.7810466517428,234,lstm_corr_top1_era5_rand19,f5,3
2026-03-01,326.3930382848772,234,lstm_corr_top1_era5_rand19,f5,3
2026-04-01,301.68650823460376,234,lstm_corr_top1_era5_rand19,f5,3
2026-05-01,321.5661674394177,234,lstm_corr_top1_era5_rand19,f5,3
