name,continent,centroid_lat,centroid_lon,area_km2,glaciated,abs_lat,log10_area,stratum,era5_coverage,nbr_corr,nbr_dist_km,nbr_n_unique,nbr_modal,nbr_stable,rho,log_qr,coupling,skill_p3b,dm_p3b,dm_p_p3b,n_p3b,skill_p4cond,dm_p4cond,dm_p_p4cond,n_p4cond,skill_era5r,dm_era5r,dm_p_era5r,n_era5r,skill_era5c,dm_era5c,dm_p_era5c,n_era5c,li_dm_h4,dist_band,corr_band,lat_band
C_West_Red_Sea_Coast,africa,20.37064552307129,36.37029266357422,243098.421875,0,20.37064552307129,5.385782139537684,sub_noise,0.9270779320785844,0.713386098258016,909.7782716514063,3,C_East_Red_Sea_North_Gulf_of_Aden_Coast,0,0.9704640620780152,-1.2477811269742178,0.8793202853269658,-0.03143857996635546,1.0959898595519812,0.2762916736456423,83,-0.030538844034607937,1.0789199936892857,0.2837868661217382,83,-0.03143857996635546,1.0959898595519812,0.2762916736456423,83,-0.015865090181627073,0.5888185544595841,0.5576015733149959,83,-2.525336676860192,600-1000,mid_corr,tropics
C_South_Gulf_of_Aden_Coast,africa,8.431546211242676,46.7910041809082,532753.375,0,8.431546211242676,5.726526209656504,sub_noise,0.941286225668548,0.6743284125111758,777.476347340386,1,R_Shebelli_Juba_Rivers,1,0.7888158482300289,-0.35118576906018967,0.9234236172992697,0.01622503708477352,-0.9843450122418794,0.3278414383132345,83,0.01812412337729641,-1.1178572253889039,0.26689236084421003,83,0.01622503708477352,-0.9843450122418794,0.3278414383132345,83,0.013938629958921589,-0.9151338461475294,0.36280467409590206,83,-2.300151155022202,600-1000,mid_corr,tropics
R_Shebelli_Juba_Rivers,africa,4.114995956420898,41.25597381591797,807317.9375,0,4.114995956420898,5.907044602019804,sub_noise,0.9952040018984866,0.756168021186527,638.4003645785093,2,E_Rift_Valley,0,0.7975955930085595,0.3574303190026623,0.8232181871327707,0.023867434322218495,-0.8649880123555173,0.38956887869651846,83,0.02283062649108336,-0.8288219144036468,0.40961125020084277,83,0.023867434322218495,-0.8649880123555173,0.38956887869651846,83,0.03252816715417217,-1.218007316907605,0.22671430178292648,83,-3.259163454696812,600-1000,mid_corr,tropics
C_East_Central_Africa_Coast,africa,-8.842026710510254,37.68485641479492,1026780.125,0,8.842026710510254,6.011477453604424,low,0.988106532889832,0.864192589701303,597.8003552982154,1,E_Lake_Rukwa_Basin,1,0.8475075782422635,2.016144428405604,0.6892137741887016,0.09019516774561509,-2.222285683248977,0.02901803668971707,83,0.08916104353087473,-2.2341426020858632,0.02819562724026585,83,0.09019516774561509,-2.222285683248977,0.02901803668971707,83,0.1152687391776187,-3.2058244014767636,0.0019202973024782183,83,-2.535277413895767,300-600,high_corr,tropics
C_South_Zambezia_Coast,africa,-18.405845642089844,36.37495422363281,5879.02783203125,0,18.405845642089844,3.7693055161967326,low,0.8753431723165233,0.6949079399761475,401.81522781626205,1,C_Indian_Ocean_Africa_Coast,1,0.746205747083758,1.467632169091308,0.7468052372397732,0.040185061619516405,-2.7822037185128594,0.006698227915509422,83,0.038322295349367264,-2.6799575508119435,0.00889734160063671,83,0.040185061619516405,-2.7822037185128594,0.006698227915509422,83,0.03733465452396312,-2.820938913741305,0.006004166753411333,83,-0.7822829668613065,300-600,mid_corr,tropics
R_Zambezi_River,africa,-14.893959999084473,27.693653106689453,1376693.75,0,14.893959999084473,6.138837340781669,mid,0.9999999519140386,0.7645553639333207,903.6191005892949,1,E_South_Interior_Africa,1,0.9289618456343188,7.130441211232008,0.44590643950755593,0.0219724792142012,-0.40579209604945915,0.6859522992681473,83,-0.0013727798326654828,0.025148735280317136,0.9799974281029199,83,0.0219724792142012,-0.40579209604945915,0.6859522992681473,83,-0.10989397098566278,1.4902559593606413,0.13999360129194463,83,-0.2594502715700442,600-1000,mid_corr,tropics
C_Indian_Ocean_Africa_Coast,africa,-20.424480438232425,33.196754455566406,243745.15625,0,20.424480438232425,5.3869359940739665,low,0.979470357730162,0.7798157290197842,497.9907588101766,1,R_Limpopo_River,1,0.7469069383234006,7.317423106569075,0.6336696672735883,0.07852157999807385,-2.9162710429841434,0.004567662713643314,83,0.07475277996069285,-2.7569980916004435,0.007188524725760335,83,0.07852157999807385,-2.9162710429841434,0.004567662713643314,83,0.09627082353488792,-3.490628011104342,0.0007785382749357288,83,-2.310412431473394,300-600,high_corr,tropics
R_Limpopo_River,africa,-23.307178497314453,29.50295639038086,413093.1875,0,23.307178497314453,5.616048032895845,low,1.0000000333023396,0.7798157290197842,497.9907588101766,1,C_Indian_Ocean_Africa_Coast,1,0.8121161566863855,7.24358265299338,0.6336696672735911,-0.04525484538932245,1.9039692874904797,0.060421767950688744,83,-0.04591302220848714,1.9351161346576122,0.056423464685979245,83,-0.04525484538932245,1.9039692874904797,0.060421767950688744,83,-0.05579680321108693,2.558756768641838,0.012342860077712276,83,-2.2387957614874665,300-600,high_corr,tropics
C_South_Africa_South_Coast,africa,-30.293731689453125,27.53483963012696,388384.71875,0,30.293731689453125,5.589262133972554,sub_noise,0.9860938834111194,0.8186822928843036,595.4114400456677,1,R_Orange_River,1,0.8602711891791206,0.06056437134956207,0.9144020854919852,0.050025193192716144,-1.992329576600108,0.04966225006495863,83,0.04567306155308826,-1.822091578103472,0.07208692202702544,83,0.050025193192716144,-1.992329576600108,0.04966225006495863,83,0.03886709729338422,-1.787101442975561,0.07761633769234864,83,-0.1259010679357341,300-600,high_corr,S_extratropics
C_South_Africa_West_Coast,africa,-31.5205020904541,18.84754943847656,109535.5078125,0,31.5205020904541,5.039554926000768,sub_noise,0.9450033161121492,0.6122595365164957,787.9089795354678,2,C_South_Africa_South_Coast,0,0.5593887835580594,5.138580001354066,0.6640544211037257,0.06413999518805613,-2.2327357474456044,0.028292126836763954,83,0.06157642387250839,-2.1664300171364097,0.03318128958405263,83,0.06413999518805613,-2.2327357474456044,0.028292126836763954,83,0.05451943493757572,-2.04321102995156,0.0442429338796853,83,-0.4728447809599567,600-1000,low_corr,S_extratropics
R_Orange_River,africa,-27.33736228942871,22.437862396240234,983929.4375,0,27.33736228942871,5.992963954119143,low,1.0000000768991553,0.8287005279093007,729.245063604411,2,C_South_Africa_South_Coast,0,0.8398792320460151,4.464508283771366,0.898293834498077,-0.010171795753824986,0.3491531146748448,0.7278693736127645,83,-0.008389794525605954,0.28513242557978885,0.7762616254668604,83,-0.010171795753824986,0.3491531146748448,0.7278693736127645,83,0.0012548735341683104,-0.04628926071786358,0.9631922466901507,83,-0.7034269507110112,600-1000,high_corr,S_extratropics
C_Namibia_Coast,africa,-22.32147979736328,15.058770179748535,268245.71875,0,22.32147979736328,5.428532799275125,low,0.9627992756468408,0.836351748624822,715.5635576578668,2,E_South_Interior_Africa,0,0.8371701601846013,0.34508328738555993,0.8095174227130817,0.057782976602845815,-3.1369555428994054,0.0023711730850272334,83,0.05570478473080798,-2.977894325844715,0.003815512997646759,83,0.057782976602845815,-3.1369555428994054,0.0023711730850272334,83,0.042179686522007764,-2.3753082458483585,0.01986785711236069,83,-2.6675795790627896,600-1000,high_corr,tropics
C_Angola_Coast,africa,-12.190860748291016,14.83316707611084,521596.40625,0,12.190860748291016,5.717334590486189,low,0.97243504194704,0.4894619123698992,7107.582801321871,3,C_Namibia_Coast,0,0.8372904136959388,0.2803771483986208,0.40991598108389926,-0.1504874279702133,2.6540892267233023,0.009549221324117606,83,-0.15346711089367981,2.7302281731033458,0.007744987832771979,83,-0.1504874279702133,2.6540892267233023,0.009549221324117606,83,-0.1753901727756022,2.9854004573984922,0.003732173336173114,83,-1.7151376034568155,>1000,low_corr,tropics
R_Congo_River,africa,-2.5096843242645264,22.90906143188477,3715698.25,0,2.5096843242645264,6.570040437915534,low,1.0000000494356305,0.7682870304347345,1314.079465516347,2,E_Lake_Rukwa_Basin,0,0.8927676917189737,7.074629672569034,0.45766449950568744,-0.03803107884420531,0.43222470402905466,0.6667126213020205,83,-0.02856850915837339,0.3348273146869845,0.7386103373371403,83,-0.03803107884420531,0.43222470402905466,0.6667126213020205,83,0.08150921621494889,-1.6407906981972091,0.1046713929376069,83,-1.9478534148484996,>1000,mid_corr,tropics
C_Gulf_of_Guinea_Coast,africa,1.326582431793213,11.635783195495604,700958.5,0,1.326582431793213,5.845692306476619,low,0.9669125802672044,0.6188368629918015,1323.8391474797697,1,R_Congo_River,1,0.8020512511108304,0.7785310217878653,0.383758079459537,0.00527116174558484,-0.12623580146887348,0.8998542841291826,83,0.010927184507740328,-0.26814334215642477,0.7892623734942215,83,0.00527116174558484,-0.12623580146887348,0.8998542841291826,83,0.07654423475958105,-2.1567341725607085,0.03395471870310132,83,-1.5460074857505484,>1000,low_corr,tropics
C_Nigerian_Delta,africa,5.011028289794922,7.079521179199219,25460.255859375,0,5.011028289794922,4.405862763722836,low,0.9393371985749762,0.523661759183679,550.5535555398047,2,C_Bight_of_Benin_Coast,0,0.30723631519258443,6.5432510913521025,0.6207808718623865,-0.028967521466613855,1.0961722108832679,0.2762123541575196,83,-0.027598493519074285,1.070951355420468,0.28733338653067797,83,-0.028967521466613855,1.0961722108832679,0.2762123541575196,83,-0.014299086755422241,0.6492771255511149,0.5179737890981616,83,-1.8619123450788968,300-600,low_corr,tropics
R_Niger_River,africa,13.760977745056152,3.548226833343506,2137806.0,0,13.760977745056152,6.3299682916341045,sub_noise,0.9996386962272727,0.7972104313406766,1476.8570874381355,1,E_Lower_Lake_Chad,1,0.8325132409279645,0.06845576833743736,0.9156411796968458,0.17231796061431492,-3.154254312335456,0.002249451907339747,83,0.1704288396000423,-3.1648659962930576,0.002177695385790252,83,0.17231796061431492,-3.154254312335456,0.002249451907339747,83,0.21048836346260025,-4.572518878086246,1.6880205043750206e-05,83,-2.1682798814603927,>1000,high_corr,tropics
C_Bight_of_Benin_Coast,africa,7.379095077514648,3.409212112426758,209642.9375,0,7.379095077514648,5.321480236372584,mid,0.9412098819053056,0.7831325802139716,631.6263752483499,1,R_Volta_River,1,0.9362300662083737,-0.43613502171204244,0.9245035064813834,0.029363873554847153,-2.041006346513601,0.044466762729432056,83,0.02671694493092125,-1.8847100802092749,0.06301177805218204,83,0.029363873554847153,-2.041006346513601,0.044466762729432056,83,0.04376244714322042,-2.4137209163301923,0.018018277833736353,83,1.196549503267516,600-1000,high_corr,tropics
R_Volta_River,africa,10.47368335723877,-1.4132455587387085,410240.78125,0,10.47368335723877,5.613038830560624,mid,0.999999933944994,0.7943269557264679,798.7869899291147,2,C_West_Africa_Coast,0,0.9309885769066064,-0.2349028133246216,0.9058937471596199,0.015621313523141223,-0.5590215591746455,0.5776705715323817,83,0.016309258720828446,-0.5857134728522162,0.5596766997547387,83,0.015621313523141223,-0.5590215591746455,0.5776705715323817,83,0.0255562725102797,-0.9180921998561682,0.36126319303586657,83,2.1671072943156564,600-1000,high_corr,tropics
C_West_Africa_Coast,africa,8.892885208129883,-8.912860870361328,855164.875,0,8.892885208129883,5.9320498543768725,low,0.9667636280337176,0.7933634355000823,840.5771435993058,1,R_Volta_River,1,0.8851018653264839,-0.10674945467937316,0.8958954777140399,0.016825145637102135,-0.8526116419446348,0.3963581955697109,83,0.0157412032792289,-0.8152111347340029,0.417312982034501,83,0.016825145637102135,-0.8526116419446348,0.3963581955697109,83,0.039157423101389255,-1.691001182256629,0.09463432688737179,83,0.2173187693995006,600-1000,high_corr,tropics
R_Senegal_River,africa,15.055135726928713,-10.95368480682373,457495.84375,0,15.055135726928713,5.660387152949703,sub_noise,0.9999999606464453,0.5891840152418946,1398.5584551385539,2,R_Niger_River,0,0.7957445282157615,0.1694012762379343,0.7794004046847356,0.03533256559777598,-1.0821080611300018,0.28237647423527495,83,0.0383653160042684,-1.1868854158938507,0.2386999780011693,83,0.03533256559777598,-1.0821080611300018,0.28237647423527495,83,0.03432901833865187,-1.1201062185088142,0.26593852416861635,83,-1.8307367021482808,>1000,low_corr,tropics
C_North_West_Africa_Coast,africa,25.009010314941406,-11.437515258789062,832119.0625,0,25.009010314941406,5.9201854711071675,sub_noise,0.966235015676299,0.7469290667919013,1138.1279345139944,1,E_Saharan_and_Algerian_Atlas,1,0.9204703944466693,-0.691462416989453,0.881511445591781,0.07538157246117283,-2.0351601571161395,0.04506500892682853,83,0.0735874037575942,-1.9941269509456439,0.04946156648849727,83,0.07538157246117283,-2.0351601571161395,0.04506500892682853,83,0.050983369451121474,-1.5131804553697064,0.13407869195470443,83,-3.002848544963635,>1000,mid_corr,N_midlat
C_Southwest_Mediterranean_Coast,africa,35.3536376953125,2.8848717212677,296790.0625,0,35.3536376953125,5.472449355253665,sub_noise,0.9093123329442624,0.838990369651305,679.6017734492602,1,E_Saharan_and_Algerian_Atlas,1,0.9526823735289763,-0.5166850705781216,0.9398851687866598,0.08667929212370984,-2.6901853113150236,0.008650965271652575,83,0.08453405675367542,-2.6125643186595413,0.010686758458211798,83,0.08667929212370984,-2.6901853113150236,0.008650965271652575,83,0.054113902541677805,-1.917295333048136,0.05868274195690897,83,-2.689204936344925,600-1000,high_corr,N_midlat
C_South_Mediterranean_Coast,africa,30.94673156738281,16.09575080871582,282865.53125,0,30.94673156738281,5.451580029464943,sub_noise,0.9415755850382386,0.6050193012385621,913.2424399415628,2,E_Libyian_Desert,0,0.7171796294195517,-0.6360065493895614,0.9412185048923218,0.0017530666533406292,-0.2434976471779591,0.8082280418817962,83,0.0019015189385398479,-0.26968595832268005,0.788079369132204,83,0.0017530666533406292,-0.2434976471779591,0.8082280418817962,83,0.010797936269358654,-1.6886611088760952,0.09508399745711628,83,-0.735544814223363,600-1000,low_corr,N_midlat
C_West_Nile_Delta,africa,30.55795669555664,30.14198875427246,20673.873046875,0,30.55795669555664,4.315421845051044,sub_noise,0.8074967825450631,0.9572037331999244,128.55923318611988,1,C_East_Nile_Delta,1,0.724702993919851,-0.5490692134319851,0.9412185048923218,0.020326736720529204,-3.1008399454072206,0.0026453435516392253,83,0.020752232979723173,-3.168200158403324,0.0021555945346970846,83,0.020326736720529204,-3.1008399454072206,0.0026453435516392253,83,0.029359657208395284,-3.984402170309164,0.00014583998872490345,83,-3.3241553934036907,<300km,high_corr,N_midlat
R_Nile_River,africa,11.534171104431152,31.847883224487305,3062504.25,0,11.534171104431152,6.486076700066554,low,1.000000049277057,0.8762216263470114,1081.4738434719611,2,E_Rift_Valley,0,0.9073231219209836,0.6412616359379982,0.8306339601966064,0.08881048103506395,-1.6563774662269533,0.10146734234407753,83,0.08977152801633426,-1.6890682169908744,0.09500564219567204,83,0.08881048103506395,-1.6563774662269533,0.10146734234407753,83,0.07248679962224436,-1.7997725231972506,0.07557462206631664,83,-2.1032243011698086,>1000,high_corr,tropics
C_East_Nile_Delta,africa,30.81274032592773,31.45334815979004,19289.41015625,0,30.81274032592773,4.2853189477163385,sub_noise,0.9657190072358016,0.9572037331999244,128.55923318611988,1,C_West_Nile_Delta,1,0.8144781711197002,-0.9223956368976601,0.9412185048923218,-0.007431933072774566,2.2939098250632997,0.024354082439957073,83,-0.00722280474380077,2.2001544321869426,0.030609465573678794,83,-0.007431933072774566,2.2939098250632997,0.024354082439957073,83,-0.0029538238344986034,0.8648330408105736,0.3896534437792637,83,-3.419961887998393,<300km,high_corr,N_midlat
C_Madagascar,africa,-19.17742919921875,46.77520751953125,611052.1875,0,19.17742919921875,5.786078303164641,low,0.9275915645727963,0.32766927492766645,8317.74266944292,5,C_East_Central_Africa_Coast,0,0.6651621582671945,2.7939434756729637,0.167786200645149,-0.2186119310678607,3.781321104350698,0.0002951368195769473,83,-0.21457448791381695,3.775333379241861,0.00030123508319951044,83,-0.2186119310678607,3.781321104350698,0.0002951368195769473,83,-0.21739164230087793,4.051714262579059,0.00011490909639367823,83,-2.630117607078605,>1000,low_corr,tropics
E_Lower_Lake_Chad,africa,11.152617454528809,16.887977600097656,1125897.125,0,11.152617454528809,6.051498710154834,sub_noise,0.999999985034176,0.8119094107285472,1569.5464974438894,2,R_Nile_River,0,0.8776165092096655,4.781448436504297,0.7641188388988287,-0.0581430704616992,2.345472659046198,0.021418989100467405,83,-0.05544858841635003,2.2751133696008905,0.02550921637346509,83,-0.0581430704616992,2.345472659046198,0.021418989100467405,83,-0.0575071537077001,3.2535811573116047,0.0016561687070844743,83,-1.9954013650057951,>1000,high_corr,tropics
E_South_Interior_Africa,africa,-19.246938705444336,20.51251602172852,865424.625,0,19.246938705444336,5.937229248557949,mid,0.9999999610062869,0.8344880662865484,661.955572336702,1,C_Namibia_Coast,1,0.9342929937250292,7.10753128221109,0.8096058304280724,-0.10262332546838127,2.391788176981756,0.01905460133775599,83,-0.10016436604000667,2.3144599057594832,0.023144235773350137,83,-0.10262332546838127,2.391788176981756,0.01905460133775599,83,-0.11742918667404156,2.7777132956458748,0.006783270173202974,83,-2.559333375158303,600-1000,high_corr,tropics
E_Upper_Lake_Chad,africa,18.530920028686523,15.589140892028809,1353182.375,0,18.530920028686523,6.131356332531483,sub_noise,0.9999999365454026,0.7538869160801754,897.5873155343482,3,E_Libyian_Desert,0,0.8906889792712562,-0.7526140705921931,0.9412185048923218,-0.04877446119235196,1.8922193306977984,0.06199101255078098,83,-0.04834693806014778,1.9001466852255198,0.06092856822116988,83,-0.04877446119235196,1.8922193306977984,0.06199101255078098,83,-0.02992418358735316,1.0905430100590046,0.27866824774520355,83,-2.765598257578945,600-1000,mid_corr,tropics
E_Libyian_Desert,africa,26.2124080657959,17.569135665893555,1124732.75,0,26.2124080657959,6.051049341124324,sub_noise,1.000000052290965,0.7076567849499767,811.5580026901023,2,E_Upper_Lake_Chad,0,0.8514873611112768,-1.0689356793802307,0.9393090053425557,-0.0276732186501798,0.6109569259020283,0.5429179781104654,83,-0.026876625998917048,0.6027386876718599,0.5483458854113628,83,-0.0276732186501798,0.6109569259020283,0.5429179781104654,83,-0.006640393178379611,0.1702259082674351,0.8652517717088299,83,-2.4082984068497963,600-1000,mid_corr,N_midlat
E_Egyptian_Western_Desert,africa,25.169008255004883,26.742637634277344,927035.0,0,25.169008255004883,5.967096131145491,sub_noise,0.9999999591657808,0.7001938369840037,1332.7641977785065,3,E_Lower_Lake_Chad,0,0.9764663485229995,-1.2590497202274815,0.814883983091223,-0.0567697643624665,2.122766052953898,0.036789428617821265,83,-0.05513621034482474,2.086697467011167,0.04002194202264421,83,-0.0567697643624665,2.122766052953898,0.036789428617821265,83,-0.027274716833489032,1.099159679554713,0.2749151115420244,83,-3.465227910164382,>1000,mid_corr,N_midlat
E_Rift_Valley,africa,5.223244667053223,37.59090042114258,578629.4375,0,5.223244667053223,5.762400524401148,low,1.000000042284568,0.8755878380163784,944.0074449780201,1,R_Nile_River,1,0.8739563385628439,2.8615808800711764,0.8569271904843578,0.009586862979697464,-0.4094470828352313,0.683279177377889,83,0.009933652682347693,-0.4384313672783278,0.6622265293651783,83,0.009586862979697464,-0.4094470828352313,0.683279177377889,83,0.06706292325156793,-2.6501336779165996,0.009652638251260153,83,-2.143933421395511,600-1000,high_corr,tropics
E_Northern_Kordofan,africa,17.22397804260254,25.146631240844727,254361.15625,0,17.22397804260254,5.405450790489329,sub_noise,0.99999998856605,0.7082041489700874,997.0977561835255,2,E_Upper_Lake_Chad,0,0.6694811599011391,2.013396321667846,0.9150597787778721,0.060441795968049994,-2.168787636854145,0.03299556112584592,83,0.05951556359492172,-2.145109501719456,0.03490265756336055,83,0.060441795968049994,-2.168787636854145,0.03299556112584592,83,0.045170385625403875,-1.9206564728448103,0.05825086379524743,83,-2.2692534140457075,600-1000,mid_corr,tropics
E_Saharan_and_Algerian_Atlas,africa,30.64778709411621,-1.768595814704895,788742.8125,0,30.64778709411621,5.896935414717089,sub_noise,0.9999999976588402,0.838990369651305,679.6017734492602,1,C_Southwest_Mediterranean_Coast,1,0.9480520277262323,-0.5055987660884946,0.9398851687866598,0.002125781148768824,-0.227657331875509,0.8204793289150213,83,0.003503790319361544,-0.3666894445441,0.7147951966718461,83,0.002125781148768824,-0.227657331875509,0.8204793289150213,83,0.0029300014519794138,-0.30045742835509803,0.7645887001845695,83,-2.4687315145655337,600-1000,high_corr,N_midlat
E_Sahara,africa,24.56203269958496,-0.1017521992325782,2437994.0,0,24.56203269958496,6.3870326324677205,sub_noise,1.0000000340268662,0.6175498752242465,1783.2250174227433,1,E_Libyian_Desert,1,0.907041774889921,-1.055368878661993,0.8804118545513075,-0.006435777821619082,0.6442015439567585,0.521242684690853,83,-0.0056881373317405615,0.5763436178792875,0.5659616021750495,83,-0.006435777821619082,0.6442015439567585,0.521242684690853,83,-0.003447057087299532,0.36713026128333287,0.7144676230783523,83,-0.4071220295309658,>1000,low_corr,N_midlat
E_Lake_Rukwa_Basin,africa,-7.73997163772583,32.36717224121094,77505.734375,0,7.73997163772583,4.8893338356068154,mid,0.9999999166125492,0.864192589701303,597.8003552982154,1,C_East_Central_Africa_Coast,1,0.9138819570820704,2.9968534544014083,0.689213774188701,0.09026709719128179,-3.157410959097811,0.002227879308876044,83,0.0921695658182271,-3.1830750131672514,0.0020595221937011344,83,0.09026709719128179,-3.157410959097811,0.002227879308876044,83,0.0868178969902329,-3.0812190440460205,0.0028063930680632026,83,-1.5910046191496825,300-600,high_corr,tropics
C_East_Mediterranean_Coast,asia,36.52043533325195,32.11308670043945,330882.1875,0,36.52043533325195,5.519673388257831,low,0.9156200260666444,0.6455111511540383,487.10509105857807,1,C_South_Black_Sea_Coast,1,0.8880409894639932,0.09671610161697704,0.7196812652820809,0.03640778676936418,-1.9936416126660939,0.04951568793076641,83,0.03813607677236175,-2.130189820246855,0.036152947090981546,83,0.03640778676936418,-1.9936416126660939,0.04951568793076641,83,0.03363574420253712,-1.8807579254055544,0.06355467105435066,83,-0.2863534928575935,300-600,low_corr,N_midlat
C_South_Black_Sea_Coast,europe,40.133785247802734,35.27177429199219,359180.5,0,40.133785247802734,5.555312750678234,mid,0.9629355073445132,0.6588052130395661,647.9905095456448,3,C_East_Mediterranean_Coast,0,0.864170728345866,0.06945618990930354,0.7666225014637308,-0.012591037276930006,0.2723200772028386,0.7860604628830595,83,-0.015836992160626284,0.3480560414068235,0.7286900288510688,83,-0.012591037276930006,0.2723200772028386,0.7860604628830595,83,-0.03229403953039145,0.7719272141401222,0.44237654702776824,83,-2.0906523109191477,600-1000,mid_corr,N_midlat
C_East_Azov_Sea_Northeast_Black_Sea_Coast,europe,45.121726989746094,39.69782257080078,113622.0,0,45.121726989746094,5.055462429557673,mid,0.9515909426111898,0.7987139418516515,374.7825322033692,1,C_Crimea_West_Azov_Sea_Coast,1,0.8912303824268226,-0.459811879449658,0.937975669265216,0.009779682925657451,-0.8803433114642047,0.38124622727948876,83,0.010613172962051887,-0.9491101074467904,0.345353507621708,83,0.009779682925657451,-0.8803433114642047,0.38124622727948876,83,0.014399904074128722,-1.3826743992709045,0.17051875029831934,83,-3.181824622513405,300-600,high_corr,N_midlat
R_Don_River,europe,49.75143432617188,41.11557769775391,439711.84375,0,49.75143432617188,5.643168163609237,mid,1.000000004934421,0.6771691508969159,842.3334471457098,2,C_North_Caspian_Sea_Coast,0,0.952282735615648,-0.07737213808325108,0.7113903119516983,-0.10776244932978263,2.062130375547409,0.042361661447341416,83,-0.104203244910692,1.9920517346320321,0.049693334137761946,83,-0.10776244932978263,2.062130375547409,0.042361661447341416,83,-0.11354712976029124,2.058062901937059,0.04276019782801404,83,-2.6427734410368666,600-1000,mid_corr,N_midlat
C_Crimea_West_Azov_Sea_Coast,europe,46.28525924682617,35.1673583984375,94162.234375,0,46.28525924682617,4.973876755328368,mid,0.7870433125761164,0.7987139418516515,374.7825322033692,1,C_East_Azov_Sea_Northeast_Black_Sea_Coast,1,0.8597578428204787,-0.17616561897788893,0.937975669265216,0.0008002701744646012,-0.03735645138379087,0.9702915900269533,83,0.00019322064674565098,-0.009054003320925406,0.9927980405905708,83,0.0008002701744646012,-0.03735645138379087,0.9702915900269533,83,0.002725051013537816,-0.14047553245209846,0.8886287812140549,83,-3.262024817907779,300-600,high_corr,N_midlat
R_Dnieper_River,europe,51.23007583618164,31.480995178222656,510859.21875,0,51.23007583618164,5.708301234882796,low,1.000000031989582,0.6859843213880668,452.8796510783861,2,C_Greater_Dniester_Basin,0,0.927232320762809,0.02970634082124752,0.7685308796994746,-0.10181840841773138,1.4393723409023398,0.1538516476712048,83,-0.11029330314760966,1.5313820567659577,0.12952401999968455,83,-0.10181840841773138,1.4393723409023398,0.1538516476712048,83,-0.18166022105141133,2.370327244223634,0.02011966161199672,83,0.5285885851124944,300-600,mid_corr,N_high
C_Greater_Dniester_Basin,europe,48.228153228759766,28.64737892150879,165012.75,0,48.228153228759766,5.217517502036427,low,0.983823740365617,0.77013855212372,661.9773666909638,1,R_Danube_River,1,0.8906147401555451,0.22170678511751615,0.8340572010263225,0.03337144781213097,-1.9675466113908184,0.05250102163006389,83,0.035626185623301554,-2.0699550683646306,0.04160398013356397,83,0.03337144781213097,-1.9675466113908184,0.05250102163006389,83,0.029678837685741866,-1.8711888401975867,0.06488545841283648,83,-1.762646940306227,600-1000,mid_corr,N_midlat
R_Danube_River,europe,46.30460357666016,20.33920669555664,800229.75,0,46.30460357666016,5.903214693032314,low,0.9999998556625324,0.7766541324199089,672.6892368932379,2,C_West_Black_Sea_Coast,0,0.8632972058951651,0.6710428691681626,0.8807294231734648,-0.0082098187341213,0.1579449512399721,0.8748884807644872,83,-0.021605098289345648,0.4116265968780523,0.6816870814874009,83,-0.0082098187341213,0.1579449512399721,0.8748884807644872,83,-0.01935118814373027,0.3759016361884484,0.7079607709401247,83,-1.7450151423048674,600-1000,mid_corr,N_midlat
C_West_Black_Sea_Coast,europe,43.19564437866211,27.758071899414062,27089.95703125,0,43.19564437866211,4.4328083161772875,mid,0.7285505761289921,0.7787014672311973,679.1684914991921,2,R_Danube_River,0,0.8590855707268069,-0.21011603778940918,0.9222210926294114,-0.0007876955799108742,0.03187019280938815,0.9746530151085147,83,2.4823164942566756e-05,-0.0009902445795446882,0.9992123043851512,83,-0.0007876955799108742,0.03187019280938815,0.9746530151085147,83,0.0016459525419829646,-0.06858234390111734,0.9454890363719897,83,-1.801694200700109,600-1000,high_corr,N_midlat
C_Balkan_Peninsula_and_Adriatic_Coast,europe,41.0028190612793,22.09043312072754,328025.6875,0,41.0028190612793,5.515907854390597,low,0.8584378403114008,0.752471895174006,656.814140485851,2,C_West_Italy_Coast,0,0.8402015523178449,0.27540178173240226,0.9139791222511924,-0.03596285193046045,1.8543371500499999,0.06728595959927942,83,-0.03505691415863055,1.7978526080939818,0.07588108210386338,83,-0.03596285193046045,1.8543371500499999,0.06728595959927942,83,-0.037298317076677856,1.9421181552051843,0.055556164977168594,83,0.6307544642866434,600-1000,mid_corr,N_midlat
C_Po_River_and_East_Italy_Coast,europe,44.14605712890625,12.010080337524414,180304.53125,0,44.14605712890625,5.256006641154699,low,0.8787633477068442,0.8315934084963436,525.284222214023,2,C_West_Italy_Coast,0,0.7811784023409246,4.233253799427384,0.9298868994152277,-0.034648611402555485,1.404593393753913,0.16391892998239416,83,-0.03536134508419675,1.4524286604347683,0.1501983103304666,83,-0.034648611402555485,1.404593393753913,0.16391892998239416,83,-0.030468086568650854,1.151242553616796,0.252978289183028,83,-2.6001959477026686,300-600,high_corr,N_midlat
C_West_Italy_Coast,europe,41.67490005493164,13.229246139526367,102275.0703125,0,41.67490005493164,5.00976978674113,low,0.8278253426413565,0.8103845083147521,322.9962265649614,2,C_Po_River_and_East_Italy_Coast,0,0.8001819490985561,0.04393738611795882,0.9356432067168811,-0.015923868545802744,0.46971493400906206,0.6398054170450171,83,-0.012710450103469828,0.37746165597274733,0.7068057589713224,83,-0.015923868545802744,0.46971493400906206,0.6398054170450171,83,-0.04258956822388438,1.2644269050167676,0.2096589815812157,83,-1.982605702701276,300-600,high_corr,N_midlat
C_Northwest_Mediterranean_Coast,europe,42.14854431152344,1.569547176361084,335345.25,0,42.14854431152344,5.525492159153191,low,0.8920611337698022,0.8204952857072684,829.9377255323392,2,C_Po_River_and_East_Italy_Coast,0,0.7755753955029001,2.1536315245828743,0.8328510587317896,0.037969077471663226,-1.417455244623875,0.16013850705556568,83,0.03942165720788404,-1.4715119091593598,0.1449802054195303,83,0.037969077471663226,-1.417455244623875,0.16013850705556568,83,0.035458207748525594,-1.448471691210886,0.15129834022804098,83,-3.2208175694409817,600-1000,high_corr,N_midlat
C_Iberian_Atlantic_Coast,europe,40.14402770996094,-5.723358631134033,413294.96875,0,40.14402770996094,5.616260118426126,low,0.9534605664910916,0.778852627933267,649.8019071283557,1,C_Northwest_Mediterranean_Coast,1,0.817283702256228,0.5913444450515737,0.7390566870521313,0.04816308139557601,-1.8783517921667923,0.06388711598541688,83,0.04725811616925968,-1.830516143086894,0.07080582712805294,83,0.04816308139557601,-1.8783517921667923,0.06388711598541688,83,0.03271643852233519,-1.3198861271213003,0.19054597079735683,83,-2.304847693188228,600-1000,high_corr,N_midlat
C_West_Continental_Europe,europe,48.84905624389648,5.234267234802246,879398.125,0,48.84905624389648,5.944185535307998,low,0.936098863794766,0.6562669582714152,773.0021981349199,2,C_Northwest_Mediterranean_Coast,0,0.8145367093907732,0.5517426987562595,0.7605912864664297,-0.028323061926984527,0.9846758676155346,0.3276798297287945,83,-0.02710562496652802,0.9399309150974682,0.35001361266645936,83,-0.028323061926984527,0.9846758676155346,0.3276798297287945,83,-0.040904475414664576,1.3646648866721092,0.17609158861289873,83,-2.465880279482837,600-1000,mid_corr,N_midlat
C_Denmark_Germany_Coast,europe,55.269378662109375,10.729411125183104,112410.109375,0,55.269378662109375,5.050805370382056,mid,0.6096133754032,0.7672663864973714,861.5043157408824,1,C_Sweden_Coast,1,0.8805718853367642,-0.925768797085329,0.9412185048923218,-0.021622363561140334,1.9622695045134984,0.05312301416969846,83,-0.020750863922425644,1.9069154803578217,0.06003359415747724,83,-0.021622363561140334,1.9622695045134984,0.05312301416969846,83,-0.020047038831947805,1.7778001237586913,0.07914402328152284,83,-1.6617068133384971,600-1000,mid_corr,N_high
C_South_Baltic_Coast,europe,54.15943145751953,22.931365966796875,696030.8125,0,54.15943145751953,5.842628465763612,low,0.9694830399091264,0.6057974697992486,776.03411041811,2,R_Dnieper_River,0,0.9267995860429252,-0.40477687854761824,0.7643155078284638,-0.007077063951766327,0.16774242559901018,0.8671989321719732,83,-0.00790536865908753,0.1908841723701933,0.8490881614853601,83,-0.007077063951766327,0.16774242559901018,0.8671989321719732,83,0.015194613037867843,-0.343343619762275,0.7322187029254135,83,-1.0954385274718728,600-1000,low_corr,N_high
C_Neva_River_Finland_Coast,europe,62.06149673461914,29.044687271118164,532684.4375,0,62.06149673461914,5.726470008955653,low,0.9664884207474642,0.7280010379942556,653.6725601285264,1,C_Sweden_Coast,1,0.8114121821792036,0.6921390766545357,0.8911356542355957,-0.056377086678491395,1.8752643669424522,0.06431583322226203,83,-0.0534100768137471,1.8079460595967372,0.07428143847234933,83,-0.056377086678491395,1.8752643669424522,0.06431583322226203,83,-0.0327195626987129,1.1430062400548746,0.2563621926802284,83,-1.3883921863168234,600-1000,mid_corr,N_high
C_Sweden_Coast,europe,62.442989349365234,16.424589157104492,484086.40625,0,62.442989349365234,5.684922887281451,low,0.9574141392110368,0.8100416524381927,340.13371775029395,1,C_Norway_Coast,1,0.7878348281264161,-0.09643004323479712,0.9393090053425557,0.026338070261694768,-1.5715076944372246,0.11991561369563447,83,0.027542660934736563,-1.6414432303869557,0.104535635216861,83,0.026338070261694768,-1.5715076944372246,0.11991561369563447,83,0.015388089793778259,-0.9318421580903941,0.35415364218655465,83,-1.888712848794972,300-600,high_corr,N_high
C_Norway_Coast,europe,62.25550079345703,9.84280776977539,246138.140625,0,62.25550079345703,5.3911789155294585,low,0.9029454068391792,0.8100416524381927,340.13371775029395,1,C_Sweden_Coast,1,0.687449839626243,0.5628600145387486,0.9393090053425557,-0.010335661248988215,0.6636694179452517,0.508763578668025,83,-0.010673958946580075,0.7001849676044706,0.4857936486364622,83,-0.010335661248988215,0.6636694179452517,0.508763578668025,83,-0.012408338030742039,0.8418673445926118,0.4023108090252677,83,-2.5032614910337228,300-600,high_corr,N_high
C_West_Barents_Sea_Coast,europe,67.25116729736328,31.935346603393555,378167.46875,0,67.25116729736328,5.577684166629533,low,0.8552677313207341,0.6274953229101355,1122.2433627312623,2,C_Norway_Coast,0,0.65112589199014,0.24987348038792243,0.7874518275822888,0.007796409439336238,-0.3972613395458829,0.6922069207015639,83,0.008887121555298694,-0.45307789127149706,0.6516892721321976,83,0.007796409439336238,-0.3972613395458829,0.6922069207015639,83,-0.012349475576354907,0.6318016582783639,0.529273997949589,83,-1.7107910814833407,>1000,low_corr,N_high
C_East_Barents_Sea_Coast,europe,64.14629364013672,49.87527847290039,1004636.5625,0,64.14629364013672,6.002008979719454,low,0.9614373126987552,0.5667364033082352,886.5623557608603,1,C_West_Barents_Sea_Coast,1,0.74553215332078,1.706910909578291,0.7376017429493663,-0.08214303764871755,3.3030376278149456,0.0014187805254496793,83,-0.08125078209410264,3.335822805390662,0.0012794405020186543,83,-0.08214303764871755,3.3030376278149456,0.0014187805254496793,83,-0.06411296596888327,2.487808328702866,0.0148793992431898,83,-1.7818616425085456,600-1000,low_corr,N_high
C_Sicily,europe,37.72762680053711,14.177642822265623,34914.8515625,0,37.72762680053711,4.543010200015179,low,0.7202662326079201,0.753632286773193,446.3441317535477,1,C_West_Italy_Coast,1,0.6829367839771108,-0.44272029561465354,0.9406423414396718,0.0007026052058228816,-0.08440079195586918,0.9329434959132522,83,0.0010349513691545464,-0.12460444059752858,0.9011416705504026,83,0.0007026052058228816,-0.08440079195586918,0.9329434959132522,83,-0.002597819952399494,0.3699707478665752,0.7123581273524592,83,-0.9888393196231556,300-600,mid_corr,N_midlat
C_Sardinia_and_Corsica,europe,40.48616409301758,9.075053215026855,84190.1171875,0,40.48616409301758,4.925261114031244,mid,0.4183278971331297,0.6616908828763395,372.38841105793955,1,C_West_Italy_Coast,1,0.783417630597432,-0.5029315711951294,0.9231314655509257,-0.011558343327847442,0.79921822611692,0.42647287265897765,83,-0.011970354943609873,0.8268895164701663,0.410699435610867,83,-0.011558343327847442,0.79921822611692,0.42647287265897765,83,-0.019260926247254728,1.530896719093799,0.12964386033195005,83,,300-600,mid_corr,N_midlat
C_Great_Britain,europe,53.88020706176758,-2.613974094390869,276127.28125,0,53.88020706176758,5.441109316856655,sub_noise,0.7514575750491979,0.7289170557084876,335.6788731876807,1,C_Ireland,1,0.47902004939981335,-0.03385976614978383,0.9412185048923218,-0.022880385168847717,1.92466035012544,0.0577399117764571,83,-0.022715638247694736,1.9154153297252334,0.05892548523614975,83,-0.022880385168847717,1.92466035012544,0.0577399117764571,83,-0.028836505629023845,2.472909424763306,0.015468096458543091,83,-3.1129718991463062,300-600,mid_corr,N_high
C_Ireland,europe,53.56654739379883,-7.68958044052124,74015.21875,0,53.56654739379883,4.869321027022829,sub_noise,0.896611666160111,0.7289170557084876,335.6788731876807,1,C_Great_Britain,1,0.3807166236901077,-0.18423024972164342,0.9412185048923218,0.02427608925265279,-2.75869733010078,0.007154467302842793,83,0.024621416056391898,-2.821210910129582,0.005999535379889745,83,0.02427608925265279,-2.75869733010078,0.007154467302842793,83,0.024179862943838004,-2.950463070838538,0.004134940564623639,83,-2.1840275945212344,300-600,mid_corr,N_high
C_Iceland,europe,65.02053833007812,-19.04302024841309,114385.3828125,1,65.02053833007812,5.058370529968653,glaciated,0.8749873491931482,0.6101651763165882,11337.659916691726,2,C_North_Argentina_South_Atlantic_Coast,0,0.9263174211904228,-0.16248336301198235,0.2540276782846327,-0.0175075661345081,0.3954422255281224,0.6935434553793204,83,-0.013297867285836151,0.29654055045906225,0.7675670952686519,83,-0.0175075661345081,0.3954422255281224,0.6935434553793204,83,-0.10461791955010913,2.228764758132623,0.028566071709178322,83,1.286343300050957,>1000,low_corr,N_high
C_Svalbard,europe,78.96168518066406,19.435562133789062,97022.8046875,1,78.96168518066406,4.986873824842704,glaciated,0.5682971694058239,0.6990363081258799,1277.517055768833,2,C_Novaya_Zemlya,0,0.9867614089359821,-0.632285675291336,0.704385498645269,0.04865365047696857,-1.3236377870096625,0.18930180414530143,83,0.05039654570969099,-1.3703294914151785,0.17432402560141858,83,0.04865365047696857,-1.3236377870096625,0.18930180414530143,83,0.09857704301390136,-3.3552747997212835,0.0012029578054964713,83,6.210475304669281,>1000,mid_corr,N_high
C_Novaya_Zemlya,asia,74.09131622314453,58.34560394287109,93869.828125,1,74.09131622314453,4.972526022676419,glaciated,0.7718357856743084,0.6948135270157554,1114.234522590751,1,C_Svalbard,1,0.970432207942622,-0.7576222611281447,0.7037902071036518,0.12851456774779169,-2.416245225063059,0.01790228946430948,83,0.125746240548393,-2.3773307759429754,0.019766414573154936,83,0.12851456774779169,-2.416245225063059,0.01790228946430948,83,0.18603957935311444,-4.031937444363733,0.00012327456082910772,83,3.766794647508313,>1000,mid_corr,N_high
C_East_Caspian_Sea_Coast,asia,38.98503875732422,58.36118316650391,706300.6875,0,38.98503875732422,5.848989628985573,low,0.9999999728752992,0.7315185584274734,722.8533368777046,2,E_Central_Iran,0,0.9547326594581627,-0.5146806168231907,0.8597902132991566,-0.04612069882214587,1.539511356719833,0.12752971556526288,83,-0.043983472436594395,1.4868475739654672,0.1408902230234347,83,-0.04612069882214587,1.539511356719833,0.12752971556526288,83,-0.05387942711459526,2.003640705012801,0.04841082182209544,83,-2.2548106082691644,600-1000,mid_corr,N_midlat
C_North_Caspian_Sea_Coast,europe,48.40042495727539,53.8274040222168,763986.8125,0,48.40042495727539,5.883085862099367,low,1.000000048521725,0.6977844998773828,1011.7586358371027,2,R_Don_River,0,0.9170803660359574,-0.014587263458253124,0.739669207916987,0.022647036696891165,-0.43062581529801436,0.6678702534241248,83,0.020695547175983542,-0.3981467960126874,0.6915567131599051,83,0.022647036696891165,-0.43062581529801436,0.6678702534241248,83,0.028294962096719667,-0.5787890731579786,0.5643179707502955,83,-0.6941365499723988,>1000,mid_corr,N_midlat
R_Volga_River,europe,55.84633255004883,47.36979293823242,1408949.375,0,55.84633255004883,6.148895388742334,low,1.0000000025065283,0.5896361098497032,937.0662281219298,1,C_North_Caspian_Sea_Coast,1,0.8382120455960056,7.174140833990937,0.6396295811077684,-0.05209729088435666,1.1638118087032214,0.24787547578929148,83,-0.04794902830172587,1.0753427614412538,0.28537519775307624,83,-0.05209729088435666,1.1638118087032214,0.24787547578929148,83,-0.028204028043555374,0.6535010976644259,0.5152616219143713,83,-0.752485906851621,600-1000,low_corr,N_high
C_West_Caspian_Sea_Coast,europe,40.75968170166016,46.47007369995117,576202.375,0,40.75968170166016,5.760575044029901,low,1.0000000087328895,0.622824841385427,1032.9271625918072,1,C_East_Caspian_Sea_Coast,1,0.9564342814389125,-0.5536099018589342,0.7866207330561055,-0.024085665487574515,0.5798605294838793,0.5635985649745819,83,-0.02230956676769269,0.539707081590659,0.590861688762265,83,-0.024085665487574515,0.5798605294838793,0.5635985649745819,83,-0.044235528677187164,1.2011439753356108,0.23315333406513916,83,-1.878761186309065,>1000,low_corr,N_midlat
C_North_Gulf_of_Oman_Coast,asia,27.51263427734375,57.23703002929688,355618.8125,0,27.51263427734375,5.55098472740738,sub_noise,0.9206085385610984,0.8015652019293344,568.3628415939165,1,E_Central_Iran,1,0.7656822375283057,2.210269446824912,0.8540803584845124,0.018760580924544357,-0.8379310721440825,0.4045051990990763,83,0.01838024930190063,-0.8304797571524077,0.4086790673226828,83,0.018760580924544357,-0.8379310721440825,0.4045051990990763,83,0.017653515266212727,-0.7646587324478172,0.4466697810855193,83,-3.6287361745937887,300-600,high_corr,N_midlat
R_Tigris_Euphrates_River,asia,34.301055908203125,43.343482971191406,940210.625,0,34.301055908203125,5.973225154693967,low,1.0000000125204966,0.6401610801500577,1153.7967923364688,1,E_Central_Iran,1,0.9417682408846376,0.4333714082463815,0.6340695871450942,-0.06443112336651113,1.256218055781287,0.2126041603659341,83,-0.06598021496053486,1.2924550080210606,0.19982982490488815,83,-0.06443112336651113,1.256218055781287,0.2126041603659341,83,-0.08528357530339514,1.7993015106011696,0.07564971049244379,83,2.023094298898742,>1000,low_corr,N_midlat
C_South_Gulf_of_Oman_West_Arabian_Sea_Coast,asia,23.240482330322266,53.53352355957031,332875.21875,0,23.240482330322266,5.52228146484508,sub_noise,0.8980874258854963,0.7334157299559761,597.1190405522804,2,C_North_Gulf_of_Oman_Coast,0,0.5319903341665675,6.922223523808985,0.7594977351786605,-0.10061233376997691,3.9953350809674317,0.00014032351624632204,83,-0.10000371328434743,4.055141236533619,0.00011351605891132629,83,-0.10061233376997691,3.9953350809674317,0.00014032351624632204,83,-0.08972231226516403,3.5554782246024357,0.0006296458975990378,83,-2.949648584133137,300-600,mid_corr,tropics
C_East_Red_Sea_North_Gulf_of_Aden_Coast,asia,19.81662940979004,42.26737594604492,581843.875,0,19.81662940979004,5.764806466914391,sub_noise,0.9131566553109404,0.724876179115501,766.2599614937719,3,C_West_Red_Sea_Coast,0,0.3685234605376023,5.646875805473599,0.744575436781242,0.008171102624555449,-0.3489617076859876,0.728012530941841,83,0.007434657642454323,-0.3215881766946055,0.7485830198776148,83,0.008171102624555449,-0.3489617076859876,0.728012530941841,83,-0.008264073109044645,0.3957231287777623,0.6933370073500346,83,-4.25157012679592,600-1000,mid_corr,tropics
E_Rub_al_Khali_Desert,asia,20.60033226013184,48.76992034912109,1270494.0,0,20.60033226013184,6.103972618404063,sub_noise,0.999417400830428,0.6787313712018977,684.0628166202141,1,C_East_Red_Sea_North_Gulf_of_Aden_Coast,1,0.39349285160731884,6.905339377938144,0.6783116483507585,-0.02293794705229102,1.5882504943224591,0.11607834284957383,83,-0.02311033553476083,1.6068596281662357,0.11192931227819662,83,-0.02293794705229102,1.5882504943224591,0.11607834284957383,83,-0.024224675776218785,1.945906766892344,0.055091625848126526,83,-2.18490779095758,600-1000,mid_corr,tropics
E_Farahrud_Helmand_Hamun_i_Mashkel,asia,31.083477020263672,63.8124885559082,567806.625,0,31.083477020263672,5.754200455439147,low,1.0000000453670272,0.6310334333436906,901.306307943508,1,R_Indus_River,1,0.802542176854035,0.4868330916909704,0.6248382582182046,0.10325553804577792,-3.1706341249793875,0.002139593142128568,83,0.10473076641945278,-3.2288911613475118,0.0017881529970038132,83,0.10325553804577792,-3.1706341249793875,0.002139593142128568,83,0.08409289202476411,-2.94653418099181,0.0041826630658928525,83,-0.8907745798160427,600-1000,low_corr,N_midlat
E_Central_Iran,asia,32.415531158447266,55.56802368164063,821598.8125,0,32.415531158447266,5.9146598028810065,low,0.9999999384737008,0.8015652019293344,568.3628415939165,1,C_North_Gulf_of_Oman_Coast,1,0.871365303129027,0.07170633748143546,0.8540803584845115,0.037579991396506696,-1.5469819972020444,0.12571851705822226,83,0.03938495652123897,-1.6225601788768456,0.10852217040093243,83,0.037579991396506696,-1.5469819972020444,0.12571851705822226,83,0.02699455253367078,-1.2417749218995355,0.217859748385333,83,-3.322049170357709,300-600,high_corr,N_midlat
E_North_Central_Arabia,asia,27.35603713989257,43.16742706298828,549897.3125,0,27.35603713989257,5.740281597170019,sub_noise,1.0000000125926225,0.5363178939863225,874.2665409001295,2,E_Rub_al_Khali_Desert,0,0.7969134232863058,-0.34209557485100206,0.7227621822405741,-0.019548679801570934,1.055221027338398,0.29442342311232667,83,-0.016626763484848706,0.9036372618836371,0.36883482396763934,83,-0.019548679801570934,1.055221027338398,0.29442342311232667,83,-0.023252603238610225,1.4422119479768143,0.15305128858588293,83,-2.0942644596257,600-1000,low_corr,N_midlat
E_Jordan_Northwest_Saudi_Arabia,asia,30.82559394836425,37.11274337768555,227305.75,0,30.82559394836425,5.356610421918045,sub_noise,1.0000000192938865,0.4072101252175693,1939.1300513656238,3,C_East_Mediterranean_Coast,0,0.7312727980497806,-0.6788710479913581,0.7637981294969614,0.02393665177984161,-1.6509822062506463,0.10256728369631667,83,0.02397812351169215,-1.6582289844962816,0.10109208192222596,83,0.02393665177984161,-1.6509822062506463,0.10256728369631667,83,0.02001515737852355,-1.4691010845273462,0.14563150867744326,83,-2.0146809542482997,>1000,low_corr,N_midlat
C_Yamal_Peninsula,asia,69.67227172851562,70.39633178710938,140921.625,0,69.67227172851562,5.148977642488655,low,0.783806076110191,0.7675486394696451,428.1783763913292,2,C_Gydan_Bay_Coast,0,0.8606589534818262,-1.00984912222088,0.9412185048923218,-0.0029322502099440317,0.25387538956434175,0.8002273241546429,83,-0.003948635041241655,0.344845841265051,0.7310932049943082,83,-0.0029322502099440317,0.25387538956434175,0.8002273241546429,83,-0.0070955666516805405,0.6713617560261644,0.50387701959527,83,-3.191651316785918,300-600,mid_corr,N_high
R_Ob_River,asia,55.872745513916016,75.04949951171875,3094179.75,0,55.872745513916016,6.490545539539684,low,0.9995927021706056,0.656860849390787,16212.658086045121,2,R_Colorado_River_Argentina,0,0.9413950954729338,1.0605847121138674,0.01018784569109354,-0.07371757410623636,1.2354081872774494,0.22020645336544845,83,-0.0859416848765644,1.4580298266073426,0.14865182780754918,83,-0.07371757410623636,1.2354081872774494,0.22020645336544845,83,0.07143356170327542,-1.0754664269406766,0.2853201869288666,83,1.4670257368352593,>1000,mid_corr,N_high
C_East_Ob_Bay_Coast,asia,66.16099548339844,77.90296173095703,471574.84375,0,66.16099548339844,5.673550629518982,low,0.9210184326688632,0.7859216671717861,456.96813877591967,1,C_Gydan_Bay_Coast,1,0.8552399133586226,-0.24857774679774622,0.9412185048923218,-0.029911283438058378,2.065621941242224,0.042022109507386274,83,-0.0274986252894609,1.935814613866753,0.05633643582342711,83,-0.029911283438058378,2.065621941242224,0.042022109507386274,83,-0.023122906057601256,1.5297001318891221,0.12993969804732597,83,-1.884688325323561,300-600,high_corr,N_high
C_Gydan_Bay_Coast,asia,70.09961700439453,81.06485748291016,101067.84375,0,70.09961700439453,5.004613000266272,mid,0.8982275295908917,0.9033108949659902,191.62245207957997,1,C_Yenisey_Gulf_Coast,1,0.8637288683777177,-0.7896850241760657,0.9412185048923218,-0.011058038278512372,1.6612738774975857,0.10047740063685268,83,-0.010839858171684424,1.672354988495537,0.09826599105351842,83,-0.011058038278512372,1.6612738774975857,0.10047740063685268,83,-0.0010284257760633242,0.13932674891677294,0.8895335816693049,83,-1.0764706577561207,<300km,high_corr,N_high
R_Yenisey_River,asia,57.42755508422852,98.65430450439452,2509586.5,0,57.42755508422852,6.399602169464284,sub_noise,0.99999999288106,0.5602473817512907,1386.656120036611,2,R_Lena_River,0,0.8847687699553817,0.053783701079940335,0.7179170445719959,-0.135808182821058,4.260001427367636,5.417997341243303e-05,83,-0.13176418006646862,4.159783579145883,7.799908025222102e-05,83,-0.135808182821058,4.260001427367636,5.417997341243303e-05,83,-0.19884461765345884,3.4377598664304725,0.0009239489291408387,83,-3.635385963062217,>1000,low_corr,N_high
C_Yenisey_Gulf_Coast,asia,71.72734832763672,82.79708862304688,28055.921875,0,71.72734832763672,4.448024543531286,mid,0.7739922154527238,0.9033108949659902,191.62245207957997,1,C_Gydan_Bay_Coast,1,0.8699120620751095,-1.0800455376178566,0.9412185048923218,0.00033510502303302214,-0.031226034955033604,0.9751651561347501,83,0.00022202735271581453,-0.020516825572892913,0.9836809319773393,83,0.00033510502303302214,-0.031226034955033604,0.9751651561347501,83,-0.012645135279925501,1.306712105574078,0.19496345960432074,83,1.0118413915446751,<300km,high_corr,N_high
C_North_Siberia_Coast,asia,71.36978912353516,103.69770050048828,1154505.5,0,71.36978912353516,6.062396006212884,low,0.9751734379453828,0.7286609386267969,837.1099356814357,1,C_Gydan_Bay_Coast,1,0.9331124373605668,-0.6376444108987863,0.8816151770587997,-0.021188268215780903,1.0363511264410252,0.3030849021325504,83,-0.021744033425025178,1.064499048072602,0.2902272776658063,83,-0.021188268215780903,1.0363511264410252,0.3030849021325504,83,-0.03301432098250956,2.1181669164594377,0.03718859565454299,83,-2.026517631643012,600-1000,mid_corr,N_high
C_Olenyok_Delta,asia,72.90956115722656,125.04621887207033,20929.328125,0,72.90956115722656,4.32075528680555,mid,0.9027038219053962,0.81125763078847,274.1856510658855,1,C_Buor_Khaya_Gulf_Coast,1,0.9030130303507613,-1.235014204175148,0.9412185048923218,0.007653193646992795,-1.521773790091083,0.1319128592777532,83,0.007965859163323263,-1.5488231549376663,0.125275292170234,83,0.007653193646992795,-1.521773790091083,0.1319128592777532,83,0.010794909776629225,-1.7688442892290481,0.08063841610903015,83,-2.356988454682464,<300km,high_corr,N_high
R_Lena_River,asia,60.77709197998047,121.91783142089844,2464042.5,0,60.77709197998047,6.391648194302575,low,0.9981815949263242,0.5663943375843695,1392.2559236006487,2,R_Yenisey_River,0,0.8853903483043902,0.22255769220141444,0.7233220062370914,-0.03916449869949168,1.0165950468038423,0.3123362679187167,83,-0.03729344992389838,0.9693807540135142,0.3352058826706199,83,-0.03916449869949168,1.0165950468038423,0.3123362679187167,83,-0.04484047189814766,1.2121248578082906,0.22894560820139626,83,-0.5672398209447435,>1000,low_corr,N_high
C_Buor_Khaya_Gulf_Coast,asia,70.8240966796875,129.2813262939453,10676.2705078125,0,70.8240966796875,4.028419569102165,low,0.9542631656688574,0.81125763078847,274.1856510658855,1,C_Olenyok_Delta,1,0.9382617074914267,-1.326144932394768,0.9412185048923218,-0.005272546066484196,1.393825506106467,0.1671362380739356,83,-0.005180750274499379,1.395463804663524,0.16664364174793828,83,-0.005272546066484196,1.393825506106467,0.1671362380739356,83,-0.0027532410259027973,0.9808594169651842,0.3295472010166893,83,-1.911453956497354,<300km,high_corr,N_high
C_North_East_Siberian_Sea_Coast,asia,66.85862731933594,149.4497833251953,1621477.375,0,66.85862731933594,6.20991089319943,low,0.9800129197192878,0.5681273435075747,5397.6285191664,1,C_North_Caspian_Sea_Coast,1,0.9357156269907382,-0.11131409695271743,0.47211667209791236,0.05092427092889318,-1.3251178132739674,0.18881266237002708,83,0.058909595057765385,-1.5461143737952634,0.12592781231621808,83,0.05092427092889318,-1.3251178132739674,0.18881266237002708,83,0.0746530204777407,-2.2946110392340717,0.02431189720032532,83,1.3928862893692948,>1000,low_corr,N_high
C_Chukchi_Peninsula,asia,66.79141998291016,-177.269287109375,172531.484375,0,66.79141998291016,5.236868358786978,low,0.7799748755041798,0.6392099706585423,837.556242258547,1,C_Seward_Peninsula_Alaskan_North_Slope,1,0.7209516406574151,-0.3238538284351708,0.9412185048923218,-0.011430927704444205,0.9458563821000793,0.34700073472183307,83,-0.010675288953902129,0.8787641537316396,0.38209697669592535,83,-0.011430927704444205,0.9458563821000793,0.34700073472183307,83,0.0010065735378191887,-0.09641035358989822,0.923429910381629,83,-0.9660387972927944,600-1000,low_corr,N_high
C_Kamchatka_Peninsula,asia,60.9569206237793,166.73587036132812,787367.0,0,60.9569206237793,5.896177208754652,low,0.9098999251667048,0.6184183954189291,901.8581380589005,1,C_Shelikhov_Gulf_Sea_of_Okhotsk_Coast,1,0.6321092421493403,6.72365629279899,0.7477030799808719,0.003961741475757341,-0.1407498331900224,0.888412759331679,83,0.007896477752848075,-0.2818039159341114,0.778803843675169,83,0.003961741475757341,-0.1407498331900224,0.888412759331679,83,0.014755769193792734,-0.4884169015685863,0.6265581905844344,83,-1.910277468600478,600-1000,low_corr,N_high
C_Shelikhov_Gulf_Sea_of_Okhotsk_Coast,asia,60.50090408325195,150.12930297851562,307016.5,0,60.50090408325195,5.487161716410054,low,0.8856982278145507,0.6184183954189291,901.8581380589005,1,C_Kamchatka_Peninsula,1,0.8236762650816443,-0.17856370222670576,0.7477030799808719,-0.02098050645710181,0.8981445592358787,0.37173812547981233,83,-0.02163668110932404,0.9461406361474015,0.34685662592434324,83,-0.02098050645710181,0.8981445592358787,0.37173812547981233,83,-0.023521588723603326,1.0986896209707722,0.27511894285676236,83,-2.8933257584238863,600-1000,low_corr,N_high
C_Severnaya_Zemlya,asia,79.39820098876953,98.24091339111328,47847.15234375,1,79.39820098876953,4.679856095546568,glaciated,0.6448090503462023,0.6522182816501514,1522.4408555359557,1,C_Svalbard,1,0.958179748393448,-0.6596618141755165,0.7508415669433135,0.04197779911527877,-2.4136052196486917,0.018023609958860633,83,0.040150824246619865,-2.337401716895269,0.021856638353162722,83,0.04197779911527877,-2.4136052196486917,0.018023609958860633,83,0.03138023270014634,-2.0432038519875575,0.044243661043065555,83,-0.0793033546559443,>1000,mid_corr,N_high
C_New_Siberian_Islands,asia,75.29249572753906,143.3781280517578,36947.1171875,1,75.29249572753906,4.56758055806499,glaciated,0.6815497438315744,0.6172341017053858,614.7184704292656,1,C_Olenyok_Delta,1,0.5825043843095621,-0.19453306342052185,0.8866540403227596,0.005163268033851032,-0.4216832431574846,0.6743596587185843,83,0.006511015874807735,-0.5355560184726776,0.5937150417923602,83,0.005163268033851032,-0.4216832431574846,0.6743596587185843,83,7.579242685340493e-05,-0.006673726793666481,0.9946913855320255,83,0.9990873165453372,600-1000,low_corr,N_high
E_Dayan_Khyargas_Uvs_Nuur_Basins,asia,48.46930313110352,93.7804718017578,302705.0,0,48.46930313110352,5.481019594575587,sub_noise,0.999999994814796,0.670641919904934,555.0330838416396,2,E_Altai_Mountains,0,0.8746752362945426,0.22897344196489508,0.8276558175472477,-0.07877794833291074,1.3408572144271045,0.18366945157982362,83,-0.08082313375325745,1.3922762161088593,0.16760309605056659,83,-0.07877794833291074,1.3408572144271045,0.18366945157982362,83,-0.011950146587943244,0.3333078200380207,0.7397526958588323,83,-0.7080049365965131,300-600,mid_corr,N_midlat
C_Uda_Basin,asia,54.20737838745117,135.0440673828125,115917.71875,0,54.20737838745117,5.0641498256719215,low,0.8936483537143897,0.599711841227756,921.2987665446917,1,C_South_East_Russia_Coast,1,0.5961104990655425,6.895068712003832,0.6206923152862469,0.013945036790518839,-0.6051275914660146,0.5467652734428614,83,0.014749134290751864,-0.6449648742378198,0.5207503767302635,83,0.013945036790518839,-0.6051275914660146,0.5467652734428614,83,0.02528052421479643,-1.1959575486870333,0.2351600086894387,83,-2.3305082728091446,600-1000,low_corr,N_high
R_Amur_River,asia,49.05568313598633,125.07086181640624,2242283.5,0,49.05568313598633,6.35069052115007,low,0.999785548406128,0.7322282930859216,832.005720587926,1,C_South_East_Russia_Coast,1,0.871899804628498,6.144218047140913,0.6759155861545552,-0.07410635117206277,2.8498561718895465,0.0055297374781713045,83,-0.06961957068748004,2.6892580991589505,0.008673042185080724,83,-0.07410635117206277,2.8498561718895465,0.0055297374781713045,83,-0.05327807895600545,2.1303501001140117,0.03613931146741474,83,-1.7241083358304392,600-1000,mid_corr,N_midlat
C_South_East_Russia_Coast,asia,45.92216110229492,135.13890075683594,172088.890625,0,45.92216110229492,5.2357528349063545,sub_noise,0.8997321390677986,0.7582149208141995,783.9511618784719,2,R_Amur_River,0,0.6244830876799374,6.825469946120282,0.7053512064313894,-0.0001369216640847437,0.007249295602127813,0.9942335572491585,83,-0.00014075316686934514,0.007600656272639437,0.9939540731828458,83,-0.0001369216640847437,0.007249295602127813,0.9942335572491585,83,-0.008136677847867313,0.5152320141657176,0.6077771274187209,83,-2.826608247524912,600-1000,mid_corr,N_midlat
C_North_Korea_Bay_Korean_Peninsula,asia,40.68916320800781,123.9022445678711,529614.5,0,40.68916320800781,5.723959866884404,low,0.9420984936489228,0.6830206756783075,738.5840331192431,1,C_Ziya_He_Interior_Coast,1,0.8925329420389534,0.14451168507441167,0.6876637951827027,0.02574389559184387,-0.4982823702440787,0.619618904225108,83,0.026245539382146132,-0.5177203993183036,0.6060473158565213,83,0.02574389559184387,-0.4982823702440787,0.619618904225108,83,0.037357799478274445,-0.7412703121410699,0.46064721282914134,83,1.1718453467460774,600-1000,mid_corr,N_midlat
C_Ziya_He_Interior_Coast,asia,39.09107208251953,115.49566650390624,343454.4375,0,39.09107208251953,5.535869131920237,low,0.9929411716570647,0.6830206756783075,738.5840331192431,1,C_North_Korea_Bay_Korean_Peninsula,1,0.8818495512502535,0.5776659889757421,0.6876637951827016,0.029018334924639566,-0.9528767222464762,0.3434529764280848,83,0.02681731254053832,-0.8848268341954676,0.37883725166832255,83,0.029018334924639566,-0.9528767222464762,0.3434529764280848,83,0.005824173115149267,-0.22367315242591965,0.8235679531850705,83,-2.172482052400208,600-1000,mid_corr,N_midlat
R_Yellow_River_Huang_He,asia,36.94654846191406,106.25562286376952,965472.1875,0,36.94654846191406,5.984739767510282,sub_noise,0.9999999177098988,0.5421773589507655,765.1528097091496,2,C_Ziya_He_Interior_Coast,0,0.8475967222570112,0.20316983636156238,0.6496443630932165,-0.05374270291197725,0.8025358819366597,0.42456293960231806,83,-0.06021318503934503,0.9075865941869482,0.36675621062359226,83,-0.05374270291197725,0.8025358819366597,0.42456293960231806,83,-0.03267270078395468,0.575238338664078,0.5667052460638833,83,-1.6378085009372052,600-1000,low_corr,N_midlat
C_Yellow_Sea_Coast,asia,35.34000396728516,119.0733413696289,167307.140625,0,35.34000396728516,5.223514476932843,low,0.8950812075582252,0.6267778725275598,688.4264189117168,2,C_North_Korea_Bay_Korean_Peninsula,0,0.8583235107805859,-0.12442609501964216,0.7560499036132949,0.03417178848818192,-1.1633136903540726,0.24807629361863864,83,0.03452100777118161,-1.1936354972678784,0.23606245500975973,83,0.03417178848818192,-1.1633136903540726,0.24807629361863864,83,0.025758513950283723,-0.9883657059707955,0.3258810713123623,83,3.967114397153548,600-1000,low_corr,N_midlat
R_Yangtze_River,asia,30.326187133789062,107.59198760986328,1929324.75,0,30.326187133789062,6.285405335607817,sub_noise,0.9999999552791096,0.5139743574519634,1167.2705458831254,1,C_East_China_Coast,1,0.6589124044730795,2.456564583476541,0.6723541914314354,-0.0680110417153783,3.024284000448844,0.003326789583473342,83,-0.0652622866602901,2.9315170455455397,0.0043697967834631715,83,-0.0680110417153783,3.024284000448844,0.003326789583473342,83,-0.047932407870385996,2.3667777680477964,0.02030082480297278,83,-2.382749966726871,>1000,low_corr,N_midlat
C_East_China_Coast,asia,28.50093078613281,119.4654541015625,221048.21875,0,28.50093078613281,5.344487019625685,low,0.9267365723520335,0.5247998647431932,1171.8440683242115,2,R_Yangtze_River,0,0.7772428765197729,-0.06030825546578543,0.6532283263621818,-0.025902274110211287,1.1443528709281285,0.25580674846534146,83,-0.02675895332461975,1.2022461501615123,0.2327284907305681,83,-0.025902274110211287,1.1443528709281285,0.25580674846534146,83,-0.034695096543370996,1.5703686747536296,0.12018029793950834,83,-2.2083227365291047,>1000,low_corr,N_midlat
C_North_Vietnam_South_China_Coast,asia,23.63999938964844,108.84123229980467,778027.125,0,23.63999938964844,5.890994738419596,low,0.964111339650847,0.5131313777547689,4623.0565259210725,2,C_East_China_Coast,0,0.8222460448819604,3.8173899551287804,0.48050986646894006,-0.037296142335859095,0.9452468180293201,0.34730989735436185,83,-0.02642357324778022,0.6765294311991173,0.5006084721153842,83,-0.037296142335859095,0.9452468180293201,0.34730989735436185,83,-0.009287646202622568,0.2568412617107158,0.7979446621640105,83,2.975821472207912,>1000,low_corr,N_midlat
C_Vietnam_Coast,asia,15.238595008850098,106.55034637451172,196801.625,0,15.238595008850098,5.294028680099487,low,0.9505596807205798,0.9035807447120365,549.6785134325813,1,R_Mekong_River,1,0.8314856011489489,0.5104442009512496,0.9341566701656836,0.05236403711026005,-2.2855310308008483,0.02486317308904809,83,0.04879201949539691,-2.1575989032045957,0.03388510802867745,83,0.05236403711026005,-2.2855310308008483,0.02486317308904809,83,0.03404120132167632,-1.9295879738236006,0.05711628910782774,83,-1.1491797440766014,300-600,high_corr,tropics
R_Mekong_River,asia,18.58339500427246,102.74512481689452,777523.0,0,18.58339500427246,5.890713244805426,mid,1.0000000181683175,0.9206910800709771,424.83253420565995,1,C_Chao_Phraya_River_Gulf_of_Thailand_Coast,1,0.8335950466625975,2.720797726306843,0.8423445007931735,0.011659326101687517,-0.6549100407166494,0.5143586276859063,83,0.011418898556973645,-0.6487921282738985,0.5182856812301685,83,0.011659326101687517,-0.6549100407166494,0.5143586276859063,83,0.03075945470495256,-1.8552024517280623,0.06716091038828732,83,-1.5878956184711386,300-600,high_corr,tropics
C_Chao_Phraya_River_Gulf_of_Thailand_Coast,asia,15.146402359008787,101.001220703125,247108.328125,0,15.146402359008787,5.392887382382181,mid,0.907866694079616,0.9206910800709771,424.83253420565995,1,R_Mekong_River,1,0.8234694283062668,6.66763362279733,0.842344500793172,0.030806052050477373,-1.332378639830872,0.18642673583564906,83,0.024785652424527016,-1.0682994622830357,0.28852036445760326,83,0.030806052050477373,-1.332378639830872,0.18642673583564906,83,0.02079091135936484,-1.1568229513024535,0.2507036557918457,83,-2.9545244327255777,300-600,high_corr,tropics
C_Malaysian_Peninsula_Coast,asia,7.784571170806885,100.55182647705078,335192.5,0,7.784571170806885,5.525294292640058,mid,0.8012970501154579,0.6090290483899878,923.6636847163229,1,C_Sumatra,1,0.959335245213231,-0.12940168790161244,0.5296824858179148,0.05795489221960359,-1.5899317403189257,0.1156985101135255,83,0.05424045219674467,-1.5608504596162471,0.12241038220517113,83,0.05795489221960359,-1.5899317403189257,0.1156985101135255,83,0.06178243395625882,-2.2270043669956725,0.02868825748304989,83,3.4780716231350937,600-1000,low_corr,tropics
C_Irrawaddy_Sittang_Salween_Basin,asia,23.22297477722168,96.41482543945312,752115.6875,0,23.22297477722168,5.8762846472121595,low,0.990127911085708,0.7970546002783612,411.6378278731869,1,C_North_East_Bay_of_Bengal_Coast,1,0.7166128714696909,1.6502684443666809,0.836836000048551,-0.02105951464049105,0.9816363552405654,0.32916648077205685,83,-0.020420166322981048,0.9659112810236318,0.3369287138499418,83,-0.02105951464049105,0.9816363552405654,0.32916648077205685,83,-0.03829608271887808,1.9353147152443158,0.05639871042589566,83,-1.7865621536120713,300-600,high_corr,tropics
C_North_East_Bay_of_Bengal_Coast,asia,21.3402042388916,92.96990203857422,103108.09375,0,21.3402042388916,5.013292757747113,low,0.8444061985184902,0.7970546002783612,411.6378278731869,1,C_Irrawaddy_Sittang_Salween_Basin,1,0.6049435331712678,4.245840063137939,0.8368360000485515,0.0004991646105777514,-0.022558129576634237,0.9820575464038626,83,-0.0007700380941908502,0.035359770856259416,0.971878798552202,83,0.0004991646105777514,-0.022558129576634237,0.9820575464038626,83,0.0030436247394921567,-0.14883005136032487,0.8820531459587285,83,-0.5735448844385339,300-600,high_corr,tropics
R_Ganges_Bramaputra_Basin,asia,27.02722549438477,85.1792221069336,1590077.375,0,27.02722549438477,6.201418258105313,low,0.999999999041919,0.4795232163448403,1282.9422524939046,1,C_India_West_Coast,1,0.8241551777779919,0.7486337287562626,0.5214899147418526,0.03064712188390395,-1.102341568923089,0.2735381111922963,83,0.030432505430428858,-1.112625461965798,0.26912050536061705,83,0.03064712188390395,-1.102341568923089,0.2735381111922963,83,0.07072245463417948,-2.260403577331331,0.026446604681997592,83,-1.0544805297751174,>1000,low_corr,N_midlat
C_Deccan_Plateau_East_Indian_Subcontinent_Coast,asia,18.049001693725582,80.298828125,1247180.375,0,18.049001693725582,6.095929268396096,low,0.9852002162252104,0.7775622758836553,504.0334483224983,1,C_India_West_Coast,1,0.8640312201504836,3.4499036665510254,0.8229885716352067,-0.010584216725107343,0.3735945411813623,0.7096701587856298,83,-0.005989201897573571,0.213170770131132,0.8317228589528715,83,-0.010584216725107343,0.3735945411813623,0.7096701587856298,83,-0.005247772295186692,0.18059007868297597,0.857134926213673,83,2.450218503594744,300-600,high_corr,tropics
C_India_West_Coast,asia,19.4130802154541,75.73403930664062,318076.40625,0,19.4130802154541,5.502531455918265,mid,0.9623910399426214,0.7775622758836553,504.0334483224983,1,C_Deccan_Plateau_East_Indian_Subcontinent_Coast,1,0.8650674892267158,0.28642021884247504,0.8229885716352081,0.01976012837944008,-0.5591212723313582,0.5776028386338679,83,0.016114892525810443,-0.46273769351307065,0.6447780451912986,83,0.01976012837944008,-0.5591212723313582,0.5776028386338679,83,0.03586935108574141,-1.055479107106824,0.29430614486865253,83,2.4872127405291606,300-600,high_corr,tropics
C_Thar_Desert_Sabarmati_River_Gulf_of_Cambay_Luni_Delta,asia,26.01116371154785,71.97637939453125,530357.4375,0,26.01116371154785,5.724568663585657,mid,0.9905138526474064,0.6857578987132131,510.5060899982498,1,C_Hub_Porali_Basin,1,0.8703182382076182,0.43043928052575237,0.7357930799337439,-0.02660973742764261,0.6948026618786761,0.4891430728077013,83,-0.026556305291359328,0.6877831794986765,0.4935302829163167,83,-0.02660973742764261,0.6948026618786761,0.4891430728077013,83,-0.027025093823708435,0.6838170633242933,0.4960185791410612,83,0.0753123715394904,300-600,mid_corr,N_midlat
R_Indus_River,asia,32.24281692504883,73.24103546142578,865917.4375,0,32.24281692504883,5.937476485380502,low,0.9999998971599616,0.6310334333436906,901.306307943508,1,E_Farahrud_Helmand_Hamun_i_Mashkel,1,0.8329402319702301,3.4172003040308128,0.6248382582181999,-0.029704226310004023,1.035385187780063,0.30353287311130017,83,-0.030122424661521263,1.072777917533018,0.28651777828182357,83,-0.029704226310004023,1.035385187780063,0.30353287311130017,83,-0.042781977490856216,1.4755792200220135,0.14388654283899263,83,-3.300172327750011,600-1000,low_corr,N_midlat
C_Hub_Porali_Basin,asia,25.878711700439453,66.87251281738281,36926.984375,0,25.878711700439453,4.567343842642251,low,1.0000001125136546,0.6857578987132131,510.5060899982498,1,C_Thar_Desert_Sabarmati_River_Gulf_of_Cambay_Luni_Delta,1,0.7693000449687643,0.4308737862366323,0.7357930799337418,0.009356630269621302,-0.44009613957954763,0.6610253425788024,83,0.009487595356228673,-0.4447166373380905,0.6576961674919328,83,0.009356630269621302,-0.44009613957954763,0.6610253425788024,83,0.005765945502500425,-0.26264789834505636,0.7934807338709893,83,-0.1211887752429227,300-600,mid_corr,N_midlat
C_Sakhalin_Island,asia,49.94160079956055,142.5860137939453,118719.125,0,49.94160079956055,5.074520687049911,low,0.538187982738145,0.7192515351990779,724.3898554641233,2,C_South_East_Russia_Coast,0,0.6345974985775328,3.397073736128074,0.8117565607124597,0.009897940111706749,-0.7539071809027512,0.4530644094309671,83,0.009534074438087847,-0.7240259314995502,0.47111043377053424,83,0.009897940111706749,-0.7539071809027512,0.4530644094309671,83,-0.0023109825594831435,0.19869475409465914,0.8429933457400478,83,-3.261643956040547,600-1000,mid_corr,N_midlat
C_Hokkaido,asia,43.259254455566406,142.40528869628906,94165.234375,0,43.259254455566406,4.973890591689622,low,0.7352007386446925,0.5838006320575759,743.1706529388723,1,C_Sakhalin_Island,1,0.8258330753276424,-0.9381139305783602,0.8451129955048305,0.03025604739550225,-1.3924318415201014,0.16755615537954222,83,0.030211111159119453,-1.4009012209354508,0.165016707871799,83,0.03025604739550225,-1.3924318415201014,0.16755615537954222,83,0.03492817410417948,-1.721795835119867,0.08887694230585629,83,-2.1341722731606967,600-1000,low_corr,N_midlat
C_Japan,asia,35.84126663208008,136.385498046875,349121.34375,0,35.84126663208008,5.542976400488469,low,0.7443876337774604,0.600758288471779,7122.973590299522,2,C_Ellesmere_Island,0,0.9267961473830846,-0.2240844219779186,0.12285960949559624,-0.016184949412266114,0.6543299687641598,0.5147302953821388,83,-0.018428533416034565,0.7505192010262598,0.45509031046790727,83,-0.016184949412266114,0.6543299687641598,0.5147302953821388,83,0.006412457308409669,-0.3558636360012978,0.7228565780250166,83,-2.683768912500531,>1000,low_corr,N_midlat
C_Taiwan,asia,23.437152862548828,121.0577621459961,54702.77734375,0,23.437152862548828,4.738009376688907,low,0.5699978483627033,0.44332323069667245,856.0966827320957,3,C_East_China_Coast,0,0.8640313134472286,-0.7780915316210862,0.7434038275349193,0.02609664600927719,-0.832030484205373,0.4078082794376779,83,0.025922573564836293,-0.8443693349662958,0.40091978786317667,83,0.02609664600927719,-0.832030484205373,0.4078082794376779,83,0.018805702933695434,-0.7267257795146779,0.4694635043625961,83,2.948416969741759,600-1000,low_corr,tropics
C_Hainan,asia,19.03677749633789,109.63971710205078,46854.28515625,0,19.03677749633789,4.670749316346725,mid,0.7340341117789958,0.6718498494865994,534.8625491267968,1,C_Vietnam_Coast,1,0.8099873501489432,-0.5410709503787248,0.9412185048923218,0.008280333345012103,-0.36463349719300486,0.7163236895291215,83,0.005757005437586282,-0.25505038372801314,0.7993227893588566,83,0.008280333345012103,-0.36463349719300486,0.7163236895291215,83,-0.0028502568813839613,0.1416276993508723,0.8877214643677209,83,-2.206736037460379,300-600,mid_corr,tropics
C_Sri_Lanka,asia,7.6171674728393555,80.72770690917969,63709.2734375,0,7.6171674728393555,4.804202652266412,sub_noise,0.8677363660447008,0.3072855690030783,4230.485963863623,3,C_Deccan_Plateau_East_Indian_Subcontinent_Coast,0,0.7542572848254061,-0.10956233950377961,0.36465080393361465,0.004812768915482768,-0.19567596898635997,0.8453478744562231,83,0.0022446993681837224,-0.09175569079941094,0.9271159365770246,83,0.004812768915482768,-0.19567596898635997,0.8453478744562231,83,-0.000982738958218432,0.04297135201520816,0.9658288358299916,83,-1.8881405565748304,>1000,low_corr,tropics
E_Tarim_He_Lop_Nur,asia,39.20248031616211,83.96000671386719,1094548.0,0,39.20248031616211,6.039234811749574,sub_noise,1.0000000475752182,0.609732198037123,1557.388143265828,1,E_Amu_Darya,1,0.8481569935590356,0.12766386161357252,0.5009055739475741,0.12801064927834505,-3.567392252240765,0.0006054061437865349,83,0.12852547503220246,-3.645480513480932,0.0004671257311416168,83,0.12801064927834505,-3.567392252240765,0.0006054061437865349,83,0.060658866381696264,-1.689972667608421,0.09483175295560232,83,-2.037204846190583,>1000,low_corr,N_midlat
E_Amu_Darya,asia,40.14746856689453,65.77243041992188,805370.5,0,40.14746856689453,5.9059957177449,low,0.9999999735178788,0.7222119589596986,623.8681310077731,2,E_Syr_Darya,0,0.9108057999338828,0.4301976165584297,0.8080891635871341,0.004209804453071286,-0.1188287670657894,0.9057016417714414,83,0.01017252066771035,-0.288067515756937,0.7740219119303159,83,0.004209804453071286,-0.1188287670657894,0.9057016417714414,83,0.011714422833206894,-0.3341274552454296,0.7391364199737972,83,-1.8315331621312236,600-1000,mid_corr,N_midlat
E_Lakes_Balkash_Alakol,asia,45.66504669189453,78.27720642089844,478919.28125,0,45.66504669189453,5.680262322053912,low,1.0000000227486807,0.8437335703611352,798.7639874422989,1,E_Syr_Darya,1,0.9494350401728067,-0.007343873462414027,0.9303098624793996,0.03156908795661417,-0.9316419088121822,0.3542565328883134,83,0.03717142149153729,-1.120526964526973,0.26576034424533823,83,0.03156908795661417,-0.9316419088121822,0.3542565328883134,83,0.013271217635361876,-0.3811865173285095,0.7040507184465155,83,3.430939488320106,600-1000,high_corr,N_midlat
E_Syr_Darya,asia,45.45506286621094,68.01484680175781,1040406.9375,0,45.45506286621094,6.0172032394368715,low,1.0000000437058445,0.8437335703611352,798.7639874422989,1,E_Lakes_Balkash_Alakol,1,0.9472384644912377,-0.08625877589897654,0.9303098624793996,-0.020541003569701344,0.4744839015049803,0.6364160469045955,83,-0.01929776051795029,0.45355151290146156,0.6513496958328625,83,-0.020541003569701344,0.4744839015049803,0.6364160469045955,83,-0.023191589840759086,0.4795779882108984,0.6328041532346363,83,1.603857786642729,600-1000,high_corr,N_midlat
E_Qinghai_Lake,asia,37.1439094543457,93.62187957763672,329574.34375,0,37.1439094543457,5.517953395981729,sub_noise,0.999999852223438,0.6894235808478114,695.9763047938867,1,E_North_Plateau_of_Tibet,1,0.9464205759509273,-0.5276596580933346,0.8679864459041461,0.008147168875859201,-0.35365495259484786,0.7245051520807742,83,0.010494854001949272,-0.4601495278830212,0.6466267500400193,83,0.008147168875859201,-0.35365495259484786,0.7245051520807742,83,-0.02287143861668528,0.973090486482126,0.33337015014638977,83,0.0427428044254091,600-1000,mid_corr,N_midlat
E_Junggar_Pendi,asia,44.74867248535156,89.00984191894531,339253.5625,0,44.74867248535156,5.53052441687995,sub_noise,0.9999998882814612,0.7762420370304073,846.3195889367801,1,E_Lakes_Balkash_Alakol,1,0.9261978043924227,0.06159605671433553,0.825226696370736,0.018722514444990845,-0.8030346101077919,0.42427626882720476,83,0.0195175781327247,-0.8437619248279338,0.40125721647243284,83,0.018722514444990845,-0.8030346101077919,0.42427626882720476,83,0.03491951607321164,-1.5953512266249674,0.11448089103814064,83,2.378154205650908,600-1000,mid_corr,N_midlat
E_Badain_Jaran_Desert,asia,41.1401596069336,101.04438018798828,347985.59375,0,41.1401596069336,5.541561264968461,sub_noise,0.9999999875298096,0.5621306574671372,458.1437278571137,1,E_Altai_Mountains,1,0.8727700621004153,-1.0206331638988444,0.7291012573585931,-0.04551637788414187,1.7909358012798835,0.07699372686103428,83,-0.04525616693361978,1.7922341437337612,0.07678384785848655,83,-0.04551637788414187,1.7909358012798835,0.07699372686103428,83,-0.03459412933636519,1.30780746133964,0.1945932759805112,83,-1.3151483294804565,300-600,low_corr,N_midlat
E_Central_Mongolia,asia,45.302730560302734,105.50830078125,175880.75,0,45.302730560302734,5.245218308893126,sub_noise,0.9999999627285256,0.7489533268667026,489.0267220551167,2,E_East_Gobi_Desert,0,0.9168876742959947,-0.5609495655696828,0.911146808571775,0.008751928651734908,-0.45653739826684486,0.649210579694058,83,0.008856981056642677,-0.4646440114380357,0.6434178064984043,83,0.008751928651734908,-0.45653739826684486,0.649210579694058,83,-0.0005901451092993337,0.03533365077574294,0.9718995627868987,83,-1.1636005658246027,300-600,mid_corr,N_midlat
E_Turpan_Pendi,asia,42.51784896850586,91.4890594482422,144409.0,0,42.51784896850586,5.159594260605748,sub_noise,1.000000081517803,0.6354094691990161,318.3097697747866,1,E_Junggar_Pendi,1,0.8315291848634969,-0.3573851515823071,0.8124004033942134,0.0675900732306206,-2.33785042591859,0.02183210052190075,83,0.06883910444573449,-2.3830713903036815,0.01948099120178003,83,0.0675900732306206,-2.33785042591859,0.02183210052190075,83,0.046618534436914216,-1.7605019076376105,0.08205136656857683,83,-1.2288468903198306,300-600,low_corr,N_midlat
E_Altai_Mountains,asia,44.98558044433594,99.01803588867188,204224.875,0,44.98558044433594,5.310108638912951,sub_noise,1.0000001216130767,0.72585584653947,537.6503682846339,2,E_Dayan_Khyargas_Uvs_Nuur_Basins,0,0.9169260749524962,-0.6427233309579392,0.8809178079725546,0.04343281750006611,-1.5882769223640405,0.11607236442692608,83,0.044049034434940904,-1.63927735108132,0.10498678981076319,83,0.04343281750006611,-1.5882769223640405,0.11607236442692608,83,0.025400421919414495,-1.0801923412231211,0.2832234018135722,83,0.651464216788458,300-600,mid_corr,N_midlat
E_East_Gobi_Desert,asia,43.72527313232422,111.0769271850586,361251.59375,0,43.72527313232422,5.557809771765445,sub_noise,0.9999999329102756,0.7419355633708825,474.97553118585927,1,E_Central_Mongolia,1,0.8247395322693849,-0.036020669901555266,0.911146808571775,0.04231245558200236,-1.8260012910724894,0.07149000095935062,83,0.0421644197090042,-1.835956220413532,0.06998871823540104,83,0.04231245558200236,-1.8260012910724894,0.07149000095935062,83,0.04153968628474147,-1.8569334466277363,0.0669113399439225,83,-1.242582651424458,300-600,mid_corr,N_midlat
E_Plateau_of_Tibet,asia,32.225486755371094,86.40540313720703,400840.21875,0,32.225486755371094,5.602971290466201,sub_noise,0.9999999391908196,0.7474381262058029,319.38095197192905,1,E_North_Plateau_of_Tibet,1,0.8939746848263594,-0.1743214995709183,0.8563685400214742,-0.03192188079017089,1.449549065474906,0.1509982148242055,83,-0.029070230040260103,1.3236737275262571,0.18928991471435422,83,-0.03192188079017089,1.449549065474906,0.1509982148242055,83,-0.05060975373604193,2.588887012477737,0.011389007484250644,83,1.6873900035847984,300-600,mid_corr,N_midlat
E_North_Plateau_of_Tibet,asia,35.09633255004883,86.29702758789062,192619.6875,0,35.09633255004883,5.284700673939318,low,1.0000000510487923,0.7562222367607573,394.70002253632055,2,E_Plateau_of_Tibet,0,0.9326102141196897,-0.3233955234835248,0.8849650065564518,-0.0238590311816107,1.1565694195809664,0.25080668190332167,83,-0.019977188476190566,0.9543057978804255,0.3427336874381296,83,-0.0238590311816107,1.1565694195809664,0.25080668190332167,83,-0.0043177560375846635,0.2575106199505705,0.7974297379165178,83,-1.783462057198865,300-600,mid_corr,N_midlat
C_Sumatra,asia,-0.4414541125297546,101.71015167236328,492732.78125,0,0.4414541125297546,5.692611456617093,low,0.8697170376162097,0.6090290483899878,923.6636847163229,1,C_Malaysian_Peninsula_Coast,1,0.8164038169354153,0.2923048887536255,0.5296824858179231,0.01289235387490495,-0.5408279854812433,0.5900923060094323,83,0.014158188117077475,-0.6008958728278722,0.5495667474808086,83,0.01289235387490495,-0.5408279854812433,0.5900923060094323,83,0.044631258405244734,-2.115283168236755,0.037440791877064686,83,-0.4634837029754857,600-1000,low_corr,tropics
C_Java,asia,-7.304895877838135,110.38360595703124,175142.140625,0,7.304895877838135,5.243390653444879,low,0.6973757419328376,0.6457798417260546,1044.1369294186923,2,C_Nusa_Tenggara,0,0.6501260618981954,7.15585133224719,0.5248684068792582,-0.02245097179494704,1.0101219427439752,0.31540828318312925,83,-0.020578800746481996,0.9193192867537497,0.3606250356188679,83,-0.02245097179494704,1.0101219427439752,0.31540828318312925,83,-0.007641054805807013,0.3298091718128853,0.7423852053983307,83,-2.45772716062138,>1000,low_corr,tropics
C_Nusa_Tenggara,asia,-8.970340728759766,119.01874542236328,118570.875,0,8.970340728759766,5.073978024777425,low,0.2452133435567038,0.775538485419456,705.9419531616431,1,C_East_Timor_Islands,1,0.4766854057053763,7.236860641916157,0.7228763720373719,0.012284896365925557,-0.748966490448416,0.4560205138884923,83,0.011641196677361632,-0.7030635330048928,0.4840075089414194,83,0.012284896365925557,-0.748966490448416,0.4560205138884923,83,-0.002377957994206925,0.14801276072180802,0.8826960576671941,83,,600-1000,mid_corr,tropics
C_East_Timor_Islands,asia,-8.975043296813965,125.4461669921875,82614.203125,0,8.975043296813965,4.917054718126061,low,0.323872837771058,0.775538485419456,705.9419531616431,1,C_Nusa_Tenggara,1,0.3952216900034117,6.362746089385045,0.7228763720373699,-0.0013303540251636825,0.07636613731955343,0.9393138256537765,83,-0.002089221942533248,0.11981950778567906,0.9049192094339834,83,-0.0013303540251636825,0.07636613731955343,0.9393138256537765,83,-0.007592308779688306,0.49438141564912297,0.6223587260128075,83,-0.79576558654172,600-1000,mid_corr,tropics
C_Borneo,asia,0.8877425193786621,114.2563247680664,758966.4375,0,0.8877425193786621,5.880222571243531,low,0.9409146658165428,0.7472630555358422,867.1718978860599,1,C_Sulawesi,1,0.6938622033994629,3.514216150392347,0.8335200690486353,0.007375243991299074,-0.5592822418683349,0.5774935036928264,83,0.00452396231142016,-0.3481957720176441,0.7285854870725984,83,0.007375243991299074,-0.5592822418683349,0.5774935036928264,83,0.008729306651093838,-0.7677645545613867,0.4448323344636404,83,-1.6608308299981658,600-1000,mid_corr,tropics
C_Philippines,asia,11.627100944519045,122.5772705078125,505703.75,0,11.627100944519045,5.703896174115576,low,0.5201809348940911,0.49434678710579033,5070.76241418252,2,C_Vietnam_Coast,0,0.8031891347277181,0.2064807657049675,0.36684618177848816,-0.034866234966230314,0.9674280900089913,0.3361748020838318,83,-0.037056953262226466,1.0307369643393847,0.3056948319083838,83,-0.034866234966230314,0.9674280900089913,0.3361748020838318,83,-0.035893489064514394,1.0422373438682604,0.3003647432379759,83,-0.7576942875380994,>1000,low_corr,tropics
C_Sulawesi,asia,-2.2050254344940186,121.41685485839844,328683.25,0,2.2050254344940186,5.51677757260026,low,0.4942262361769731,0.7665663710693322,816.1075519915015,2,C_Halmahera_Islands,0,0.8408328950042684,0.30094957420411783,0.8940433014333304,-0.020691710595894364,0.8111149893499983,0.4196477188389469,83,-0.020606504970074546,0.8152463031980218,0.41729297039507807,83,-0.020691710595894364,0.8111149893499983,0.4196477188389469,83,-0.0025808355890128976,0.1009819546931457,0.9198112894475794,83,-2.2910230938553924,600-1000,mid_corr,tropics
C_Maluku,asia,-3.961231470108032,129.9882049560547,91925.953125,0,3.961231470108032,4.963438141502903,low,0.2772932128368122,0.7277230283467733,881.8190031295713,2,C_Sulawesi,0,0.6196683287672166,4.67480655960143,0.7290340502216668,0.04043359437457095,-2.3192716422118185,0.022868751068695625,83,0.03800916344929772,-2.2321468651098657,0.02833260567427157,83,0.04043359437457095,-2.3192716422118185,0.022868751068695625,83,0.02334347182961516,-1.7513153757443345,0.08363088258210997,83,,600-1000,mid_corr,tropics
C_Halmahera_Islands,asia,0.2986897528171539,127.99083709716795,63497.38671875,0,0.2986897528171539,4.802755851953696,low,0.3780626613360793,0.7468830582701452,782.0646547284625,1,C_Sulawesi,1,0.8370208794111111,-0.10750014267077898,0.9316431985109125,0.04251289153268756,-2.6007965776314266,0.01103072620296252,83,0.040260618930255454,-2.518489011791666,0.013730031709090339,83,0.04251289153268756,-2.6007965776314266,0.01103072620296252,83,0.028221726111211654,-2.0023325099382654,0.04855416348383164,83,,600-1000,mid_corr,tropics
C_Papua_New_Guinea_Island,australia,-5.330036163330078,140.50607299804688,1041547.0625,0,5.330036163330078,6.017678898405011,low,0.765634575240668,0.6924786928094188,1648.5358752493244,2,C_Halmahera_Islands,0,0.8239478185494674,0.3155398865723308,0.8568974645822021,-0.004972331847660882,0.16378035586797923,0.8703070651452623,83,-0.009403993012529588,0.31263291562449746,0.7553532601044118,83,-0.004972331847660882,0.16378035586797923,0.8703070651452623,83,0.023335908608964284,-0.7715971114727885,0.44257100439217895,83,0.1981914942434968,>1000,mid_corr,tropics
C_North_Australia_Coast,australia,-16.456905364990234,134.90902709960938,1301614.0,0,16.456905364990234,6.114482211171925,mid,0.94527437437182,0.6954849730755774,7488.67641172327,3,E_South_Interior_Africa,0,0.810871912182271,7.093025678042371,0.3639623509894025,-0.04938156366596913,1.100578649323173,0.2743004412414166,83,-0.05618305216259167,1.2872934374484857,0.20161371684732118,83,-0.04938156366596913,1.100578649323173,0.2743004412414166,83,-0.07672609955926712,1.4233842108169363,0.15841859622769708,83,-0.6603692654800009,>1000,mid_corr,tropics
C_Bismark_Sea_Islands,australia,-5.053763389587402,150.77378845214844,105673.859375,0,5.053763389587402,5.023967568828316,low,0.4232200282319813,0.5629030206365739,973.5952564356106,1,C_Solomon_Islands,1,0.8543630013002718,0.06391518340963318,0.8554146277470075,-0.023797848405032074,1.0112073051212744,0.3148917845848068,83,-0.02447208183497973,1.0592702031498376,0.2925870462657544,83,-0.023797848405032074,1.0112073051212744,0.3148917845848068,83,0.004336674653386385,-0.20919031368831728,0.8348184888082815,83,-0.7298433653459412,600-1000,low_corr,tropics
C_Solomon_Islands,australia,-8.204461097717285,158.99917602539062,96553.171875,0,8.204461097717285,4.984766545388152,mid,0.2696235512327289,0.5629030206365739,973.5952564356106,1,C_Bismark_Sea_Islands,1,0.8715550014458244,0.19882292353580905,0.8554146277470075,0.02805366551383648,-1.248151018221653,0.2155279938139421,83,0.0288599764286942,-1.2855151803799354,0.20223103181656774,83,0.02805366551383648,-1.248151018221653,0.2155279938139421,83,0.004282667188435285,-0.23018735640533003,0.8185194652898551,83,,600-1000,low_corr,tropics
C_West_Australia_Coast,australia,-26.510242462158203,117.36813354492188,840925.6875,0,26.510242462158203,5.924757618943397,sub_noise,0.9690569313814108,0.6572621013421805,854.4798011641185,1,E_Great_Victoria_Desert,1,0.8226092869965955,0.1478508410920474,0.7256940929912661,0.01750919739134893,-0.889949084506812,0.37609679456707307,83,0.017658005237292107,-0.9108405971449496,0.3650491631261353,83,0.01750919739134893,-0.889949084506812,0.37609679456707307,83,0.016483960773223116,-0.8945132597569145,0.3736654403826415,83,-2.4391071172646583,600-1000,mid_corr,S_extratropics
C_East_Australia_Coast,australia,-27.772510528564453,148.19471740722656,689676.625,0,27.772510528564453,5.838645506827646,low,0.9572903301650086,0.8650850481937503,736.5068076375293,2,E_Lake_Eyre_Basin,0,0.8786024026568761,3.4228782164829625,0.7649565809801007,-0.01806556766153533,0.44880541077161346,0.6547558651772767,83,-0.022397517561959512,0.5616720001112598,0.5758714825674687,83,-0.01806556766153533,0.44880541077161346,0.6547558651772767,83,-0.030795823446388093,0.7358340133051466,0.4639313906893198,83,-1.4785782666542926,600-1000,high_corr,S_extratropics
R_Murray_Darling_River,australia,-31.590456008911133,146.16184997558594,1057959.0,0,31.590456008911133,6.024468837435669,low,0.9999999920583807,0.8507613999958263,467.727574035115,1,C_East_Australia_Coast,1,0.9119642788636337,3.2806280458168593,0.8031379938229992,-0.07286932349669151,1.63452993073877,0.10598118799875302,83,-0.07050696448613225,1.5685339326178136,0.12060763277890274,83,-0.07286932349669151,1.63452993073877,0.10598118799875302,83,-0.0723849361916915,1.5814472662450507,0.11762555052071472,83,-1.8323363646745687,300-600,high_corr,S_extratropics
C_South_Australia_Coast,australia,-31.97826385498047,131.42381286621094,514093.8125,0,31.97826385498047,5.711042376842568,sub_noise,0.8975030395833519,0.8468026152958658,673.6770028171729,1,E_Great_Victoria_Desert,1,0.9287651792423409,-0.3866178895072933,0.9164934436014087,0.02486183300677247,-1.0184867506655002,0.31144230371278886,83,0.024809059705629855,-1.0167516730802282,0.3122621855854039,83,0.02486183300677247,-1.0184867506655002,0.31144230371278886,83,0.013815592142752409,-0.62959395836239,0.5307106025295567,83,0.4649555041797631,600-1000,high_corr,S_extratropics
C_Tasmania,australia,-41.914344787597656,146.72601318359375,69723.453125,0,41.914344787597656,4.84337888784696,sub_noise,0.8758852054283295,0.39960128995121547,1880.9691384512994,2,C_South_Australia_Coast,0,0.7461330321041533,-0.09021913709683846,0.5726636116082939,-0.02314872387038247,1.2396479876262563,0.21864166688425152,83,-0.02383923045052705,1.2978021570142744,0.1979942030557827,83,-0.02314872387038247,1.2396479876262563,0.21864166688425152,83,-0.030081161874040863,1.7412947919539612,0.08538230964972028,83,-1.7664551597191818,>1000,low_corr,S_extratropics
C_New_Zealand_South_Island,australia,-43.64261245727539,170.8855438232422,169056.1875,0,43.64261245727539,5.2280310706825635,sub_noise,0.8435612134994598,0.4518961462333082,723.7853145766101,1,C_New_Zealand_North_Island,1,0.3880259320174545,0.5320875387293638,0.6667689949216473,-0.042200299268904784,1.2155763683482717,0.2276344752573887,83,-0.04132971876225344,1.1896434717679158,0.23761974907663785,83,-0.042200299268904784,1.2155763683482717,0.2276344752573887,83,-0.04035274638918884,1.1838760371946508,0.23988266186157664,83,-1.1925642666720957,600-1000,low_corr,S_extratropics
C_New_Zealand_North_Island,australia,-38.14042663574219,175.49240112304688,182538.59375,0,38.14042663574219,5.261354700467337,sub_noise,0.560088534850459,0.4592170100315339,1546.0892910291204,2,C_New_Zealand_South_Island,0,0.6480032810481468,0.04638757883187918,0.5612208540502515,-0.012117125088355385,0.42902036590283776,0.6690334458128094,83,-0.010698761598199269,0.3817032406327002,0.7036688426451148,83,-0.012117125088355385,0.42902036590283776,0.6690334458128094,83,-0.011448064227405963,0.37165412709651985,0.7111090164975468,83,-2.3063907691321965,>1000,low_corr,S_extratropics
E_Lake_Eyre_Basin,australia,-25.518882751464844,139.3301239013672,1305958.5,0,25.518882751464844,6.115929376397431,low,0.9999999572984112,0.8598584430852867,915.6929633724719,1,C_East_Australia_Coast,1,0.940430827533423,0.21714360144866185,0.7210976161622014,0.0054612919192168485,-0.17998333704340894,0.8576096895368641,83,0.0027929812787789166,-0.0920942975433803,0.9268477392735136,83,0.0054612919192168485,-0.17998333704340894,0.8576096895368641,83,0.0123741728769996,-0.3369017090379556,0.7370517530097849,83,0.9654510780848866,600-1000,high_corr,S_extratropics
E_Australia_Northwest_Plateau,australia,-21.514141082763672,128.49734497070312,1149551.75,0,21.514141082763672,6.060528526917653,mid,0.9999999071936164,0.7444517103029288,826.5806125842042,2,E_Great_Victoria_Desert,0,0.8828602344846797,7.144422396137543,0.5554996502622209,-0.128520677034339,1.76183086726768,0.08182492065857899,83,-0.1362733821181792,1.8668424506526666,0.06549760577453288,83,-0.128520677034339,1.76183086726768,0.08182492065857899,83,-0.16956186277479968,2.185433323769834,0.03170984900417415,83,-1.149059039292464,600-1000,mid_corr,tropics
E_Great_Victoria_Desert,australia,-28.40152740478516,125.76396942138672,848857.6875,0,28.40152740478516,5.928834886104883,sub_noise,1.0000000448668498,0.8468026152958658,673.6770028171729,1,C_South_Australia_Coast,1,0.8685353817048391,0.40603760573077735,0.9164934436014134,0.013011739365104136,-0.7676262383396165,0.44491407070491373,83,0.011019719130695549,-0.6634863075244188,0.5088802070622183,83,0.013011739365104136,-0.7676262383396165,0.44491407070491373,83,0.023407129923104897,-1.503921811419818,0.13644344774415296,83,1.1081821185493552,600-1000,high_corr,S_extratropics
C_Gulf_of_Darien_Coast,south_america,7.8939032554626465,-76.5601806640625,82063.359375,0,7.8939032554626465,4.914149291428878,low,0.8415865295819821,0.9106206066570983,263.6624526469131,1,R_Magdalena_River,1,0.8605557929515776,0.10984792908888115,0.9412185048923218,0.02520788450498823,-1.9728412208361656,0.05188320796156384,83,0.021659233517412946,-1.687917650962108,0.095227225309408,83,0.02520788450498823,-1.9728412208361656,0.05188320796156384,83,0.030194778511143938,-1.5388324661026005,0.12769532671945827,83,1.7349100145662764,<300km,high_corr,tropics
R_Magdalena_River,south_america,6.395747184753418,-74.70780944824219,259939.546875,0,6.395747184753418,5.4148723575426905,mid,0.9970739033217336,0.9106206066570983,263.6624526469131,1,C_Gulf_of_Darien_Coast,1,0.8848381618599761,0.24033297864956374,0.9412185048923218,0.011388260286001262,-0.9387202346472248,0.35063127182750936,83,0.0086911455487092,-0.7298063877915171,0.4675882741121054,83,0.011388260286001262,-0.9387202346472248,0.35063127182750936,83,-0.007421561166313317,0.4652392945368836,0.6429932956808979,83,2.524425496428948,<300km,high_corr,tropics
C_Carribean_Coast,south_america,10.040581703186035,-68.32926940917969,321023.03125,0,10.040581703186035,5.506536191239692,mid,0.8080930312318279,0.8622013911638076,810.4588286749686,1,R_Magdalena_River,1,0.8885287098533267,2.900725592479508,0.8850319283662399,0.0561304664061848,-1.702388130788181,0.09247090969334952,83,0.04619308046435466,-1.3970572239034185,0.16616560646353054,83,0.0561304664061848,-1.702388130788181,0.09247090969334952,83,0.015760426551156947,-0.43090849563005285,0.6676655277124763,83,2.749971363264297,600-1000,high_corr,tropics
R_Orinoco_River,south_america,5.705295562744141,-67.9323959350586,938819.375,0,5.705295562744141,5.972582043824679,mid,0.9999999734467164,0.8305119000343858,484.0388240620129,1,C_Carribean_Coast,1,0.8556758896309447,7.019536921206201,0.4885947538144447,-0.045710756445394685,1.5032077786549514,0.13662717239539207,83,-0.0511759839327266,1.6866176424900108,0.09547809599525825,83,-0.045710756445394685,1.5032077786549514,0.13662717239539207,83,0.09449577353949878,-2.214081702680101,0.02959931136463201,83,-0.229043967998865,300-600,high_corr,tropics
C_Northeast_South_America_Coast,south_america,4.312986373901367,-56.431583404541016,558093.25,0,4.312986373901367,5.746706769863945,mid,0.970998425023089,0.7700829774104356,1283.2724642899527,1,R_Orinoco_River,1,0.8733755634692406,7.295460973188736,0.47963847146026756,-0.05787408706365249,1.5791843884368575,0.11814381768080538,83,-0.05938698351510485,1.5874144745034928,0.11626759040436103,83,-0.05787408706365249,1.5791843884368575,0.11814381768080538,83,-0.04935797876791925,1.2065261018612208,0.23108404758446896,83,2.1971363873423293,>1000,mid_corr,tropics
C_South_Amapa_Coast,south_america,-0.0380395054817199,-51.38043594360352,35625.94921875,0,0.0380395054817199,4.551766444524589,mid,0.7608664624946498,0.8512011664761229,257.8514886756872,1,C_Amazon_River_Delta,1,0.7281718611841101,7.223906704512002,0.7984745952155051,-0.00521820902016823,0.6443214221909636,0.5211653533767256,83,-0.005825435620381958,0.7147876794517919,0.4767703282460065,83,-0.00521820902016823,0.6443214221909636,0.5211653533767256,83,-0.007008116835605538,0.8778129067749366,0.3826100196214149,83,0.0827647799539904,<300km,high_corr,tropics
R_Amazon_River,south_america,-6.646708488464356,-64.56704711914062,5935067.5,0,6.646708488464356,6.773425662584768,mid,0.9999999745185136,0.5778038037929127,1699.862168076986,2,C_Amazon_River_Delta,0,0.9011164627732894,7.259872423565829,0.362659085276746,-0.1934313084075927,2.0656350075566436,0.04202084323672548,83,-0.19956044135493567,2.048027545978811,0.04375730715129384,83,-0.1934313084075927,2.0656350075566436,0.04202084323672548,83,0.21234429513640285,-2.4626737572314243,0.0158845460314257,83,-2.439671141023225,>1000,low_corr,tropics
C_Amazon_River_Delta,south_america,-2.0860137939453125,-50.292457580566406,117618.3203125,0,2.0860137939453125,5.070474973023668,mid,0.9473234362275388,0.8912824942118827,239.42666957798292,1,C_Capim_River_Delta,1,0.8025513922845301,7.298705085783922,0.7486639927430885,-0.018429789381862127,0.7572568004655341,0.45106655364731374,83,-0.016775845458176786,0.6939744298920228,0.48965960626542443,83,-0.018429789381862127,0.7572568004655341,0.45106655364731374,83,0.002555863204599107,-0.09234023638075722,0.9266529459389989,83,2.314232985407314,<300km,high_corr,tropics
R_Tocantins_River,south_america,-11.239239692687988,-49.48603439331055,769437.8125,0,11.239239692687988,5.886173525038879,mid,1.000000025258938,0.7562120244765065,721.3335143899138,1,R_Sao_Francisco_River,1,0.8113974873335363,6.74387156770104,0.590331359896721,0.044983092625775045,-1.1585641251156322,0.24999691858423553,83,0.045777522391515335,-1.1952291977407177,0.23544280823100414,83,0.044983092625775045,-1.1585641251156322,0.24999691858423553,83,0.13888176799762064,-2.9705134619925087,0.0038991378955196276,83,1.1743398930562954,600-1000,mid_corr,tropics
C_Capim_River_Delta,south_america,-2.851447582244873,-48.27799987792969,85848.671875,0,2.851447582244873,4.9337335807803315,high,0.9729374091218048,0.893805373169584,282.98551371963674,2,C_Amazon_River_Delta,0,0.868707046163507,6.987886370373299,0.7460755240773252,0.007949127974988812,-0.2764829010429435,0.7828728791018694,83,0.009796550680400973,-0.34652128912682667,0.7298386170752778,83,0.007949127974988812,-0.2764829010429435,0.7828728791018694,83,0.003199506688715159,-0.11109820027966878,0.9118099587912699,83,-0.3153001539432823,<300km,high_corr,tropics
C_North_Brazil_South_Atlantic_Coast,south_america,-3.966259717941284,-45.34529495239258,277285.0,0,3.966259717941284,5.442926376633659,high,0.9609318396097196,0.8928136143357909,364.9866828003081,2,C_Capim_River_Delta,0,0.8885668694602025,1.1134322227040054,0.7506139752344947,0.07022352060412629,-1.3849857760854078,0.16981337303593697,83,0.06164363210341839,-1.2235139818553642,0.22463989312737326,83,0.07022352060412629,-1.3849857760854078,0.16981337303593697,83,0.045579636798101286,-1.1959660155730432,0.2351567226604933,83,1.3857802109824322,300-600,high_corr,tropics
R_Parnaiba_River,south_america,-7.258980274200439,-43.27925491333008,333266.21875,0,7.258980274200439,5.522791293996566,mid,1.0000000418333057,0.8836201736363435,501.5887580061675,2,C_North_Brazil_South_Atlantic_Coast,0,0.8690860491929386,7.2738271584947345,0.7576524328824552,-0.07701212048223272,2.3151815739775006,0.023102732181569465,83,-0.07533064110429155,2.2901939913136307,0.02457870800979133,83,-0.07701212048223272,2.3151815739775006,0.023102732181569465,83,-0.03310659058948562,1.1132699775640125,0.26884531380560445,83,4.125932534590296,300-600,high_corr,tropics
C_East_Brazil_South_Atlantic_Coast,south_america,-6.203597068786621,-37.89056396484375,283236.125,0,6.203597068786621,5.452148644101087,mid,0.9755243727879416,0.8736960789115656,606.5144536058127,1,R_Parnaiba_River,1,0.8457262027878985,0.8764124391970147,0.6817617412217873,0.1512419274455643,-3.7972640051488895,0.0002794684554599656,83,0.146819294794305,-3.7794211919388854,0.00029705893803208576,83,0.1512419274455643,-3.7972640051488895,0.0002794684554599656,83,0.17204495575560863,-4.291366852300554,4.8292945977539585e-05,83,6.1773752933969215,600-1000,high_corr,tropics
R_Sao_Francisco_River,south_america,-13.403438568115234,-43.22582626342773,644986.375,0,13.403438568115234,5.809550540488268,high,0.9999999031602388,0.8825227901856376,408.77370964884534,1,C_South_East_Brazil_Coast,1,0.8719937078587104,7.147594321876771,0.5717854029807403,0.09069410768997266,-3.1049683370133216,0.002612571726443301,83,0.08852280697784964,-3.0313987345489712,0.003257186248822457,83,0.09069410768997266,-3.1049683370133216,0.002612571726443301,83,0.11400250191831529,-3.6210382933823175,0.0005068075160581419,83,3.2529118501508667,300-600,high_corr,tropics
C_South_East_Brazil_Coast,south_america,-16.454879760742188,-41.10375213623047,581624.125,0,16.454879760742188,5.7646424121857125,mid,0.9585661804970536,0.8825227901856376,408.77370964884534,1,R_Sao_Francisco_River,1,0.818825584277271,6.872296303163249,0.5717854029807388,0.04904474161521344,-2.494333504692611,0.014627961762334968,83,0.04760123794849269,-2.5081433453870456,0.014108360301534716,83,0.04904474161521344,-2.494333504692611,0.014627961762334968,83,0.03286606743350706,-2.084383580574847,0.04023744572902764,83,2.3435241009856407,300-600,high_corr,tropics
C_Uruguay_South_Brazil_Coast,south_america,-29.99686813354492,-53.76016616821289,654270.6875,0,29.99686813354492,5.815757463562667,mid,0.951294575725815,0.7771976478088864,691.9976707804235,1,C_La_Plata_Delta,1,0.8705876108031578,6.431773173877518,0.791413342890408,-0.03676053735960294,0.7789368053435027,0.4382590929502595,83,-0.040069985210482884,0.8383671890928058,0.4042617143840411,83,-0.03676053735960294,0.7789368053435027,0.4382590929502595,83,-0.04454603246743183,0.8738891902338735,0.3847307674630012,83,1.0634873135362377,600-1000,mid_corr,S_extratropics
R_Parana_River,south_america,-22.868391036987305,-56.68667221069336,2644143.25,0,22.868391036987305,6.42228497993587,low,0.999999957382372,0.6515960970009009,9546.83183429059,4,E_Junggar_Pendi,0,0.8958703044461943,7.3196959806232424,0.3290051254871834,-0.3339743858476256,3.363386816210592,0.0011723509150921216,83,-0.3181681371342606,3.16963848300761,0.0021461252447495475,83,-0.3339743858476256,3.363386816210592,0.0011723509150921216,83,-0.3669957226798364,4.0541603281082415,0.00011391312483701801,83,2.6685111386893894,>1000,low_corr,tropics
C_La_Plata_Delta,south_america,-34.782127380371094,-58.475372314453125,20991.11328125,0,34.782127380371094,4.322035472364309,mid,0.7875587762340225,0.8627895791021954,362.3911096447677,1,C_North_Argentina_South_Atlantic_Coast,1,0.9430139829436597,0.05029051147146901,0.9003150541624327,0.025524964777372428,-1.3181608824930073,0.19112016925488018,83,0.025447491478257422,-1.343720535029159,0.18274526400585814,83,0.025524964777372428,-1.3181608824930073,0.19112016925488018,83,0.022911945353063068,-1.2355553105191137,0.22015201780178706,83,5.144540230917097,300-600,high_corr,S_extratropics
C_North_Argentina_South_Atlantic_Coast,south_america,-36.31681823730469,-62.00957107543945,391633.9375,0,36.31681823730469,5.592880319061525,mid,0.9953869605869556,0.8627895791021954,362.3911096447677,1,C_La_Plata_Delta,1,0.943655796385716,0.45136051352833845,0.9003150541624327,0.013891660936636407,-0.625507933225733,0.533374786545527,83,0.01690667554591374,-0.7661640012908141,0.4457786947700477,83,0.013891660936636407,-0.625507933225733,0.533374786545527,83,0.01026668282670673,-0.4538755452571707,0.6511174141780193,83,6.8008139601690285,300-600,high_corr,S_extratropics
R_Colorado_River_Argentina,south_america,-34.40580749511719,-67.86532592773438,403958.625,0,34.40580749511719,5.606336885273028,mid,0.9999999658303316,0.7542730803845676,552.8389382299821,1,C_North_Chile_South_Pacific_Coast,1,0.9509789092148416,0.06258148585257245,0.9026709788139478,-0.06603429869215316,1.5845002771284067,0.11692920023724926,83,-0.04465188304190382,1.112643378712331,0.2691128527115983,83,-0.06603429869215316,1.5845002771284067,0.11692920023724926,83,-0.05412167692328973,1.4038315593244475,0.16414498288163828,83,3.7808726232171854,300-600,mid_corr,S_extratropics
C_Patagonia,south_america,-44.17690658569336,-68.73529815673828,717876.875,1,44.17690658569336,5.856049963610784,glaciated,0.9641170310565962,0.479862023725807,1580.2575983306538,3,C_South_Chile_South_Pacific_Coast,0,0.5849855549038174,1.0836553157466358,0.44069883641937935,-0.015368839616742402,0.5791178885472675,0.5640971470200628,83,-0.0164995193170574,0.6247085549047419,0.5338968040521153,83,-0.015368839616742402,0.5791178885472675,0.5640971470200628,83,-0.016601641661617705,0.6660993961611622,0.5072172062265605,83,-1.3096704193437758,>1000,low_corr,S_extratropics
C_South_Chile_South_Pacific_Coast,south_america,-48.886478424072266,-72.27598571777344,401330.78125,0,48.886478424072266,5.603502470509702,mid,0.7620723797945487,0.5739496401673156,13355.5906098434,3,C_Severnaya_Zemlya,0,0.8642423900739237,0.2600516798233988,0.43818829375247736,0.03372126876613013,-0.8944331749500671,0.3737080163116651,83,0.03643068790707005,-0.9736771500106993,0.33308045034637185,83,0.03372126876613013,-0.8944331749500671,0.3737080163116651,83,0.05264992945646774,-1.6230674760422543,0.10841349216739621,83,1.198935761759503,>1000,low_corr,S_extratropics
C_North_Chile_South_Pacific_Coast,south_america,-30.08050537109375,-70.76556396484375,417490.5,0,30.08050537109375,5.6206465975573,low,0.9505524223607018,0.7542730803845676,552.8389382299821,1,R_Colorado_River_Argentina,1,0.932128626641177,-0.5155736225249727,0.9026709788139484,0.016381868696071944,-1.0294772874088254,0.30628251330001216,83,0.014832354510027512,-0.9567875743632221,0.3414868801250468,83,0.016381868696071944,-1.0294772874088254,0.30628251330001216,83,0.020179441695776013,-1.4439113818792402,0.15257383866409913,83,0.2313008199370027,300-600,mid_corr,S_extratropics
C_Peru_Pacific_Coast,south_america,-11.67129611968994,-75.93858337402344,316791.9375,0,11.67129611968994,5.500774120064497,sub_noise,0.909253386755816,0.5288260632739503,1299.0380866931775,1,E_La_Puna_Altiplano,1,0.77018144802528,0.48706305579912107,0.7585204590778326,0.019169192689259096,-0.83641215093004,0.4053539121313469,83,0.02056358130359648,-0.9088965981657595,0.3660683749238946,83,0.019169192689259096,-0.83641215093004,0.4053539121313469,83,-0.0007359357389677967,0.0330467980950585,0.9737175766291951,83,1.301123531487511,>1000,low_corr,tropics
C_Columbia_Ecuador_Pacific_Coast,south_america,1.4979541301727295,-78.60574340820312,225672.5625,0,1.4979541301727295,5.353478760321915,sub_noise,0.8972725043009357,0.5075251855666658,1379.8899649426908,2,R_Amazon_River,0,0.47126319562072255,5.862113991976532,0.42229339626304085,0.019582027047617023,-0.8039668864899764,0.42374070213566467,83,0.01914543544738878,-0.7777970108348975,0.43892707988639484,83,0.019582027047617023,-0.8039668864899764,0.42374070213566467,83,0.0016927177145701355,-0.0775499360643855,0.9383749843764916,83,-1.3921672760617896,>1000,low_corr,tropics
E_Salinas_Grande_Mar_Chiquita,south_america,-29.59704971313477,-65.39700317382812,308226.875,0,29.59704971313477,5.488870503153805,mid,0.9999999875687694,0.7734306716898474,811.1321391320579,1,C_North_Argentina_South_Atlantic_Coast,1,0.9550719364710037,-0.09822695366382032,0.7254069708666473,-0.01935452919216818,0.5075869073095046,0.6131056288155995,83,-0.023849084361787343,0.6371595452100324,0.525795884975781,83,-0.01935452919216818,0.5075869073095046,0.6131056288155995,83,-0.044279029699290984,1.3439351880228514,0.18267612264532054,83,8.969354625550388,600-1000,mid_corr,S_extratropics
E_La_Puna_Altiplano,south_america,-20.684783935546875,-68.18938446044922,328865.3125,0,20.684783935546875,5.5170180681184355,sub_noise,0.9999999327605864,0.5760027497758207,1057.7142744636258,2,C_North_Chile_South_Pacific_Coast,0,0.862781524097116,-0.5895197047497882,0.7691308322793863,-0.03397441673770185,2.3118610525501118,0.02329424418618646,83,-0.03372543574443965,2.3240335393044744,0.022598979744219844,83,-0.03397441673770185,2.3118610525501118,0.02329424418618646,83,-0.027969398681155333,2.170669126175323,0.03284799206624625,83,0.6502239256472626,>1000,low_corr,tropics
C_Central_American_Pacific_Coast,north_america,22.00570297241211,-102.5875015258789,971080.625,0,22.00570297241211,5.987255289165455,sub_noise,0.9115440555039142,0.7322391856095442,1004.6361363416712,2,R_Rio_Grande_Rio_Bravo,0,0.81864808897672,1.1182109320141023,0.7104061078360129,-0.04664150711492132,1.3986540935617713,0.1656875903799566,83,-0.04967461390253192,1.496112148489658,0.13846349917613684,83,-0.04664150711492132,1.3986540935617713,0.1656875903799566,83,-0.053528398296622814,1.4530765635354301,0.15001878771457466,83,-2.7943576302844213,>1000,mid_corr,tropics
R_Colorado_River_of_the_West_North_America,north_america,36.383766174316406,-110.81399536132812,658562.125,0,36.383766174316406,5.8185967500981866,low,0.9999999510010376,0.7821502544282178,567.9307259182872,1,E_Great_Basin_Great_Salt_Lake,1,0.8627828816834169,0.8787759161966953,0.6562778536363453,0.03784118486763666,-1.1087834125823675,0.2707650467109381,83,0.043619231354456445,-1.2817176047096142,0.2035540401646218,83,0.03784118486763666,-1.1087834125823675,0.2707650467109381,83,0.07229035210998469,-2.1906507799231516,0.031315961023695216,83,-0.5071180444799656,300-600,high_corr,N_midlat
C_California_and_Baja_California,north_america,34.222713470458984,-117.95186614990234,489988.40625,0,34.222713470458984,5.690185804189294,low,0.8625249138737984,0.8852331138736897,577.5329838574391,1,E_Great_Basin_Great_Salt_Lake,1,0.8798029445319797,0.8037052184302009,0.7615824028600047,0.08144249209752885,-2.4488201067364437,0.016464181442802206,83,0.08728653395046226,-2.5877254759945987,0.01142450761522224,83,0.08144249209752885,-2.4488201067364437,0.016464181442802206,83,0.0357205407209521,-1.2129775116455546,0.2286212006485367,83,-0.9202137978303628,300-600,high_corr,N_midlat
C_Oregon_Coast,north_america,43.45151901245117,-123.41675567626952,44393.984375,0,43.45151901245117,4.647324124850155,low,0.9129495083923628,0.7002563536559154,581.7654761160054,1,R_Columbia_River,1,0.680083180565131,2.152133638779843,0.6298505792444437,0.05844960733637938,-2.393846229537157,0.018955150238855054,83,0.05705145472474038,-2.3445355212001857,0.02146940379287472,83,0.05844960733637938,-2.393846229537157,0.018955150238855054,83,0.04838016453398741,-2.0932557229597863,0.03941654892205183,83,-1.226590519557084,300-600,mid_corr,N_midlat
R_Columbia_River,north_america,46.08155822753906,-117.04254913330078,672088.0,0,46.08155822753906,5.827426141226835,low,1.000000054194771,0.7002563536559154,581.7654761160054,1,C_Oregon_Coast,1,0.8020760871109823,5.893806827441752,0.6298505792444409,-0.007977399993814416,0.28142834219113333,0.7790908478514009,83,-0.004097587979932982,0.14653513578468091,0.8838586127830004,83,-0.007977399993814416,0.28142834219113333,0.7790908478514009,83,-0.008892148970168323,0.3390303143889491,0.7354535817452614,83,-3.122739487788765,300-600,mid_corr,N_midlat
C_South_Alaska_Coast_Frazer_River,north_america,53.06808853149414,-125.9711685180664,669314.1875,0,53.06808853149414,5.825630030871808,high,0.9303070078623358,0.6733466235014534,15281.566338279972,1,E_South_Interior_Africa,1,0.9303701338799103,7.125828065016444,0.060778441896307,0.0543969737382789,-1.1732555974544785,0.24409008997684312,83,0.04141592296545171,-0.8898331043674486,0.37615870693802744,83,0.0543969737382789,-1.1732555974544785,0.24409008997684312,83,0.07607254834092847,-2.452025100411723,0.016328427679535695,83,-0.7859661305187268,>1000,mid_corr,N_high
C_Churchill_Seal_Rivers,north_america,56.80511093139648,-102.22174072265624,407489.90625,0,56.80511093139648,5.6101168554950895,low,0.9871854186951832,0.6516924324607947,1078.9886086656013,1,R_Mackenzie_River,1,0.8846019676833482,1.0415548600117839,0.5058461745535386,0.05544398458564481,-1.1842785165593785,0.2397242444968455,83,0.05359121180080173,-1.1504468415081777,0.2533038194403047,83,0.05544398458564481,-1.1842785165593785,0.2397242444968455,83,0.06575563012814134,-1.4220068483694364,0.1588168745089649,83,-1.8561805116475667,>1000,low_corr,N_high
R_Saskatchewan_Nelson_Rivers,north_america,51.28512573242188,-102.26946258544922,1110230.125,0,51.28512573242188,6.045413007308368,low,1.000000028191825,0.586846761931932,5306.505923602596,3,C_Greater_Dniester_Basin,0,0.9343641221634928,7.122203826259161,0.2792532285152839,-0.13635471547404143,1.4019392610121086,0.16470750384911503,83,-0.1354985315024555,1.4076687874977427,0.16300882161230268,83,-0.13635471547404143,1.4019392610121086,0.16470750384911503,83,-0.14323558023576788,1.5333545476281063,0.12903787074339623,83,-3.762487834008984,>1000,low_corr,N_high
C_Southwest_Hudson_Bay_Coast,north_america,52.69977569580078,-87.50457763671875,716985.5,0,52.69977569580078,5.855510372775661,sub_noise,0.9720054284285264,0.5238673350606048,1041.1515096670787,2,C_Churchill_Seal_Rivers,0,0.7552177674709397,0.550267668334272,0.42182401263105146,0.07725778476541734,-2.067993287950489,0.041792837618329554,83,0.0734961849516127,-1.9792521648110815,0.05114343265533961,83,0.07725778476541734,-2.067993287950489,0.041792837618329554,83,0.06723155297663519,-1.8805330888050296,0.06358567397848389,83,-3.116579522929979,>1000,low_corr,N_high
C_East_Hudson_Bay_Coast,north_america,54.16206359863281,-75.62594604492188,596505.125,0,54.16206359863281,5.775614179355327,low,0.9508216114857192,0.6615153548960363,551.1948833702796,2,C_South_Hudson_Strait_Ungava_Bay_Coast,0,0.8298533634064558,-0.07651687626603085,0.8002753154806646,0.013891409266881594,-0.9407021515417963,0.34962051373393793,83,0.014032294784910415,-0.967278186152149,0.3362492607384242,83,0.013891409266881594,-0.9407021515417963,0.34962051373393793,83,0.02514234198611731,-1.9217869801686462,0.05810620876562368,83,-1.048651344093556,300-600,mid_corr,N_high
C_South_Hudson_Strait_Ungava_Bay_Coast,north_america,57.4619369506836,-69.269775390625,395857.71875,0,57.4619369506836,5.597539117579002,low,0.922663323004456,0.6550483514290539,540.29829337047,1,C_East_Hudson_Bay_Coast,1,0.6498674732220293,3.9476855149449532,0.7913525809025383,0.050929057779792286,-3.3768477512449047,0.001123173666588637,83,0.0499841709131833,-3.3608964259162963,0.001181668407831214,83,0.050929057779792286,-3.3768477512449047,0.001123173666588637,83,0.043761776588085,-2.949118363543308,0.00415121721510428,83,-2.016031070470574,300-600,mid_corr,N_high
C_Labrador_Sea_Coast,north_america,52.221473693847656,-60.26107025146485,543283.375,0,52.221473693847656,5.735026415403254,low,0.8819296524979944,0.5355337541548312,1182.403806748317,2,C_East_Hudson_Bay_Coast,0,0.8714342179024019,0.8408336920272628,0.6650331938670554,0.03682414604518702,-1.1978774780138677,0.23441572430349178,83,0.03633779801528658,-1.1777504370221237,0.24230300127555404,83,0.03682414604518702,-1.1978774780138677,0.23441572430349178,83,0.013585038219721013,-0.37176839464595557,0.7110242556030643,83,0.4102398902000134,>1000,low_corr,N_high
C_North_St_Lawrence_Seaway_Coast,north_america,50.23321914672852,-69.69526672363281,241012.71875,0,50.23321914672852,5.382039961816324,low,0.9622019502813508,0.6312616928722243,594.781243369518,1,C_East_Hudson_Bay_Coast,1,0.6910945275463078,3.882094555150745,0.8059744928121694,0.03298072657036,-1.1435791484544717,0.25612578124951946,83,0.033398057337090226,-1.1741233491578966,0.24374435114601722,83,0.03298072657036,-1.1435791484544717,0.25612578124951946,83,0.0410032718307245,-1.5309061993135984,0.1296415186220948,83,-1.990847873662376,300-600,low_corr,N_high
R_Saint_Lawrence_River,north_america,45.42601776123047,-81.75093078613281,1057761.375,0,45.42601776123047,6.0243877043632175,mid,0.999999885043227,0.6626981555306904,1200.7882277163321,2,R_Mississippi_River,0,0.945554817387275,3.4746282025889172,0.46271389072219815,0.0018250441316198796,-0.036322053386238944,0.9711138428794529,83,-0.0025029068392590226,0.04907759038572123,0.9609768053288307,83,0.0018250441316198796,-0.036322053386238944,0.9711138428794529,83,-0.1364349213669933,2.3024673885073823,0.023843648423120783,83,3.940576863563725,>1000,mid_corr,N_midlat
C_New_Brunswick_and_Nova_Scotia_Coast,north_america,46.55769729614258,-65.70494842529297,229353.171875,0,46.55769729614258,5.360504750651931,mid,0.7975353182155935,0.3054854248393114,771.8827124838153,2,C_Labrador_Sea_Coast,0,0.7438700981628744,-0.37983466304728425,0.5230576970258831,-0.03704967489553823,0.9746081965812644,0.33262103088350686,83,-0.03666289658889088,0.9629820983583119,0.338387759979517,83,-0.03704967489553823,0.9746081965812644,0.33262103088350686,83,-0.05643085490240618,1.674222527573322,0.09789722146365067,83,-2.411121358058422,600-1000,low_corr,N_midlat
C_US_North_Atlantic_Coast,north_america,41.448856353759766,-74.28205871582031,418173.34375,0,41.448856353759766,5.621356345480099,low,0.8968384593015493,0.5555957109664773,1246.867366529302,1,C_US_East_Gulf_of_Mexico_North_Atlantic_Coast,1,0.6987368383347937,2.387019471582288,0.3384865670705764,-0.01845538442629513,0.6311952447604674,0.5296684053753499,83,-0.01765661272798469,0.6151687633210136,0.5401467840204549,83,-0.01845538442629513,0.6311952447604674,0.5296684053753499,83,-0.010662164309726885,0.4412772582358053,0.6601736660241568,83,-3.5995347450559936,>1000,low_corr,N_midlat
C_US_East_Gulf_of_Mexico_North_Atlantic_Coast,north_america,32.509613037109375,-82.78253936767578,688364.1875,0,32.509613037109375,5.837818267850022,mid,0.958939313956334,0.8117637979870533,690.1338076778716,1,C_East_Mississippi_Delta,1,0.8829775914256762,1.2512708032554272,0.8313150412786985,0.042248647555764296,-1.5161158278120006,0.1333357432849481,83,0.04033880284126379,-1.4654314060907612,0.14662727736028805,83,0.042248647555764296,-1.5161158278120006,0.1333357432849481,83,0.025226520092851312,-0.988478833928058,0.32582602607589917,83,-1.7659084928644049,600-1000,high_corr,N_midlat
C_East_Mississippi_Delta,north_america,31.194225311279297,-89.92500305175781,44379.26953125,0,31.194225311279297,4.647180149604909,mid,0.9848292579407932,0.9158484616563729,232.97162722283315,1,C_West_Mississippi_Delta,1,0.8806879471640776,0.16347517135157155,0.9412185048923218,0.005913626743541345,-0.438760650922396,0.6619888702685938,83,0.007935098402144458,-0.596706834431936,0.552347046260747,83,0.005913626743541345,-0.438760650922396,0.6619888702685938,83,-0.00018547685684966453,0.0159326873278401,0.9873267949688537,83,-0.3403545464859935,<300km,high_corr,N_midlat
R_Mississippi_River,north_america,40.5298957824707,-96.48865509033205,3252721.75,0,40.5298957824707,6.512246913694365,low,0.9993779565806272,0.6620073237566141,1314.159752466563,1,R_Saint_Lawrence_River,1,0.9052283081072924,2.580811061917995,0.4741558803408294,0.009608722799232305,-0.17810999130566235,0.8590758757827527,83,0.0211242027913342,-0.3920575802536435,0.6960327960300634,83,0.009608722799232305,-0.17810999130566235,0.8590758757827527,83,-0.018498596162681347,0.3983061905930686,0.6914396912632237,83,-1.3132381671397628,>1000,mid_corr,N_midlat
C_West_Mississippi_Delta,north_america,30.164155960083008,-92.04647064208984,44192.92578125,0,30.164155960083008,4.645352754868237,mid,0.8477300853082793,0.9158484616563729,232.97162722283315,1,C_East_Mississippi_Delta,1,0.8771693119651651,-0.07389893244661161,0.9412185048923218,0.010824888121737208,-0.5351097794854842,0.5940221589650609,83,0.010415070889290723,-0.5124981887470041,0.6096801387245196,83,0.010824888121737208,-0.5351097794854842,0.5940221589650609,83,0.004287828749838574,-0.19831253823091757,0.8432913799112866,83,0.5719208708433973,<300km,high_corr,N_midlat
C_Texas_Gulf_Coast,north_america,30.991107940673828,-98.30638122558594,470307.78125,0,30.991107940673828,5.6723821642148895,mid,0.9855733283230398,0.7796401554993664,606.2019951245844,1,C_West_Mississippi_Delta,1,0.8822432847406791,7.265535721534784,0.8949598308283339,0.024256500765498012,-0.8252922035454638,0.4116002444051351,83,0.025175761198473756,-0.8777802041413345,0.3826276650120971,83,0.024256500765498012,-0.8252922035454638,0.4116002444051351,83,0.017364565282649735,-0.6640865107155034,0.508497973327247,83,-1.837116049946156,600-1000,high_corr,N_midlat
R_Rio_Grande_Rio_Bravo,north_america,29.54802131652832,-104.20513153076172,849694.25,0,29.54802131652832,5.929262679331422,low,0.9999999995110254,0.714126988343324,801.0389678078651,2,C_Central_American_Pacific_Coast,0,0.8549165244087298,0.9234874736530803,0.7017463011965097,-0.05945393732739768,1.2996544314017529,0.19736127415272223,83,-0.05735840309629192,1.2774130553355283,0.20506141527790378,83,-0.05945393732739768,1.2996544314017529,0.19736127415272223,83,-0.052764364370913475,1.2871079394067972,0.20167804631934821,83,-2.478934519465692,600-1000,mid_corr,N_midlat
C_Central_America_Gulf_of_Mexico_Caribbean_Coast,north_america,17.823068618774414,-91.68639373779295,920594.4375,0,17.823068618774414,5.964068346432001,low,0.9558123764348913,0.6483516913538873,1230.3988788442873,1,C_Central_American_Pacific_Coast,1,0.7611723031608408,7.602274216891892,0.6607034925623257,-0.014080887403273179,0.32459623047641045,0.7463133016716854,83,-0.016330362640221363,0.37553815984510003,0.7082299810337921,83,-0.014080887403273179,0.32459623047641045,0.7463133016716854,83,-0.04261866261258285,0.9624941523755081,0.33863121007133895,83,-0.8397337353322589,>1000,low_corr,tropics
C_Jamaica,north_america,18.0486068725586,-77.4200210571289,24300.6484375,0,18.0486068725586,4.385617862448963,sub_noise,0.3334529419946448,0.6125693652481802,607.6040127083808,1,C_Hispaniola,1,0.24519401554543663,4.927983282652966,0.6306021512254205,0.011380035944760447,-1.0202083713088965,0.3106302108309933,83,0.011186297406126866,-1.0024725024031025,0.3190645385065873,83,0.011380035944760447,-1.0202083713088965,0.3106302108309933,83,-0.0017502382405023553,0.2140770401615089,0.8310184156901854,83,,600-1000,low_corr,tropics
C_Cuba,north_america,21.59516906738281,-79.1902847290039,146156.640625,0,21.59516906738281,5.164818552305675,low,0.6013453511532181,0.5569714199129118,435.656138392297,1,C_Jamaica,1,0.4703579042714069,6.126847490862195,0.6218412063286598,0.014195702347370776,-0.7472850058735224,0.457029090925938,83,0.013892817181491157,-0.7410129529572662,0.4608023895835854,83,0.014195702347370776,-0.7472850058735224,0.457029090925938,83,-0.0029436623304335274,0.1824007968204473,0.8557183886906058,83,-2.012365142462515,300-600,low_corr,tropics
C_Hispaniola,north_america,18.862016677856445,-71.72332763671875,117991.921875,0,18.862016677856445,5.071852275058639,sub_noise,0.5839021319226068,0.6310956602719494,554.6107357750136,1,C_Puerto_Rico,1,0.7205871518445199,1.7914120746861648,0.8311819266466056,0.009495299345622876,-1.0946957871550187,0.27685502583275134,83,0.009641965794714658,-1.1281265057301346,0.26255645195983196,83,0.009495299345622876,-1.0946957871550187,0.27685502583275134,83,-0.0024569807328038706,0.32435773886219993,0.7464931733372749,83,-0.9093690670421462,300-600,low_corr,tropics
C_Puerto_Rico,north_america,18.2371883392334,-66.50350189208984,22803.220703125,0,18.2371883392334,4.3579961906325835,sub_noise,0.2584196797625732,0.6310956602719494,554.6107357750136,1,C_Hispaniola,1,0.6838244063414826,0.9687392432547469,0.8311819266466056,0.006107563100453128,-0.4106895854345855,0.6823713751731897,83,0.006434134790553991,-0.43325301581075837,0.6659685265803502,83,0.006107563100453128,-0.4106895854345855,0.6823713751731897,83,0.00013672643113438188,-0.011200761740710264,0.9910904782298395,83,,300-600,low_corr,tropics
E_Great_Basin_Great_Salt_Lake,north_america,39.221473693847656,-116.19094848632812,522788.59375,0,39.221473693847656,5.718326103534609,low,1.0000000421210118,0.8852331138736897,577.5329838574391,1,C_California_and_Baja_California,1,0.8994659054638892,2.727045888414003,0.7615824028600057,-0.02085438456557598,0.7967588896416292,0.42789196949480474,83,-0.014049035111845187,0.5310026388369381,0.5968523042104449,83,-0.02085438456557598,0.7967588896416292,0.42789196949480474,83,-0.0038003430787811876,0.1648888467737121,0.8694372772645586,83,-1.404742032687183,300-600,high_corr,N_midlat
C_Aleutians_South_Alaska_Coast,north_america,60.5840950012207,-152.5723114013672,573790.1875,1,60.5840950012207,5.758753117017261,glaciated,0.8731830216822309,0.5357814981866892,3171.5456220822043,3,C_Svalbard,0,0.9269007880865076,1.115429874060087,0.28682167476570475,-0.3951347582150946,3.361873829264087,0.001178003296123394,83,-0.3845132370434501,3.2269379359033215,0.0017990039278279316,83,-0.3951347582150946,3.361873829264087,0.001178003296123394,83,-0.3208771084326112,2.9378783866155334,0.004289601752625616,83,2.6922694449332494,>1000,low_corr,N_high
R_Yukon_River,north_america,64.30769348144531,-144.50045776367188,834606.0625,0,64.30769348144531,5.9214815350614485,sub_noise,0.9999999974556152,0.522987716206625,560.5358731597581,1,C_Beaufort_Sea_Coast,1,0.7033991921028692,4.835328078035742,0.7828455688493335,-0.07789882380357382,2.283104127284178,0.025012372677248703,83,-0.07583100770829998,2.25096187222219,0.027064131235457856,83,-0.07789882380357382,2.283104127284178,0.025012372677248703,83,-0.11386565034063167,3.555751923159939,0.0006290788685819007,83,-2.914685757170425,300-600,low_corr,N_high
C_Seward_Peninsula_Alaskan_North_Slope,north_america,67.73402404785156,-157.85121154785156,405072.3125,0,67.73402404785156,5.607532559304524,low,0.88230566041332,0.6510811305274978,806.9926138725165,2,C_Beaufort_Sea_Coast,0,0.8919500457655678,-0.6321627508799139,0.9393090053425557,-0.02445733374611825,1.27629002792038,0.20545603506485294,83,-0.02531217788539797,1.3133566726529087,0.19272594553601186,83,-0.02445733374611825,1.27629002792038,0.20545603506485294,83,-0.03103741594518339,1.8042347859317411,0.07486632070144496,83,0.2514917879225344,600-1000,low_corr,N_high
C_Beaufort_Sea_Coast,north_america,68.83226776123047,-138.88400268554688,40808.94140625,0,68.83226776123047,4.6107553292161265,low,0.9388261415908266,0.798656899861797,491.429579018812,1,C_East_Beaufort_Sea_Amundsen_Gulf_Coast,1,0.8419789586771096,-0.6122392106795258,0.919261882170207,0.015235850843202225,-0.8368000830451908,0.40513704804059986,83,0.017150169270530702,-0.9376451845642533,0.35118032532705656,83,0.015235850843202225,-0.8368000830451908,0.40513704804059986,83,0.020317405834851643,-1.1295738273112552,0.2619493673124026,83,-0.5776724033010485,300-600,high_corr,N_high
R_Mackenzie_River,north_america,60.67934799194336,-119.4447021484375,1796235.0,0,60.67934799194336,6.254363154450881,sub_noise,1.000000033976202,0.6516924324607947,1078.9886086656013,1,C_Churchill_Seal_Rivers,1,0.8705993338356786,4.607526760356752,0.5058461745535383,-0.0004343658587511179,0.013443215837676435,0.989306842663907,83,-0.0009410012418276104,0.030064367040946387,0.9760887724166578,83,-0.0004343658587511179,0.013443215837676435,0.989306842663907,83,-0.042850151362051836,1.3876510470148178,0.1690027635599109,83,0.0872267512133556,>1000,low_corr,N_high
C_East_Beaufort_Sea_Amundsen_Gulf_Coast,north_america,68.54082489013672,-126.73114776611328,159576.46875,0,68.54082489013672,5.202968850388917,sub_noise,0.9066440103045176,0.798656899861797,491.429579018812,1,C_Beaufort_Sea_Coast,1,0.7461969768682403,0.9512143170803615,0.919261882170207,-0.01095826160041935,0.9274920921536041,0.35639309029038174,83,-0.011680710009552397,0.9971057132771258,0.32164653821827316,83,-0.01095826160041935,0.9274920921536041,0.35639309029038174,83,-0.015889964166487802,1.487701087213967,0.1406652739738857,83,-1.8238290474459569,300-600,high_corr,N_high
C_Canadian_South_Arctic_Ocean_Coast,north_america,67.50762176513672,-99.69764709472656,668227.875,0,67.50762176513672,5.824924588192536,sub_noise,0.8093733293037862,0.7023721542220858,535.3895496221018,2,C_Victoria_Island,0,0.8318830719221484,-0.23942201360955995,0.8541888116248428,-0.02681472605199331,1.1972393548571196,0.23466291187708166,83,-0.025573530673171474,1.1626721013868466,0.24833512283037598,83,-0.02681472605199331,1.1972393548571196,0.23466291187708166,83,0.005901178461109047,-0.3329945256648895,0.7399883038898918,83,-3.1773840633425445,300-600,mid_corr,N_high
C_Northwest_Hudson_Bay_Coast,north_america,63.00089263916016,-97.51946258544922,518164.71875,0,63.00089263916016,5.714467839036101,sub_noise,0.9409666258094572,0.5870278784262715,511.1988586778074,1,C_Canadian_South_Arctic_Ocean_Coast,1,0.7607107064113756,4.623413558490247,0.7428974953834725,0.008734883638281343,-0.313246806273498,0.7548885361902978,83,0.010935198091910792,-0.38948568132104316,0.6979266118410481,83,0.008734883638281343,-0.313246806273498,0.7548885361902978,83,0.021663299902774935,-0.7272052720198948,0.4691713493506488,83,-3.1339779325892105,300-600,low_corr,N_high
C_Banks_Island,north_america,72.93749237060547,-121.17345428466795,86098.78125,1,72.93749237060547,4.934997003949056,glaciated,0.8364752622629978,0.6171119431529214,536.1039581842645,3,C_Melville_Prince_Patrick_Islands,0,0.9624648080116718,-1.814284110306734,0.9412185048923218,0.010536838908183244,-0.607402530450036,0.5452622047090983,83,0.01164717551408101,-0.6692828208406125,0.5051951714556365,83,0.010536838908183244,-0.607402530450036,0.5452622047090983,83,0.0075531894721848625,-0.44365929729009385,0.658457398558353,83,-2.410935118781004,300-600,low_corr,N_high
C_Victoria_Island,north_america,70.7026596069336,-109.69364166259766,350294.0,0,70.7026596069336,5.54443269858173,sub_noise,0.6352690724069525,0.7892497693075066,436.60133617314176,2,C_Prince_of_Wales_Island,0,0.9085512517870796,-0.7726137777496451,0.9167989949907472,0.044967448329551796,-2.0407502085419944,0.04449282992554049,83,0.04481888326051364,-2.0577315498928845,0.042792805878367986,83,0.044967448329551796,-2.0407502085419944,0.04449282992554049,83,0.0361918928334618,-1.8181831872757432,0.07268779023800975,83,-1.6652356383269855,300-600,high_corr,N_high
C_Prince_of_Wales_Island,north_america,72.47266387939453,-99.33260345458984,79544.0859375,0,72.47266387939453,4.9006078956081405,low,0.4616237950577925,0.8744426689217656,227.0404034062864,1,C_Somerset_Island,1,0.9405441977380695,-0.941770855481559,0.9412185048923218,0.01927277204988953,-1.1853667320664854,0.23929629499080032,83,0.020469032988301827,-1.258545558928361,0.2117660225590004,83,0.01927277204988953,-1.1853667320664854,0.23929629499080032,83,0.019755998231360317,-1.2161255140760263,0.22742637353835363,83,-1.5100724352728128,<300km,high_corr,N_high
C_Somerset_Island,north_america,73.13370513916016,-92.79403686523438,55200.7421875,0,73.13370513916016,4.741944916964142,low,0.5228889007267962,0.8744426689217656,227.0404034062864,1,C_Prince_of_Wales_Island,1,0.9193571733392621,-0.5017686219273225,0.9412185048923218,-0.009446018327598393,0.8364726545766888,0.40532008437794004,83,-0.008856186379240016,0.7990487733433572,0.4265705612804683,83,-0.009446018327598393,0.8364726545766888,0.40532008437794004,83,-0.0043033368951865825,0.4813045539843773,0.6315819698464001,83,-1.8455265639273943,<300km,high_corr,N_high
C_Southhampton_Coats_Islands,north_america,63.977989196777344,-83.69200897216797,80740.9296875,0,63.977989196777344,4.907093745765732,low,0.6192579375836414,0.4282397781837376,826.5091419429139,1,C_Canadian_South_Arctic_Ocean_Coast,1,0.37697808265813004,7.043536995076437,0.44961314883755216,0.04336978539324965,-2.0102008780524074,0.047697456522781526,83,0.04540145662653505,-2.118948915347133,0.03712046082490864,83,0.04336978539324965,-2.0102008780524074,0.047697456522781526,83,0.022946559936232402,-1.1331818014556434,0.26044029085837994,83,-2.6871344781046043,600-1000,low_corr,N_high
C_North_Baffin_Island_Coast,north_america,70.57732391357422,-76.80683135986328,279272.1875,0,70.57732391357422,5.446027686804772,mid,0.8121504773893439,0.7790544001277387,990.9215477635832,2,C_Ellesmere_Island,0,0.9746403724676564,-0.7170724136493922,0.7557971199927876,-0.0022908426181114105,0.07610599842551205,0.9395201468856773,83,-0.004054551109431204,0.13712872164202294,0.8912651909134021,83,-0.0022908426181114105,0.07610599842551205,0.9395201468856773,83,0.006329746638281009,-0.25050022307053477,0.8028271110607768,83,-2.16921627671541,600-1000,high_corr,N_high
C_South_Baffin_Island_Coast,north_america,66.51454162597656,-72.35203552246094,377717.78125,0,66.51454162597656,5.577167429934721,low,0.7966189124114954,0.6348089162021225,486.43363513534706,1,C_North_Baffin_Island_Coast,1,0.7475852257448242,1.9200347093799763,0.8452813559496863,0.04675997843427515,-2.0597072920385067,0.04259869124867452,83,0.046608724069359786,-2.076187765807856,0.041008842932090055,83,0.04675997843427515,-2.0597072920385067,0.04259869124867452,83,0.04892748462304253,-2.3241013860821744,0.022595156520213537,83,2.7937708243139148,300-600,low_corr,N_high
C_Melville_Prince_Patrick_Islands,north_america,76.13394927978516,-112.76529693603516,142082.484375,0,76.13394927978516,5.15254054233177,low,0.4384187455271299,0.6155463579388079,544.1766971207962,4,C_Banks_Island,0,0.9452242595068586,-1.1095166805577839,0.8642591200647797,-0.013995552852533066,0.5926724474428977,0.555031331306713,83,-0.014358993124133024,0.6085495444934047,0.5445051569522101,83,-0.013995552852533066,0.5926724474428977,0.555031331306713,83,-0.010666319172951466,0.5461384927933095,0.5864536040840912,83,-1.0482947934640423,300-600,low_corr,N_high
C_Ellef_Ringnes_Bathurst_Devon_Islands,north_america,75.89405822753906,-94.1245574951172,225847.578125,0,75.89405822753906,5.353815437768398,mid,0.4381912558951329,0.8684532904211896,515.5612763301215,1,C_Ellesmere_Island,1,0.9737612820357485,-0.5137724547225822,0.8486488984732962,0.011671363596489015,-0.399615491006403,0.6904787331913109,83,0.01269815475466185,-0.44219135269221366,0.6595148418267744,83,0.011671363596489015,-0.399615491006403,0.6904787331913109,83,0.003512784474431152,-0.16620256003162245,0.8684066680802509,83,4.495590759092482,300-600,high_corr,N_high
C_Ellesmere_Island,north_america,79.81450653076172,-82.18451690673828,332661.71875,0,79.81450653076172,5.522002827042,high,0.7526514185489707,0.8684532904211896,515.5612763301215,1,C_Ellef_Ringnes_Bathurst_Devon_Islands,1,0.936561204557578,3.4873393491823506,0.8486488984732958,0.04988791604353415,-1.3255490170030109,0.18867033024557894,83,0.053862464768392626,-1.4042992179103368,0.16400619004588737,83,0.04988791604353415,-1.3255490170030109,0.18867033024557894,83,-0.027563352330772117,0.6597994303969522,0.5112315197216722,83,5.501612545671158,300-600,high_corr,N_high
