target_date,sum,count,model,fold,horizon
2019-07-01,204.38033073765817,234,gbm_corr_top1_rand0,f1,1
2019-08-01,288.6982306387984,234,gbm_corr_top1_rand0,f1,1
2019-09-01,189.05760870905414,234,gbm_corr_top1_rand0,f1,1
2019-10-01,253.47747094306962,234,gbm_corr_top1_rand0,f1,1
2019-11-01,274.5181267414104,234,gbm_corr_top1_rand0,f1,1
2019-12-01,259.3017960139163,234,gbm_corr_top1_rand0,f1,1
2020-01-01,245.87382384463567,234,gbm_corr_top1_rand0,f1,1
2020-02-01,192.14460648868308,234,gbm_corr_top1_rand0,f1,1
2020-03-01,257.91147224318996,234,gbm_corr_top1_rand0,f1,1
2020-04-01,266.4164809271754,234,gbm_corr_top1_rand0,f1,1
2020-05-01,235.86311107113016,234,gbm_corr_top1_rand0,f1,1
2020-06-01,210.05974769899967,234,gbm_corr_top1_rand0,f1,1
2020-07-01,293.09433997880916,234,gbm_corr_top1_rand0,f1,1
2020-08-01,269.4513106071912,234,gbm_corr_top1_rand0,f1,1
2020-09-01,461.4136602122592,234,gbm_corr_top1_rand0,f1,1
2020-10-01,284.58466350079743,234,gbm_corr_top1_rand0,f1,1
2020-11-01,236.1799808971953,234,gbm_corr_top1_rand0,f1,1
2019-07-01,198.68762784488015,234,mlp_corr_top1_rand0,f1,1
2019-08-01,284.7460172065996,234,mlp_corr_top1_rand0,f1,1
2019-09-01,184.5618977109911,234,mlp_corr_top1_rand0,f1,1
2019-10-01,256.1749139368065,234,mlp_corr_top1_rand0,f1,1
2019-11-01,285.49768000531236,234,mlp_corr_top1_rand0,f1,1
2019-12-01,257.3800708862624,234,mlp_corr_top1_rand0,f1,1
2020-01-01,250.25914570589308,234,mlp_corr_top1_rand0,f1,1
2020-02-01,194.08168553523464,234,mlp_corr_top1_rand0,f1,1
2020-03-01,260.84861552840044,234,mlp_corr_top1_rand0,f1,1
2020-04-01,269.5505628173127,234,mlp_corr_top1_rand0,f1,1
2020-05-01,250.26828585409405,234,mlp_corr_top1_rand0,f1,1
2020-06-01,208.29600295978284,234,mlp_corr_top1_rand0,f1,1
2020-07-01,303.20937403955975,234,mlp_corr_top1_rand0,f1,1
2020-08-01,274.8202794164733,234,mlp_corr_top1_rand0,f1,1
2020-09-01,482.2391657395435,234,mlp_corr_top1_rand0,f1,1
2020-10-01,306.61338055439745,234,mlp_corr_top1_rand0,f1,1
2020-11-01,251.82943019764144,234,mlp_corr_top1_rand0,f1,1
2019-07-01,206.36206092898294,234,gbm_corr_top1_2hop_rand0,f1,1
2019-08-01,286.23568316858643,234,gbm_corr_top1_2hop_rand0,f1,1
2019-09-01,187.34607234853357,234,gbm_corr_top1_2hop_rand0,f1,1
2019-10-01,253.04960862087887,234,gbm_corr_top1_2hop_rand0,f1,1
2019-11-01,273.85131857019337,234,gbm_corr_top1_2hop_rand0,f1,1
2019-12-01,262.8804363201306,234,gbm_corr_top1_2hop_rand0,f1,1
2020-01-01,242.91641769702684,234,gbm_corr_top1_2hop_rand0,f1,1
2020-02-01,193.34249055967845,234,gbm_corr_top1_2hop_rand0,f1,1
2020-03-01,259.23482348113015,234,gbm_corr_top1_2hop_rand0,f1,1
2020-04-01,259.7726484880907,234,gbm_corr_top1_2hop_rand0,f1,1
2020-05-01,237.7917139099422,234,gbm_corr_top1_2hop_rand0,f1,1
2020-06-01,214.43488648675833,234,gbm_corr_top1_2hop_rand0,f1,1
2020-07-01,294.5782109789721,234,gbm_corr_top1_2hop_rand0,f1,1
2020-08-01,267.02060244604394,234,gbm_corr_top1_2hop_rand0,f1,1
2020-09-01,457.11755708120836,234,gbm_corr_top1_2hop_rand0,f1,1
2020-10-01,281.97839899734686,234,gbm_corr_top1_2hop_rand0,f1,1
2020-11-01,237.56042190498115,234,gbm_corr_top1_2hop_rand0,f1,1
2019-07-01,206.0779089706849,234,gbm_corr_top1_rand1,f1,1
2019-08-01,289.09329183676255,234,gbm_corr_top1_rand1,f1,1
2019-09-01,184.08932765779673,234,gbm_corr_top1_rand1,f1,1
2019-10-01,254.10037159049887,234,gbm_corr_top1_rand1,f1,1
2019-11-01,265.39815119762244,234,gbm_corr_top1_rand1,f1,1
2019-12-01,259.59234373688173,234,gbm_corr_top1_rand1,f1,1
2020-01-01,246.9933132295929,234,gbm_corr_top1_rand1,f1,1
2020-02-01,189.13438267205376,234,gbm_corr_top1_rand1,f1,1
2020-03-01,253.9599825011186,234,gbm_corr_top1_rand1,f1,1
2020-04-01,256.91438872633614,234,gbm_corr_top1_rand1,f1,1
2020-05-01,232.49253534617932,234,gbm_corr_top1_rand1,f1,1
2020-06-01,207.55169125959475,234,gbm_corr_top1_rand1,f1,1
2020-07-01,299.7991279178857,234,gbm_corr_top1_rand1,f1,1
2020-08-01,262.45332781288437,234,gbm_corr_top1_rand1,f1,1
2020-09-01,452.2616556957425,234,gbm_corr_top1_rand1,f1,1
2020-10-01,277.0883574362676,234,gbm_corr_top1_rand1,f1,1
2020-11-01,246.03445660564932,234,gbm_corr_top1_rand1,f1,1
2019-07-01,201.4095734798124,234,mlp_corr_top1_rand1,f1,1
2019-08-01,286.9205671387414,234,mlp_corr_top1_rand1,f1,1
2019-09-01,180.65753915601834,234,mlp_corr_top1_rand1,f1,1
2019-10-01,253.99963671965034,234,mlp_corr_top1_rand1,f1,1
2019-11-01,276.39721462668365,234,mlp_corr_top1_rand1,f1,1
2019-12-01,250.69254170461426,234,mlp_corr_top1_rand1,f1,1
2020-01-01,244.31012101414458,234,mlp_corr_top1_rand1,f1,1
2020-02-01,186.05484748380775,234,mlp_corr_top1_rand1,f1,1
2020-03-01,252.64232885791841,234,mlp_corr_top1_rand1,f1,1
2020-04-01,252.78297609552934,234,mlp_corr_top1_rand1,f1,1
2020-05-01,235.61108118890644,234,mlp_corr_top1_rand1,f1,1
2020-06-01,205.58419310289295,234,mlp_corr_top1_rand1,f1,1
2020-07-01,301.8172184048843,234,mlp_corr_top1_rand1,f1,1
2020-08-01,263.99177238530973,234,mlp_corr_top1_rand1,f1,1
2020-09-01,457.62434050880734,234,mlp_corr_top1_rand1,f1,1
2020-10-01,285.00507788793766,234,mlp_corr_top1_rand1,f1,1
2020-11-01,240.06544071367134,234,mlp_corr_top1_rand1,f1,1
2019-07-01,205.87176513582855,234,gbm_corr_top1_2hop_rand1,f1,1
2019-08-01,288.89730766563525,234,gbm_corr_top1_2hop_rand1,f1,1
2019-09-01,182.1539051207089,234,gbm_corr_top1_2hop_rand1,f1,1
2019-10-01,255.2305375000154,234,gbm_corr_top1_2hop_rand1,f1,1
2019-11-01,259.22652414325063,234,gbm_corr_top1_2hop_rand1,f1,1
2019-12-01,260.10327543268295,234,gbm_corr_top1_2hop_rand1,f1,1
2020-01-01,246.42038017625433,234,gbm_corr_top1_2hop_rand1,f1,1
2020-02-01,189.48086385246356,234,gbm_corr_top1_2hop_rand1,f1,1
2020-03-01,251.05505844652393,234,gbm_corr_top1_2hop_rand1,f1,1
2020-04-01,258.5482012782387,234,gbm_corr_top1_2hop_rand1,f1,1
2020-05-01,230.8685682504086,234,gbm_corr_top1_2hop_rand1,f1,1
2020-06-01,208.32874689011896,234,gbm_corr_top1_2hop_rand1,f1,1
2020-07-01,305.59666433039064,234,gbm_corr_top1_2hop_rand1,f1,1
2020-08-01,267.6981386825584,234,gbm_corr_top1_2hop_rand1,f1,1
2020-09-01,452.5668916396782,234,gbm_corr_top1_2hop_rand1,f1,1
2020-10-01,279.1714932277386,234,gbm_corr_top1_2hop_rand1,f1,1
2020-11-01,244.63918310694106,234,gbm_corr_top1_2hop_rand1,f1,1
2019-07-01,204.29570508923103,234,gbm_corr_top1_rand2,f1,1
2019-08-01,290.52431677176946,234,gbm_corr_top1_rand2,f1,1
2019-09-01,186.2175959003034,234,gbm_corr_top1_rand2,f1,1
2019-10-01,253.62199731589578,234,gbm_corr_top1_rand2,f1,1
2019-11-01,270.6123027405707,234,gbm_corr_top1_rand2,f1,1
2019-12-01,258.51609928696683,234,gbm_corr_top1_rand2,f1,1
2020-01-01,245.19476887503598,234,gbm_corr_top1_rand2,f1,1
2020-02-01,189.2173772210867,234,gbm_corr_top1_rand2,f1,1
2020-03-01,253.22983058968572,234,gbm_corr_top1_rand2,f1,1
2020-04-01,259.49747348729375,234,gbm_corr_top1_rand2,f1,1
2020-05-01,228.3976154339856,234,gbm_corr_top1_rand2,f1,1
2020-06-01,214.41417211875915,234,gbm_corr_top1_rand2,f1,1
2020-07-01,298.08813379964704,234,gbm_corr_top1_rand2,f1,1
2020-08-01,269.13287252869566,234,gbm_corr_top1_rand2,f1,1
2020-09-01,456.305803804208,234,gbm_corr_top1_rand2,f1,1
2020-10-01,287.09332568114144,234,gbm_corr_top1_rand2,f1,1
2020-11-01,245.09208943392096,234,gbm_corr_top1_rand2,f1,1
2019-07-01,201.15534255902725,234,mlp_corr_top1_rand2,f1,1
2019-08-01,287.3376730483204,234,mlp_corr_top1_rand2,f1,1
2019-09-01,185.1041092329575,234,mlp_corr_top1_rand2,f1,1
2019-10-01,252.06591235977953,234,mlp_corr_top1_rand2,f1,1
2019-11-01,278.4913457386189,234,mlp_corr_top1_rand2,f1,1
2019-12-01,254.4685594806651,234,mlp_corr_top1_rand2,f1,1
2020-01-01,247.05252809379354,234,mlp_corr_top1_rand2,f1,1
2020-02-01,187.4109638955184,234,mlp_corr_top1_rand2,f1,1
2020-03-01,255.33589376650966,234,mlp_corr_top1_rand2,f1,1
2020-04-01,259.40625682227414,234,mlp_corr_top1_rand2,f1,1
2020-05-01,237.09139253020157,234,mlp_corr_top1_rand2,f1,1
2020-06-01,207.36174658958495,234,mlp_corr_top1_rand2,f1,1
2020-07-01,301.8697769727763,234,mlp_corr_top1_rand2,f1,1
2020-08-01,270.21070928870546,234,mlp_corr_top1_rand2,f1,1
2020-09-01,464.92322732472684,234,mlp_corr_top1_rand2,f1,1
2020-10-01,293.4469327826296,234,mlp_corr_top1_rand2,f1,1
2020-11-01,246.038542988253,234,mlp_corr_top1_rand2,f1,1
2019-07-01,203.49199450053428,234,gbm_corr_top1_2hop_rand2,f1,1
2019-08-01,289.93504455802116,234,gbm_corr_top1_2hop_rand2,f1,1
2019-09-01,185.9063340956309,234,gbm_corr_top1_2hop_rand2,f1,1
2019-10-01,250.24735517502393,234,gbm_corr_top1_2hop_rand2,f1,1
2019-11-01,263.8659975635381,234,gbm_corr_top1_2hop_rand2,f1,1
2019-12-01,255.89691764863454,234,gbm_corr_top1_2hop_rand2,f1,1
2020-01-01,244.20848004185746,234,gbm_corr_top1_2hop_rand2,f1,1
2020-02-01,188.53267930698433,234,gbm_corr_top1_2hop_rand2,f1,1
2020-03-01,255.1834927286292,234,gbm_corr_top1_2hop_rand2,f1,1
2020-04-01,258.32456655901115,234,gbm_corr_top1_2hop_rand2,f1,1
2020-05-01,230.53643516105734,234,gbm_corr_top1_2hop_rand2,f1,1
2020-06-01,212.99692181216022,234,gbm_corr_top1_2hop_rand2,f1,1
2020-07-01,297.84799357294594,234,gbm_corr_top1_2hop_rand2,f1,1
2020-08-01,268.8667864195758,234,gbm_corr_top1_2hop_rand2,f1,1
2020-09-01,454.79150884968664,234,gbm_corr_top1_2hop_rand2,f1,1
2020-10-01,283.5869604119783,234,gbm_corr_top1_2hop_rand2,f1,1
2020-11-01,245.11356440934415,234,gbm_corr_top1_2hop_rand2,f1,1
2019-07-01,205.49527964344742,234,gbm_corr_top1_rand3,f1,1
2019-08-01,290.9023265401207,234,gbm_corr_top1_rand3,f1,1
2019-09-01,182.14377732478496,234,gbm_corr_top1_rand3,f1,1
2019-10-01,250.50196572819644,234,gbm_corr_top1_rand3,f1,1
2019-11-01,267.41598628123234,234,gbm_corr_top1_rand3,f1,1
2019-12-01,256.17612984148894,234,gbm_corr_top1_rand3,f1,1
2020-01-01,243.5616744916594,234,gbm_corr_top1_rand3,f1,1
2020-02-01,183.9717073522503,234,gbm_corr_top1_rand3,f1,1
2020-03-01,256.1585580146459,234,gbm_corr_top1_rand3,f1,1
2020-04-01,262.8227606190828,234,gbm_corr_top1_rand3,f1,1
2020-05-01,233.8363960171582,234,gbm_corr_top1_rand3,f1,1
2020-06-01,207.13991666837987,234,gbm_corr_top1_rand3,f1,1
2020-07-01,294.34653924982956,234,gbm_corr_top1_rand3,f1,1
2020-08-01,268.01749478835376,234,gbm_corr_top1_rand3,f1,1
2020-09-01,460.86759757285733,234,gbm_corr_top1_rand3,f1,1
2020-10-01,282.8627719133288,234,gbm_corr_top1_rand3,f1,1
2020-11-01,237.62723150240146,234,gbm_corr_top1_rand3,f1,1
2019-07-01,202.22391162282403,234,mlp_corr_top1_rand3,f1,1
2019-08-01,285.8240290753838,234,mlp_corr_top1_rand3,f1,1
2019-09-01,184.44644132045033,234,mlp_corr_top1_rand3,f1,1
2019-10-01,253.53618075591723,234,mlp_corr_top1_rand3,f1,1
2019-11-01,278.0213375875225,234,mlp_corr_top1_rand3,f1,1
2019-12-01,257.8901373975734,234,mlp_corr_top1_rand3,f1,1
2020-01-01,247.0798152142024,234,mlp_corr_top1_rand3,f1,1
2020-02-01,188.4580768977421,234,mlp_corr_top1_rand3,f1,1
2020-03-01,255.2857810371986,234,mlp_corr_top1_rand3,f1,1
2020-04-01,261.3308579105929,234,mlp_corr_top1_rand3,f1,1
2020-05-01,241.88523093444138,234,mlp_corr_top1_rand3,f1,1
2020-06-01,206.254166108102,234,mlp_corr_top1_rand3,f1,1
2020-07-01,300.19296812168227,234,mlp_corr_top1_rand3,f1,1
2020-08-01,270.0021325562495,234,mlp_corr_top1_rand3,f1,1
2020-09-01,467.05388580659076,234,mlp_corr_top1_rand3,f1,1
2020-10-01,288.04924453295826,234,mlp_corr_top1_rand3,f1,1
2020-11-01,242.90480148214235,234,mlp_corr_top1_rand3,f1,1
2019-07-01,207.45115681347824,234,gbm_corr_top1_2hop_rand3,f1,1
2019-08-01,286.1850885888944,234,gbm_corr_top1_2hop_rand3,f1,1
2019-09-01,184.20800641346187,234,gbm_corr_top1_2hop_rand3,f1,1
2019-10-01,252.04369785843255,234,gbm_corr_top1_2hop_rand3,f1,1
2019-11-01,263.5477930943279,234,gbm_corr_top1_2hop_rand3,f1,1
2019-12-01,261.6537526232879,234,gbm_corr_top1_2hop_rand3,f1,1
2020-01-01,244.08828260784935,234,gbm_corr_top1_2hop_rand3,f1,1
2020-02-01,184.92600235116916,234,gbm_corr_top1_2hop_rand3,f1,1
2020-03-01,253.6909432526778,234,gbm_corr_top1_2hop_rand3,f1,1
2020-04-01,261.88162043234837,234,gbm_corr_top1_2hop_rand3,f1,1
2020-05-01,234.64988672075484,234,gbm_corr_top1_2hop_rand3,f1,1
2020-06-01,207.15531758877876,234,gbm_corr_top1_2hop_rand3,f1,1
2020-07-01,295.46910128731537,234,gbm_corr_top1_2hop_rand3,f1,1
2020-08-01,265.09080830498095,234,gbm_corr_top1_2hop_rand3,f1,1
2020-09-01,456.35127913079015,234,gbm_corr_top1_2hop_rand3,f1,1
2020-10-01,286.44948974693153,234,gbm_corr_top1_2hop_rand3,f1,1
2020-11-01,234.34913613634842,234,gbm_corr_top1_2hop_rand3,f1,1
2019-07-01,203.13799585088987,234,gbm_corr_top1_rand4,f1,1
2019-08-01,289.1128235230742,234,gbm_corr_top1_rand4,f1,1
2019-09-01,185.08547810654687,234,gbm_corr_top1_rand4,f1,1
2019-10-01,252.9909556948551,234,gbm_corr_top1_rand4,f1,1
2019-11-01,264.5964799590754,234,gbm_corr_top1_rand4,f1,1
2019-12-01,258.663159404767,234,gbm_corr_top1_rand4,f1,1
2020-01-01,249.27635597527697,234,gbm_corr_top1_rand4,f1,1
2020-02-01,190.7754858733979,234,gbm_corr_top1_rand4,f1,1
2020-03-01,253.89605754736695,234,gbm_corr_top1_rand4,f1,1
2020-04-01,263.8916728295921,234,gbm_corr_top1_rand4,f1,1
2020-05-01,245.7164154093403,234,gbm_corr_top1_rand4,f1,1
2020-06-01,209.32136142804632,234,gbm_corr_top1_rand4,f1,1
2020-07-01,296.80757921418757,234,gbm_corr_top1_rand4,f1,1
2020-08-01,274.96518992507197,234,gbm_corr_top1_rand4,f1,1
2020-09-01,466.9879397673329,234,gbm_corr_top1_rand4,f1,1
2020-10-01,285.7369771477182,234,gbm_corr_top1_rand4,f1,1
2020-11-01,241.83156176011218,234,gbm_corr_top1_rand4,f1,1
2019-07-01,201.05428537880158,234,mlp_corr_top1_rand4,f1,1
2019-08-01,286.49561909120814,234,mlp_corr_top1_rand4,f1,1
2019-09-01,182.77622319897162,234,mlp_corr_top1_rand4,f1,1
2019-10-01,252.57804588262772,234,mlp_corr_top1_rand4,f1,1
2019-11-01,273.59876752732555,234,mlp_corr_top1_rand4,f1,1
2019-12-01,254.86074139657518,234,mlp_corr_top1_rand4,f1,1
2020-01-01,242.8747434979896,234,mlp_corr_top1_rand4,f1,1
2020-02-01,187.29197547955192,234,mlp_corr_top1_rand4,f1,1
2020-03-01,251.5511071187577,234,mlp_corr_top1_rand4,f1,1
2020-04-01,256.70630685104953,234,mlp_corr_top1_rand4,f1,1
2020-05-01,235.08486991930627,234,mlp_corr_top1_rand4,f1,1
2020-06-01,207.80650043320296,234,mlp_corr_top1_rand4,f1,1
2020-07-01,300.7611153971008,234,mlp_corr_top1_rand4,f1,1
2020-08-01,267.15018847915036,234,mlp_corr_top1_rand4,f1,1
2020-09-01,460.8892368983673,234,mlp_corr_top1_rand4,f1,1
2020-10-01,285.8628458033873,234,mlp_corr_top1_rand4,f1,1
2020-11-01,240.72843338208088,234,mlp_corr_top1_rand4,f1,1
2019-07-01,207.71214520371677,234,gbm_corr_top1_2hop_rand4,f1,1
2019-08-01,286.16393411641576,234,gbm_corr_top1_2hop_rand4,f1,1
2019-09-01,185.45967285844085,234,gbm_corr_top1_2hop_rand4,f1,1
2019-10-01,253.40468235672498,234,gbm_corr_top1_2hop_rand4,f1,1
2019-11-01,257.55604802812627,234,gbm_corr_top1_2hop_rand4,f1,1
2019-12-01,259.2781762845448,234,gbm_corr_top1_2hop_rand4,f1,1
2020-01-01,252.6754864248967,234,gbm_corr_top1_2hop_rand4,f1,1
2020-02-01,190.9232333298268,234,gbm_corr_top1_2hop_rand4,f1,1
2020-03-01,255.61582365130894,234,gbm_corr_top1_2hop_rand4,f1,1
2020-04-01,268.0990306035409,234,gbm_corr_top1_2hop_rand4,f1,1
2020-05-01,249.34617352724663,234,gbm_corr_top1_2hop_rand4,f1,1
2020-06-01,210.68460796878722,234,gbm_corr_top1_2hop_rand4,f1,1
2020-07-01,301.2790676506276,234,gbm_corr_top1_2hop_rand4,f1,1
2020-08-01,271.1463137399832,234,gbm_corr_top1_2hop_rand4,f1,1
2020-09-01,468.6972440559274,234,gbm_corr_top1_2hop_rand4,f1,1
2020-10-01,299.7578059847064,234,gbm_corr_top1_2hop_rand4,f1,1
2020-11-01,237.45881881154807,234,gbm_corr_top1_2hop_rand4,f1,1
2019-07-01,204.05637631208276,234,gbm_corr_top1_rand5,f1,1
2019-08-01,289.91621967812614,234,gbm_corr_top1_rand5,f1,1
2019-09-01,183.53402596298062,234,gbm_corr_top1_rand5,f1,1
2019-10-01,257.0067827660936,234,gbm_corr_top1_rand5,f1,1
2019-11-01,263.10850600263933,234,gbm_corr_top1_rand5,f1,1
2019-12-01,261.5035347406237,234,gbm_corr_top1_rand5,f1,1
2020-01-01,248.9203278630617,234,gbm_corr_top1_rand5,f1,1
2020-02-01,188.87906869782498,234,gbm_corr_top1_rand5,f1,1
2020-03-01,255.80744937118658,234,gbm_corr_top1_rand5,f1,1
2020-04-01,255.37800616252545,234,gbm_corr_top1_rand5,f1,1
2020-05-01,231.97830680129348,234,gbm_corr_top1_rand5,f1,1
2020-06-01,207.33790545341017,234,gbm_corr_top1_rand5,f1,1
2020-07-01,301.1021774960727,234,gbm_corr_top1_rand5,f1,1
2020-08-01,273.4538674079807,234,gbm_corr_top1_rand5,f1,1
2020-09-01,462.52768021678156,234,gbm_corr_top1_rand5,f1,1
2020-10-01,276.518951361471,234,gbm_corr_top1_rand5,f1,1
2020-11-01,236.4387492021356,234,gbm_corr_top1_rand5,f1,1
2019-07-01,202.82136037856304,234,mlp_corr_top1_rand5,f1,1
2019-08-01,288.62712273105336,234,mlp_corr_top1_rand5,f1,1
2019-09-01,181.25179882531685,234,mlp_corr_top1_rand5,f1,1
2019-10-01,249.12393491587332,234,mlp_corr_top1_rand5,f1,1
2019-11-01,272.0026199770836,234,mlp_corr_top1_rand5,f1,1
2019-12-01,252.9111676084067,234,mlp_corr_top1_rand5,f1,1
2020-01-01,243.93078396499416,234,mlp_corr_top1_rand5,f1,1
2020-02-01,185.18004052428958,234,mlp_corr_top1_rand5,f1,1
2020-03-01,249.78169502184335,234,mlp_corr_top1_rand5,f1,1
2020-04-01,251.2887270837774,234,mlp_corr_top1_rand5,f1,1
2020-05-01,229.26639922399238,234,mlp_corr_top1_rand5,f1,1
2020-06-01,208.39719111927954,234,mlp_corr_top1_rand5,f1,1
2020-07-01,303.06368865999883,234,mlp_corr_top1_rand5,f1,1
2020-08-01,269.28163340428614,234,mlp_corr_top1_rand5,f1,1
2020-09-01,448.2138467426169,234,mlp_corr_top1_rand5,f1,1
2020-10-01,282.3910377980719,234,mlp_corr_top1_rand5,f1,1
2020-11-01,235.8139900951582,234,mlp_corr_top1_rand5,f1,1
2019-07-01,203.036417890134,234,gbm_corr_top1_2hop_rand5,f1,1
2019-08-01,288.6210797274677,234,gbm_corr_top1_2hop_rand5,f1,1
2019-09-01,182.15480921309643,234,gbm_corr_top1_2hop_rand5,f1,1
2019-10-01,256.9835234336259,234,gbm_corr_top1_2hop_rand5,f1,1
2019-11-01,261.05945315286016,234,gbm_corr_top1_2hop_rand5,f1,1
2019-12-01,263.46545025723117,234,gbm_corr_top1_2hop_rand5,f1,1
2020-01-01,252.89260833253425,234,gbm_corr_top1_2hop_rand5,f1,1
2020-02-01,191.96678231619057,234,gbm_corr_top1_2hop_rand5,f1,1
2020-03-01,258.6870578128217,234,gbm_corr_top1_2hop_rand5,f1,1
2020-04-01,258.1619901729257,234,gbm_corr_top1_2hop_rand5,f1,1
2020-05-01,234.736325689314,234,gbm_corr_top1_2hop_rand5,f1,1
2020-06-01,208.24824479071884,234,gbm_corr_top1_2hop_rand5,f1,1
2020-07-01,302.83741023441956,234,gbm_corr_top1_2hop_rand5,f1,1
2020-08-01,273.87460212768707,234,gbm_corr_top1_2hop_rand5,f1,1
2020-09-01,466.3391980273673,234,gbm_corr_top1_2hop_rand5,f1,1
2020-10-01,278.86044619667894,234,gbm_corr_top1_2hop_rand5,f1,1
2020-11-01,235.19350408209823,234,gbm_corr_top1_2hop_rand5,f1,1
2019-07-01,203.55205854620328,234,gbm_corr_top1_rand6,f1,1
2019-08-01,289.3741249691032,234,gbm_corr_top1_rand6,f1,1
2019-09-01,185.64480911191103,234,gbm_corr_top1_rand6,f1,1
2019-10-01,251.39796683962692,234,gbm_corr_top1_rand6,f1,1
2019-11-01,274.4238781415568,234,gbm_corr_top1_rand6,f1,1
2019-12-01,261.02248366329144,234,gbm_corr_top1_rand6,f1,1
2020-01-01,249.1412160974599,234,gbm_corr_top1_rand6,f1,1
2020-02-01,191.25006814522754,234,gbm_corr_top1_rand6,f1,1
2020-03-01,257.8341331068054,234,gbm_corr_top1_rand6,f1,1
2020-04-01,261.4305521385855,234,gbm_corr_top1_rand6,f1,1
2020-05-01,241.84678772234938,234,gbm_corr_top1_rand6,f1,1
2020-06-01,211.6445460090674,234,gbm_corr_top1_rand6,f1,1
2020-07-01,298.3711357756041,234,gbm_corr_top1_rand6,f1,1
2020-08-01,271.686737017819,234,gbm_corr_top1_rand6,f1,1
2020-09-01,470.9936638609988,234,gbm_corr_top1_rand6,f1,1
2020-10-01,295.1060181972087,234,gbm_corr_top1_rand6,f1,1
2020-11-01,236.4720628166293,234,gbm_corr_top1_rand6,f1,1
2019-07-01,203.29736909862197,234,mlp_corr_top1_rand6,f1,1
2019-08-01,286.3501648620286,234,mlp_corr_top1_rand6,f1,1
2019-09-01,186.77468351705846,234,mlp_corr_top1_rand6,f1,1
2019-10-01,254.00270217845147,234,mlp_corr_top1_rand6,f1,1
2019-11-01,286.652638853236,234,mlp_corr_top1_rand6,f1,1
2019-12-01,261.30463013044016,234,mlp_corr_top1_rand6,f1,1
2020-01-01,253.6229239726054,234,mlp_corr_top1_rand6,f1,1
2020-02-01,196.10326471730986,234,mlp_corr_top1_rand6,f1,1
2020-03-01,268.9229335262,234,mlp_corr_top1_rand6,f1,1
2020-04-01,277.4866777575467,234,mlp_corr_top1_rand6,f1,1
2020-05-01,261.9208121361672,234,mlp_corr_top1_rand6,f1,1
2020-06-01,211.84446188551124,234,mlp_corr_top1_rand6,f1,1
2020-07-01,310.7712749596521,234,mlp_corr_top1_rand6,f1,1
2020-08-01,289.67017513004396,234,mlp_corr_top1_rand6,f1,1
2020-09-01,500.2363175041518,234,mlp_corr_top1_rand6,f1,1
2020-10-01,315.81635374826874,234,mlp_corr_top1_rand6,f1,1
2020-11-01,256.39665874108846,234,mlp_corr_top1_rand6,f1,1
2019-07-01,202.3785231122905,234,gbm_corr_top1_2hop_rand6,f1,1
2019-08-01,289.9631795077725,234,gbm_corr_top1_2hop_rand6,f1,1
2019-09-01,185.7973921407099,234,gbm_corr_top1_2hop_rand6,f1,1
2019-10-01,255.47522292663604,234,gbm_corr_top1_2hop_rand6,f1,1
2019-11-01,275.59525614468083,234,gbm_corr_top1_2hop_rand6,f1,1
2019-12-01,260.6998726198627,234,gbm_corr_top1_2hop_rand6,f1,1
2020-01-01,251.74777808561265,234,gbm_corr_top1_2hop_rand6,f1,1
2020-02-01,193.45470336909747,234,gbm_corr_top1_2hop_rand6,f1,1
2020-03-01,258.91040540999677,234,gbm_corr_top1_2hop_rand6,f1,1
2020-04-01,261.56857107814034,234,gbm_corr_top1_2hop_rand6,f1,1
2020-05-01,242.59585792608053,234,gbm_corr_top1_2hop_rand6,f1,1
2020-06-01,212.67227256867832,234,gbm_corr_top1_2hop_rand6,f1,1
2020-07-01,299.8809713271949,234,gbm_corr_top1_2hop_rand6,f1,1
2020-08-01,270.88891857464256,234,gbm_corr_top1_2hop_rand6,f1,1
2020-09-01,470.7847634923136,234,gbm_corr_top1_2hop_rand6,f1,1
2020-10-01,294.2999389580917,234,gbm_corr_top1_2hop_rand6,f1,1
2020-11-01,237.9634700456904,234,gbm_corr_top1_2hop_rand6,f1,1
2019-07-01,203.56597491689467,234,gbm_corr_top1_rand7,f1,1
2019-08-01,286.465941334666,234,gbm_corr_top1_rand7,f1,1
2019-09-01,182.9327526919819,234,gbm_corr_top1_rand7,f1,1
2019-10-01,253.57551396776796,234,gbm_corr_top1_rand7,f1,1
2019-11-01,265.93654751572683,234,gbm_corr_top1_rand7,f1,1
2019-12-01,266.59752901612643,234,gbm_corr_top1_rand7,f1,1
2020-01-01,249.78186750812912,234,gbm_corr_top1_rand7,f1,1
2020-02-01,186.78647073882456,234,gbm_corr_top1_rand7,f1,1
2020-03-01,255.6991769627792,234,gbm_corr_top1_rand7,f1,1
2020-04-01,256.4982437936011,234,gbm_corr_top1_rand7,f1,1
2020-05-01,237.47237317815674,234,gbm_corr_top1_rand7,f1,1
2020-06-01,205.04961402652313,234,gbm_corr_top1_rand7,f1,1
2020-07-01,300.17441196563374,234,gbm_corr_top1_rand7,f1,1
2020-08-01,269.54335024671207,234,gbm_corr_top1_rand7,f1,1
2020-09-01,463.2173957899402,234,gbm_corr_top1_rand7,f1,1
2020-10-01,285.6599993720882,234,gbm_corr_top1_rand7,f1,1
2020-11-01,238.35840508761044,234,gbm_corr_top1_rand7,f1,1
2019-07-01,197.80480457625842,234,mlp_corr_top1_rand7,f1,1
2019-08-01,286.9521714974531,234,mlp_corr_top1_rand7,f1,1
2019-09-01,181.11992317649856,234,mlp_corr_top1_rand7,f1,1
2019-10-01,254.23817389054963,234,mlp_corr_top1_rand7,f1,1
2019-11-01,284.79181812191973,234,mlp_corr_top1_rand7,f1,1
2019-12-01,257.12619839447905,234,mlp_corr_top1_rand7,f1,1
2020-01-01,246.99429142358454,234,mlp_corr_top1_rand7,f1,1
2020-02-01,197.67021661301715,234,mlp_corr_top1_rand7,f1,1
2020-03-01,262.61571603078363,234,mlp_corr_top1_rand7,f1,1
2020-04-01,275.10209391347706,234,mlp_corr_top1_rand7,f1,1
2020-05-01,252.04896341429412,234,mlp_corr_top1_rand7,f1,1
2020-06-01,205.1986673977354,234,mlp_corr_top1_rand7,f1,1
2020-07-01,310.54381084767624,234,mlp_corr_top1_rand7,f1,1
2020-08-01,276.5431051045329,234,mlp_corr_top1_rand7,f1,1
2020-09-01,486.4168537432336,234,mlp_corr_top1_rand7,f1,1
2020-10-01,306.7700172354539,234,mlp_corr_top1_rand7,f1,1
2020-11-01,250.97770974575045,234,mlp_corr_top1_rand7,f1,1
2019-07-01,201.81271910780174,234,gbm_corr_top1_2hop_rand7,f1,1
2019-08-01,286.79553759046007,234,gbm_corr_top1_2hop_rand7,f1,1
2019-09-01,182.28200779340744,234,gbm_corr_top1_2hop_rand7,f1,1
2019-10-01,256.8495816024208,234,gbm_corr_top1_2hop_rand7,f1,1
2019-11-01,269.17201412459127,234,gbm_corr_top1_2hop_rand7,f1,1
2019-12-01,266.1136796861316,234,gbm_corr_top1_2hop_rand7,f1,1
2020-01-01,249.01704166217957,234,gbm_corr_top1_2hop_rand7,f1,1
2020-02-01,187.88129205927947,234,gbm_corr_top1_2hop_rand7,f1,1
2020-03-01,257.20608507894764,234,gbm_corr_top1_2hop_rand7,f1,1
2020-04-01,259.7669797871914,234,gbm_corr_top1_2hop_rand7,f1,1
2020-05-01,237.50199182744544,234,gbm_corr_top1_2hop_rand7,f1,1
2020-06-01,206.3568931091293,234,gbm_corr_top1_2hop_rand7,f1,1
2020-07-01,298.64834651243837,234,gbm_corr_top1_2hop_rand7,f1,1
2020-08-01,268.80282008222326,234,gbm_corr_top1_2hop_rand7,f1,1
2020-09-01,462.22020906880476,234,gbm_corr_top1_2hop_rand7,f1,1
2020-10-01,286.4527440490541,234,gbm_corr_top1_2hop_rand7,f1,1
2020-11-01,240.17818218967705,234,gbm_corr_top1_2hop_rand7,f1,1
2019-07-01,203.83689036549657,234,gbm_corr_top1_rand8,f1,1
2019-08-01,288.0522102320151,234,gbm_corr_top1_rand8,f1,1
2019-09-01,185.34822813085194,234,gbm_corr_top1_rand8,f1,1
2019-10-01,255.81696917854882,234,gbm_corr_top1_rand8,f1,1
2019-11-01,273.9762294305411,234,gbm_corr_top1_rand8,f1,1
2019-12-01,259.4516041841533,234,gbm_corr_top1_rand8,f1,1
2020-01-01,249.65625450407848,234,gbm_corr_top1_rand8,f1,1
2020-02-01,188.17895918434775,234,gbm_corr_top1_rand8,f1,1
2020-03-01,254.0201612272522,234,gbm_corr_top1_rand8,f1,1
2020-04-01,256.96947060389977,234,gbm_corr_top1_rand8,f1,1
2020-05-01,239.12523945300185,234,gbm_corr_top1_rand8,f1,1
2020-06-01,212.0015379832439,234,gbm_corr_top1_rand8,f1,1
2020-07-01,298.67196090192306,234,gbm_corr_top1_rand8,f1,1
2020-08-01,270.0237681808406,234,gbm_corr_top1_rand8,f1,1
2020-09-01,462.81890292719095,234,gbm_corr_top1_rand8,f1,1
2020-10-01,282.72901718106607,234,gbm_corr_top1_rand8,f1,1
2020-11-01,244.99129793078401,234,gbm_corr_top1_rand8,f1,1
2019-07-01,201.4689694704982,234,mlp_corr_top1_rand8,f1,1
2019-08-01,285.974506052293,234,mlp_corr_top1_rand8,f1,1
2019-09-01,184.14874877084173,234,mlp_corr_top1_rand8,f1,1
2019-10-01,254.87814902992085,234,mlp_corr_top1_rand8,f1,1
2019-11-01,272.47974835821907,234,mlp_corr_top1_rand8,f1,1
2019-12-01,254.46080011958534,234,mlp_corr_top1_rand8,f1,1
2020-01-01,246.714525680328,234,mlp_corr_top1_rand8,f1,1
2020-02-01,185.0462671511038,234,mlp_corr_top1_rand8,f1,1
2020-03-01,249.22839145288035,234,mlp_corr_top1_rand8,f1,1
2020-04-01,253.05085297849516,234,mlp_corr_top1_rand8,f1,1
2020-05-01,231.4295410348849,234,mlp_corr_top1_rand8,f1,1
2020-06-01,209.8316797161168,234,mlp_corr_top1_rand8,f1,1
2020-07-01,299.6017250155719,234,mlp_corr_top1_rand8,f1,1
2020-08-01,265.23133266887794,234,mlp_corr_top1_rand8,f1,1
2020-09-01,455.6545014640149,234,mlp_corr_top1_rand8,f1,1
2020-10-01,280.7786505609172,234,mlp_corr_top1_rand8,f1,1
2020-11-01,238.524570743382,234,mlp_corr_top1_rand8,f1,1
2019-07-01,202.8527644608757,234,gbm_corr_top1_2hop_rand8,f1,1
2019-08-01,288.667704983574,234,gbm_corr_top1_2hop_rand8,f1,1
2019-09-01,184.57665748045656,234,gbm_corr_top1_2hop_rand8,f1,1
2019-10-01,254.76916873179417,234,gbm_corr_top1_2hop_rand8,f1,1
2019-11-01,267.15074779944587,234,gbm_corr_top1_2hop_rand8,f1,1
2019-12-01,263.09131608295365,234,gbm_corr_top1_2hop_rand8,f1,1
2020-01-01,248.03782285747113,234,gbm_corr_top1_2hop_rand8,f1,1
2020-02-01,189.45997428798012,234,gbm_corr_top1_2hop_rand8,f1,1
2020-03-01,255.55683808594915,234,gbm_corr_top1_2hop_rand8,f1,1
2020-04-01,258.2062455596097,234,gbm_corr_top1_2hop_rand8,f1,1
2020-05-01,240.95699662885428,234,gbm_corr_top1_2hop_rand8,f1,1
2020-06-01,210.44270278038385,234,gbm_corr_top1_2hop_rand8,f1,1
2020-07-01,302.48218602231117,234,gbm_corr_top1_2hop_rand8,f1,1
2020-08-01,273.91821720881234,234,gbm_corr_top1_2hop_rand8,f1,1
2020-09-01,459.644512978302,234,gbm_corr_top1_2hop_rand8,f1,1
2020-10-01,281.36439411712394,234,gbm_corr_top1_2hop_rand8,f1,1
2020-11-01,239.67208780373625,234,gbm_corr_top1_2hop_rand8,f1,1
2019-07-01,204.5659632299614,234,gbm_corr_top1_rand9,f1,1
2019-08-01,285.9463163839367,234,gbm_corr_top1_rand9,f1,1
2019-09-01,183.5449918095623,234,gbm_corr_top1_rand9,f1,1
2019-10-01,253.4837407175968,234,gbm_corr_top1_rand9,f1,1
2019-11-01,269.88935615773966,234,gbm_corr_top1_rand9,f1,1
2019-12-01,257.53550832677445,234,gbm_corr_top1_rand9,f1,1
2020-01-01,243.88865673795357,234,gbm_corr_top1_rand9,f1,1
2020-02-01,190.25486926200654,234,gbm_corr_top1_rand9,f1,1
2020-03-01,251.85530746110553,234,gbm_corr_top1_rand9,f1,1
2020-04-01,256.9452793592067,234,gbm_corr_top1_rand9,f1,1
2020-05-01,233.1973923303146,234,gbm_corr_top1_rand9,f1,1
2020-06-01,209.2476979395789,234,gbm_corr_top1_rand9,f1,1
2020-07-01,301.3702462722933,234,gbm_corr_top1_rand9,f1,1
2020-08-01,267.3451308989358,234,gbm_corr_top1_rand9,f1,1
2020-09-01,462.80037999333496,234,gbm_corr_top1_rand9,f1,1
2020-10-01,283.5514646762335,234,gbm_corr_top1_rand9,f1,1
2020-11-01,242.96576273459544,234,gbm_corr_top1_rand9,f1,1
2019-07-01,200.69025189784793,234,mlp_corr_top1_rand9,f1,1
2019-08-01,286.47340781690156,234,mlp_corr_top1_rand9,f1,1
2019-09-01,185.36680466063603,234,mlp_corr_top1_rand9,f1,1
2019-10-01,253.95241563072017,234,mlp_corr_top1_rand9,f1,1
2019-11-01,274.4428990585702,234,mlp_corr_top1_rand9,f1,1
2019-12-01,257.2440238281117,234,mlp_corr_top1_rand9,f1,1
2020-01-01,246.8423762637934,234,mlp_corr_top1_rand9,f1,1
2020-02-01,190.3795790775513,234,mlp_corr_top1_rand9,f1,1
2020-03-01,256.5715865534567,234,mlp_corr_top1_rand9,f1,1
2020-04-01,259.64673849840375,234,mlp_corr_top1_rand9,f1,1
2020-05-01,237.94383877157858,234,mlp_corr_top1_rand9,f1,1
2020-06-01,208.0233481804841,234,mlp_corr_top1_rand9,f1,1
2020-07-01,301.9688585126136,234,mlp_corr_top1_rand9,f1,1
2020-08-01,271.6042988473221,234,mlp_corr_top1_rand9,f1,1
2020-09-01,465.7503781219586,234,mlp_corr_top1_rand9,f1,1
2020-10-01,286.81043276212864,234,mlp_corr_top1_rand9,f1,1
2020-11-01,243.00154025223594,234,mlp_corr_top1_rand9,f1,1
2019-07-01,205.64625784938394,234,gbm_corr_top1_2hop_rand9,f1,1
2019-08-01,285.4525706863881,234,gbm_corr_top1_2hop_rand9,f1,1
2019-09-01,182.53621427184694,234,gbm_corr_top1_2hop_rand9,f1,1
2019-10-01,255.68732657302888,234,gbm_corr_top1_2hop_rand9,f1,1
2019-11-01,272.13282921461564,234,gbm_corr_top1_2hop_rand9,f1,1
2019-12-01,260.11612578271144,234,gbm_corr_top1_2hop_rand9,f1,1
2020-01-01,245.26005811193926,234,gbm_corr_top1_2hop_rand9,f1,1
2020-02-01,191.56092028438536,234,gbm_corr_top1_2hop_rand9,f1,1
2020-03-01,254.41456383795364,234,gbm_corr_top1_2hop_rand9,f1,1
2020-04-01,260.5572278117004,234,gbm_corr_top1_2hop_rand9,f1,1
2020-05-01,233.76305940675493,234,gbm_corr_top1_2hop_rand9,f1,1
2020-06-01,209.39648463123376,234,gbm_corr_top1_2hop_rand9,f1,1
2020-07-01,303.85857502926535,234,gbm_corr_top1_2hop_rand9,f1,1
2020-08-01,269.0467812401225,234,gbm_corr_top1_2hop_rand9,f1,1
2020-09-01,466.0954232717341,234,gbm_corr_top1_2hop_rand9,f1,1
2020-10-01,287.71397218198126,234,gbm_corr_top1_2hop_rand9,f1,1
2020-11-01,240.05180852313063,234,gbm_corr_top1_2hop_rand9,f1,1
2019-07-01,206.3298317017674,234,gbm_corr_top1_rand10,f1,1
2019-08-01,291.0787452869911,234,gbm_corr_top1_rand10,f1,1
2019-09-01,184.62951001123676,234,gbm_corr_top1_rand10,f1,1
2019-10-01,258.0046381994449,234,gbm_corr_top1_rand10,f1,1
2019-11-01,274.57473176566566,234,gbm_corr_top1_rand10,f1,1
2019-12-01,262.00289767207727,234,gbm_corr_top1_rand10,f1,1
2020-01-01,251.90966894941508,234,gbm_corr_top1_rand10,f1,1
2020-02-01,194.50218398564095,234,gbm_corr_top1_rand10,f1,1
2020-03-01,254.95291490547186,234,gbm_corr_top1_rand10,f1,1
2020-04-01,256.2582495573334,234,gbm_corr_top1_rand10,f1,1
2020-05-01,237.41878636362947,234,gbm_corr_top1_rand10,f1,1
2020-06-01,211.59735038721126,234,gbm_corr_top1_rand10,f1,1
2020-07-01,306.1347605466129,234,gbm_corr_top1_rand10,f1,1
2020-08-01,273.67077340083364,234,gbm_corr_top1_rand10,f1,1
2020-09-01,459.66475947843304,234,gbm_corr_top1_rand10,f1,1
2020-10-01,274.76065343620667,234,gbm_corr_top1_rand10,f1,1
2020-11-01,242.9633183326798,234,gbm_corr_top1_rand10,f1,1
2019-07-01,207.980817990114,234,mlp_corr_top1_rand10,f1,1
2019-08-01,287.4085230974443,234,mlp_corr_top1_rand10,f1,1
2019-09-01,184.59923005574947,234,mlp_corr_top1_rand10,f1,1
2019-10-01,252.3837556568574,234,mlp_corr_top1_rand10,f1,1
2019-11-01,278.65434852848136,234,mlp_corr_top1_rand10,f1,1
2019-12-01,255.30611709415882,234,mlp_corr_top1_rand10,f1,1
2020-01-01,246.46673580621558,234,mlp_corr_top1_rand10,f1,1
2020-02-01,186.95515879938816,234,mlp_corr_top1_rand10,f1,1
2020-03-01,254.06597685171081,234,mlp_corr_top1_rand10,f1,1
2020-04-01,254.86433083224432,234,mlp_corr_top1_rand10,f1,1
2020-05-01,240.44374080277967,234,mlp_corr_top1_rand10,f1,1
2020-06-01,212.3310093297057,234,mlp_corr_top1_rand10,f1,1
2020-07-01,308.2948700671255,234,mlp_corr_top1_rand10,f1,1
2020-08-01,274.91788204074567,234,mlp_corr_top1_rand10,f1,1
2020-09-01,463.65443209244563,234,mlp_corr_top1_rand10,f1,1
2020-10-01,288.58325015810914,234,mlp_corr_top1_rand10,f1,1
2020-11-01,249.42230716489718,234,mlp_corr_top1_rand10,f1,1
2019-07-01,204.1492677747966,234,gbm_corr_top1_2hop_rand10,f1,1
2019-08-01,290.0283777950154,234,gbm_corr_top1_2hop_rand10,f1,1
2019-09-01,181.59338798057718,234,gbm_corr_top1_2hop_rand10,f1,1
2019-10-01,255.9365097035397,234,gbm_corr_top1_2hop_rand10,f1,1
2019-11-01,268.91819981016516,234,gbm_corr_top1_2hop_rand10,f1,1
2019-12-01,264.00144269305173,234,gbm_corr_top1_2hop_rand10,f1,1
2020-01-01,247.64561114805045,234,gbm_corr_top1_2hop_rand10,f1,1
2020-02-01,195.6932665047147,234,gbm_corr_top1_2hop_rand10,f1,1
2020-03-01,253.93037494038313,234,gbm_corr_top1_2hop_rand10,f1,1
2020-04-01,256.55323469025325,234,gbm_corr_top1_2hop_rand10,f1,1
2020-05-01,243.21045254611462,234,gbm_corr_top1_2hop_rand10,f1,1
2020-06-01,212.0394028386807,234,gbm_corr_top1_2hop_rand10,f1,1
2020-07-01,306.40165415683924,234,gbm_corr_top1_2hop_rand10,f1,1
2020-08-01,281.6923193868835,234,gbm_corr_top1_2hop_rand10,f1,1
2020-09-01,465.07378790276107,234,gbm_corr_top1_2hop_rand10,f1,1
2020-10-01,285.67020233368027,234,gbm_corr_top1_2hop_rand10,f1,1
2020-11-01,241.20930892235194,234,gbm_corr_top1_2hop_rand10,f1,1
2019-07-01,205.82971244616218,234,gbm_corr_top1_rand11,f1,1
2019-08-01,287.78362901900215,234,gbm_corr_top1_rand11,f1,1
2019-09-01,186.97572739921347,234,gbm_corr_top1_rand11,f1,1
2019-10-01,254.1725607111487,234,gbm_corr_top1_rand11,f1,1
2019-11-01,276.7606134321866,234,gbm_corr_top1_rand11,f1,1
2019-12-01,261.41338044569665,234,gbm_corr_top1_rand11,f1,1
2020-01-01,249.50409546152164,234,gbm_corr_top1_rand11,f1,1
2020-02-01,190.69262834786886,234,gbm_corr_top1_rand11,f1,1
2020-03-01,254.13972581467087,234,gbm_corr_top1_rand11,f1,1
2020-04-01,259.52339783886316,234,gbm_corr_top1_rand11,f1,1
2020-05-01,237.53442433023602,234,gbm_corr_top1_rand11,f1,1
2020-06-01,211.5412264730507,234,gbm_corr_top1_rand11,f1,1
2020-07-01,299.82392839793147,234,gbm_corr_top1_rand11,f1,1
2020-08-01,265.25164237363896,234,gbm_corr_top1_rand11,f1,1
2020-09-01,463.2628737469945,234,gbm_corr_top1_rand11,f1,1
2020-10-01,285.0278757722243,234,gbm_corr_top1_rand11,f1,1
2020-11-01,235.432747578262,234,gbm_corr_top1_rand11,f1,1
2019-07-01,201.2172753542971,234,mlp_corr_top1_rand11,f1,1
2019-08-01,287.4563565956631,234,mlp_corr_top1_rand11,f1,1
2019-09-01,182.5782055459143,234,mlp_corr_top1_rand11,f1,1
2019-10-01,253.869049826579,234,mlp_corr_top1_rand11,f1,1
2019-11-01,277.2873020947787,234,mlp_corr_top1_rand11,f1,1
2019-12-01,255.79101129678025,234,mlp_corr_top1_rand11,f1,1
2020-01-01,245.20715598008866,234,mlp_corr_top1_rand11,f1,1
2020-02-01,187.84804902428195,234,mlp_corr_top1_rand11,f1,1
2020-03-01,254.04342739667413,234,mlp_corr_top1_rand11,f1,1
2020-04-01,261.9428003217659,234,mlp_corr_top1_rand11,f1,1
2020-05-01,238.179862090003,234,mlp_corr_top1_rand11,f1,1
2020-06-01,204.3288643468081,234,mlp_corr_top1_rand11,f1,1
2020-07-01,303.51502945567086,234,mlp_corr_top1_rand11,f1,1
2020-08-01,269.38851894162536,234,mlp_corr_top1_rand11,f1,1
2020-09-01,467.20899304206597,234,mlp_corr_top1_rand11,f1,1
2020-10-01,292.8308927510847,234,mlp_corr_top1_rand11,f1,1
2020-11-01,242.3162557612618,234,mlp_corr_top1_rand11,f1,1
2019-07-01,206.93297989931935,234,gbm_corr_top1_2hop_rand11,f1,1
2019-08-01,288.2762836429552,234,gbm_corr_top1_2hop_rand11,f1,1
2019-09-01,184.43593909614646,234,gbm_corr_top1_2hop_rand11,f1,1
2019-10-01,254.85310441756434,234,gbm_corr_top1_2hop_rand11,f1,1
2019-11-01,275.9583346655257,234,gbm_corr_top1_2hop_rand11,f1,1
2019-12-01,261.54930203588333,234,gbm_corr_top1_2hop_rand11,f1,1
2020-01-01,249.9278657882382,234,gbm_corr_top1_2hop_rand11,f1,1
2020-02-01,193.31686423043786,234,gbm_corr_top1_2hop_rand11,f1,1
2020-03-01,258.88782597746194,234,gbm_corr_top1_2hop_rand11,f1,1
2020-04-01,258.2690283762058,234,gbm_corr_top1_2hop_rand11,f1,1
2020-05-01,233.8858372924353,234,gbm_corr_top1_2hop_rand11,f1,1
2020-06-01,211.6045557186576,234,gbm_corr_top1_2hop_rand11,f1,1
2020-07-01,300.42212715988205,234,gbm_corr_top1_2hop_rand11,f1,1
2020-08-01,267.5768265093549,234,gbm_corr_top1_2hop_rand11,f1,1
2020-09-01,458.48764236327725,234,gbm_corr_top1_2hop_rand11,f1,1
2020-10-01,290.5861018443043,234,gbm_corr_top1_2hop_rand11,f1,1
2020-11-01,233.21247869484918,234,gbm_corr_top1_2hop_rand11,f1,1
2019-07-01,204.04631908198982,234,gbm_corr_top1_rand12,f1,1
2019-08-01,289.2867864093918,234,gbm_corr_top1_rand12,f1,1
2019-09-01,184.792857259549,234,gbm_corr_top1_rand12,f1,1
2019-10-01,255.37021466145728,234,gbm_corr_top1_rand12,f1,1
2019-11-01,266.82082066304287,234,gbm_corr_top1_rand12,f1,1
2019-12-01,259.70846224937577,234,gbm_corr_top1_rand12,f1,1
2020-01-01,245.13286573474693,234,gbm_corr_top1_rand12,f1,1
2020-02-01,193.58899856075504,234,gbm_corr_top1_rand12,f1,1
2020-03-01,257.2441221643223,234,gbm_corr_top1_rand12,f1,1
2020-04-01,259.4395077229181,234,gbm_corr_top1_rand12,f1,1
2020-05-01,236.17548503013367,234,gbm_corr_top1_rand12,f1,1
2020-06-01,216.66358488540803,234,gbm_corr_top1_rand12,f1,1
2020-07-01,301.48843907570915,234,gbm_corr_top1_rand12,f1,1
2020-08-01,276.4218719516916,234,gbm_corr_top1_rand12,f1,1
2020-09-01,469.7106745502147,234,gbm_corr_top1_rand12,f1,1
2020-10-01,286.3133406591028,234,gbm_corr_top1_rand12,f1,1
2020-11-01,243.25662758990822,234,gbm_corr_top1_rand12,f1,1
2019-07-01,201.55605239246935,234,mlp_corr_top1_rand12,f1,1
2019-08-01,288.01213236574193,234,mlp_corr_top1_rand12,f1,1
2019-09-01,181.29479035691284,234,mlp_corr_top1_rand12,f1,1
2019-10-01,253.7272546799534,234,mlp_corr_top1_rand12,f1,1
2019-11-01,265.90580331443186,234,mlp_corr_top1_rand12,f1,1
2019-12-01,257.1039751599348,234,mlp_corr_top1_rand12,f1,1
2020-01-01,243.53197659937746,234,mlp_corr_top1_rand12,f1,1
2020-02-01,183.732783316818,234,mlp_corr_top1_rand12,f1,1
2020-03-01,250.41601373569554,234,mlp_corr_top1_rand12,f1,1
2020-04-01,251.8326798602305,234,mlp_corr_top1_rand12,f1,1
2020-05-01,227.25004379856847,234,mlp_corr_top1_rand12,f1,1
2020-06-01,209.62827681472055,234,mlp_corr_top1_rand12,f1,1
2020-07-01,296.6720622039309,234,mlp_corr_top1_rand12,f1,1
2020-08-01,264.76520778791985,234,mlp_corr_top1_rand12,f1,1
2020-09-01,447.96099923226546,234,mlp_corr_top1_rand12,f1,1
2020-10-01,275.49112735045895,234,mlp_corr_top1_rand12,f1,1
2020-11-01,234.68542229426865,234,mlp_corr_top1_rand12,f1,1
2019-07-01,206.42672326266117,234,gbm_corr_top1_2hop_rand12,f1,1
2019-08-01,289.2535423748036,234,gbm_corr_top1_2hop_rand12,f1,1
2019-09-01,185.1564520326903,234,gbm_corr_top1_2hop_rand12,f1,1
2019-10-01,255.04224157308775,234,gbm_corr_top1_2hop_rand12,f1,1
2019-11-01,265.536282436706,234,gbm_corr_top1_2hop_rand12,f1,1
2019-12-01,264.64911512754003,234,gbm_corr_top1_2hop_rand12,f1,1
2020-01-01,245.63394802935835,234,gbm_corr_top1_2hop_rand12,f1,1
2020-02-01,193.21196094676125,234,gbm_corr_top1_2hop_rand12,f1,1
2020-03-01,256.21370766475115,234,gbm_corr_top1_2hop_rand12,f1,1
2020-04-01,261.5478581224862,234,gbm_corr_top1_2hop_rand12,f1,1
2020-05-01,235.50366595784962,234,gbm_corr_top1_2hop_rand12,f1,1
2020-06-01,214.4651599057253,234,gbm_corr_top1_2hop_rand12,f1,1
2020-07-01,304.36947844470376,234,gbm_corr_top1_2hop_rand12,f1,1
2020-08-01,276.3263498765934,234,gbm_corr_top1_2hop_rand12,f1,1
2020-09-01,471.37844157591996,234,gbm_corr_top1_2hop_rand12,f1,1
2020-10-01,285.0651755863062,234,gbm_corr_top1_2hop_rand12,f1,1
2020-11-01,244.38976105398052,234,gbm_corr_top1_2hop_rand12,f1,1
2019-07-01,201.67805140991038,234,gbm_corr_top1_rand13,f1,1
2019-08-01,287.40931750579335,234,gbm_corr_top1_rand13,f1,1
2019-09-01,185.50505611568514,234,gbm_corr_top1_rand13,f1,1
2019-10-01,252.00512378148554,234,gbm_corr_top1_rand13,f1,1
2019-11-01,265.2564604169672,234,gbm_corr_top1_rand13,f1,1
2019-12-01,261.6011010905931,234,gbm_corr_top1_rand13,f1,1
2020-01-01,244.91587407477286,234,gbm_corr_top1_rand13,f1,1
2020-02-01,191.84902856002643,234,gbm_corr_top1_rand13,f1,1
2020-03-01,251.8846531621529,234,gbm_corr_top1_rand13,f1,1
2020-04-01,259.0046494510865,234,gbm_corr_top1_rand13,f1,1
2020-05-01,234.46160672860412,234,gbm_corr_top1_rand13,f1,1
2020-06-01,208.77096853603493,234,gbm_corr_top1_rand13,f1,1
2020-07-01,299.80760407120556,234,gbm_corr_top1_rand13,f1,1
2020-08-01,273.6675793843218,234,gbm_corr_top1_rand13,f1,1
2020-09-01,459.5817422995859,234,gbm_corr_top1_rand13,f1,1
2020-10-01,290.4062214097938,234,gbm_corr_top1_rand13,f1,1
2020-11-01,238.8197762725377,234,gbm_corr_top1_rand13,f1,1
2019-07-01,202.2512092256164,234,mlp_corr_top1_rand13,f1,1
2019-08-01,286.4052192480157,234,mlp_corr_top1_rand13,f1,1
2019-09-01,183.92727544922198,234,mlp_corr_top1_rand13,f1,1
2019-10-01,252.93511404256077,234,mlp_corr_top1_rand13,f1,1
2019-11-01,281.44280965081487,234,mlp_corr_top1_rand13,f1,1
2019-12-01,255.94899836920948,234,mlp_corr_top1_rand13,f1,1
2020-01-01,247.78182677858604,234,mlp_corr_top1_rand13,f1,1
2020-02-01,193.00855534090118,234,mlp_corr_top1_rand13,f1,1
2020-03-01,260.45536640172804,234,mlp_corr_top1_rand13,f1,1
2020-04-01,265.5366659232843,234,mlp_corr_top1_rand13,f1,1
2020-05-01,247.60675370893472,234,mlp_corr_top1_rand13,f1,1
2020-06-01,207.43704695739208,234,mlp_corr_top1_rand13,f1,1
2020-07-01,306.6310024164015,234,mlp_corr_top1_rand13,f1,1
2020-08-01,276.82517850249707,234,mlp_corr_top1_rand13,f1,1
2020-09-01,474.6654893396158,234,mlp_corr_top1_rand13,f1,1
2020-10-01,300.0492377957194,234,mlp_corr_top1_rand13,f1,1
2020-11-01,248.73823208952092,234,mlp_corr_top1_rand13,f1,1
2019-07-01,202.8669319720152,234,gbm_corr_top1_2hop_rand13,f1,1
2019-08-01,286.53404511656095,234,gbm_corr_top1_2hop_rand13,f1,1
2019-09-01,185.16004512881048,234,gbm_corr_top1_2hop_rand13,f1,1
2019-10-01,251.57768632592115,234,gbm_corr_top1_2hop_rand13,f1,1
2019-11-01,265.0834621806932,234,gbm_corr_top1_2hop_rand13,f1,1
2019-12-01,262.73455538221765,234,gbm_corr_top1_2hop_rand13,f1,1
2020-01-01,249.57536661754799,234,gbm_corr_top1_2hop_rand13,f1,1
2020-02-01,194.13066690086552,234,gbm_corr_top1_2hop_rand13,f1,1
2020-03-01,253.34773573327732,234,gbm_corr_top1_2hop_rand13,f1,1
2020-04-01,260.95350922777914,234,gbm_corr_top1_2hop_rand13,f1,1
2020-05-01,237.79587344132253,234,gbm_corr_top1_2hop_rand13,f1,1
2020-06-01,209.32940892468366,234,gbm_corr_top1_2hop_rand13,f1,1
2020-07-01,300.536785096383,234,gbm_corr_top1_2hop_rand13,f1,1
2020-08-01,271.16395682101574,234,gbm_corr_top1_2hop_rand13,f1,1
2020-09-01,461.28994307247956,234,gbm_corr_top1_2hop_rand13,f1,1
2020-10-01,289.52760761770526,234,gbm_corr_top1_2hop_rand13,f1,1
2020-11-01,236.80631775798327,234,gbm_corr_top1_2hop_rand13,f1,1
2019-07-01,204.53147844599084,234,gbm_corr_top1_rand14,f1,1
2019-08-01,288.35324690651737,234,gbm_corr_top1_rand14,f1,1
2019-09-01,187.0213676496014,234,gbm_corr_top1_rand14,f1,1
2019-10-01,254.92021575890337,234,gbm_corr_top1_rand14,f1,1
2019-11-01,269.1377904964894,234,gbm_corr_top1_rand14,f1,1
2019-12-01,256.17471478820914,234,gbm_corr_top1_rand14,f1,1
2020-01-01,249.81116385823307,234,gbm_corr_top1_rand14,f1,1
2020-02-01,187.46935069832955,234,gbm_corr_top1_rand14,f1,1
2020-03-01,254.16698105677457,234,gbm_corr_top1_rand14,f1,1
2020-04-01,255.15793954636484,234,gbm_corr_top1_rand14,f1,1
2020-05-01,240.3118737368827,234,gbm_corr_top1_rand14,f1,1
2020-06-01,215.84459165592395,234,gbm_corr_top1_rand14,f1,1
2020-07-01,303.00713389170284,234,gbm_corr_top1_rand14,f1,1
2020-08-01,274.21293977800326,234,gbm_corr_top1_rand14,f1,1
2020-09-01,457.884803193031,234,gbm_corr_top1_rand14,f1,1
2020-10-01,276.9027691837336,234,gbm_corr_top1_rand14,f1,1
2020-11-01,238.60044484400487,234,gbm_corr_top1_rand14,f1,1
2019-07-01,202.26439950832102,234,mlp_corr_top1_rand14,f1,1
2019-08-01,285.9832808817098,234,mlp_corr_top1_rand14,f1,1
2019-09-01,184.11849264020614,234,mlp_corr_top1_rand14,f1,1
2019-10-01,253.6366436711825,234,mlp_corr_top1_rand14,f1,1
2019-11-01,293.6601202442528,234,mlp_corr_top1_rand14,f1,1
2019-12-01,255.56965791412236,234,mlp_corr_top1_rand14,f1,1
2020-01-01,248.56184975205375,234,mlp_corr_top1_rand14,f1,1
2020-02-01,196.07259970022298,234,mlp_corr_top1_rand14,f1,1
2020-03-01,266.46365008514783,234,mlp_corr_top1_rand14,f1,1
2020-04-01,275.05120250854475,234,mlp_corr_top1_rand14,f1,1
2020-05-01,259.10170069252473,234,mlp_corr_top1_rand14,f1,1
2020-06-01,213.34649809227355,234,mlp_corr_top1_rand14,f1,1
2020-07-01,313.37334618277293,234,mlp_corr_top1_rand14,f1,1
2020-08-01,288.30041463782175,234,mlp_corr_top1_rand14,f1,1
2020-09-01,490.6575895707091,234,mlp_corr_top1_rand14,f1,1
2020-10-01,312.2931749059307,234,mlp_corr_top1_rand14,f1,1
2020-11-01,259.92868544801144,234,mlp_corr_top1_rand14,f1,1
2019-07-01,206.32610952051527,234,gbm_corr_top1_2hop_rand14,f1,1
2019-08-01,290.1455516360265,234,gbm_corr_top1_2hop_rand14,f1,1
2019-09-01,182.90832961963682,234,gbm_corr_top1_2hop_rand14,f1,1
2019-10-01,250.65741031112864,234,gbm_corr_top1_2hop_rand14,f1,1
2019-11-01,267.96453683490694,234,gbm_corr_top1_2hop_rand14,f1,1
2019-12-01,255.3791435425802,234,gbm_corr_top1_2hop_rand14,f1,1
2020-01-01,252.1518693314041,234,gbm_corr_top1_2hop_rand14,f1,1
2020-02-01,190.32626894530839,234,gbm_corr_top1_2hop_rand14,f1,1
2020-03-01,253.2030416102268,234,gbm_corr_top1_2hop_rand14,f1,1
2020-04-01,250.81293461274495,234,gbm_corr_top1_2hop_rand14,f1,1
2020-05-01,236.98804928356466,234,gbm_corr_top1_2hop_rand14,f1,1
2020-06-01,216.6429591518577,234,gbm_corr_top1_2hop_rand14,f1,1
2020-07-01,301.7459726335662,234,gbm_corr_top1_2hop_rand14,f1,1
2020-08-01,274.9594685732383,234,gbm_corr_top1_2hop_rand14,f1,1
2020-09-01,458.4096983120039,234,gbm_corr_top1_2hop_rand14,f1,1
2020-10-01,281.35733309373364,234,gbm_corr_top1_2hop_rand14,f1,1
2020-11-01,244.49416920857718,234,gbm_corr_top1_2hop_rand14,f1,1
2019-07-01,201.86067826911287,234,gbm_corr_top1_rand15,f1,1
2019-08-01,285.4278991117048,234,gbm_corr_top1_rand15,f1,1
2019-09-01,185.7553869554255,234,gbm_corr_top1_rand15,f1,1
2019-10-01,256.3580452537049,234,gbm_corr_top1_rand15,f1,1
2019-11-01,275.3935868916855,234,gbm_corr_top1_rand15,f1,1
2019-12-01,264.86140322784513,234,gbm_corr_top1_rand15,f1,1
2020-01-01,247.11760641845345,234,gbm_corr_top1_rand15,f1,1
2020-02-01,197.31172884833,234,gbm_corr_top1_rand15,f1,1
2020-03-01,263.8355945264251,234,gbm_corr_top1_rand15,f1,1
2020-04-01,266.21950785660624,234,gbm_corr_top1_rand15,f1,1
2020-05-01,253.69980295018277,234,gbm_corr_top1_rand15,f1,1
2020-06-01,214.25971837462038,234,gbm_corr_top1_rand15,f1,1
2020-07-01,304.24852142937254,234,gbm_corr_top1_rand15,f1,1
2020-08-01,279.37647719026,234,gbm_corr_top1_rand15,f1,1
2020-09-01,470.3749929611926,234,gbm_corr_top1_rand15,f1,1
2020-10-01,294.93633670007665,234,gbm_corr_top1_rand15,f1,1
2020-11-01,251.8336614459747,234,gbm_corr_top1_rand15,f1,1
2019-07-01,205.3780989287732,234,mlp_corr_top1_rand15,f1,1
2019-08-01,286.6518614567613,234,mlp_corr_top1_rand15,f1,1
2019-09-01,184.7390141498828,234,mlp_corr_top1_rand15,f1,1
2019-10-01,252.59597321521431,234,mlp_corr_top1_rand15,f1,1
2019-11-01,286.3232746767359,234,mlp_corr_top1_rand15,f1,1
2019-12-01,261.10699138363003,234,mlp_corr_top1_rand15,f1,1
2020-01-01,248.2412946850206,234,mlp_corr_top1_rand15,f1,1
2020-02-01,191.37426501622156,234,mlp_corr_top1_rand15,f1,1
2020-03-01,258.55735497478315,234,mlp_corr_top1_rand15,f1,1
2020-04-01,268.2612916502644,234,mlp_corr_top1_rand15,f1,1
2020-05-01,253.7614431573345,234,mlp_corr_top1_rand15,f1,1
2020-06-01,217.8368054108586,234,mlp_corr_top1_rand15,f1,1
2020-07-01,308.3272397705377,234,mlp_corr_top1_rand15,f1,1
2020-08-01,281.4697039125299,234,mlp_corr_top1_rand15,f1,1
2020-09-01,477.91266454899744,234,mlp_corr_top1_rand15,f1,1
2020-10-01,303.4068748029317,234,mlp_corr_top1_rand15,f1,1
2020-11-01,256.59328861369147,234,mlp_corr_top1_rand15,f1,1
2019-07-01,202.597546417266,234,gbm_corr_top1_2hop_rand15,f1,1
2019-08-01,289.2747534632729,234,gbm_corr_top1_2hop_rand15,f1,1
2019-09-01,183.3846279666194,234,gbm_corr_top1_2hop_rand15,f1,1
2019-10-01,253.3748634523756,234,gbm_corr_top1_2hop_rand15,f1,1
2019-11-01,266.21254547072783,234,gbm_corr_top1_2hop_rand15,f1,1
2019-12-01,269.47992328645375,234,gbm_corr_top1_2hop_rand15,f1,1
2020-01-01,249.66360372874084,234,gbm_corr_top1_2hop_rand15,f1,1
2020-02-01,200.79739437583984,234,gbm_corr_top1_2hop_rand15,f1,1
2020-03-01,259.6161781079515,234,gbm_corr_top1_2hop_rand15,f1,1
2020-04-01,266.97974364999004,234,gbm_corr_top1_2hop_rand15,f1,1
2020-05-01,256.95930192772414,234,gbm_corr_top1_2hop_rand15,f1,1
2020-06-01,215.38800278613374,234,gbm_corr_top1_2hop_rand15,f1,1
2020-07-01,308.14877396011707,234,gbm_corr_top1_2hop_rand15,f1,1
2020-08-01,280.27233383422254,234,gbm_corr_top1_2hop_rand15,f1,1
2020-09-01,471.46250239068394,234,gbm_corr_top1_2hop_rand15,f1,1
2020-10-01,303.8164113885163,234,gbm_corr_top1_2hop_rand15,f1,1
2020-11-01,253.09898077282833,234,gbm_corr_top1_2hop_rand15,f1,1
2019-07-01,203.29100172823675,234,gbm_corr_top1_rand16,f1,1
2019-08-01,290.9467766349903,234,gbm_corr_top1_rand16,f1,1
2019-09-01,183.81356143290665,234,gbm_corr_top1_rand16,f1,1
2019-10-01,255.94542338166488,234,gbm_corr_top1_rand16,f1,1
2019-11-01,274.95306408596684,234,gbm_corr_top1_rand16,f1,1
2019-12-01,261.09297692368557,234,gbm_corr_top1_rand16,f1,1
2020-01-01,247.00847204479774,234,gbm_corr_top1_rand16,f1,1
2020-02-01,189.34563213976492,234,gbm_corr_top1_rand16,f1,1
2020-03-01,254.77451087340796,234,gbm_corr_top1_rand16,f1,1
2020-04-01,252.98888708979382,234,gbm_corr_top1_rand16,f1,1
2020-05-01,234.24552028409917,234,gbm_corr_top1_rand16,f1,1
2020-06-01,212.66907594430603,234,gbm_corr_top1_rand16,f1,1
2020-07-01,305.16060602324603,234,gbm_corr_top1_rand16,f1,1
2020-08-01,265.80365962616264,234,gbm_corr_top1_rand16,f1,1
2020-09-01,459.22574957224106,234,gbm_corr_top1_rand16,f1,1
2020-10-01,284.12583517312794,234,gbm_corr_top1_rand16,f1,1
2020-11-01,234.94819734193734,234,gbm_corr_top1_rand16,f1,1
2019-07-01,202.6364753711677,234,mlp_corr_top1_rand16,f1,1
2019-08-01,288.21181893636503,234,mlp_corr_top1_rand16,f1,1
2019-09-01,184.23578429411498,234,mlp_corr_top1_rand16,f1,1
2019-10-01,253.26241914469117,234,mlp_corr_top1_rand16,f1,1
2019-11-01,281.385263580517,234,mlp_corr_top1_rand16,f1,1
2019-12-01,257.1852303391833,234,mlp_corr_top1_rand16,f1,1
2020-01-01,248.50105970468653,234,mlp_corr_top1_rand16,f1,1
2020-02-01,191.06709988699907,234,mlp_corr_top1_rand16,f1,1
2020-03-01,258.74412198354685,234,mlp_corr_top1_rand16,f1,1
2020-04-01,263.55413799213215,234,mlp_corr_top1_rand16,f1,1
2020-05-01,244.75177593381773,234,mlp_corr_top1_rand16,f1,1
2020-06-01,209.48067622453823,234,mlp_corr_top1_rand16,f1,1
2020-07-01,302.0911151259951,234,mlp_corr_top1_rand16,f1,1
2020-08-01,272.57577339138237,234,mlp_corr_top1_rand16,f1,1
2020-09-01,472.33726303877273,234,mlp_corr_top1_rand16,f1,1
2020-10-01,296.34524993512997,234,mlp_corr_top1_rand16,f1,1
2020-11-01,246.54855066961096,234,mlp_corr_top1_rand16,f1,1
2019-07-01,206.17157226685447,234,gbm_corr_top1_2hop_rand16,f1,1
2019-08-01,291.5255512180919,234,gbm_corr_top1_2hop_rand16,f1,1
2019-09-01,185.0379769841947,234,gbm_corr_top1_2hop_rand16,f1,1
2019-10-01,256.909291805881,234,gbm_corr_top1_2hop_rand16,f1,1
2019-11-01,273.7137165616352,234,gbm_corr_top1_2hop_rand16,f1,1
2019-12-01,261.2301342274721,234,gbm_corr_top1_2hop_rand16,f1,1
2020-01-01,246.23628891968772,234,gbm_corr_top1_2hop_rand16,f1,1
2020-02-01,188.88061632532634,234,gbm_corr_top1_2hop_rand16,f1,1
2020-03-01,255.4644412305096,234,gbm_corr_top1_2hop_rand16,f1,1
2020-04-01,251.63580154913853,234,gbm_corr_top1_2hop_rand16,f1,1
2020-05-01,232.79175201347442,234,gbm_corr_top1_2hop_rand16,f1,1
2020-06-01,211.53804808342662,234,gbm_corr_top1_2hop_rand16,f1,1
2020-07-01,301.8594169038292,234,gbm_corr_top1_2hop_rand16,f1,1
2020-08-01,265.4494878673799,234,gbm_corr_top1_2hop_rand16,f1,1
2020-09-01,456.4386327207195,234,gbm_corr_top1_2hop_rand16,f1,1
2020-10-01,281.39187726500677,234,gbm_corr_top1_2hop_rand16,f1,1
2020-11-01,234.44050469252917,234,gbm_corr_top1_2hop_rand16,f1,1
2019-07-01,204.83843804267937,234,gbm_corr_top1_rand17,f1,1
2019-08-01,286.69633868606314,234,gbm_corr_top1_rand17,f1,1
2019-09-01,188.68470869219394,234,gbm_corr_top1_rand17,f1,1
2019-10-01,254.74457114947916,234,gbm_corr_top1_rand17,f1,1
2019-11-01,275.5691619304598,234,gbm_corr_top1_rand17,f1,1
2019-12-01,254.83918203410934,234,gbm_corr_top1_rand17,f1,1
2020-01-01,247.66672122721337,234,gbm_corr_top1_rand17,f1,1
2020-02-01,192.4907529625057,234,gbm_corr_top1_rand17,f1,1
2020-03-01,251.55833373931932,234,gbm_corr_top1_rand17,f1,1
2020-04-01,262.7888471462019,234,gbm_corr_top1_rand17,f1,1
2020-05-01,237.56132566997707,234,gbm_corr_top1_rand17,f1,1
2020-06-01,208.1761721302552,234,gbm_corr_top1_rand17,f1,1
2020-07-01,299.17103799239874,234,gbm_corr_top1_rand17,f1,1
2020-08-01,273.12065712926216,234,gbm_corr_top1_rand17,f1,1
2020-09-01,465.44364446253684,234,gbm_corr_top1_rand17,f1,1
2020-10-01,290.3388796423864,234,gbm_corr_top1_rand17,f1,1
2020-11-01,243.58322244926728,234,gbm_corr_top1_rand17,f1,1
2019-07-01,200.7738535880039,234,mlp_corr_top1_rand17,f1,1
2019-08-01,285.7064488161288,234,mlp_corr_top1_rand17,f1,1
2019-09-01,185.28862284601104,234,mlp_corr_top1_rand17,f1,1
2019-10-01,256.6315288354702,234,mlp_corr_top1_rand17,f1,1
2019-11-01,281.1593929173358,234,mlp_corr_top1_rand17,f1,1
2019-12-01,257.0485208203707,234,mlp_corr_top1_rand17,f1,1
2020-01-01,249.4340475870533,234,mlp_corr_top1_rand17,f1,1
2020-02-01,193.39642146968092,234,mlp_corr_top1_rand17,f1,1
2020-03-01,261.8313875036342,234,mlp_corr_top1_rand17,f1,1
2020-04-01,270.3951771812913,234,mlp_corr_top1_rand17,f1,1
2020-05-01,247.24745334115727,234,mlp_corr_top1_rand17,f1,1
2020-06-01,204.87300399469947,234,mlp_corr_top1_rand17,f1,1
2020-07-01,305.5008822465285,234,mlp_corr_top1_rand17,f1,1
2020-08-01,275.53473034481357,234,mlp_corr_top1_rand17,f1,1
2020-09-01,480.8374785359441,234,mlp_corr_top1_rand17,f1,1
2020-10-01,300.07174696622957,234,mlp_corr_top1_rand17,f1,1
2020-11-01,251.86272547072346,234,mlp_corr_top1_rand17,f1,1
2019-07-01,205.9520279947905,234,gbm_corr_top1_2hop_rand17,f1,1
2019-08-01,285.8094616429589,234,gbm_corr_top1_2hop_rand17,f1,1
2019-09-01,186.87060758026252,234,gbm_corr_top1_2hop_rand17,f1,1
2019-10-01,256.1650487508543,234,gbm_corr_top1_2hop_rand17,f1,1
2019-11-01,277.277088290656,234,gbm_corr_top1_2hop_rand17,f1,1
2019-12-01,257.50629415033467,234,gbm_corr_top1_2hop_rand17,f1,1
2020-01-01,245.66639069445344,234,gbm_corr_top1_2hop_rand17,f1,1
2020-02-01,192.28479175613086,234,gbm_corr_top1_2hop_rand17,f1,1
2020-03-01,253.0660618176408,234,gbm_corr_top1_2hop_rand17,f1,1
2020-04-01,261.02124263202506,234,gbm_corr_top1_2hop_rand17,f1,1
2020-05-01,237.2168444281263,234,gbm_corr_top1_2hop_rand17,f1,1
2020-06-01,209.67418292844656,234,gbm_corr_top1_2hop_rand17,f1,1
2020-07-01,300.33766801597966,234,gbm_corr_top1_2hop_rand17,f1,1
2020-08-01,271.9943066576117,234,gbm_corr_top1_2hop_rand17,f1,1
2020-09-01,460.14042774308183,234,gbm_corr_top1_2hop_rand17,f1,1
2020-10-01,286.4735968211794,234,gbm_corr_top1_2hop_rand17,f1,1
2020-11-01,243.61046142974442,234,gbm_corr_top1_2hop_rand17,f1,1
2019-07-01,204.49592809904726,234,gbm_corr_top1_rand18,f1,1
2019-08-01,288.72435877684234,234,gbm_corr_top1_rand18,f1,1
2019-09-01,183.0485981214354,234,gbm_corr_top1_rand18,f1,1
2019-10-01,253.5877489976451,234,gbm_corr_top1_rand18,f1,1
2019-11-01,268.89335539315454,234,gbm_corr_top1_rand18,f1,1
2019-12-01,256.2938281114945,234,gbm_corr_top1_rand18,f1,1
2020-01-01,248.79203943470208,234,gbm_corr_top1_rand18,f1,1
2020-02-01,186.89510814195114,234,gbm_corr_top1_rand18,f1,1
2020-03-01,252.31875436418773,234,gbm_corr_top1_rand18,f1,1
2020-04-01,251.88127647243934,234,gbm_corr_top1_rand18,f1,1
2020-05-01,234.4039358182111,234,gbm_corr_top1_rand18,f1,1
2020-06-01,209.25075937307142,234,gbm_corr_top1_rand18,f1,1
2020-07-01,294.410916449081,234,gbm_corr_top1_rand18,f1,1
2020-08-01,269.77603872253576,234,gbm_corr_top1_rand18,f1,1
2020-09-01,460.2910956064862,234,gbm_corr_top1_rand18,f1,1
2020-10-01,279.0429485841047,234,gbm_corr_top1_rand18,f1,1
2020-11-01,236.5545735164785,234,gbm_corr_top1_rand18,f1,1
2019-07-01,201.2992685033814,234,mlp_corr_top1_rand18,f1,1
2019-08-01,288.5990131925783,234,mlp_corr_top1_rand18,f1,1
2019-09-01,185.86652473058282,234,mlp_corr_top1_rand18,f1,1
2019-10-01,253.56596630280987,234,mlp_corr_top1_rand18,f1,1
2019-11-01,279.2733794514275,234,mlp_corr_top1_rand18,f1,1
2019-12-01,256.78700696201435,234,mlp_corr_top1_rand18,f1,1
2020-01-01,248.98402147444463,234,mlp_corr_top1_rand18,f1,1
2020-02-01,188.953778545135,234,mlp_corr_top1_rand18,f1,1
2020-03-01,254.68969636938897,234,mlp_corr_top1_rand18,f1,1
2020-04-01,260.0467890602668,234,mlp_corr_top1_rand18,f1,1
2020-05-01,240.515424714753,234,mlp_corr_top1_rand18,f1,1
2020-06-01,206.90535022373368,234,mlp_corr_top1_rand18,f1,1
2020-07-01,300.530421072429,234,mlp_corr_top1_rand18,f1,1
2020-08-01,274.04150271887784,234,mlp_corr_top1_rand18,f1,1
2020-09-01,471.98921051092975,234,mlp_corr_top1_rand18,f1,1
2020-10-01,288.4831897965108,234,mlp_corr_top1_rand18,f1,1
2020-11-01,248.98945871055182,234,mlp_corr_top1_rand18,f1,1
2019-07-01,203.80759752927747,234,gbm_corr_top1_2hop_rand18,f1,1
2019-08-01,289.10126709172505,234,gbm_corr_top1_2hop_rand18,f1,1
2019-09-01,180.54461047403166,234,gbm_corr_top1_2hop_rand18,f1,1
2019-10-01,249.76681236083277,234,gbm_corr_top1_2hop_rand18,f1,1
2019-11-01,267.6118513317157,234,gbm_corr_top1_2hop_rand18,f1,1
2019-12-01,256.217267933247,234,gbm_corr_top1_2hop_rand18,f1,1
2020-01-01,249.20971191390257,234,gbm_corr_top1_2hop_rand18,f1,1
2020-02-01,190.01889060305083,234,gbm_corr_top1_2hop_rand18,f1,1
2020-03-01,253.25239993590614,234,gbm_corr_top1_2hop_rand18,f1,1
2020-04-01,256.4432598556504,234,gbm_corr_top1_2hop_rand18,f1,1
2020-05-01,236.80744013468086,234,gbm_corr_top1_2hop_rand18,f1,1
2020-06-01,209.6956047018127,234,gbm_corr_top1_2hop_rand18,f1,1
2020-07-01,298.5655591048196,234,gbm_corr_top1_2hop_rand18,f1,1
2020-08-01,274.38028114003333,234,gbm_corr_top1_2hop_rand18,f1,1
2020-09-01,471.71969322492924,234,gbm_corr_top1_2hop_rand18,f1,1
2020-10-01,283.6207809095487,234,gbm_corr_top1_2hop_rand18,f1,1
2020-11-01,235.8769202014107,234,gbm_corr_top1_2hop_rand18,f1,1
2019-07-01,202.70618988915493,234,gbm_corr_top1_rand19,f1,1
2019-08-01,287.30188706321576,234,gbm_corr_top1_rand19,f1,1
2019-09-01,184.78430038823896,234,gbm_corr_top1_rand19,f1,1
2019-10-01,249.50831468476227,234,gbm_corr_top1_rand19,f1,1
2019-11-01,270.146726617594,234,gbm_corr_top1_rand19,f1,1
2019-12-01,257.21440167855656,234,gbm_corr_top1_rand19,f1,1
2020-01-01,246.77855948840087,234,gbm_corr_top1_rand19,f1,1
2020-02-01,190.23232004318893,234,gbm_corr_top1_rand19,f1,1
2020-03-01,253.3616257305029,234,gbm_corr_top1_rand19,f1,1
2020-04-01,259.925016432751,234,gbm_corr_top1_rand19,f1,1
2020-05-01,236.44162174973192,234,gbm_corr_top1_rand19,f1,1
2020-06-01,208.92413355958115,234,gbm_corr_top1_rand19,f1,1
2020-07-01,300.72872044457074,234,gbm_corr_top1_rand19,f1,1
2020-08-01,274.554705940914,234,gbm_corr_top1_rand19,f1,1
2020-09-01,462.7833390711195,234,gbm_corr_top1_rand19,f1,1
2020-10-01,285.1276403366986,234,gbm_corr_top1_rand19,f1,1
2020-11-01,238.9607047710701,234,gbm_corr_top1_rand19,f1,1
2019-07-01,202.27336030335286,234,mlp_corr_top1_rand19,f1,1
2019-08-01,285.52458354589686,234,mlp_corr_top1_rand19,f1,1
2019-09-01,186.83313506812465,234,mlp_corr_top1_rand19,f1,1
2019-10-01,250.40249091535648,234,mlp_corr_top1_rand19,f1,1
2019-11-01,281.3487987436659,234,mlp_corr_top1_rand19,f1,1
2019-12-01,258.55453618322855,234,mlp_corr_top1_rand19,f1,1
2020-01-01,247.8324913177524,234,mlp_corr_top1_rand19,f1,1
2020-02-01,192.96018602818938,234,mlp_corr_top1_rand19,f1,1
2020-03-01,260.4651171290771,234,mlp_corr_top1_rand19,f1,1
2020-04-01,266.28715937524214,234,mlp_corr_top1_rand19,f1,1
2020-05-01,248.62800835503003,234,mlp_corr_top1_rand19,f1,1
2020-06-01,207.22282893606558,234,mlp_corr_top1_rand19,f1,1
2020-07-01,304.09481837405735,234,mlp_corr_top1_rand19,f1,1
2020-08-01,277.2361577875361,234,mlp_corr_top1_rand19,f1,1
2020-09-01,474.2683761633141,234,mlp_corr_top1_rand19,f1,1
2020-10-01,292.99561383781025,234,mlp_corr_top1_rand19,f1,1
2020-11-01,247.82154018411927,234,mlp_corr_top1_rand19,f1,1
2019-07-01,202.34520615692728,234,gbm_corr_top1_2hop_rand19,f1,1
2019-08-01,289.15425541884713,234,gbm_corr_top1_2hop_rand19,f1,1
2019-09-01,186.13878166656005,234,gbm_corr_top1_2hop_rand19,f1,1
2019-10-01,248.10311268049958,234,gbm_corr_top1_2hop_rand19,f1,1
2019-11-01,266.90841958475113,234,gbm_corr_top1_2hop_rand19,f1,1
2019-12-01,259.5376436860071,234,gbm_corr_top1_2hop_rand19,f1,1
2020-01-01,249.2573348269609,234,gbm_corr_top1_2hop_rand19,f1,1
2020-02-01,190.4162223961804,234,gbm_corr_top1_2hop_rand19,f1,1
2020-03-01,256.2587957329718,234,gbm_corr_top1_2hop_rand19,f1,1
2020-04-01,262.0867219079187,234,gbm_corr_top1_2hop_rand19,f1,1
2020-05-01,237.40747665380314,234,gbm_corr_top1_2hop_rand19,f1,1
2020-06-01,208.4444441798767,234,gbm_corr_top1_2hop_rand19,f1,1
2020-07-01,305.5327956682279,234,gbm_corr_top1_2hop_rand19,f1,1
2020-08-01,276.8314049375083,234,gbm_corr_top1_2hop_rand19,f1,1
2020-09-01,463.65159012000686,234,gbm_corr_top1_2hop_rand19,f1,1
2020-10-01,285.58221439433964,234,gbm_corr_top1_2hop_rand19,f1,1
2020-11-01,239.85048950133796,234,gbm_corr_top1_2hop_rand19,f1,1
2019-08-01,310.87917602926115,234,gbm_corr_top1_rand0,f1,2
2019-09-01,330.0962797647303,234,gbm_corr_top1_rand0,f1,2
2019-10-01,319.0466513253509,234,gbm_corr_top1_rand0,f1,2
2019-11-01,380.5129048863643,234,gbm_corr_top1_rand0,f1,2
2019-12-01,376.8244974958467,234,gbm_corr_top1_rand0,f1,2
2020-01-01,353.7675510268874,234,gbm_corr_top1_rand0,f1,2
2020-02-01,257.37163239024665,234,gbm_corr_top1_rand0,f1,2
2020-03-01,369.9417319035359,234,gbm_corr_top1_rand0,f1,2
2020-04-01,380.3097156071931,234,gbm_corr_top1_rand0,f1,2
2020-05-01,386.9226894326475,234,gbm_corr_top1_rand0,f1,2
2020-06-01,273.70926642757144,234,gbm_corr_top1_rand0,f1,2
2020-07-01,369.47229961705216,234,gbm_corr_top1_rand0,f1,2
2020-08-01,384.38051679582685,234,gbm_corr_top1_rand0,f1,2
2020-09-01,667.9423542449172,234,gbm_corr_top1_rand0,f1,2
2020-10-01,449.43944451497237,234,gbm_corr_top1_rand0,f1,2
2020-11-01,313.81675727473765,234,gbm_corr_top1_rand0,f1,2
2020-12-01,334.70731015295917,234,gbm_corr_top1_rand0,f1,2
2019-08-01,314.44993016850657,234,mlp_corr_top1_rand0,f1,2
2019-09-01,327.11325261821503,234,mlp_corr_top1_rand0,f1,2
2019-10-01,320.96508516321813,234,mlp_corr_top1_rand0,f1,2
2019-11-01,385.70936975862395,234,mlp_corr_top1_rand0,f1,2
2019-12-01,375.9732300123831,234,mlp_corr_top1_rand0,f1,2
2020-01-01,351.79634580396305,234,mlp_corr_top1_rand0,f1,2
2020-02-01,262.760099289909,234,mlp_corr_top1_rand0,f1,2
2020-03-01,374.99325934885036,234,mlp_corr_top1_rand0,f1,2
2020-04-01,387.1118006616435,234,mlp_corr_top1_rand0,f1,2
2020-05-01,396.95204369592483,234,mlp_corr_top1_rand0,f1,2
2020-06-01,276.60770050169697,234,mlp_corr_top1_rand0,f1,2
2020-07-01,372.33734854668154,234,mlp_corr_top1_rand0,f1,2
2020-08-01,393.68001749741103,234,mlp_corr_top1_rand0,f1,2
2020-09-01,669.5947858543423,234,mlp_corr_top1_rand0,f1,2
2020-10-01,464.4588429632931,234,mlp_corr_top1_rand0,f1,2
2020-11-01,330.52346421053403,234,mlp_corr_top1_rand0,f1,2
2020-12-01,353.73762904500103,234,mlp_corr_top1_rand0,f1,2
2019-08-01,309.5735347224133,234,gbm_corr_top1_2hop_rand0,f1,2
2019-09-01,327.02866093304806,234,gbm_corr_top1_2hop_rand0,f1,2
2019-10-01,323.4426188120916,234,gbm_corr_top1_2hop_rand0,f1,2
2019-11-01,384.9547324203454,234,gbm_corr_top1_2hop_rand0,f1,2
2019-12-01,375.1496836953384,234,gbm_corr_top1_2hop_rand0,f1,2
2020-01-01,356.2145376478156,234,gbm_corr_top1_2hop_rand0,f1,2
2020-02-01,262.3147971368033,234,gbm_corr_top1_2hop_rand0,f1,2
2020-03-01,377.1794932420155,234,gbm_corr_top1_2hop_rand0,f1,2
2020-04-01,378.87631535136256,234,gbm_corr_top1_2hop_rand0,f1,2
2020-05-01,389.91084003907724,234,gbm_corr_top1_2hop_rand0,f1,2
2020-06-01,276.68706744458336,234,gbm_corr_top1_2hop_rand0,f1,2
2020-07-01,372.17481299532744,234,gbm_corr_top1_2hop_rand0,f1,2
2020-08-01,384.2018706230651,234,gbm_corr_top1_2hop_rand0,f1,2
2020-09-01,662.2270094616235,234,gbm_corr_top1_2hop_rand0,f1,2
2020-10-01,449.4755189359107,234,gbm_corr_top1_2hop_rand0,f1,2
2020-11-01,308.78229748163574,234,gbm_corr_top1_2hop_rand0,f1,2
2020-12-01,336.89470843183005,234,gbm_corr_top1_2hop_rand0,f1,2
2019-08-01,315.8392439850949,234,gbm_corr_top1_rand1,f1,2
2019-09-01,330.78457856224287,234,gbm_corr_top1_rand1,f1,2
2019-10-01,325.2005741303591,234,gbm_corr_top1_rand1,f1,2
2019-11-01,385.1160995049198,234,gbm_corr_top1_rand1,f1,2
2019-12-01,377.62998573747916,234,gbm_corr_top1_rand1,f1,2
2020-01-01,350.34648593961776,234,gbm_corr_top1_rand1,f1,2
2020-02-01,259.389985842095,234,gbm_corr_top1_rand1,f1,2
2020-03-01,376.4459588189874,234,gbm_corr_top1_rand1,f1,2
2020-04-01,378.6832868249789,234,gbm_corr_top1_rand1,f1,2
2020-05-01,388.7698522765094,234,gbm_corr_top1_rand1,f1,2
2020-06-01,273.0382473004008,234,gbm_corr_top1_rand1,f1,2
2020-07-01,356.10629916543627,234,gbm_corr_top1_rand1,f1,2
2020-08-01,379.4459547850674,234,gbm_corr_top1_rand1,f1,2
2020-09-01,651.6181580076436,234,gbm_corr_top1_rand1,f1,2
2020-10-01,447.69885590716746,234,gbm_corr_top1_rand1,f1,2
2020-11-01,305.9015490339482,234,gbm_corr_top1_rand1,f1,2
2020-12-01,337.1220322170683,234,gbm_corr_top1_rand1,f1,2
2019-08-01,315.7460256993166,234,mlp_corr_top1_rand1,f1,2
2019-09-01,330.39215238158505,234,mlp_corr_top1_rand1,f1,2
2019-10-01,320.855564087536,234,mlp_corr_top1_rand1,f1,2
2019-11-01,384.38527345300434,234,mlp_corr_top1_rand1,f1,2
2019-12-01,375.18644334012964,234,mlp_corr_top1_rand1,f1,2
2020-01-01,351.0239139427448,234,mlp_corr_top1_rand1,f1,2
2020-02-01,263.4916317456151,234,mlp_corr_top1_rand1,f1,2
2020-03-01,375.54358755913233,234,mlp_corr_top1_rand1,f1,2
2020-04-01,385.2317706703047,234,mlp_corr_top1_rand1,f1,2
2020-05-01,390.1484754752716,234,mlp_corr_top1_rand1,f1,2
2020-06-01,273.85349346586526,234,mlp_corr_top1_rand1,f1,2
2020-07-01,363.9115909931356,234,mlp_corr_top1_rand1,f1,2
2020-08-01,385.4615287296678,234,mlp_corr_top1_rand1,f1,2
2020-09-01,667.509094880661,234,mlp_corr_top1_rand1,f1,2
2020-10-01,461.0316322115007,234,mlp_corr_top1_rand1,f1,2
2020-11-01,320.7313567787288,234,mlp_corr_top1_rand1,f1,2
2020-12-01,343.79641700107925,234,mlp_corr_top1_rand1,f1,2
2019-08-01,316.84022926961177,234,gbm_corr_top1_2hop_rand1,f1,2
2019-09-01,331.2546543633781,234,gbm_corr_top1_2hop_rand1,f1,2
2019-10-01,324.4534519526542,234,gbm_corr_top1_2hop_rand1,f1,2
2019-11-01,386.6812193077923,234,gbm_corr_top1_2hop_rand1,f1,2
2019-12-01,375.2982429010046,234,gbm_corr_top1_2hop_rand1,f1,2
2020-01-01,346.4672159567172,234,gbm_corr_top1_2hop_rand1,f1,2
2020-02-01,259.86635241776014,234,gbm_corr_top1_2hop_rand1,f1,2
2020-03-01,372.8862985709452,234,gbm_corr_top1_2hop_rand1,f1,2
2020-04-01,377.081127589097,234,gbm_corr_top1_2hop_rand1,f1,2
2020-05-01,383.6337061559989,234,gbm_corr_top1_2hop_rand1,f1,2
2020-06-01,268.6705329252125,234,gbm_corr_top1_2hop_rand1,f1,2
2020-07-01,360.34212792285354,234,gbm_corr_top1_2hop_rand1,f1,2
2020-08-01,385.66721176249973,234,gbm_corr_top1_2hop_rand1,f1,2
2020-09-01,654.5445926335216,234,gbm_corr_top1_2hop_rand1,f1,2
2020-10-01,449.6870281058368,234,gbm_corr_top1_2hop_rand1,f1,2
2020-11-01,300.33994001193594,234,gbm_corr_top1_2hop_rand1,f1,2
2020-12-01,335.8234000485423,234,gbm_corr_top1_2hop_rand1,f1,2
2019-08-01,318.99758449690563,234,gbm_corr_top1_rand2,f1,2
2019-09-01,336.69758782258066,234,gbm_corr_top1_rand2,f1,2
2019-10-01,319.8354788703365,234,gbm_corr_top1_rand2,f1,2
2019-11-01,386.1692435287762,234,gbm_corr_top1_rand2,f1,2
2019-12-01,373.71594731312865,234,gbm_corr_top1_rand2,f1,2
2020-01-01,349.8670742816364,234,gbm_corr_top1_rand2,f1,2
2020-02-01,255.3420232195196,234,gbm_corr_top1_rand2,f1,2
2020-03-01,370.66823092837717,234,gbm_corr_top1_rand2,f1,2
2020-04-01,377.9908854351527,234,gbm_corr_top1_rand2,f1,2
2020-05-01,379.3996648095334,234,gbm_corr_top1_rand2,f1,2
2020-06-01,268.8590805310472,234,gbm_corr_top1_rand2,f1,2
2020-07-01,360.0631259879974,234,gbm_corr_top1_rand2,f1,2
2020-08-01,371.1819121120635,234,gbm_corr_top1_rand2,f1,2
2020-09-01,647.4425954637072,234,gbm_corr_top1_rand2,f1,2
2020-10-01,443.3672656299335,234,gbm_corr_top1_rand2,f1,2
2020-11-01,306.44547049626226,234,gbm_corr_top1_rand2,f1,2
2020-12-01,335.34832783110227,234,gbm_corr_top1_rand2,f1,2
2019-08-01,313.88504808525613,234,mlp_corr_top1_rand2,f1,2
2019-09-01,329.62168994728216,234,mlp_corr_top1_rand2,f1,2
2019-10-01,320.5118644083406,234,mlp_corr_top1_rand2,f1,2
2019-11-01,384.9946225690459,234,mlp_corr_top1_rand2,f1,2
2019-12-01,376.58459456884094,234,mlp_corr_top1_rand2,f1,2
2020-01-01,356.2453967454853,234,mlp_corr_top1_rand2,f1,2
2020-02-01,264.04836126382156,234,mlp_corr_top1_rand2,f1,2
2020-03-01,378.03482103751134,234,mlp_corr_top1_rand2,f1,2
2020-04-01,389.0253966872518,234,mlp_corr_top1_rand2,f1,2
2020-05-01,391.72583449273316,234,mlp_corr_top1_rand2,f1,2
2020-06-01,273.6663745264562,234,mlp_corr_top1_rand2,f1,2
2020-07-01,368.04904015487807,234,mlp_corr_top1_rand2,f1,2
2020-08-01,387.0687893909899,234,mlp_corr_top1_rand2,f1,2
2020-09-01,664.4241020804162,234,mlp_corr_top1_rand2,f1,2
2020-10-01,465.0247287451827,234,mlp_corr_top1_rand2,f1,2
2020-11-01,329.466654276923,234,mlp_corr_top1_rand2,f1,2
2020-12-01,348.53090191397575,234,mlp_corr_top1_rand2,f1,2
2019-08-01,317.061907947002,234,gbm_corr_top1_2hop_rand2,f1,2
2019-09-01,332.33750088573396,234,gbm_corr_top1_2hop_rand2,f1,2
2019-10-01,319.6687768316094,234,gbm_corr_top1_2hop_rand2,f1,2
2019-11-01,384.50888953959515,234,gbm_corr_top1_2hop_rand2,f1,2
2019-12-01,370.69674966103827,234,gbm_corr_top1_2hop_rand2,f1,2
2020-01-01,344.7168459199549,234,gbm_corr_top1_2hop_rand2,f1,2
2020-02-01,252.2028479720407,234,gbm_corr_top1_2hop_rand2,f1,2
2020-03-01,368.90090679230434,234,gbm_corr_top1_2hop_rand2,f1,2
2020-04-01,378.45251850962916,234,gbm_corr_top1_2hop_rand2,f1,2
2020-05-01,377.53335607273135,234,gbm_corr_top1_2hop_rand2,f1,2
2020-06-01,269.48922816892616,234,gbm_corr_top1_2hop_rand2,f1,2
2020-07-01,362.8499595357785,234,gbm_corr_top1_2hop_rand2,f1,2
2020-08-01,368.4557816458306,234,gbm_corr_top1_2hop_rand2,f1,2
2020-09-01,638.3555477300628,234,gbm_corr_top1_2hop_rand2,f1,2
2020-10-01,442.6354665615134,234,gbm_corr_top1_2hop_rand2,f1,2
2020-11-01,306.4119040544956,234,gbm_corr_top1_2hop_rand2,f1,2
2020-12-01,335.624577056901,234,gbm_corr_top1_2hop_rand2,f1,2
2019-08-01,315.80431413453755,234,gbm_corr_top1_rand3,f1,2
2019-09-01,333.3761786297561,234,gbm_corr_top1_rand3,f1,2
2019-10-01,319.20278397576453,234,gbm_corr_top1_rand3,f1,2
2019-11-01,383.16316255269606,234,gbm_corr_top1_rand3,f1,2
2019-12-01,372.890408292733,234,gbm_corr_top1_rand3,f1,2
2020-01-01,346.84944225926785,234,gbm_corr_top1_rand3,f1,2
2020-02-01,257.7488252592784,234,gbm_corr_top1_rand3,f1,2
2020-03-01,368.4844701771377,234,gbm_corr_top1_rand3,f1,2
2020-04-01,377.2757157123094,234,gbm_corr_top1_rand3,f1,2
2020-05-01,384.21671909252944,234,gbm_corr_top1_rand3,f1,2
2020-06-01,270.61774483268107,234,gbm_corr_top1_rand3,f1,2
2020-07-01,364.53327082176304,234,gbm_corr_top1_rand3,f1,2
2020-08-01,376.00603151575115,234,gbm_corr_top1_rand3,f1,2
2020-09-01,657.4654040821141,234,gbm_corr_top1_rand3,f1,2
2020-10-01,456.58136468619693,234,gbm_corr_top1_rand3,f1,2
2020-11-01,303.1603122818749,234,gbm_corr_top1_rand3,f1,2
2020-12-01,337.87364652994523,234,gbm_corr_top1_rand3,f1,2
2019-08-01,316.501508056388,234,mlp_corr_top1_rand3,f1,2
2019-09-01,328.0336722056658,234,mlp_corr_top1_rand3,f1,2
2019-10-01,319.9726808415555,234,mlp_corr_top1_rand3,f1,2
2019-11-01,382.81411259291446,234,mlp_corr_top1_rand3,f1,2
2019-12-01,377.0022883732994,234,mlp_corr_top1_rand3,f1,2
2020-01-01,351.4035326342355,234,mlp_corr_top1_rand3,f1,2
2020-02-01,262.9307642282899,234,mlp_corr_top1_rand3,f1,2
2020-03-01,376.2978418683451,234,mlp_corr_top1_rand3,f1,2
2020-04-01,385.51823894724475,234,mlp_corr_top1_rand3,f1,2
2020-05-01,393.73717110681343,234,mlp_corr_top1_rand3,f1,2
2020-06-01,274.0396795495186,234,mlp_corr_top1_rand3,f1,2
2020-07-01,366.75351126183807,234,mlp_corr_top1_rand3,f1,2
2020-08-01,391.4709404242202,234,mlp_corr_top1_rand3,f1,2
2020-09-01,673.4140774909032,234,mlp_corr_top1_rand3,f1,2
2020-10-01,464.87134426585106,234,mlp_corr_top1_rand3,f1,2
2020-11-01,321.6831339319029,234,mlp_corr_top1_rand3,f1,2
2020-12-01,348.02798351498865,234,mlp_corr_top1_rand3,f1,2
2019-08-01,312.48887865209105,234,gbm_corr_top1_2hop_rand3,f1,2
2019-09-01,329.7373288250833,234,gbm_corr_top1_2hop_rand3,f1,2
2019-10-01,320.0893203502602,234,gbm_corr_top1_2hop_rand3,f1,2
2019-11-01,387.7153131147816,234,gbm_corr_top1_2hop_rand3,f1,2
2019-12-01,375.89099497412303,234,gbm_corr_top1_2hop_rand3,f1,2
2020-01-01,345.7795960985966,234,gbm_corr_top1_2hop_rand3,f1,2
2020-02-01,257.3641033775335,234,gbm_corr_top1_2hop_rand3,f1,2
2020-03-01,366.19166992893616,234,gbm_corr_top1_2hop_rand3,f1,2
2020-04-01,376.29956021936414,234,gbm_corr_top1_2hop_rand3,f1,2
2020-05-01,382.4276767507158,234,gbm_corr_top1_2hop_rand3,f1,2
2020-06-01,275.4514295919521,234,gbm_corr_top1_2hop_rand3,f1,2
2020-07-01,366.6674904136788,234,gbm_corr_top1_2hop_rand3,f1,2
2020-08-01,378.4139491170259,234,gbm_corr_top1_2hop_rand3,f1,2
2020-09-01,655.0880047289093,234,gbm_corr_top1_2hop_rand3,f1,2
2020-10-01,460.9214786302415,234,gbm_corr_top1_2hop_rand3,f1,2
2020-11-01,308.83062419735455,234,gbm_corr_top1_2hop_rand3,f1,2
2020-12-01,342.0451740177238,234,gbm_corr_top1_2hop_rand3,f1,2
2019-08-01,315.8732010474234,234,gbm_corr_top1_rand4,f1,2
2019-09-01,327.6676097051972,234,gbm_corr_top1_rand4,f1,2
2019-10-01,319.1419241110469,234,gbm_corr_top1_rand4,f1,2
2019-11-01,378.7017956749848,234,gbm_corr_top1_rand4,f1,2
2019-12-01,375.4538690234021,234,gbm_corr_top1_rand4,f1,2
2020-01-01,351.94230824859056,234,gbm_corr_top1_rand4,f1,2
2020-02-01,257.1716490731399,234,gbm_corr_top1_rand4,f1,2
2020-03-01,377.5422093425976,234,gbm_corr_top1_rand4,f1,2
2020-04-01,379.1512414540785,234,gbm_corr_top1_rand4,f1,2
2020-05-01,380.3581565794938,234,gbm_corr_top1_rand4,f1,2
2020-06-01,270.5678585791808,234,gbm_corr_top1_rand4,f1,2
2020-07-01,366.32574104560047,234,gbm_corr_top1_rand4,f1,2
2020-08-01,382.0570535136964,234,gbm_corr_top1_rand4,f1,2
2020-09-01,662.9991876260842,234,gbm_corr_top1_rand4,f1,2
2020-10-01,457.695271568058,234,gbm_corr_top1_rand4,f1,2
2020-11-01,307.11680411364296,234,gbm_corr_top1_rand4,f1,2
2020-12-01,330.6286499613072,234,gbm_corr_top1_rand4,f1,2
2019-08-01,316.196573952474,234,mlp_corr_top1_rand4,f1,2
2019-09-01,328.9173121166923,234,mlp_corr_top1_rand4,f1,2
2019-10-01,321.2665811936306,234,mlp_corr_top1_rand4,f1,2
2019-11-01,385.59505208168406,234,mlp_corr_top1_rand4,f1,2
2019-12-01,379.34518225142585,234,mlp_corr_top1_rand4,f1,2
2020-01-01,353.05788714501966,234,mlp_corr_top1_rand4,f1,2
2020-02-01,266.94980664053315,234,mlp_corr_top1_rand4,f1,2
2020-03-01,378.57723500907275,234,mlp_corr_top1_rand4,f1,2
2020-04-01,393.08393020601414,234,mlp_corr_top1_rand4,f1,2
2020-05-01,402.2528160255904,234,mlp_corr_top1_rand4,f1,2
2020-06-01,279.4747449343256,234,mlp_corr_top1_rand4,f1,2
2020-07-01,372.2824858114527,234,mlp_corr_top1_rand4,f1,2
2020-08-01,388.3501382492712,234,mlp_corr_top1_rand4,f1,2
2020-09-01,675.4278526123999,234,mlp_corr_top1_rand4,f1,2
2020-10-01,477.05161608311204,234,mlp_corr_top1_rand4,f1,2
2020-11-01,332.8533295477274,234,mlp_corr_top1_rand4,f1,2
2020-12-01,348.0451510601214,234,mlp_corr_top1_rand4,f1,2
2019-08-01,312.7196206722682,234,gbm_corr_top1_2hop_rand4,f1,2
2019-09-01,329.80409244222017,234,gbm_corr_top1_2hop_rand4,f1,2
2019-10-01,315.8938373603134,234,gbm_corr_top1_2hop_rand4,f1,2
2019-11-01,382.3969292142278,234,gbm_corr_top1_2hop_rand4,f1,2
2019-12-01,374.4080847882765,234,gbm_corr_top1_2hop_rand4,f1,2
2020-01-01,355.19623578190277,234,gbm_corr_top1_2hop_rand4,f1,2
2020-02-01,261.0428469811043,234,gbm_corr_top1_2hop_rand4,f1,2
2020-03-01,380.3052701840498,234,gbm_corr_top1_2hop_rand4,f1,2
2020-04-01,377.35825149192823,234,gbm_corr_top1_2hop_rand4,f1,2
2020-05-01,378.5526814861377,234,gbm_corr_top1_2hop_rand4,f1,2
2020-06-01,268.00039646611845,234,gbm_corr_top1_2hop_rand4,f1,2
2020-07-01,370.95532797274126,234,gbm_corr_top1_2hop_rand4,f1,2
2020-08-01,381.94539648086965,234,gbm_corr_top1_2hop_rand4,f1,2
2020-09-01,665.2419110712026,234,gbm_corr_top1_2hop_rand4,f1,2
2020-10-01,470.11465051084974,234,gbm_corr_top1_2hop_rand4,f1,2
2020-11-01,309.96214309119597,234,gbm_corr_top1_2hop_rand4,f1,2
2020-12-01,337.1341346272122,234,gbm_corr_top1_2hop_rand4,f1,2
2019-08-01,317.36343049395487,234,gbm_corr_top1_rand5,f1,2
2019-09-01,333.96472449931935,234,gbm_corr_top1_rand5,f1,2
2019-10-01,320.6617864829526,234,gbm_corr_top1_rand5,f1,2
2019-11-01,386.28979608146483,234,gbm_corr_top1_rand5,f1,2
2019-12-01,379.1483988745926,234,gbm_corr_top1_rand5,f1,2
2020-01-01,349.8799663289283,234,gbm_corr_top1_rand5,f1,2
2020-02-01,261.0081479771007,234,gbm_corr_top1_rand5,f1,2
2020-03-01,368.9142231502498,234,gbm_corr_top1_rand5,f1,2
2020-04-01,380.11882354804766,234,gbm_corr_top1_rand5,f1,2
2020-05-01,384.51576812677087,234,gbm_corr_top1_rand5,f1,2
2020-06-01,278.00678221353985,234,gbm_corr_top1_rand5,f1,2
2020-07-01,360.74958629752064,234,gbm_corr_top1_rand5,f1,2
2020-08-01,392.49596336262226,234,gbm_corr_top1_rand5,f1,2
2020-09-01,663.0950735444999,234,gbm_corr_top1_rand5,f1,2
2020-10-01,455.00745863231003,234,gbm_corr_top1_rand5,f1,2
2020-11-01,300.94295574910575,234,gbm_corr_top1_rand5,f1,2
2020-12-01,334.68779460644606,234,gbm_corr_top1_rand5,f1,2
2019-08-01,316.1849404509338,234,mlp_corr_top1_rand5,f1,2
2019-09-01,329.4027120842392,234,mlp_corr_top1_rand5,f1,2
2019-10-01,320.0271154452127,234,mlp_corr_top1_rand5,f1,2
2019-11-01,384.1401660768732,234,mlp_corr_top1_rand5,f1,2
2019-12-01,373.6855469838997,234,mlp_corr_top1_rand5,f1,2
2020-01-01,352.0232340313826,234,mlp_corr_top1_rand5,f1,2
2020-02-01,261.77795140109043,234,mlp_corr_top1_rand5,f1,2
2020-03-01,374.842025076648,234,mlp_corr_top1_rand5,f1,2
2020-04-01,384.58790680458196,234,mlp_corr_top1_rand5,f1,2
2020-05-01,390.1543556159545,234,mlp_corr_top1_rand5,f1,2
2020-06-01,274.16225778610846,234,mlp_corr_top1_rand5,f1,2
2020-07-01,364.51966671281565,234,mlp_corr_top1_rand5,f1,2
2020-08-01,389.8054557265347,234,mlp_corr_top1_rand5,f1,2
2020-09-01,669.6538418855438,234,mlp_corr_top1_rand5,f1,2
2020-10-01,459.47668367274184,234,mlp_corr_top1_rand5,f1,2
2020-11-01,316.6071699505098,234,mlp_corr_top1_rand5,f1,2
2020-12-01,343.7950025201828,234,mlp_corr_top1_rand5,f1,2
2019-08-01,318.2731952356106,234,gbm_corr_top1_2hop_rand5,f1,2
2019-09-01,331.98246240723324,234,gbm_corr_top1_2hop_rand5,f1,2
2019-10-01,321.8522923964165,234,gbm_corr_top1_2hop_rand5,f1,2
2019-11-01,383.303249727453,234,gbm_corr_top1_2hop_rand5,f1,2
2019-12-01,375.60971676218907,234,gbm_corr_top1_2hop_rand5,f1,2
2020-01-01,348.7097656381547,234,gbm_corr_top1_2hop_rand5,f1,2
2020-02-01,259.8951531130142,234,gbm_corr_top1_2hop_rand5,f1,2
2020-03-01,370.00446753704705,234,gbm_corr_top1_2hop_rand5,f1,2
2020-04-01,381.5044732687201,234,gbm_corr_top1_2hop_rand5,f1,2
2020-05-01,379.32510997634944,234,gbm_corr_top1_2hop_rand5,f1,2
2020-06-01,276.17743046270886,234,gbm_corr_top1_2hop_rand5,f1,2
2020-07-01,356.7474822979178,234,gbm_corr_top1_2hop_rand5,f1,2
2020-08-01,391.29292770512296,234,gbm_corr_top1_2hop_rand5,f1,2
2020-09-01,657.5625801882516,234,gbm_corr_top1_2hop_rand5,f1,2
2020-10-01,454.94094190827946,234,gbm_corr_top1_2hop_rand5,f1,2
2020-11-01,298.1003794093448,234,gbm_corr_top1_2hop_rand5,f1,2
2020-12-01,331.18091269539286,234,gbm_corr_top1_2hop_rand5,f1,2
2019-08-01,315.82252566720797,234,gbm_corr_top1_rand6,f1,2
2019-09-01,332.32998276501127,234,gbm_corr_top1_rand6,f1,2
2019-10-01,322.21200189441055,234,gbm_corr_top1_rand6,f1,2
2019-11-01,381.67092269244836,234,gbm_corr_top1_rand6,f1,2
2019-12-01,375.94755475975575,234,gbm_corr_top1_rand6,f1,2
2020-01-01,350.63940385697117,234,gbm_corr_top1_rand6,f1,2
2020-02-01,266.5390208306118,234,gbm_corr_top1_rand6,f1,2
2020-03-01,374.2217799319353,234,gbm_corr_top1_rand6,f1,2
2020-04-01,380.5892105845452,234,gbm_corr_top1_rand6,f1,2
2020-05-01,391.26179175592995,234,gbm_corr_top1_rand6,f1,2
2020-06-01,275.5429749913303,234,gbm_corr_top1_rand6,f1,2
2020-07-01,373.9090373171527,234,gbm_corr_top1_rand6,f1,2
2020-08-01,391.69365834937526,234,gbm_corr_top1_rand6,f1,2
2020-09-01,675.9048957475925,234,gbm_corr_top1_rand6,f1,2
2020-10-01,460.84310219283344,234,gbm_corr_top1_rand6,f1,2
2020-11-01,313.9829189303563,234,gbm_corr_top1_rand6,f1,2
2020-12-01,350.59575409193553,234,gbm_corr_top1_rand6,f1,2
2019-08-01,314.284149249517,234,mlp_corr_top1_rand6,f1,2
2019-09-01,328.2378442473151,234,mlp_corr_top1_rand6,f1,2
2019-10-01,319.2576297217332,234,mlp_corr_top1_rand6,f1,2
2019-11-01,381.98958072087447,234,mlp_corr_top1_rand6,f1,2
2019-12-01,373.19658101211627,234,mlp_corr_top1_rand6,f1,2
2020-01-01,350.2933282555877,234,mlp_corr_top1_rand6,f1,2
2020-02-01,265.8802160682412,234,mlp_corr_top1_rand6,f1,2
2020-03-01,379.3089375177935,234,mlp_corr_top1_rand6,f1,2
2020-04-01,389.3046628478989,234,mlp_corr_top1_rand6,f1,2
2020-05-01,397.96980246595797,234,mlp_corr_top1_rand6,f1,2
2020-06-01,276.4808823465849,234,mlp_corr_top1_rand6,f1,2
2020-07-01,366.9138237809816,234,mlp_corr_top1_rand6,f1,2
2020-08-01,390.38115955121447,234,mlp_corr_top1_rand6,f1,2
2020-09-01,669.9429124549295,234,mlp_corr_top1_rand6,f1,2
2020-10-01,465.6676064372422,234,mlp_corr_top1_rand6,f1,2
2020-11-01,326.5849036607358,234,mlp_corr_top1_rand6,f1,2
2020-12-01,350.00047490318053,234,mlp_corr_top1_rand6,f1,2
2019-08-01,314.6312789057759,234,gbm_corr_top1_2hop_rand6,f1,2
2019-09-01,329.92828999523044,234,gbm_corr_top1_2hop_rand6,f1,2
2019-10-01,321.66254083169684,234,gbm_corr_top1_2hop_rand6,f1,2
2019-11-01,387.0695494176336,234,gbm_corr_top1_2hop_rand6,f1,2
2019-12-01,376.0443903960262,234,gbm_corr_top1_2hop_rand6,f1,2
2020-01-01,351.0182107621575,234,gbm_corr_top1_2hop_rand6,f1,2
2020-02-01,265.9302877384048,234,gbm_corr_top1_2hop_rand6,f1,2
2020-03-01,374.8285965378945,234,gbm_corr_top1_2hop_rand6,f1,2
2020-04-01,381.4722512385776,234,gbm_corr_top1_2hop_rand6,f1,2
2020-05-01,392.93734279029894,234,gbm_corr_top1_2hop_rand6,f1,2
2020-06-01,274.04512198223466,234,gbm_corr_top1_2hop_rand6,f1,2
2020-07-01,375.1826481638306,234,gbm_corr_top1_2hop_rand6,f1,2
2020-08-01,393.87105078969034,234,gbm_corr_top1_2hop_rand6,f1,2
2020-09-01,672.4376112792263,234,gbm_corr_top1_2hop_rand6,f1,2
2020-10-01,460.6697362590741,234,gbm_corr_top1_2hop_rand6,f1,2
2020-11-01,314.0189413876348,234,gbm_corr_top1_2hop_rand6,f1,2
2020-12-01,345.94731613962205,234,gbm_corr_top1_2hop_rand6,f1,2
2019-08-01,314.4181119043213,234,gbm_corr_top1_rand7,f1,2
2019-09-01,329.36154705387935,234,gbm_corr_top1_rand7,f1,2
2019-10-01,317.9826709725554,234,gbm_corr_top1_rand7,f1,2
2019-11-01,379.66136916030104,234,gbm_corr_top1_rand7,f1,2
2019-12-01,377.18951203453065,234,gbm_corr_top1_rand7,f1,2
2020-01-01,348.12521719398075,234,gbm_corr_top1_rand7,f1,2
2020-02-01,258.460226046832,234,gbm_corr_top1_rand7,f1,2
2020-03-01,370.5844677591624,234,gbm_corr_top1_rand7,f1,2
2020-04-01,382.0450073306372,234,gbm_corr_top1_rand7,f1,2
2020-05-01,390.7923020730799,234,gbm_corr_top1_rand7,f1,2
2020-06-01,270.1885977150846,234,gbm_corr_top1_rand7,f1,2
2020-07-01,366.8277387502941,234,gbm_corr_top1_rand7,f1,2
2020-08-01,381.6526267082266,234,gbm_corr_top1_rand7,f1,2
2020-09-01,667.8776955068939,234,gbm_corr_top1_rand7,f1,2
2020-10-01,446.3532684248554,234,gbm_corr_top1_rand7,f1,2
2020-11-01,308.8774008542911,234,gbm_corr_top1_rand7,f1,2
2020-12-01,334.16831097941974,234,gbm_corr_top1_rand7,f1,2
2019-08-01,316.73891667193044,234,mlp_corr_top1_rand7,f1,2
2019-09-01,328.56458471115786,234,mlp_corr_top1_rand7,f1,2
2019-10-01,319.25256806170825,234,mlp_corr_top1_rand7,f1,2
2019-11-01,383.59255758143485,234,mlp_corr_top1_rand7,f1,2
2019-12-01,374.2506619112391,234,mlp_corr_top1_rand7,f1,2
2020-01-01,346.046190026574,234,mlp_corr_top1_rand7,f1,2
2020-02-01,259.2774308065747,234,mlp_corr_top1_rand7,f1,2
2020-03-01,373.8076967015019,234,mlp_corr_top1_rand7,f1,2
2020-04-01,384.7031335669767,234,mlp_corr_top1_rand7,f1,2
2020-05-01,395.81865523835256,234,mlp_corr_top1_rand7,f1,2
2020-06-01,275.9709136758668,234,mlp_corr_top1_rand7,f1,2
2020-07-01,371.73191434346296,234,mlp_corr_top1_rand7,f1,2
2020-08-01,390.0326268237033,234,mlp_corr_top1_rand7,f1,2
2020-09-01,670.9476652350136,234,mlp_corr_top1_rand7,f1,2
2020-10-01,457.84276695745297,234,mlp_corr_top1_rand7,f1,2
2020-11-01,324.69771609803774,234,mlp_corr_top1_rand7,f1,2
2020-12-01,346.7073809633112,234,mlp_corr_top1_rand7,f1,2
2019-08-01,313.4432120754613,234,gbm_corr_top1_2hop_rand7,f1,2
2019-09-01,326.9040444506752,234,gbm_corr_top1_2hop_rand7,f1,2
2019-10-01,318.3236610962733,234,gbm_corr_top1_2hop_rand7,f1,2
2019-11-01,379.95170330500366,234,gbm_corr_top1_2hop_rand7,f1,2
2019-12-01,378.12925740411765,234,gbm_corr_top1_2hop_rand7,f1,2
2020-01-01,350.40875611469824,234,gbm_corr_top1_2hop_rand7,f1,2
2020-02-01,256.86477745063166,234,gbm_corr_top1_2hop_rand7,f1,2
2020-03-01,372.2546608656357,234,gbm_corr_top1_2hop_rand7,f1,2
2020-04-01,382.18874764735233,234,gbm_corr_top1_2hop_rand7,f1,2
2020-05-01,386.98025597725615,234,gbm_corr_top1_2hop_rand7,f1,2
2020-06-01,276.04113070715437,234,gbm_corr_top1_2hop_rand7,f1,2
2020-07-01,363.32173293618666,234,gbm_corr_top1_2hop_rand7,f1,2
2020-08-01,381.04280762189387,234,gbm_corr_top1_2hop_rand7,f1,2
2020-09-01,662.9562622544315,234,gbm_corr_top1_2hop_rand7,f1,2
2020-10-01,451.0669992515945,234,gbm_corr_top1_2hop_rand7,f1,2
2020-11-01,311.799236593289,234,gbm_corr_top1_2hop_rand7,f1,2
2020-12-01,335.6639516903723,234,gbm_corr_top1_2hop_rand7,f1,2
2019-08-01,314.12043413481825,234,gbm_corr_top1_rand8,f1,2
2019-09-01,329.9363315783292,234,gbm_corr_top1_rand8,f1,2
2019-10-01,324.64821787818516,234,gbm_corr_top1_rand8,f1,2
2019-11-01,382.0321695374312,234,gbm_corr_top1_rand8,f1,2
2019-12-01,378.5539159255013,234,gbm_corr_top1_rand8,f1,2
2020-01-01,352.19579204503555,234,gbm_corr_top1_rand8,f1,2
2020-02-01,261.12599502114455,234,gbm_corr_top1_rand8,f1,2
2020-03-01,372.29454917393065,234,gbm_corr_top1_rand8,f1,2
2020-04-01,383.3258426213273,234,gbm_corr_top1_rand8,f1,2
2020-05-01,389.1296442338889,234,gbm_corr_top1_rand8,f1,2
2020-06-01,272.31481825284305,234,gbm_corr_top1_rand8,f1,2
2020-07-01,357.0798186372532,234,gbm_corr_top1_rand8,f1,2
2020-08-01,386.6596728982701,234,gbm_corr_top1_rand8,f1,2
2020-09-01,671.2532736056276,234,gbm_corr_top1_rand8,f1,2
2020-10-01,448.27443996325144,234,gbm_corr_top1_rand8,f1,2
2020-11-01,312.9753928166849,234,gbm_corr_top1_rand8,f1,2
2020-12-01,337.8296900240397,234,gbm_corr_top1_rand8,f1,2
2019-08-01,317.3078323178169,234,mlp_corr_top1_rand8,f1,2
2019-09-01,327.6348945041074,234,mlp_corr_top1_rand8,f1,2
2019-10-01,316.54619406558373,234,mlp_corr_top1_rand8,f1,2
2019-11-01,382.87332157541726,234,mlp_corr_top1_rand8,f1,2
2019-12-01,375.3249722676289,234,mlp_corr_top1_rand8,f1,2
2020-01-01,349.9510721611355,234,mlp_corr_top1_rand8,f1,2
2020-02-01,260.5294886660456,234,mlp_corr_top1_rand8,f1,2
2020-03-01,373.5365865962022,234,mlp_corr_top1_rand8,f1,2
2020-04-01,380.52799006874005,234,mlp_corr_top1_rand8,f1,2
2020-05-01,392.9238012014591,234,mlp_corr_top1_rand8,f1,2
2020-06-01,276.8776990706113,234,mlp_corr_top1_rand8,f1,2
2020-07-01,369.9007760097436,234,mlp_corr_top1_rand8,f1,2
2020-08-01,395.63971031908983,234,mlp_corr_top1_rand8,f1,2
2020-09-01,664.5408814520923,234,mlp_corr_top1_rand8,f1,2
2020-10-01,457.36263127452315,234,mlp_corr_top1_rand8,f1,2
2020-11-01,324.52038202646605,234,mlp_corr_top1_rand8,f1,2
2020-12-01,348.6372639984698,234,mlp_corr_top1_rand8,f1,2
2019-08-01,311.49327947797144,234,gbm_corr_top1_2hop_rand8,f1,2
2019-09-01,331.46317439782206,234,gbm_corr_top1_2hop_rand8,f1,2
2019-10-01,326.95197961298516,234,gbm_corr_top1_2hop_rand8,f1,2
2019-11-01,381.5247681111356,234,gbm_corr_top1_2hop_rand8,f1,2
2019-12-01,380.64471748966906,234,gbm_corr_top1_2hop_rand8,f1,2
2020-01-01,351.65109120613715,234,gbm_corr_top1_2hop_rand8,f1,2
2020-02-01,264.943881909723,234,gbm_corr_top1_2hop_rand8,f1,2
2020-03-01,373.77038103237754,234,gbm_corr_top1_2hop_rand8,f1,2
2020-04-01,385.91503351920056,234,gbm_corr_top1_2hop_rand8,f1,2
2020-05-01,394.49514044839566,234,gbm_corr_top1_2hop_rand8,f1,2
2020-06-01,274.15095840566283,234,gbm_corr_top1_2hop_rand8,f1,2
2020-07-01,361.5246651053385,234,gbm_corr_top1_2hop_rand8,f1,2
2020-08-01,386.2226202533399,234,gbm_corr_top1_2hop_rand8,f1,2
2020-09-01,667.8600796199778,234,gbm_corr_top1_2hop_rand8,f1,2
2020-10-01,453.36801366733624,234,gbm_corr_top1_2hop_rand8,f1,2
2020-11-01,313.62539498204956,234,gbm_corr_top1_2hop_rand8,f1,2
2020-12-01,331.51164375922457,234,gbm_corr_top1_2hop_rand8,f1,2
2019-08-01,315.8905310989311,234,gbm_corr_top1_rand9,f1,2
2019-09-01,332.7727243099256,234,gbm_corr_top1_rand9,f1,2
2019-10-01,316.35011665878244,234,gbm_corr_top1_rand9,f1,2
2019-11-01,381.8756400627537,234,gbm_corr_top1_rand9,f1,2
2019-12-01,375.7091375280841,234,gbm_corr_top1_rand9,f1,2
2020-01-01,348.4598421739419,234,gbm_corr_top1_rand9,f1,2
2020-02-01,259.0409407625961,234,gbm_corr_top1_rand9,f1,2
2020-03-01,375.9317329969384,234,gbm_corr_top1_rand9,f1,2
2020-04-01,381.49364907038085,234,gbm_corr_top1_rand9,f1,2
2020-05-01,382.41168285679083,234,gbm_corr_top1_rand9,f1,2
2020-06-01,276.02452281880716,234,gbm_corr_top1_rand9,f1,2
2020-07-01,367.8967229377899,234,gbm_corr_top1_rand9,f1,2
2020-08-01,381.9076479770093,234,gbm_corr_top1_rand9,f1,2
2020-09-01,660.0942777603124,234,gbm_corr_top1_rand9,f1,2
2020-10-01,448.95752268629525,234,gbm_corr_top1_rand9,f1,2
2020-11-01,306.88461724342983,234,gbm_corr_top1_rand9,f1,2
2020-12-01,337.0794720522064,234,gbm_corr_top1_rand9,f1,2
2019-08-01,314.8943549950472,234,mlp_corr_top1_rand9,f1,2
2019-09-01,329.8970364756883,234,mlp_corr_top1_rand9,f1,2
2019-10-01,317.0699291588708,234,mlp_corr_top1_rand9,f1,2
2019-11-01,379.87630583035764,234,mlp_corr_top1_rand9,f1,2
2019-12-01,370.11214921210893,234,mlp_corr_top1_rand9,f1,2
2020-01-01,349.04459826300325,234,mlp_corr_top1_rand9,f1,2
2020-02-01,258.70445662729276,234,mlp_corr_top1_rand9,f1,2
2020-03-01,374.83737067288706,234,mlp_corr_top1_rand9,f1,2
2020-04-01,382.9748157382541,234,mlp_corr_top1_rand9,f1,2
2020-05-01,388.4615878790601,234,mlp_corr_top1_rand9,f1,2
2020-06-01,271.93870795770164,234,mlp_corr_top1_rand9,f1,2
2020-07-01,367.00667748183133,234,mlp_corr_top1_rand9,f1,2
2020-08-01,386.86868875625004,234,mlp_corr_top1_rand9,f1,2
2020-09-01,664.9531011697045,234,mlp_corr_top1_rand9,f1,2
2020-10-01,459.1484529025722,234,mlp_corr_top1_rand9,f1,2
2020-11-01,319.0989614127328,234,mlp_corr_top1_rand9,f1,2
2020-12-01,343.30506462076625,234,mlp_corr_top1_rand9,f1,2
2019-08-01,311.9688368754432,234,gbm_corr_top1_2hop_rand9,f1,2
2019-09-01,328.72491739915455,234,gbm_corr_top1_2hop_rand9,f1,2
2019-10-01,314.3442906644542,234,gbm_corr_top1_2hop_rand9,f1,2
2019-11-01,377.98967016382437,234,gbm_corr_top1_2hop_rand9,f1,2
2019-12-01,374.99411830642197,234,gbm_corr_top1_2hop_rand9,f1,2
2020-01-01,349.5746120386365,234,gbm_corr_top1_2hop_rand9,f1,2
2020-02-01,258.0607978042898,234,gbm_corr_top1_2hop_rand9,f1,2
2020-03-01,373.6501942255761,234,gbm_corr_top1_2hop_rand9,f1,2
2020-04-01,378.34588698485413,234,gbm_corr_top1_2hop_rand9,f1,2
2020-05-01,386.5411250765038,234,gbm_corr_top1_2hop_rand9,f1,2
2020-06-01,277.8738203236325,234,gbm_corr_top1_2hop_rand9,f1,2
2020-07-01,366.7759665879949,234,gbm_corr_top1_2hop_rand9,f1,2
2020-08-01,378.24571178701524,234,gbm_corr_top1_2hop_rand9,f1,2
2020-09-01,650.7181578716976,234,gbm_corr_top1_2hop_rand9,f1,2
2020-10-01,452.2163196840272,234,gbm_corr_top1_2hop_rand9,f1,2
2020-11-01,309.04879619838965,234,gbm_corr_top1_2hop_rand9,f1,2
2020-12-01,336.60726225699665,234,gbm_corr_top1_2hop_rand9,f1,2
2019-08-01,320.46346058861064,234,gbm_corr_top1_rand10,f1,2
2019-09-01,336.37439367952186,234,gbm_corr_top1_rand10,f1,2
2019-10-01,321.44431266713946,234,gbm_corr_top1_rand10,f1,2
2019-11-01,383.2824806268801,234,gbm_corr_top1_rand10,f1,2
2019-12-01,375.079204012488,234,gbm_corr_top1_rand10,f1,2
2020-01-01,353.6462102713171,234,gbm_corr_top1_rand10,f1,2
2020-02-01,255.8725456899898,234,gbm_corr_top1_rand10,f1,2
2020-03-01,373.0939076866298,234,gbm_corr_top1_rand10,f1,2
2020-04-01,379.19895586725994,234,gbm_corr_top1_rand10,f1,2
2020-05-01,387.4126010763146,234,gbm_corr_top1_rand10,f1,2
2020-06-01,270.82382789197663,234,gbm_corr_top1_rand10,f1,2
2020-07-01,368.40328694184495,234,gbm_corr_top1_rand10,f1,2
2020-08-01,388.1756094056417,234,gbm_corr_top1_rand10,f1,2
2020-09-01,660.0686613018967,234,gbm_corr_top1_rand10,f1,2
2020-10-01,452.5659031175987,234,gbm_corr_top1_rand10,f1,2
2020-11-01,307.0702665337505,234,gbm_corr_top1_rand10,f1,2
2020-12-01,331.1530258399891,234,gbm_corr_top1_rand10,f1,2
2019-08-01,319.3908513530658,234,mlp_corr_top1_rand10,f1,2
2019-09-01,329.5256183042237,234,mlp_corr_top1_rand10,f1,2
2019-10-01,316.84205079294344,234,mlp_corr_top1_rand10,f1,2
2019-11-01,384.5568049479953,234,mlp_corr_top1_rand10,f1,2
2019-12-01,374.5381149681688,234,mlp_corr_top1_rand10,f1,2
2020-01-01,350.36441383000755,234,mlp_corr_top1_rand10,f1,2
2020-02-01,262.125918161734,234,mlp_corr_top1_rand10,f1,2
2020-03-01,373.47669350366215,234,mlp_corr_top1_rand10,f1,2
2020-04-01,385.1843246034296,234,mlp_corr_top1_rand10,f1,2
2020-05-01,391.8916414623015,234,mlp_corr_top1_rand10,f1,2
2020-06-01,277.8537298670446,234,mlp_corr_top1_rand10,f1,2
2020-07-01,373.38543700468307,234,mlp_corr_top1_rand10,f1,2
2020-08-01,388.81557785814164,234,mlp_corr_top1_rand10,f1,2
2020-09-01,664.206799488842,234,mlp_corr_top1_rand10,f1,2
2020-10-01,461.4228337396816,234,mlp_corr_top1_rand10,f1,2
2020-11-01,322.1718715429047,234,mlp_corr_top1_rand10,f1,2
2020-12-01,344.5970356796718,234,mlp_corr_top1_rand10,f1,2
2019-08-01,320.4985683111919,234,gbm_corr_top1_2hop_rand10,f1,2
2019-09-01,332.18392288173754,234,gbm_corr_top1_2hop_rand10,f1,2
2019-10-01,318.63572839897193,234,gbm_corr_top1_2hop_rand10,f1,2
2019-11-01,383.07821320376314,234,gbm_corr_top1_2hop_rand10,f1,2
2019-12-01,374.7675041550059,234,gbm_corr_top1_2hop_rand10,f1,2
2020-01-01,352.388453500186,234,gbm_corr_top1_2hop_rand10,f1,2
2020-02-01,256.92748849088787,234,gbm_corr_top1_2hop_rand10,f1,2
2020-03-01,374.5466542568889,234,gbm_corr_top1_2hop_rand10,f1,2
2020-04-01,375.80587057292155,234,gbm_corr_top1_2hop_rand10,f1,2
2020-05-01,384.95403560971135,234,gbm_corr_top1_2hop_rand10,f1,2
2020-06-01,270.75336947503274,234,gbm_corr_top1_2hop_rand10,f1,2
2020-07-01,366.7658766610675,234,gbm_corr_top1_2hop_rand10,f1,2
2020-08-01,387.31353457843545,234,gbm_corr_top1_2hop_rand10,f1,2
2020-09-01,662.8986862037469,234,gbm_corr_top1_2hop_rand10,f1,2
2020-10-01,452.5213055331415,234,gbm_corr_top1_2hop_rand10,f1,2
2020-11-01,310.08183203021315,234,gbm_corr_top1_2hop_rand10,f1,2
2020-12-01,334.47119104527076,234,gbm_corr_top1_2hop_rand10,f1,2
2019-08-01,317.2533020968079,234,gbm_corr_top1_rand11,f1,2
2019-09-01,325.15544931408857,234,gbm_corr_top1_rand11,f1,2
2019-10-01,322.41869707351043,234,gbm_corr_top1_rand11,f1,2
2019-11-01,384.4074224738217,234,gbm_corr_top1_rand11,f1,2
2019-12-01,376.9663774884536,234,gbm_corr_top1_rand11,f1,2
2020-01-01,349.0723819188747,234,gbm_corr_top1_rand11,f1,2
2020-02-01,257.3696416278352,234,gbm_corr_top1_rand11,f1,2
2020-03-01,373.6579669439058,234,gbm_corr_top1_rand11,f1,2
2020-04-01,385.2714908244117,234,gbm_corr_top1_rand11,f1,2
2020-05-01,388.64762343790363,234,gbm_corr_top1_rand11,f1,2
2020-06-01,275.8615403884368,234,gbm_corr_top1_rand11,f1,2
2020-07-01,363.87757395616956,234,gbm_corr_top1_rand11,f1,2
2020-08-01,388.1567801221093,234,gbm_corr_top1_rand11,f1,2
2020-09-01,667.8198406820994,234,gbm_corr_top1_rand11,f1,2
2020-10-01,457.18499092460326,234,gbm_corr_top1_rand11,f1,2
2020-11-01,318.3645376050561,234,gbm_corr_top1_rand11,f1,2
2020-12-01,336.1563835749222,234,gbm_corr_top1_rand11,f1,2
2019-08-01,315.11634436114696,234,mlp_corr_top1_rand11,f1,2
2019-09-01,325.78853187224047,234,mlp_corr_top1_rand11,f1,2
2019-10-01,319.2197856104765,234,mlp_corr_top1_rand11,f1,2
2019-11-01,383.9996949719935,234,mlp_corr_top1_rand11,f1,2
2019-12-01,376.48649082056033,234,mlp_corr_top1_rand11,f1,2
2020-01-01,348.4656608097676,234,mlp_corr_top1_rand11,f1,2
2020-02-01,262.00287589665146,234,mlp_corr_top1_rand11,f1,2
2020-03-01,375.6288714040335,234,mlp_corr_top1_rand11,f1,2
2020-04-01,389.2295896492776,234,mlp_corr_top1_rand11,f1,2
2020-05-01,398.8096574114382,234,mlp_corr_top1_rand11,f1,2
2020-06-01,275.7228042324273,234,mlp_corr_top1_rand11,f1,2
2020-07-01,370.1629561591868,234,mlp_corr_top1_rand11,f1,2
2020-08-01,391.55801325937506,234,mlp_corr_top1_rand11,f1,2
2020-09-01,670.3450693298802,234,mlp_corr_top1_rand11,f1,2
2020-10-01,467.2461137692697,234,mlp_corr_top1_rand11,f1,2
2020-11-01,326.87750936965114,234,mlp_corr_top1_rand11,f1,2
2020-12-01,346.63467055622266,234,mlp_corr_top1_rand11,f1,2
2019-08-01,315.11628533835585,234,gbm_corr_top1_2hop_rand11,f1,2
2019-09-01,325.6168467584236,234,gbm_corr_top1_2hop_rand11,f1,2
2019-10-01,324.04624312641613,234,gbm_corr_top1_2hop_rand11,f1,2
2019-11-01,383.01785245830195,234,gbm_corr_top1_2hop_rand11,f1,2
2019-12-01,379.47601619635765,234,gbm_corr_top1_2hop_rand11,f1,2
2020-01-01,355.59024197189905,234,gbm_corr_top1_2hop_rand11,f1,2
2020-02-01,261.08926571375775,234,gbm_corr_top1_2hop_rand11,f1,2
2020-03-01,372.7413449538515,234,gbm_corr_top1_2hop_rand11,f1,2
2020-04-01,389.0881928490279,234,gbm_corr_top1_2hop_rand11,f1,2
2020-05-01,388.88295716157336,234,gbm_corr_top1_2hop_rand11,f1,2
2020-06-01,274.8107933832167,234,gbm_corr_top1_2hop_rand11,f1,2
2020-07-01,365.5442254365739,234,gbm_corr_top1_2hop_rand11,f1,2
2020-08-01,386.68162324823214,234,gbm_corr_top1_2hop_rand11,f1,2
2020-09-01,668.0285547062044,234,gbm_corr_top1_2hop_rand11,f1,2
2020-10-01,461.93695778159696,234,gbm_corr_top1_2hop_rand11,f1,2
2020-11-01,321.31599192113754,234,gbm_corr_top1_2hop_rand11,f1,2
2020-12-01,329.4978853977301,234,gbm_corr_top1_2hop_rand11,f1,2
2019-08-01,315.04645349348954,234,gbm_corr_top1_rand12,f1,2
2019-09-01,335.593220748151,234,gbm_corr_top1_rand12,f1,2
2019-10-01,318.7971213911095,234,gbm_corr_top1_rand12,f1,2
2019-11-01,386.5191086491861,234,gbm_corr_top1_rand12,f1,2
2019-12-01,383.01157849403813,234,gbm_corr_top1_rand12,f1,2
2020-01-01,349.16486875244937,234,gbm_corr_top1_rand12,f1,2
2020-02-01,257.37741932743387,234,gbm_corr_top1_rand12,f1,2
2020-03-01,367.4546019953255,234,gbm_corr_top1_rand12,f1,2
2020-04-01,379.1835705096206,234,gbm_corr_top1_rand12,f1,2
2020-05-01,381.4504825086258,234,gbm_corr_top1_rand12,f1,2
2020-06-01,272.4056542906647,234,gbm_corr_top1_rand12,f1,2
2020-07-01,367.1625535954392,234,gbm_corr_top1_rand12,f1,2
2020-08-01,383.1580581519531,234,gbm_corr_top1_rand12,f1,2
2020-09-01,663.5826688133402,234,gbm_corr_top1_rand12,f1,2
2020-10-01,456.4568182360154,234,gbm_corr_top1_rand12,f1,2
2020-11-01,313.5887645727212,234,gbm_corr_top1_rand12,f1,2
2020-12-01,344.84181953297997,234,gbm_corr_top1_rand12,f1,2
2019-08-01,312.39336745283583,234,mlp_corr_top1_rand12,f1,2
2019-09-01,330.13411062994254,234,mlp_corr_top1_rand12,f1,2
2019-10-01,320.98338129381926,234,mlp_corr_top1_rand12,f1,2
2019-11-01,382.7097924469503,234,mlp_corr_top1_rand12,f1,2
2019-12-01,372.49823629997144,234,mlp_corr_top1_rand12,f1,2
2020-01-01,348.10511691656274,234,mlp_corr_top1_rand12,f1,2
2020-02-01,256.7137918356826,234,mlp_corr_top1_rand12,f1,2
2020-03-01,370.3857408278476,234,mlp_corr_top1_rand12,f1,2
2020-04-01,383.6299977691647,234,mlp_corr_top1_rand12,f1,2
2020-05-01,383.3245906342229,234,mlp_corr_top1_rand12,f1,2
2020-06-01,268.6534984282138,234,mlp_corr_top1_rand12,f1,2
2020-07-01,357.2344254301453,234,mlp_corr_top1_rand12,f1,2
2020-08-01,378.9884086320983,234,mlp_corr_top1_rand12,f1,2
2020-09-01,658.3618079117646,234,mlp_corr_top1_rand12,f1,2
2020-10-01,448.7107899705122,234,mlp_corr_top1_rand12,f1,2
2020-11-01,309.39002172387876,234,mlp_corr_top1_rand12,f1,2
2020-12-01,335.4960753730902,234,mlp_corr_top1_rand12,f1,2
2019-08-01,311.33526427431104,234,gbm_corr_top1_2hop_rand12,f1,2
2019-09-01,331.4853982281795,234,gbm_corr_top1_2hop_rand12,f1,2
2019-10-01,323.7143590500425,234,gbm_corr_top1_2hop_rand12,f1,2
2019-11-01,382.7292278004563,234,gbm_corr_top1_2hop_rand12,f1,2
2019-12-01,380.71987932037854,234,gbm_corr_top1_2hop_rand12,f1,2
2020-01-01,356.42340786385074,234,gbm_corr_top1_2hop_rand12,f1,2
2020-02-01,257.9877411123722,234,gbm_corr_top1_2hop_rand12,f1,2
2020-03-01,367.470332480507,234,gbm_corr_top1_2hop_rand12,f1,2
2020-04-01,380.12128410438675,234,gbm_corr_top1_2hop_rand12,f1,2
2020-05-01,384.6927053583541,234,gbm_corr_top1_2hop_rand12,f1,2
2020-06-01,273.0242453992846,234,gbm_corr_top1_2hop_rand12,f1,2
2020-07-01,360.9321486044696,234,gbm_corr_top1_2hop_rand12,f1,2
2020-08-01,385.66622429966344,234,gbm_corr_top1_2hop_rand12,f1,2
2020-09-01,660.1121625582914,234,gbm_corr_top1_2hop_rand12,f1,2
2020-10-01,454.44960168635515,234,gbm_corr_top1_2hop_rand12,f1,2
2020-11-01,315.22971951881345,234,gbm_corr_top1_2hop_rand12,f1,2
2020-12-01,346.4135817627313,234,gbm_corr_top1_2hop_rand12,f1,2
2019-08-01,316.3890468191351,234,gbm_corr_top1_rand13,f1,2
2019-09-01,332.4454490362923,234,gbm_corr_top1_rand13,f1,2
2019-10-01,317.4827997043256,234,gbm_corr_top1_rand13,f1,2
2019-11-01,381.625605917005,234,gbm_corr_top1_rand13,f1,2
2019-12-01,377.0611478016025,234,gbm_corr_top1_rand13,f1,2
2020-01-01,350.10449072977036,234,gbm_corr_top1_rand13,f1,2
2020-02-01,259.7598568957184,234,gbm_corr_top1_rand13,f1,2
2020-03-01,371.5703748435141,234,gbm_corr_top1_rand13,f1,2
2020-04-01,379.2256089329165,234,gbm_corr_top1_rand13,f1,2
2020-05-01,382.96255199857563,234,gbm_corr_top1_rand13,f1,2
2020-06-01,274.5615791929204,234,gbm_corr_top1_rand13,f1,2
2020-07-01,365.81793640951673,234,gbm_corr_top1_rand13,f1,2
2020-08-01,385.6895520530096,234,gbm_corr_top1_rand13,f1,2
2020-09-01,665.400651728866,234,gbm_corr_top1_rand13,f1,2
2020-10-01,459.58268083262476,234,gbm_corr_top1_rand13,f1,2
2020-11-01,311.6826538786155,234,gbm_corr_top1_rand13,f1,2
2020-12-01,337.5316430887856,234,gbm_corr_top1_rand13,f1,2
2019-08-01,320.4436971979081,234,mlp_corr_top1_rand13,f1,2
2019-09-01,327.70873117035393,234,mlp_corr_top1_rand13,f1,2
2019-10-01,315.1824774092043,234,mlp_corr_top1_rand13,f1,2
2019-11-01,384.28042739527876,234,mlp_corr_top1_rand13,f1,2
2019-12-01,375.8381805911582,234,mlp_corr_top1_rand13,f1,2
2020-01-01,351.2967199922207,234,mlp_corr_top1_rand13,f1,2
2020-02-01,259.97157026505914,234,mlp_corr_top1_rand13,f1,2
2020-03-01,369.3364906927582,234,mlp_corr_top1_rand13,f1,2
2020-04-01,382.039798272815,234,mlp_corr_top1_rand13,f1,2
2020-05-01,388.6787722843657,234,mlp_corr_top1_rand13,f1,2
2020-06-01,275.3862976204677,234,mlp_corr_top1_rand13,f1,2
2020-07-01,367.58498452769237,234,mlp_corr_top1_rand13,f1,2
2020-08-01,388.46803238500434,234,mlp_corr_top1_rand13,f1,2
2020-09-01,663.9791713878952,234,mlp_corr_top1_rand13,f1,2
2020-10-01,459.1056268039075,234,mlp_corr_top1_rand13,f1,2
2020-11-01,321.69907664864644,234,mlp_corr_top1_rand13,f1,2
2020-12-01,345.04170882331834,234,mlp_corr_top1_rand13,f1,2
2019-08-01,316.6436625991041,234,gbm_corr_top1_2hop_rand13,f1,2
2019-09-01,329.98729792035374,234,gbm_corr_top1_2hop_rand13,f1,2
2019-10-01,314.7048886027084,234,gbm_corr_top1_2hop_rand13,f1,2
2019-11-01,383.41792400043425,234,gbm_corr_top1_2hop_rand13,f1,2
2019-12-01,373.5322574217676,234,gbm_corr_top1_2hop_rand13,f1,2
2020-01-01,348.1530044057958,234,gbm_corr_top1_2hop_rand13,f1,2
2020-02-01,260.69587849087475,234,gbm_corr_top1_2hop_rand13,f1,2
2020-03-01,375.1267485008569,234,gbm_corr_top1_2hop_rand13,f1,2
2020-04-01,377.24452251358855,234,gbm_corr_top1_2hop_rand13,f1,2
2020-05-01,385.8378541122741,234,gbm_corr_top1_2hop_rand13,f1,2
2020-06-01,277.53262504367234,234,gbm_corr_top1_2hop_rand13,f1,2
2020-07-01,366.8461106073946,234,gbm_corr_top1_2hop_rand13,f1,2
2020-08-01,383.91770711342093,234,gbm_corr_top1_2hop_rand13,f1,2
2020-09-01,663.4062165208088,234,gbm_corr_top1_2hop_rand13,f1,2
2020-10-01,455.3730615016039,234,gbm_corr_top1_2hop_rand13,f1,2
2020-11-01,308.26963868412315,234,gbm_corr_top1_2hop_rand13,f1,2
2020-12-01,335.58300462255414,234,gbm_corr_top1_2hop_rand13,f1,2
2019-08-01,316.37650792792056,234,gbm_corr_top1_rand14,f1,2
2019-09-01,330.66361766476183,234,gbm_corr_top1_rand14,f1,2
2019-10-01,320.5628038395521,234,gbm_corr_top1_rand14,f1,2
2019-11-01,384.52147972240107,234,gbm_corr_top1_rand14,f1,2
2019-12-01,373.6177598715287,234,gbm_corr_top1_rand14,f1,2
2020-01-01,348.84124146615136,234,gbm_corr_top1_rand14,f1,2
2020-02-01,258.3241354639241,234,gbm_corr_top1_rand14,f1,2
2020-03-01,372.9384840977541,234,gbm_corr_top1_rand14,f1,2
2020-04-01,380.879618343725,234,gbm_corr_top1_rand14,f1,2
2020-05-01,384.8571262142331,234,gbm_corr_top1_rand14,f1,2
2020-06-01,274.66613864420646,234,gbm_corr_top1_rand14,f1,2
2020-07-01,365.19962925283966,234,gbm_corr_top1_rand14,f1,2
2020-08-01,386.61366632781176,234,gbm_corr_top1_rand14,f1,2
2020-09-01,663.0359262540647,234,gbm_corr_top1_rand14,f1,2
2020-10-01,444.8284747153596,234,gbm_corr_top1_rand14,f1,2
2020-11-01,303.7855791400972,234,gbm_corr_top1_rand14,f1,2
2020-12-01,334.833529678212,234,gbm_corr_top1_rand14,f1,2
2019-08-01,316.38627088574805,234,mlp_corr_top1_rand14,f1,2
2019-09-01,330.35259720646656,234,mlp_corr_top1_rand14,f1,2
2019-10-01,323.30472778813305,234,mlp_corr_top1_rand14,f1,2
2019-11-01,385.7187652575465,234,mlp_corr_top1_rand14,f1,2
2019-12-01,374.74182209333657,234,mlp_corr_top1_rand14,f1,2
2020-01-01,351.5034843284704,234,mlp_corr_top1_rand14,f1,2
2020-02-01,264.859021348761,234,mlp_corr_top1_rand14,f1,2
2020-03-01,377.33299771833845,234,mlp_corr_top1_rand14,f1,2
2020-04-01,388.61351773742064,234,mlp_corr_top1_rand14,f1,2
2020-05-01,393.9828378124947,234,mlp_corr_top1_rand14,f1,2
2020-06-01,274.2264690861728,234,mlp_corr_top1_rand14,f1,2
2020-07-01,367.02399824290734,234,mlp_corr_top1_rand14,f1,2
2020-08-01,391.9779201737454,234,mlp_corr_top1_rand14,f1,2
2020-09-01,674.1851093920337,234,mlp_corr_top1_rand14,f1,2
2020-10-01,461.47522619648845,234,mlp_corr_top1_rand14,f1,2
2020-11-01,322.54968728443333,234,mlp_corr_top1_rand14,f1,2
2020-12-01,347.00560672667945,234,mlp_corr_top1_rand14,f1,2
2019-08-01,313.7110642811455,234,gbm_corr_top1_2hop_rand14,f1,2
2019-09-01,332.1134477541681,234,gbm_corr_top1_2hop_rand14,f1,2
2019-10-01,317.19790451832444,234,gbm_corr_top1_2hop_rand14,f1,2
2019-11-01,385.3398994281787,234,gbm_corr_top1_2hop_rand14,f1,2
2019-12-01,370.4645319940167,234,gbm_corr_top1_2hop_rand14,f1,2
2020-01-01,352.42178508544475,234,gbm_corr_top1_2hop_rand14,f1,2
2020-02-01,259.6270633717666,234,gbm_corr_top1_2hop_rand14,f1,2
2020-03-01,382.3404294400054,234,gbm_corr_top1_2hop_rand14,f1,2
2020-04-01,379.42056606258734,234,gbm_corr_top1_2hop_rand14,f1,2
2020-05-01,379.59493146452826,234,gbm_corr_top1_2hop_rand14,f1,2
2020-06-01,278.9447344110782,234,gbm_corr_top1_2hop_rand14,f1,2
2020-07-01,366.0871899961536,234,gbm_corr_top1_2hop_rand14,f1,2
2020-08-01,384.31420012157076,234,gbm_corr_top1_2hop_rand14,f1,2
2020-09-01,657.2554644294052,234,gbm_corr_top1_2hop_rand14,f1,2
2020-10-01,441.20589168307805,234,gbm_corr_top1_2hop_rand14,f1,2
2020-11-01,306.2945634979591,234,gbm_corr_top1_2hop_rand14,f1,2
2020-12-01,338.8843285992641,234,gbm_corr_top1_2hop_rand14,f1,2
2019-08-01,315.21676377167057,234,gbm_corr_top1_rand15,f1,2
2019-09-01,323.86955304289086,234,gbm_corr_top1_rand15,f1,2
2019-10-01,316.98633384933174,234,gbm_corr_top1_rand15,f1,2
2019-11-01,381.77553847680855,234,gbm_corr_top1_rand15,f1,2
2019-12-01,383.3290154452484,234,gbm_corr_top1_rand15,f1,2
2020-01-01,348.2153722341043,234,gbm_corr_top1_rand15,f1,2
2020-02-01,265.23416805998545,234,gbm_corr_top1_rand15,f1,2
2020-03-01,372.7171766268145,234,gbm_corr_top1_rand15,f1,2
2020-04-01,378.1816548533313,234,gbm_corr_top1_rand15,f1,2
2020-05-01,387.1768562226325,234,gbm_corr_top1_rand15,f1,2
2020-06-01,272.7860681236543,234,gbm_corr_top1_rand15,f1,2
2020-07-01,369.7207777932434,234,gbm_corr_top1_rand15,f1,2
2020-08-01,379.7966942079464,234,gbm_corr_top1_rand15,f1,2
2020-09-01,663.4966522371517,234,gbm_corr_top1_rand15,f1,2
2020-10-01,457.6698621653895,234,gbm_corr_top1_rand15,f1,2
2020-11-01,309.224059994733,234,gbm_corr_top1_rand15,f1,2
2020-12-01,334.49334408956236,234,gbm_corr_top1_rand15,f1,2
2019-08-01,316.555180315964,234,mlp_corr_top1_rand15,f1,2
2019-09-01,330.13073128425617,234,mlp_corr_top1_rand15,f1,2
2019-10-01,320.19902128803375,234,mlp_corr_top1_rand15,f1,2
2019-11-01,385.8392246439899,234,mlp_corr_top1_rand15,f1,2
2019-12-01,377.9911850998886,234,mlp_corr_top1_rand15,f1,2
2020-01-01,354.4798398435652,234,mlp_corr_top1_rand15,f1,2
2020-02-01,268.1867017393225,234,mlp_corr_top1_rand15,f1,2
2020-03-01,379.91425345274865,234,mlp_corr_top1_rand15,f1,2
2020-04-01,390.2198938627873,234,mlp_corr_top1_rand15,f1,2
2020-05-01,394.49916591257903,234,mlp_corr_top1_rand15,f1,2
2020-06-01,273.74236309158204,234,mlp_corr_top1_rand15,f1,2
2020-07-01,371.7434874967385,234,mlp_corr_top1_rand15,f1,2
2020-08-01,391.67688494616715,234,mlp_corr_top1_rand15,f1,2
2020-09-01,668.4485767245171,234,mlp_corr_top1_rand15,f1,2
2020-10-01,461.0220909776032,234,mlp_corr_top1_rand15,f1,2
2020-11-01,315.8968444318208,234,mlp_corr_top1_rand15,f1,2
2020-12-01,344.1909593396766,234,mlp_corr_top1_rand15,f1,2
2019-08-01,315.51948282546635,234,gbm_corr_top1_2hop_rand15,f1,2
2019-09-01,330.06584464363243,234,gbm_corr_top1_2hop_rand15,f1,2
2019-10-01,315.0783001328563,234,gbm_corr_top1_2hop_rand15,f1,2
2019-11-01,387.11901889211055,234,gbm_corr_top1_2hop_rand15,f1,2
2019-12-01,382.96595337326056,234,gbm_corr_top1_2hop_rand15,f1,2
2020-01-01,351.5453026972169,234,gbm_corr_top1_2hop_rand15,f1,2
2020-02-01,266.83131460916405,234,gbm_corr_top1_2hop_rand15,f1,2
2020-03-01,372.45055371238044,234,gbm_corr_top1_2hop_rand15,f1,2
2020-04-01,378.1539062669167,234,gbm_corr_top1_2hop_rand15,f1,2
2020-05-01,391.33063821539145,234,gbm_corr_top1_2hop_rand15,f1,2
2020-06-01,276.54137683570644,234,gbm_corr_top1_2hop_rand15,f1,2
2020-07-01,366.6918976005695,234,gbm_corr_top1_2hop_rand15,f1,2
2020-08-01,379.9369239073748,234,gbm_corr_top1_2hop_rand15,f1,2
2020-09-01,670.2702416268714,234,gbm_corr_top1_2hop_rand15,f1,2
2020-10-01,454.4345588551349,234,gbm_corr_top1_2hop_rand15,f1,2
2020-11-01,310.67507961869427,234,gbm_corr_top1_2hop_rand15,f1,2
2020-12-01,333.7269102393677,234,gbm_corr_top1_2hop_rand15,f1,2
2019-08-01,320.9992000119043,234,gbm_corr_top1_rand16,f1,2
2019-09-01,328.97494462583643,234,gbm_corr_top1_rand16,f1,2
2019-10-01,315.4940082673672,234,gbm_corr_top1_rand16,f1,2
2019-11-01,377.3813182252789,234,gbm_corr_top1_rand16,f1,2
2019-12-01,382.4991432502207,234,gbm_corr_top1_rand16,f1,2
2020-01-01,351.1283938724368,234,gbm_corr_top1_rand16,f1,2
2020-02-01,259.0246120510934,234,gbm_corr_top1_rand16,f1,2
2020-03-01,375.8542154944576,234,gbm_corr_top1_rand16,f1,2
2020-04-01,375.17213898726106,234,gbm_corr_top1_rand16,f1,2
2020-05-01,385.9286292598636,234,gbm_corr_top1_rand16,f1,2
2020-06-01,268.5685175105576,234,gbm_corr_top1_rand16,f1,2
2020-07-01,363.2173983435249,234,gbm_corr_top1_rand16,f1,2
2020-08-01,381.81133467461945,234,gbm_corr_top1_rand16,f1,2
2020-09-01,663.5349008406489,234,gbm_corr_top1_rand16,f1,2
2020-10-01,443.3027368213347,234,gbm_corr_top1_rand16,f1,2
2020-11-01,307.69578923483283,234,gbm_corr_top1_rand16,f1,2
2020-12-01,326.7519035091383,234,gbm_corr_top1_rand16,f1,2
2019-08-01,316.24264624677335,234,mlp_corr_top1_rand16,f1,2
2019-09-01,329.5514409458303,234,mlp_corr_top1_rand16,f1,2
2019-10-01,317.3179722456785,234,mlp_corr_top1_rand16,f1,2
2019-11-01,380.5201945003746,234,mlp_corr_top1_rand16,f1,2
2019-12-01,373.37086855869495,234,mlp_corr_top1_rand16,f1,2
2020-01-01,347.85770490961795,234,mlp_corr_top1_rand16,f1,2
2020-02-01,257.38277663987293,234,mlp_corr_top1_rand16,f1,2
2020-03-01,370.17620165732876,234,mlp_corr_top1_rand16,f1,2
2020-04-01,377.9298471019544,234,mlp_corr_top1_rand16,f1,2
2020-05-01,386.0713909555665,234,mlp_corr_top1_rand16,f1,2
2020-06-01,273.420836260553,234,mlp_corr_top1_rand16,f1,2
2020-07-01,363.2089096860385,234,mlp_corr_top1_rand16,f1,2
2020-08-01,381.85466653383287,234,mlp_corr_top1_rand16,f1,2
2020-09-01,664.7698135072303,234,mlp_corr_top1_rand16,f1,2
2020-10-01,454.9610429887164,234,mlp_corr_top1_rand16,f1,2
2020-11-01,315.1660697670706,234,mlp_corr_top1_rand16,f1,2
2020-12-01,336.08822203753175,234,mlp_corr_top1_rand16,f1,2
2019-08-01,316.4227928635608,234,gbm_corr_top1_2hop_rand16,f1,2
2019-09-01,326.3680699559912,234,gbm_corr_top1_2hop_rand16,f1,2
2019-10-01,315.6800187631603,234,gbm_corr_top1_2hop_rand16,f1,2
2019-11-01,379.4939063541776,234,gbm_corr_top1_2hop_rand16,f1,2
2019-12-01,380.6117790548474,234,gbm_corr_top1_2hop_rand16,f1,2
2020-01-01,350.0547141841665,234,gbm_corr_top1_2hop_rand16,f1,2
2020-02-01,259.2135988645398,234,gbm_corr_top1_2hop_rand16,f1,2
2020-03-01,372.2382468107251,234,gbm_corr_top1_2hop_rand16,f1,2
2020-04-01,372.88613067696815,234,gbm_corr_top1_2hop_rand16,f1,2
2020-05-01,379.6816548630136,234,gbm_corr_top1_2hop_rand16,f1,2
2020-06-01,272.61509957033104,234,gbm_corr_top1_2hop_rand16,f1,2
2020-07-01,368.75538534683534,234,gbm_corr_top1_2hop_rand16,f1,2
2020-08-01,380.18904707672476,234,gbm_corr_top1_2hop_rand16,f1,2
2020-09-01,654.6234186814296,234,gbm_corr_top1_2hop_rand16,f1,2
2020-10-01,439.12226336284004,234,gbm_corr_top1_2hop_rand16,f1,2
2020-11-01,304.3149993193923,234,gbm_corr_top1_2hop_rand16,f1,2
2020-12-01,325.8282429627234,234,gbm_corr_top1_2hop_rand16,f1,2
2019-08-01,319.492829817078,234,gbm_corr_top1_rand17,f1,2
2019-09-01,328.15428342901515,234,gbm_corr_top1_rand17,f1,2
2019-10-01,316.63636303478506,234,gbm_corr_top1_rand17,f1,2
2019-11-01,378.6551457512781,234,gbm_corr_top1_rand17,f1,2
2019-12-01,370.72952999842795,234,gbm_corr_top1_rand17,f1,2
2020-01-01,350.0615127793538,234,gbm_corr_top1_rand17,f1,2
2020-02-01,256.64066022489874,234,gbm_corr_top1_rand17,f1,2
2020-03-01,371.79681253941897,234,gbm_corr_top1_rand17,f1,2
2020-04-01,377.71704746946415,234,gbm_corr_top1_rand17,f1,2
2020-05-01,383.3761799345314,234,gbm_corr_top1_rand17,f1,2
2020-06-01,275.56130137930586,234,gbm_corr_top1_rand17,f1,2
2020-07-01,369.8802367758902,234,gbm_corr_top1_rand17,f1,2
2020-08-01,383.11540451931063,234,gbm_corr_top1_rand17,f1,2
2020-09-01,668.0933454501204,234,gbm_corr_top1_rand17,f1,2
2020-10-01,454.87958751238824,234,gbm_corr_top1_rand17,f1,2
2020-11-01,304.2287242832264,234,gbm_corr_top1_rand17,f1,2
2020-12-01,331.63610078434704,234,gbm_corr_top1_rand17,f1,2
2019-08-01,315.36585254801395,234,mlp_corr_top1_rand17,f1,2
2019-09-01,328.1396099792099,234,mlp_corr_top1_rand17,f1,2
2019-10-01,316.8865542828174,234,mlp_corr_top1_rand17,f1,2
2019-11-01,381.8550786665624,234,mlp_corr_top1_rand17,f1,2
2019-12-01,372.89547941777516,234,mlp_corr_top1_rand17,f1,2
2020-01-01,348.8170304638302,234,mlp_corr_top1_rand17,f1,2
2020-02-01,261.95711471665226,234,mlp_corr_top1_rand17,f1,2
2020-03-01,372.4557465927478,234,mlp_corr_top1_rand17,f1,2
2020-04-01,384.17909512937376,234,mlp_corr_top1_rand17,f1,2
2020-05-01,393.8716387637343,234,mlp_corr_top1_rand17,f1,2
2020-06-01,275.8945984549717,234,mlp_corr_top1_rand17,f1,2
2020-07-01,369.1702161500912,234,mlp_corr_top1_rand17,f1,2
2020-08-01,391.2807304770234,234,mlp_corr_top1_rand17,f1,2
2020-09-01,667.4442630540584,234,mlp_corr_top1_rand17,f1,2
2020-10-01,459.78146445582746,234,mlp_corr_top1_rand17,f1,2
2020-11-01,320.5483791134608,234,mlp_corr_top1_rand17,f1,2
2020-12-01,350.478749839278,234,mlp_corr_top1_rand17,f1,2
2019-08-01,319.5617088042501,234,gbm_corr_top1_2hop_rand17,f1,2
2019-09-01,329.16486192189376,234,gbm_corr_top1_2hop_rand17,f1,2
2019-10-01,314.18946806918495,234,gbm_corr_top1_2hop_rand17,f1,2
2019-11-01,376.9148068977386,234,gbm_corr_top1_2hop_rand17,f1,2
2019-12-01,370.50836370980755,234,gbm_corr_top1_2hop_rand17,f1,2
2020-01-01,351.80358892863006,234,gbm_corr_top1_2hop_rand17,f1,2
2020-02-01,256.59585935490185,234,gbm_corr_top1_2hop_rand17,f1,2
2020-03-01,373.64234309473244,234,gbm_corr_top1_2hop_rand17,f1,2
2020-04-01,379.15028262144796,234,gbm_corr_top1_2hop_rand17,f1,2
2020-05-01,377.709940780442,234,gbm_corr_top1_2hop_rand17,f1,2
2020-06-01,276.2652093822587,234,gbm_corr_top1_2hop_rand17,f1,2
2020-07-01,366.13468645841834,234,gbm_corr_top1_2hop_rand17,f1,2
2020-08-01,384.67719064978195,234,gbm_corr_top1_2hop_rand17,f1,2
2020-09-01,661.9090196434616,234,gbm_corr_top1_2hop_rand17,f1,2
2020-10-01,448.2166772186637,234,gbm_corr_top1_2hop_rand17,f1,2
2020-11-01,306.877025452922,234,gbm_corr_top1_2hop_rand17,f1,2
2020-12-01,334.26289626220694,234,gbm_corr_top1_2hop_rand17,f1,2
2019-08-01,314.2501365016002,234,gbm_corr_top1_rand18,f1,2
2019-09-01,329.0916093234608,234,gbm_corr_top1_rand18,f1,2
2019-10-01,318.73362232571185,234,gbm_corr_top1_rand18,f1,2
2019-11-01,377.02141650190566,234,gbm_corr_top1_rand18,f1,2
2019-12-01,379.19985344661904,234,gbm_corr_top1_rand18,f1,2
2020-01-01,347.97512738329976,234,gbm_corr_top1_rand18,f1,2
2020-02-01,253.97593814284212,234,gbm_corr_top1_rand18,f1,2
2020-03-01,366.63152500205456,234,gbm_corr_top1_rand18,f1,2
2020-04-01,375.7990694769944,234,gbm_corr_top1_rand18,f1,2
2020-05-01,377.5866799493561,234,gbm_corr_top1_rand18,f1,2
2020-06-01,267.24816759994263,234,gbm_corr_top1_rand18,f1,2
2020-07-01,368.42123370522904,234,gbm_corr_top1_rand18,f1,2
2020-08-01,370.60291689922343,234,gbm_corr_top1_rand18,f1,2
2020-09-01,659.9701847851991,234,gbm_corr_top1_rand18,f1,2
2020-10-01,452.2592456524779,234,gbm_corr_top1_rand18,f1,2
2020-11-01,307.1800391023946,234,gbm_corr_top1_rand18,f1,2
2020-12-01,332.94297798439396,234,gbm_corr_top1_rand18,f1,2
2019-08-01,317.70806266648793,234,mlp_corr_top1_rand18,f1,2
2019-09-01,330.65011868185906,234,mlp_corr_top1_rand18,f1,2
2019-10-01,320.25861089213544,234,mlp_corr_top1_rand18,f1,2
2019-11-01,383.84555785245647,234,mlp_corr_top1_rand18,f1,2
2019-12-01,377.6891094459629,234,mlp_corr_top1_rand18,f1,2
2020-01-01,351.77899248725436,234,mlp_corr_top1_rand18,f1,2
2020-02-01,263.13291582647054,234,mlp_corr_top1_rand18,f1,2
2020-03-01,377.1604642599875,234,mlp_corr_top1_rand18,f1,2
2020-04-01,388.7829340905315,234,mlp_corr_top1_rand18,f1,2
2020-05-01,396.979969559886,234,mlp_corr_top1_rand18,f1,2
2020-06-01,278.60575937626595,234,mlp_corr_top1_rand18,f1,2
2020-07-01,375.7304612595022,234,mlp_corr_top1_rand18,f1,2
2020-08-01,394.9698659816979,234,mlp_corr_top1_rand18,f1,2
2020-09-01,677.1520053427653,234,mlp_corr_top1_rand18,f1,2
2020-10-01,470.3386200228753,234,mlp_corr_top1_rand18,f1,2
2020-11-01,333.5449301340058,234,mlp_corr_top1_rand18,f1,2
2020-12-01,356.8571789845859,234,mlp_corr_top1_rand18,f1,2
2019-08-01,316.6082991453934,234,gbm_corr_top1_2hop_rand18,f1,2
2019-09-01,329.6039654081587,234,gbm_corr_top1_2hop_rand18,f1,2
2019-10-01,314.3796140047905,234,gbm_corr_top1_2hop_rand18,f1,2
2019-11-01,380.9634070187311,234,gbm_corr_top1_2hop_rand18,f1,2
2019-12-01,377.8608573752922,234,gbm_corr_top1_2hop_rand18,f1,2
2020-01-01,349.4690650370824,234,gbm_corr_top1_2hop_rand18,f1,2
2020-02-01,252.87339168638846,234,gbm_corr_top1_2hop_rand18,f1,2
2020-03-01,362.0459550028768,234,gbm_corr_top1_2hop_rand18,f1,2
2020-04-01,374.1617388823192,234,gbm_corr_top1_2hop_rand18,f1,2
2020-05-01,384.79233622579744,234,gbm_corr_top1_2hop_rand18,f1,2
2020-06-01,272.2149950992763,234,gbm_corr_top1_2hop_rand18,f1,2
2020-07-01,365.196400163813,234,gbm_corr_top1_2hop_rand18,f1,2
2020-08-01,379.7104353449924,234,gbm_corr_top1_2hop_rand18,f1,2
2020-09-01,666.4045767367469,234,gbm_corr_top1_2hop_rand18,f1,2
2020-10-01,452.2124233233658,234,gbm_corr_top1_2hop_rand18,f1,2
2020-11-01,306.70441067333036,234,gbm_corr_top1_2hop_rand18,f1,2
2020-12-01,334.78083586145834,234,gbm_corr_top1_2hop_rand18,f1,2
2019-08-01,314.86887459954255,234,gbm_corr_top1_rand19,f1,2
2019-09-01,330.44843112355886,234,gbm_corr_top1_rand19,f1,2
2019-10-01,316.78293349734685,234,gbm_corr_top1_rand19,f1,2
2019-11-01,381.8740723523005,234,gbm_corr_top1_rand19,f1,2
2019-12-01,379.4662131797692,234,gbm_corr_top1_rand19,f1,2
2020-01-01,351.0490384692264,234,gbm_corr_top1_rand19,f1,2
2020-02-01,263.67584672998134,234,gbm_corr_top1_rand19,f1,2
2020-03-01,372.40763263883156,234,gbm_corr_top1_rand19,f1,2
2020-04-01,382.848889235983,234,gbm_corr_top1_rand19,f1,2
2020-05-01,385.202332603176,234,gbm_corr_top1_rand19,f1,2
2020-06-01,272.51993242847067,234,gbm_corr_top1_rand19,f1,2
2020-07-01,361.497217653147,234,gbm_corr_top1_rand19,f1,2
2020-08-01,385.5270591926763,234,gbm_corr_top1_rand19,f1,2
2020-09-01,662.2926805535323,234,gbm_corr_top1_rand19,f1,2
2020-10-01,453.2405889371433,234,gbm_corr_top1_rand19,f1,2
2020-11-01,308.0843452000582,234,gbm_corr_top1_rand19,f1,2
2020-12-01,332.933355376478,234,gbm_corr_top1_rand19,f1,2
2019-08-01,316.0328841470996,234,mlp_corr_top1_rand19,f1,2
2019-09-01,330.623310201029,234,mlp_corr_top1_rand19,f1,2
2019-10-01,320.83946275849223,234,mlp_corr_top1_rand19,f1,2
2019-11-01,385.18797127143324,234,mlp_corr_top1_rand19,f1,2
2019-12-01,378.40972516338934,234,mlp_corr_top1_rand19,f1,2
2020-01-01,352.82397533741266,234,mlp_corr_top1_rand19,f1,2
2020-02-01,262.0540880344511,234,mlp_corr_top1_rand19,f1,2
2020-03-01,375.1386508565778,234,mlp_corr_top1_rand19,f1,2
2020-04-01,385.325826069977,234,mlp_corr_top1_rand19,f1,2
2020-05-01,390.25708270750977,234,mlp_corr_top1_rand19,f1,2
2020-06-01,274.2188337644393,234,mlp_corr_top1_rand19,f1,2
2020-07-01,361.583364292603,234,mlp_corr_top1_rand19,f1,2
2020-08-01,386.3766185808508,234,mlp_corr_top1_rand19,f1,2
2020-09-01,667.9586663770308,234,mlp_corr_top1_rand19,f1,2
2020-10-01,456.1885680692239,234,mlp_corr_top1_rand19,f1,2
2020-11-01,317.9581545432186,234,mlp_corr_top1_rand19,f1,2
2020-12-01,345.50559753677237,234,mlp_corr_top1_rand19,f1,2
2019-08-01,314.5131060730123,234,gbm_corr_top1_2hop_rand19,f1,2
2019-09-01,335.44775428537065,234,gbm_corr_top1_2hop_rand19,f1,2
2019-10-01,311.6226672701805,234,gbm_corr_top1_2hop_rand19,f1,2
2019-11-01,379.3398158651108,234,gbm_corr_top1_2hop_rand19,f1,2
2019-12-01,376.14202680169956,234,gbm_corr_top1_2hop_rand19,f1,2
2020-01-01,348.5437657457039,234,gbm_corr_top1_2hop_rand19,f1,2
2020-02-01,263.7935886712347,234,gbm_corr_top1_2hop_rand19,f1,2
2020-03-01,370.4881029900217,234,gbm_corr_top1_2hop_rand19,f1,2
2020-04-01,380.72770791245796,234,gbm_corr_top1_2hop_rand19,f1,2
2020-05-01,385.3119412293479,234,gbm_corr_top1_2hop_rand19,f1,2
2020-06-01,272.83734058853634,234,gbm_corr_top1_2hop_rand19,f1,2
2020-07-01,365.24804003543807,234,gbm_corr_top1_2hop_rand19,f1,2
2020-08-01,384.3086795543183,234,gbm_corr_top1_2hop_rand19,f1,2
2020-09-01,661.7221510902937,234,gbm_corr_top1_2hop_rand19,f1,2
2020-10-01,451.2522992415347,234,gbm_corr_top1_2hop_rand19,f1,2
2020-11-01,310.48973233473043,234,gbm_corr_top1_2hop_rand19,f1,2
2020-12-01,330.31151432931057,234,gbm_corr_top1_2hop_rand19,f1,2
2019-09-01,336.0101828938913,234,gbm_corr_top1_rand0,f1,3
2019-10-01,398.6308572911847,234,gbm_corr_top1_rand0,f1,3
2019-11-01,410.9839098365692,234,gbm_corr_top1_rand0,f1,3
2019-12-01,422.04370499330724,234,gbm_corr_top1_rand0,f1,3
2020-01-01,410.8495456585279,234,gbm_corr_top1_rand0,f1,3
2020-02-01,337.2516124344079,234,gbm_corr_top1_rand0,f1,3
2020-03-01,436.9252632892143,234,gbm_corr_top1_rand0,f1,3
2020-04-01,455.9468816860316,234,gbm_corr_top1_rand0,f1,3
2020-05-01,470.33642051209927,234,gbm_corr_top1_rand0,f1,3
2020-06-01,334.12134010957055,234,gbm_corr_top1_rand0,f1,3
2020-07-01,393.50809412824754,234,gbm_corr_top1_rand0,f1,3
2020-08-01,418.8486331879228,234,gbm_corr_top1_rand0,f1,3
2020-09-01,763.3250623889296,234,gbm_corr_top1_rand0,f1,3
2020-10-01,555.4869448853442,234,gbm_corr_top1_rand0,f1,3
2020-11-01,386.2624596062945,234,gbm_corr_top1_rand0,f1,3
2020-12-01,372.85552722065063,234,gbm_corr_top1_rand0,f1,3
2021-01-01,393.6876959206941,234,gbm_corr_top1_rand0,f1,3
2019-09-01,342.9946431075881,234,mlp_corr_top1_rand0,f1,3
2019-10-01,397.00893423749966,234,mlp_corr_top1_rand0,f1,3
2019-11-01,409.81073885759133,234,mlp_corr_top1_rand0,f1,3
2019-12-01,423.1084805474315,234,mlp_corr_top1_rand0,f1,3
2020-01-01,410.92559265007856,234,mlp_corr_top1_rand0,f1,3
2020-02-01,342.5344397223786,234,mlp_corr_top1_rand0,f1,3
2020-03-01,439.6233760452566,234,mlp_corr_top1_rand0,f1,3
2020-04-01,462.54433355091106,234,mlp_corr_top1_rand0,f1,3
2020-05-01,480.0008900837841,234,mlp_corr_top1_rand0,f1,3
2020-06-01,342.854853170054,234,mlp_corr_top1_rand0,f1,3
2020-07-01,402.97217203707584,234,mlp_corr_top1_rand0,f1,3
2020-08-01,426.6928400223526,234,mlp_corr_top1_rand0,f1,3
2020-09-01,767.3681949234009,234,mlp_corr_top1_rand0,f1,3
2020-10-01,561.0775606247074,234,mlp_corr_top1_rand0,f1,3
2020-11-01,405.74175990545746,234,mlp_corr_top1_rand0,f1,3
2020-12-01,395.2394071120168,234,mlp_corr_top1_rand0,f1,3
2021-01-01,418.2571512813454,234,mlp_corr_top1_rand0,f1,3
2019-09-01,333.91910722481344,234,gbm_corr_top1_2hop_rand0,f1,3
2019-10-01,397.8864014098495,234,gbm_corr_top1_2hop_rand0,f1,3
2019-11-01,413.74028433892187,234,gbm_corr_top1_2hop_rand0,f1,3
2019-12-01,423.9241095379853,234,gbm_corr_top1_2hop_rand0,f1,3
2020-01-01,409.0382827537625,234,gbm_corr_top1_2hop_rand0,f1,3
2020-02-01,341.2063490785868,234,gbm_corr_top1_2hop_rand0,f1,3
2020-03-01,437.9714953532386,234,gbm_corr_top1_2hop_rand0,f1,3
2020-04-01,456.40381644926634,234,gbm_corr_top1_2hop_rand0,f1,3
2020-05-01,469.564812565177,234,gbm_corr_top1_2hop_rand0,f1,3
2020-06-01,337.4284614499593,234,gbm_corr_top1_2hop_rand0,f1,3
2020-07-01,391.41626249497045,234,gbm_corr_top1_2hop_rand0,f1,3
2020-08-01,420.75859695779326,234,gbm_corr_top1_2hop_rand0,f1,3
2020-09-01,758.7938762287175,234,gbm_corr_top1_2hop_rand0,f1,3
2020-10-01,548.0787838790209,234,gbm_corr_top1_2hop_rand0,f1,3
2020-11-01,381.97628859706265,234,gbm_corr_top1_2hop_rand0,f1,3
2020-12-01,369.0197148554176,234,gbm_corr_top1_2hop_rand0,f1,3
2021-01-01,398.7338972380034,234,gbm_corr_top1_2hop_rand0,f1,3
2019-09-01,347.67857018578815,234,gbm_corr_top1_rand1,f1,3
2019-10-01,402.14169669555173,234,gbm_corr_top1_rand1,f1,3
2019-11-01,410.9201116280769,234,gbm_corr_top1_rand1,f1,3
2019-12-01,428.1442638794889,234,gbm_corr_top1_rand1,f1,3
2020-01-01,403.6686087068052,234,gbm_corr_top1_rand1,f1,3
2020-02-01,339.12397716436243,234,gbm_corr_top1_rand1,f1,3
2020-03-01,437.41041365552843,234,gbm_corr_top1_rand1,f1,3
2020-04-01,461.5475055894885,234,gbm_corr_top1_rand1,f1,3
2020-05-01,475.0636868033394,234,gbm_corr_top1_rand1,f1,3
2020-06-01,335.6273895671314,234,gbm_corr_top1_rand1,f1,3
2020-07-01,395.5164284046985,234,gbm_corr_top1_rand1,f1,3
2020-08-01,409.8031788545978,234,gbm_corr_top1_rand1,f1,3
2020-09-01,768.2689152796125,234,gbm_corr_top1_rand1,f1,3
2020-10-01,546.3143510376856,234,gbm_corr_top1_rand1,f1,3
2020-11-01,395.76238180493755,234,gbm_corr_top1_rand1,f1,3
2020-12-01,374.56120192181527,234,gbm_corr_top1_rand1,f1,3
2021-01-01,393.9673990943366,234,gbm_corr_top1_rand1,f1,3
2019-09-01,346.2897417763888,234,mlp_corr_top1_rand1,f1,3
2019-10-01,400.89016817472253,234,mlp_corr_top1_rand1,f1,3
2019-11-01,408.82809890287285,234,mlp_corr_top1_rand1,f1,3
2019-12-01,424.98040260078943,234,mlp_corr_top1_rand1,f1,3
2020-01-01,409.22155276168655,234,mlp_corr_top1_rand1,f1,3
2020-02-01,340.4454745041636,234,mlp_corr_top1_rand1,f1,3
2020-03-01,443.07557875700314,234,mlp_corr_top1_rand1,f1,3
2020-04-01,466.30102185645904,234,mlp_corr_top1_rand1,f1,3
2020-05-01,482.9487642659216,234,mlp_corr_top1_rand1,f1,3
2020-06-01,341.0293357914761,234,mlp_corr_top1_rand1,f1,3
2020-07-01,404.0174246910006,234,mlp_corr_top1_rand1,f1,3
2020-08-01,417.72580322821966,234,mlp_corr_top1_rand1,f1,3
2020-09-01,765.0352664589295,234,mlp_corr_top1_rand1,f1,3
2020-10-01,554.9597505685907,234,mlp_corr_top1_rand1,f1,3
2020-11-01,403.11932878782886,234,mlp_corr_top1_rand1,f1,3
2020-12-01,392.5984394936994,234,mlp_corr_top1_rand1,f1,3
2021-01-01,413.82462120010496,234,mlp_corr_top1_rand1,f1,3
2019-09-01,347.87344287373065,234,gbm_corr_top1_2hop_rand1,f1,3
2019-10-01,404.0119527257996,234,gbm_corr_top1_2hop_rand1,f1,3
2019-11-01,410.023022547029,234,gbm_corr_top1_2hop_rand1,f1,3
2019-12-01,430.4695806888813,234,gbm_corr_top1_2hop_rand1,f1,3
2020-01-01,402.6401755486781,234,gbm_corr_top1_2hop_rand1,f1,3
2020-02-01,335.79664901121055,234,gbm_corr_top1_2hop_rand1,f1,3
2020-03-01,438.652017965449,234,gbm_corr_top1_2hop_rand1,f1,3
2020-04-01,459.27221662803765,234,gbm_corr_top1_2hop_rand1,f1,3
2020-05-01,472.19310440285886,234,gbm_corr_top1_2hop_rand1,f1,3
2020-06-01,331.90009456551076,234,gbm_corr_top1_2hop_rand1,f1,3
2020-07-01,391.6214584675364,234,gbm_corr_top1_2hop_rand1,f1,3
2020-08-01,414.5901719530085,234,gbm_corr_top1_2hop_rand1,f1,3
2020-09-01,763.6492099287194,234,gbm_corr_top1_2hop_rand1,f1,3
2020-10-01,542.7894868930446,234,gbm_corr_top1_2hop_rand1,f1,3
2020-11-01,393.0523355782943,234,gbm_corr_top1_2hop_rand1,f1,3
2020-12-01,374.8958052941102,234,gbm_corr_top1_2hop_rand1,f1,3
2021-01-01,394.5480686092777,234,gbm_corr_top1_2hop_rand1,f1,3
2019-09-01,346.9436079061266,234,gbm_corr_top1_rand2,f1,3
2019-10-01,399.6774282177186,234,gbm_corr_top1_rand2,f1,3
2019-11-01,410.6326491895461,234,gbm_corr_top1_rand2,f1,3
2019-12-01,423.555742678821,234,gbm_corr_top1_rand2,f1,3
2020-01-01,418.8863210095653,234,gbm_corr_top1_rand2,f1,3
2020-02-01,339.05235720692247,234,gbm_corr_top1_rand2,f1,3
2020-03-01,435.56299711084733,234,gbm_corr_top1_rand2,f1,3
2020-04-01,456.4999649601902,234,gbm_corr_top1_rand2,f1,3
2020-05-01,463.51829104009204,234,gbm_corr_top1_rand2,f1,3
2020-06-01,329.7622277509287,234,gbm_corr_top1_rand2,f1,3
2020-07-01,388.7528102399202,234,gbm_corr_top1_rand2,f1,3
2020-08-01,410.49987724457793,234,gbm_corr_top1_rand2,f1,3
2020-09-01,741.2372534429969,234,gbm_corr_top1_rand2,f1,3
2020-10-01,537.491262266528,234,gbm_corr_top1_rand2,f1,3
2020-11-01,388.6496464549757,234,gbm_corr_top1_rand2,f1,3
2020-12-01,365.0784562603681,234,gbm_corr_top1_rand2,f1,3
2021-01-01,397.68523699329427,234,gbm_corr_top1_rand2,f1,3
2019-09-01,345.73715867044876,234,mlp_corr_top1_rand2,f1,3
2019-10-01,400.01414980695307,234,mlp_corr_top1_rand2,f1,3
2019-11-01,408.969983699901,234,mlp_corr_top1_rand2,f1,3
2019-12-01,424.07100504198496,234,mlp_corr_top1_rand2,f1,3
2020-01-01,412.1365640094617,234,mlp_corr_top1_rand2,f1,3
2020-02-01,340.39198206564583,234,mlp_corr_top1_rand2,f1,3
2020-03-01,437.89466476437417,234,mlp_corr_top1_rand2,f1,3
2020-04-01,459.5945973705828,234,mlp_corr_top1_rand2,f1,3
2020-05-01,473.0252392592345,234,mlp_corr_top1_rand2,f1,3
2020-06-01,336.7913863918762,234,mlp_corr_top1_rand2,f1,3
2020-07-01,399.26780300211897,234,mlp_corr_top1_rand2,f1,3
2020-08-01,418.58764818539817,234,mlp_corr_top1_rand2,f1,3
2020-09-01,745.3047276389786,234,mlp_corr_top1_rand2,f1,3
2020-10-01,539.1825438302699,234,mlp_corr_top1_rand2,f1,3
2020-11-01,399.8954774600762,234,mlp_corr_top1_rand2,f1,3
2020-12-01,383.2831888891137,234,mlp_corr_top1_rand2,f1,3
2021-01-01,409.9912583527051,234,mlp_corr_top1_rand2,f1,3
2019-09-01,344.543600129295,234,gbm_corr_top1_2hop_rand2,f1,3
2019-10-01,402.73500900154266,234,gbm_corr_top1_2hop_rand2,f1,3
2019-11-01,407.14658475490893,234,gbm_corr_top1_2hop_rand2,f1,3
2019-12-01,422.52136501460507,234,gbm_corr_top1_2hop_rand2,f1,3
2020-01-01,414.8581310068592,234,gbm_corr_top1_2hop_rand2,f1,3
2020-02-01,340.03740639486426,234,gbm_corr_top1_2hop_rand2,f1,3
2020-03-01,437.96609974041536,234,gbm_corr_top1_2hop_rand2,f1,3
2020-04-01,456.12651403066883,234,gbm_corr_top1_2hop_rand2,f1,3
2020-05-01,464.64181342911155,234,gbm_corr_top1_2hop_rand2,f1,3
2020-06-01,334.5703729884925,234,gbm_corr_top1_2hop_rand2,f1,3
2020-07-01,389.38542306048873,234,gbm_corr_top1_2hop_rand2,f1,3
2020-08-01,406.8338177257089,234,gbm_corr_top1_2hop_rand2,f1,3
2020-09-01,738.0321582406814,234,gbm_corr_top1_2hop_rand2,f1,3
2020-10-01,539.9851788076237,234,gbm_corr_top1_2hop_rand2,f1,3
2020-11-01,392.93420095366383,234,gbm_corr_top1_2hop_rand2,f1,3
2020-12-01,358.0289649282221,234,gbm_corr_top1_2hop_rand2,f1,3
2021-01-01,390.8471566848349,234,gbm_corr_top1_2hop_rand2,f1,3
2019-09-01,345.68734807563334,234,gbm_corr_top1_rand3,f1,3
2019-10-01,401.9235971379582,234,gbm_corr_top1_rand3,f1,3
2019-11-01,411.59530474032056,234,gbm_corr_top1_rand3,f1,3
2019-12-01,421.3500849274137,234,gbm_corr_top1_rand3,f1,3
2020-01-01,409.0380710321574,234,gbm_corr_top1_rand3,f1,3
2020-02-01,340.33385047910144,234,gbm_corr_top1_rand3,f1,3
2020-03-01,435.49768591931837,234,gbm_corr_top1_rand3,f1,3
2020-04-01,458.0874843041657,234,gbm_corr_top1_rand3,f1,3
2020-05-01,471.3358471663737,234,gbm_corr_top1_rand3,f1,3
2020-06-01,330.1608715826834,234,gbm_corr_top1_rand3,f1,3
2020-07-01,395.7626792315076,234,gbm_corr_top1_rand3,f1,3
2020-08-01,419.05664118030006,234,gbm_corr_top1_rand3,f1,3
2020-09-01,749.916674829429,234,gbm_corr_top1_rand3,f1,3
2020-10-01,548.5781862896604,234,gbm_corr_top1_rand3,f1,3
2020-11-01,393.99055612926776,234,gbm_corr_top1_rand3,f1,3
2020-12-01,368.57329228150206,234,gbm_corr_top1_rand3,f1,3
2021-01-01,396.4760474341145,234,gbm_corr_top1_rand3,f1,3
2019-09-01,345.931430630256,234,mlp_corr_top1_rand3,f1,3
2019-10-01,396.5157705267625,234,mlp_corr_top1_rand3,f1,3
2019-11-01,408.8271385554719,234,mlp_corr_top1_rand3,f1,3
2019-12-01,423.1881433741652,234,mlp_corr_top1_rand3,f1,3
2020-01-01,409.0551856543093,234,mlp_corr_top1_rand3,f1,3
2020-02-01,340.8900422010811,234,mlp_corr_top1_rand3,f1,3
2020-03-01,437.9153928140202,234,mlp_corr_top1_rand3,f1,3
2020-04-01,459.6368825312788,234,mlp_corr_top1_rand3,f1,3
2020-05-01,474.2928341671934,234,mlp_corr_top1_rand3,f1,3
2020-06-01,338.4700189808237,234,mlp_corr_top1_rand3,f1,3
2020-07-01,400.1832779164625,234,mlp_corr_top1_rand3,f1,3
2020-08-01,414.06622234650575,234,mlp_corr_top1_rand3,f1,3
2020-09-01,755.2000652702458,234,mlp_corr_top1_rand3,f1,3
2020-10-01,553.4762521313716,234,mlp_corr_top1_rand3,f1,3
2020-11-01,401.09358891665295,234,mlp_corr_top1_rand3,f1,3
2020-12-01,389.4669057394155,234,mlp_corr_top1_rand3,f1,3
2021-01-01,411.86831224569363,234,mlp_corr_top1_rand3,f1,3
2019-09-01,342.4798769178187,234,gbm_corr_top1_2hop_rand3,f1,3
2019-10-01,402.1309437170365,234,gbm_corr_top1_2hop_rand3,f1,3
2019-11-01,412.28754702817156,234,gbm_corr_top1_2hop_rand3,f1,3
2019-12-01,425.11138291308663,234,gbm_corr_top1_2hop_rand3,f1,3
2020-01-01,404.0276816856563,234,gbm_corr_top1_2hop_rand3,f1,3
2020-02-01,336.52228168151424,234,gbm_corr_top1_2hop_rand3,f1,3
2020-03-01,434.948668925352,234,gbm_corr_top1_2hop_rand3,f1,3
2020-04-01,455.13936856354707,234,gbm_corr_top1_2hop_rand3,f1,3
2020-05-01,469.6088258883445,234,gbm_corr_top1_2hop_rand3,f1,3
2020-06-01,326.9987187956774,234,gbm_corr_top1_2hop_rand3,f1,3
2020-07-01,394.08046031066965,234,gbm_corr_top1_2hop_rand3,f1,3
2020-08-01,413.68138459546236,234,gbm_corr_top1_2hop_rand3,f1,3
2020-09-01,747.0433967406211,234,gbm_corr_top1_2hop_rand3,f1,3
2020-10-01,549.9261592271408,234,gbm_corr_top1_2hop_rand3,f1,3
2020-11-01,400.3141199345959,234,gbm_corr_top1_2hop_rand3,f1,3
2020-12-01,369.52825306616944,234,gbm_corr_top1_2hop_rand3,f1,3
2021-01-01,402.43730092380065,234,gbm_corr_top1_2hop_rand3,f1,3
2019-09-01,346.38408380509793,234,gbm_corr_top1_rand4,f1,3
2019-10-01,400.54493467170573,234,gbm_corr_top1_rand4,f1,3
2019-11-01,410.9798736680506,234,gbm_corr_top1_rand4,f1,3
2019-12-01,430.9595271622237,234,gbm_corr_top1_rand4,f1,3
2020-01-01,412.0275530846281,234,gbm_corr_top1_rand4,f1,3
2020-02-01,342.06110026059247,234,gbm_corr_top1_rand4,f1,3
2020-03-01,435.99863882468435,234,gbm_corr_top1_rand4,f1,3
2020-04-01,457.1668524186047,234,gbm_corr_top1_rand4,f1,3
2020-05-01,468.43578221004304,234,gbm_corr_top1_rand4,f1,3
2020-06-01,332.7343545403372,234,gbm_corr_top1_rand4,f1,3
2020-07-01,396.37621447125224,234,gbm_corr_top1_rand4,f1,3
2020-08-01,410.02331374975483,234,gbm_corr_top1_rand4,f1,3
2020-09-01,754.9384677707682,234,gbm_corr_top1_rand4,f1,3
2020-10-01,544.463064109079,234,gbm_corr_top1_rand4,f1,3
2020-11-01,388.87231205432124,234,gbm_corr_top1_rand4,f1,3
2020-12-01,370.78273905046973,234,gbm_corr_top1_rand4,f1,3
2021-01-01,392.31440060889577,234,gbm_corr_top1_rand4,f1,3
2019-09-01,347.7502135549757,234,mlp_corr_top1_rand4,f1,3
2019-10-01,398.9042985379791,234,mlp_corr_top1_rand4,f1,3
2019-11-01,408.93726480440745,234,mlp_corr_top1_rand4,f1,3
2019-12-01,424.7108030687861,234,mlp_corr_top1_rand4,f1,3
2020-01-01,411.39867488252054,234,mlp_corr_top1_rand4,f1,3
2020-02-01,339.54089110399104,234,mlp_corr_top1_rand4,f1,3
2020-03-01,432.75684296603885,234,mlp_corr_top1_rand4,f1,3
2020-04-01,455.8843568133995,234,mlp_corr_top1_rand4,f1,3
2020-05-01,469.12073723185506,234,mlp_corr_top1_rand4,f1,3
2020-06-01,335.7390364333406,234,mlp_corr_top1_rand4,f1,3
2020-07-01,395.40445392146376,234,mlp_corr_top1_rand4,f1,3
2020-08-01,406.025025710177,234,mlp_corr_top1_rand4,f1,3
2020-09-01,753.2418952285532,234,mlp_corr_top1_rand4,f1,3
2020-10-01,545.6283977575349,234,mlp_corr_top1_rand4,f1,3
2020-11-01,396.51276290036066,234,mlp_corr_top1_rand4,f1,3
2020-12-01,373.49905193303897,234,mlp_corr_top1_rand4,f1,3
2021-01-01,395.32938279271804,234,mlp_corr_top1_rand4,f1,3
2019-09-01,346.1727857750786,234,gbm_corr_top1_2hop_rand4,f1,3
2019-10-01,400.1154760746132,234,gbm_corr_top1_2hop_rand4,f1,3
2019-11-01,410.05176067787016,234,gbm_corr_top1_2hop_rand4,f1,3
2019-12-01,431.368840327573,234,gbm_corr_top1_2hop_rand4,f1,3
2020-01-01,411.45170052599985,234,gbm_corr_top1_2hop_rand4,f1,3
2020-02-01,340.72339130230995,234,gbm_corr_top1_2hop_rand4,f1,3
2020-03-01,441.16107905760435,234,gbm_corr_top1_2hop_rand4,f1,3
2020-04-01,456.8425732079871,234,gbm_corr_top1_2hop_rand4,f1,3
2020-05-01,467.2306171477025,234,gbm_corr_top1_2hop_rand4,f1,3
2020-06-01,330.81588490075694,234,gbm_corr_top1_2hop_rand4,f1,3
2020-07-01,393.975561523086,234,gbm_corr_top1_2hop_rand4,f1,3
2020-08-01,408.25325943924616,234,gbm_corr_top1_2hop_rand4,f1,3
2020-09-01,757.8555951325649,234,gbm_corr_top1_2hop_rand4,f1,3
2020-10-01,548.9239645025491,234,gbm_corr_top1_2hop_rand4,f1,3
2020-11-01,394.6357788913232,234,gbm_corr_top1_2hop_rand4,f1,3
2020-12-01,369.5686307899853,234,gbm_corr_top1_2hop_rand4,f1,3
2021-01-01,389.5696108651294,234,gbm_corr_top1_2hop_rand4,f1,3
2019-09-01,352.9645195155428,234,gbm_corr_top1_rand5,f1,3
2019-10-01,399.50073880730747,234,gbm_corr_top1_rand5,f1,3
2019-11-01,412.4974335162095,234,gbm_corr_top1_rand5,f1,3
2019-12-01,427.1158982585768,234,gbm_corr_top1_rand5,f1,3
2020-01-01,408.5938937997147,234,gbm_corr_top1_rand5,f1,3
2020-02-01,339.8785088507908,234,gbm_corr_top1_rand5,f1,3
2020-03-01,437.8297301541984,234,gbm_corr_top1_rand5,f1,3
2020-04-01,457.5311623742136,234,gbm_corr_top1_rand5,f1,3
2020-05-01,467.16919492877275,234,gbm_corr_top1_rand5,f1,3
2020-06-01,333.15248323343934,234,gbm_corr_top1_rand5,f1,3
2020-07-01,388.05223522939394,234,gbm_corr_top1_rand5,f1,3
2020-08-01,410.848464843316,234,gbm_corr_top1_rand5,f1,3
2020-09-01,750.0036999894752,234,gbm_corr_top1_rand5,f1,3
2020-10-01,546.1523460301834,234,gbm_corr_top1_rand5,f1,3
2020-11-01,392.00192577524547,234,gbm_corr_top1_rand5,f1,3
2020-12-01,372.1262227686788,234,gbm_corr_top1_rand5,f1,3
2021-01-01,393.82944146112277,234,gbm_corr_top1_rand5,f1,3
2019-09-01,349.8289771278001,234,mlp_corr_top1_rand5,f1,3
2019-10-01,400.1790189186339,234,mlp_corr_top1_rand5,f1,3
2019-11-01,412.1927747801249,234,mlp_corr_top1_rand5,f1,3
2019-12-01,428.0648196990956,234,mlp_corr_top1_rand5,f1,3
2020-01-01,417.70122285670715,234,mlp_corr_top1_rand5,f1,3
2020-02-01,352.6157543138777,234,mlp_corr_top1_rand5,f1,3
2020-03-01,452.6583887116797,234,mlp_corr_top1_rand5,f1,3
2020-04-01,474.1695973641968,234,mlp_corr_top1_rand5,f1,3
2020-05-01,492.32607773010625,234,mlp_corr_top1_rand5,f1,3
2020-06-01,345.06843554529945,234,mlp_corr_top1_rand5,f1,3
2020-07-01,407.4850398356446,234,mlp_corr_top1_rand5,f1,3
2020-08-01,431.40543900168797,234,mlp_corr_top1_rand5,f1,3
2020-09-01,773.4384751529034,234,mlp_corr_top1_rand5,f1,3
2020-10-01,569.065637776776,234,mlp_corr_top1_rand5,f1,3
2020-11-01,414.066025495952,234,mlp_corr_top1_rand5,f1,3
2020-12-01,403.03612637746033,234,mlp_corr_top1_rand5,f1,3
2021-01-01,422.63537511697336,234,mlp_corr_top1_rand5,f1,3
2019-09-01,351.43646074596626,234,gbm_corr_top1_2hop_rand5,f1,3
2019-10-01,403.7341406071135,234,gbm_corr_top1_2hop_rand5,f1,3
2019-11-01,409.8812629348651,234,gbm_corr_top1_2hop_rand5,f1,3
2019-12-01,423.13757480472316,234,gbm_corr_top1_2hop_rand5,f1,3
2020-01-01,404.90370585440076,234,gbm_corr_top1_2hop_rand5,f1,3
2020-02-01,340.6258390277566,234,gbm_corr_top1_2hop_rand5,f1,3
2020-03-01,437.660375751673,234,gbm_corr_top1_2hop_rand5,f1,3
2020-04-01,458.1405812203168,234,gbm_corr_top1_2hop_rand5,f1,3
2020-05-01,470.2408681233541,234,gbm_corr_top1_2hop_rand5,f1,3
2020-06-01,335.4027112293977,234,gbm_corr_top1_2hop_rand5,f1,3
2020-07-01,387.1893981334801,234,gbm_corr_top1_2hop_rand5,f1,3
2020-08-01,408.81956753162416,234,gbm_corr_top1_2hop_rand5,f1,3
2020-09-01,750.2500082032906,234,gbm_corr_top1_2hop_rand5,f1,3
2020-10-01,548.6067190616818,234,gbm_corr_top1_2hop_rand5,f1,3
2020-11-01,392.6951837525078,234,gbm_corr_top1_2hop_rand5,f1,3
2020-12-01,366.5563796318128,234,gbm_corr_top1_2hop_rand5,f1,3
2021-01-01,394.27192168358255,234,gbm_corr_top1_2hop_rand5,f1,3
2019-09-01,347.9450635329602,234,gbm_corr_top1_rand6,f1,3
2019-10-01,399.35188471157005,234,gbm_corr_top1_rand6,f1,3
2019-11-01,409.67034572997056,234,gbm_corr_top1_rand6,f1,3
2019-12-01,426.0910319963195,234,gbm_corr_top1_rand6,f1,3
2020-01-01,406.63373353827467,234,gbm_corr_top1_rand6,f1,3
2020-02-01,339.21743688064043,234,gbm_corr_top1_rand6,f1,3
2020-03-01,441.4790687554133,234,gbm_corr_top1_rand6,f1,3
2020-04-01,460.5420162412791,234,gbm_corr_top1_rand6,f1,3
2020-05-01,471.42045864499835,234,gbm_corr_top1_rand6,f1,3
2020-06-01,339.3177950883623,234,gbm_corr_top1_rand6,f1,3
2020-07-01,395.5640785780761,234,gbm_corr_top1_rand6,f1,3
2020-08-01,421.61359700287045,234,gbm_corr_top1_rand6,f1,3
2020-09-01,755.2081567251073,234,gbm_corr_top1_rand6,f1,3
2020-10-01,550.500505403333,234,gbm_corr_top1_rand6,f1,3
2020-11-01,389.2704549918207,234,gbm_corr_top1_rand6,f1,3
2020-12-01,377.93195718863825,234,gbm_corr_top1_rand6,f1,3
2021-01-01,405.0188284540993,234,gbm_corr_top1_rand6,f1,3
2019-09-01,344.17604350617364,234,mlp_corr_top1_rand6,f1,3
2019-10-01,399.46618264015626,234,mlp_corr_top1_rand6,f1,3
2019-11-01,406.01172746449424,234,mlp_corr_top1_rand6,f1,3
2019-12-01,420.77394918703845,234,mlp_corr_top1_rand6,f1,3
2020-01-01,404.7669186807039,234,mlp_corr_top1_rand6,f1,3
2020-02-01,338.2425776036181,234,mlp_corr_top1_rand6,f1,3
2020-03-01,442.82632651272615,234,mlp_corr_top1_rand6,f1,3
2020-04-01,463.3533729599177,234,mlp_corr_top1_rand6,f1,3
2020-05-01,478.1644340545108,234,mlp_corr_top1_rand6,f1,3
2020-06-01,340.36132145300036,234,mlp_corr_top1_rand6,f1,3
2020-07-01,399.00810282243293,234,mlp_corr_top1_rand6,f1,3
2020-08-01,420.24385132466887,234,mlp_corr_top1_rand6,f1,3
2020-09-01,757.2486892478296,234,mlp_corr_top1_rand6,f1,3
2020-10-01,556.6080984853701,234,mlp_corr_top1_rand6,f1,3
2020-11-01,404.3414352769923,234,mlp_corr_top1_rand6,f1,3
2020-12-01,388.74033422225017,234,mlp_corr_top1_rand6,f1,3
2021-01-01,418.37232964508144,234,mlp_corr_top1_rand6,f1,3
2019-09-01,347.501858675914,234,gbm_corr_top1_2hop_rand6,f1,3
2019-10-01,399.22300391763935,234,gbm_corr_top1_2hop_rand6,f1,3
2019-11-01,408.5061819866411,234,gbm_corr_top1_2hop_rand6,f1,3
2019-12-01,426.25396010682573,234,gbm_corr_top1_2hop_rand6,f1,3
2020-01-01,406.65885881183914,234,gbm_corr_top1_2hop_rand6,f1,3
2020-02-01,343.82339577096883,234,gbm_corr_top1_2hop_rand6,f1,3
2020-03-01,439.7057077748817,234,gbm_corr_top1_2hop_rand6,f1,3
2020-04-01,461.1883430104121,234,gbm_corr_top1_2hop_rand6,f1,3
2020-05-01,472.17180673233673,234,gbm_corr_top1_2hop_rand6,f1,3
2020-06-01,337.67601913537965,234,gbm_corr_top1_2hop_rand6,f1,3
2020-07-01,392.1961873757402,234,gbm_corr_top1_2hop_rand6,f1,3
2020-08-01,416.22051726343574,234,gbm_corr_top1_2hop_rand6,f1,3
2020-09-01,756.1082004209193,234,gbm_corr_top1_2hop_rand6,f1,3
2020-10-01,550.9491650503952,234,gbm_corr_top1_2hop_rand6,f1,3
2020-11-01,393.77281260675755,234,gbm_corr_top1_2hop_rand6,f1,3
2020-12-01,376.62346639450584,234,gbm_corr_top1_2hop_rand6,f1,3
2021-01-01,404.6873801853659,234,gbm_corr_top1_2hop_rand6,f1,3
2019-09-01,347.50936502310475,234,gbm_corr_top1_rand7,f1,3
2019-10-01,397.8615651495019,234,gbm_corr_top1_rand7,f1,3
2019-11-01,411.04168065992224,234,gbm_corr_top1_rand7,f1,3
2019-12-01,426.1172444931078,234,gbm_corr_top1_rand7,f1,3
2020-01-01,405.8820384180953,234,gbm_corr_top1_rand7,f1,3
2020-02-01,335.0773679169596,234,gbm_corr_top1_rand7,f1,3
2020-03-01,439.5978933496624,234,gbm_corr_top1_rand7,f1,3
2020-04-01,460.9664971238431,234,gbm_corr_top1_rand7,f1,3
2020-05-01,471.62376033749905,234,gbm_corr_top1_rand7,f1,3
2020-06-01,329.4756226578746,234,gbm_corr_top1_rand7,f1,3
2020-07-01,391.61319218440224,234,gbm_corr_top1_rand7,f1,3
2020-08-01,416.65710590378154,234,gbm_corr_top1_rand7,f1,3
2020-09-01,761.2401178532791,234,gbm_corr_top1_rand7,f1,3
2020-10-01,549.246770620667,234,gbm_corr_top1_rand7,f1,3
2020-11-01,391.3953890269044,234,gbm_corr_top1_rand7,f1,3
2020-12-01,372.0654673216701,234,gbm_corr_top1_rand7,f1,3
2021-01-01,396.26507392688785,234,gbm_corr_top1_rand7,f1,3
2019-09-01,347.5304764769069,234,mlp_corr_top1_rand7,f1,3
2019-10-01,393.68719699698465,234,mlp_corr_top1_rand7,f1,3
2019-11-01,405.3760404994163,234,mlp_corr_top1_rand7,f1,3
2019-12-01,422.8757642466518,234,mlp_corr_top1_rand7,f1,3
2020-01-01,405.25098988287124,234,mlp_corr_top1_rand7,f1,3
2020-02-01,333.43570470088093,234,mlp_corr_top1_rand7,f1,3
2020-03-01,432.7456985665493,234,mlp_corr_top1_rand7,f1,3
2020-04-01,456.3441603002248,234,mlp_corr_top1_rand7,f1,3
2020-05-01,471.76580733551395,234,mlp_corr_top1_rand7,f1,3
2020-06-01,337.7822401742499,234,mlp_corr_top1_rand7,f1,3
2020-07-01,401.94866946292325,234,mlp_corr_top1_rand7,f1,3
2020-08-01,420.3137074486895,234,mlp_corr_top1_rand7,f1,3
2020-09-01,755.7978098009203,234,mlp_corr_top1_rand7,f1,3
2020-10-01,544.3316456568625,234,mlp_corr_top1_rand7,f1,3
2020-11-01,399.9018016949425,234,mlp_corr_top1_rand7,f1,3
2020-12-01,389.07784793649455,234,mlp_corr_top1_rand7,f1,3
2021-01-01,408.8670647780747,234,mlp_corr_top1_rand7,f1,3
2019-09-01,345.37491779520207,234,gbm_corr_top1_2hop_rand7,f1,3
2019-10-01,398.9057700821563,234,gbm_corr_top1_2hop_rand7,f1,3
2019-11-01,408.4085244194231,234,gbm_corr_top1_2hop_rand7,f1,3
2019-12-01,420.3154127101604,234,gbm_corr_top1_2hop_rand7,f1,3
2020-01-01,406.07647634781637,234,gbm_corr_top1_2hop_rand7,f1,3
2020-02-01,336.003458209586,234,gbm_corr_top1_2hop_rand7,f1,3
2020-03-01,443.24099975304847,234,gbm_corr_top1_2hop_rand7,f1,3
2020-04-01,467.00478463815296,234,gbm_corr_top1_2hop_rand7,f1,3
2020-05-01,469.2827757474325,234,gbm_corr_top1_2hop_rand7,f1,3
2020-06-01,333.7783273029335,234,gbm_corr_top1_2hop_rand7,f1,3
2020-07-01,403.06671864091754,234,gbm_corr_top1_2hop_rand7,f1,3
2020-08-01,421.9413178640903,234,gbm_corr_top1_2hop_rand7,f1,3
2020-09-01,759.367349227015,234,gbm_corr_top1_2hop_rand7,f1,3
2020-10-01,547.976278966723,234,gbm_corr_top1_2hop_rand7,f1,3
2020-11-01,393.1672928649266,234,gbm_corr_top1_2hop_rand7,f1,3
2020-12-01,374.39930032798264,234,gbm_corr_top1_2hop_rand7,f1,3
2021-01-01,406.57304473856937,234,gbm_corr_top1_2hop_rand7,f1,3
2019-09-01,343.82181995256235,234,gbm_corr_top1_rand8,f1,3
2019-10-01,398.1622005937017,234,gbm_corr_top1_rand8,f1,3
2019-11-01,405.58878599195447,234,gbm_corr_top1_rand8,f1,3
2019-12-01,422.83915216908423,234,gbm_corr_top1_rand8,f1,3
2020-01-01,408.4908380699573,234,gbm_corr_top1_rand8,f1,3
2020-02-01,344.69555647344106,234,gbm_corr_top1_rand8,f1,3
2020-03-01,440.56510840693323,234,gbm_corr_top1_rand8,f1,3
2020-04-01,462.9129283429096,234,gbm_corr_top1_rand8,f1,3
2020-05-01,475.9603405231418,234,gbm_corr_top1_rand8,f1,3
2020-06-01,335.60319160819074,234,gbm_corr_top1_rand8,f1,3
2020-07-01,396.0501818436328,234,gbm_corr_top1_rand8,f1,3
2020-08-01,418.75942818581666,234,gbm_corr_top1_rand8,f1,3
2020-09-01,750.7148920305466,234,gbm_corr_top1_rand8,f1,3
2020-10-01,555.5337515609808,234,gbm_corr_top1_rand8,f1,3
2020-11-01,393.1902669330617,234,gbm_corr_top1_rand8,f1,3
2020-12-01,378.0690456283876,234,gbm_corr_top1_rand8,f1,3
2021-01-01,402.7020233674909,234,gbm_corr_top1_rand8,f1,3
2019-09-01,347.4898183894105,234,mlp_corr_top1_rand8,f1,3
2019-10-01,396.9416611370142,234,mlp_corr_top1_rand8,f1,3
2019-11-01,411.119763321274,234,mlp_corr_top1_rand8,f1,3
2019-12-01,426.39516791842874,234,mlp_corr_top1_rand8,f1,3
2020-01-01,410.906440539208,234,mlp_corr_top1_rand8,f1,3
2020-02-01,342.90766733076316,234,mlp_corr_top1_rand8,f1,3
2020-03-01,444.05138870505874,234,mlp_corr_top1_rand8,f1,3
2020-04-01,464.1754063942404,234,mlp_corr_top1_rand8,f1,3
2020-05-01,483.34892208624154,234,mlp_corr_top1_rand8,f1,3
2020-06-01,343.590893192908,234,mlp_corr_top1_rand8,f1,3
2020-07-01,403.98117655877803,234,mlp_corr_top1_rand8,f1,3
2020-08-01,424.99828406267875,234,mlp_corr_top1_rand8,f1,3
2020-09-01,758.9326735879357,234,mlp_corr_top1_rand8,f1,3
2020-10-01,553.9979386927944,234,mlp_corr_top1_rand8,f1,3
2020-11-01,402.06603417313784,234,mlp_corr_top1_rand8,f1,3
2020-12-01,389.94298371061916,234,mlp_corr_top1_rand8,f1,3
2021-01-01,417.44245600738617,234,mlp_corr_top1_rand8,f1,3
2019-09-01,343.2080378324338,234,gbm_corr_top1_2hop_rand8,f1,3
2019-10-01,397.2838344133897,234,gbm_corr_top1_2hop_rand8,f1,3
2019-11-01,406.8910524566909,234,gbm_corr_top1_2hop_rand8,f1,3
2019-12-01,425.69504043671407,234,gbm_corr_top1_2hop_rand8,f1,3
2020-01-01,407.9169333925423,234,gbm_corr_top1_2hop_rand8,f1,3
2020-02-01,343.5304211169638,234,gbm_corr_top1_2hop_rand8,f1,3
2020-03-01,443.516092426838,234,gbm_corr_top1_2hop_rand8,f1,3
2020-04-01,461.69800423097564,234,gbm_corr_top1_2hop_rand8,f1,3
2020-05-01,481.79775663460646,234,gbm_corr_top1_2hop_rand8,f1,3
2020-06-01,344.3295450206621,234,gbm_corr_top1_2hop_rand8,f1,3
2020-07-01,399.6158323336341,234,gbm_corr_top1_2hop_rand8,f1,3
2020-08-01,413.6106800219793,234,gbm_corr_top1_2hop_rand8,f1,3
2020-09-01,756.6295963394807,234,gbm_corr_top1_2hop_rand8,f1,3
2020-10-01,567.9845218594512,234,gbm_corr_top1_2hop_rand8,f1,3
2020-11-01,411.8215316081531,234,gbm_corr_top1_2hop_rand8,f1,3
2020-12-01,381.7107178248721,234,gbm_corr_top1_2hop_rand8,f1,3
2021-01-01,406.9732463965722,234,gbm_corr_top1_2hop_rand8,f1,3
2019-09-01,345.9680673366384,234,gbm_corr_top1_rand9,f1,3
2019-10-01,396.7407983870582,234,gbm_corr_top1_rand9,f1,3
2019-11-01,401.6070678852644,234,gbm_corr_top1_rand9,f1,3
2019-12-01,424.33063308516523,234,gbm_corr_top1_rand9,f1,3
2020-01-01,408.1764072399765,234,gbm_corr_top1_rand9,f1,3
2020-02-01,340.1775740659626,234,gbm_corr_top1_rand9,f1,3
2020-03-01,441.69785170706893,234,gbm_corr_top1_rand9,f1,3
2020-04-01,461.75961932425594,234,gbm_corr_top1_rand9,f1,3
2020-05-01,476.10708865289774,234,gbm_corr_top1_rand9,f1,3
2020-06-01,342.3593248444718,234,gbm_corr_top1_rand9,f1,3
2020-07-01,397.03321118748755,234,gbm_corr_top1_rand9,f1,3
2020-08-01,415.1859957040313,234,gbm_corr_top1_rand9,f1,3
2020-09-01,760.0870660068008,234,gbm_corr_top1_rand9,f1,3
2020-10-01,558.7068215948472,234,gbm_corr_top1_rand9,f1,3
2020-11-01,393.2530185480636,234,gbm_corr_top1_rand9,f1,3
2020-12-01,373.7571321609691,234,gbm_corr_top1_rand9,f1,3
2021-01-01,395.5291997554401,234,gbm_corr_top1_rand9,f1,3
2019-09-01,346.62898272112096,234,mlp_corr_top1_rand9,f1,3
2019-10-01,399.97110223100856,234,mlp_corr_top1_rand9,f1,3
2019-11-01,410.8326730880582,234,mlp_corr_top1_rand9,f1,3
2019-12-01,426.4335180175729,234,mlp_corr_top1_rand9,f1,3
2020-01-01,415.3799122822244,234,mlp_corr_top1_rand9,f1,3
2020-02-01,353.477551388198,234,mlp_corr_top1_rand9,f1,3
2020-03-01,449.1438064602645,234,mlp_corr_top1_rand9,f1,3
2020-04-01,479.4133861650387,234,mlp_corr_top1_rand9,f1,3
2020-05-01,494.75126511010546,234,mlp_corr_top1_rand9,f1,3
2020-06-01,348.6072416302713,234,mlp_corr_top1_rand9,f1,3
2020-07-01,410.13665170162335,234,mlp_corr_top1_rand9,f1,3
2020-08-01,436.84247814370787,234,mlp_corr_top1_rand9,f1,3
2020-09-01,779.1124219840372,234,mlp_corr_top1_rand9,f1,3
2020-10-01,574.2422628496392,234,mlp_corr_top1_rand9,f1,3
2020-11-01,421.5247025772203,234,mlp_corr_top1_rand9,f1,3
2020-12-01,409.27170281559376,234,mlp_corr_top1_rand9,f1,3
2021-01-01,432.6510868091146,234,mlp_corr_top1_rand9,f1,3
2019-09-01,345.8992346356571,234,gbm_corr_top1_2hop_rand9,f1,3
2019-10-01,399.099152588755,234,gbm_corr_top1_2hop_rand9,f1,3
2019-11-01,398.8898025383139,234,gbm_corr_top1_2hop_rand9,f1,3
2019-12-01,426.0915712966164,234,gbm_corr_top1_2hop_rand9,f1,3
2020-01-01,407.5922464467606,234,gbm_corr_top1_2hop_rand9,f1,3
2020-02-01,340.98589453638965,234,gbm_corr_top1_2hop_rand9,f1,3
2020-03-01,441.24007380149646,234,gbm_corr_top1_2hop_rand9,f1,3
2020-04-01,460.12411428074245,234,gbm_corr_top1_2hop_rand9,f1,3
2020-05-01,473.4767137829755,234,gbm_corr_top1_2hop_rand9,f1,3
2020-06-01,337.7321135539208,234,gbm_corr_top1_2hop_rand9,f1,3
2020-07-01,393.3172405931657,234,gbm_corr_top1_2hop_rand9,f1,3
2020-08-01,412.70968960172667,234,gbm_corr_top1_2hop_rand9,f1,3
2020-09-01,755.7881874865626,234,gbm_corr_top1_2hop_rand9,f1,3
2020-10-01,552.5596992979407,234,gbm_corr_top1_2hop_rand9,f1,3
2020-11-01,390.83727988670734,234,gbm_corr_top1_2hop_rand9,f1,3
2020-12-01,370.6148875552091,234,gbm_corr_top1_2hop_rand9,f1,3
2021-01-01,395.097611857242,234,gbm_corr_top1_2hop_rand9,f1,3
2019-09-01,345.1819440158177,234,gbm_corr_top1_rand10,f1,3
2019-10-01,399.47901309836334,234,gbm_corr_top1_rand10,f1,3
2019-11-01,407.6161239475438,234,gbm_corr_top1_rand10,f1,3
2019-12-01,432.14421850032045,234,gbm_corr_top1_rand10,f1,3
2020-01-01,406.29285167966265,234,gbm_corr_top1_rand10,f1,3
2020-02-01,338.70671432461035,234,gbm_corr_top1_rand10,f1,3
2020-03-01,437.1443378096928,234,gbm_corr_top1_rand10,f1,3
2020-04-01,459.11787596706677,234,gbm_corr_top1_rand10,f1,3
2020-05-01,474.40028467938197,234,gbm_corr_top1_rand10,f1,3
2020-06-01,335.5624649569092,234,gbm_corr_top1_rand10,f1,3
2020-07-01,394.5505585161833,234,gbm_corr_top1_rand10,f1,3
2020-08-01,420.12259184560475,234,gbm_corr_top1_rand10,f1,3
2020-09-01,763.4027149392085,234,gbm_corr_top1_rand10,f1,3
2020-10-01,549.3222277047004,234,gbm_corr_top1_rand10,f1,3
2020-11-01,394.9952830859923,234,gbm_corr_top1_rand10,f1,3
2020-12-01,374.9032034270558,234,gbm_corr_top1_rand10,f1,3
2021-01-01,398.3041682551667,234,gbm_corr_top1_rand10,f1,3
2019-09-01,347.01490879567996,234,mlp_corr_top1_rand10,f1,3
2019-10-01,395.5147714113913,234,mlp_corr_top1_rand10,f1,3
2019-11-01,404.4544756617615,234,mlp_corr_top1_rand10,f1,3
2019-12-01,423.07044537081424,234,mlp_corr_top1_rand10,f1,3
2020-01-01,406.96894352250075,234,mlp_corr_top1_rand10,f1,3
2020-02-01,339.34450327370286,234,mlp_corr_top1_rand10,f1,3
2020-03-01,436.60842974492965,234,mlp_corr_top1_rand10,f1,3
2020-04-01,456.1680207248034,234,mlp_corr_top1_rand10,f1,3
2020-05-01,471.28702191484666,234,mlp_corr_top1_rand10,f1,3
2020-06-01,338.2693781469586,234,mlp_corr_top1_rand10,f1,3
2020-07-01,400.80886910770363,234,mlp_corr_top1_rand10,f1,3
2020-08-01,416.2583057322908,234,mlp_corr_top1_rand10,f1,3
2020-09-01,760.8280750852958,234,mlp_corr_top1_rand10,f1,3
2020-10-01,550.1329530493099,234,mlp_corr_top1_rand10,f1,3
2020-11-01,397.64987892168364,234,mlp_corr_top1_rand10,f1,3
2020-12-01,378.23754801029963,234,mlp_corr_top1_rand10,f1,3
2021-01-01,406.41624459040605,234,mlp_corr_top1_rand10,f1,3
2019-09-01,350.2412684313305,234,gbm_corr_top1_2hop_rand10,f1,3
2019-10-01,395.9616313087351,234,gbm_corr_top1_2hop_rand10,f1,3
2019-11-01,406.9149260731838,234,gbm_corr_top1_2hop_rand10,f1,3
2019-12-01,432.847842430822,234,gbm_corr_top1_2hop_rand10,f1,3
2020-01-01,405.83148241941296,234,gbm_corr_top1_2hop_rand10,f1,3
2020-02-01,340.7294236665397,234,gbm_corr_top1_2hop_rand10,f1,3
2020-03-01,433.0487778830518,234,gbm_corr_top1_2hop_rand10,f1,3
2020-04-01,457.2800513489665,234,gbm_corr_top1_2hop_rand10,f1,3
2020-05-01,474.2628896493432,234,gbm_corr_top1_2hop_rand10,f1,3
2020-06-01,335.8500432005466,234,gbm_corr_top1_2hop_rand10,f1,3
2020-07-01,389.5448616357988,234,gbm_corr_top1_2hop_rand10,f1,3
2020-08-01,420.10708302316823,234,gbm_corr_top1_2hop_rand10,f1,3
2020-09-01,761.264310456476,234,gbm_corr_top1_2hop_rand10,f1,3
2020-10-01,560.2427886635571,234,gbm_corr_top1_2hop_rand10,f1,3
2020-11-01,391.53161841779297,234,gbm_corr_top1_2hop_rand10,f1,3
2020-12-01,381.07175495593555,234,gbm_corr_top1_2hop_rand10,f1,3
2021-01-01,399.5637789973258,234,gbm_corr_top1_2hop_rand10,f1,3
2019-09-01,341.97615466504834,234,gbm_corr_top1_rand11,f1,3
2019-10-01,392.48604798581516,234,gbm_corr_top1_rand11,f1,3
2019-11-01,404.55402187494275,234,gbm_corr_top1_rand11,f1,3
2019-12-01,426.6322975469088,234,gbm_corr_top1_rand11,f1,3
2020-01-01,406.09407088580605,234,gbm_corr_top1_rand11,f1,3
2020-02-01,342.14743441940266,234,gbm_corr_top1_rand11,f1,3
2020-03-01,437.918562185107,234,gbm_corr_top1_rand11,f1,3
2020-04-01,461.8835097237384,234,gbm_corr_top1_rand11,f1,3
2020-05-01,478.94808216290124,234,gbm_corr_top1_rand11,f1,3
2020-06-01,339.636141837051,234,gbm_corr_top1_rand11,f1,3
2020-07-01,396.8926700575613,234,gbm_corr_top1_rand11,f1,3
2020-08-01,419.3787576548531,234,gbm_corr_top1_rand11,f1,3
2020-09-01,758.5710334028283,234,gbm_corr_top1_rand11,f1,3
2020-10-01,555.4897494935636,234,gbm_corr_top1_rand11,f1,3
2020-11-01,402.4003922638035,234,gbm_corr_top1_rand11,f1,3
2020-12-01,383.6089658676204,234,gbm_corr_top1_rand11,f1,3
2021-01-01,402.2829814149291,234,gbm_corr_top1_rand11,f1,3
2019-09-01,345.0281142699065,234,mlp_corr_top1_rand11,f1,3
2019-10-01,395.497423958228,234,mlp_corr_top1_rand11,f1,3
2019-11-01,407.21498195233585,234,mlp_corr_top1_rand11,f1,3
2019-12-01,425.149858527018,234,mlp_corr_top1_rand11,f1,3
2020-01-01,408.7304733218444,234,mlp_corr_top1_rand11,f1,3
2020-02-01,338.743257415977,234,mlp_corr_top1_rand11,f1,3
2020-03-01,435.7988511611237,234,mlp_corr_top1_rand11,f1,3
2020-04-01,460.0293790725049,234,mlp_corr_top1_rand11,f1,3
2020-05-01,480.2633882074905,234,mlp_corr_top1_rand11,f1,3
2020-06-01,337.62034657735836,234,mlp_corr_top1_rand11,f1,3
2020-07-01,399.3458702343339,234,mlp_corr_top1_rand11,f1,3
2020-08-01,419.5271885921272,234,mlp_corr_top1_rand11,f1,3
2020-09-01,761.6984716997652,234,mlp_corr_top1_rand11,f1,3
2020-10-01,556.3691233504258,234,mlp_corr_top1_rand11,f1,3
2020-11-01,405.5100763704844,234,mlp_corr_top1_rand11,f1,3
2020-12-01,386.13700184603624,234,mlp_corr_top1_rand11,f1,3
2021-01-01,412.2548552863003,234,mlp_corr_top1_rand11,f1,3
2019-09-01,343.19595047825675,234,gbm_corr_top1_2hop_rand11,f1,3
2019-10-01,391.8117487824717,234,gbm_corr_top1_2hop_rand11,f1,3
2019-11-01,410.71415893484533,234,gbm_corr_top1_2hop_rand11,f1,3
2019-12-01,426.74340309191945,234,gbm_corr_top1_2hop_rand11,f1,3
2020-01-01,409.2465185189399,234,gbm_corr_top1_2hop_rand11,f1,3
2020-02-01,340.37602692327533,234,gbm_corr_top1_2hop_rand11,f1,3
2020-03-01,446.04516898123956,234,gbm_corr_top1_2hop_rand11,f1,3
2020-04-01,466.32521162853084,234,gbm_corr_top1_2hop_rand11,f1,3
2020-05-01,481.21767851512726,234,gbm_corr_top1_2hop_rand11,f1,3
2020-06-01,337.6749432988231,234,gbm_corr_top1_2hop_rand11,f1,3
2020-07-01,396.5386772951,234,gbm_corr_top1_2hop_rand11,f1,3
2020-08-01,422.63485986137476,234,gbm_corr_top1_2hop_rand11,f1,3
2020-09-01,762.2299830500577,234,gbm_corr_top1_2hop_rand11,f1,3
2020-10-01,553.8901832639685,234,gbm_corr_top1_2hop_rand11,f1,3
2020-11-01,399.186888587695,234,gbm_corr_top1_2hop_rand11,f1,3
2020-12-01,378.2117165181973,234,gbm_corr_top1_2hop_rand11,f1,3
2021-01-01,395.51313310662397,234,gbm_corr_top1_2hop_rand11,f1,3
2019-09-01,348.52719464883074,234,gbm_corr_top1_rand12,f1,3
2019-10-01,400.0580569069809,234,gbm_corr_top1_rand12,f1,3
2019-11-01,411.5957710024303,234,gbm_corr_top1_rand12,f1,3
2019-12-01,424.3311629332577,234,gbm_corr_top1_rand12,f1,3
2020-01-01,406.6307062136231,234,gbm_corr_top1_rand12,f1,3
2020-02-01,338.1308632333834,234,gbm_corr_top1_rand12,f1,3
2020-03-01,437.18117109622887,234,gbm_corr_top1_rand12,f1,3
2020-04-01,453.8028782390058,234,gbm_corr_top1_rand12,f1,3
2020-05-01,472.6556324743542,234,gbm_corr_top1_rand12,f1,3
2020-06-01,334.01435457930205,234,gbm_corr_top1_rand12,f1,3
2020-07-01,391.1415492616425,234,gbm_corr_top1_rand12,f1,3
2020-08-01,417.71658637166433,234,gbm_corr_top1_rand12,f1,3
2020-09-01,764.1511724125069,234,gbm_corr_top1_rand12,f1,3
2020-10-01,553.0854200487111,234,gbm_corr_top1_rand12,f1,3
2020-11-01,396.693664545443,234,gbm_corr_top1_rand12,f1,3
2020-12-01,381.40749724804726,234,gbm_corr_top1_rand12,f1,3
2021-01-01,401.604894033253,234,gbm_corr_top1_rand12,f1,3
2019-09-01,345.3609975280913,234,mlp_corr_top1_rand12,f1,3
2019-10-01,405.3400762798295,234,mlp_corr_top1_rand12,f1,3
2019-11-01,411.83543295823273,234,mlp_corr_top1_rand12,f1,3
2019-12-01,422.9881739429328,234,mlp_corr_top1_rand12,f1,3
2020-01-01,410.0628661450753,234,mlp_corr_top1_rand12,f1,3
2020-02-01,344.03420227344554,234,mlp_corr_top1_rand12,f1,3
2020-03-01,443.28720422953694,234,mlp_corr_top1_rand12,f1,3
2020-04-01,469.9542543802946,234,mlp_corr_top1_rand12,f1,3
2020-05-01,481.8976572622405,234,mlp_corr_top1_rand12,f1,3
2020-06-01,335.00024451586177,234,mlp_corr_top1_rand12,f1,3
2020-07-01,395.0729574001534,234,mlp_corr_top1_rand12,f1,3
2020-08-01,415.31039555722145,234,mlp_corr_top1_rand12,f1,3
2020-09-01,765.4614607221996,234,mlp_corr_top1_rand12,f1,3
2020-10-01,556.1129821546361,234,mlp_corr_top1_rand12,f1,3
2020-11-01,399.0937838063688,234,mlp_corr_top1_rand12,f1,3
2020-12-01,380.6128490584999,234,mlp_corr_top1_rand12,f1,3
2021-01-01,409.47015574463944,234,mlp_corr_top1_rand12,f1,3
2019-09-01,348.8543737468016,234,gbm_corr_top1_2hop_rand12,f1,3
2019-10-01,402.87629819402184,234,gbm_corr_top1_2hop_rand12,f1,3
2019-11-01,406.96756621242446,234,gbm_corr_top1_2hop_rand12,f1,3
2019-12-01,426.78629135352134,234,gbm_corr_top1_2hop_rand12,f1,3
2020-01-01,409.2812756569395,234,gbm_corr_top1_2hop_rand12,f1,3
2020-02-01,340.7921308295315,234,gbm_corr_top1_2hop_rand12,f1,3
2020-03-01,434.10284446040015,234,gbm_corr_top1_2hop_rand12,f1,3
2020-04-01,451.7143518587669,234,gbm_corr_top1_2hop_rand12,f1,3
2020-05-01,469.3610272068435,234,gbm_corr_top1_2hop_rand12,f1,3
2020-06-01,334.9142766698108,234,gbm_corr_top1_2hop_rand12,f1,3
2020-07-01,390.2196735644106,234,gbm_corr_top1_2hop_rand12,f1,3
2020-08-01,415.50667683492094,234,gbm_corr_top1_2hop_rand12,f1,3
2020-09-01,764.9655632519842,234,gbm_corr_top1_2hop_rand12,f1,3
2020-10-01,552.7535830031653,234,gbm_corr_top1_2hop_rand12,f1,3
2020-11-01,396.3086485883895,234,gbm_corr_top1_2hop_rand12,f1,3
2020-12-01,379.4765202247013,234,gbm_corr_top1_2hop_rand12,f1,3
2021-01-01,398.44194088565223,234,gbm_corr_top1_2hop_rand12,f1,3
2019-09-01,345.33297472743976,234,gbm_corr_top1_rand13,f1,3
2019-10-01,401.2921738260531,234,gbm_corr_top1_rand13,f1,3
2019-11-01,407.6895508750298,234,gbm_corr_top1_rand13,f1,3
2019-12-01,426.59337311279523,234,gbm_corr_top1_rand13,f1,3
2020-01-01,415.6608707105793,234,gbm_corr_top1_rand13,f1,3
2020-02-01,340.2963196701826,234,gbm_corr_top1_rand13,f1,3
2020-03-01,437.10513848899507,234,gbm_corr_top1_rand13,f1,3
2020-04-01,458.62347374309496,234,gbm_corr_top1_rand13,f1,3
2020-05-01,471.81910422955553,234,gbm_corr_top1_rand13,f1,3
2020-06-01,334.7473469781121,234,gbm_corr_top1_rand13,f1,3
2020-07-01,392.01676879030447,234,gbm_corr_top1_rand13,f1,3
2020-08-01,421.0314847413226,234,gbm_corr_top1_rand13,f1,3
2020-09-01,756.9361495030902,234,gbm_corr_top1_rand13,f1,3
2020-10-01,549.7011520433981,234,gbm_corr_top1_rand13,f1,3
2020-11-01,395.87253771828637,234,gbm_corr_top1_rand13,f1,3
2020-12-01,380.9042362816153,234,gbm_corr_top1_rand13,f1,3
2021-01-01,397.9801696976391,234,gbm_corr_top1_rand13,f1,3
2019-09-01,347.7379910265159,234,mlp_corr_top1_rand13,f1,3
2019-10-01,396.19560572061783,234,mlp_corr_top1_rand13,f1,3
2019-11-01,407.55305531882783,234,mlp_corr_top1_rand13,f1,3
2019-12-01,424.18111981212684,234,mlp_corr_top1_rand13,f1,3
2020-01-01,410.75446784273714,234,mlp_corr_top1_rand13,f1,3
2020-02-01,342.4991649565293,234,mlp_corr_top1_rand13,f1,3
2020-03-01,438.39747801381276,234,mlp_corr_top1_rand13,f1,3
2020-04-01,463.465459412012,234,mlp_corr_top1_rand13,f1,3
2020-05-01,479.1277468241762,234,mlp_corr_top1_rand13,f1,3
2020-06-01,339.90031266362257,234,mlp_corr_top1_rand13,f1,3
2020-07-01,400.57526916692524,234,mlp_corr_top1_rand13,f1,3
2020-08-01,421.1320526947229,234,mlp_corr_top1_rand13,f1,3
2020-09-01,765.5323918615296,234,mlp_corr_top1_rand13,f1,3
2020-10-01,558.638673096769,234,mlp_corr_top1_rand13,f1,3
2020-11-01,407.93136252890145,234,mlp_corr_top1_rand13,f1,3
2020-12-01,391.59255246515744,234,mlp_corr_top1_rand13,f1,3
2021-01-01,410.71909375557794,234,mlp_corr_top1_rand13,f1,3
2019-09-01,350.46890159837574,234,gbm_corr_top1_2hop_rand13,f1,3
2019-10-01,400.87361312429834,234,gbm_corr_top1_2hop_rand13,f1,3
2019-11-01,405.9637362720581,234,gbm_corr_top1_2hop_rand13,f1,3
2019-12-01,426.698848752872,234,gbm_corr_top1_2hop_rand13,f1,3
2020-01-01,414.1079052027971,234,gbm_corr_top1_2hop_rand13,f1,3
2020-02-01,341.4308058402735,234,gbm_corr_top1_2hop_rand13,f1,3
2020-03-01,435.24248342947345,234,gbm_corr_top1_2hop_rand13,f1,3
2020-04-01,456.6954744721842,234,gbm_corr_top1_2hop_rand13,f1,3
2020-05-01,468.38819496269946,234,gbm_corr_top1_2hop_rand13,f1,3
2020-06-01,334.5633017930919,234,gbm_corr_top1_2hop_rand13,f1,3
2020-07-01,394.8408449124153,234,gbm_corr_top1_2hop_rand13,f1,3
2020-08-01,419.92521463927915,234,gbm_corr_top1_2hop_rand13,f1,3
2020-09-01,752.9934909617008,234,gbm_corr_top1_2hop_rand13,f1,3
2020-10-01,549.1791602690824,234,gbm_corr_top1_2hop_rand13,f1,3
2020-11-01,390.04799999774485,234,gbm_corr_top1_2hop_rand13,f1,3
2020-12-01,370.11159009564216,234,gbm_corr_top1_2hop_rand13,f1,3
2021-01-01,396.3098704084809,234,gbm_corr_top1_2hop_rand13,f1,3
2019-09-01,347.7519394404418,234,gbm_corr_top1_rand14,f1,3
2019-10-01,402.7446335546809,234,gbm_corr_top1_rand14,f1,3
2019-11-01,405.0827223200002,234,gbm_corr_top1_rand14,f1,3
2019-12-01,425.46697127463204,234,gbm_corr_top1_rand14,f1,3
2020-01-01,406.38013978126526,234,gbm_corr_top1_rand14,f1,3
2020-02-01,341.3588405417291,234,gbm_corr_top1_rand14,f1,3
2020-03-01,444.19140676032254,234,gbm_corr_top1_rand14,f1,3
2020-04-01,465.63563394637373,234,gbm_corr_top1_rand14,f1,3
2020-05-01,477.5918566412715,234,gbm_corr_top1_rand14,f1,3
2020-06-01,338.2017925368468,234,gbm_corr_top1_rand14,f1,3
2020-07-01,390.4871515906434,234,gbm_corr_top1_rand14,f1,3
2020-08-01,417.2261502366503,234,gbm_corr_top1_rand14,f1,3
2020-09-01,759.9738740648946,234,gbm_corr_top1_rand14,f1,3
2020-10-01,549.5989448081054,234,gbm_corr_top1_rand14,f1,3
2020-11-01,387.6624092092738,234,gbm_corr_top1_rand14,f1,3
2020-12-01,365.02605513014277,234,gbm_corr_top1_rand14,f1,3
2021-01-01,394.7708656389727,234,gbm_corr_top1_rand14,f1,3
2019-09-01,349.5491682506325,234,mlp_corr_top1_rand14,f1,3
2019-10-01,406.8339978844091,234,mlp_corr_top1_rand14,f1,3
2019-11-01,414.74636739846915,234,mlp_corr_top1_rand14,f1,3
2019-12-01,427.7479404335833,234,mlp_corr_top1_rand14,f1,3
2020-01-01,414.8495987559886,234,mlp_corr_top1_rand14,f1,3
2020-02-01,352.0319193947184,234,mlp_corr_top1_rand14,f1,3
2020-03-01,452.4456737454077,234,mlp_corr_top1_rand14,f1,3
2020-04-01,482.47504624626225,234,mlp_corr_top1_rand14,f1,3
2020-05-01,498.2861927755892,234,mlp_corr_top1_rand14,f1,3
2020-06-01,348.9474281935001,234,mlp_corr_top1_rand14,f1,3
2020-07-01,407.88395983178384,234,mlp_corr_top1_rand14,f1,3
2020-08-01,435.84985449472805,234,mlp_corr_top1_rand14,f1,3
2020-09-01,784.9575863680411,234,mlp_corr_top1_rand14,f1,3
2020-10-01,574.7646049787472,234,mlp_corr_top1_rand14,f1,3
2020-11-01,423.33915732765655,234,mlp_corr_top1_rand14,f1,3
2020-12-01,401.69726584812537,234,mlp_corr_top1_rand14,f1,3
2021-01-01,433.35442181184226,234,mlp_corr_top1_rand14,f1,3
2019-09-01,344.7019633348528,234,gbm_corr_top1_2hop_rand14,f1,3
2019-10-01,404.72849365303466,234,gbm_corr_top1_2hop_rand14,f1,3
2019-11-01,407.69038953754074,234,gbm_corr_top1_2hop_rand14,f1,3
2019-12-01,433.4962481885886,234,gbm_corr_top1_2hop_rand14,f1,3
2020-01-01,403.04508722629856,234,gbm_corr_top1_2hop_rand14,f1,3
2020-02-01,341.1724126132935,234,gbm_corr_top1_2hop_rand14,f1,3
2020-03-01,448.4064978742958,234,gbm_corr_top1_2hop_rand14,f1,3
2020-04-01,469.525757505154,234,gbm_corr_top1_2hop_rand14,f1,3
2020-05-01,468.30864261944527,234,gbm_corr_top1_2hop_rand14,f1,3
2020-06-01,337.4598248067492,234,gbm_corr_top1_2hop_rand14,f1,3
2020-07-01,396.2221082736888,234,gbm_corr_top1_2hop_rand14,f1,3
2020-08-01,419.7584000581967,234,gbm_corr_top1_2hop_rand14,f1,3
2020-09-01,752.9524705012766,234,gbm_corr_top1_2hop_rand14,f1,3
2020-10-01,546.163550980989,234,gbm_corr_top1_2hop_rand14,f1,3
2020-11-01,389.8431885151933,234,gbm_corr_top1_2hop_rand14,f1,3
2020-12-01,372.75091835638,234,gbm_corr_top1_2hop_rand14,f1,3
2021-01-01,401.95347272987675,234,gbm_corr_top1_2hop_rand14,f1,3
2019-09-01,347.53492618638603,234,gbm_corr_top1_rand15,f1,3
2019-10-01,400.9699559104447,234,gbm_corr_top1_rand15,f1,3
2019-11-01,412.59049690018924,234,gbm_corr_top1_rand15,f1,3
2019-12-01,424.4446830342427,234,gbm_corr_top1_rand15,f1,3
2020-01-01,408.98552236600176,234,gbm_corr_top1_rand15,f1,3
2020-02-01,342.71535071506884,234,gbm_corr_top1_rand15,f1,3
2020-03-01,444.91167983492,234,gbm_corr_top1_rand15,f1,3
2020-04-01,460.2941457122893,234,gbm_corr_top1_rand15,f1,3
2020-05-01,472.76500071379377,234,gbm_corr_top1_rand15,f1,3
2020-06-01,333.708564466494,234,gbm_corr_top1_rand15,f1,3
2020-07-01,402.88566823668197,234,gbm_corr_top1_rand15,f1,3
2020-08-01,422.1470527024147,234,gbm_corr_top1_rand15,f1,3
2020-09-01,757.4102731092028,234,gbm_corr_top1_rand15,f1,3
2020-10-01,552.6248331329667,234,gbm_corr_top1_rand15,f1,3
2020-11-01,398.18905156510186,234,gbm_corr_top1_rand15,f1,3
2020-12-01,371.3027833768671,234,gbm_corr_top1_rand15,f1,3
2021-01-01,405.7452757679299,234,gbm_corr_top1_rand15,f1,3
2019-09-01,347.5721096490271,234,mlp_corr_top1_rand15,f1,3
2019-10-01,398.5896964678328,234,mlp_corr_top1_rand15,f1,3
2019-11-01,412.60320702574614,234,mlp_corr_top1_rand15,f1,3
2019-12-01,427.5546695004108,234,mlp_corr_top1_rand15,f1,3
2020-01-01,412.5044249139244,234,mlp_corr_top1_rand15,f1,3
2020-02-01,343.2798201135832,234,mlp_corr_top1_rand15,f1,3
2020-03-01,444.5943586551817,234,mlp_corr_top1_rand15,f1,3
2020-04-01,466.4102038303968,234,mlp_corr_top1_rand15,f1,3
2020-05-01,482.53123694548776,234,mlp_corr_top1_rand15,f1,3
2020-06-01,338.9456765725851,234,mlp_corr_top1_rand15,f1,3
2020-07-01,403.8797760604105,234,mlp_corr_top1_rand15,f1,3
2020-08-01,423.95400248402854,234,mlp_corr_top1_rand15,f1,3
2020-09-01,765.6350483594189,234,mlp_corr_top1_rand15,f1,3
2020-10-01,561.193538330188,234,mlp_corr_top1_rand15,f1,3
2020-11-01,402.82152743724697,234,mlp_corr_top1_rand15,f1,3
2020-12-01,385.1622710072735,234,mlp_corr_top1_rand15,f1,3
2021-01-01,412.98904001673475,234,mlp_corr_top1_rand15,f1,3
2019-09-01,346.41145998697186,234,gbm_corr_top1_2hop_rand15,f1,3
2019-10-01,399.77615002768704,234,gbm_corr_top1_2hop_rand15,f1,3
2019-11-01,413.1975199621663,234,gbm_corr_top1_2hop_rand15,f1,3
2019-12-01,423.3494164832366,234,gbm_corr_top1_2hop_rand15,f1,3
2020-01-01,408.13459421355844,234,gbm_corr_top1_2hop_rand15,f1,3
2020-02-01,340.81668853176245,234,gbm_corr_top1_2hop_rand15,f1,3
2020-03-01,443.7094096167707,234,gbm_corr_top1_2hop_rand15,f1,3
2020-04-01,462.81375489349085,234,gbm_corr_top1_2hop_rand15,f1,3
2020-05-01,472.8011995203542,234,gbm_corr_top1_2hop_rand15,f1,3
2020-06-01,334.26799004345105,234,gbm_corr_top1_2hop_rand15,f1,3
2020-07-01,400.395601111,234,gbm_corr_top1_2hop_rand15,f1,3
2020-08-01,419.3505507061714,234,gbm_corr_top1_2hop_rand15,f1,3
2020-09-01,757.9833748034024,234,gbm_corr_top1_2hop_rand15,f1,3
2020-10-01,561.0524550595732,234,gbm_corr_top1_2hop_rand15,f1,3
2020-11-01,400.0078222423024,234,gbm_corr_top1_2hop_rand15,f1,3
2020-12-01,365.9320444477934,234,gbm_corr_top1_2hop_rand15,f1,3
2021-01-01,404.5272449359471,234,gbm_corr_top1_2hop_rand15,f1,3
2019-09-01,345.8074608702395,234,gbm_corr_top1_rand16,f1,3
2019-10-01,400.1818873981485,234,gbm_corr_top1_rand16,f1,3
2019-11-01,407.5601465605432,234,gbm_corr_top1_rand16,f1,3
2019-12-01,421.2524872944749,234,gbm_corr_top1_rand16,f1,3
2020-01-01,406.70621617574886,234,gbm_corr_top1_rand16,f1,3
2020-02-01,338.5570779280646,234,gbm_corr_top1_rand16,f1,3
2020-03-01,437.18206775883334,234,gbm_corr_top1_rand16,f1,3
2020-04-01,459.1399346578916,234,gbm_corr_top1_rand16,f1,3
2020-05-01,470.2673358365946,234,gbm_corr_top1_rand16,f1,3
2020-06-01,337.62061863883895,234,gbm_corr_top1_rand16,f1,3
2020-07-01,395.08459033454864,234,gbm_corr_top1_rand16,f1,3
2020-08-01,410.244171672156,234,gbm_corr_top1_rand16,f1,3
2020-09-01,752.7976195100947,234,gbm_corr_top1_rand16,f1,3
2020-10-01,545.0563207607864,234,gbm_corr_top1_rand16,f1,3
2020-11-01,385.9767758762463,234,gbm_corr_top1_rand16,f1,3
2020-12-01,365.1130041554858,234,gbm_corr_top1_rand16,f1,3
2021-01-01,398.44975112225853,234,gbm_corr_top1_rand16,f1,3
2019-09-01,350.3847051509987,234,mlp_corr_top1_rand16,f1,3
2019-10-01,399.45899525793646,234,mlp_corr_top1_rand16,f1,3
2019-11-01,410.94043042811944,234,mlp_corr_top1_rand16,f1,3
2019-12-01,425.92172900069295,234,mlp_corr_top1_rand16,f1,3
2020-01-01,413.954250242149,234,mlp_corr_top1_rand16,f1,3
2020-02-01,346.4476845102335,234,mlp_corr_top1_rand16,f1,3
2020-03-01,445.1016380626631,234,mlp_corr_top1_rand16,f1,3
2020-04-01,469.9605903066464,234,mlp_corr_top1_rand16,f1,3
2020-05-01,488.61462437605064,234,mlp_corr_top1_rand16,f1,3
2020-06-01,348.7149938963493,234,mlp_corr_top1_rand16,f1,3
2020-07-01,409.05591454577853,234,mlp_corr_top1_rand16,f1,3
2020-08-01,426.5802122009523,234,mlp_corr_top1_rand16,f1,3
2020-09-01,770.8721431126145,234,mlp_corr_top1_rand16,f1,3
2020-10-01,567.3523904957239,234,mlp_corr_top1_rand16,f1,3
2020-11-01,418.47904312159585,234,mlp_corr_top1_rand16,f1,3
2020-12-01,401.04709779827135,234,mlp_corr_top1_rand16,f1,3
2021-01-01,426.6724791360061,234,mlp_corr_top1_rand16,f1,3
2019-09-01,349.40374700806694,234,gbm_corr_top1_2hop_rand16,f1,3
2019-10-01,398.98304885212207,234,gbm_corr_top1_2hop_rand16,f1,3
2019-11-01,403.52168367288414,234,gbm_corr_top1_2hop_rand16,f1,3
2019-12-01,424.3667108003033,234,gbm_corr_top1_2hop_rand16,f1,3
2020-01-01,407.37696558487437,234,gbm_corr_top1_2hop_rand16,f1,3
2020-02-01,334.89891225829626,234,gbm_corr_top1_2hop_rand16,f1,3
2020-03-01,434.220308800363,234,gbm_corr_top1_2hop_rand16,f1,3
2020-04-01,456.47131301762823,234,gbm_corr_top1_2hop_rand16,f1,3
2020-05-01,466.76320974645967,234,gbm_corr_top1_2hop_rand16,f1,3
2020-06-01,332.02983808208313,234,gbm_corr_top1_2hop_rand16,f1,3
2020-07-01,390.4509506801718,234,gbm_corr_top1_2hop_rand16,f1,3
2020-08-01,409.76651463205246,234,gbm_corr_top1_2hop_rand16,f1,3
2020-09-01,747.4844504230737,234,gbm_corr_top1_2hop_rand16,f1,3
2020-10-01,541.2991858611792,234,gbm_corr_top1_2hop_rand16,f1,3
2020-11-01,384.22659012108824,234,gbm_corr_top1_2hop_rand16,f1,3
2020-12-01,365.51168759913395,234,gbm_corr_top1_2hop_rand16,f1,3
2021-01-01,400.5025823051694,234,gbm_corr_top1_2hop_rand16,f1,3
2019-09-01,345.32959035086606,234,gbm_corr_top1_rand17,f1,3
2019-10-01,397.85361610394193,234,gbm_corr_top1_rand17,f1,3
2019-11-01,405.33668174415305,234,gbm_corr_top1_rand17,f1,3
2019-12-01,426.0057928809567,234,gbm_corr_top1_rand17,f1,3
2020-01-01,407.34300632575304,234,gbm_corr_top1_rand17,f1,3
2020-02-01,336.28234920602233,234,gbm_corr_top1_rand17,f1,3
2020-03-01,437.3481513027152,234,gbm_corr_top1_rand17,f1,3
2020-04-01,456.987345110172,234,gbm_corr_top1_rand17,f1,3
2020-05-01,470.69483309368155,234,gbm_corr_top1_rand17,f1,3
2020-06-01,336.4314549958475,234,gbm_corr_top1_rand17,f1,3
2020-07-01,397.5960234160586,234,gbm_corr_top1_rand17,f1,3
2020-08-01,416.6708546053865,234,gbm_corr_top1_rand17,f1,3
2020-09-01,764.5271028419402,234,gbm_corr_top1_rand17,f1,3
2020-10-01,548.9846702621154,234,gbm_corr_top1_rand17,f1,3
2020-11-01,390.0450388871409,234,gbm_corr_top1_rand17,f1,3
2020-12-01,371.7327069661404,234,gbm_corr_top1_rand17,f1,3
2021-01-01,397.852157832397,234,gbm_corr_top1_rand17,f1,3
2019-09-01,342.8234677060604,234,mlp_corr_top1_rand17,f1,3
2019-10-01,400.1428188742553,234,mlp_corr_top1_rand17,f1,3
2019-11-01,407.78366808271164,234,mlp_corr_top1_rand17,f1,3
2019-12-01,424.7803899921669,234,mlp_corr_top1_rand17,f1,3
2020-01-01,409.9653400370756,234,mlp_corr_top1_rand17,f1,3
2020-02-01,345.73697014035605,234,mlp_corr_top1_rand17,f1,3
2020-03-01,442.8295290942993,234,mlp_corr_top1_rand17,f1,3
2020-04-01,468.22829140425046,234,mlp_corr_top1_rand17,f1,3
2020-05-01,481.0765873101838,234,mlp_corr_top1_rand17,f1,3
2020-06-01,337.5761365251166,234,mlp_corr_top1_rand17,f1,3
2020-07-01,400.1333216711939,234,mlp_corr_top1_rand17,f1,3
2020-08-01,423.1260216977463,234,mlp_corr_top1_rand17,f1,3
2020-09-01,768.8163854043498,234,mlp_corr_top1_rand17,f1,3
2020-10-01,559.9823377876588,234,mlp_corr_top1_rand17,f1,3
2020-11-01,404.8734529772255,234,mlp_corr_top1_rand17,f1,3
2020-12-01,392.4372702820914,234,mlp_corr_top1_rand17,f1,3
2021-01-01,420.5142019861027,234,mlp_corr_top1_rand17,f1,3
2019-09-01,345.18412728930474,234,gbm_corr_top1_2hop_rand17,f1,3
2019-10-01,391.2016204233152,234,gbm_corr_top1_2hop_rand17,f1,3
2019-11-01,404.830264580675,234,gbm_corr_top1_2hop_rand17,f1,3
2019-12-01,422.5916860603264,234,gbm_corr_top1_2hop_rand17,f1,3
2020-01-01,409.79545775763546,234,gbm_corr_top1_2hop_rand17,f1,3
2020-02-01,338.2002261586711,234,gbm_corr_top1_2hop_rand17,f1,3
2020-03-01,439.5421005104658,234,gbm_corr_top1_2hop_rand17,f1,3
2020-04-01,453.044195897894,234,gbm_corr_top1_2hop_rand17,f1,3
2020-05-01,464.4480884808462,234,gbm_corr_top1_2hop_rand17,f1,3
2020-06-01,332.87826081964755,234,gbm_corr_top1_2hop_rand17,f1,3
2020-07-01,390.46343206506907,234,gbm_corr_top1_2hop_rand17,f1,3
2020-08-01,413.15467178043724,234,gbm_corr_top1_2hop_rand17,f1,3
2020-09-01,762.5445040185726,234,gbm_corr_top1_2hop_rand17,f1,3
2020-10-01,552.5292060193589,234,gbm_corr_top1_2hop_rand17,f1,3
2020-11-01,391.50594526446844,234,gbm_corr_top1_2hop_rand17,f1,3
2020-12-01,368.7999873000458,234,gbm_corr_top1_2hop_rand17,f1,3
2021-01-01,392.7484569427727,234,gbm_corr_top1_2hop_rand17,f1,3
2019-09-01,347.76773938974515,234,gbm_corr_top1_rand18,f1,3
2019-10-01,398.39877171953293,234,gbm_corr_top1_rand18,f1,3
2019-11-01,410.97429082757907,234,gbm_corr_top1_rand18,f1,3
2019-12-01,425.42866942600625,234,gbm_corr_top1_rand18,f1,3
2020-01-01,409.99890195693763,234,gbm_corr_top1_rand18,f1,3
2020-02-01,341.83405156065044,234,gbm_corr_top1_rand18,f1,3
2020-03-01,435.3815981400506,234,gbm_corr_top1_rand18,f1,3
2020-04-01,452.76672515553656,234,gbm_corr_top1_rand18,f1,3
2020-05-01,470.11886253278135,234,gbm_corr_top1_rand18,f1,3
2020-06-01,338.3914031073198,234,gbm_corr_top1_rand18,f1,3
2020-07-01,392.7846941264759,234,gbm_corr_top1_rand18,f1,3
2020-08-01,410.5755109037909,234,gbm_corr_top1_rand18,f1,3
2020-09-01,755.8324500547046,234,gbm_corr_top1_rand18,f1,3
2020-10-01,553.1723770969223,234,gbm_corr_top1_rand18,f1,3
2020-11-01,396.46453927459595,234,gbm_corr_top1_rand18,f1,3
2020-12-01,368.9954745076758,234,gbm_corr_top1_rand18,f1,3
2021-01-01,402.37613477274,234,gbm_corr_top1_rand18,f1,3
2019-09-01,348.13744040008993,234,mlp_corr_top1_rand18,f1,3
2019-10-01,402.0706331175685,234,mlp_corr_top1_rand18,f1,3
2019-11-01,411.34335379054306,234,mlp_corr_top1_rand18,f1,3
2019-12-01,424.371900814966,234,mlp_corr_top1_rand18,f1,3
2020-01-01,408.7361063823696,234,mlp_corr_top1_rand18,f1,3
2020-02-01,347.5996877726674,234,mlp_corr_top1_rand18,f1,3
2020-03-01,442.4804953834601,234,mlp_corr_top1_rand18,f1,3
2020-04-01,463.22573792100684,234,mlp_corr_top1_rand18,f1,3
2020-05-01,480.93561144137067,234,mlp_corr_top1_rand18,f1,3
2020-06-01,344.8011478370281,234,mlp_corr_top1_rand18,f1,3
2020-07-01,410.8312158785494,234,mlp_corr_top1_rand18,f1,3
2020-08-01,436.00187190063303,234,mlp_corr_top1_rand18,f1,3
2020-09-01,777.1727639589176,234,mlp_corr_top1_rand18,f1,3
2020-10-01,565.870980875083,234,mlp_corr_top1_rand18,f1,3
2020-11-01,417.42765430559166,234,mlp_corr_top1_rand18,f1,3
2020-12-01,401.95115083132407,234,mlp_corr_top1_rand18,f1,3
2021-01-01,427.30796746289946,234,mlp_corr_top1_rand18,f1,3
2019-09-01,350.6597165080066,234,gbm_corr_top1_2hop_rand18,f1,3
2019-10-01,401.42157912962887,234,gbm_corr_top1_2hop_rand18,f1,3
2019-11-01,402.56249727798877,234,gbm_corr_top1_2hop_rand18,f1,3
2019-12-01,425.03590651228666,234,gbm_corr_top1_2hop_rand18,f1,3
2020-01-01,404.4242945023463,234,gbm_corr_top1_2hop_rand18,f1,3
2020-02-01,340.1363424443466,234,gbm_corr_top1_2hop_rand18,f1,3
2020-03-01,436.67592233746916,234,gbm_corr_top1_2hop_rand18,f1,3
2020-04-01,453.3595422852342,234,gbm_corr_top1_2hop_rand18,f1,3
2020-05-01,467.9329692259236,234,gbm_corr_top1_2hop_rand18,f1,3
2020-06-01,334.1571540264865,234,gbm_corr_top1_2hop_rand18,f1,3
2020-07-01,392.13724947685876,234,gbm_corr_top1_2hop_rand18,f1,3
2020-08-01,413.5832479012943,234,gbm_corr_top1_2hop_rand18,f1,3
2020-09-01,760.6194279636985,234,gbm_corr_top1_2hop_rand18,f1,3
2020-10-01,555.9410607693154,234,gbm_corr_top1_2hop_rand18,f1,3
2020-11-01,390.503862423252,234,gbm_corr_top1_2hop_rand18,f1,3
2020-12-01,368.9769321272223,234,gbm_corr_top1_2hop_rand18,f1,3
2021-01-01,399.60381591693016,234,gbm_corr_top1_2hop_rand18,f1,3
2019-09-01,347.4998973468671,234,gbm_corr_top1_rand19,f1,3
2019-10-01,396.9893710687086,234,gbm_corr_top1_rand19,f1,3
2019-11-01,409.57329131319705,234,gbm_corr_top1_rand19,f1,3
2019-12-01,424.8449534774479,234,gbm_corr_top1_rand19,f1,3
2020-01-01,411.77244008151064,234,gbm_corr_top1_rand19,f1,3
2020-02-01,337.6268190662916,234,gbm_corr_top1_rand19,f1,3
2020-03-01,443.19496771183543,234,gbm_corr_top1_rand19,f1,3
2020-04-01,460.14037915190914,234,gbm_corr_top1_rand19,f1,3
2020-05-01,467.35747672093845,234,gbm_corr_top1_rand19,f1,3
2020-06-01,336.64242961652144,234,gbm_corr_top1_rand19,f1,3
2020-07-01,391.3289463240931,234,gbm_corr_top1_rand19,f1,3
2020-08-01,412.68195694041816,234,gbm_corr_top1_rand19,f1,3
2020-09-01,751.7461260166629,234,gbm_corr_top1_rand19,f1,3
2020-10-01,543.7105510698545,234,gbm_corr_top1_rand19,f1,3
2020-11-01,391.70472079549575,234,gbm_corr_top1_rand19,f1,3
2020-12-01,373.20548888584335,234,gbm_corr_top1_rand19,f1,3
2021-01-01,397.7574281730811,234,gbm_corr_top1_rand19,f1,3
2019-09-01,346.3647122293461,234,mlp_corr_top1_rand19,f1,3
2019-10-01,395.75067325255503,234,mlp_corr_top1_rand19,f1,3
2019-11-01,406.1500607660664,234,mlp_corr_top1_rand19,f1,3
2019-12-01,423.246149431438,234,mlp_corr_top1_rand19,f1,3
2020-01-01,409.25360072663995,234,mlp_corr_top1_rand19,f1,3
2020-02-01,338.84354596172466,234,mlp_corr_top1_rand19,f1,3
2020-03-01,435.64782766658476,234,mlp_corr_top1_rand19,f1,3
2020-04-01,458.71087376083415,234,mlp_corr_top1_rand19,f1,3
2020-05-01,472.11705922247035,234,mlp_corr_top1_rand19,f1,3
2020-06-01,336.8815379275405,234,mlp_corr_top1_rand19,f1,3
2020-07-01,395.9428665711218,234,mlp_corr_top1_rand19,f1,3
2020-08-01,412.4179716257945,234,mlp_corr_top1_rand19,f1,3
2020-09-01,755.1569897066308,234,mlp_corr_top1_rand19,f1,3
2020-10-01,546.1317920723519,234,mlp_corr_top1_rand19,f1,3
2020-11-01,394.33983910425434,234,mlp_corr_top1_rand19,f1,3
2020-12-01,380.3470129021178,234,mlp_corr_top1_rand19,f1,3
2021-01-01,403.66443529655584,234,mlp_corr_top1_rand19,f1,3
2019-09-01,347.8925404341584,234,gbm_corr_top1_2hop_rand19,f1,3
2019-10-01,403.6378084603182,234,gbm_corr_top1_2hop_rand19,f1,3
2019-11-01,412.49467028653254,234,gbm_corr_top1_2hop_rand19,f1,3
2019-12-01,426.56550350992234,234,gbm_corr_top1_2hop_rand19,f1,3
2020-01-01,416.1823838732368,234,gbm_corr_top1_2hop_rand19,f1,3
2020-02-01,337.2510915961357,234,gbm_corr_top1_2hop_rand19,f1,3
2020-03-01,441.1534893703089,234,gbm_corr_top1_2hop_rand19,f1,3
2020-04-01,457.95260758488035,234,gbm_corr_top1_2hop_rand19,f1,3
2020-05-01,467.40898446835183,234,gbm_corr_top1_2hop_rand19,f1,3
2020-06-01,333.1020214809954,234,gbm_corr_top1_2hop_rand19,f1,3
2020-07-01,394.632520957944,234,gbm_corr_top1_2hop_rand19,f1,3
2020-08-01,416.08703147449665,234,gbm_corr_top1_2hop_rand19,f1,3
2020-09-01,748.9207673295647,234,gbm_corr_top1_2hop_rand19,f1,3
2020-10-01,536.3849430185791,234,gbm_corr_top1_2hop_rand19,f1,3
2020-11-01,387.0355681498254,234,gbm_corr_top1_2hop_rand19,f1,3
2020-12-01,368.8999209606668,234,gbm_corr_top1_2hop_rand19,f1,3
2021-01-01,393.72564098474794,234,gbm_corr_top1_2hop_rand19,f1,3
2020-12-01,185.89947379431302,234,gbm_corr_top1_rand0,f2,1
2021-01-01,180.90397734090413,234,gbm_corr_top1_rand0,f2,1
2021-02-01,258.1043215069093,234,gbm_corr_top1_rand0,f2,1
2021-03-01,186.1689863734919,234,gbm_corr_top1_rand0,f2,1
2021-04-01,203.18868524084596,234,gbm_corr_top1_rand0,f2,1
2021-05-01,215.43561786530904,234,gbm_corr_top1_rand0,f2,1
2021-06-01,141.18991950023144,234,gbm_corr_top1_rand0,f2,1
2021-07-01,221.54581980647347,234,gbm_corr_top1_rand0,f2,1
2021-08-01,166.42715022771003,234,gbm_corr_top1_rand0,f2,1
2021-09-01,254.90811401130594,234,gbm_corr_top1_rand0,f2,1
2021-10-01,241.79226705478138,234,gbm_corr_top1_rand0,f2,1
2021-11-01,193.07691456864765,234,gbm_corr_top1_rand0,f2,1
2021-12-01,286.41172895045395,234,gbm_corr_top1_rand0,f2,1
2022-01-01,250.594351024235,234,gbm_corr_top1_rand0,f2,1
2022-02-01,235.65158390683584,234,gbm_corr_top1_rand0,f2,1
2022-03-01,362.7762119714888,234,gbm_corr_top1_rand0,f2,1
2022-04-01,290.31724352505324,234,gbm_corr_top1_rand0,f2,1
2020-12-01,186.6453128004015,234,mlp_corr_top1_rand0,f2,1
2021-01-01,176.28003421927238,234,mlp_corr_top1_rand0,f2,1
2021-02-01,255.89912260960025,234,mlp_corr_top1_rand0,f2,1
2021-03-01,186.39741958774803,234,mlp_corr_top1_rand0,f2,1
2021-04-01,198.88114598129528,234,mlp_corr_top1_rand0,f2,1
2021-05-01,209.89609073733902,234,mlp_corr_top1_rand0,f2,1
2021-06-01,135.7147296508617,234,mlp_corr_top1_rand0,f2,1
2021-07-01,218.25284895851274,234,mlp_corr_top1_rand0,f2,1
2021-08-01,163.47428853931842,234,mlp_corr_top1_rand0,f2,1
2021-09-01,250.54868490678908,234,mlp_corr_top1_rand0,f2,1
2021-10-01,241.41273231480892,234,mlp_corr_top1_rand0,f2,1
2021-11-01,191.86599536004553,234,mlp_corr_top1_rand0,f2,1
2021-12-01,274.06455148104396,234,mlp_corr_top1_rand0,f2,1
2022-01-01,256.0589700895017,234,mlp_corr_top1_rand0,f2,1
2022-02-01,234.26879503796894,234,mlp_corr_top1_rand0,f2,1
2022-03-01,357.669094037524,234,mlp_corr_top1_rand0,f2,1
2022-04-01,281.52021156578724,234,mlp_corr_top1_rand0,f2,1
2020-12-01,185.83080208991854,234,gbm_corr_top1_2hop_rand0,f2,1
2021-01-01,177.3549991720663,234,gbm_corr_top1_2hop_rand0,f2,1
2021-02-01,258.2811499755085,234,gbm_corr_top1_2hop_rand0,f2,1
2021-03-01,187.01651252595636,234,gbm_corr_top1_2hop_rand0,f2,1
2021-04-01,203.21006377471704,234,gbm_corr_top1_2hop_rand0,f2,1
2021-05-01,215.7637434604318,234,gbm_corr_top1_2hop_rand0,f2,1
2021-06-01,140.4958135799189,234,gbm_corr_top1_2hop_rand0,f2,1
2021-07-01,218.18659820709436,234,gbm_corr_top1_2hop_rand0,f2,1
2021-08-01,166.534621153336,234,gbm_corr_top1_2hop_rand0,f2,1
2021-09-01,253.73500762339546,234,gbm_corr_top1_2hop_rand0,f2,1
2021-10-01,243.62507727969358,234,gbm_corr_top1_2hop_rand0,f2,1
2021-11-01,196.72387020429974,234,gbm_corr_top1_2hop_rand0,f2,1
2021-12-01,282.18974219769046,234,gbm_corr_top1_2hop_rand0,f2,1
2022-01-01,249.10832709017888,234,gbm_corr_top1_2hop_rand0,f2,1
2022-02-01,237.50563413023497,234,gbm_corr_top1_2hop_rand0,f2,1
2022-03-01,357.6381507023734,234,gbm_corr_top1_2hop_rand0,f2,1
2022-04-01,288.3942706510119,234,gbm_corr_top1_2hop_rand0,f2,1
2020-12-01,187.7951632473858,234,gbm_corr_top1_rand1,f2,1
2021-01-01,175.7509452215583,234,gbm_corr_top1_rand1,f2,1
2021-02-01,256.11526217391884,234,gbm_corr_top1_rand1,f2,1
2021-03-01,185.4626097721359,234,gbm_corr_top1_rand1,f2,1
2021-04-01,201.46884044019572,234,gbm_corr_top1_rand1,f2,1
2021-05-01,213.6576522076879,234,gbm_corr_top1_rand1,f2,1
2021-06-01,131.95536017269785,234,gbm_corr_top1_rand1,f2,1
2021-07-01,220.5824368741993,234,gbm_corr_top1_rand1,f2,1
2021-08-01,166.0761504308186,234,gbm_corr_top1_rand1,f2,1
2021-09-01,248.05686153596145,234,gbm_corr_top1_rand1,f2,1
2021-10-01,243.5906101287529,234,gbm_corr_top1_rand1,f2,1
2021-11-01,196.56029697955466,234,gbm_corr_top1_rand1,f2,1
2021-12-01,273.4819201225162,234,gbm_corr_top1_rand1,f2,1
2022-01-01,249.41082938696093,234,gbm_corr_top1_rand1,f2,1
2022-02-01,234.38227791131146,234,gbm_corr_top1_rand1,f2,1
2022-03-01,354.45940869808476,234,gbm_corr_top1_rand1,f2,1
2022-04-01,280.58817896486187,234,gbm_corr_top1_rand1,f2,1
2020-12-01,186.9314579665809,234,mlp_corr_top1_rand1,f2,1
2021-01-01,178.66401787668192,234,mlp_corr_top1_rand1,f2,1
2021-02-01,257.92635929635526,234,mlp_corr_top1_rand1,f2,1
2021-03-01,191.3961729391399,234,mlp_corr_top1_rand1,f2,1
2021-04-01,202.17772086299908,234,mlp_corr_top1_rand1,f2,1
2021-05-01,214.42546744471144,234,mlp_corr_top1_rand1,f2,1
2021-06-01,134.18086355109702,234,mlp_corr_top1_rand1,f2,1
2021-07-01,220.76779853765805,234,mlp_corr_top1_rand1,f2,1
2021-08-01,167.88641873007936,234,mlp_corr_top1_rand1,f2,1
2021-09-01,252.65749923228586,234,mlp_corr_top1_rand1,f2,1
2021-10-01,237.9329968162125,234,mlp_corr_top1_rand1,f2,1
2021-11-01,193.99394687572143,234,mlp_corr_top1_rand1,f2,1
2021-12-01,273.48463831922516,234,mlp_corr_top1_rand1,f2,1
2022-01-01,253.83796935598377,234,mlp_corr_top1_rand1,f2,1
2022-02-01,238.3306893265771,234,mlp_corr_top1_rand1,f2,1
2022-03-01,359.7225582204755,234,mlp_corr_top1_rand1,f2,1
2022-04-01,278.8963179740625,234,mlp_corr_top1_rand1,f2,1
2020-12-01,187.369010870599,234,gbm_corr_top1_2hop_rand1,f2,1
2021-01-01,178.23924677202848,234,gbm_corr_top1_2hop_rand1,f2,1
2021-02-01,255.07074373342357,234,gbm_corr_top1_2hop_rand1,f2,1
2021-03-01,183.56350275492787,234,gbm_corr_top1_2hop_rand1,f2,1
2021-04-01,201.7330220272459,234,gbm_corr_top1_2hop_rand1,f2,1
2021-05-01,210.17682646105007,234,gbm_corr_top1_2hop_rand1,f2,1
2021-06-01,133.25218700292695,234,gbm_corr_top1_2hop_rand1,f2,1
2021-07-01,219.00887087485413,234,gbm_corr_top1_2hop_rand1,f2,1
2021-08-01,163.67295648298975,234,gbm_corr_top1_2hop_rand1,f2,1
2021-09-01,249.36063893742056,234,gbm_corr_top1_2hop_rand1,f2,1
2021-10-01,241.77796765492576,234,gbm_corr_top1_2hop_rand1,f2,1
2021-11-01,194.20951233461312,234,gbm_corr_top1_2hop_rand1,f2,1
2021-12-01,276.2006518878464,234,gbm_corr_top1_2hop_rand1,f2,1
2022-01-01,250.23770514589074,234,gbm_corr_top1_2hop_rand1,f2,1
2022-02-01,237.18073273339002,234,gbm_corr_top1_2hop_rand1,f2,1
2022-03-01,352.7860638516428,234,gbm_corr_top1_2hop_rand1,f2,1
2022-04-01,277.9053005552985,234,gbm_corr_top1_2hop_rand1,f2,1
2020-12-01,184.76806318364453,234,gbm_corr_top1_rand2,f2,1
2021-01-01,179.35929694054656,234,gbm_corr_top1_rand2,f2,1
2021-02-01,258.2682184169825,234,gbm_corr_top1_rand2,f2,1
2021-03-01,184.71712627027904,234,gbm_corr_top1_rand2,f2,1
2021-04-01,202.2122160100797,234,gbm_corr_top1_rand2,f2,1
2021-05-01,212.3283898055607,234,gbm_corr_top1_rand2,f2,1
2021-06-01,134.4915494864124,234,gbm_corr_top1_rand2,f2,1
2021-07-01,218.29728687865673,234,gbm_corr_top1_rand2,f2,1
2021-08-01,162.17715161487632,234,gbm_corr_top1_rand2,f2,1
2021-09-01,252.48343397733115,234,gbm_corr_top1_rand2,f2,1
2021-10-01,239.85201511476632,234,gbm_corr_top1_rand2,f2,1
2021-11-01,192.4583812329352,234,gbm_corr_top1_rand2,f2,1
2021-12-01,276.54791212304264,234,gbm_corr_top1_rand2,f2,1
2022-01-01,252.92137364311043,234,gbm_corr_top1_rand2,f2,1
2022-02-01,235.1336875853413,234,gbm_corr_top1_rand2,f2,1
2022-03-01,358.64828042854475,234,gbm_corr_top1_rand2,f2,1
2022-04-01,281.974015652945,234,gbm_corr_top1_rand2,f2,1
2020-12-01,186.729241400571,234,mlp_corr_top1_rand2,f2,1
2021-01-01,179.2092889497755,234,mlp_corr_top1_rand2,f2,1
2021-02-01,255.8986842934104,234,mlp_corr_top1_rand2,f2,1
2021-03-01,188.64103660390242,234,mlp_corr_top1_rand2,f2,1
2021-04-01,201.63630042420448,234,mlp_corr_top1_rand2,f2,1
2021-05-01,211.87270104484332,234,mlp_corr_top1_rand2,f2,1
2021-06-01,135.0541962657791,234,mlp_corr_top1_rand2,f2,1
2021-07-01,219.81673729337808,234,mlp_corr_top1_rand2,f2,1
2021-08-01,165.53589684268977,234,mlp_corr_top1_rand2,f2,1
2021-09-01,251.91521379800238,234,mlp_corr_top1_rand2,f2,1
2021-10-01,238.7620394686058,234,mlp_corr_top1_rand2,f2,1
2021-11-01,192.48140103045293,234,mlp_corr_top1_rand2,f2,1
2021-12-01,276.3689639714686,234,mlp_corr_top1_rand2,f2,1
2022-01-01,255.89328726771492,234,mlp_corr_top1_rand2,f2,1
2022-02-01,235.86467983516303,234,mlp_corr_top1_rand2,f2,1
2022-03-01,361.7886341130172,234,mlp_corr_top1_rand2,f2,1
2022-04-01,281.6014457281584,234,mlp_corr_top1_rand2,f2,1
2020-12-01,184.80556302855922,234,gbm_corr_top1_2hop_rand2,f2,1
2021-01-01,179.15709923518278,234,gbm_corr_top1_2hop_rand2,f2,1
2021-02-01,258.1675249075097,234,gbm_corr_top1_2hop_rand2,f2,1
2021-03-01,183.39599284143767,234,gbm_corr_top1_2hop_rand2,f2,1
2021-04-01,201.71323506884406,234,gbm_corr_top1_2hop_rand2,f2,1
2021-05-01,212.2045951579597,234,gbm_corr_top1_2hop_rand2,f2,1
2021-06-01,134.62830295609012,234,gbm_corr_top1_2hop_rand2,f2,1
2021-07-01,217.68856016870788,234,gbm_corr_top1_2hop_rand2,f2,1
2021-08-01,161.6040945114636,234,gbm_corr_top1_2hop_rand2,f2,1
2021-09-01,250.67210862522145,234,gbm_corr_top1_2hop_rand2,f2,1
2021-10-01,239.7961294673857,234,gbm_corr_top1_2hop_rand2,f2,1
2021-11-01,191.1438544823073,234,gbm_corr_top1_2hop_rand2,f2,1
2021-12-01,275.2505764644514,234,gbm_corr_top1_2hop_rand2,f2,1
2022-01-01,252.11363647544377,234,gbm_corr_top1_2hop_rand2,f2,1
2022-02-01,231.20888059054823,234,gbm_corr_top1_2hop_rand2,f2,1
2022-03-01,359.8074391209189,234,gbm_corr_top1_2hop_rand2,f2,1
2022-04-01,283.6311130356027,234,gbm_corr_top1_2hop_rand2,f2,1
2020-12-01,186.9719381909155,234,gbm_corr_top1_rand3,f2,1
2021-01-01,176.95403610664542,234,gbm_corr_top1_rand3,f2,1
2021-02-01,255.17163488996331,234,gbm_corr_top1_rand3,f2,1
2021-03-01,185.77271640400602,234,gbm_corr_top1_rand3,f2,1
2021-04-01,200.96028207131602,234,gbm_corr_top1_rand3,f2,1
2021-05-01,207.52516317815093,234,gbm_corr_top1_rand3,f2,1
2021-06-01,135.2684925569993,234,gbm_corr_top1_rand3,f2,1
2021-07-01,218.58248346674984,234,gbm_corr_top1_rand3,f2,1
2021-08-01,160.64299452196482,234,gbm_corr_top1_rand3,f2,1
2021-09-01,243.15898482936745,234,gbm_corr_top1_rand3,f2,1
2021-10-01,243.75927508721875,234,gbm_corr_top1_rand3,f2,1
2021-11-01,192.99686794121354,234,gbm_corr_top1_rand3,f2,1
2021-12-01,269.3735045866229,234,gbm_corr_top1_rand3,f2,1
2022-01-01,252.02565341140652,234,gbm_corr_top1_rand3,f2,1
2022-02-01,236.34786967645334,234,gbm_corr_top1_rand3,f2,1
2022-03-01,361.71807928845817,234,gbm_corr_top1_rand3,f2,1
2022-04-01,280.92226773434476,234,gbm_corr_top1_rand3,f2,1
2020-12-01,186.47527698540577,234,mlp_corr_top1_rand3,f2,1
2021-01-01,178.41790374704152,234,mlp_corr_top1_rand3,f2,1
2021-02-01,254.62281180305482,234,mlp_corr_top1_rand3,f2,1
2021-03-01,187.90257882395153,234,mlp_corr_top1_rand3,f2,1
2021-04-01,200.9679369730361,234,mlp_corr_top1_rand3,f2,1
2021-05-01,209.86727767012817,234,mlp_corr_top1_rand3,f2,1
2021-06-01,134.62078445808754,234,mlp_corr_top1_rand3,f2,1
2021-07-01,218.1125412597445,234,mlp_corr_top1_rand3,f2,1
2021-08-01,165.49924678825815,234,mlp_corr_top1_rand3,f2,1
2021-09-01,248.54504660890652,234,mlp_corr_top1_rand3,f2,1
2021-10-01,243.7069237270175,234,mlp_corr_top1_rand3,f2,1
2021-11-01,194.50651620171428,234,mlp_corr_top1_rand3,f2,1
2021-12-01,273.54941271836987,234,mlp_corr_top1_rand3,f2,1
2022-01-01,253.83269345703343,234,mlp_corr_top1_rand3,f2,1
2022-02-01,234.30145922974577,234,mlp_corr_top1_rand3,f2,1
2022-03-01,359.895961363962,234,mlp_corr_top1_rand3,f2,1
2022-04-01,280.4710692141832,234,mlp_corr_top1_rand3,f2,1
2020-12-01,185.76355327329355,234,gbm_corr_top1_2hop_rand3,f2,1
2021-01-01,179.6755437609979,234,gbm_corr_top1_2hop_rand3,f2,1
2021-02-01,256.11079084441593,234,gbm_corr_top1_2hop_rand3,f2,1
2021-03-01,187.60524763327135,234,gbm_corr_top1_2hop_rand3,f2,1
2021-04-01,201.57314881600254,234,gbm_corr_top1_2hop_rand3,f2,1
2021-05-01,209.46464841948213,234,gbm_corr_top1_2hop_rand3,f2,1
2021-06-01,135.5334940279889,234,gbm_corr_top1_2hop_rand3,f2,1
2021-07-01,218.8051784015835,234,gbm_corr_top1_2hop_rand3,f2,1
2021-08-01,162.42844210565406,234,gbm_corr_top1_2hop_rand3,f2,1
2021-09-01,245.10935129843506,234,gbm_corr_top1_2hop_rand3,f2,1
2021-10-01,247.72483709842763,234,gbm_corr_top1_2hop_rand3,f2,1
2021-11-01,194.7167611148378,234,gbm_corr_top1_2hop_rand3,f2,1
2021-12-01,275.4320598743541,234,gbm_corr_top1_2hop_rand3,f2,1
2022-01-01,255.07506547324618,234,gbm_corr_top1_2hop_rand3,f2,1
2022-02-01,241.02614885038065,234,gbm_corr_top1_2hop_rand3,f2,1
2022-03-01,360.9833313044876,234,gbm_corr_top1_2hop_rand3,f2,1
2022-04-01,280.5016090748707,234,gbm_corr_top1_2hop_rand3,f2,1
2020-12-01,186.4291109819912,234,gbm_corr_top1_rand4,f2,1
2021-01-01,180.03150822170042,234,gbm_corr_top1_rand4,f2,1
2021-02-01,258.43639775026156,234,gbm_corr_top1_rand4,f2,1
2021-03-01,190.51741382742588,234,gbm_corr_top1_rand4,f2,1
2021-04-01,204.03450311158696,234,gbm_corr_top1_rand4,f2,1
2021-05-01,211.92276929676035,234,gbm_corr_top1_rand4,f2,1
2021-06-01,133.3502847605649,234,gbm_corr_top1_rand4,f2,1
2021-07-01,221.2548160686927,234,gbm_corr_top1_rand4,f2,1
2021-08-01,164.7683554489803,234,gbm_corr_top1_rand4,f2,1
2021-09-01,252.9877772758504,234,gbm_corr_top1_rand4,f2,1
2021-10-01,240.27976999919235,234,gbm_corr_top1_rand4,f2,1
2021-11-01,193.13868427787955,234,gbm_corr_top1_rand4,f2,1
2021-12-01,275.37270093762083,234,gbm_corr_top1_rand4,f2,1
2022-01-01,256.986686970709,234,gbm_corr_top1_rand4,f2,1
2022-02-01,240.329789292114,234,gbm_corr_top1_rand4,f2,1
2022-03-01,368.11040117743363,234,gbm_corr_top1_rand4,f2,1
2022-04-01,293.65196864420375,234,gbm_corr_top1_rand4,f2,1
2020-12-01,185.73667158641703,234,mlp_corr_top1_rand4,f2,1
2021-01-01,177.3070316390509,234,mlp_corr_top1_rand4,f2,1
2021-02-01,256.94989262022517,234,mlp_corr_top1_rand4,f2,1
2021-03-01,189.5651747870918,234,mlp_corr_top1_rand4,f2,1
2021-04-01,201.37364095475345,234,mlp_corr_top1_rand4,f2,1
2021-05-01,211.67827198824702,234,mlp_corr_top1_rand4,f2,1
2021-06-01,134.75803843505412,234,mlp_corr_top1_rand4,f2,1
2021-07-01,221.1296889231015,234,mlp_corr_top1_rand4,f2,1
2021-08-01,166.517560208034,234,mlp_corr_top1_rand4,f2,1
2021-09-01,252.4410401581003,234,mlp_corr_top1_rand4,f2,1
2021-10-01,237.6941155181777,234,mlp_corr_top1_rand4,f2,1
2021-11-01,192.51231456427084,234,mlp_corr_top1_rand4,f2,1
2021-12-01,274.3180097172689,234,mlp_corr_top1_rand4,f2,1
2022-01-01,256.74350148279416,234,mlp_corr_top1_rand4,f2,1
2022-02-01,237.86168559103248,234,mlp_corr_top1_rand4,f2,1
2022-03-01,360.1230502137728,234,mlp_corr_top1_rand4,f2,1
2022-04-01,285.48284388668935,234,mlp_corr_top1_rand4,f2,1
2020-12-01,182.38036313055832,234,gbm_corr_top1_2hop_rand4,f2,1
2021-01-01,177.92740696096624,234,gbm_corr_top1_2hop_rand4,f2,1
2021-02-01,260.9615521087107,234,gbm_corr_top1_2hop_rand4,f2,1
2021-03-01,193.01355042248017,234,gbm_corr_top1_2hop_rand4,f2,1
2021-04-01,202.11861916187658,234,gbm_corr_top1_2hop_rand4,f2,1
2021-05-01,213.0214502497264,234,gbm_corr_top1_2hop_rand4,f2,1
2021-06-01,133.42157708659457,234,gbm_corr_top1_2hop_rand4,f2,1
2021-07-01,221.07118249958924,234,gbm_corr_top1_2hop_rand4,f2,1
2021-08-01,164.83295658032688,234,gbm_corr_top1_2hop_rand4,f2,1
2021-09-01,256.15195789113494,234,gbm_corr_top1_2hop_rand4,f2,1
2021-10-01,243.6605970381281,234,gbm_corr_top1_2hop_rand4,f2,1
2021-11-01,193.26320681624193,234,gbm_corr_top1_2hop_rand4,f2,1
2021-12-01,278.26368284900224,234,gbm_corr_top1_2hop_rand4,f2,1
2022-01-01,254.75943366466484,234,gbm_corr_top1_2hop_rand4,f2,1
2022-02-01,240.2775222832768,234,gbm_corr_top1_2hop_rand4,f2,1
2022-03-01,361.3705299973155,234,gbm_corr_top1_2hop_rand4,f2,1
2022-04-01,289.4061927159985,234,gbm_corr_top1_2hop_rand4,f2,1
2020-12-01,189.85686862577214,234,gbm_corr_top1_rand5,f2,1
2021-01-01,175.49699189096796,234,gbm_corr_top1_rand5,f2,1
2021-02-01,249.78643575772875,234,gbm_corr_top1_rand5,f2,1
2021-03-01,184.1980072054058,234,gbm_corr_top1_rand5,f2,1
2021-04-01,201.06726407947025,234,gbm_corr_top1_rand5,f2,1
2021-05-01,214.09422617003455,234,gbm_corr_top1_rand5,f2,1
2021-06-01,137.1262470147112,234,gbm_corr_top1_rand5,f2,1
2021-07-01,217.92262954925047,234,gbm_corr_top1_rand5,f2,1
2021-08-01,161.65737124410938,234,gbm_corr_top1_rand5,f2,1
2021-09-01,255.64751386962226,234,gbm_corr_top1_rand5,f2,1
2021-10-01,244.19996075078706,234,gbm_corr_top1_rand5,f2,1
2021-11-01,192.78269549054613,234,gbm_corr_top1_rand5,f2,1
2021-12-01,276.6963030145532,234,gbm_corr_top1_rand5,f2,1
2022-01-01,250.98511333847176,234,gbm_corr_top1_rand5,f2,1
2022-02-01,236.1573689846968,234,gbm_corr_top1_rand5,f2,1
2022-03-01,358.7535957220126,234,gbm_corr_top1_rand5,f2,1
2022-04-01,280.4537788689301,234,gbm_corr_top1_rand5,f2,1
2020-12-01,190.79564471331108,234,mlp_corr_top1_rand5,f2,1
2021-01-01,177.77216120606712,234,mlp_corr_top1_rand5,f2,1
2021-02-01,253.1394695756865,234,mlp_corr_top1_rand5,f2,1
2021-03-01,189.503540832884,234,mlp_corr_top1_rand5,f2,1
2021-04-01,200.80397171471378,234,mlp_corr_top1_rand5,f2,1
2021-05-01,212.88018015834348,234,mlp_corr_top1_rand5,f2,1
2021-06-01,135.59819455199516,234,mlp_corr_top1_rand5,f2,1
2021-07-01,218.42187007929647,234,mlp_corr_top1_rand5,f2,1
2021-08-01,166.5285274188322,234,mlp_corr_top1_rand5,f2,1
2021-09-01,251.5534712970221,234,mlp_corr_top1_rand5,f2,1
2021-10-01,243.87580904734926,234,mlp_corr_top1_rand5,f2,1
2021-11-01,194.3389900863091,234,mlp_corr_top1_rand5,f2,1
2021-12-01,280.0438825284408,234,mlp_corr_top1_rand5,f2,1
2022-01-01,259.0746029118923,234,mlp_corr_top1_rand5,f2,1
2022-02-01,237.60207665472117,234,mlp_corr_top1_rand5,f2,1
2022-03-01,362.1420912756982,234,mlp_corr_top1_rand5,f2,1
2022-04-01,283.6724562830219,234,mlp_corr_top1_rand5,f2,1
2020-12-01,189.39377381012312,234,gbm_corr_top1_2hop_rand5,f2,1
2021-01-01,176.60941959844422,234,gbm_corr_top1_2hop_rand5,f2,1
2021-02-01,250.35421133232458,234,gbm_corr_top1_2hop_rand5,f2,1
2021-03-01,186.3166816129875,234,gbm_corr_top1_2hop_rand5,f2,1
2021-04-01,202.58460709581425,234,gbm_corr_top1_2hop_rand5,f2,1
2021-05-01,213.40759280745056,234,gbm_corr_top1_2hop_rand5,f2,1
2021-06-01,133.51779034707297,234,gbm_corr_top1_2hop_rand5,f2,1
2021-07-01,221.43442545305837,234,gbm_corr_top1_2hop_rand5,f2,1
2021-08-01,161.2888051462913,234,gbm_corr_top1_2hop_rand5,f2,1
2021-09-01,253.90415658805597,234,gbm_corr_top1_2hop_rand5,f2,1
2021-10-01,249.03930176477454,234,gbm_corr_top1_2hop_rand5,f2,1
2021-11-01,189.7433364636724,234,gbm_corr_top1_2hop_rand5,f2,1
2021-12-01,276.81838101022316,234,gbm_corr_top1_2hop_rand5,f2,1
2022-01-01,251.70581746247322,234,gbm_corr_top1_2hop_rand5,f2,1
2022-02-01,235.99710718319113,234,gbm_corr_top1_2hop_rand5,f2,1
2022-03-01,363.0456648191738,234,gbm_corr_top1_2hop_rand5,f2,1
2022-04-01,278.39891684924515,234,gbm_corr_top1_2hop_rand5,f2,1
2020-12-01,187.17964027526972,234,gbm_corr_top1_rand6,f2,1
2021-01-01,179.33639411200585,234,gbm_corr_top1_rand6,f2,1
2021-02-01,255.9198656402729,234,gbm_corr_top1_rand6,f2,1
2021-03-01,191.27037232633378,234,gbm_corr_top1_rand6,f2,1
2021-04-01,202.90856207586305,234,gbm_corr_top1_rand6,f2,1
2021-05-01,216.587043555896,234,gbm_corr_top1_rand6,f2,1
2021-06-01,136.00061843164545,234,gbm_corr_top1_rand6,f2,1
2021-07-01,219.34117781065586,234,gbm_corr_top1_rand6,f2,1
2021-08-01,167.2209815312187,234,gbm_corr_top1_rand6,f2,1
2021-09-01,250.81649697253465,234,gbm_corr_top1_rand6,f2,1
2021-10-01,239.99794950901975,234,gbm_corr_top1_rand6,f2,1
2021-11-01,195.00921772175266,234,gbm_corr_top1_rand6,f2,1
2021-12-01,278.25742589830674,234,gbm_corr_top1_rand6,f2,1
2022-01-01,249.1729091497747,234,gbm_corr_top1_rand6,f2,1
2022-02-01,236.0307668795707,234,gbm_corr_top1_rand6,f2,1
2022-03-01,366.1321268139354,234,gbm_corr_top1_rand6,f2,1
2022-04-01,282.06269935923865,234,gbm_corr_top1_rand6,f2,1
2020-12-01,187.79207496753102,234,mlp_corr_top1_rand6,f2,1
2021-01-01,180.04083063349677,234,mlp_corr_top1_rand6,f2,1
2021-02-01,258.2274808417887,234,mlp_corr_top1_rand6,f2,1
2021-03-01,189.7178039291254,234,mlp_corr_top1_rand6,f2,1
2021-04-01,202.47072873855612,234,mlp_corr_top1_rand6,f2,1
2021-05-01,214.0352029916192,234,mlp_corr_top1_rand6,f2,1
2021-06-01,135.09235765284086,234,mlp_corr_top1_rand6,f2,1
2021-07-01,222.1156149975504,234,mlp_corr_top1_rand6,f2,1
2021-08-01,169.28934182950613,234,mlp_corr_top1_rand6,f2,1
2021-09-01,254.96205958441288,234,mlp_corr_top1_rand6,f2,1
2021-10-01,236.68038829338158,234,mlp_corr_top1_rand6,f2,1
2021-11-01,195.27328807276805,234,mlp_corr_top1_rand6,f2,1
2021-12-01,279.02657802395214,234,mlp_corr_top1_rand6,f2,1
2022-01-01,256.8404163247776,234,mlp_corr_top1_rand6,f2,1
2022-02-01,237.6806219008998,234,mlp_corr_top1_rand6,f2,1
2022-03-01,362.574111448626,234,mlp_corr_top1_rand6,f2,1
2022-04-01,283.3265391106187,234,mlp_corr_top1_rand6,f2,1
2020-12-01,187.44153984494037,234,gbm_corr_top1_2hop_rand6,f2,1
2021-01-01,180.98126763147914,234,gbm_corr_top1_2hop_rand6,f2,1
2021-02-01,256.07397086872027,234,gbm_corr_top1_2hop_rand6,f2,1
2021-03-01,187.96344501021838,234,gbm_corr_top1_2hop_rand6,f2,1
2021-04-01,200.83899482131085,234,gbm_corr_top1_2hop_rand6,f2,1
2021-05-01,215.23550248065024,234,gbm_corr_top1_2hop_rand6,f2,1
2021-06-01,136.7531724473066,234,gbm_corr_top1_2hop_rand6,f2,1
2021-07-01,219.8447445531996,234,gbm_corr_top1_2hop_rand6,f2,1
2021-08-01,165.67244877680602,234,gbm_corr_top1_2hop_rand6,f2,1
2021-09-01,251.59175486783175,234,gbm_corr_top1_2hop_rand6,f2,1
2021-10-01,239.03474607828537,234,gbm_corr_top1_2hop_rand6,f2,1
2021-11-01,191.9283838746627,234,gbm_corr_top1_2hop_rand6,f2,1
2021-12-01,281.7834199155992,234,gbm_corr_top1_2hop_rand6,f2,1
2022-01-01,250.31183743917416,234,gbm_corr_top1_2hop_rand6,f2,1
2022-02-01,234.5864239292687,234,gbm_corr_top1_2hop_rand6,f2,1
2022-03-01,364.934497686127,234,gbm_corr_top1_2hop_rand6,f2,1
2022-04-01,280.8622148429304,234,gbm_corr_top1_2hop_rand6,f2,1
2020-12-01,185.59314834190883,234,gbm_corr_top1_rand7,f2,1
2021-01-01,178.06956980101438,234,gbm_corr_top1_rand7,f2,1
2021-02-01,256.9506173647114,234,gbm_corr_top1_rand7,f2,1
2021-03-01,186.11696576751964,234,gbm_corr_top1_rand7,f2,1
2021-04-01,202.6031228190797,234,gbm_corr_top1_rand7,f2,1
2021-05-01,212.41397941525705,234,gbm_corr_top1_rand7,f2,1
2021-06-01,135.41790315722122,234,gbm_corr_top1_rand7,f2,1
2021-07-01,217.8710481949619,234,gbm_corr_top1_rand7,f2,1
2021-08-01,161.62687349059766,234,gbm_corr_top1_rand7,f2,1
2021-09-01,249.84052993728173,234,gbm_corr_top1_rand7,f2,1
2021-10-01,244.31255273983277,234,gbm_corr_top1_rand7,f2,1
2021-11-01,191.38554873225522,234,gbm_corr_top1_rand7,f2,1
2021-12-01,277.394877893141,234,gbm_corr_top1_rand7,f2,1
2022-01-01,250.65786146542334,234,gbm_corr_top1_rand7,f2,1
2022-02-01,235.8594781834257,234,gbm_corr_top1_rand7,f2,1
2022-03-01,357.7059011297606,234,gbm_corr_top1_rand7,f2,1
2022-04-01,280.7331791763723,234,gbm_corr_top1_rand7,f2,1
2020-12-01,186.19741157052073,234,mlp_corr_top1_rand7,f2,1
2021-01-01,176.02225894704657,234,mlp_corr_top1_rand7,f2,1
2021-02-01,252.82036989801654,234,mlp_corr_top1_rand7,f2,1
2021-03-01,188.117394558639,234,mlp_corr_top1_rand7,f2,1
2021-04-01,202.4621912697932,234,mlp_corr_top1_rand7,f2,1
2021-05-01,210.1804328630567,234,mlp_corr_top1_rand7,f2,1
2021-06-01,133.64855780389595,234,mlp_corr_top1_rand7,f2,1
2021-07-01,217.36648187304309,234,mlp_corr_top1_rand7,f2,1
2021-08-01,162.35543209888942,234,mlp_corr_top1_rand7,f2,1
2021-09-01,246.47074229082006,234,mlp_corr_top1_rand7,f2,1
2021-10-01,241.59361385098546,234,mlp_corr_top1_rand7,f2,1
2021-11-01,191.33533619487682,234,mlp_corr_top1_rand7,f2,1
2021-12-01,270.19666071678387,234,mlp_corr_top1_rand7,f2,1
2022-01-01,250.14612304563767,234,mlp_corr_top1_rand7,f2,1
2022-02-01,235.41573650908512,234,mlp_corr_top1_rand7,f2,1
2022-03-01,355.40277305517895,234,mlp_corr_top1_rand7,f2,1
2022-04-01,280.9039878766641,234,mlp_corr_top1_rand7,f2,1
2020-12-01,188.04256993576016,234,gbm_corr_top1_2hop_rand7,f2,1
2021-01-01,178.1957480606688,234,gbm_corr_top1_2hop_rand7,f2,1
2021-02-01,257.0367123826316,234,gbm_corr_top1_2hop_rand7,f2,1
2021-03-01,187.14687817517046,234,gbm_corr_top1_2hop_rand7,f2,1
2021-04-01,202.49115200729838,234,gbm_corr_top1_2hop_rand7,f2,1
2021-05-01,216.2241528974516,234,gbm_corr_top1_2hop_rand7,f2,1
2021-06-01,135.8565029131557,234,gbm_corr_top1_2hop_rand7,f2,1
2021-07-01,218.8929768561566,234,gbm_corr_top1_2hop_rand7,f2,1
2021-08-01,166.0940918031449,234,gbm_corr_top1_2hop_rand7,f2,1
2021-09-01,252.82930898030645,234,gbm_corr_top1_2hop_rand7,f2,1
2021-10-01,246.3811062301303,234,gbm_corr_top1_2hop_rand7,f2,1
2021-11-01,189.28620592825916,234,gbm_corr_top1_2hop_rand7,f2,1
2021-12-01,270.4597664016339,234,gbm_corr_top1_2hop_rand7,f2,1
2022-01-01,248.96629843711085,234,gbm_corr_top1_2hop_rand7,f2,1
2022-02-01,236.71599109502128,234,gbm_corr_top1_2hop_rand7,f2,1
2022-03-01,355.15195806321196,234,gbm_corr_top1_2hop_rand7,f2,1
2022-04-01,277.91391309490314,234,gbm_corr_top1_2hop_rand7,f2,1
2020-12-01,185.52468730333794,234,gbm_corr_top1_rand8,f2,1
2021-01-01,176.67942886998839,234,gbm_corr_top1_rand8,f2,1
2021-02-01,255.7334201892715,234,gbm_corr_top1_rand8,f2,1
2021-03-01,187.67323240716172,234,gbm_corr_top1_rand8,f2,1
2021-04-01,204.33147023707707,234,gbm_corr_top1_rand8,f2,1
2021-05-01,212.81812546713206,234,gbm_corr_top1_rand8,f2,1
2021-06-01,134.07204995198865,234,gbm_corr_top1_rand8,f2,1
2021-07-01,220.23324711502224,234,gbm_corr_top1_rand8,f2,1
2021-08-01,164.99594830187084,234,gbm_corr_top1_rand8,f2,1
2021-09-01,252.67029570053145,234,gbm_corr_top1_rand8,f2,1
2021-10-01,242.89582764416565,234,gbm_corr_top1_rand8,f2,1
2021-11-01,195.32511983098263,234,gbm_corr_top1_rand8,f2,1
2021-12-01,276.41634788234717,234,gbm_corr_top1_rand8,f2,1
2022-01-01,252.94281947338754,234,gbm_corr_top1_rand8,f2,1
2022-02-01,237.24085643390538,234,gbm_corr_top1_rand8,f2,1
2022-03-01,359.5421364968312,234,gbm_corr_top1_rand8,f2,1
2022-04-01,281.36475741905264,234,gbm_corr_top1_rand8,f2,1
2020-12-01,184.17973746630946,234,mlp_corr_top1_rand8,f2,1
2021-01-01,178.29891175246414,234,mlp_corr_top1_rand8,f2,1
2021-02-01,257.6171284793058,234,mlp_corr_top1_rand8,f2,1
2021-03-01,187.58171718532705,234,mlp_corr_top1_rand8,f2,1
2021-04-01,200.49608906013205,234,mlp_corr_top1_rand8,f2,1
2021-05-01,210.02035364163333,234,mlp_corr_top1_rand8,f2,1
2021-06-01,134.65095121149542,234,mlp_corr_top1_rand8,f2,1
2021-07-01,220.81504178807162,234,mlp_corr_top1_rand8,f2,1
2021-08-01,165.87231038615732,234,mlp_corr_top1_rand8,f2,1
2021-09-01,252.62651497472984,234,mlp_corr_top1_rand8,f2,1
2021-10-01,236.70538350150392,234,mlp_corr_top1_rand8,f2,1
2021-11-01,194.32323404019073,234,mlp_corr_top1_rand8,f2,1
2021-12-01,274.5943866332423,234,mlp_corr_top1_rand8,f2,1
2022-01-01,256.97170709803413,234,mlp_corr_top1_rand8,f2,1
2022-02-01,236.67533951666462,234,mlp_corr_top1_rand8,f2,1
2022-03-01,359.0145677624905,234,mlp_corr_top1_rand8,f2,1
2022-04-01,282.47328799564275,234,mlp_corr_top1_rand8,f2,1
2020-12-01,185.57077496594863,234,gbm_corr_top1_2hop_rand8,f2,1
2021-01-01,178.1271960822041,234,gbm_corr_top1_2hop_rand8,f2,1
2021-02-01,254.94516930170658,234,gbm_corr_top1_2hop_rand8,f2,1
2021-03-01,186.16132552299268,234,gbm_corr_top1_2hop_rand8,f2,1
2021-04-01,203.49121291166253,234,gbm_corr_top1_2hop_rand8,f2,1
2021-05-01,210.79496201798457,234,gbm_corr_top1_2hop_rand8,f2,1
2021-06-01,134.39542485365357,234,gbm_corr_top1_2hop_rand8,f2,1
2021-07-01,221.08871204926518,234,gbm_corr_top1_2hop_rand8,f2,1
2021-08-01,162.6067553734763,234,gbm_corr_top1_2hop_rand8,f2,1
2021-09-01,254.39946599637554,234,gbm_corr_top1_2hop_rand8,f2,1
2021-10-01,244.1263739956561,234,gbm_corr_top1_2hop_rand8,f2,1
2021-11-01,195.5583416453868,234,gbm_corr_top1_2hop_rand8,f2,1
2021-12-01,273.30840179061215,234,gbm_corr_top1_2hop_rand8,f2,1
2022-01-01,248.49347380316433,234,gbm_corr_top1_2hop_rand8,f2,1
2022-02-01,237.65791505794613,234,gbm_corr_top1_2hop_rand8,f2,1
2022-03-01,359.4866069832947,234,gbm_corr_top1_2hop_rand8,f2,1
2022-04-01,280.28792126283685,234,gbm_corr_top1_2hop_rand8,f2,1
2020-12-01,188.46740994616567,234,gbm_corr_top1_rand9,f2,1
2021-01-01,175.58643759455953,234,gbm_corr_top1_rand9,f2,1
2021-02-01,260.23326803884345,234,gbm_corr_top1_rand9,f2,1
2021-03-01,188.98833562735447,234,gbm_corr_top1_rand9,f2,1
2021-04-01,200.76116666301718,234,gbm_corr_top1_rand9,f2,1
2021-05-01,210.6051388052672,234,gbm_corr_top1_rand9,f2,1
2021-06-01,135.43528240774688,234,gbm_corr_top1_rand9,f2,1
2021-07-01,219.80495450847872,234,gbm_corr_top1_rand9,f2,1
2021-08-01,160.31921248834345,234,gbm_corr_top1_rand9,f2,1
2021-09-01,249.76596654282093,234,gbm_corr_top1_rand9,f2,1
2021-10-01,242.64252536634046,234,gbm_corr_top1_rand9,f2,1
2021-11-01,192.04644527243937,234,gbm_corr_top1_rand9,f2,1
2021-12-01,273.7543773545458,234,gbm_corr_top1_rand9,f2,1
2022-01-01,251.2912664479486,234,gbm_corr_top1_rand9,f2,1
2022-02-01,232.3555476303502,234,gbm_corr_top1_rand9,f2,1
2022-03-01,354.5709113087785,234,gbm_corr_top1_rand9,f2,1
2022-04-01,274.69965430332513,234,gbm_corr_top1_rand9,f2,1
2020-12-01,187.38803178586545,234,mlp_corr_top1_rand9,f2,1
2021-01-01,178.57588277947895,234,mlp_corr_top1_rand9,f2,1
2021-02-01,254.95364236715653,234,mlp_corr_top1_rand9,f2,1
2021-03-01,188.1241468784665,234,mlp_corr_top1_rand9,f2,1
2021-04-01,203.6418514704591,234,mlp_corr_top1_rand9,f2,1
2021-05-01,214.90158393335918,234,mlp_corr_top1_rand9,f2,1
2021-06-01,136.1708519704275,234,mlp_corr_top1_rand9,f2,1
2021-07-01,221.58848452256737,234,mlp_corr_top1_rand9,f2,1
2021-08-01,166.7840260065307,234,mlp_corr_top1_rand9,f2,1
2021-09-01,249.8798743148684,234,mlp_corr_top1_rand9,f2,1
2021-10-01,242.5848901715173,234,mlp_corr_top1_rand9,f2,1
2021-11-01,194.16599638614548,234,mlp_corr_top1_rand9,f2,1
2021-12-01,277.8565454573462,234,mlp_corr_top1_rand9,f2,1
2022-01-01,250.38134997484931,234,mlp_corr_top1_rand9,f2,1
2022-02-01,240.7247346281938,234,mlp_corr_top1_rand9,f2,1
2022-03-01,363.52189473818004,234,mlp_corr_top1_rand9,f2,1
2022-04-01,283.81614158360946,234,mlp_corr_top1_rand9,f2,1
2020-12-01,186.83730300920766,234,gbm_corr_top1_2hop_rand9,f2,1
2021-01-01,177.05185134808468,234,gbm_corr_top1_2hop_rand9,f2,1
2021-02-01,260.467449628193,234,gbm_corr_top1_2hop_rand9,f2,1
2021-03-01,185.82037682436726,234,gbm_corr_top1_2hop_rand9,f2,1
2021-04-01,199.69842592799537,234,gbm_corr_top1_2hop_rand9,f2,1
2021-05-01,213.5725523632351,234,gbm_corr_top1_2hop_rand9,f2,1
2021-06-01,136.31190820721466,234,gbm_corr_top1_2hop_rand9,f2,1
2021-07-01,219.9218612253536,234,gbm_corr_top1_2hop_rand9,f2,1
2021-08-01,165.11749457264187,234,gbm_corr_top1_2hop_rand9,f2,1
2021-09-01,252.56078677669825,234,gbm_corr_top1_2hop_rand9,f2,1
2021-10-01,245.05744059607807,234,gbm_corr_top1_2hop_rand9,f2,1
2021-11-01,190.62447212793086,234,gbm_corr_top1_2hop_rand9,f2,1
2021-12-01,273.36744523872113,234,gbm_corr_top1_2hop_rand9,f2,1
2022-01-01,251.46861800108633,234,gbm_corr_top1_2hop_rand9,f2,1
2022-02-01,235.83352347579407,234,gbm_corr_top1_2hop_rand9,f2,1
2022-03-01,360.69423428672286,234,gbm_corr_top1_2hop_rand9,f2,1
2022-04-01,279.6685537805169,234,gbm_corr_top1_2hop_rand9,f2,1
2020-12-01,187.05064441054986,234,gbm_corr_top1_rand10,f2,1
2021-01-01,177.93333062658238,234,gbm_corr_top1_rand10,f2,1
2021-02-01,257.7937743535212,234,gbm_corr_top1_rand10,f2,1
2021-03-01,190.2320773491709,234,gbm_corr_top1_rand10,f2,1
2021-04-01,203.3023601556692,234,gbm_corr_top1_rand10,f2,1
2021-05-01,214.06758585664147,234,gbm_corr_top1_rand10,f2,1
2021-06-01,134.7844948807838,234,gbm_corr_top1_rand10,f2,1
2021-07-01,219.42853090576097,234,gbm_corr_top1_rand10,f2,1
2021-08-01,164.26055303283334,234,gbm_corr_top1_rand10,f2,1
2021-09-01,255.16341496946345,234,gbm_corr_top1_rand10,f2,1
2021-10-01,245.06700150826515,234,gbm_corr_top1_rand10,f2,1
2021-11-01,193.3249027465756,234,gbm_corr_top1_rand10,f2,1
2021-12-01,277.068230523243,234,gbm_corr_top1_rand10,f2,1
2022-01-01,252.98727259498858,234,gbm_corr_top1_rand10,f2,1
2022-02-01,240.1153961658757,234,gbm_corr_top1_rand10,f2,1
2022-03-01,354.2252977005708,234,gbm_corr_top1_rand10,f2,1
2022-04-01,277.8015972962032,234,gbm_corr_top1_rand10,f2,1
2020-12-01,184.71810377735966,234,mlp_corr_top1_rand10,f2,1
2021-01-01,178.83917135305776,234,mlp_corr_top1_rand10,f2,1
2021-02-01,257.85534426198154,234,mlp_corr_top1_rand10,f2,1
2021-03-01,188.6880207194502,234,mlp_corr_top1_rand10,f2,1
2021-04-01,198.86867353564864,234,mlp_corr_top1_rand10,f2,1
2021-05-01,209.74954983675156,234,mlp_corr_top1_rand10,f2,1
2021-06-01,136.44823969182843,234,mlp_corr_top1_rand10,f2,1
2021-07-01,220.55935499466202,234,mlp_corr_top1_rand10,f2,1
2021-08-01,165.0487181869742,234,mlp_corr_top1_rand10,f2,1
2021-09-01,250.43870864139612,234,mlp_corr_top1_rand10,f2,1
2021-10-01,235.8294821682346,234,mlp_corr_top1_rand10,f2,1
2021-11-01,192.2788065451584,234,mlp_corr_top1_rand10,f2,1
2021-12-01,270.93375472443205,234,mlp_corr_top1_rand10,f2,1
2022-01-01,254.8512361316565,234,mlp_corr_top1_rand10,f2,1
2022-02-01,234.909394584957,234,mlp_corr_top1_rand10,f2,1
2022-03-01,352.92565596362556,234,mlp_corr_top1_rand10,f2,1
2022-04-01,276.2716525772387,234,mlp_corr_top1_rand10,f2,1
2020-12-01,187.21584700262997,234,gbm_corr_top1_2hop_rand10,f2,1
2021-01-01,178.9204309080257,234,gbm_corr_top1_2hop_rand10,f2,1
2021-02-01,259.3170895288788,234,gbm_corr_top1_2hop_rand10,f2,1
2021-03-01,189.65839014860813,234,gbm_corr_top1_2hop_rand10,f2,1
2021-04-01,203.65405853785592,234,gbm_corr_top1_2hop_rand10,f2,1
2021-05-01,210.61505889386197,234,gbm_corr_top1_2hop_rand10,f2,1
2021-06-01,137.71358266778307,234,gbm_corr_top1_2hop_rand10,f2,1
2021-07-01,218.825979379902,234,gbm_corr_top1_2hop_rand10,f2,1
2021-08-01,160.8511865479213,234,gbm_corr_top1_2hop_rand10,f2,1
2021-09-01,254.48529061623222,234,gbm_corr_top1_2hop_rand10,f2,1
2021-10-01,243.2749380158504,234,gbm_corr_top1_2hop_rand10,f2,1
2021-11-01,192.70071186114606,234,gbm_corr_top1_2hop_rand10,f2,1
2021-12-01,272.1473385073319,234,gbm_corr_top1_2hop_rand10,f2,1
2022-01-01,250.4602013941348,234,gbm_corr_top1_2hop_rand10,f2,1
2022-02-01,235.6437004781669,234,gbm_corr_top1_2hop_rand10,f2,1
2022-03-01,358.9316946729199,234,gbm_corr_top1_2hop_rand10,f2,1
2022-04-01,280.52051912576104,234,gbm_corr_top1_2hop_rand10,f2,1
2020-12-01,186.4428710784705,234,gbm_corr_top1_rand11,f2,1
2021-01-01,179.41277073309868,234,gbm_corr_top1_rand11,f2,1
2021-02-01,256.51392355289045,234,gbm_corr_top1_rand11,f2,1
2021-03-01,187.71314340399118,234,gbm_corr_top1_rand11,f2,1
2021-04-01,204.32711203109602,234,gbm_corr_top1_rand11,f2,1
2021-05-01,210.43321707592762,234,gbm_corr_top1_rand11,f2,1
2021-06-01,134.88640564681177,234,gbm_corr_top1_rand11,f2,1
2021-07-01,222.62670583565964,234,gbm_corr_top1_rand11,f2,1
2021-08-01,163.50296166182213,234,gbm_corr_top1_rand11,f2,1
2021-09-01,252.3861627022847,234,gbm_corr_top1_rand11,f2,1
2021-10-01,241.87071791048797,234,gbm_corr_top1_rand11,f2,1
2021-11-01,193.31572018515777,234,gbm_corr_top1_rand11,f2,1
2021-12-01,273.57249734470884,234,gbm_corr_top1_rand11,f2,1
2022-01-01,250.93390086172363,234,gbm_corr_top1_rand11,f2,1
2022-02-01,234.44330984252753,234,gbm_corr_top1_rand11,f2,1
2022-03-01,360.5212612331758,234,gbm_corr_top1_rand11,f2,1
2022-04-01,281.43418619248484,234,gbm_corr_top1_rand11,f2,1
2020-12-01,186.73854827414354,234,mlp_corr_top1_rand11,f2,1
2021-01-01,177.44301697581116,234,mlp_corr_top1_rand11,f2,1
2021-02-01,254.52969275971975,234,mlp_corr_top1_rand11,f2,1
2021-03-01,188.58453370087292,234,mlp_corr_top1_rand11,f2,1
2021-04-01,202.3371685591935,234,mlp_corr_top1_rand11,f2,1
2021-05-01,212.248765279186,234,mlp_corr_top1_rand11,f2,1
2021-06-01,134.08292600179018,234,mlp_corr_top1_rand11,f2,1
2021-07-01,222.25247244701245,234,mlp_corr_top1_rand11,f2,1
2021-08-01,166.6104917111423,234,mlp_corr_top1_rand11,f2,1
2021-09-01,253.6279468188181,234,mlp_corr_top1_rand11,f2,1
2021-10-01,238.26763352028883,234,mlp_corr_top1_rand11,f2,1
2021-11-01,194.3143868714147,234,mlp_corr_top1_rand11,f2,1
2021-12-01,273.5233766128148,234,mlp_corr_top1_rand11,f2,1
2022-01-01,254.61894704337297,234,mlp_corr_top1_rand11,f2,1
2022-02-01,236.5363641252825,234,mlp_corr_top1_rand11,f2,1
2022-03-01,358.9041296766763,234,mlp_corr_top1_rand11,f2,1
2022-04-01,280.38132488667804,234,mlp_corr_top1_rand11,f2,1
2020-12-01,188.79381614073614,234,gbm_corr_top1_2hop_rand11,f2,1
2021-01-01,178.12831840756402,234,gbm_corr_top1_2hop_rand11,f2,1
2021-02-01,258.507398859545,234,gbm_corr_top1_2hop_rand11,f2,1
2021-03-01,189.26229243301594,234,gbm_corr_top1_2hop_rand11,f2,1
2021-04-01,204.09264797105183,234,gbm_corr_top1_2hop_rand11,f2,1
2021-05-01,208.71450020177477,234,gbm_corr_top1_2hop_rand11,f2,1
2021-06-01,132.35503269327825,234,gbm_corr_top1_2hop_rand11,f2,1
2021-07-01,223.4799643336231,234,gbm_corr_top1_2hop_rand11,f2,1
2021-08-01,162.22977110626815,234,gbm_corr_top1_2hop_rand11,f2,1
2021-09-01,250.63120828880523,234,gbm_corr_top1_2hop_rand11,f2,1
2021-10-01,238.22484272129614,234,gbm_corr_top1_2hop_rand11,f2,1
2021-11-01,190.09164235679884,234,gbm_corr_top1_2hop_rand11,f2,1
2021-12-01,272.24790229203745,234,gbm_corr_top1_2hop_rand11,f2,1
2022-01-01,251.28982267538197,234,gbm_corr_top1_2hop_rand11,f2,1
2022-02-01,237.2686947514245,234,gbm_corr_top1_2hop_rand11,f2,1
2022-03-01,356.97561782818303,234,gbm_corr_top1_2hop_rand11,f2,1
2022-04-01,279.30865659268954,234,gbm_corr_top1_2hop_rand11,f2,1
2020-12-01,186.16647815381154,234,gbm_corr_top1_rand12,f2,1
2021-01-01,177.57637272825906,234,gbm_corr_top1_rand12,f2,1
2021-02-01,257.82670182271994,234,gbm_corr_top1_rand12,f2,1
2021-03-01,188.03437749453985,234,gbm_corr_top1_rand12,f2,1
2021-04-01,205.35518871472206,234,gbm_corr_top1_rand12,f2,1
2021-05-01,211.77899384211716,234,gbm_corr_top1_rand12,f2,1
2021-06-01,137.5547984914399,234,gbm_corr_top1_rand12,f2,1
2021-07-01,221.00104243493695,234,gbm_corr_top1_rand12,f2,1
2021-08-01,164.46232272801106,234,gbm_corr_top1_rand12,f2,1
2021-09-01,250.29162760448432,234,gbm_corr_top1_rand12,f2,1
2021-10-01,244.13314499639506,234,gbm_corr_top1_rand12,f2,1
2021-11-01,189.81346408354912,234,gbm_corr_top1_rand12,f2,1
2021-12-01,270.66674636444213,234,gbm_corr_top1_rand12,f2,1
2022-01-01,252.8127226080625,234,gbm_corr_top1_rand12,f2,1
2022-02-01,236.97521316807385,234,gbm_corr_top1_rand12,f2,1
2022-03-01,358.12456896614066,234,gbm_corr_top1_rand12,f2,1
2022-04-01,282.3922693239766,234,gbm_corr_top1_rand12,f2,1
2020-12-01,187.5223042104795,234,mlp_corr_top1_rand12,f2,1
2021-01-01,178.8282111086053,234,mlp_corr_top1_rand12,f2,1
2021-02-01,255.36914427414771,234,mlp_corr_top1_rand12,f2,1
2021-03-01,190.87763135628862,234,mlp_corr_top1_rand12,f2,1
2021-04-01,203.10504459482672,234,mlp_corr_top1_rand12,f2,1
2021-05-01,212.42213468806682,234,mlp_corr_top1_rand12,f2,1
2021-06-01,136.50107618381276,234,mlp_corr_top1_rand12,f2,1
2021-07-01,219.4843978778112,234,mlp_corr_top1_rand12,f2,1
2021-08-01,165.96995420040213,234,mlp_corr_top1_rand12,f2,1
2021-09-01,251.15958731076284,234,mlp_corr_top1_rand12,f2,1
2021-10-01,241.8642865122668,234,mlp_corr_top1_rand12,f2,1
2021-11-01,194.59461416983564,234,mlp_corr_top1_rand12,f2,1
2021-12-01,275.6707693972363,234,mlp_corr_top1_rand12,f2,1
2022-01-01,252.25791125798116,234,mlp_corr_top1_rand12,f2,1
2022-02-01,238.57016759622505,234,mlp_corr_top1_rand12,f2,1
2022-03-01,360.96165364422086,234,mlp_corr_top1_rand12,f2,1
2022-04-01,283.8200335776228,234,mlp_corr_top1_rand12,f2,1
2020-12-01,187.62645940802147,234,gbm_corr_top1_2hop_rand12,f2,1
2021-01-01,179.5163559279942,234,gbm_corr_top1_2hop_rand12,f2,1
2021-02-01,258.8647554338411,234,gbm_corr_top1_2hop_rand12,f2,1
2021-03-01,187.97842918144863,234,gbm_corr_top1_2hop_rand12,f2,1
2021-04-01,205.5002370007077,234,gbm_corr_top1_2hop_rand12,f2,1
2021-05-01,211.88578993906836,234,gbm_corr_top1_2hop_rand12,f2,1
2021-06-01,135.44349238181331,234,gbm_corr_top1_2hop_rand12,f2,1
2021-07-01,220.03285319844065,234,gbm_corr_top1_2hop_rand12,f2,1
2021-08-01,164.86023283993293,234,gbm_corr_top1_2hop_rand12,f2,1
2021-09-01,253.64124444089114,234,gbm_corr_top1_2hop_rand12,f2,1
2021-10-01,245.85793298495395,234,gbm_corr_top1_2hop_rand12,f2,1
2021-11-01,189.68759834110466,234,gbm_corr_top1_2hop_rand12,f2,1
2021-12-01,271.38447491656234,234,gbm_corr_top1_2hop_rand12,f2,1
2022-01-01,250.94581212585496,234,gbm_corr_top1_2hop_rand12,f2,1
2022-02-01,239.83366049236452,234,gbm_corr_top1_2hop_rand12,f2,1
2022-03-01,358.70046821743256,234,gbm_corr_top1_2hop_rand12,f2,1
2022-04-01,278.63154439131335,234,gbm_corr_top1_2hop_rand12,f2,1
2020-12-01,186.87595232354965,234,gbm_corr_top1_rand13,f2,1
2021-01-01,177.1381640420644,234,gbm_corr_top1_rand13,f2,1
2021-02-01,261.0319117483786,234,gbm_corr_top1_rand13,f2,1
2021-03-01,186.03583445361733,234,gbm_corr_top1_rand13,f2,1
2021-04-01,199.66003200243085,234,gbm_corr_top1_rand13,f2,1
2021-05-01,211.8215662492884,234,gbm_corr_top1_rand13,f2,1
2021-06-01,137.0547621953897,234,gbm_corr_top1_rand13,f2,1
2021-07-01,219.48858849976847,234,gbm_corr_top1_rand13,f2,1
2021-08-01,161.51027937730962,234,gbm_corr_top1_rand13,f2,1
2021-09-01,251.3680109145433,234,gbm_corr_top1_rand13,f2,1
2021-10-01,244.0580082185837,234,gbm_corr_top1_rand13,f2,1
2021-11-01,193.17655510286335,234,gbm_corr_top1_rand13,f2,1
2021-12-01,271.77688582322645,234,gbm_corr_top1_rand13,f2,1
2022-01-01,249.54046767747548,234,gbm_corr_top1_rand13,f2,1
2022-02-01,238.4360567413265,234,gbm_corr_top1_rand13,f2,1
2022-03-01,355.8935961905004,234,gbm_corr_top1_rand13,f2,1
2022-04-01,277.14028244420416,234,gbm_corr_top1_rand13,f2,1
2020-12-01,184.9561944283633,234,mlp_corr_top1_rand13,f2,1
2021-01-01,179.24967359074017,234,mlp_corr_top1_rand13,f2,1
2021-02-01,258.8163399831289,234,mlp_corr_top1_rand13,f2,1
2021-03-01,186.51991622413527,234,mlp_corr_top1_rand13,f2,1
2021-04-01,199.13218509453975,234,mlp_corr_top1_rand13,f2,1
2021-05-01,210.39339531777193,234,mlp_corr_top1_rand13,f2,1
2021-06-01,134.93368233990066,234,mlp_corr_top1_rand13,f2,1
2021-07-01,219.48173754004506,234,mlp_corr_top1_rand13,f2,1
2021-08-01,164.4781092352981,234,mlp_corr_top1_rand13,f2,1
2021-09-01,252.2965762185705,234,mlp_corr_top1_rand13,f2,1
2021-10-01,235.39253762698388,234,mlp_corr_top1_rand13,f2,1
2021-11-01,192.45612001834837,234,mlp_corr_top1_rand13,f2,1
2021-12-01,273.06755815822856,234,mlp_corr_top1_rand13,f2,1
2022-01-01,257.03878094514005,234,mlp_corr_top1_rand13,f2,1
2022-02-01,232.8401617969899,234,mlp_corr_top1_rand13,f2,1
2022-03-01,357.57961918105923,234,mlp_corr_top1_rand13,f2,1
2022-04-01,280.6458762293461,234,mlp_corr_top1_rand13,f2,1
2020-12-01,186.1266881239702,234,gbm_corr_top1_2hop_rand13,f2,1
2021-01-01,177.69105471590117,234,gbm_corr_top1_2hop_rand13,f2,1
2021-02-01,257.9437858935318,234,gbm_corr_top1_2hop_rand13,f2,1
2021-03-01,188.6357403193853,234,gbm_corr_top1_2hop_rand13,f2,1
2021-04-01,199.74351427209575,234,gbm_corr_top1_2hop_rand13,f2,1
2021-05-01,211.76276910745236,234,gbm_corr_top1_2hop_rand13,f2,1
2021-06-01,137.74199698894333,234,gbm_corr_top1_2hop_rand13,f2,1
2021-07-01,218.11633217363922,234,gbm_corr_top1_2hop_rand13,f2,1
2021-08-01,161.71585780541687,234,gbm_corr_top1_2hop_rand13,f2,1
2021-09-01,252.44021721297312,234,gbm_corr_top1_2hop_rand13,f2,1
2021-10-01,242.56125469126587,234,gbm_corr_top1_2hop_rand13,f2,1
2021-11-01,195.59597958447702,234,gbm_corr_top1_2hop_rand13,f2,1
2021-12-01,269.53558284041657,234,gbm_corr_top1_2hop_rand13,f2,1
2022-01-01,248.95955599669216,234,gbm_corr_top1_2hop_rand13,f2,1
2022-02-01,239.31109096204528,234,gbm_corr_top1_2hop_rand13,f2,1
2022-03-01,353.07639054887045,234,gbm_corr_top1_2hop_rand13,f2,1
2022-04-01,276.6307368798685,234,gbm_corr_top1_2hop_rand13,f2,1
2020-12-01,189.65860876496873,234,gbm_corr_top1_rand14,f2,1
2021-01-01,179.32526318112636,234,gbm_corr_top1_rand14,f2,1
2021-02-01,257.7710897883523,234,gbm_corr_top1_rand14,f2,1
2021-03-01,194.01698005584063,234,gbm_corr_top1_rand14,f2,1
2021-04-01,200.73996087132724,234,gbm_corr_top1_rand14,f2,1
2021-05-01,215.4394352081861,234,gbm_corr_top1_rand14,f2,1
2021-06-01,141.09069222984172,234,gbm_corr_top1_rand14,f2,1
2021-07-01,224.85076354475197,234,gbm_corr_top1_rand14,f2,1
2021-08-01,167.31729789672391,234,gbm_corr_top1_rand14,f2,1
2021-09-01,255.5974157398783,234,gbm_corr_top1_rand14,f2,1
2021-10-01,250.75495192171743,234,gbm_corr_top1_rand14,f2,1
2021-11-01,194.63255358857663,234,gbm_corr_top1_rand14,f2,1
2021-12-01,275.03498277408494,234,gbm_corr_top1_rand14,f2,1
2022-01-01,254.38941726143142,234,gbm_corr_top1_rand14,f2,1
2022-02-01,232.54815559763472,234,gbm_corr_top1_rand14,f2,1
2022-03-01,364.7782773181694,234,gbm_corr_top1_rand14,f2,1
2022-04-01,291.1160855836361,234,gbm_corr_top1_rand14,f2,1
2020-12-01,187.77444065079507,234,mlp_corr_top1_rand14,f2,1
2021-01-01,180.36306409213282,234,mlp_corr_top1_rand14,f2,1
2021-02-01,256.12791340643736,234,mlp_corr_top1_rand14,f2,1
2021-03-01,192.6409447846078,234,mlp_corr_top1_rand14,f2,1
2021-04-01,201.5211816161344,234,mlp_corr_top1_rand14,f2,1
2021-05-01,211.1862146233537,234,mlp_corr_top1_rand14,f2,1
2021-06-01,137.22599779838248,234,mlp_corr_top1_rand14,f2,1
2021-07-01,220.0793525573945,234,mlp_corr_top1_rand14,f2,1
2021-08-01,171.54027430426808,234,mlp_corr_top1_rand14,f2,1
2021-09-01,255.71745944472772,234,mlp_corr_top1_rand14,f2,1
2021-10-01,241.0606575461349,234,mlp_corr_top1_rand14,f2,1
2021-11-01,199.28957318146314,234,mlp_corr_top1_rand14,f2,1
2021-12-01,273.7171023606552,234,mlp_corr_top1_rand14,f2,1
2022-01-01,259.4257635959219,234,mlp_corr_top1_rand14,f2,1
2022-02-01,235.46952221697543,234,mlp_corr_top1_rand14,f2,1
2022-03-01,363.2166885069817,234,mlp_corr_top1_rand14,f2,1
2022-04-01,286.7844735699045,234,mlp_corr_top1_rand14,f2,1
2020-12-01,189.49360222824376,234,gbm_corr_top1_2hop_rand14,f2,1
2021-01-01,178.43680682173317,234,gbm_corr_top1_2hop_rand14,f2,1
2021-02-01,258.77380170126673,234,gbm_corr_top1_2hop_rand14,f2,1
2021-03-01,194.91984853152687,234,gbm_corr_top1_2hop_rand14,f2,1
2021-04-01,199.49933703693273,234,gbm_corr_top1_2hop_rand14,f2,1
2021-05-01,213.12704997808092,234,gbm_corr_top1_2hop_rand14,f2,1
2021-06-01,138.11495573606402,234,gbm_corr_top1_2hop_rand14,f2,1
2021-07-01,222.81278146258876,234,gbm_corr_top1_2hop_rand14,f2,1
2021-08-01,167.94099390238188,234,gbm_corr_top1_2hop_rand14,f2,1
2021-09-01,254.65402984797703,234,gbm_corr_top1_2hop_rand14,f2,1
2021-10-01,250.30458808328112,234,gbm_corr_top1_2hop_rand14,f2,1
2021-11-01,193.3823060749215,234,gbm_corr_top1_2hop_rand14,f2,1
2021-12-01,270.8685834351299,234,gbm_corr_top1_2hop_rand14,f2,1
2022-01-01,253.19717282395462,234,gbm_corr_top1_2hop_rand14,f2,1
2022-02-01,233.53687062489246,234,gbm_corr_top1_2hop_rand14,f2,1
2022-03-01,362.2360666140377,234,gbm_corr_top1_2hop_rand14,f2,1
2022-04-01,286.4302447987282,234,gbm_corr_top1_2hop_rand14,f2,1
2020-12-01,187.447857590893,234,gbm_corr_top1_rand15,f2,1
2021-01-01,177.49122585986368,234,gbm_corr_top1_rand15,f2,1
2021-02-01,258.23985888009855,234,gbm_corr_top1_rand15,f2,1
2021-03-01,191.74582950291511,234,gbm_corr_top1_rand15,f2,1
2021-04-01,204.26001906150714,234,gbm_corr_top1_rand15,f2,1
2021-05-01,220.9721713770248,234,gbm_corr_top1_rand15,f2,1
2021-06-01,138.91008170647075,234,gbm_corr_top1_rand15,f2,1
2021-07-01,229.15015311709044,234,gbm_corr_top1_rand15,f2,1
2021-08-01,168.11876298905585,234,gbm_corr_top1_rand15,f2,1
2021-09-01,248.6962524025263,234,gbm_corr_top1_rand15,f2,1
2021-10-01,254.30099580331506,234,gbm_corr_top1_rand15,f2,1
2021-11-01,203.25018656471633,234,gbm_corr_top1_rand15,f2,1
2021-12-01,280.64896078402643,234,gbm_corr_top1_rand15,f2,1
2022-01-01,252.4942132613197,234,gbm_corr_top1_rand15,f2,1
2022-02-01,246.96192938201315,234,gbm_corr_top1_rand15,f2,1
2022-03-01,369.7460599210441,234,gbm_corr_top1_rand15,f2,1
2022-04-01,287.1648070574187,234,gbm_corr_top1_rand15,f2,1
2020-12-01,186.8885493858658,234,mlp_corr_top1_rand15,f2,1
2021-01-01,176.6883572387678,234,mlp_corr_top1_rand15,f2,1
2021-02-01,256.38089599981146,234,mlp_corr_top1_rand15,f2,1
2021-03-01,186.15302101467577,234,mlp_corr_top1_rand15,f2,1
2021-04-01,198.25760651979377,234,mlp_corr_top1_rand15,f2,1
2021-05-01,207.3773772575506,234,mlp_corr_top1_rand15,f2,1
2021-06-01,135.17531486528503,234,mlp_corr_top1_rand15,f2,1
2021-07-01,219.9486150236505,234,mlp_corr_top1_rand15,f2,1
2021-08-01,159.257868907826,234,mlp_corr_top1_rand15,f2,1
2021-09-01,246.2779213912928,234,mlp_corr_top1_rand15,f2,1
2021-10-01,245.7969991534829,234,mlp_corr_top1_rand15,f2,1
2021-11-01,193.5889546181116,234,mlp_corr_top1_rand15,f2,1
2021-12-01,270.4231302396363,234,mlp_corr_top1_rand15,f2,1
2022-01-01,244.28240709082107,234,mlp_corr_top1_rand15,f2,1
2022-02-01,234.56744500002117,234,mlp_corr_top1_rand15,f2,1
2022-03-01,352.1505016227104,234,mlp_corr_top1_rand15,f2,1
2022-04-01,282.24086876852243,234,mlp_corr_top1_rand15,f2,1
2020-12-01,186.4869500710544,234,gbm_corr_top1_2hop_rand15,f2,1
2021-01-01,176.85236283462655,234,gbm_corr_top1_2hop_rand15,f2,1
2021-02-01,259.21929308359177,234,gbm_corr_top1_2hop_rand15,f2,1
2021-03-01,188.13868230374533,234,gbm_corr_top1_2hop_rand15,f2,1
2021-04-01,204.04370101891354,234,gbm_corr_top1_2hop_rand15,f2,1
2021-05-01,217.72646642991552,234,gbm_corr_top1_2hop_rand15,f2,1
2021-06-01,137.7035644161586,234,gbm_corr_top1_2hop_rand15,f2,1
2021-07-01,223.65189136398024,234,gbm_corr_top1_2hop_rand15,f2,1
2021-08-01,166.05668370282623,234,gbm_corr_top1_2hop_rand15,f2,1
2021-09-01,251.23610503809957,234,gbm_corr_top1_2hop_rand15,f2,1
2021-10-01,254.11636521659244,234,gbm_corr_top1_2hop_rand15,f2,1
2021-11-01,201.56400329467118,234,gbm_corr_top1_2hop_rand15,f2,1
2021-12-01,282.57265754979954,234,gbm_corr_top1_2hop_rand15,f2,1
2022-01-01,253.1691244725358,234,gbm_corr_top1_2hop_rand15,f2,1
2022-02-01,246.93878291555362,234,gbm_corr_top1_2hop_rand15,f2,1
2022-03-01,369.27168916180176,234,gbm_corr_top1_2hop_rand15,f2,1
2022-04-01,289.0777262078264,234,gbm_corr_top1_2hop_rand15,f2,1
2020-12-01,185.3719782457239,234,gbm_corr_top1_rand16,f2,1
2021-01-01,177.37173304694429,234,gbm_corr_top1_rand16,f2,1
2021-02-01,257.0473997813001,234,gbm_corr_top1_rand16,f2,1
2021-03-01,187.80605468516342,234,gbm_corr_top1_rand16,f2,1
2021-04-01,201.0990286255529,234,gbm_corr_top1_rand16,f2,1
2021-05-01,212.69825866212784,234,gbm_corr_top1_rand16,f2,1
2021-06-01,138.20345055058175,234,gbm_corr_top1_rand16,f2,1
2021-07-01,223.07123523900668,234,gbm_corr_top1_rand16,f2,1
2021-08-01,163.08318693873943,234,gbm_corr_top1_rand16,f2,1
2021-09-01,248.8641960421248,234,gbm_corr_top1_rand16,f2,1
2021-10-01,244.21768187608896,234,gbm_corr_top1_rand16,f2,1
2021-11-01,193.5233328834148,234,gbm_corr_top1_rand16,f2,1
2021-12-01,274.57660309583883,234,gbm_corr_top1_rand16,f2,1
2022-01-01,248.77062465521686,234,gbm_corr_top1_rand16,f2,1
2022-02-01,236.5580041218235,234,gbm_corr_top1_rand16,f2,1
2022-03-01,354.25818943354585,234,gbm_corr_top1_rand16,f2,1
2022-04-01,279.1559194338532,234,gbm_corr_top1_rand16,f2,1
2020-12-01,186.8694200338688,234,mlp_corr_top1_rand16,f2,1
2021-01-01,178.8326733951151,234,mlp_corr_top1_rand16,f2,1
2021-02-01,254.8434031726535,234,mlp_corr_top1_rand16,f2,1
2021-03-01,189.30183381241744,234,mlp_corr_top1_rand16,f2,1
2021-04-01,200.3420442596701,234,mlp_corr_top1_rand16,f2,1
2021-05-01,213.0947643479563,234,mlp_corr_top1_rand16,f2,1
2021-06-01,133.55859525617484,234,mlp_corr_top1_rand16,f2,1
2021-07-01,220.92304792705156,234,mlp_corr_top1_rand16,f2,1
2021-08-01,165.47703819763188,234,mlp_corr_top1_rand16,f2,1
2021-09-01,251.65133640840065,234,mlp_corr_top1_rand16,f2,1
2021-10-01,238.67410219464085,234,mlp_corr_top1_rand16,f2,1
2021-11-01,194.46577324923433,234,mlp_corr_top1_rand16,f2,1
2021-12-01,277.6907320986397,234,mlp_corr_top1_rand16,f2,1
2022-01-01,254.3616827649891,234,mlp_corr_top1_rand16,f2,1
2022-02-01,236.3112530364314,234,mlp_corr_top1_rand16,f2,1
2022-03-01,359.77724036256586,234,mlp_corr_top1_rand16,f2,1
2022-04-01,282.70241753445833,234,mlp_corr_top1_rand16,f2,1
2020-12-01,184.57501893750037,234,gbm_corr_top1_2hop_rand16,f2,1
2021-01-01,178.54570518067476,234,gbm_corr_top1_2hop_rand16,f2,1
2021-02-01,255.64156530925774,234,gbm_corr_top1_2hop_rand16,f2,1
2021-03-01,188.587644519098,234,gbm_corr_top1_2hop_rand16,f2,1
2021-04-01,200.01647260900916,234,gbm_corr_top1_2hop_rand16,f2,1
2021-05-01,211.98938519154754,234,gbm_corr_top1_2hop_rand16,f2,1
2021-06-01,137.2866588434899,234,gbm_corr_top1_2hop_rand16,f2,1
2021-07-01,221.79305872252638,234,gbm_corr_top1_2hop_rand16,f2,1
2021-08-01,161.3472221345102,234,gbm_corr_top1_2hop_rand16,f2,1
2021-09-01,249.99863445892322,234,gbm_corr_top1_2hop_rand16,f2,1
2021-10-01,241.24336377213575,234,gbm_corr_top1_2hop_rand16,f2,1
2021-11-01,191.76948021653234,234,gbm_corr_top1_2hop_rand16,f2,1
2021-12-01,273.38358105140605,234,gbm_corr_top1_2hop_rand16,f2,1
2022-01-01,249.9528746763803,234,gbm_corr_top1_2hop_rand16,f2,1
2022-02-01,238.23791943350673,234,gbm_corr_top1_2hop_rand16,f2,1
2022-03-01,358.20818032456594,234,gbm_corr_top1_2hop_rand16,f2,1
2022-04-01,283.20358119371116,234,gbm_corr_top1_2hop_rand16,f2,1
2020-12-01,187.76643608345748,234,gbm_corr_top1_rand17,f2,1
2021-01-01,179.3145471596584,234,gbm_corr_top1_rand17,f2,1
2021-02-01,259.1176938714355,234,gbm_corr_top1_rand17,f2,1
2021-03-01,184.58786560166965,234,gbm_corr_top1_rand17,f2,1
2021-04-01,202.31748007782662,234,gbm_corr_top1_rand17,f2,1
2021-05-01,211.89025079246298,234,gbm_corr_top1_rand17,f2,1
2021-06-01,135.9098647472757,234,gbm_corr_top1_rand17,f2,1
2021-07-01,217.44376263082503,234,gbm_corr_top1_rand17,f2,1
2021-08-01,163.9996734897591,234,gbm_corr_top1_rand17,f2,1
2021-09-01,248.34713210551612,234,gbm_corr_top1_rand17,f2,1
2021-10-01,239.73070069290813,234,gbm_corr_top1_rand17,f2,1
2021-11-01,189.39095156399011,234,gbm_corr_top1_rand17,f2,1
2021-12-01,280.03546689008556,234,gbm_corr_top1_rand17,f2,1
2022-01-01,250.7278019204407,234,gbm_corr_top1_rand17,f2,1
2022-02-01,234.2086035160975,234,gbm_corr_top1_rand17,f2,1
2022-03-01,355.647525241227,234,gbm_corr_top1_rand17,f2,1
2022-04-01,281.13175571921647,234,gbm_corr_top1_rand17,f2,1
2020-12-01,188.522521465102,234,mlp_corr_top1_rand17,f2,1
2021-01-01,180.59877714891957,234,mlp_corr_top1_rand17,f2,1
2021-02-01,255.6138883816289,234,mlp_corr_top1_rand17,f2,1
2021-03-01,190.35661454427049,234,mlp_corr_top1_rand17,f2,1
2021-04-01,202.82623536827944,234,mlp_corr_top1_rand17,f2,1
2021-05-01,212.88631263262053,234,mlp_corr_top1_rand17,f2,1
2021-06-01,135.796316658978,234,mlp_corr_top1_rand17,f2,1
2021-07-01,220.94256450785065,234,mlp_corr_top1_rand17,f2,1
2021-08-01,166.09198380339848,234,mlp_corr_top1_rand17,f2,1
2021-09-01,250.015486884115,234,mlp_corr_top1_rand17,f2,1
2021-10-01,241.2316307987565,234,mlp_corr_top1_rand17,f2,1
2021-11-01,194.94959234063916,234,mlp_corr_top1_rand17,f2,1
2021-12-01,278.79529241913474,234,mlp_corr_top1_rand17,f2,1
2022-01-01,253.33899351456364,234,mlp_corr_top1_rand17,f2,1
2022-02-01,238.75036668865852,234,mlp_corr_top1_rand17,f2,1
2022-03-01,363.16999653062777,234,mlp_corr_top1_rand17,f2,1
2022-04-01,282.8570899750945,234,mlp_corr_top1_rand17,f2,1
2020-12-01,184.00996439062575,234,gbm_corr_top1_2hop_rand17,f2,1
2021-01-01,180.37555743323796,234,gbm_corr_top1_2hop_rand17,f2,1
2021-02-01,258.697685064813,234,gbm_corr_top1_2hop_rand17,f2,1
2021-03-01,184.1962385484138,234,gbm_corr_top1_2hop_rand17,f2,1
2021-04-01,203.8369155667324,234,gbm_corr_top1_2hop_rand17,f2,1
2021-05-01,212.6794705800355,234,gbm_corr_top1_2hop_rand17,f2,1
2021-06-01,137.99293335570238,234,gbm_corr_top1_2hop_rand17,f2,1
2021-07-01,220.4120111724333,234,gbm_corr_top1_2hop_rand17,f2,1
2021-08-01,166.88371071222252,234,gbm_corr_top1_2hop_rand17,f2,1
2021-09-01,252.1378184095969,234,gbm_corr_top1_2hop_rand17,f2,1
2021-10-01,240.04200574628638,234,gbm_corr_top1_2hop_rand17,f2,1
2021-11-01,192.30281031156213,234,gbm_corr_top1_2hop_rand17,f2,1
2021-12-01,275.7390906685014,234,gbm_corr_top1_2hop_rand17,f2,1
2022-01-01,249.4485750791875,234,gbm_corr_top1_2hop_rand17,f2,1
2022-02-01,236.92485514291934,234,gbm_corr_top1_2hop_rand17,f2,1
2022-03-01,355.14626044366224,234,gbm_corr_top1_2hop_rand17,f2,1
2022-04-01,288.3136711535231,234,gbm_corr_top1_2hop_rand17,f2,1
2020-12-01,184.95920481280262,234,gbm_corr_top1_rand18,f2,1
2021-01-01,177.8259301671158,234,gbm_corr_top1_rand18,f2,1
2021-02-01,260.85224412361435,234,gbm_corr_top1_rand18,f2,1
2021-03-01,189.4525104081636,234,gbm_corr_top1_rand18,f2,1
2021-04-01,200.71710433610977,234,gbm_corr_top1_rand18,f2,1
2021-05-01,216.53184454329863,234,gbm_corr_top1_rand18,f2,1
2021-06-01,133.29208090079356,234,gbm_corr_top1_rand18,f2,1
2021-07-01,218.9205675953123,234,gbm_corr_top1_rand18,f2,1
2021-08-01,165.41590812873503,234,gbm_corr_top1_rand18,f2,1
2021-09-01,249.17263833367846,234,gbm_corr_top1_rand18,f2,1
2021-10-01,243.49628697205182,234,gbm_corr_top1_rand18,f2,1
2021-11-01,193.85709094306497,234,gbm_corr_top1_rand18,f2,1
2021-12-01,275.67102370882395,234,gbm_corr_top1_rand18,f2,1
2022-01-01,247.52633157469185,234,gbm_corr_top1_rand18,f2,1
2022-02-01,240.20395134980788,234,gbm_corr_top1_rand18,f2,1
2022-03-01,356.3569695798348,234,gbm_corr_top1_rand18,f2,1
2022-04-01,280.8452662052455,234,gbm_corr_top1_rand18,f2,1
2020-12-01,187.15630534840585,234,mlp_corr_top1_rand18,f2,1
2021-01-01,179.07278531827612,234,mlp_corr_top1_rand18,f2,1
2021-02-01,259.2344698174119,234,mlp_corr_top1_rand18,f2,1
2021-03-01,189.84613029852474,234,mlp_corr_top1_rand18,f2,1
2021-04-01,201.6058159878282,234,mlp_corr_top1_rand18,f2,1
2021-05-01,214.17204833679574,234,mlp_corr_top1_rand18,f2,1
2021-06-01,133.56691967903592,234,mlp_corr_top1_rand18,f2,1
2021-07-01,218.60804398651374,234,mlp_corr_top1_rand18,f2,1
2021-08-01,169.2835125698435,234,mlp_corr_top1_rand18,f2,1
2021-09-01,255.20902573175198,234,mlp_corr_top1_rand18,f2,1
2021-10-01,238.37979675566476,234,mlp_corr_top1_rand18,f2,1
2021-11-01,195.32742595759393,234,mlp_corr_top1_rand18,f2,1
2021-12-01,277.8829091253397,234,mlp_corr_top1_rand18,f2,1
2022-01-01,260.10204606634625,234,mlp_corr_top1_rand18,f2,1
2022-02-01,236.49306801190636,234,mlp_corr_top1_rand18,f2,1
2022-03-01,358.57390444392536,234,mlp_corr_top1_rand18,f2,1
2022-04-01,287.7123968084106,234,mlp_corr_top1_rand18,f2,1
2020-12-01,183.81894716469532,234,gbm_corr_top1_2hop_rand18,f2,1
2021-01-01,177.06164313122224,234,gbm_corr_top1_2hop_rand18,f2,1
2021-02-01,259.47455728218927,234,gbm_corr_top1_2hop_rand18,f2,1
2021-03-01,187.7969043420553,234,gbm_corr_top1_2hop_rand18,f2,1
2021-04-01,199.96417310087782,234,gbm_corr_top1_2hop_rand18,f2,1
2021-05-01,213.60134077385433,234,gbm_corr_top1_2hop_rand18,f2,1
2021-06-01,131.37852498765392,234,gbm_corr_top1_2hop_rand18,f2,1
2021-07-01,219.19037308837096,234,gbm_corr_top1_2hop_rand18,f2,1
2021-08-01,163.96898179147874,234,gbm_corr_top1_2hop_rand18,f2,1
2021-09-01,250.47392032479007,234,gbm_corr_top1_2hop_rand18,f2,1
2021-10-01,240.35273605114475,234,gbm_corr_top1_2hop_rand18,f2,1
2021-11-01,193.48471452195028,234,gbm_corr_top1_2hop_rand18,f2,1
2021-12-01,273.32160296500024,234,gbm_corr_top1_2hop_rand18,f2,1
2022-01-01,251.93178551816578,234,gbm_corr_top1_2hop_rand18,f2,1
2022-02-01,239.79409606441146,234,gbm_corr_top1_2hop_rand18,f2,1
2022-03-01,356.040742752289,234,gbm_corr_top1_2hop_rand18,f2,1
2022-04-01,281.9166897068711,234,gbm_corr_top1_2hop_rand18,f2,1
2020-12-01,186.83746971340582,234,gbm_corr_top1_rand19,f2,1
2021-01-01,178.46544084269414,234,gbm_corr_top1_rand19,f2,1
2021-02-01,257.66389061444397,234,gbm_corr_top1_rand19,f2,1
2021-03-01,185.79459591013168,234,gbm_corr_top1_rand19,f2,1
2021-04-01,199.0945893374165,234,gbm_corr_top1_rand19,f2,1
2021-05-01,211.65032437831695,234,gbm_corr_top1_rand19,f2,1
2021-06-01,135.60342814560053,234,gbm_corr_top1_rand19,f2,1
2021-07-01,219.2573953139708,234,gbm_corr_top1_rand19,f2,1
2021-08-01,165.35544917480627,234,gbm_corr_top1_rand19,f2,1
2021-09-01,251.47132897637957,234,gbm_corr_top1_rand19,f2,1
2021-10-01,241.13895987810702,234,gbm_corr_top1_rand19,f2,1
2021-11-01,196.40537537058935,234,gbm_corr_top1_rand19,f2,1
2021-12-01,275.6132089971866,234,gbm_corr_top1_rand19,f2,1
2022-01-01,253.59471348248653,234,gbm_corr_top1_rand19,f2,1
2022-02-01,234.73349276472234,234,gbm_corr_top1_rand19,f2,1
2022-03-01,359.63831642243144,234,gbm_corr_top1_rand19,f2,1
2022-04-01,282.71714922964134,234,gbm_corr_top1_rand19,f2,1
2020-12-01,187.44672562337956,234,mlp_corr_top1_rand19,f2,1
2021-01-01,178.6428554232114,234,mlp_corr_top1_rand19,f2,1
2021-02-01,256.54399213198445,234,mlp_corr_top1_rand19,f2,1
2021-03-01,188.74496810744273,234,mlp_corr_top1_rand19,f2,1
2021-04-01,200.55842000344856,234,mlp_corr_top1_rand19,f2,1
2021-05-01,213.5397799147613,234,mlp_corr_top1_rand19,f2,1
2021-06-01,134.84123845675774,234,mlp_corr_top1_rand19,f2,1
2021-07-01,217.800868774363,234,mlp_corr_top1_rand19,f2,1
2021-08-01,165.7031988170938,234,mlp_corr_top1_rand19,f2,1
2021-09-01,249.17893808655364,234,mlp_corr_top1_rand19,f2,1
2021-10-01,242.70605363235225,234,mlp_corr_top1_rand19,f2,1
2021-11-01,194.78473746420448,234,mlp_corr_top1_rand19,f2,1
2021-12-01,275.5779266393159,234,mlp_corr_top1_rand19,f2,1
2022-01-01,255.7595085551893,234,mlp_corr_top1_rand19,f2,1
2022-02-01,239.29028025725904,234,mlp_corr_top1_rand19,f2,1
2022-03-01,358.3886316072639,234,mlp_corr_top1_rand19,f2,1
2022-04-01,285.9983958679853,234,mlp_corr_top1_rand19,f2,1
2020-12-01,185.74204265077552,234,gbm_corr_top1_2hop_rand19,f2,1
2021-01-01,176.21061562838895,234,gbm_corr_top1_2hop_rand19,f2,1
2021-02-01,256.6145132478745,234,gbm_corr_top1_2hop_rand19,f2,1
2021-03-01,186.14474676347717,234,gbm_corr_top1_2hop_rand19,f2,1
2021-04-01,200.99138636641143,234,gbm_corr_top1_2hop_rand19,f2,1
2021-05-01,210.43754680136155,234,gbm_corr_top1_2hop_rand19,f2,1
2021-06-01,135.11741138071523,234,gbm_corr_top1_2hop_rand19,f2,1
2021-07-01,220.865731676924,234,gbm_corr_top1_2hop_rand19,f2,1
2021-08-01,163.94160605146618,234,gbm_corr_top1_2hop_rand19,f2,1
2021-09-01,249.97085661964184,234,gbm_corr_top1_2hop_rand19,f2,1
2021-10-01,239.52903487171892,234,gbm_corr_top1_2hop_rand19,f2,1
2021-11-01,197.73473908710605,234,gbm_corr_top1_2hop_rand19,f2,1
2021-12-01,269.3734653262977,234,gbm_corr_top1_2hop_rand19,f2,1
2022-01-01,253.57202938846032,234,gbm_corr_top1_2hop_rand19,f2,1
2022-02-01,234.7865917442774,234,gbm_corr_top1_2hop_rand19,f2,1
2022-03-01,358.85370640152667,234,gbm_corr_top1_2hop_rand19,f2,1
2022-04-01,281.4667494570412,234,gbm_corr_top1_2hop_rand19,f2,1
2021-01-01,253.67614461767246,234,gbm_corr_top1_rand0,f2,2
2021-02-01,360.95131018334956,234,gbm_corr_top1_rand0,f2,2
2021-03-01,254.45749551998264,234,gbm_corr_top1_rand0,f2,2
2021-04-01,278.40199226347346,234,gbm_corr_top1_rand0,f2,2
2021-05-01,280.4140129573465,234,gbm_corr_top1_rand0,f2,2
2021-06-01,173.11457135397836,234,gbm_corr_top1_rand0,f2,2
2021-07-01,284.68008012427674,234,gbm_corr_top1_rand0,f2,2
2021-08-01,245.74384151190796,234,gbm_corr_top1_rand0,f2,2
2021-09-01,328.7171546215235,234,gbm_corr_top1_rand0,f2,2
2021-10-01,252.920705698912,234,gbm_corr_top1_rand0,f2,2
2021-11-01,320.4466894190398,234,gbm_corr_top1_rand0,f2,2
2021-12-01,378.0213412690969,234,gbm_corr_top1_rand0,f2,2
2022-01-01,356.88571478131155,234,gbm_corr_top1_rand0,f2,2
2022-02-01,290.7809304592136,234,gbm_corr_top1_rand0,f2,2
2022-03-01,504.84194033273116,234,gbm_corr_top1_rand0,f2,2
2022-04-01,359.979304603344,234,gbm_corr_top1_rand0,f2,2
2022-05-01,343.41513117444777,234,gbm_corr_top1_rand0,f2,2
2021-01-01,251.10580252098222,234,mlp_corr_top1_rand0,f2,2
2021-02-01,352.12394533909554,234,mlp_corr_top1_rand0,f2,2
2021-03-01,251.16622029673078,234,mlp_corr_top1_rand0,f2,2
2021-04-01,276.43793231802204,234,mlp_corr_top1_rand0,f2,2
2021-05-01,276.2828105686578,234,mlp_corr_top1_rand0,f2,2
2021-06-01,168.6742341408419,234,mlp_corr_top1_rand0,f2,2
2021-07-01,284.4602332359563,234,mlp_corr_top1_rand0,f2,2
2021-08-01,242.94476576147483,234,mlp_corr_top1_rand0,f2,2
2021-09-01,326.092776988936,234,mlp_corr_top1_rand0,f2,2
2021-10-01,244.91877235454703,234,mlp_corr_top1_rand0,f2,2
2021-11-01,319.81042151938607,234,mlp_corr_top1_rand0,f2,2
2021-12-01,376.41509135423956,234,mlp_corr_top1_rand0,f2,2
2022-01-01,345.5679014094599,234,mlp_corr_top1_rand0,f2,2
2022-02-01,291.21871905179916,234,mlp_corr_top1_rand0,f2,2
2022-03-01,497.3001230029474,234,mlp_corr_top1_rand0,f2,2
2022-04-01,359.80593468993123,234,mlp_corr_top1_rand0,f2,2
2022-05-01,343.9843465682853,234,mlp_corr_top1_rand0,f2,2
2021-01-01,251.5065487373371,234,gbm_corr_top1_2hop_rand0,f2,2
2021-02-01,356.99869279077245,234,gbm_corr_top1_2hop_rand0,f2,2
2021-03-01,250.7111497025492,234,gbm_corr_top1_2hop_rand0,f2,2
2021-04-01,277.1621143935913,234,gbm_corr_top1_2hop_rand0,f2,2
2021-05-01,282.45145181364524,234,gbm_corr_top1_2hop_rand0,f2,2
2021-06-01,172.83694361978323,234,gbm_corr_top1_2hop_rand0,f2,2
2021-07-01,286.6563387088089,234,gbm_corr_top1_2hop_rand0,f2,2
2021-08-01,246.53497139993095,234,gbm_corr_top1_2hop_rand0,f2,2
2021-09-01,333.85761127094986,234,gbm_corr_top1_2hop_rand0,f2,2
2021-10-01,251.71432649818658,234,gbm_corr_top1_2hop_rand0,f2,2
2021-11-01,324.8368169598099,234,gbm_corr_top1_2hop_rand0,f2,2
2021-12-01,370.40464106750585,234,gbm_corr_top1_2hop_rand0,f2,2
2022-01-01,349.9733911119806,234,gbm_corr_top1_2hop_rand0,f2,2
2022-02-01,300.87994457795963,234,gbm_corr_top1_2hop_rand0,f2,2
2022-03-01,503.3682602233768,234,gbm_corr_top1_2hop_rand0,f2,2
2022-04-01,359.763814780284,234,gbm_corr_top1_2hop_rand0,f2,2
2022-05-01,341.43787073136264,234,gbm_corr_top1_2hop_rand0,f2,2
2021-01-01,254.2398981375841,234,gbm_corr_top1_rand1,f2,2
2021-02-01,354.74154619673743,234,gbm_corr_top1_rand1,f2,2
2021-03-01,253.6782448018888,234,gbm_corr_top1_rand1,f2,2
2021-04-01,277.50103378554417,234,gbm_corr_top1_rand1,f2,2
2021-05-01,281.90554377040047,234,gbm_corr_top1_rand1,f2,2
2021-06-01,170.70961705139467,234,gbm_corr_top1_rand1,f2,2
2021-07-01,282.6686364709812,234,gbm_corr_top1_rand1,f2,2
2021-08-01,246.61286788242916,234,gbm_corr_top1_rand1,f2,2
2021-09-01,334.58050034717496,234,gbm_corr_top1_rand1,f2,2
2021-10-01,250.54332141088085,234,gbm_corr_top1_rand1,f2,2
2021-11-01,315.35806728447636,234,gbm_corr_top1_rand1,f2,2
2021-12-01,372.3243769329226,234,gbm_corr_top1_rand1,f2,2
2022-01-01,345.49671392373926,234,gbm_corr_top1_rand1,f2,2
2022-02-01,291.632781804294,234,gbm_corr_top1_rand1,f2,2
2022-03-01,497.7104094265695,234,gbm_corr_top1_rand1,f2,2
2022-04-01,357.2056353295052,234,gbm_corr_top1_rand1,f2,2
2022-05-01,340.52551846507623,234,gbm_corr_top1_rand1,f2,2
2021-01-01,255.77750357879864,234,mlp_corr_top1_rand1,f2,2
2021-02-01,357.1685378362239,234,mlp_corr_top1_rand1,f2,2
2021-03-01,257.12756859340703,234,mlp_corr_top1_rand1,f2,2
2021-04-01,276.7184026168755,234,mlp_corr_top1_rand1,f2,2
2021-05-01,283.3429598970985,234,mlp_corr_top1_rand1,f2,2
2021-06-01,174.45498408347865,234,mlp_corr_top1_rand1,f2,2
2021-07-01,286.31646070980025,234,mlp_corr_top1_rand1,f2,2
2021-08-01,249.80987322086185,234,mlp_corr_top1_rand1,f2,2
2021-09-01,337.5684894931233,234,mlp_corr_top1_rand1,f2,2
2021-10-01,249.58357752769686,234,mlp_corr_top1_rand1,f2,2
2021-11-01,317.7401195847287,234,mlp_corr_top1_rand1,f2,2
2021-12-01,380.9954676991672,234,mlp_corr_top1_rand1,f2,2
2022-01-01,351.20169460748707,234,mlp_corr_top1_rand1,f2,2
2022-02-01,302.5778360374582,234,mlp_corr_top1_rand1,f2,2
2022-03-01,506.118902934272,234,mlp_corr_top1_rand1,f2,2
2022-04-01,362.2354285117226,234,mlp_corr_top1_rand1,f2,2
2022-05-01,346.49636618385966,234,mlp_corr_top1_rand1,f2,2
2021-01-01,254.99099093185768,234,gbm_corr_top1_2hop_rand1,f2,2
2021-02-01,358.1994738060617,234,gbm_corr_top1_2hop_rand1,f2,2
2021-03-01,253.2041051157758,234,gbm_corr_top1_2hop_rand1,f2,2
2021-04-01,275.01721036207385,234,gbm_corr_top1_2hop_rand1,f2,2
2021-05-01,281.4067646559407,234,gbm_corr_top1_2hop_rand1,f2,2
2021-06-01,168.58051453196288,234,gbm_corr_top1_2hop_rand1,f2,2
2021-07-01,282.3170174467607,234,gbm_corr_top1_2hop_rand1,f2,2
2021-08-01,244.18107203783404,234,gbm_corr_top1_2hop_rand1,f2,2
2021-09-01,330.3869413775377,234,gbm_corr_top1_2hop_rand1,f2,2
2021-10-01,246.16857163800873,234,gbm_corr_top1_2hop_rand1,f2,2
2021-11-01,318.1326719085558,234,gbm_corr_top1_2hop_rand1,f2,2
2021-12-01,373.93348340099953,234,gbm_corr_top1_2hop_rand1,f2,2
2022-01-01,347.4514586119727,234,gbm_corr_top1_2hop_rand1,f2,2
2022-02-01,288.1801620253818,234,gbm_corr_top1_2hop_rand1,f2,2
2022-03-01,498.0332776991953,234,gbm_corr_top1_2hop_rand1,f2,2
2022-04-01,356.2616275769144,234,gbm_corr_top1_2hop_rand1,f2,2
2022-05-01,340.78931642631323,234,gbm_corr_top1_2hop_rand1,f2,2
2021-01-01,248.39745873263624,234,gbm_corr_top1_rand2,f2,2
2021-02-01,352.0603952784211,234,gbm_corr_top1_rand2,f2,2
2021-03-01,252.84588375095126,234,gbm_corr_top1_rand2,f2,2
2021-04-01,272.3990524385791,234,gbm_corr_top1_rand2,f2,2
2021-05-01,279.81680478216316,234,gbm_corr_top1_rand2,f2,2
2021-06-01,171.70352994119997,234,gbm_corr_top1_rand2,f2,2
2021-07-01,282.98308299260276,234,gbm_corr_top1_rand2,f2,2
2021-08-01,245.4284570357079,234,gbm_corr_top1_rand2,f2,2
2021-09-01,326.6384401315416,234,gbm_corr_top1_rand2,f2,2
2021-10-01,249.98636123155646,234,gbm_corr_top1_rand2,f2,2
2021-11-01,317.3550100215315,234,gbm_corr_top1_rand2,f2,2
2021-12-01,382.8634743255979,234,gbm_corr_top1_rand2,f2,2
2022-01-01,351.32255053660384,234,gbm_corr_top1_rand2,f2,2
2022-02-01,295.55085906600834,234,gbm_corr_top1_rand2,f2,2
2022-03-01,503.5760476672135,234,gbm_corr_top1_rand2,f2,2
2022-04-01,356.22845686642745,234,gbm_corr_top1_rand2,f2,2
2022-05-01,347.5228259567411,234,gbm_corr_top1_rand2,f2,2
2021-01-01,253.2416603948742,234,mlp_corr_top1_rand2,f2,2
2021-02-01,356.6112863244819,234,mlp_corr_top1_rand2,f2,2
2021-03-01,251.378934305879,234,mlp_corr_top1_rand2,f2,2
2021-04-01,269.86196167963794,234,mlp_corr_top1_rand2,f2,2
2021-05-01,274.7426317556823,234,mlp_corr_top1_rand2,f2,2
2021-06-01,167.313841672655,234,mlp_corr_top1_rand2,f2,2
2021-07-01,282.038830098596,234,mlp_corr_top1_rand2,f2,2
2021-08-01,241.28379210291442,234,mlp_corr_top1_rand2,f2,2
2021-09-01,328.62671535431855,234,mlp_corr_top1_rand2,f2,2
2021-10-01,243.93236488599183,234,mlp_corr_top1_rand2,f2,2
2021-11-01,313.7415744739719,234,mlp_corr_top1_rand2,f2,2
2021-12-01,377.91265177253507,234,mlp_corr_top1_rand2,f2,2
2022-01-01,347.7286858068537,234,mlp_corr_top1_rand2,f2,2
2022-02-01,290.91801320192604,234,mlp_corr_top1_rand2,f2,2
2022-03-01,504.014946688244,234,mlp_corr_top1_rand2,f2,2
2022-04-01,357.82402725056437,234,mlp_corr_top1_rand2,f2,2
2022-05-01,341.61274218408124,234,mlp_corr_top1_rand2,f2,2
2021-01-01,247.84553594479414,234,gbm_corr_top1_2hop_rand2,f2,2
2021-02-01,351.7415060695166,234,gbm_corr_top1_2hop_rand2,f2,2
2021-03-01,249.03796798463807,234,gbm_corr_top1_2hop_rand2,f2,2
2021-04-01,275.1671604954801,234,gbm_corr_top1_2hop_rand2,f2,2
2021-05-01,275.5816555870358,234,gbm_corr_top1_2hop_rand2,f2,2
2021-06-01,171.73957430022892,234,gbm_corr_top1_2hop_rand2,f2,2
2021-07-01,283.5445245435878,234,gbm_corr_top1_2hop_rand2,f2,2
2021-08-01,241.91557216068384,234,gbm_corr_top1_2hop_rand2,f2,2
2021-09-01,328.5973577855309,234,gbm_corr_top1_2hop_rand2,f2,2
2021-10-01,248.16274424999187,234,gbm_corr_top1_2hop_rand2,f2,2
2021-11-01,313.40740851795016,234,gbm_corr_top1_2hop_rand2,f2,2
2021-12-01,381.0024631553091,234,gbm_corr_top1_2hop_rand2,f2,2
2022-01-01,346.6200262419997,234,gbm_corr_top1_2hop_rand2,f2,2
2022-02-01,292.74504111232767,234,gbm_corr_top1_2hop_rand2,f2,2
2022-03-01,507.66801061860536,234,gbm_corr_top1_2hop_rand2,f2,2
2022-04-01,359.47643041795766,234,gbm_corr_top1_2hop_rand2,f2,2
2022-05-01,344.1396007334054,234,gbm_corr_top1_2hop_rand2,f2,2
2021-01-01,251.38994673563397,234,gbm_corr_top1_rand3,f2,2
2021-02-01,350.2673746116726,234,gbm_corr_top1_rand3,f2,2
2021-03-01,253.3495382260654,234,gbm_corr_top1_rand3,f2,2
2021-04-01,270.93926776518805,234,gbm_corr_top1_rand3,f2,2
2021-05-01,273.5796965311654,234,gbm_corr_top1_rand3,f2,2
2021-06-01,168.53021411972722,234,gbm_corr_top1_rand3,f2,2
2021-07-01,283.63835177190856,234,gbm_corr_top1_rand3,f2,2
2021-08-01,236.8365715500855,234,gbm_corr_top1_rand3,f2,2
2021-09-01,321.78551933496504,234,gbm_corr_top1_rand3,f2,2
2021-10-01,249.80588815868197,234,gbm_corr_top1_rand3,f2,2
2021-11-01,322.880791645076,234,gbm_corr_top1_rand3,f2,2
2021-12-01,377.9098980046694,234,gbm_corr_top1_rand3,f2,2
2022-01-01,347.9241016760541,234,gbm_corr_top1_rand3,f2,2
2022-02-01,296.45844208273905,234,gbm_corr_top1_rand3,f2,2
2022-03-01,502.1265529886507,234,gbm_corr_top1_rand3,f2,2
2022-04-01,365.13711348965785,234,gbm_corr_top1_rand3,f2,2
2022-05-01,345.07405947534477,234,gbm_corr_top1_rand3,f2,2
2021-01-01,253.19127035551261,234,mlp_corr_top1_rand3,f2,2
2021-02-01,355.40296060746,234,mlp_corr_top1_rand3,f2,2
2021-03-01,253.154908529368,234,mlp_corr_top1_rand3,f2,2
2021-04-01,270.62017005166194,234,mlp_corr_top1_rand3,f2,2
2021-05-01,272.8400647853657,234,mlp_corr_top1_rand3,f2,2
2021-06-01,168.31280420388586,234,mlp_corr_top1_rand3,f2,2
2021-07-01,281.31055274022646,234,mlp_corr_top1_rand3,f2,2
2021-08-01,241.7496596438632,234,mlp_corr_top1_rand3,f2,2
2021-09-01,325.2068907745277,234,mlp_corr_top1_rand3,f2,2
2021-10-01,244.23170384597154,234,mlp_corr_top1_rand3,f2,2
2021-11-01,318.20359215081527,234,mlp_corr_top1_rand3,f2,2
2021-12-01,374.1075675888797,234,mlp_corr_top1_rand3,f2,2
2022-01-01,346.8290120267162,234,mlp_corr_top1_rand3,f2,2
2022-02-01,297.19824653617366,234,mlp_corr_top1_rand3,f2,2
2022-03-01,500.5942604023963,234,mlp_corr_top1_rand3,f2,2
2022-04-01,363.3409427336618,234,mlp_corr_top1_rand3,f2,2
2022-05-01,344.9712972283008,234,mlp_corr_top1_rand3,f2,2
2021-01-01,251.80072594047198,234,gbm_corr_top1_2hop_rand3,f2,2
2021-02-01,349.78079883847505,234,gbm_corr_top1_2hop_rand3,f2,2
2021-03-01,255.92968760782085,234,gbm_corr_top1_2hop_rand3,f2,2
2021-04-01,272.4715306528694,234,gbm_corr_top1_2hop_rand3,f2,2
2021-05-01,270.7615453590635,234,gbm_corr_top1_2hop_rand3,f2,2
2021-06-01,167.8998393721535,234,gbm_corr_top1_2hop_rand3,f2,2
2021-07-01,283.32894075929465,234,gbm_corr_top1_2hop_rand3,f2,2
2021-08-01,239.74935091098376,234,gbm_corr_top1_2hop_rand3,f2,2
2021-09-01,321.85573145759815,234,gbm_corr_top1_2hop_rand3,f2,2
2021-10-01,251.01562154421646,234,gbm_corr_top1_2hop_rand3,f2,2
2021-11-01,321.82107112422915,234,gbm_corr_top1_2hop_rand3,f2,2
2021-12-01,380.6354326429346,234,gbm_corr_top1_2hop_rand3,f2,2
2022-01-01,351.2598431304,234,gbm_corr_top1_2hop_rand3,f2,2
2022-02-01,299.1021934035694,234,gbm_corr_top1_2hop_rand3,f2,2
2022-03-01,501.4614788613858,234,gbm_corr_top1_2hop_rand3,f2,2
2022-04-01,361.7824921311526,234,gbm_corr_top1_2hop_rand3,f2,2
2022-05-01,349.4604621382195,234,gbm_corr_top1_2hop_rand3,f2,2
2021-01-01,250.87208432876733,234,gbm_corr_top1_rand4,f2,2
2021-02-01,356.59224880288554,234,gbm_corr_top1_rand4,f2,2
2021-03-01,253.8941947260197,234,gbm_corr_top1_rand4,f2,2
2021-04-01,269.686579839009,234,gbm_corr_top1_rand4,f2,2
2021-05-01,276.03802620936904,234,gbm_corr_top1_rand4,f2,2
2021-06-01,168.7779330414311,234,gbm_corr_top1_rand4,f2,2
2021-07-01,282.39608118136647,234,gbm_corr_top1_rand4,f2,2
2021-08-01,243.23504422583872,234,gbm_corr_top1_rand4,f2,2
2021-09-01,330.6460282708975,234,gbm_corr_top1_rand4,f2,2
2021-10-01,247.65882312507998,234,gbm_corr_top1_rand4,f2,2
2021-11-01,314.19213348928184,234,gbm_corr_top1_rand4,f2,2
2021-12-01,373.3535486830457,234,gbm_corr_top1_rand4,f2,2
2022-01-01,350.9925916448686,234,gbm_corr_top1_rand4,f2,2
2022-02-01,290.3087113710735,234,gbm_corr_top1_rand4,f2,2
2022-03-01,498.6874038756713,234,gbm_corr_top1_rand4,f2,2
2022-04-01,362.6130368416272,234,gbm_corr_top1_rand4,f2,2
2022-05-01,350.10812546579064,234,gbm_corr_top1_rand4,f2,2
2021-01-01,251.96891665835486,234,mlp_corr_top1_rand4,f2,2
2021-02-01,354.23567079829377,234,mlp_corr_top1_rand4,f2,2
2021-03-01,254.0216119615372,234,mlp_corr_top1_rand4,f2,2
2021-04-01,274.1213805825137,234,mlp_corr_top1_rand4,f2,2
2021-05-01,283.24269635283775,234,mlp_corr_top1_rand4,f2,2
2021-06-01,174.5847531735068,234,mlp_corr_top1_rand4,f2,2
2021-07-01,291.11756913299035,234,mlp_corr_top1_rand4,f2,2
2021-08-01,250.11942327014697,234,mlp_corr_top1_rand4,f2,2
2021-09-01,334.9317368022344,234,mlp_corr_top1_rand4,f2,2
2021-10-01,252.00916669854794,234,mlp_corr_top1_rand4,f2,2
2021-11-01,320.65141286327895,234,mlp_corr_top1_rand4,f2,2
2021-12-01,381.63642525889895,234,mlp_corr_top1_rand4,f2,2
2022-01-01,351.8474773647278,234,mlp_corr_top1_rand4,f2,2
2022-02-01,308.2484378689293,234,mlp_corr_top1_rand4,f2,2
2022-03-01,508.6567711358456,234,mlp_corr_top1_rand4,f2,2
2022-04-01,367.9725658946426,234,mlp_corr_top1_rand4,f2,2
2022-05-01,354.56359402183887,234,mlp_corr_top1_rand4,f2,2
2021-01-01,248.13114332426034,234,gbm_corr_top1_2hop_rand4,f2,2
2021-02-01,357.04613741436845,234,gbm_corr_top1_2hop_rand4,f2,2
2021-03-01,252.08073118580123,234,gbm_corr_top1_2hop_rand4,f2,2
2021-04-01,273.30407089293004,234,gbm_corr_top1_2hop_rand4,f2,2
2021-05-01,276.49060513144804,234,gbm_corr_top1_2hop_rand4,f2,2
2021-06-01,172.5015650227775,234,gbm_corr_top1_2hop_rand4,f2,2
2021-07-01,281.6520747774566,234,gbm_corr_top1_2hop_rand4,f2,2
2021-08-01,244.8224745430158,234,gbm_corr_top1_2hop_rand4,f2,2
2021-09-01,335.55684387231577,234,gbm_corr_top1_2hop_rand4,f2,2
2021-10-01,250.81590656096333,234,gbm_corr_top1_2hop_rand4,f2,2
2021-11-01,318.775413789943,234,gbm_corr_top1_2hop_rand4,f2,2
2021-12-01,379.83781209758286,234,gbm_corr_top1_2hop_rand4,f2,2
2022-01-01,355.0279226079042,234,gbm_corr_top1_2hop_rand4,f2,2
2022-02-01,296.0820419350813,234,gbm_corr_top1_2hop_rand4,f2,2
2022-03-01,502.5322640692762,234,gbm_corr_top1_2hop_rand4,f2,2
2022-04-01,365.0791025979018,234,gbm_corr_top1_2hop_rand4,f2,2
2022-05-01,347.5140181386931,234,gbm_corr_top1_2hop_rand4,f2,2
2021-01-01,251.33116700071204,234,gbm_corr_top1_rand5,f2,2
2021-02-01,351.0119784629721,234,gbm_corr_top1_rand5,f2,2
2021-03-01,251.09809303550054,234,gbm_corr_top1_rand5,f2,2
2021-04-01,272.29842011575147,234,gbm_corr_top1_rand5,f2,2
2021-05-01,275.57576734790854,234,gbm_corr_top1_rand5,f2,2
2021-06-01,170.1600053720866,234,gbm_corr_top1_rand5,f2,2
2021-07-01,281.1419192446523,234,gbm_corr_top1_rand5,f2,2
2021-08-01,243.70206262622622,234,gbm_corr_top1_rand5,f2,2
2021-09-01,329.3035447170333,234,gbm_corr_top1_rand5,f2,2
2021-10-01,249.5662490931681,234,gbm_corr_top1_rand5,f2,2
2021-11-01,319.3439045113745,234,gbm_corr_top1_rand5,f2,2
2021-12-01,375.5710538888821,234,gbm_corr_top1_rand5,f2,2
2022-01-01,350.8637147005331,234,gbm_corr_top1_rand5,f2,2
2022-02-01,296.8905061839566,234,gbm_corr_top1_rand5,f2,2
2022-03-01,498.6881179682964,234,gbm_corr_top1_rand5,f2,2
2022-04-01,357.84924175844145,234,gbm_corr_top1_rand5,f2,2
2022-05-01,344.0910118571387,234,gbm_corr_top1_rand5,f2,2
2021-01-01,250.27643490381269,234,mlp_corr_top1_rand5,f2,2
2021-02-01,351.06610389096676,234,mlp_corr_top1_rand5,f2,2
2021-03-01,253.19897318936395,234,mlp_corr_top1_rand5,f2,2
2021-04-01,276.2525720724604,234,mlp_corr_top1_rand5,f2,2
2021-05-01,279.43672433777607,234,mlp_corr_top1_rand5,f2,2
2021-06-01,170.16793171538154,234,mlp_corr_top1_rand5,f2,2
2021-07-01,284.2057369020229,234,mlp_corr_top1_rand5,f2,2
2021-08-01,244.3608990946193,234,mlp_corr_top1_rand5,f2,2
2021-09-01,332.44509556431024,234,mlp_corr_top1_rand5,f2,2
2021-10-01,252.32937055260183,234,mlp_corr_top1_rand5,f2,2
2021-11-01,319.8824605533936,234,mlp_corr_top1_rand5,f2,2
2021-12-01,380.2112558862448,234,mlp_corr_top1_rand5,f2,2
2022-01-01,348.9196796877351,234,mlp_corr_top1_rand5,f2,2
2022-02-01,302.8191087528407,234,mlp_corr_top1_rand5,f2,2
2022-03-01,509.12894546240915,234,mlp_corr_top1_rand5,f2,2
2022-04-01,366.47752408857383,234,mlp_corr_top1_rand5,f2,2
2022-05-01,353.5387297499412,234,mlp_corr_top1_rand5,f2,2
2021-01-01,249.77366932992913,234,gbm_corr_top1_2hop_rand5,f2,2
2021-02-01,350.57132182236364,234,gbm_corr_top1_2hop_rand5,f2,2
2021-03-01,249.36206495975728,234,gbm_corr_top1_2hop_rand5,f2,2
2021-04-01,270.6968316590335,234,gbm_corr_top1_2hop_rand5,f2,2
2021-05-01,275.04267415759676,234,gbm_corr_top1_2hop_rand5,f2,2
2021-06-01,170.33723359197558,234,gbm_corr_top1_2hop_rand5,f2,2
2021-07-01,280.0332286530059,234,gbm_corr_top1_2hop_rand5,f2,2
2021-08-01,242.99630672570223,234,gbm_corr_top1_2hop_rand5,f2,2
2021-09-01,332.65255225820056,234,gbm_corr_top1_2hop_rand5,f2,2
2021-10-01,251.59285843803482,234,gbm_corr_top1_2hop_rand5,f2,2
2021-11-01,319.4402809742785,234,gbm_corr_top1_2hop_rand5,f2,2
2021-12-01,374.8648622997719,234,gbm_corr_top1_2hop_rand5,f2,2
2022-01-01,354.7910708765803,234,gbm_corr_top1_2hop_rand5,f2,2
2022-02-01,296.43247293262937,234,gbm_corr_top1_2hop_rand5,f2,2
2022-03-01,498.3943537467182,234,gbm_corr_top1_2hop_rand5,f2,2
2022-04-01,356.52865930129434,234,gbm_corr_top1_2hop_rand5,f2,2
2022-05-01,345.85342332812246,234,gbm_corr_top1_2hop_rand5,f2,2
2021-01-01,250.99907211473433,234,gbm_corr_top1_rand6,f2,2
2021-02-01,351.0842223156755,234,gbm_corr_top1_rand6,f2,2
2021-03-01,254.28088284732294,234,gbm_corr_top1_rand6,f2,2
2021-04-01,279.3355939674269,234,gbm_corr_top1_rand6,f2,2
2021-05-01,279.73180003992525,234,gbm_corr_top1_rand6,f2,2
2021-06-01,175.03939205083825,234,gbm_corr_top1_rand6,f2,2
2021-07-01,287.36638521760716,234,gbm_corr_top1_rand6,f2,2
2021-08-01,245.68097558114525,234,gbm_corr_top1_rand6,f2,2
2021-09-01,327.24324624416005,234,gbm_corr_top1_rand6,f2,2
2021-10-01,250.24938809097924,234,gbm_corr_top1_rand6,f2,2
2021-11-01,317.17449217371677,234,gbm_corr_top1_rand6,f2,2
2021-12-01,379.18893318942474,234,gbm_corr_top1_rand6,f2,2
2022-01-01,354.5076851292351,234,gbm_corr_top1_rand6,f2,2
2022-02-01,295.2502277827616,234,gbm_corr_top1_rand6,f2,2
2022-03-01,503.8391103540705,234,gbm_corr_top1_rand6,f2,2
2022-04-01,367.1116986604011,234,gbm_corr_top1_rand6,f2,2
2022-05-01,345.34865055064284,234,gbm_corr_top1_rand6,f2,2
2021-01-01,254.4821852870454,234,mlp_corr_top1_rand6,f2,2
2021-02-01,354.3025996587323,234,mlp_corr_top1_rand6,f2,2
2021-03-01,256.2282524322352,234,mlp_corr_top1_rand6,f2,2
2021-04-01,277.17074659521774,234,mlp_corr_top1_rand6,f2,2
2021-05-01,285.19854836493255,234,mlp_corr_top1_rand6,f2,2
2021-06-01,173.98119397285825,234,mlp_corr_top1_rand6,f2,2
2021-07-01,285.7490649860819,234,mlp_corr_top1_rand6,f2,2
2021-08-01,248.28029008996566,234,mlp_corr_top1_rand6,f2,2
2021-09-01,338.1988623436529,234,mlp_corr_top1_rand6,f2,2
2021-10-01,254.30522562135792,234,mlp_corr_top1_rand6,f2,2
2021-11-01,321.28897130403624,234,mlp_corr_top1_rand6,f2,2
2021-12-01,381.07645404355003,234,mlp_corr_top1_rand6,f2,2
2022-01-01,354.8836183030994,234,mlp_corr_top1_rand6,f2,2
2022-02-01,307.43658140915926,234,mlp_corr_top1_rand6,f2,2
2022-03-01,505.96252482014324,234,mlp_corr_top1_rand6,f2,2
2022-04-01,372.7969669267107,234,mlp_corr_top1_rand6,f2,2
2022-05-01,350.12920316824,234,mlp_corr_top1_rand6,f2,2
2021-01-01,255.68524636077305,234,gbm_corr_top1_2hop_rand6,f2,2
2021-02-01,356.1917793369305,234,gbm_corr_top1_2hop_rand6,f2,2
2021-03-01,250.3373939285093,234,gbm_corr_top1_2hop_rand6,f2,2
2021-04-01,274.1661181299609,234,gbm_corr_top1_2hop_rand6,f2,2
2021-05-01,277.2452533573214,234,gbm_corr_top1_2hop_rand6,f2,2
2021-06-01,172.22796487788438,234,gbm_corr_top1_2hop_rand6,f2,2
2021-07-01,286.8316454983079,234,gbm_corr_top1_2hop_rand6,f2,2
2021-08-01,245.4676900988955,234,gbm_corr_top1_2hop_rand6,f2,2
2021-09-01,327.73874671896635,234,gbm_corr_top1_2hop_rand6,f2,2
2021-10-01,249.9514782688481,234,gbm_corr_top1_2hop_rand6,f2,2
2021-11-01,318.96689342498286,234,gbm_corr_top1_2hop_rand6,f2,2
2021-12-01,377.4028133355214,234,gbm_corr_top1_2hop_rand6,f2,2
2022-01-01,349.5122544260136,234,gbm_corr_top1_2hop_rand6,f2,2
2022-02-01,293.6443480893892,234,gbm_corr_top1_2hop_rand6,f2,2
2022-03-01,500.25222900837514,234,gbm_corr_top1_2hop_rand6,f2,2
2022-04-01,366.0149730393262,234,gbm_corr_top1_2hop_rand6,f2,2
2022-05-01,343.5252912075438,234,gbm_corr_top1_2hop_rand6,f2,2
2021-01-01,251.08291037430337,234,gbm_corr_top1_rand7,f2,2
2021-02-01,350.1796817331193,234,gbm_corr_top1_rand7,f2,2
2021-03-01,254.3036305473665,234,gbm_corr_top1_rand7,f2,2
2021-04-01,270.31317559351584,234,gbm_corr_top1_rand7,f2,2
2021-05-01,278.9458446612122,234,gbm_corr_top1_rand7,f2,2
2021-06-01,172.0876953390229,234,gbm_corr_top1_rand7,f2,2
2021-07-01,283.5148643988077,234,gbm_corr_top1_rand7,f2,2
2021-08-01,238.35035324196303,234,gbm_corr_top1_rand7,f2,2
2021-09-01,330.8574253600472,234,gbm_corr_top1_rand7,f2,2
2021-10-01,254.04444017098047,234,gbm_corr_top1_rand7,f2,2
2021-11-01,322.37098456416106,234,gbm_corr_top1_rand7,f2,2
2021-12-01,378.1922984101458,234,gbm_corr_top1_rand7,f2,2
2022-01-01,348.31221655592105,234,gbm_corr_top1_rand7,f2,2
2022-02-01,293.0062534960989,234,gbm_corr_top1_rand7,f2,2
2022-03-01,495.61518549355344,234,gbm_corr_top1_rand7,f2,2
2022-04-01,360.4317841159646,234,gbm_corr_top1_rand7,f2,2
2022-05-01,336.3934611815485,234,gbm_corr_top1_rand7,f2,2
2021-01-01,253.43047080006357,234,mlp_corr_top1_rand7,f2,2
2021-02-01,352.50221967348847,234,mlp_corr_top1_rand7,f2,2
2021-03-01,255.62933662851438,234,mlp_corr_top1_rand7,f2,2
2021-04-01,275.3539546915513,234,mlp_corr_top1_rand7,f2,2
2021-05-01,284.2171489497617,234,mlp_corr_top1_rand7,f2,2
2021-06-01,174.64286068917946,234,mlp_corr_top1_rand7,f2,2
2021-07-01,285.12200261198086,234,mlp_corr_top1_rand7,f2,2
2021-08-01,247.1488759053626,234,mlp_corr_top1_rand7,f2,2
2021-09-01,332.82001086019363,234,mlp_corr_top1_rand7,f2,2
2021-10-01,254.62724240407158,234,mlp_corr_top1_rand7,f2,2
2021-11-01,319.05703648350226,234,mlp_corr_top1_rand7,f2,2
2021-12-01,383.4212949788201,234,mlp_corr_top1_rand7,f2,2
2022-01-01,352.44943758572174,234,mlp_corr_top1_rand7,f2,2
2022-02-01,303.66537924219216,234,mlp_corr_top1_rand7,f2,2
2022-03-01,507.57669435179076,234,mlp_corr_top1_rand7,f2,2
2022-04-01,369.937240152959,234,mlp_corr_top1_rand7,f2,2
2022-05-01,349.4897335514061,234,mlp_corr_top1_rand7,f2,2
2021-01-01,253.31712412526886,234,gbm_corr_top1_2hop_rand7,f2,2
2021-02-01,353.9300683080474,234,gbm_corr_top1_2hop_rand7,f2,2
2021-03-01,255.4853175221412,234,gbm_corr_top1_2hop_rand7,f2,2
2021-04-01,273.1834750472599,234,gbm_corr_top1_2hop_rand7,f2,2
2021-05-01,278.57433132747195,234,gbm_corr_top1_2hop_rand7,f2,2
2021-06-01,171.46717696314823,234,gbm_corr_top1_2hop_rand7,f2,2
2021-07-01,287.59762308015996,234,gbm_corr_top1_2hop_rand7,f2,2
2021-08-01,237.90428095336566,234,gbm_corr_top1_2hop_rand7,f2,2
2021-09-01,335.00844124306514,234,gbm_corr_top1_2hop_rand7,f2,2
2021-10-01,249.80172555267575,234,gbm_corr_top1_2hop_rand7,f2,2
2021-11-01,317.41772991407294,234,gbm_corr_top1_2hop_rand7,f2,2
2021-12-01,375.0318810153292,234,gbm_corr_top1_2hop_rand7,f2,2
2022-01-01,345.1576719736455,234,gbm_corr_top1_2hop_rand7,f2,2
2022-02-01,291.24861825098355,234,gbm_corr_top1_2hop_rand7,f2,2
2022-03-01,492.8065893096738,234,gbm_corr_top1_2hop_rand7,f2,2
2022-04-01,360.29222860274336,234,gbm_corr_top1_2hop_rand7,f2,2
2022-05-01,339.98463515273727,234,gbm_corr_top1_2hop_rand7,f2,2
2021-01-01,250.0025809408386,234,gbm_corr_top1_rand8,f2,2
2021-02-01,349.5704114591594,234,gbm_corr_top1_rand8,f2,2
2021-03-01,254.15819007789693,234,gbm_corr_top1_rand8,f2,2
2021-04-01,272.01278695944586,234,gbm_corr_top1_rand8,f2,2
2021-05-01,273.066209831316,234,gbm_corr_top1_rand8,f2,2
2021-06-01,171.50571834762914,234,gbm_corr_top1_rand8,f2,2
2021-07-01,283.0915354139101,234,gbm_corr_top1_rand8,f2,2
2021-08-01,245.87612077116574,234,gbm_corr_top1_rand8,f2,2
2021-09-01,321.8173394451939,234,gbm_corr_top1_rand8,f2,2
2021-10-01,250.1352171661056,234,gbm_corr_top1_rand8,f2,2
2021-11-01,318.02357799223813,234,gbm_corr_top1_rand8,f2,2
2021-12-01,383.7570542587368,234,gbm_corr_top1_rand8,f2,2
2022-01-01,352.2502886571808,234,gbm_corr_top1_rand8,f2,2
2022-02-01,284.7119775941823,234,gbm_corr_top1_rand8,f2,2
2022-03-01,503.14558957529704,234,gbm_corr_top1_rand8,f2,2
2022-04-01,363.0123946825686,234,gbm_corr_top1_rand8,f2,2
2022-05-01,339.58561001084183,234,gbm_corr_top1_rand8,f2,2
2021-01-01,252.66752963653127,234,mlp_corr_top1_rand8,f2,2
2021-02-01,353.89826476064985,234,mlp_corr_top1_rand8,f2,2
2021-03-01,252.46069956519406,234,mlp_corr_top1_rand8,f2,2
2021-04-01,273.12859249565065,234,mlp_corr_top1_rand8,f2,2
2021-05-01,279.89428479960884,234,mlp_corr_top1_rand8,f2,2
2021-06-01,174.93340039555022,234,mlp_corr_top1_rand8,f2,2
2021-07-01,284.34503019168056,234,mlp_corr_top1_rand8,f2,2
2021-08-01,247.35991475261278,234,mlp_corr_top1_rand8,f2,2
2021-09-01,333.14351527266734,234,mlp_corr_top1_rand8,f2,2
2021-10-01,246.0747312379642,234,mlp_corr_top1_rand8,f2,2
2021-11-01,317.9992239517912,234,mlp_corr_top1_rand8,f2,2
2021-12-01,379.616771496461,234,mlp_corr_top1_rand8,f2,2
2022-01-01,351.17265662081724,234,mlp_corr_top1_rand8,f2,2
2022-02-01,301.48272308710887,234,mlp_corr_top1_rand8,f2,2
2022-03-01,506.5102609467529,234,mlp_corr_top1_rand8,f2,2
2022-04-01,366.68878861920774,234,mlp_corr_top1_rand8,f2,2
2022-05-01,349.75594308734463,234,mlp_corr_top1_rand8,f2,2
2021-01-01,248.82683251236503,234,gbm_corr_top1_2hop_rand8,f2,2
2021-02-01,350.6459048682404,234,gbm_corr_top1_2hop_rand8,f2,2
2021-03-01,252.2352908071639,234,gbm_corr_top1_2hop_rand8,f2,2
2021-04-01,270.0245108681497,234,gbm_corr_top1_2hop_rand8,f2,2
2021-05-01,271.8796936182754,234,gbm_corr_top1_2hop_rand8,f2,2
2021-06-01,171.46564944609383,234,gbm_corr_top1_2hop_rand8,f2,2
2021-07-01,281.4218337179799,234,gbm_corr_top1_2hop_rand8,f2,2
2021-08-01,244.6834039020553,234,gbm_corr_top1_2hop_rand8,f2,2
2021-09-01,325.1148939964476,234,gbm_corr_top1_2hop_rand8,f2,2
2021-10-01,250.9579880038813,234,gbm_corr_top1_2hop_rand8,f2,2
2021-11-01,317.70511395504803,234,gbm_corr_top1_2hop_rand8,f2,2
2021-12-01,380.1069439979772,234,gbm_corr_top1_2hop_rand8,f2,2
2022-01-01,350.38992505556814,234,gbm_corr_top1_2hop_rand8,f2,2
2022-02-01,287.7649535880161,234,gbm_corr_top1_2hop_rand8,f2,2
2022-03-01,498.0465491579101,234,gbm_corr_top1_2hop_rand8,f2,2
2022-04-01,360.69021683296637,234,gbm_corr_top1_2hop_rand8,f2,2
2022-05-01,335.3658164205371,234,gbm_corr_top1_2hop_rand8,f2,2
2021-01-01,250.24001511779989,234,gbm_corr_top1_rand9,f2,2
2021-02-01,353.2692713363522,234,gbm_corr_top1_rand9,f2,2
2021-03-01,253.16004848094735,234,gbm_corr_top1_rand9,f2,2
2021-04-01,274.045339721259,234,gbm_corr_top1_rand9,f2,2
2021-05-01,272.67232684829906,234,gbm_corr_top1_rand9,f2,2
2021-06-01,170.80734446022726,234,gbm_corr_top1_rand9,f2,2
2021-07-01,284.48179471412817,234,gbm_corr_top1_rand9,f2,2
2021-08-01,240.4987712967334,234,gbm_corr_top1_rand9,f2,2
2021-09-01,325.19665966330234,234,gbm_corr_top1_rand9,f2,2
2021-10-01,251.84557626590524,234,gbm_corr_top1_rand9,f2,2
2021-11-01,326.67068346327403,234,gbm_corr_top1_rand9,f2,2
2021-12-01,378.32259505027434,234,gbm_corr_top1_rand9,f2,2
2022-01-01,347.1090675095446,234,gbm_corr_top1_rand9,f2,2
2022-02-01,298.60538709992227,234,gbm_corr_top1_rand9,f2,2
2022-03-01,499.9886960342181,234,gbm_corr_top1_rand9,f2,2
2022-04-01,358.7043826828145,234,gbm_corr_top1_rand9,f2,2
2022-05-01,344.573998772325,234,gbm_corr_top1_rand9,f2,2
2021-01-01,251.7241422862515,234,mlp_corr_top1_rand9,f2,2
2021-02-01,354.43699234615167,234,mlp_corr_top1_rand9,f2,2
2021-03-01,253.42929510617046,234,mlp_corr_top1_rand9,f2,2
2021-04-01,277.69148148935216,234,mlp_corr_top1_rand9,f2,2
2021-05-01,284.1802039539601,234,mlp_corr_top1_rand9,f2,2
2021-06-01,174.01374705403882,234,mlp_corr_top1_rand9,f2,2
2021-07-01,285.8516931132436,234,mlp_corr_top1_rand9,f2,2
2021-08-01,247.56263819564356,234,mlp_corr_top1_rand9,f2,2
2021-09-01,330.83689490554644,234,mlp_corr_top1_rand9,f2,2
2021-10-01,252.17658784675797,234,mlp_corr_top1_rand9,f2,2
2021-11-01,319.7164922570149,234,mlp_corr_top1_rand9,f2,2
2021-12-01,383.0917217086651,234,mlp_corr_top1_rand9,f2,2
2022-01-01,351.72636480307136,234,mlp_corr_top1_rand9,f2,2
2022-02-01,303.8902045340405,234,mlp_corr_top1_rand9,f2,2
2022-03-01,506.0273058612677,234,mlp_corr_top1_rand9,f2,2
2022-04-01,366.63120149998434,234,mlp_corr_top1_rand9,f2,2
2022-05-01,352.18972676400136,234,mlp_corr_top1_rand9,f2,2
2021-01-01,252.9102791629321,234,gbm_corr_top1_2hop_rand9,f2,2
2021-02-01,352.76640820012085,234,gbm_corr_top1_2hop_rand9,f2,2
2021-03-01,252.02695550341355,234,gbm_corr_top1_2hop_rand9,f2,2
2021-04-01,278.1043950520063,234,gbm_corr_top1_2hop_rand9,f2,2
2021-05-01,273.9228643232818,234,gbm_corr_top1_2hop_rand9,f2,2
2021-06-01,171.5165179541363,234,gbm_corr_top1_2hop_rand9,f2,2
2021-07-01,285.9315030270673,234,gbm_corr_top1_2hop_rand9,f2,2
2021-08-01,240.21429374910537,234,gbm_corr_top1_2hop_rand9,f2,2
2021-09-01,326.6984542027066,234,gbm_corr_top1_2hop_rand9,f2,2
2021-10-01,252.0897081126522,234,gbm_corr_top1_2hop_rand9,f2,2
2021-11-01,321.1975175522486,234,gbm_corr_top1_2hop_rand9,f2,2
2021-12-01,380.67261022221027,234,gbm_corr_top1_2hop_rand9,f2,2
2022-01-01,345.98377027337426,234,gbm_corr_top1_2hop_rand9,f2,2
2022-02-01,301.95547849187346,234,gbm_corr_top1_2hop_rand9,f2,2
2022-03-01,503.88580997088394,234,gbm_corr_top1_2hop_rand9,f2,2
2022-04-01,361.34652750998043,234,gbm_corr_top1_2hop_rand9,f2,2
2022-05-01,343.67709113230336,234,gbm_corr_top1_2hop_rand9,f2,2
2021-01-01,250.0513147770785,234,gbm_corr_top1_rand10,f2,2
2021-02-01,353.36203797331075,234,gbm_corr_top1_rand10,f2,2
2021-03-01,253.94661169031068,234,gbm_corr_top1_rand10,f2,2
2021-04-01,276.14853589568276,234,gbm_corr_top1_rand10,f2,2
2021-05-01,278.733633536259,234,gbm_corr_top1_rand10,f2,2
2021-06-01,171.76619077474538,234,gbm_corr_top1_rand10,f2,2
2021-07-01,282.7793081333821,234,gbm_corr_top1_rand10,f2,2
2021-08-01,242.96274400177117,234,gbm_corr_top1_rand10,f2,2
2021-09-01,337.737855638712,234,gbm_corr_top1_rand10,f2,2
2021-10-01,250.47101551775748,234,gbm_corr_top1_rand10,f2,2
2021-11-01,320.8094285280046,234,gbm_corr_top1_rand10,f2,2
2021-12-01,370.4733627914266,234,gbm_corr_top1_rand10,f2,2
2022-01-01,344.4108250720067,234,gbm_corr_top1_rand10,f2,2
2022-02-01,297.0842610740012,234,gbm_corr_top1_rand10,f2,2
2022-03-01,494.76747202463827,234,gbm_corr_top1_rand10,f2,2
2022-04-01,352.21349609819026,234,gbm_corr_top1_rand10,f2,2
2022-05-01,332.9016918511185,234,gbm_corr_top1_rand10,f2,2
2021-01-01,250.53980014360232,234,mlp_corr_top1_rand10,f2,2
2021-02-01,354.2123380792383,234,mlp_corr_top1_rand10,f2,2
2021-03-01,252.10501290345834,234,mlp_corr_top1_rand10,f2,2
2021-04-01,270.9247501231111,234,mlp_corr_top1_rand10,f2,2
2021-05-01,275.3725925111755,234,mlp_corr_top1_rand10,f2,2
2021-06-01,169.20427955025892,234,mlp_corr_top1_rand10,f2,2
2021-07-01,283.2227192451863,234,mlp_corr_top1_rand10,f2,2
2021-08-01,243.59446648096332,234,mlp_corr_top1_rand10,f2,2
2021-09-01,329.53713750196624,234,mlp_corr_top1_rand10,f2,2
2021-10-01,245.1552883272629,234,mlp_corr_top1_rand10,f2,2
2021-11-01,316.3534673455968,234,mlp_corr_top1_rand10,f2,2
2021-12-01,373.4733812011146,234,mlp_corr_top1_rand10,f2,2
2022-01-01,342.9018201004915,234,mlp_corr_top1_rand10,f2,2
2022-02-01,294.11658088310065,234,mlp_corr_top1_rand10,f2,2
2022-03-01,497.80102373417515,234,mlp_corr_top1_rand10,f2,2
2022-04-01,359.8110171918614,234,mlp_corr_top1_rand10,f2,2
2022-05-01,340.3213199694253,234,mlp_corr_top1_rand10,f2,2
2021-01-01,250.11390143256202,234,gbm_corr_top1_2hop_rand10,f2,2
2021-02-01,355.7773152447415,234,gbm_corr_top1_2hop_rand10,f2,2
2021-03-01,252.72828779903185,234,gbm_corr_top1_2hop_rand10,f2,2
2021-04-01,275.8951023500177,234,gbm_corr_top1_2hop_rand10,f2,2
2021-05-01,274.2672219610721,234,gbm_corr_top1_2hop_rand10,f2,2
2021-06-01,170.96939551469563,234,gbm_corr_top1_2hop_rand10,f2,2
2021-07-01,278.82448154877443,234,gbm_corr_top1_2hop_rand10,f2,2
2021-08-01,243.89779927685012,234,gbm_corr_top1_2hop_rand10,f2,2
2021-09-01,332.1263532048753,234,gbm_corr_top1_2hop_rand10,f2,2
2021-10-01,249.92230723725538,234,gbm_corr_top1_2hop_rand10,f2,2
2021-11-01,319.4858765056887,234,gbm_corr_top1_2hop_rand10,f2,2
2021-12-01,369.18422716193714,234,gbm_corr_top1_2hop_rand10,f2,2
2022-01-01,337.5622784720572,234,gbm_corr_top1_2hop_rand10,f2,2
2022-02-01,291.84120416058323,234,gbm_corr_top1_2hop_rand10,f2,2
2022-03-01,499.29725154817254,234,gbm_corr_top1_2hop_rand10,f2,2
2022-04-01,353.69836389621435,234,gbm_corr_top1_2hop_rand10,f2,2
2022-05-01,331.67746368804563,234,gbm_corr_top1_2hop_rand10,f2,2
2021-01-01,248.32952821057066,234,gbm_corr_top1_rand11,f2,2
2021-02-01,348.92012982542235,234,gbm_corr_top1_rand11,f2,2
2021-03-01,255.61611566277531,234,gbm_corr_top1_rand11,f2,2
2021-04-01,277.670728660235,234,gbm_corr_top1_rand11,f2,2
2021-05-01,283.79400776569537,234,gbm_corr_top1_rand11,f2,2
2021-06-01,177.13500634611614,234,gbm_corr_top1_rand11,f2,2
2021-07-01,284.8099379541192,234,gbm_corr_top1_rand11,f2,2
2021-08-01,242.62158228307743,234,gbm_corr_top1_rand11,f2,2
2021-09-01,340.1111227147292,234,gbm_corr_top1_rand11,f2,2
2021-10-01,258.41512934638746,234,gbm_corr_top1_rand11,f2,2
2021-11-01,315.1833373297992,234,gbm_corr_top1_rand11,f2,2
2021-12-01,372.1813992771403,234,gbm_corr_top1_rand11,f2,2
2022-01-01,345.8207586969778,234,gbm_corr_top1_rand11,f2,2
2022-02-01,289.2879029522172,234,gbm_corr_top1_rand11,f2,2
2022-03-01,499.68550619946734,234,gbm_corr_top1_rand11,f2,2
2022-04-01,368.3462038472966,234,gbm_corr_top1_rand11,f2,2
2022-05-01,341.0457064356595,234,gbm_corr_top1_rand11,f2,2
2021-01-01,246.5672255571108,234,mlp_corr_top1_rand11,f2,2
2021-02-01,339.895513015732,234,mlp_corr_top1_rand11,f2,2
2021-03-01,251.0248726415873,234,mlp_corr_top1_rand11,f2,2
2021-04-01,281.35430884623213,234,mlp_corr_top1_rand11,f2,2
2021-05-01,287.69598905827365,234,mlp_corr_top1_rand11,f2,2
2021-06-01,170.41779185167277,234,mlp_corr_top1_rand11,f2,2
2021-07-01,284.40616203162335,234,mlp_corr_top1_rand11,f2,2
2021-08-01,244.33231753076686,234,mlp_corr_top1_rand11,f2,2
2021-09-01,335.9705662686539,234,mlp_corr_top1_rand11,f2,2
2021-10-01,255.37330712109858,234,mlp_corr_top1_rand11,f2,2
2021-11-01,320.7693693281808,234,mlp_corr_top1_rand11,f2,2
2021-12-01,371.1470833450376,234,mlp_corr_top1_rand11,f2,2
2022-01-01,340.2463474934989,234,mlp_corr_top1_rand11,f2,2
2022-02-01,305.61884000503693,234,mlp_corr_top1_rand11,f2,2
2022-03-01,508.42320012613794,234,mlp_corr_top1_rand11,f2,2
2022-04-01,360.2765448358876,234,mlp_corr_top1_rand11,f2,2
2022-05-01,345.37005629945577,234,mlp_corr_top1_rand11,f2,2
2021-01-01,251.11059652660614,234,gbm_corr_top1_2hop_rand11,f2,2
2021-02-01,348.5410211863151,234,gbm_corr_top1_2hop_rand11,f2,2
2021-03-01,251.22830781430946,234,gbm_corr_top1_2hop_rand11,f2,2
2021-04-01,275.59523310247204,234,gbm_corr_top1_2hop_rand11,f2,2
2021-05-01,276.42037468798605,234,gbm_corr_top1_2hop_rand11,f2,2
2021-06-01,169.90050514524438,234,gbm_corr_top1_2hop_rand11,f2,2
2021-07-01,282.0653482063848,234,gbm_corr_top1_2hop_rand11,f2,2
2021-08-01,242.92415060367864,234,gbm_corr_top1_2hop_rand11,f2,2
2021-09-01,336.6466390010471,234,gbm_corr_top1_2hop_rand11,f2,2
2021-10-01,255.79359389489034,234,gbm_corr_top1_2hop_rand11,f2,2
2021-11-01,312.6251238694308,234,gbm_corr_top1_2hop_rand11,f2,2
2021-12-01,372.9681327917493,234,gbm_corr_top1_2hop_rand11,f2,2
2022-01-01,345.2284290903958,234,gbm_corr_top1_2hop_rand11,f2,2
2022-02-01,283.99167201289555,234,gbm_corr_top1_2hop_rand11,f2,2
2022-03-01,497.5795439229404,234,gbm_corr_top1_2hop_rand11,f2,2
2022-04-01,367.4202933636448,234,gbm_corr_top1_2hop_rand11,f2,2
2022-05-01,337.79942215208104,234,gbm_corr_top1_2hop_rand11,f2,2
2021-01-01,250.63366533077038,234,gbm_corr_top1_rand12,f2,2
2021-02-01,353.84320711569745,234,gbm_corr_top1_rand12,f2,2
2021-03-01,249.07506176194357,234,gbm_corr_top1_rand12,f2,2
2021-04-01,270.7650041136556,234,gbm_corr_top1_rand12,f2,2
2021-05-01,279.4905454837612,234,gbm_corr_top1_rand12,f2,2
2021-06-01,171.6544150134386,234,gbm_corr_top1_rand12,f2,2
2021-07-01,282.41630699182116,234,gbm_corr_top1_rand12,f2,2
2021-08-01,246.19183397125278,234,gbm_corr_top1_rand12,f2,2
2021-09-01,331.97991559197254,234,gbm_corr_top1_rand12,f2,2
2021-10-01,251.6400356366168,234,gbm_corr_top1_rand12,f2,2
2021-11-01,322.7551455786629,234,gbm_corr_top1_rand12,f2,2
2021-12-01,377.2922229478133,234,gbm_corr_top1_rand12,f2,2
2022-01-01,343.3135847474151,234,gbm_corr_top1_rand12,f2,2
2022-02-01,291.83799433083243,234,gbm_corr_top1_rand12,f2,2
2022-03-01,498.0972079062198,234,gbm_corr_top1_rand12,f2,2
2022-04-01,359.07393582887715,234,gbm_corr_top1_rand12,f2,2
2022-05-01,345.7019023116354,234,gbm_corr_top1_rand12,f2,2
2021-01-01,251.44180662288147,234,mlp_corr_top1_rand12,f2,2
2021-02-01,353.9297223833371,234,mlp_corr_top1_rand12,f2,2
2021-03-01,253.85943034120956,234,mlp_corr_top1_rand12,f2,2
2021-04-01,273.4999208762479,234,mlp_corr_top1_rand12,f2,2
2021-05-01,279.3417660612173,234,mlp_corr_top1_rand12,f2,2
2021-06-01,171.00659960655355,234,mlp_corr_top1_rand12,f2,2
2021-07-01,283.5637037555677,234,mlp_corr_top1_rand12,f2,2
2021-08-01,243.46454835464326,234,mlp_corr_top1_rand12,f2,2
2021-09-01,330.8617395853823,234,mlp_corr_top1_rand12,f2,2
2021-10-01,249.2389204664365,234,mlp_corr_top1_rand12,f2,2
2021-11-01,318.66580264677424,234,mlp_corr_top1_rand12,f2,2
2021-12-01,376.6645321736234,234,mlp_corr_top1_rand12,f2,2
2022-01-01,348.6034328966818,234,mlp_corr_top1_rand12,f2,2
2022-02-01,299.7819641518124,234,mlp_corr_top1_rand12,f2,2
2022-03-01,504.89149946096336,234,mlp_corr_top1_rand12,f2,2
2022-04-01,362.9985541642046,234,mlp_corr_top1_rand12,f2,2
2022-05-01,346.83820197786105,234,mlp_corr_top1_rand12,f2,2
2021-01-01,250.52221129237554,234,gbm_corr_top1_2hop_rand12,f2,2
2021-02-01,356.2047111947641,234,gbm_corr_top1_2hop_rand12,f2,2
2021-03-01,250.7488214623249,234,gbm_corr_top1_2hop_rand12,f2,2
2021-04-01,274.3912837933405,234,gbm_corr_top1_2hop_rand12,f2,2
2021-05-01,281.0973534060953,234,gbm_corr_top1_2hop_rand12,f2,2
2021-06-01,172.64360171424178,234,gbm_corr_top1_2hop_rand12,f2,2
2021-07-01,286.39342129546645,234,gbm_corr_top1_2hop_rand12,f2,2
2021-08-01,245.69994554098722,234,gbm_corr_top1_2hop_rand12,f2,2
2021-09-01,331.54623616782817,234,gbm_corr_top1_2hop_rand12,f2,2
2021-10-01,251.98582890004138,234,gbm_corr_top1_2hop_rand12,f2,2
2021-11-01,320.05751999326606,234,gbm_corr_top1_2hop_rand12,f2,2
2021-12-01,375.0727329796809,234,gbm_corr_top1_2hop_rand12,f2,2
2022-01-01,345.61074952978504,234,gbm_corr_top1_2hop_rand12,f2,2
2022-02-01,288.936975545507,234,gbm_corr_top1_2hop_rand12,f2,2
2022-03-01,501.51540460154604,234,gbm_corr_top1_2hop_rand12,f2,2
2022-04-01,362.8924879655652,234,gbm_corr_top1_2hop_rand12,f2,2
2022-05-01,342.71473363745,234,gbm_corr_top1_2hop_rand12,f2,2
2021-01-01,251.31605892408174,234,gbm_corr_top1_rand13,f2,2
2021-02-01,349.9086210695898,234,gbm_corr_top1_rand13,f2,2
2021-03-01,256.1377845712114,234,gbm_corr_top1_rand13,f2,2
2021-04-01,277.26144638252003,234,gbm_corr_top1_rand13,f2,2
2021-05-01,275.8096104624153,234,gbm_corr_top1_rand13,f2,2
2021-06-01,172.77944900224645,234,gbm_corr_top1_rand13,f2,2
2021-07-01,284.50145920665324,234,gbm_corr_top1_rand13,f2,2
2021-08-01,241.82733303692794,234,gbm_corr_top1_rand13,f2,2
2021-09-01,324.67608343658685,234,gbm_corr_top1_rand13,f2,2
2021-10-01,250.92748061747304,234,gbm_corr_top1_rand13,f2,2
2021-11-01,320.02322704671906,234,gbm_corr_top1_rand13,f2,2
2021-12-01,374.3073578282493,234,gbm_corr_top1_rand13,f2,2
2022-01-01,342.3574104231451,234,gbm_corr_top1_rand13,f2,2
2022-02-01,291.1486673473058,234,gbm_corr_top1_rand13,f2,2
2022-03-01,499.19500213388216,234,gbm_corr_top1_rand13,f2,2
2022-04-01,361.9338921780036,234,gbm_corr_top1_rand13,f2,2
2022-05-01,338.3007680646488,234,gbm_corr_top1_rand13,f2,2
2021-01-01,252.51715758730944,234,mlp_corr_top1_rand13,f2,2
2021-02-01,353.6805023052658,234,mlp_corr_top1_rand13,f2,2
2021-03-01,255.36207185284198,234,mlp_corr_top1_rand13,f2,2
2021-04-01,276.16984926902654,234,mlp_corr_top1_rand13,f2,2
2021-05-01,281.87659357580895,234,mlp_corr_top1_rand13,f2,2
2021-06-01,173.41340845830445,234,mlp_corr_top1_rand13,f2,2
2021-07-01,284.4270692509281,234,mlp_corr_top1_rand13,f2,2
2021-08-01,247.1899879198431,234,mlp_corr_top1_rand13,f2,2
2021-09-01,331.8198062149008,234,mlp_corr_top1_rand13,f2,2
2021-10-01,250.41829874732065,234,mlp_corr_top1_rand13,f2,2
2021-11-01,318.24970800724014,234,mlp_corr_top1_rand13,f2,2
2021-12-01,382.24104612788017,234,mlp_corr_top1_rand13,f2,2
2022-01-01,349.85672496823537,234,mlp_corr_top1_rand13,f2,2
2022-02-01,300.9429595534445,234,mlp_corr_top1_rand13,f2,2
2022-03-01,506.34570456905726,234,mlp_corr_top1_rand13,f2,2
2022-04-01,365.79756955155,234,mlp_corr_top1_rand13,f2,2
2022-05-01,349.15421036361147,234,mlp_corr_top1_rand13,f2,2
2021-01-01,251.42504381142908,234,gbm_corr_top1_2hop_rand13,f2,2
2021-02-01,349.38146942649075,234,gbm_corr_top1_2hop_rand13,f2,2
2021-03-01,253.26035943960008,234,gbm_corr_top1_2hop_rand13,f2,2
2021-04-01,272.30642335168113,234,gbm_corr_top1_2hop_rand13,f2,2
2021-05-01,277.43985048010336,234,gbm_corr_top1_2hop_rand13,f2,2
2021-06-01,170.58430968796483,234,gbm_corr_top1_2hop_rand13,f2,2
2021-07-01,284.023008784332,234,gbm_corr_top1_2hop_rand13,f2,2
2021-08-01,252.21386309398892,234,gbm_corr_top1_2hop_rand13,f2,2
2021-09-01,326.5523946880047,234,gbm_corr_top1_2hop_rand13,f2,2
2021-10-01,255.0517995578465,234,gbm_corr_top1_2hop_rand13,f2,2
2021-11-01,325.8914590577599,234,gbm_corr_top1_2hop_rand13,f2,2
2021-12-01,377.30492001328156,234,gbm_corr_top1_2hop_rand13,f2,2
2022-01-01,347.1614633520055,234,gbm_corr_top1_2hop_rand13,f2,2
2022-02-01,298.1021029793447,234,gbm_corr_top1_2hop_rand13,f2,2
2022-03-01,500.48245529336447,234,gbm_corr_top1_2hop_rand13,f2,2
2022-04-01,363.25420765942806,234,gbm_corr_top1_2hop_rand13,f2,2
2022-05-01,341.9358551970671,234,gbm_corr_top1_2hop_rand13,f2,2
2021-01-01,247.9448949881495,234,gbm_corr_top1_rand14,f2,2
2021-02-01,353.08985493797456,234,gbm_corr_top1_rand14,f2,2
2021-03-01,252.74882323244768,234,gbm_corr_top1_rand14,f2,2
2021-04-01,278.3351456451005,234,gbm_corr_top1_rand14,f2,2
2021-05-01,277.25972744313196,234,gbm_corr_top1_rand14,f2,2
2021-06-01,176.57039244957093,234,gbm_corr_top1_rand14,f2,2
2021-07-01,289.0722752690941,234,gbm_corr_top1_rand14,f2,2
2021-08-01,249.10772076132835,234,gbm_corr_top1_rand14,f2,2
2021-09-01,330.0819705682499,234,gbm_corr_top1_rand14,f2,2
2021-10-01,250.99900012302314,234,gbm_corr_top1_rand14,f2,2
2021-11-01,319.26100272210755,234,gbm_corr_top1_rand14,f2,2
2021-12-01,378.90841078457566,234,gbm_corr_top1_rand14,f2,2
2022-01-01,349.89825154361523,234,gbm_corr_top1_rand14,f2,2
2022-02-01,299.30698727288427,234,gbm_corr_top1_rand14,f2,2
2022-03-01,500.03709028873965,234,gbm_corr_top1_rand14,f2,2
2022-04-01,365.233980796108,234,gbm_corr_top1_rand14,f2,2
2022-05-01,348.0411428272145,234,gbm_corr_top1_rand14,f2,2
2021-01-01,249.2606062964081,234,mlp_corr_top1_rand14,f2,2
2021-02-01,350.82419479931247,234,mlp_corr_top1_rand14,f2,2
2021-03-01,249.92840872920266,234,mlp_corr_top1_rand14,f2,2
2021-04-01,274.5714197718113,234,mlp_corr_top1_rand14,f2,2
2021-05-01,278.17864749055747,234,mlp_corr_top1_rand14,f2,2
2021-06-01,170.2909491878477,234,mlp_corr_top1_rand14,f2,2
2021-07-01,282.09916765829024,234,mlp_corr_top1_rand14,f2,2
2021-08-01,242.51771519467775,234,mlp_corr_top1_rand14,f2,2
2021-09-01,327.1142895914257,234,mlp_corr_top1_rand14,f2,2
2021-10-01,249.05837156118346,234,mlp_corr_top1_rand14,f2,2
2021-11-01,316.73730272934904,234,mlp_corr_top1_rand14,f2,2
2021-12-01,376.6967566481118,234,mlp_corr_top1_rand14,f2,2
2022-01-01,341.6916690811767,234,mlp_corr_top1_rand14,f2,2
2022-02-01,299.11133973363263,234,mlp_corr_top1_rand14,f2,2
2022-03-01,501.47599376875036,234,mlp_corr_top1_rand14,f2,2
2022-04-01,362.3680846797369,234,mlp_corr_top1_rand14,f2,2
2022-05-01,347.06077504161954,234,mlp_corr_top1_rand14,f2,2
2021-01-01,252.15156821486354,234,gbm_corr_top1_2hop_rand14,f2,2
2021-02-01,352.28483894736615,234,gbm_corr_top1_2hop_rand14,f2,2
2021-03-01,251.67720519638013,234,gbm_corr_top1_2hop_rand14,f2,2
2021-04-01,276.7911253384294,234,gbm_corr_top1_2hop_rand14,f2,2
2021-05-01,274.911017833304,234,gbm_corr_top1_2hop_rand14,f2,2
2021-06-01,174.37651904865018,234,gbm_corr_top1_2hop_rand14,f2,2
2021-07-01,286.01799573864866,234,gbm_corr_top1_2hop_rand14,f2,2
2021-08-01,250.15371418884996,234,gbm_corr_top1_2hop_rand14,f2,2
2021-09-01,327.6336732901104,234,gbm_corr_top1_2hop_rand14,f2,2
2021-10-01,249.7162799204065,234,gbm_corr_top1_2hop_rand14,f2,2
2021-11-01,318.6614900326499,234,gbm_corr_top1_2hop_rand14,f2,2
2021-12-01,379.3360788652728,234,gbm_corr_top1_2hop_rand14,f2,2
2022-01-01,346.3284047759627,234,gbm_corr_top1_2hop_rand14,f2,2
2022-02-01,292.2048345898421,234,gbm_corr_top1_2hop_rand14,f2,2
2022-03-01,498.93909871286115,234,gbm_corr_top1_2hop_rand14,f2,2
2022-04-01,363.5165828855574,234,gbm_corr_top1_2hop_rand14,f2,2
2022-05-01,350.47501793342195,234,gbm_corr_top1_2hop_rand14,f2,2
2021-01-01,252.6436022109335,234,gbm_corr_top1_rand15,f2,2
2021-02-01,352.53362317180427,234,gbm_corr_top1_rand15,f2,2
2021-03-01,250.5506472073929,234,gbm_corr_top1_rand15,f2,2
2021-04-01,280.9574989291309,234,gbm_corr_top1_rand15,f2,2
2021-05-01,278.00551624737767,234,gbm_corr_top1_rand15,f2,2
2021-06-01,176.62768701994557,234,gbm_corr_top1_rand15,f2,2
2021-07-01,285.43787712723594,234,gbm_corr_top1_rand15,f2,2
2021-08-01,242.49231883918972,234,gbm_corr_top1_rand15,f2,2
2021-09-01,332.66272085193765,234,gbm_corr_top1_rand15,f2,2
2021-10-01,247.5117118541355,234,gbm_corr_top1_rand15,f2,2
2021-11-01,326.96874802973304,234,gbm_corr_top1_rand15,f2,2
2021-12-01,379.41977495025264,234,gbm_corr_top1_rand15,f2,2
2022-01-01,341.9832132661115,234,gbm_corr_top1_rand15,f2,2
2022-02-01,301.4263362004461,234,gbm_corr_top1_rand15,f2,2
2022-03-01,507.5058170171074,234,gbm_corr_top1_rand15,f2,2
2022-04-01,364.0057065620932,234,gbm_corr_top1_rand15,f2,2
2022-05-01,349.1282364837265,234,gbm_corr_top1_rand15,f2,2
2021-01-01,251.24430682453632,234,mlp_corr_top1_rand15,f2,2
2021-02-01,352.0129607401759,234,mlp_corr_top1_rand15,f2,2
2021-03-01,252.5557728009456,234,mlp_corr_top1_rand15,f2,2
2021-04-01,275.0428576077524,234,mlp_corr_top1_rand15,f2,2
2021-05-01,276.9443308863434,234,mlp_corr_top1_rand15,f2,2
2021-06-01,170.5868661020521,234,mlp_corr_top1_rand15,f2,2
2021-07-01,283.2876571675801,234,mlp_corr_top1_rand15,f2,2
2021-08-01,241.94416863862702,234,mlp_corr_top1_rand15,f2,2
2021-09-01,328.5538540854946,234,mlp_corr_top1_rand15,f2,2
2021-10-01,247.1141889664108,234,mlp_corr_top1_rand15,f2,2
2021-11-01,322.51402218039283,234,mlp_corr_top1_rand15,f2,2
2021-12-01,378.8952702465749,234,mlp_corr_top1_rand15,f2,2
2022-01-01,343.75694284620283,234,mlp_corr_top1_rand15,f2,2
2022-02-01,296.3655383531326,234,mlp_corr_top1_rand15,f2,2
2022-03-01,501.98125354338083,234,mlp_corr_top1_rand15,f2,2
2022-04-01,359.8749927313822,234,mlp_corr_top1_rand15,f2,2
2022-05-01,347.7709044242223,234,mlp_corr_top1_rand15,f2,2
2021-01-01,249.2602425568779,234,gbm_corr_top1_2hop_rand15,f2,2
2021-02-01,354.6672416174084,234,gbm_corr_top1_2hop_rand15,f2,2
2021-03-01,249.5179016894942,234,gbm_corr_top1_2hop_rand15,f2,2
2021-04-01,275.1623374685109,234,gbm_corr_top1_2hop_rand15,f2,2
2021-05-01,278.77794221890815,234,gbm_corr_top1_2hop_rand15,f2,2
2021-06-01,173.34613984041735,234,gbm_corr_top1_2hop_rand15,f2,2
2021-07-01,286.23312889198445,234,gbm_corr_top1_2hop_rand15,f2,2
2021-08-01,241.40695985486485,234,gbm_corr_top1_2hop_rand15,f2,2
2021-09-01,334.9657419879396,234,gbm_corr_top1_2hop_rand15,f2,2
2021-10-01,247.83899860251836,234,gbm_corr_top1_2hop_rand15,f2,2
2021-11-01,328.8686479465285,234,gbm_corr_top1_2hop_rand15,f2,2
2021-12-01,385.82197498716823,234,gbm_corr_top1_2hop_rand15,f2,2
2022-01-01,347.59410222223556,234,gbm_corr_top1_2hop_rand15,f2,2
2022-02-01,302.2688014654949,234,gbm_corr_top1_2hop_rand15,f2,2
2022-03-01,503.55440867744187,234,gbm_corr_top1_2hop_rand15,f2,2
2022-04-01,363.0628412462435,234,gbm_corr_top1_2hop_rand15,f2,2
2022-05-01,346.5583448888664,234,gbm_corr_top1_2hop_rand15,f2,2
2021-01-01,251.82109894315607,234,gbm_corr_top1_rand16,f2,2
2021-02-01,351.40356544694373,234,gbm_corr_top1_rand16,f2,2
2021-03-01,246.85266184277444,234,gbm_corr_top1_rand16,f2,2
2021-04-01,272.9642558326261,234,gbm_corr_top1_rand16,f2,2
2021-05-01,273.476745783496,234,gbm_corr_top1_rand16,f2,2
2021-06-01,170.97828459739108,234,gbm_corr_top1_rand16,f2,2
2021-07-01,284.9405507974762,234,gbm_corr_top1_rand16,f2,2
2021-08-01,248.3042807118641,234,gbm_corr_top1_rand16,f2,2
2021-09-01,326.1717788315409,234,gbm_corr_top1_rand16,f2,2
2021-10-01,246.09546774586613,234,gbm_corr_top1_rand16,f2,2
2021-11-01,321.0895426396333,234,gbm_corr_top1_rand16,f2,2
2021-12-01,377.00387006019383,234,gbm_corr_top1_rand16,f2,2
2022-01-01,348.2970703721442,234,gbm_corr_top1_rand16,f2,2
2022-02-01,292.03742409262,234,gbm_corr_top1_rand16,f2,2
2022-03-01,496.2786654124587,234,gbm_corr_top1_rand16,f2,2
2022-04-01,352.24377782095297,234,gbm_corr_top1_rand16,f2,2
2022-05-01,336.77388020905266,234,gbm_corr_top1_rand16,f2,2
2021-01-01,253.86838520205518,234,mlp_corr_top1_rand16,f2,2
2021-02-01,354.4095293999957,234,mlp_corr_top1_rand16,f2,2
2021-03-01,252.4484645843707,234,mlp_corr_top1_rand16,f2,2
2021-04-01,272.6855935612718,234,mlp_corr_top1_rand16,f2,2
2021-05-01,274.81365649452067,234,mlp_corr_top1_rand16,f2,2
2021-06-01,169.26234322569238,234,mlp_corr_top1_rand16,f2,2
2021-07-01,281.72731469852965,234,mlp_corr_top1_rand16,f2,2
2021-08-01,244.47333276917652,234,mlp_corr_top1_rand16,f2,2
2021-09-01,331.24828923261276,234,mlp_corr_top1_rand16,f2,2
2021-10-01,245.2467265559153,234,mlp_corr_top1_rand16,f2,2
2021-11-01,317.16260254243326,234,mlp_corr_top1_rand16,f2,2
2021-12-01,377.51804691487166,234,mlp_corr_top1_rand16,f2,2
2022-01-01,350.0829845253593,234,mlp_corr_top1_rand16,f2,2
2022-02-01,298.71962140559793,234,mlp_corr_top1_rand16,f2,2
2022-03-01,500.1754204459916,234,mlp_corr_top1_rand16,f2,2
2022-04-01,363.49174780118716,234,mlp_corr_top1_rand16,f2,2
2022-05-01,342.4163699734758,234,mlp_corr_top1_rand16,f2,2
2021-01-01,252.5298772481868,234,gbm_corr_top1_2hop_rand16,f2,2
2021-02-01,352.84913070484566,234,gbm_corr_top1_2hop_rand16,f2,2
2021-03-01,245.48760459008926,234,gbm_corr_top1_2hop_rand16,f2,2
2021-04-01,272.9225887850279,234,gbm_corr_top1_2hop_rand16,f2,2
2021-05-01,271.8852656726907,234,gbm_corr_top1_2hop_rand16,f2,2
2021-06-01,169.68298725760897,234,gbm_corr_top1_2hop_rand16,f2,2
2021-07-01,285.25748138614296,234,gbm_corr_top1_2hop_rand16,f2,2
2021-08-01,244.5092644589348,234,gbm_corr_top1_2hop_rand16,f2,2
2021-09-01,325.97440032926306,234,gbm_corr_top1_2hop_rand16,f2,2
2021-10-01,247.47212999074986,234,gbm_corr_top1_2hop_rand16,f2,2
2021-11-01,322.5100767671416,234,gbm_corr_top1_2hop_rand16,f2,2
2021-12-01,379.3617947232703,234,gbm_corr_top1_2hop_rand16,f2,2
2022-01-01,341.4579898708357,234,gbm_corr_top1_2hop_rand16,f2,2
2022-02-01,289.51425322632207,234,gbm_corr_top1_2hop_rand16,f2,2
2022-03-01,492.558917043675,234,gbm_corr_top1_2hop_rand16,f2,2
2022-04-01,356.27076891221776,234,gbm_corr_top1_2hop_rand16,f2,2
2022-05-01,339.5127213235529,234,gbm_corr_top1_2hop_rand16,f2,2
2021-01-01,254.50954260927492,234,gbm_corr_top1_rand17,f2,2
2021-02-01,350.45059555642,234,gbm_corr_top1_rand17,f2,2
2021-03-01,255.02448923629612,234,gbm_corr_top1_rand17,f2,2
2021-04-01,274.24499698027824,234,gbm_corr_top1_rand17,f2,2
2021-05-01,277.9028209985234,234,gbm_corr_top1_rand17,f2,2
2021-06-01,167.24656989011785,234,gbm_corr_top1_rand17,f2,2
2021-07-01,281.7668963740725,234,gbm_corr_top1_rand17,f2,2
2021-08-01,245.07945595826757,234,gbm_corr_top1_rand17,f2,2
2021-09-01,331.6616530784338,234,gbm_corr_top1_rand17,f2,2
2021-10-01,250.77607184572346,234,gbm_corr_top1_rand17,f2,2
2021-11-01,315.9007994002064,234,gbm_corr_top1_rand17,f2,2
2021-12-01,379.85015361331745,234,gbm_corr_top1_rand17,f2,2
2022-01-01,349.2472555950666,234,gbm_corr_top1_rand17,f2,2
2022-02-01,295.3387440474712,234,gbm_corr_top1_rand17,f2,2
2022-03-01,497.6043082693732,234,gbm_corr_top1_rand17,f2,2
2022-04-01,362.38919636788313,234,gbm_corr_top1_rand17,f2,2
2022-05-01,344.8182895050988,234,gbm_corr_top1_rand17,f2,2
2021-01-01,255.30103750903464,234,mlp_corr_top1_rand17,f2,2
2021-02-01,352.34500409015965,234,mlp_corr_top1_rand17,f2,2
2021-03-01,254.33060121689613,234,mlp_corr_top1_rand17,f2,2
2021-04-01,273.9638675554795,234,mlp_corr_top1_rand17,f2,2
2021-05-01,279.357393851359,234,mlp_corr_top1_rand17,f2,2
2021-06-01,170.43556474220782,234,mlp_corr_top1_rand17,f2,2
2021-07-01,282.1557339644058,234,mlp_corr_top1_rand17,f2,2
2021-08-01,242.98791376234726,234,mlp_corr_top1_rand17,f2,2
2021-09-01,325.5417871585189,234,mlp_corr_top1_rand17,f2,2
2021-10-01,247.69962970298246,234,mlp_corr_top1_rand17,f2,2
2021-11-01,317.0051790662563,234,mlp_corr_top1_rand17,f2,2
2021-12-01,378.1460345779724,234,mlp_corr_top1_rand17,f2,2
2022-01-01,348.95303598280697,234,mlp_corr_top1_rand17,f2,2
2022-02-01,301.0063834766029,234,mlp_corr_top1_rand17,f2,2
2022-03-01,501.50663055153717,234,mlp_corr_top1_rand17,f2,2
2022-04-01,364.98070478847984,234,mlp_corr_top1_rand17,f2,2
2022-05-01,347.35732222446535,234,mlp_corr_top1_rand17,f2,2
2021-01-01,256.2533975632021,234,gbm_corr_top1_2hop_rand17,f2,2
2021-02-01,351.0084597827259,234,gbm_corr_top1_2hop_rand17,f2,2
2021-03-01,255.93068166818176,234,gbm_corr_top1_2hop_rand17,f2,2
2021-04-01,274.754271409976,234,gbm_corr_top1_2hop_rand17,f2,2
2021-05-01,274.5922144348547,234,gbm_corr_top1_2hop_rand17,f2,2
2021-06-01,170.31496360536406,234,gbm_corr_top1_2hop_rand17,f2,2
2021-07-01,283.932670280919,234,gbm_corr_top1_2hop_rand17,f2,2
2021-08-01,247.73009928203857,234,gbm_corr_top1_2hop_rand17,f2,2
2021-09-01,333.0820637787184,234,gbm_corr_top1_2hop_rand17,f2,2
2021-10-01,250.62644261123927,234,gbm_corr_top1_2hop_rand17,f2,2
2021-11-01,317.2808653973744,234,gbm_corr_top1_2hop_rand17,f2,2
2021-12-01,383.33402170363905,234,gbm_corr_top1_2hop_rand17,f2,2
2022-01-01,350.46741662995316,234,gbm_corr_top1_2hop_rand17,f2,2
2022-02-01,299.24982464897914,234,gbm_corr_top1_2hop_rand17,f2,2
2022-03-01,502.5952042456872,234,gbm_corr_top1_2hop_rand17,f2,2
2022-04-01,360.37100946334874,234,gbm_corr_top1_2hop_rand17,f2,2
2022-05-01,352.99313973431845,234,gbm_corr_top1_2hop_rand17,f2,2
2021-01-01,247.16938092133776,234,gbm_corr_top1_rand18,f2,2
2021-02-01,346.75186632295873,234,gbm_corr_top1_rand18,f2,2
2021-03-01,250.36285608477857,234,gbm_corr_top1_rand18,f2,2
2021-04-01,280.1758416999049,234,gbm_corr_top1_rand18,f2,2
2021-05-01,276.3551074415143,234,gbm_corr_top1_rand18,f2,2
2021-06-01,175.34817794880212,234,gbm_corr_top1_rand18,f2,2
2021-07-01,284.0583671273828,234,gbm_corr_top1_rand18,f2,2
2021-08-01,242.46336676034443,234,gbm_corr_top1_rand18,f2,2
2021-09-01,325.81470331244583,234,gbm_corr_top1_rand18,f2,2
2021-10-01,247.3303514671176,234,gbm_corr_top1_rand18,f2,2
2021-11-01,314.82695667736283,234,gbm_corr_top1_rand18,f2,2
2021-12-01,374.04194175178577,234,gbm_corr_top1_rand18,f2,2
2022-01-01,343.2191974429367,234,gbm_corr_top1_rand18,f2,2
2022-02-01,291.8748450806887,234,gbm_corr_top1_rand18,f2,2
2022-03-01,506.4802282652197,234,gbm_corr_top1_rand18,f2,2
2022-04-01,357.2164706186108,234,gbm_corr_top1_rand18,f2,2
2022-05-01,341.78148922416636,234,gbm_corr_top1_rand18,f2,2
2021-01-01,250.59810882470424,234,mlp_corr_top1_rand18,f2,2
2021-02-01,352.6631794590726,234,mlp_corr_top1_rand18,f2,2
2021-03-01,254.009131054868,234,mlp_corr_top1_rand18,f2,2
2021-04-01,276.97459702395486,234,mlp_corr_top1_rand18,f2,2
2021-05-01,280.4049506646373,234,mlp_corr_top1_rand18,f2,2
2021-06-01,171.74194278531542,234,mlp_corr_top1_rand18,f2,2
2021-07-01,280.62297131979915,234,mlp_corr_top1_rand18,f2,2
2021-08-01,242.02598873504857,234,mlp_corr_top1_rand18,f2,2
2021-09-01,328.833110262699,234,mlp_corr_top1_rand18,f2,2
2021-10-01,246.4991237199747,234,mlp_corr_top1_rand18,f2,2
2021-11-01,318.1877877538059,234,mlp_corr_top1_rand18,f2,2
2021-12-01,378.83545715511934,234,mlp_corr_top1_rand18,f2,2
2022-01-01,345.99824356011135,234,mlp_corr_top1_rand18,f2,2
2022-02-01,298.0615687320309,234,mlp_corr_top1_rand18,f2,2
2022-03-01,503.64891299225775,234,mlp_corr_top1_rand18,f2,2
2022-04-01,364.3010266922794,234,mlp_corr_top1_rand18,f2,2
2022-05-01,345.01056572124315,234,mlp_corr_top1_rand18,f2,2
2021-01-01,249.619940377031,234,gbm_corr_top1_2hop_rand18,f2,2
2021-02-01,351.4873003628082,234,gbm_corr_top1_2hop_rand18,f2,2
2021-03-01,250.38895604175858,234,gbm_corr_top1_2hop_rand18,f2,2
2021-04-01,277.9250123441261,234,gbm_corr_top1_2hop_rand18,f2,2
2021-05-01,277.00627269676414,234,gbm_corr_top1_2hop_rand18,f2,2
2021-06-01,173.51201351144465,234,gbm_corr_top1_2hop_rand18,f2,2
2021-07-01,282.39589695887696,234,gbm_corr_top1_2hop_rand18,f2,2
2021-08-01,241.116693141287,234,gbm_corr_top1_2hop_rand18,f2,2
2021-09-01,325.434711065542,234,gbm_corr_top1_2hop_rand18,f2,2
2021-10-01,244.79531149209387,234,gbm_corr_top1_2hop_rand18,f2,2
2021-11-01,315.6521410718391,234,gbm_corr_top1_2hop_rand18,f2,2
2021-12-01,374.859529522697,234,gbm_corr_top1_2hop_rand18,f2,2
2022-01-01,344.41414334896564,234,gbm_corr_top1_2hop_rand18,f2,2
2022-02-01,293.07543336712115,234,gbm_corr_top1_2hop_rand18,f2,2
2022-03-01,505.56495799592795,234,gbm_corr_top1_2hop_rand18,f2,2
2022-04-01,357.74121082438404,234,gbm_corr_top1_2hop_rand18,f2,2
2022-05-01,341.54760606683413,234,gbm_corr_top1_2hop_rand18,f2,2
2021-01-01,253.2484811186874,234,gbm_corr_top1_rand19,f2,2
2021-02-01,353.3367494108533,234,gbm_corr_top1_rand19,f2,2
2021-03-01,255.39007068018128,234,gbm_corr_top1_rand19,f2,2
2021-04-01,273.659632316976,234,gbm_corr_top1_rand19,f2,2
2021-05-01,275.86436573857395,234,gbm_corr_top1_rand19,f2,2
2021-06-01,173.76567907967373,234,gbm_corr_top1_rand19,f2,2
2021-07-01,280.8032441069942,234,gbm_corr_top1_rand19,f2,2
2021-08-01,240.7872111565408,234,gbm_corr_top1_rand19,f2,2
2021-09-01,329.63079357451335,234,gbm_corr_top1_rand19,f2,2
2021-10-01,249.54302746474772,234,gbm_corr_top1_rand19,f2,2
2021-11-01,325.33991704012027,234,gbm_corr_top1_rand19,f2,2
2021-12-01,382.085104892766,234,gbm_corr_top1_rand19,f2,2
2022-01-01,356.6648108328411,234,gbm_corr_top1_rand19,f2,2
2022-02-01,291.2064264182111,234,gbm_corr_top1_rand19,f2,2
2022-03-01,503.10831314575523,234,gbm_corr_top1_rand19,f2,2
2022-04-01,369.54355816812927,234,gbm_corr_top1_rand19,f2,2
2022-05-01,347.8466515114911,234,gbm_corr_top1_rand19,f2,2
2021-01-01,253.22935997896693,234,mlp_corr_top1_rand19,f2,2
2021-02-01,352.753193575086,234,mlp_corr_top1_rand19,f2,2
2021-03-01,254.83938300480466,234,mlp_corr_top1_rand19,f2,2
2021-04-01,276.0775991625237,234,mlp_corr_top1_rand19,f2,2
2021-05-01,282.1312729289034,234,mlp_corr_top1_rand19,f2,2
2021-06-01,174.7673104932192,234,mlp_corr_top1_rand19,f2,2
2021-07-01,283.96261345960255,234,mlp_corr_top1_rand19,f2,2
2021-08-01,245.48213835136548,234,mlp_corr_top1_rand19,f2,2
2021-09-01,332.2606092988736,234,mlp_corr_top1_rand19,f2,2
2021-10-01,250.41573056901964,234,mlp_corr_top1_rand19,f2,2
2021-11-01,320.494210805047,234,mlp_corr_top1_rand19,f2,2
2021-12-01,380.26115172695387,234,mlp_corr_top1_rand19,f2,2
2022-01-01,349.35712184809375,234,mlp_corr_top1_rand19,f2,2
2022-02-01,302.0578924177037,234,mlp_corr_top1_rand19,f2,2
2022-03-01,505.6136724296303,234,mlp_corr_top1_rand19,f2,2
2022-04-01,368.4796421762519,234,mlp_corr_top1_rand19,f2,2
2022-05-01,353.4752329486939,234,mlp_corr_top1_rand19,f2,2
2021-01-01,249.9523421444687,234,gbm_corr_top1_2hop_rand19,f2,2
2021-02-01,352.3900194174697,234,gbm_corr_top1_2hop_rand19,f2,2
2021-03-01,253.84989624597458,234,gbm_corr_top1_2hop_rand19,f2,2
2021-04-01,276.3324668289178,234,gbm_corr_top1_2hop_rand19,f2,2
2021-05-01,272.8255279858302,234,gbm_corr_top1_2hop_rand19,f2,2
2021-06-01,174.23908567359106,234,gbm_corr_top1_2hop_rand19,f2,2
2021-07-01,281.1815327106376,234,gbm_corr_top1_2hop_rand19,f2,2
2021-08-01,241.7296473723388,234,gbm_corr_top1_2hop_rand19,f2,2
2021-09-01,328.82162955632225,234,gbm_corr_top1_2hop_rand19,f2,2
2021-10-01,246.1760876024198,234,gbm_corr_top1_2hop_rand19,f2,2
2021-11-01,318.4307191573328,234,gbm_corr_top1_2hop_rand19,f2,2
2021-12-01,375.79122039772153,234,gbm_corr_top1_2hop_rand19,f2,2
2022-01-01,354.07945430306114,234,gbm_corr_top1_2hop_rand19,f2,2
2022-02-01,293.28058201056143,234,gbm_corr_top1_2hop_rand19,f2,2
2022-03-01,503.1965394157073,234,gbm_corr_top1_2hop_rand19,f2,2
2022-04-01,371.7962724428516,234,gbm_corr_top1_2hop_rand19,f2,2
2022-05-01,351.00428486098536,234,gbm_corr_top1_2hop_rand19,f2,2
2021-02-01,392.0000578208965,234,gbm_corr_top1_rand0,f2,3
2021-03-01,303.77982772693383,234,gbm_corr_top1_rand0,f2,3
2021-04-01,285.9529034612303,234,gbm_corr_top1_rand0,f2,3
2021-05-01,318.4364410418421,234,gbm_corr_top1_rand0,f2,3
2021-06-01,190.74678793034684,234,gbm_corr_top1_rand0,f2,3
2021-07-01,303.5526659202082,234,gbm_corr_top1_rand0,f2,3
2021-08-01,267.1860706714348,234,gbm_corr_top1_rand0,f2,3
2021-09-01,382.2199507019354,234,gbm_corr_top1_rand0,f2,3
2021-10-01,305.1107960760629,234,gbm_corr_top1_rand0,f2,3
2021-11-01,311.397861011169,234,gbm_corr_top1_rand0,f2,3
2021-12-01,480.1966529866339,234,gbm_corr_top1_rand0,f2,3
2022-01-01,400.46897395545454,234,gbm_corr_top1_rand0,f2,3
2022-02-01,347.5247794002513,234,gbm_corr_top1_rand0,f2,3
2022-03-01,531.0132780642759,234,gbm_corr_top1_rand0,f2,3
2022-04-01,415.227182817133,234,gbm_corr_top1_rand0,f2,3
2022-05-01,372.7132579794031,234,gbm_corr_top1_rand0,f2,3
2022-06-01,302.9837919076456,234,gbm_corr_top1_rand0,f2,3
2021-02-01,396.7727538805012,234,mlp_corr_top1_rand0,f2,3
2021-03-01,305.242728705298,234,mlp_corr_top1_rand0,f2,3
2021-04-01,283.8870718265627,234,mlp_corr_top1_rand0,f2,3
2021-05-01,324.5684509641445,234,mlp_corr_top1_rand0,f2,3
2021-06-01,194.8740727897008,234,mlp_corr_top1_rand0,f2,3
2021-07-01,307.62718970334214,234,mlp_corr_top1_rand0,f2,3
2021-08-01,267.99755750149217,234,mlp_corr_top1_rand0,f2,3
2021-09-01,383.0322658653042,234,mlp_corr_top1_rand0,f2,3
2021-10-01,306.6661737551924,234,mlp_corr_top1_rand0,f2,3
2021-11-01,313.95786464693623,234,mlp_corr_top1_rand0,f2,3
2021-12-01,477.61869023484746,234,mlp_corr_top1_rand0,f2,3
2022-01-01,405.6163854116935,234,mlp_corr_top1_rand0,f2,3
2022-02-01,355.08653469967334,234,mlp_corr_top1_rand0,f2,3
2022-03-01,539.0402523318256,234,mlp_corr_top1_rand0,f2,3
2022-04-01,423.4570622133001,234,mlp_corr_top1_rand0,f2,3
2022-05-01,376.75702236160816,234,mlp_corr_top1_rand0,f2,3
2022-06-01,313.3223933299842,234,mlp_corr_top1_rand0,f2,3
2021-02-01,392.8044189462452,234,gbm_corr_top1_2hop_rand0,f2,3
2021-03-01,301.617102496045,234,gbm_corr_top1_2hop_rand0,f2,3
2021-04-01,281.8676195724057,234,gbm_corr_top1_2hop_rand0,f2,3
2021-05-01,322.7659237591998,234,gbm_corr_top1_2hop_rand0,f2,3
2021-06-01,192.35468317288363,234,gbm_corr_top1_2hop_rand0,f2,3
2021-07-01,303.25667443127907,234,gbm_corr_top1_2hop_rand0,f2,3
2021-08-01,265.6923015445072,234,gbm_corr_top1_2hop_rand0,f2,3
2021-09-01,384.32372061775965,234,gbm_corr_top1_2hop_rand0,f2,3
2021-10-01,305.47369599782695,234,gbm_corr_top1_2hop_rand0,f2,3
2021-11-01,308.3007724508664,234,gbm_corr_top1_2hop_rand0,f2,3
2021-12-01,482.974771530797,234,gbm_corr_top1_2hop_rand0,f2,3
2022-01-01,396.22372444454294,234,gbm_corr_top1_2hop_rand0,f2,3
2022-02-01,345.40163408839146,234,gbm_corr_top1_2hop_rand0,f2,3
2022-03-01,532.1701231949755,234,gbm_corr_top1_2hop_rand0,f2,3
2022-04-01,412.284605858067,234,gbm_corr_top1_2hop_rand0,f2,3
2022-05-01,368.33072712914736,234,gbm_corr_top1_2hop_rand0,f2,3
2022-06-01,302.89739592190455,234,gbm_corr_top1_2hop_rand0,f2,3
2021-02-01,397.6318352201972,234,gbm_corr_top1_rand1,f2,3
2021-03-01,298.00707502953253,234,gbm_corr_top1_rand1,f2,3
2021-04-01,282.874309673201,234,gbm_corr_top1_rand1,f2,3
2021-05-01,325.11248854678905,234,gbm_corr_top1_rand1,f2,3
2021-06-01,187.1930034803383,234,gbm_corr_top1_rand1,f2,3
2021-07-01,308.5019547965056,234,gbm_corr_top1_rand1,f2,3
2021-08-01,262.4965331046242,234,gbm_corr_top1_rand1,f2,3
2021-09-01,382.84273033810933,234,gbm_corr_top1_rand1,f2,3
2021-10-01,306.7104914226787,234,gbm_corr_top1_rand1,f2,3
2021-11-01,305.7429877898454,234,gbm_corr_top1_rand1,f2,3
2021-12-01,476.75179524882367,234,gbm_corr_top1_rand1,f2,3
2022-01-01,402.65802112518924,234,gbm_corr_top1_rand1,f2,3
2022-02-01,343.44328001099075,234,gbm_corr_top1_rand1,f2,3
2022-03-01,528.5440476290478,234,gbm_corr_top1_rand1,f2,3
2022-04-01,416.1631726062911,234,gbm_corr_top1_rand1,f2,3
2022-05-01,365.81353785711707,234,gbm_corr_top1_rand1,f2,3
2022-06-01,307.86350243521224,234,gbm_corr_top1_rand1,f2,3
2021-02-01,400.5880337239008,234,mlp_corr_top1_rand1,f2,3
2021-03-01,303.6417691629192,234,mlp_corr_top1_rand1,f2,3
2021-04-01,280.3802298193812,234,mlp_corr_top1_rand1,f2,3
2021-05-01,318.8229102982744,234,mlp_corr_top1_rand1,f2,3
2021-06-01,190.65880131288912,234,mlp_corr_top1_rand1,f2,3
2021-07-01,306.71130924238486,234,mlp_corr_top1_rand1,f2,3
2021-08-01,263.5269724393696,234,mlp_corr_top1_rand1,f2,3
2021-09-01,384.53427560892817,234,mlp_corr_top1_rand1,f2,3
2021-10-01,298.63086831837165,234,mlp_corr_top1_rand1,f2,3
2021-11-01,306.29744008015587,234,mlp_corr_top1_rand1,f2,3
2021-12-01,469.01902937030906,234,mlp_corr_top1_rand1,f2,3
2022-01-01,400.79155692568895,234,mlp_corr_top1_rand1,f2,3
2022-02-01,346.22345400674055,234,mlp_corr_top1_rand1,f2,3
2022-03-01,529.1396748551801,234,mlp_corr_top1_rand1,f2,3
2022-04-01,409.05243885733955,234,mlp_corr_top1_rand1,f2,3
2022-05-01,364.4945857854954,234,mlp_corr_top1_rand1,f2,3
2022-06-01,306.16557953787657,234,mlp_corr_top1_rand1,f2,3
2021-02-01,396.37930509029474,234,gbm_corr_top1_2hop_rand1,f2,3
2021-03-01,301.3132878436199,234,gbm_corr_top1_2hop_rand1,f2,3
2021-04-01,284.68617684222295,234,gbm_corr_top1_2hop_rand1,f2,3
2021-05-01,321.2105527320478,234,gbm_corr_top1_2hop_rand1,f2,3
2021-06-01,191.61280728571717,234,gbm_corr_top1_2hop_rand1,f2,3
2021-07-01,304.2137217324896,234,gbm_corr_top1_2hop_rand1,f2,3
2021-08-01,262.3284622157704,234,gbm_corr_top1_2hop_rand1,f2,3
2021-09-01,381.8040060543499,234,gbm_corr_top1_2hop_rand1,f2,3
2021-10-01,299.68242198804586,234,gbm_corr_top1_2hop_rand1,f2,3
2021-11-01,304.8157523722295,234,gbm_corr_top1_2hop_rand1,f2,3
2021-12-01,475.8903173138628,234,gbm_corr_top1_2hop_rand1,f2,3
2022-01-01,403.28954932014454,234,gbm_corr_top1_2hop_rand1,f2,3
2022-02-01,340.8994819648894,234,gbm_corr_top1_2hop_rand1,f2,3
2022-03-01,526.2156477900755,234,gbm_corr_top1_2hop_rand1,f2,3
2022-04-01,414.0610001658476,234,gbm_corr_top1_2hop_rand1,f2,3
2022-05-01,367.661030350579,234,gbm_corr_top1_2hop_rand1,f2,3
2022-06-01,315.3121243055963,234,gbm_corr_top1_2hop_rand1,f2,3
2021-02-01,395.6402126575907,234,gbm_corr_top1_rand2,f2,3
2021-03-01,305.36689755759176,234,gbm_corr_top1_rand2,f2,3
2021-04-01,281.85326841820984,234,gbm_corr_top1_rand2,f2,3
2021-05-01,319.4590585849816,234,gbm_corr_top1_rand2,f2,3
2021-06-01,189.34598891860335,234,gbm_corr_top1_rand2,f2,3
2021-07-01,304.0188386494846,234,gbm_corr_top1_rand2,f2,3
2021-08-01,259.48750533962203,234,gbm_corr_top1_rand2,f2,3
2021-09-01,384.21463925169553,234,gbm_corr_top1_rand2,f2,3
2021-10-01,307.02884643896493,234,gbm_corr_top1_rand2,f2,3
2021-11-01,312.26619702804436,234,gbm_corr_top1_rand2,f2,3
2021-12-01,476.70386478437746,234,gbm_corr_top1_rand2,f2,3
2022-01-01,408.76876609886307,234,gbm_corr_top1_rand2,f2,3
2022-02-01,346.45105668778143,234,gbm_corr_top1_rand2,f2,3
2022-03-01,538.2429930512109,234,gbm_corr_top1_rand2,f2,3
2022-04-01,416.1762175873468,234,gbm_corr_top1_rand2,f2,3
2022-05-01,373.71952035116385,234,gbm_corr_top1_rand2,f2,3
2022-06-01,309.09032763415695,234,gbm_corr_top1_rand2,f2,3
2021-02-01,394.8179144354284,234,mlp_corr_top1_rand2,f2,3
2021-03-01,302.92896383608706,234,mlp_corr_top1_rand2,f2,3
2021-04-01,279.40889640651056,234,mlp_corr_top1_rand2,f2,3
2021-05-01,317.4463646747514,234,mlp_corr_top1_rand2,f2,3
2021-06-01,189.91201471085427,234,mlp_corr_top1_rand2,f2,3
2021-07-01,303.2782593339773,234,mlp_corr_top1_rand2,f2,3
2021-08-01,258.4900843774528,234,mlp_corr_top1_rand2,f2,3
2021-09-01,379.70870308801943,234,mlp_corr_top1_rand2,f2,3
2021-10-01,302.10276639552666,234,mlp_corr_top1_rand2,f2,3
2021-11-01,307.17162521139016,234,mlp_corr_top1_rand2,f2,3
2021-12-01,469.93885167957194,234,mlp_corr_top1_rand2,f2,3
2022-01-01,401.6491651940984,234,mlp_corr_top1_rand2,f2,3
2022-02-01,346.6866122742951,234,mlp_corr_top1_rand2,f2,3
2022-03-01,532.2938901431677,234,mlp_corr_top1_rand2,f2,3
2022-04-01,417.4051721748329,234,mlp_corr_top1_rand2,f2,3
2022-05-01,368.50331286721894,234,mlp_corr_top1_rand2,f2,3
2022-06-01,306.17527398076146,234,mlp_corr_top1_rand2,f2,3
2021-02-01,389.94982868365025,234,gbm_corr_top1_2hop_rand2,f2,3
2021-03-01,303.9583518340216,234,gbm_corr_top1_2hop_rand2,f2,3
2021-04-01,279.63409651657105,234,gbm_corr_top1_2hop_rand2,f2,3
2021-05-01,323.09331245395845,234,gbm_corr_top1_2hop_rand2,f2,3
2021-06-01,188.2460365170669,234,gbm_corr_top1_2hop_rand2,f2,3
2021-07-01,303.46537995716307,234,gbm_corr_top1_2hop_rand2,f2,3
2021-08-01,260.1578198889248,234,gbm_corr_top1_2hop_rand2,f2,3
2021-09-01,379.80384708733936,234,gbm_corr_top1_2hop_rand2,f2,3
2021-10-01,303.5603726106107,234,gbm_corr_top1_2hop_rand2,f2,3
2021-11-01,313.1738958589068,234,gbm_corr_top1_2hop_rand2,f2,3
2021-12-01,475.5889103842281,234,gbm_corr_top1_2hop_rand2,f2,3
2022-01-01,403.65886601336797,234,gbm_corr_top1_2hop_rand2,f2,3
2022-02-01,346.90913397749466,234,gbm_corr_top1_2hop_rand2,f2,3
2022-03-01,537.4677005248994,234,gbm_corr_top1_2hop_rand2,f2,3
2022-04-01,418.12342385432066,234,gbm_corr_top1_2hop_rand2,f2,3
2022-05-01,372.30456093654,234,gbm_corr_top1_2hop_rand2,f2,3
2022-06-01,306.17672010304875,234,gbm_corr_top1_2hop_rand2,f2,3
2021-02-01,394.58474020037823,234,gbm_corr_top1_rand3,f2,3
2021-03-01,301.7333828482572,234,gbm_corr_top1_rand3,f2,3
2021-04-01,284.2203022662759,234,gbm_corr_top1_rand3,f2,3
2021-05-01,315.16790928936155,234,gbm_corr_top1_rand3,f2,3
2021-06-01,190.08622496874713,234,gbm_corr_top1_rand3,f2,3
2021-07-01,302.95666493353303,234,gbm_corr_top1_rand3,f2,3
2021-08-01,256.8936551823158,234,gbm_corr_top1_rand3,f2,3
2021-09-01,373.19226845008234,234,gbm_corr_top1_rand3,f2,3
2021-10-01,304.09022080784024,234,gbm_corr_top1_rand3,f2,3
2021-11-01,312.5197700075936,234,gbm_corr_top1_rand3,f2,3
2021-12-01,472.92825861487466,234,gbm_corr_top1_rand3,f2,3
2022-01-01,393.98416521097016,234,gbm_corr_top1_rand3,f2,3
2022-02-01,345.56791953297795,234,gbm_corr_top1_rand3,f2,3
2022-03-01,531.7339860168785,234,gbm_corr_top1_rand3,f2,3
2022-04-01,419.56315740650615,234,gbm_corr_top1_rand3,f2,3
2022-05-01,367.11830094239167,234,gbm_corr_top1_rand3,f2,3
2022-06-01,306.65302870622236,234,gbm_corr_top1_rand3,f2,3
2021-02-01,393.84746594982124,234,mlp_corr_top1_rand3,f2,3
2021-03-01,301.937249825098,234,mlp_corr_top1_rand3,f2,3
2021-04-01,280.82441711266193,234,mlp_corr_top1_rand3,f2,3
2021-05-01,320.6024344396806,234,mlp_corr_top1_rand3,f2,3
2021-06-01,193.22201719675337,234,mlp_corr_top1_rand3,f2,3
2021-07-01,301.0933702965023,234,mlp_corr_top1_rand3,f2,3
2021-08-01,257.60065707050256,234,mlp_corr_top1_rand3,f2,3
2021-09-01,376.40159474374985,234,mlp_corr_top1_rand3,f2,3
2021-10-01,303.8962610219223,234,mlp_corr_top1_rand3,f2,3
2021-11-01,311.577520420508,234,mlp_corr_top1_rand3,f2,3
2021-12-01,474.0552179064032,234,mlp_corr_top1_rand3,f2,3
2022-01-01,395.7796809097704,234,mlp_corr_top1_rand3,f2,3
2022-02-01,349.42636603118416,234,mlp_corr_top1_rand3,f2,3
2022-03-01,534.9084821454667,234,mlp_corr_top1_rand3,f2,3
2022-04-01,424.7817714808973,234,mlp_corr_top1_rand3,f2,3
2022-05-01,372.5705202228265,234,mlp_corr_top1_rand3,f2,3
2022-06-01,308.60447447864055,234,mlp_corr_top1_rand3,f2,3
2021-02-01,395.3819986450491,234,gbm_corr_top1_2hop_rand3,f2,3
2021-03-01,303.12808071977724,234,gbm_corr_top1_2hop_rand3,f2,3
2021-04-01,286.5217131135724,234,gbm_corr_top1_2hop_rand3,f2,3
2021-05-01,313.14178581322597,234,gbm_corr_top1_2hop_rand3,f2,3
2021-06-01,188.28008629093856,234,gbm_corr_top1_2hop_rand3,f2,3
2021-07-01,302.86250907049305,234,gbm_corr_top1_2hop_rand3,f2,3
2021-08-01,262.47713060378976,234,gbm_corr_top1_2hop_rand3,f2,3
2021-09-01,373.11956866364443,234,gbm_corr_top1_2hop_rand3,f2,3
2021-10-01,303.67284413243885,234,gbm_corr_top1_2hop_rand3,f2,3
2021-11-01,308.8663622064299,234,gbm_corr_top1_2hop_rand3,f2,3
2021-12-01,476.025868798525,234,gbm_corr_top1_2hop_rand3,f2,3
2022-01-01,395.94901926758695,234,gbm_corr_top1_2hop_rand3,f2,3
2022-02-01,346.6121997684433,234,gbm_corr_top1_2hop_rand3,f2,3
2022-03-01,528.706578801688,234,gbm_corr_top1_2hop_rand3,f2,3
2022-04-01,424.2262458473839,234,gbm_corr_top1_2hop_rand3,f2,3
2022-05-01,368.94624828035205,234,gbm_corr_top1_2hop_rand3,f2,3
2022-06-01,305.6791645282637,234,gbm_corr_top1_2hop_rand3,f2,3
2021-02-01,393.21435226888826,234,gbm_corr_top1_rand4,f2,3
2021-03-01,301.7421076223806,234,gbm_corr_top1_rand4,f2,3
2021-04-01,282.21697303947326,234,gbm_corr_top1_rand4,f2,3
2021-05-01,313.8636536117994,234,gbm_corr_top1_rand4,f2,3
2021-06-01,189.41597445980725,234,gbm_corr_top1_rand4,f2,3
2021-07-01,305.3603871513872,234,gbm_corr_top1_rand4,f2,3
2021-08-01,266.50870919420964,234,gbm_corr_top1_rand4,f2,3
2021-09-01,378.60147669061973,234,gbm_corr_top1_rand4,f2,3
2021-10-01,296.2375193568455,234,gbm_corr_top1_rand4,f2,3
2021-11-01,303.9286221439635,234,gbm_corr_top1_rand4,f2,3
2021-12-01,476.8323068226821,234,gbm_corr_top1_rand4,f2,3
2022-01-01,399.89887320372577,234,gbm_corr_top1_rand4,f2,3
2022-02-01,345.71380780491285,234,gbm_corr_top1_rand4,f2,3
2022-03-01,526.1588899107062,234,gbm_corr_top1_rand4,f2,3
2022-04-01,413.20007801523246,234,gbm_corr_top1_rand4,f2,3
2022-05-01,365.9626801888565,234,gbm_corr_top1_rand4,f2,3
2022-06-01,306.11746111344337,234,gbm_corr_top1_rand4,f2,3
2021-02-01,396.84029098679014,234,mlp_corr_top1_rand4,f2,3
2021-03-01,309.27063548581077,234,mlp_corr_top1_rand4,f2,3
2021-04-01,282.41094114001464,234,mlp_corr_top1_rand4,f2,3
2021-05-01,321.1534721316193,234,mlp_corr_top1_rand4,f2,3
2021-06-01,194.10477813615242,234,mlp_corr_top1_rand4,f2,3
2021-07-01,309.93968871862836,234,mlp_corr_top1_rand4,f2,3
2021-08-01,266.3537724980229,234,mlp_corr_top1_rand4,f2,3
2021-09-01,385.9031862552135,234,mlp_corr_top1_rand4,f2,3
2021-10-01,304.902965890324,234,mlp_corr_top1_rand4,f2,3
2021-11-01,310.2355162217741,234,mlp_corr_top1_rand4,f2,3
2021-12-01,470.73291387353106,234,mlp_corr_top1_rand4,f2,3
2022-01-01,405.2468932851065,234,mlp_corr_top1_rand4,f2,3
2022-02-01,355.27306312454334,234,mlp_corr_top1_rand4,f2,3
2022-03-01,536.1872219335445,234,mlp_corr_top1_rand4,f2,3
2022-04-01,423.67645057306356,234,mlp_corr_top1_rand4,f2,3
2022-05-01,375.42440009735043,234,mlp_corr_top1_rand4,f2,3
2022-06-01,309.0227308624734,234,mlp_corr_top1_rand4,f2,3
2021-02-01,394.86628322803386,234,gbm_corr_top1_2hop_rand4,f2,3
2021-03-01,300.2576853574306,234,gbm_corr_top1_2hop_rand4,f2,3
2021-04-01,283.97117419436006,234,gbm_corr_top1_2hop_rand4,f2,3
2021-05-01,311.3616065165077,234,gbm_corr_top1_2hop_rand4,f2,3
2021-06-01,186.44808024373845,234,gbm_corr_top1_2hop_rand4,f2,3
2021-07-01,306.33929711990277,234,gbm_corr_top1_2hop_rand4,f2,3
2021-08-01,265.68859207809925,234,gbm_corr_top1_2hop_rand4,f2,3
2021-09-01,378.9155617114498,234,gbm_corr_top1_2hop_rand4,f2,3
2021-10-01,302.3149191170463,234,gbm_corr_top1_2hop_rand4,f2,3
2021-11-01,307.12494577477094,234,gbm_corr_top1_2hop_rand4,f2,3
2021-12-01,476.32915865884087,234,gbm_corr_top1_2hop_rand4,f2,3
2022-01-01,401.39548151533364,234,gbm_corr_top1_2hop_rand4,f2,3
2022-02-01,343.9195625072052,234,gbm_corr_top1_2hop_rand4,f2,3
2022-03-01,530.13353885069,234,gbm_corr_top1_2hop_rand4,f2,3
2022-04-01,410.33614025982115,234,gbm_corr_top1_2hop_rand4,f2,3
2022-05-01,364.2568147326849,234,gbm_corr_top1_2hop_rand4,f2,3
2022-06-01,304.63049786979207,234,gbm_corr_top1_2hop_rand4,f2,3
2021-02-01,396.4786598837191,234,gbm_corr_top1_rand5,f2,3
2021-03-01,306.8603395235938,234,gbm_corr_top1_rand5,f2,3
2021-04-01,283.67662515116183,234,gbm_corr_top1_rand5,f2,3
2021-05-01,321.41432067916446,234,gbm_corr_top1_rand5,f2,3
2021-06-01,192.2834135623257,234,gbm_corr_top1_rand5,f2,3
2021-07-01,305.17449366839173,234,gbm_corr_top1_rand5,f2,3
2021-08-01,264.2719377245094,234,gbm_corr_top1_rand5,f2,3
2021-09-01,382.57491203741023,234,gbm_corr_top1_rand5,f2,3
2021-10-01,311.27218742185636,234,gbm_corr_top1_rand5,f2,3
2021-11-01,311.3656755199156,234,gbm_corr_top1_rand5,f2,3
2021-12-01,471.42825849885645,234,gbm_corr_top1_rand5,f2,3
2022-01-01,401.18096548943345,234,gbm_corr_top1_rand5,f2,3
2022-02-01,344.3444731033966,234,gbm_corr_top1_rand5,f2,3
2022-03-01,535.8428742594091,234,gbm_corr_top1_rand5,f2,3
2022-04-01,418.7846315527551,234,gbm_corr_top1_rand5,f2,3
2022-05-01,373.64687452820783,234,gbm_corr_top1_rand5,f2,3
2022-06-01,313.5855249239007,234,gbm_corr_top1_rand5,f2,3
2021-02-01,397.01303164339396,234,mlp_corr_top1_rand5,f2,3
2021-03-01,308.3939310611525,234,mlp_corr_top1_rand5,f2,3
2021-04-01,287.657567580555,234,mlp_corr_top1_rand5,f2,3
2021-05-01,326.8311439239315,234,mlp_corr_top1_rand5,f2,3
2021-06-01,196.61012196287655,234,mlp_corr_top1_rand5,f2,3
2021-07-01,306.81675605895003,234,mlp_corr_top1_rand5,f2,3
2021-08-01,266.64292542158836,234,mlp_corr_top1_rand5,f2,3
2021-09-01,382.93665541674585,234,mlp_corr_top1_rand5,f2,3
2021-10-01,309.8195408827061,234,mlp_corr_top1_rand5,f2,3
2021-11-01,312.29329099570964,234,mlp_corr_top1_rand5,f2,3
2021-12-01,472.5370392300748,234,mlp_corr_top1_rand5,f2,3
2022-01-01,399.8058621845545,234,mlp_corr_top1_rand5,f2,3
2022-02-01,356.4355917690742,234,mlp_corr_top1_rand5,f2,3
2022-03-01,545.2605879261793,234,mlp_corr_top1_rand5,f2,3
2022-04-01,431.3373139277222,234,mlp_corr_top1_rand5,f2,3
2022-05-01,383.0012576358386,234,mlp_corr_top1_rand5,f2,3
2022-06-01,318.9262566569627,234,mlp_corr_top1_rand5,f2,3
2021-02-01,395.7360271799675,234,gbm_corr_top1_2hop_rand5,f2,3
2021-03-01,303.7209600852314,234,gbm_corr_top1_2hop_rand5,f2,3
2021-04-01,280.7936682318256,234,gbm_corr_top1_2hop_rand5,f2,3
2021-05-01,321.04968770976507,234,gbm_corr_top1_2hop_rand5,f2,3
2021-06-01,193.21379127460065,234,gbm_corr_top1_2hop_rand5,f2,3
2021-07-01,309.6667269273964,234,gbm_corr_top1_2hop_rand5,f2,3
2021-08-01,266.9954084122958,234,gbm_corr_top1_2hop_rand5,f2,3
2021-09-01,380.32391825382064,234,gbm_corr_top1_2hop_rand5,f2,3
2021-10-01,311.9891873595318,234,gbm_corr_top1_2hop_rand5,f2,3
2021-11-01,313.21351026893024,234,gbm_corr_top1_2hop_rand5,f2,3
2021-12-01,464.5304301707694,234,gbm_corr_top1_2hop_rand5,f2,3
2022-01-01,398.2573731612966,234,gbm_corr_top1_2hop_rand5,f2,3
2022-02-01,346.60716102689037,234,gbm_corr_top1_2hop_rand5,f2,3
2022-03-01,532.9798429300419,234,gbm_corr_top1_2hop_rand5,f2,3
2022-04-01,417.08210135731815,234,gbm_corr_top1_2hop_rand5,f2,3
2022-05-01,380.6453104856349,234,gbm_corr_top1_2hop_rand5,f2,3
2022-06-01,315.7972630824679,234,gbm_corr_top1_2hop_rand5,f2,3
2021-02-01,394.86086798536627,234,gbm_corr_top1_rand6,f2,3
2021-03-01,296.3695723933971,234,gbm_corr_top1_rand6,f2,3
2021-04-01,281.9837833770004,234,gbm_corr_top1_rand6,f2,3
2021-05-01,311.02241794565896,234,gbm_corr_top1_rand6,f2,3
2021-06-01,187.50400696465803,234,gbm_corr_top1_rand6,f2,3
2021-07-01,307.96087899398333,234,gbm_corr_top1_rand6,f2,3
2021-08-01,268.60242670077946,234,gbm_corr_top1_rand6,f2,3
2021-09-01,385.01388158766434,234,gbm_corr_top1_rand6,f2,3
2021-10-01,306.91688556877494,234,gbm_corr_top1_rand6,f2,3
2021-11-01,310.00075501574446,234,gbm_corr_top1_rand6,f2,3
2021-12-01,466.97716544251074,234,gbm_corr_top1_rand6,f2,3
2022-01-01,401.26546064442033,234,gbm_corr_top1_rand6,f2,3
2022-02-01,341.24015334013046,234,gbm_corr_top1_rand6,f2,3
2022-03-01,526.0698290339318,234,gbm_corr_top1_rand6,f2,3
2022-04-01,414.12737678484973,234,gbm_corr_top1_rand6,f2,3
2022-05-01,364.9287284086104,234,gbm_corr_top1_rand6,f2,3
2022-06-01,302.59429232858,234,gbm_corr_top1_rand6,f2,3
2021-02-01,396.7747551805922,234,mlp_corr_top1_rand6,f2,3
2021-03-01,303.06129162155383,234,mlp_corr_top1_rand6,f2,3
2021-04-01,281.50978775680665,234,mlp_corr_top1_rand6,f2,3
2021-05-01,323.5451473260697,234,mlp_corr_top1_rand6,f2,3
2021-06-01,193.83141358584695,234,mlp_corr_top1_rand6,f2,3
2021-07-01,307.2113946804711,234,mlp_corr_top1_rand6,f2,3
2021-08-01,266.1081089810726,234,mlp_corr_top1_rand6,f2,3
2021-09-01,387.57586048581106,234,mlp_corr_top1_rand6,f2,3
2021-10-01,306.1274065254903,234,mlp_corr_top1_rand6,f2,3
2021-11-01,313.7289195114249,234,mlp_corr_top1_rand6,f2,3
2021-12-01,470.3907713828672,234,mlp_corr_top1_rand6,f2,3
2022-01-01,403.66903423254524,234,mlp_corr_top1_rand6,f2,3
2022-02-01,354.2720758466189,234,mlp_corr_top1_rand6,f2,3
2022-03-01,536.0840052744278,234,mlp_corr_top1_rand6,f2,3
2022-04-01,424.32641640091856,234,mlp_corr_top1_rand6,f2,3
2022-05-01,378.21215925392926,234,mlp_corr_top1_rand6,f2,3
2022-06-01,312.01342684676877,234,mlp_corr_top1_rand6,f2,3
2021-02-01,399.94309915858867,234,gbm_corr_top1_2hop_rand6,f2,3
2021-03-01,300.661127217558,234,gbm_corr_top1_2hop_rand6,f2,3
2021-04-01,280.02976508448586,234,gbm_corr_top1_2hop_rand6,f2,3
2021-05-01,310.44660484400873,234,gbm_corr_top1_2hop_rand6,f2,3
2021-06-01,189.34687924066824,234,gbm_corr_top1_2hop_rand6,f2,3
2021-07-01,304.0062504460445,234,gbm_corr_top1_2hop_rand6,f2,3
2021-08-01,268.28385273884686,234,gbm_corr_top1_2hop_rand6,f2,3
2021-09-01,382.5333018904867,234,gbm_corr_top1_2hop_rand6,f2,3
2021-10-01,303.8780410147525,234,gbm_corr_top1_2hop_rand6,f2,3
2021-11-01,310.545206812377,234,gbm_corr_top1_2hop_rand6,f2,3
2021-12-01,464.2102472411303,234,gbm_corr_top1_2hop_rand6,f2,3
2022-01-01,401.47505276146137,234,gbm_corr_top1_2hop_rand6,f2,3
2022-02-01,337.4840356553654,234,gbm_corr_top1_2hop_rand6,f2,3
2022-03-01,522.4660253079943,234,gbm_corr_top1_2hop_rand6,f2,3
2022-04-01,419.2720011158388,234,gbm_corr_top1_2hop_rand6,f2,3
2022-05-01,371.5102764539769,234,gbm_corr_top1_2hop_rand6,f2,3
2022-06-01,307.6623301065393,234,gbm_corr_top1_2hop_rand6,f2,3
2021-02-01,394.365180468669,234,gbm_corr_top1_rand7,f2,3
2021-03-01,307.93095318404585,234,gbm_corr_top1_rand7,f2,3
2021-04-01,288.85908404738086,234,gbm_corr_top1_rand7,f2,3
2021-05-01,314.54601215795424,234,gbm_corr_top1_rand7,f2,3
2021-06-01,191.34036853761864,234,gbm_corr_top1_rand7,f2,3
2021-07-01,307.9784143827377,234,gbm_corr_top1_rand7,f2,3
2021-08-01,264.2118096959256,234,gbm_corr_top1_rand7,f2,3
2021-09-01,380.0798720672742,234,gbm_corr_top1_rand7,f2,3
2021-10-01,306.698691799124,234,gbm_corr_top1_rand7,f2,3
2021-11-01,315.88530657755035,234,gbm_corr_top1_rand7,f2,3
2021-12-01,474.6551435881285,234,gbm_corr_top1_rand7,f2,3
2022-01-01,404.5111880015353,234,gbm_corr_top1_rand7,f2,3
2022-02-01,348.33504096163085,234,gbm_corr_top1_rand7,f2,3
2022-03-01,529.4867753825707,234,gbm_corr_top1_rand7,f2,3
2022-04-01,422.7610249788136,234,gbm_corr_top1_rand7,f2,3
2022-05-01,369.72797727447943,234,gbm_corr_top1_rand7,f2,3
2022-06-01,310.30999342098255,234,gbm_corr_top1_rand7,f2,3
2021-02-01,395.84112932393845,234,mlp_corr_top1_rand7,f2,3
2021-03-01,307.215115582835,234,mlp_corr_top1_rand7,f2,3
2021-04-01,285.80389476329117,234,mlp_corr_top1_rand7,f2,3
2021-05-01,322.16627547881546,234,mlp_corr_top1_rand7,f2,3
2021-06-01,193.57936029391064,234,mlp_corr_top1_rand7,f2,3
2021-07-01,305.5238183896873,234,mlp_corr_top1_rand7,f2,3
2021-08-01,259.2445451338611,234,mlp_corr_top1_rand7,f2,3
2021-09-01,381.70206900152067,234,mlp_corr_top1_rand7,f2,3
2021-10-01,301.780112804208,234,mlp_corr_top1_rand7,f2,3
2021-11-01,311.04819697389536,234,mlp_corr_top1_rand7,f2,3
2021-12-01,469.8942615247409,234,mlp_corr_top1_rand7,f2,3
2022-01-01,397.9442671806757,234,mlp_corr_top1_rand7,f2,3
2022-02-01,345.60263121714314,234,mlp_corr_top1_rand7,f2,3
2022-03-01,534.644879004926,234,mlp_corr_top1_rand7,f2,3
2022-04-01,422.94686695852965,234,mlp_corr_top1_rand7,f2,3
2022-05-01,370.2155427410232,234,mlp_corr_top1_rand7,f2,3
2022-06-01,305.495027076903,234,mlp_corr_top1_rand7,f2,3
2021-02-01,394.7386784362252,234,gbm_corr_top1_2hop_rand7,f2,3
2021-03-01,304.1068938787997,234,gbm_corr_top1_2hop_rand7,f2,3
2021-04-01,287.9152046233072,234,gbm_corr_top1_2hop_rand7,f2,3
2021-05-01,312.89051283126366,234,gbm_corr_top1_2hop_rand7,f2,3
2021-06-01,194.65066720967468,234,gbm_corr_top1_2hop_rand7,f2,3
2021-07-01,307.7926344869702,234,gbm_corr_top1_2hop_rand7,f2,3
2021-08-01,264.4341810812935,234,gbm_corr_top1_2hop_rand7,f2,3
2021-09-01,378.12287267835075,234,gbm_corr_top1_2hop_rand7,f2,3
2021-10-01,310.04201683643464,234,gbm_corr_top1_2hop_rand7,f2,3
2021-11-01,314.2186123350264,234,gbm_corr_top1_2hop_rand7,f2,3
2021-12-01,476.9066983917863,234,gbm_corr_top1_2hop_rand7,f2,3
2022-01-01,404.7062092406711,234,gbm_corr_top1_2hop_rand7,f2,3
2022-02-01,345.20725929390665,234,gbm_corr_top1_2hop_rand7,f2,3
2022-03-01,532.1380250843829,234,gbm_corr_top1_2hop_rand7,f2,3
2022-04-01,427.322134396541,234,gbm_corr_top1_2hop_rand7,f2,3
2022-05-01,366.0062233926751,234,gbm_corr_top1_2hop_rand7,f2,3
2022-06-01,313.77900244972346,234,gbm_corr_top1_2hop_rand7,f2,3
2021-02-01,394.9268368861649,234,gbm_corr_top1_rand8,f2,3
2021-03-01,304.30058276700214,234,gbm_corr_top1_rand8,f2,3
2021-04-01,286.7851904326993,234,gbm_corr_top1_rand8,f2,3
2021-05-01,318.83371701325746,234,gbm_corr_top1_rand8,f2,3
2021-06-01,187.05650988377437,234,gbm_corr_top1_rand8,f2,3
2021-07-01,302.9472532616472,234,gbm_corr_top1_rand8,f2,3
2021-08-01,262.5466769064774,234,gbm_corr_top1_rand8,f2,3
2021-09-01,387.49240514321286,234,gbm_corr_top1_rand8,f2,3
2021-10-01,311.99229365648176,234,gbm_corr_top1_rand8,f2,3
2021-11-01,308.5322314153143,234,gbm_corr_top1_rand8,f2,3
2021-12-01,474.28486581264264,234,gbm_corr_top1_rand8,f2,3
2022-01-01,404.72536087511503,234,gbm_corr_top1_rand8,f2,3
2022-02-01,348.895529025088,234,gbm_corr_top1_rand8,f2,3
2022-03-01,533.8765050310484,234,gbm_corr_top1_rand8,f2,3
2022-04-01,424.0169610562781,234,gbm_corr_top1_rand8,f2,3
2022-05-01,368.25872198280535,234,gbm_corr_top1_rand8,f2,3
2022-06-01,309.1301130055957,234,gbm_corr_top1_rand8,f2,3
2021-02-01,397.41036364443937,234,mlp_corr_top1_rand8,f2,3
2021-03-01,306.51895672047806,234,mlp_corr_top1_rand8,f2,3
2021-04-01,282.09949268205315,234,mlp_corr_top1_rand8,f2,3
2021-05-01,317.85476818474217,234,mlp_corr_top1_rand8,f2,3
2021-06-01,193.52959581591548,234,mlp_corr_top1_rand8,f2,3
2021-07-01,308.177025522935,234,mlp_corr_top1_rand8,f2,3
2021-08-01,266.69605830010664,234,mlp_corr_top1_rand8,f2,3
2021-09-01,389.11162249366396,234,mlp_corr_top1_rand8,f2,3
2021-10-01,303.1835470755281,234,mlp_corr_top1_rand8,f2,3
2021-11-01,310.55830888108204,234,mlp_corr_top1_rand8,f2,3
2021-12-01,471.25432811949014,234,mlp_corr_top1_rand8,f2,3
2022-01-01,405.0397290135221,234,mlp_corr_top1_rand8,f2,3
2022-02-01,350.86572763390046,234,mlp_corr_top1_rand8,f2,3
2022-03-01,535.4510561343349,234,mlp_corr_top1_rand8,f2,3
2022-04-01,421.58555730660487,234,mlp_corr_top1_rand8,f2,3
2022-05-01,373.34716808434666,234,mlp_corr_top1_rand8,f2,3
2022-06-01,312.54521079750873,234,mlp_corr_top1_rand8,f2,3
2021-02-01,396.1346042620721,234,gbm_corr_top1_2hop_rand8,f2,3
2021-03-01,304.9321752341273,234,gbm_corr_top1_2hop_rand8,f2,3
2021-04-01,282.1815819763559,234,gbm_corr_top1_2hop_rand8,f2,3
2021-05-01,311.82204246796937,234,gbm_corr_top1_2hop_rand8,f2,3
2021-06-01,188.13583944121353,234,gbm_corr_top1_2hop_rand8,f2,3
2021-07-01,301.2923309227737,234,gbm_corr_top1_2hop_rand8,f2,3
2021-08-01,261.679364610327,234,gbm_corr_top1_2hop_rand8,f2,3
2021-09-01,385.4730949183585,234,gbm_corr_top1_2hop_rand8,f2,3
2021-10-01,310.087236867702,234,gbm_corr_top1_2hop_rand8,f2,3
2021-11-01,314.65082876640173,234,gbm_corr_top1_2hop_rand8,f2,3
2021-12-01,474.2958660620127,234,gbm_corr_top1_2hop_rand8,f2,3
2022-01-01,401.49895681984674,234,gbm_corr_top1_2hop_rand8,f2,3
2022-02-01,351.22170793027135,234,gbm_corr_top1_2hop_rand8,f2,3
2022-03-01,534.4285185787728,234,gbm_corr_top1_2hop_rand8,f2,3
2022-04-01,418.4598003012417,234,gbm_corr_top1_2hop_rand8,f2,3
2022-05-01,371.02721682324574,234,gbm_corr_top1_2hop_rand8,f2,3
2022-06-01,315.3420107934297,234,gbm_corr_top1_2hop_rand8,f2,3
2021-02-01,393.0426965817557,234,gbm_corr_top1_rand9,f2,3
2021-03-01,300.7030737602213,234,gbm_corr_top1_rand9,f2,3
2021-04-01,281.40480963565165,234,gbm_corr_top1_rand9,f2,3
2021-05-01,318.186170337578,234,gbm_corr_top1_rand9,f2,3
2021-06-01,188.3847324902917,234,gbm_corr_top1_rand9,f2,3
2021-07-01,304.91154425680054,234,gbm_corr_top1_rand9,f2,3
2021-08-01,261.5099666517501,234,gbm_corr_top1_rand9,f2,3
2021-09-01,383.7718377858539,234,gbm_corr_top1_rand9,f2,3
2021-10-01,307.5131418867594,234,gbm_corr_top1_rand9,f2,3
2021-11-01,311.8111907253568,234,gbm_corr_top1_rand9,f2,3
2021-12-01,479.14714476745286,234,gbm_corr_top1_rand9,f2,3
2022-01-01,404.7577728910233,234,gbm_corr_top1_rand9,f2,3
2022-02-01,350.36049911899124,234,gbm_corr_top1_rand9,f2,3
2022-03-01,535.6611134591074,234,gbm_corr_top1_rand9,f2,3
2022-04-01,425.471697418236,234,gbm_corr_top1_rand9,f2,3
2022-05-01,374.6762913212915,234,gbm_corr_top1_rand9,f2,3
2022-06-01,305.90770317624833,234,gbm_corr_top1_rand9,f2,3
2021-02-01,394.9701650974218,234,mlp_corr_top1_rand9,f2,3
2021-03-01,303.4601912373863,234,mlp_corr_top1_rand9,f2,3
2021-04-01,281.92189932538076,234,mlp_corr_top1_rand9,f2,3
2021-05-01,322.20411712633836,234,mlp_corr_top1_rand9,f2,3
2021-06-01,193.0279391798632,234,mlp_corr_top1_rand9,f2,3
2021-07-01,304.10414529483114,234,mlp_corr_top1_rand9,f2,3
2021-08-01,262.1377322574222,234,mlp_corr_top1_rand9,f2,3
2021-09-01,383.4613876331473,234,mlp_corr_top1_rand9,f2,3
2021-10-01,303.701170980827,234,mlp_corr_top1_rand9,f2,3
2021-11-01,312.4282049291477,234,mlp_corr_top1_rand9,f2,3
2021-12-01,472.4193663111499,234,mlp_corr_top1_rand9,f2,3
2022-01-01,400.25512994568476,234,mlp_corr_top1_rand9,f2,3
2022-02-01,352.1833184651678,234,mlp_corr_top1_rand9,f2,3
2022-03-01,539.5946287714055,234,mlp_corr_top1_rand9,f2,3
2022-04-01,424.4182702599576,234,mlp_corr_top1_rand9,f2,3
2022-05-01,376.870582298306,234,mlp_corr_top1_rand9,f2,3
2022-06-01,310.49319462135304,234,mlp_corr_top1_rand9,f2,3
2021-02-01,393.93674009388184,234,gbm_corr_top1_2hop_rand9,f2,3
2021-03-01,299.9292228412028,234,gbm_corr_top1_2hop_rand9,f2,3
2021-04-01,282.80955303579736,234,gbm_corr_top1_2hop_rand9,f2,3
2021-05-01,320.1994461363626,234,gbm_corr_top1_2hop_rand9,f2,3
2021-06-01,188.7233057502741,234,gbm_corr_top1_2hop_rand9,f2,3
2021-07-01,304.1614260279501,234,gbm_corr_top1_2hop_rand9,f2,3
2021-08-01,262.05401363027954,234,gbm_corr_top1_2hop_rand9,f2,3
2021-09-01,384.02218631140516,234,gbm_corr_top1_2hop_rand9,f2,3
2021-10-01,312.3351599394083,234,gbm_corr_top1_2hop_rand9,f2,3
2021-11-01,318.27599000732977,234,gbm_corr_top1_2hop_rand9,f2,3
2021-12-01,475.00652461775877,234,gbm_corr_top1_2hop_rand9,f2,3
2022-01-01,406.3905862060623,234,gbm_corr_top1_2hop_rand9,f2,3
2022-02-01,353.6346542371718,234,gbm_corr_top1_2hop_rand9,f2,3
2022-03-01,541.2045513125003,234,gbm_corr_top1_2hop_rand9,f2,3
2022-04-01,425.2244789118375,234,gbm_corr_top1_2hop_rand9,f2,3
2022-05-01,373.7447166675596,234,gbm_corr_top1_2hop_rand9,f2,3
2022-06-01,308.9762109353502,234,gbm_corr_top1_2hop_rand9,f2,3
2021-02-01,397.3587240878451,234,gbm_corr_top1_rand10,f2,3
2021-03-01,302.72791453009677,234,gbm_corr_top1_rand10,f2,3
2021-04-01,281.8801261953372,234,gbm_corr_top1_rand10,f2,3
2021-05-01,322.40380361321223,234,gbm_corr_top1_rand10,f2,3
2021-06-01,189.57641813545308,234,gbm_corr_top1_rand10,f2,3
2021-07-01,305.09909845727645,234,gbm_corr_top1_rand10,f2,3
2021-08-01,262.9923334625926,234,gbm_corr_top1_rand10,f2,3
2021-09-01,381.47291283846783,234,gbm_corr_top1_rand10,f2,3
2021-10-01,301.56070219975356,234,gbm_corr_top1_rand10,f2,3
2021-11-01,311.1934975632893,234,gbm_corr_top1_rand10,f2,3
2021-12-01,476.49507256802013,234,gbm_corr_top1_rand10,f2,3
2022-01-01,405.0214332243378,234,gbm_corr_top1_rand10,f2,3
2022-02-01,351.42092132159894,234,gbm_corr_top1_rand10,f2,3
2022-03-01,547.142806301313,234,gbm_corr_top1_rand10,f2,3
2022-04-01,411.03537562879933,234,gbm_corr_top1_rand10,f2,3
2022-05-01,366.55898424830696,234,gbm_corr_top1_rand10,f2,3
2022-06-01,306.57926112525956,234,gbm_corr_top1_rand10,f2,3
2021-02-01,397.08611500760406,234,mlp_corr_top1_rand10,f2,3
2021-03-01,304.1136419341676,234,mlp_corr_top1_rand10,f2,3
2021-04-01,281.51823010128464,234,mlp_corr_top1_rand10,f2,3
2021-05-01,320.1169390253618,234,mlp_corr_top1_rand10,f2,3
2021-06-01,189.29093150520936,234,mlp_corr_top1_rand10,f2,3
2021-07-01,302.64629926576515,234,mlp_corr_top1_rand10,f2,3
2021-08-01,265.13072289496625,234,mlp_corr_top1_rand10,f2,3
2021-09-01,385.6203070380743,234,mlp_corr_top1_rand10,f2,3
2021-10-01,302.66998356202635,234,mlp_corr_top1_rand10,f2,3
2021-11-01,315.9103693732964,234,mlp_corr_top1_rand10,f2,3
2021-12-01,471.3223257194671,234,mlp_corr_top1_rand10,f2,3
2022-01-01,404.6770122632056,234,mlp_corr_top1_rand10,f2,3
2022-02-01,351.00365447333064,234,mlp_corr_top1_rand10,f2,3
2022-03-01,532.3449610774583,234,mlp_corr_top1_rand10,f2,3
2022-04-01,412.61058957463877,234,mlp_corr_top1_rand10,f2,3
2022-05-01,368.27501027190146,234,mlp_corr_top1_rand10,f2,3
2022-06-01,307.8163726564754,234,mlp_corr_top1_rand10,f2,3
2021-02-01,395.2218794863885,234,gbm_corr_top1_2hop_rand10,f2,3
2021-03-01,302.59030896706213,234,gbm_corr_top1_2hop_rand10,f2,3
2021-04-01,284.67614349956995,234,gbm_corr_top1_2hop_rand10,f2,3
2021-05-01,321.46690141742573,234,gbm_corr_top1_2hop_rand10,f2,3
2021-06-01,189.2426074252458,234,gbm_corr_top1_2hop_rand10,f2,3
2021-07-01,303.09274815853695,234,gbm_corr_top1_2hop_rand10,f2,3
2021-08-01,261.34296958205715,234,gbm_corr_top1_2hop_rand10,f2,3
2021-09-01,383.2091144542934,234,gbm_corr_top1_2hop_rand10,f2,3
2021-10-01,298.96206737088875,234,gbm_corr_top1_2hop_rand10,f2,3
2021-11-01,304.98533067066955,234,gbm_corr_top1_2hop_rand10,f2,3
2021-12-01,474.43859030078943,234,gbm_corr_top1_2hop_rand10,f2,3
2022-01-01,406.2117831443905,234,gbm_corr_top1_2hop_rand10,f2,3
2022-02-01,345.03943253706507,234,gbm_corr_top1_2hop_rand10,f2,3
2022-03-01,545.2407458532217,234,gbm_corr_top1_2hop_rand10,f2,3
2022-04-01,414.3111415005363,234,gbm_corr_top1_2hop_rand10,f2,3
2022-05-01,365.8996225520851,234,gbm_corr_top1_2hop_rand10,f2,3
2022-06-01,307.831481199388,234,gbm_corr_top1_2hop_rand10,f2,3
2021-02-01,392.85639964793353,234,gbm_corr_top1_rand11,f2,3
2021-03-01,304.9126721720789,234,gbm_corr_top1_rand11,f2,3
2021-04-01,288.88691644130506,234,gbm_corr_top1_rand11,f2,3
2021-05-01,328.35463301242004,234,gbm_corr_top1_rand11,f2,3
2021-06-01,202.78837090850396,234,gbm_corr_top1_rand11,f2,3
2021-07-01,309.0188942234114,234,gbm_corr_top1_rand11,f2,3
2021-08-01,269.0091945200668,234,gbm_corr_top1_rand11,f2,3
2021-09-01,382.02977698968147,234,gbm_corr_top1_rand11,f2,3
2021-10-01,312.80834522273005,234,gbm_corr_top1_rand11,f2,3
2021-11-01,313.46273473825244,234,gbm_corr_top1_rand11,f2,3
2021-12-01,474.86752288179764,234,gbm_corr_top1_rand11,f2,3
2022-01-01,400.9951898245517,234,gbm_corr_top1_rand11,f2,3
2022-02-01,350.4388169107458,234,gbm_corr_top1_rand11,f2,3
2022-03-01,530.8586655843279,234,gbm_corr_top1_rand11,f2,3
2022-04-01,421.45211950872806,234,gbm_corr_top1_rand11,f2,3
2022-05-01,376.15566633189525,234,gbm_corr_top1_rand11,f2,3
2022-06-01,305.81954591270306,234,gbm_corr_top1_rand11,f2,3
2021-02-01,392.7421143463781,234,mlp_corr_top1_rand11,f2,3
2021-03-01,301.516479336022,234,mlp_corr_top1_rand11,f2,3
2021-04-01,283.85503716022515,234,mlp_corr_top1_rand11,f2,3
2021-05-01,326.0911513238802,234,mlp_corr_top1_rand11,f2,3
2021-06-01,194.51233857725848,234,mlp_corr_top1_rand11,f2,3
2021-07-01,301.5218254042548,234,mlp_corr_top1_rand11,f2,3
2021-08-01,263.8429695633631,234,mlp_corr_top1_rand11,f2,3
2021-09-01,381.60324311476177,234,mlp_corr_top1_rand11,f2,3
2021-10-01,303.2674913064969,234,mlp_corr_top1_rand11,f2,3
2021-11-01,308.62154854632246,234,mlp_corr_top1_rand11,f2,3
2021-12-01,468.56843314835146,234,mlp_corr_top1_rand11,f2,3
2022-01-01,394.6342221312289,234,mlp_corr_top1_rand11,f2,3
2022-02-01,349.6221800367228,234,mlp_corr_top1_rand11,f2,3
2022-03-01,531.3164424138836,234,mlp_corr_top1_rand11,f2,3
2022-04-01,417.65972432182645,234,mlp_corr_top1_rand11,f2,3
2022-05-01,368.4782742821545,234,mlp_corr_top1_rand11,f2,3
2022-06-01,307.6692369286699,234,mlp_corr_top1_rand11,f2,3
2021-02-01,394.7472735765633,234,gbm_corr_top1_2hop_rand11,f2,3
2021-03-01,301.33899476167903,234,gbm_corr_top1_2hop_rand11,f2,3
2021-04-01,284.8189807576913,234,gbm_corr_top1_2hop_rand11,f2,3
2021-05-01,331.2937638817308,234,gbm_corr_top1_2hop_rand11,f2,3
2021-06-01,199.2970719887697,234,gbm_corr_top1_2hop_rand11,f2,3
2021-07-01,306.44795051815674,234,gbm_corr_top1_2hop_rand11,f2,3
2021-08-01,268.23239800597565,234,gbm_corr_top1_2hop_rand11,f2,3
2021-09-01,384.03498304969884,234,gbm_corr_top1_2hop_rand11,f2,3
2021-10-01,310.1516509264462,234,gbm_corr_top1_2hop_rand11,f2,3
2021-11-01,311.4698081490223,234,gbm_corr_top1_2hop_rand11,f2,3
2021-12-01,468.02973190045344,234,gbm_corr_top1_2hop_rand11,f2,3
2022-01-01,402.9601602950644,234,gbm_corr_top1_2hop_rand11,f2,3
2022-02-01,348.4110041858206,234,gbm_corr_top1_2hop_rand11,f2,3
2022-03-01,522.2106852219805,234,gbm_corr_top1_2hop_rand11,f2,3
2022-04-01,417.4297751369531,234,gbm_corr_top1_2hop_rand11,f2,3
2022-05-01,373.9818934505337,234,gbm_corr_top1_2hop_rand11,f2,3
2022-06-01,307.9844221968583,234,gbm_corr_top1_2hop_rand11,f2,3
2021-02-01,399.1073519414909,234,gbm_corr_top1_rand12,f2,3
2021-03-01,305.23629631889685,234,gbm_corr_top1_rand12,f2,3
2021-04-01,288.30196875118435,234,gbm_corr_top1_rand12,f2,3
2021-05-01,320.7868882479461,234,gbm_corr_top1_rand12,f2,3
2021-06-01,199.7305854750713,234,gbm_corr_top1_rand12,f2,3
2021-07-01,307.94633489379214,234,gbm_corr_top1_rand12,f2,3
2021-08-01,267.37340514068046,234,gbm_corr_top1_rand12,f2,3
2021-09-01,382.51396301360785,234,gbm_corr_top1_rand12,f2,3
2021-10-01,311.49873714349627,234,gbm_corr_top1_rand12,f2,3
2021-11-01,312.10838243376696,234,gbm_corr_top1_rand12,f2,3
2021-12-01,479.30843861430327,234,gbm_corr_top1_rand12,f2,3
2022-01-01,407.82247893591716,234,gbm_corr_top1_rand12,f2,3
2022-02-01,350.7596674723598,234,gbm_corr_top1_rand12,f2,3
2022-03-01,532.1985257910375,234,gbm_corr_top1_rand12,f2,3
2022-04-01,422.03160494145425,234,gbm_corr_top1_rand12,f2,3
2022-05-01,371.84577551260594,234,gbm_corr_top1_rand12,f2,3
2022-06-01,317.9822297016853,234,gbm_corr_top1_rand12,f2,3
2021-02-01,397.8157151842382,234,mlp_corr_top1_rand12,f2,3
2021-03-01,303.9885552817597,234,mlp_corr_top1_rand12,f2,3
2021-04-01,284.66810010972875,234,mlp_corr_top1_rand12,f2,3
2021-05-01,321.2010248076411,234,mlp_corr_top1_rand12,f2,3
2021-06-01,195.6571603689572,234,mlp_corr_top1_rand12,f2,3
2021-07-01,305.4523010115127,234,mlp_corr_top1_rand12,f2,3
2021-08-01,261.11302626668294,234,mlp_corr_top1_rand12,f2,3
2021-09-01,379.0971329580087,234,mlp_corr_top1_rand12,f2,3
2021-10-01,303.75038077129784,234,mlp_corr_top1_rand12,f2,3
2021-11-01,314.5856551330804,234,mlp_corr_top1_rand12,f2,3
2021-12-01,474.57013492107086,234,mlp_corr_top1_rand12,f2,3
2022-01-01,405.6351480749255,234,mlp_corr_top1_rand12,f2,3
2022-02-01,350.5099833621766,234,mlp_corr_top1_rand12,f2,3
2022-03-01,535.8667365246919,234,mlp_corr_top1_rand12,f2,3
2022-04-01,418.82934319815814,234,mlp_corr_top1_rand12,f2,3
2022-05-01,367.5138219608525,234,mlp_corr_top1_rand12,f2,3
2022-06-01,308.4724316540867,234,mlp_corr_top1_rand12,f2,3
2021-02-01,399.0572616314482,234,gbm_corr_top1_2hop_rand12,f2,3
2021-03-01,307.4196230283022,234,gbm_corr_top1_2hop_rand12,f2,3
2021-04-01,285.20608022153453,234,gbm_corr_top1_2hop_rand12,f2,3
2021-05-01,319.60765975141845,234,gbm_corr_top1_2hop_rand12,f2,3
2021-06-01,203.15163053445985,234,gbm_corr_top1_2hop_rand12,f2,3
2021-07-01,312.76725990766204,234,gbm_corr_top1_2hop_rand12,f2,3
2021-08-01,266.8556356085729,234,gbm_corr_top1_2hop_rand12,f2,3
2021-09-01,380.1396391771855,234,gbm_corr_top1_2hop_rand12,f2,3
2021-10-01,303.16902160427117,234,gbm_corr_top1_2hop_rand12,f2,3
2021-11-01,314.2508025303751,234,gbm_corr_top1_2hop_rand12,f2,3
2021-12-01,476.11022123835977,234,gbm_corr_top1_2hop_rand12,f2,3
2022-01-01,406.85787403787873,234,gbm_corr_top1_2hop_rand12,f2,3
2022-02-01,347.62331850534537,234,gbm_corr_top1_2hop_rand12,f2,3
2022-03-01,529.5290446179454,234,gbm_corr_top1_2hop_rand12,f2,3
2022-04-01,429.32613969251736,234,gbm_corr_top1_2hop_rand12,f2,3
2022-05-01,374.8829170653876,234,gbm_corr_top1_2hop_rand12,f2,3
2022-06-01,310.7771603355883,234,gbm_corr_top1_2hop_rand12,f2,3
2021-02-01,397.1759834038488,234,gbm_corr_top1_rand13,f2,3
2021-03-01,302.56627975609734,234,gbm_corr_top1_rand13,f2,3
2021-04-01,285.60198548714334,234,gbm_corr_top1_rand13,f2,3
2021-05-01,317.2310870748165,234,gbm_corr_top1_rand13,f2,3
2021-06-01,190.87879372810076,234,gbm_corr_top1_rand13,f2,3
2021-07-01,309.4545009274726,234,gbm_corr_top1_rand13,f2,3
2021-08-01,264.8027831879544,234,gbm_corr_top1_rand13,f2,3
2021-09-01,383.8821703915735,234,gbm_corr_top1_rand13,f2,3
2021-10-01,307.61586901311296,234,gbm_corr_top1_rand13,f2,3
2021-11-01,313.9218005482918,234,gbm_corr_top1_rand13,f2,3
2021-12-01,468.3634611990023,234,gbm_corr_top1_rand13,f2,3
2022-01-01,406.080083439273,234,gbm_corr_top1_rand13,f2,3
2022-02-01,342.1306059128866,234,gbm_corr_top1_rand13,f2,3
2022-03-01,524.9774885501753,234,gbm_corr_top1_rand13,f2,3
2022-04-01,415.65844004225215,234,gbm_corr_top1_rand13,f2,3
2022-05-01,372.65065891820177,234,gbm_corr_top1_rand13,f2,3
2022-06-01,308.1672658248113,234,gbm_corr_top1_rand13,f2,3
2021-02-01,394.90870854473,234,mlp_corr_top1_rand13,f2,3
2021-03-01,303.84874780490605,234,mlp_corr_top1_rand13,f2,3
2021-04-01,284.83933468978995,234,mlp_corr_top1_rand13,f2,3
2021-05-01,322.1435194072559,234,mlp_corr_top1_rand13,f2,3
2021-06-01,194.37442541568063,234,mlp_corr_top1_rand13,f2,3
2021-07-01,305.4203980855822,234,mlp_corr_top1_rand13,f2,3
2021-08-01,265.4157434501357,234,mlp_corr_top1_rand13,f2,3
2021-09-01,384.052046309715,234,mlp_corr_top1_rand13,f2,3
2021-10-01,307.00214471570763,234,mlp_corr_top1_rand13,f2,3
2021-11-01,313.1879149866724,234,mlp_corr_top1_rand13,f2,3
2021-12-01,475.8706990462419,234,mlp_corr_top1_rand13,f2,3
2022-01-01,404.81380060889876,234,mlp_corr_top1_rand13,f2,3
2022-02-01,353.28965723130403,234,mlp_corr_top1_rand13,f2,3
2022-03-01,538.0103199300858,234,mlp_corr_top1_rand13,f2,3
2022-04-01,424.9277259342346,234,mlp_corr_top1_rand13,f2,3
2022-05-01,377.1027619529485,234,mlp_corr_top1_rand13,f2,3
2022-06-01,306.8236527421861,234,mlp_corr_top1_rand13,f2,3
2021-02-01,391.8997712247987,234,gbm_corr_top1_2hop_rand13,f2,3
2021-03-01,303.3902556199577,234,gbm_corr_top1_2hop_rand13,f2,3
2021-04-01,281.31723958348425,234,gbm_corr_top1_2hop_rand13,f2,3
2021-05-01,314.3246450134185,234,gbm_corr_top1_2hop_rand13,f2,3
2021-06-01,192.38816689033175,234,gbm_corr_top1_2hop_rand13,f2,3
2021-07-01,298.398322226206,234,gbm_corr_top1_2hop_rand13,f2,3
2021-08-01,264.8664970046368,234,gbm_corr_top1_2hop_rand13,f2,3
2021-09-01,381.47119229758715,234,gbm_corr_top1_2hop_rand13,f2,3
2021-10-01,310.8297688141078,234,gbm_corr_top1_2hop_rand13,f2,3
2021-11-01,316.20736985423326,234,gbm_corr_top1_2hop_rand13,f2,3
2021-12-01,470.3825020802175,234,gbm_corr_top1_2hop_rand13,f2,3
2022-01-01,404.732364880681,234,gbm_corr_top1_2hop_rand13,f2,3
2022-02-01,344.5195586085334,234,gbm_corr_top1_2hop_rand13,f2,3
2022-03-01,531.683241726046,234,gbm_corr_top1_2hop_rand13,f2,3
2022-04-01,413.04359440606646,234,gbm_corr_top1_2hop_rand13,f2,3
2022-05-01,373.0030977558524,234,gbm_corr_top1_2hop_rand13,f2,3
2022-06-01,306.6448141716515,234,gbm_corr_top1_2hop_rand13,f2,3
2021-02-01,395.3252614252335,234,gbm_corr_top1_rand14,f2,3
2021-03-01,302.3005783307201,234,gbm_corr_top1_rand14,f2,3
2021-04-01,278.6775021858423,234,gbm_corr_top1_rand14,f2,3
2021-05-01,320.3205956154209,234,gbm_corr_top1_rand14,f2,3
2021-06-01,191.60177276406714,234,gbm_corr_top1_rand14,f2,3
2021-07-01,308.83863001432013,234,gbm_corr_top1_rand14,f2,3
2021-08-01,264.1593198011666,234,gbm_corr_top1_rand14,f2,3
2021-09-01,385.9685267703342,234,gbm_corr_top1_rand14,f2,3
2021-10-01,307.8029096596177,234,gbm_corr_top1_rand14,f2,3
2021-11-01,310.905656713037,234,gbm_corr_top1_rand14,f2,3
2021-12-01,467.36312406229683,234,gbm_corr_top1_rand14,f2,3
2022-01-01,399.3093244261682,234,gbm_corr_top1_rand14,f2,3
2022-02-01,345.98204649382086,234,gbm_corr_top1_rand14,f2,3
2022-03-01,537.9733810518871,234,gbm_corr_top1_rand14,f2,3
2022-04-01,420.1794647268379,234,gbm_corr_top1_rand14,f2,3
2022-05-01,368.5073396476553,234,gbm_corr_top1_rand14,f2,3
2022-06-01,305.9757164784225,234,gbm_corr_top1_rand14,f2,3
2021-02-01,397.2151340928086,234,mlp_corr_top1_rand14,f2,3
2021-03-01,305.0982859989361,234,mlp_corr_top1_rand14,f2,3
2021-04-01,281.5147806228603,234,mlp_corr_top1_rand14,f2,3
2021-05-01,320.3488470059945,234,mlp_corr_top1_rand14,f2,3
2021-06-01,193.29946345957396,234,mlp_corr_top1_rand14,f2,3
2021-07-01,309.72877574670105,234,mlp_corr_top1_rand14,f2,3
2021-08-01,263.3314493553917,234,mlp_corr_top1_rand14,f2,3
2021-09-01,383.9704914682582,234,mlp_corr_top1_rand14,f2,3
2021-10-01,305.970592720346,234,mlp_corr_top1_rand14,f2,3
2021-11-01,310.58522277369536,234,mlp_corr_top1_rand14,f2,3
2021-12-01,469.47928756880333,234,mlp_corr_top1_rand14,f2,3
2022-01-01,398.96874951901765,234,mlp_corr_top1_rand14,f2,3
2022-02-01,350.124127478671,234,mlp_corr_top1_rand14,f2,3
2022-03-01,539.9728685357369,234,mlp_corr_top1_rand14,f2,3
2022-04-01,423.50987393430756,234,mlp_corr_top1_rand14,f2,3
2022-05-01,372.6579221105171,234,mlp_corr_top1_rand14,f2,3
2022-06-01,308.63330251499315,234,mlp_corr_top1_rand14,f2,3
2021-02-01,396.27161492536396,234,gbm_corr_top1_2hop_rand14,f2,3
2021-03-01,301.82299887387563,234,gbm_corr_top1_2hop_rand14,f2,3
2021-04-01,278.6761703035963,234,gbm_corr_top1_2hop_rand14,f2,3
2021-05-01,320.76906365895223,234,gbm_corr_top1_2hop_rand14,f2,3
2021-06-01,194.45989782386002,234,gbm_corr_top1_2hop_rand14,f2,3
2021-07-01,308.6334006068775,234,gbm_corr_top1_2hop_rand14,f2,3
2021-08-01,262.5201037524846,234,gbm_corr_top1_2hop_rand14,f2,3
2021-09-01,390.8932611558877,234,gbm_corr_top1_2hop_rand14,f2,3
2021-10-01,310.0247199112392,234,gbm_corr_top1_2hop_rand14,f2,3
2021-11-01,311.85607419321775,234,gbm_corr_top1_2hop_rand14,f2,3
2021-12-01,470.1559391601053,234,gbm_corr_top1_2hop_rand14,f2,3
2022-01-01,400.89863342367295,234,gbm_corr_top1_2hop_rand14,f2,3
2022-02-01,338.5878429331575,234,gbm_corr_top1_2hop_rand14,f2,3
2022-03-01,524.189790399561,234,gbm_corr_top1_2hop_rand14,f2,3
2022-04-01,416.036103499323,234,gbm_corr_top1_2hop_rand14,f2,3
2022-05-01,370.1946536738952,234,gbm_corr_top1_2hop_rand14,f2,3
2022-06-01,308.4929450737731,234,gbm_corr_top1_2hop_rand14,f2,3
2021-02-01,396.82057842285616,234,gbm_corr_top1_rand15,f2,3
2021-03-01,303.0645831495803,234,gbm_corr_top1_rand15,f2,3
2021-04-01,284.9670304669995,234,gbm_corr_top1_rand15,f2,3
2021-05-01,325.2326534590527,234,gbm_corr_top1_rand15,f2,3
2021-06-01,193.690811161903,234,gbm_corr_top1_rand15,f2,3
2021-07-01,310.55622188236464,234,gbm_corr_top1_rand15,f2,3
2021-08-01,267.1659027198309,234,gbm_corr_top1_rand15,f2,3
2021-09-01,380.7790777225324,234,gbm_corr_top1_rand15,f2,3
2021-10-01,305.7913847576643,234,gbm_corr_top1_rand15,f2,3
2021-11-01,310.16180147278266,234,gbm_corr_top1_rand15,f2,3
2021-12-01,480.0323344698732,234,gbm_corr_top1_rand15,f2,3
2022-01-01,404.15860255625785,234,gbm_corr_top1_rand15,f2,3
2022-02-01,353.94988259410803,234,gbm_corr_top1_rand15,f2,3
2022-03-01,542.9517807933863,234,gbm_corr_top1_rand15,f2,3
2022-04-01,419.824134777939,234,gbm_corr_top1_rand15,f2,3
2022-05-01,376.6703902131743,234,gbm_corr_top1_rand15,f2,3
2022-06-01,309.64412860172257,234,gbm_corr_top1_rand15,f2,3
2021-02-01,396.5863152943533,234,mlp_corr_top1_rand15,f2,3
2021-03-01,305.9741408950136,234,mlp_corr_top1_rand15,f2,3
2021-04-01,282.29824384969277,234,mlp_corr_top1_rand15,f2,3
2021-05-01,322.26602412760076,234,mlp_corr_top1_rand15,f2,3
2021-06-01,194.53171847736152,234,mlp_corr_top1_rand15,f2,3
2021-07-01,311.77912171667555,234,mlp_corr_top1_rand15,f2,3
2021-08-01,265.9683047584734,234,mlp_corr_top1_rand15,f2,3
2021-09-01,381.427656610483,234,mlp_corr_top1_rand15,f2,3
2021-10-01,307.8440119512152,234,mlp_corr_top1_rand15,f2,3
2021-11-01,317.81952108348196,234,mlp_corr_top1_rand15,f2,3
2021-12-01,480.7932495307407,234,mlp_corr_top1_rand15,f2,3
2022-01-01,403.1193207010376,234,mlp_corr_top1_rand15,f2,3
2022-02-01,356.817679547734,234,mlp_corr_top1_rand15,f2,3
2022-03-01,534.6707945959755,234,mlp_corr_top1_rand15,f2,3
2022-04-01,425.5704039735856,234,mlp_corr_top1_rand15,f2,3
2022-05-01,378.15515634500105,234,mlp_corr_top1_rand15,f2,3
2022-06-01,310.2547354180822,234,mlp_corr_top1_rand15,f2,3
2021-02-01,398.90003689998895,234,gbm_corr_top1_2hop_rand15,f2,3
2021-03-01,298.0151205510625,234,gbm_corr_top1_2hop_rand15,f2,3
2021-04-01,285.6131902211477,234,gbm_corr_top1_2hop_rand15,f2,3
2021-05-01,318.3625928107078,234,gbm_corr_top1_2hop_rand15,f2,3
2021-06-01,194.53613245275443,234,gbm_corr_top1_2hop_rand15,f2,3
2021-07-01,313.49965212327817,234,gbm_corr_top1_2hop_rand15,f2,3
2021-08-01,271.6894770664838,234,gbm_corr_top1_2hop_rand15,f2,3
2021-09-01,380.2803600504656,234,gbm_corr_top1_2hop_rand15,f2,3
2021-10-01,313.5872441437406,234,gbm_corr_top1_2hop_rand15,f2,3
2021-11-01,317.58957135781077,234,gbm_corr_top1_2hop_rand15,f2,3
2021-12-01,487.3905673026675,234,gbm_corr_top1_2hop_rand15,f2,3
2022-01-01,409.2976729181299,234,gbm_corr_top1_2hop_rand15,f2,3
2022-02-01,358.11405430286356,234,gbm_corr_top1_2hop_rand15,f2,3
2022-03-01,538.9710688389333,234,gbm_corr_top1_2hop_rand15,f2,3
2022-04-01,424.4004393068119,234,gbm_corr_top1_2hop_rand15,f2,3
2022-05-01,375.3437478256662,234,gbm_corr_top1_2hop_rand15,f2,3
2022-06-01,310.35723684928934,234,gbm_corr_top1_2hop_rand15,f2,3
2021-02-01,394.5881440312137,234,gbm_corr_top1_rand16,f2,3
2021-03-01,302.1140354267531,234,gbm_corr_top1_rand16,f2,3
2021-04-01,280.11508578057345,234,gbm_corr_top1_rand16,f2,3
2021-05-01,314.08726321806273,234,gbm_corr_top1_rand16,f2,3
2021-06-01,191.5847348417671,234,gbm_corr_top1_rand16,f2,3
2021-07-01,299.01403639253476,234,gbm_corr_top1_rand16,f2,3
2021-08-01,264.5188045615719,234,gbm_corr_top1_rand16,f2,3
2021-09-01,379.7136358513345,234,gbm_corr_top1_rand16,f2,3
2021-10-01,306.6908667284191,234,gbm_corr_top1_rand16,f2,3
2021-11-01,309.9399821998022,234,gbm_corr_top1_rand16,f2,3
2021-12-01,471.7348277005561,234,gbm_corr_top1_rand16,f2,3
2022-01-01,402.0133960249597,234,gbm_corr_top1_rand16,f2,3
2022-02-01,345.40693967961903,234,gbm_corr_top1_rand16,f2,3
2022-03-01,524.4435260109873,234,gbm_corr_top1_rand16,f2,3
2022-04-01,413.0293802851254,234,gbm_corr_top1_rand16,f2,3
2022-05-01,370.17875071149246,234,gbm_corr_top1_rand16,f2,3
2022-06-01,300.4150984776599,234,gbm_corr_top1_rand16,f2,3
2021-02-01,401.0431489100124,234,mlp_corr_top1_rand16,f2,3
2021-03-01,303.0424882523631,234,mlp_corr_top1_rand16,f2,3
2021-04-01,279.87982825018713,234,mlp_corr_top1_rand16,f2,3
2021-05-01,315.2705627933857,234,mlp_corr_top1_rand16,f2,3
2021-06-01,190.02657633672024,234,mlp_corr_top1_rand16,f2,3
2021-07-01,299.054985880216,234,mlp_corr_top1_rand16,f2,3
2021-08-01,264.9972467460731,234,mlp_corr_top1_rand16,f2,3
2021-09-01,383.7101186011047,234,mlp_corr_top1_rand16,f2,3
2021-10-01,299.1994431013735,234,mlp_corr_top1_rand16,f2,3
2021-11-01,305.72167439132255,234,mlp_corr_top1_rand16,f2,3
2021-12-01,471.4684082191536,234,mlp_corr_top1_rand16,f2,3
2022-01-01,405.4713473519052,234,mlp_corr_top1_rand16,f2,3
2022-02-01,347.3992189374374,234,mlp_corr_top1_rand16,f2,3
2022-03-01,528.6602514082173,234,mlp_corr_top1_rand16,f2,3
2022-04-01,414.55342718854797,234,mlp_corr_top1_rand16,f2,3
2022-05-01,366.15891968808796,234,mlp_corr_top1_rand16,f2,3
2022-06-01,307.1408946622918,234,mlp_corr_top1_rand16,f2,3
2021-02-01,393.5717684591352,234,gbm_corr_top1_2hop_rand16,f2,3
2021-03-01,300.6938901152932,234,gbm_corr_top1_2hop_rand16,f2,3
2021-04-01,281.2542276382663,234,gbm_corr_top1_2hop_rand16,f2,3
2021-05-01,319.02675497454936,234,gbm_corr_top1_2hop_rand16,f2,3
2021-06-01,191.12352556130364,234,gbm_corr_top1_2hop_rand16,f2,3
2021-07-01,300.56982140778814,234,gbm_corr_top1_2hop_rand16,f2,3
2021-08-01,262.2697854581345,234,gbm_corr_top1_2hop_rand16,f2,3
2021-09-01,383.32070515261887,234,gbm_corr_top1_2hop_rand16,f2,3
2021-10-01,302.87225976843143,234,gbm_corr_top1_2hop_rand16,f2,3
2021-11-01,312.42339721470535,234,gbm_corr_top1_2hop_rand16,f2,3
2021-12-01,470.37257313204873,234,gbm_corr_top1_2hop_rand16,f2,3
2022-01-01,394.07342141914023,234,gbm_corr_top1_2hop_rand16,f2,3
2022-02-01,341.7789123468851,234,gbm_corr_top1_2hop_rand16,f2,3
2022-03-01,525.0739563465511,234,gbm_corr_top1_2hop_rand16,f2,3
2022-04-01,415.7286403111765,234,gbm_corr_top1_2hop_rand16,f2,3
2022-05-01,370.50210407608307,234,gbm_corr_top1_2hop_rand16,f2,3
2022-06-01,298.84953043594066,234,gbm_corr_top1_2hop_rand16,f2,3
2021-02-01,398.18877163008176,234,gbm_corr_top1_rand17,f2,3
2021-03-01,298.6867079725469,234,gbm_corr_top1_rand17,f2,3
2021-04-01,282.0875939970087,234,gbm_corr_top1_rand17,f2,3
2021-05-01,314.49335046411034,234,gbm_corr_top1_rand17,f2,3
2021-06-01,190.77286523654064,234,gbm_corr_top1_rand17,f2,3
2021-07-01,299.99993392621013,234,gbm_corr_top1_rand17,f2,3
2021-08-01,264.0596228975006,234,gbm_corr_top1_rand17,f2,3
2021-09-01,380.36163845102993,234,gbm_corr_top1_rand17,f2,3
2021-10-01,307.2540100921531,234,gbm_corr_top1_rand17,f2,3
2021-11-01,308.8480898022002,234,gbm_corr_top1_rand17,f2,3
2021-12-01,473.83336643440487,234,gbm_corr_top1_rand17,f2,3
2022-01-01,396.59598582604036,234,gbm_corr_top1_rand17,f2,3
2022-02-01,354.7543364873284,234,gbm_corr_top1_rand17,f2,3
2022-03-01,539.1522933031947,234,gbm_corr_top1_rand17,f2,3
2022-04-01,414.8420104712605,234,gbm_corr_top1_rand17,f2,3
2022-05-01,374.1954898348536,234,gbm_corr_top1_rand17,f2,3
2022-06-01,304.6539530166745,234,gbm_corr_top1_rand17,f2,3
2021-02-01,397.55734533057483,234,mlp_corr_top1_rand17,f2,3
2021-03-01,299.603600975276,234,mlp_corr_top1_rand17,f2,3
2021-04-01,278.77558102952554,234,mlp_corr_top1_rand17,f2,3
2021-05-01,319.2537184915972,234,mlp_corr_top1_rand17,f2,3
2021-06-01,190.3519459062509,234,mlp_corr_top1_rand17,f2,3
2021-07-01,300.2535423313997,234,mlp_corr_top1_rand17,f2,3
2021-08-01,259.0652572872757,234,mlp_corr_top1_rand17,f2,3
2021-09-01,378.6744171306421,234,mlp_corr_top1_rand17,f2,3
2021-10-01,298.228504112779,234,mlp_corr_top1_rand17,f2,3
2021-11-01,303.7460382851846,234,mlp_corr_top1_rand17,f2,3
2021-12-01,467.84902275912333,234,mlp_corr_top1_rand17,f2,3
2022-01-01,392.68350819072816,234,mlp_corr_top1_rand17,f2,3
2022-02-01,341.1512824014131,234,mlp_corr_top1_rand17,f2,3
2022-03-01,524.0297577312828,234,mlp_corr_top1_rand17,f2,3
2022-04-01,410.5045180065182,234,mlp_corr_top1_rand17,f2,3
2022-05-01,364.04627926542787,234,mlp_corr_top1_rand17,f2,3
2022-06-01,303.5273078466268,234,mlp_corr_top1_rand17,f2,3
2021-02-01,396.30585981226756,234,gbm_corr_top1_2hop_rand17,f2,3
2021-03-01,306.96203868417876,234,gbm_corr_top1_2hop_rand17,f2,3
2021-04-01,282.77330592981417,234,gbm_corr_top1_2hop_rand17,f2,3
2021-05-01,318.1198119838829,234,gbm_corr_top1_2hop_rand17,f2,3
2021-06-01,194.60954659087767,234,gbm_corr_top1_2hop_rand17,f2,3
2021-07-01,304.59318738135534,234,gbm_corr_top1_2hop_rand17,f2,3
2021-08-01,266.69326341153663,234,gbm_corr_top1_2hop_rand17,f2,3
2021-09-01,385.8021287568227,234,gbm_corr_top1_2hop_rand17,f2,3
2021-10-01,301.59979385442875,234,gbm_corr_top1_2hop_rand17,f2,3
2021-11-01,309.07826620379006,234,gbm_corr_top1_2hop_rand17,f2,3
2021-12-01,479.24036514538477,234,gbm_corr_top1_2hop_rand17,f2,3
2022-01-01,396.7057822557045,234,gbm_corr_top1_2hop_rand17,f2,3
2022-02-01,347.4237026361637,234,gbm_corr_top1_2hop_rand17,f2,3
2022-03-01,540.9181130132318,234,gbm_corr_top1_2hop_rand17,f2,3
2022-04-01,421.21272588398205,234,gbm_corr_top1_2hop_rand17,f2,3
2022-05-01,383.9146885502404,234,gbm_corr_top1_2hop_rand17,f2,3
2022-06-01,310.66834113832476,234,gbm_corr_top1_2hop_rand17,f2,3
2021-02-01,398.6209516817893,234,gbm_corr_top1_rand18,f2,3
2021-03-01,301.6892386874151,234,gbm_corr_top1_rand18,f2,3
2021-04-01,281.6852969186806,234,gbm_corr_top1_rand18,f2,3
2021-05-01,322.1346544749539,234,gbm_corr_top1_rand18,f2,3
2021-06-01,194.7548454646627,234,gbm_corr_top1_rand18,f2,3
2021-07-01,305.55057980444303,234,gbm_corr_top1_rand18,f2,3
2021-08-01,264.02187287742845,234,gbm_corr_top1_rand18,f2,3
2021-09-01,383.07819177413563,234,gbm_corr_top1_rand18,f2,3
2021-10-01,308.83335644017046,234,gbm_corr_top1_rand18,f2,3
2021-11-01,307.26351958495275,234,gbm_corr_top1_rand18,f2,3
2021-12-01,471.9436146522933,234,gbm_corr_top1_rand18,f2,3
2022-01-01,399.9682250485438,234,gbm_corr_top1_rand18,f2,3
2022-02-01,345.4453204490544,234,gbm_corr_top1_rand18,f2,3
2022-03-01,523.9055488412945,234,gbm_corr_top1_rand18,f2,3
2022-04-01,422.08229755408246,234,gbm_corr_top1_rand18,f2,3
2022-05-01,375.89396567272166,234,gbm_corr_top1_rand18,f2,3
2022-06-01,312.28856352924004,234,gbm_corr_top1_rand18,f2,3
2021-02-01,395.998084513585,234,mlp_corr_top1_rand18,f2,3
2021-03-01,300.86319140810434,234,mlp_corr_top1_rand18,f2,3
2021-04-01,281.3518970782005,234,mlp_corr_top1_rand18,f2,3
2021-05-01,322.43881515150713,234,mlp_corr_top1_rand18,f2,3
2021-06-01,192.8162327674928,234,mlp_corr_top1_rand18,f2,3
2021-07-01,303.085195494928,234,mlp_corr_top1_rand18,f2,3
2021-08-01,259.95624962079415,234,mlp_corr_top1_rand18,f2,3
2021-09-01,377.83569631880647,234,mlp_corr_top1_rand18,f2,3
2021-10-01,301.55427972444113,234,mlp_corr_top1_rand18,f2,3
2021-11-01,308.45698778238,234,mlp_corr_top1_rand18,f2,3
2021-12-01,471.79522936171134,234,mlp_corr_top1_rand18,f2,3
2022-01-01,399.0426358195084,234,mlp_corr_top1_rand18,f2,3
2022-02-01,347.18856832098794,234,mlp_corr_top1_rand18,f2,3
2022-03-01,529.8809611257426,234,mlp_corr_top1_rand18,f2,3
2022-04-01,420.12577632927974,234,mlp_corr_top1_rand18,f2,3
2022-05-01,368.09184918922546,234,mlp_corr_top1_rand18,f2,3
2022-06-01,308.30448356133735,234,mlp_corr_top1_rand18,f2,3
2021-02-01,397.9731875651578,234,gbm_corr_top1_2hop_rand18,f2,3
2021-03-01,297.7875644160004,234,gbm_corr_top1_2hop_rand18,f2,3
2021-04-01,283.308635483283,234,gbm_corr_top1_2hop_rand18,f2,3
2021-05-01,320.7690300645859,234,gbm_corr_top1_2hop_rand18,f2,3
2021-06-01,190.72169390401763,234,gbm_corr_top1_2hop_rand18,f2,3
2021-07-01,299.7847787158223,234,gbm_corr_top1_2hop_rand18,f2,3
2021-08-01,255.13503484124317,234,gbm_corr_top1_2hop_rand18,f2,3
2021-09-01,379.3187598149425,234,gbm_corr_top1_2hop_rand18,f2,3
2021-10-01,310.8373682737836,234,gbm_corr_top1_2hop_rand18,f2,3
2021-11-01,307.49788259934473,234,gbm_corr_top1_2hop_rand18,f2,3
2021-12-01,471.70080359714893,234,gbm_corr_top1_2hop_rand18,f2,3
2022-01-01,400.07173934408536,234,gbm_corr_top1_2hop_rand18,f2,3
2022-02-01,348.96671305301766,234,gbm_corr_top1_2hop_rand18,f2,3
2022-03-01,530.9164144878443,234,gbm_corr_top1_2hop_rand18,f2,3
2022-04-01,422.7345356981184,234,gbm_corr_top1_2hop_rand18,f2,3
2022-05-01,374.9076397313048,234,gbm_corr_top1_2hop_rand18,f2,3
2022-06-01,309.95518676246724,234,gbm_corr_top1_2hop_rand18,f2,3
2021-02-01,398.29498711542425,234,gbm_corr_top1_rand19,f2,3
2021-03-01,298.92475999757687,234,gbm_corr_top1_rand19,f2,3
2021-04-01,283.2096214768819,234,gbm_corr_top1_rand19,f2,3
2021-05-01,318.3579579156141,234,gbm_corr_top1_rand19,f2,3
2021-06-01,189.61345003098316,234,gbm_corr_top1_rand19,f2,3
2021-07-01,302.4331535881316,234,gbm_corr_top1_rand19,f2,3
2021-08-01,257.61291593593455,234,gbm_corr_top1_rand19,f2,3
2021-09-01,381.5559009522083,234,gbm_corr_top1_rand19,f2,3
2021-10-01,303.0753578270518,234,gbm_corr_top1_rand19,f2,3
2021-11-01,310.2342044871241,234,gbm_corr_top1_rand19,f2,3
2021-12-01,471.6095637402232,234,gbm_corr_top1_rand19,f2,3
2022-01-01,407.58482758666463,234,gbm_corr_top1_rand19,f2,3
2022-02-01,343.98803531210297,234,gbm_corr_top1_rand19,f2,3
2022-03-01,525.5979928947982,234,gbm_corr_top1_rand19,f2,3
2022-04-01,411.97630546025476,234,gbm_corr_top1_rand19,f2,3
2022-05-01,366.7952021657589,234,gbm_corr_top1_rand19,f2,3
2022-06-01,306.64148341163104,234,gbm_corr_top1_rand19,f2,3
2021-02-01,395.5113941199666,234,mlp_corr_top1_rand19,f2,3
2021-03-01,302.91032090071275,234,mlp_corr_top1_rand19,f2,3
2021-04-01,281.85712819886345,234,mlp_corr_top1_rand19,f2,3
2021-05-01,318.9060148150186,234,mlp_corr_top1_rand19,f2,3
2021-06-01,191.98703174391898,234,mlp_corr_top1_rand19,f2,3
2021-07-01,304.0311771591032,234,mlp_corr_top1_rand19,f2,3
2021-08-01,260.9713670087284,234,mlp_corr_top1_rand19,f2,3
2021-09-01,383.71441074205063,234,mlp_corr_top1_rand19,f2,3
2021-10-01,297.848275107025,234,mlp_corr_top1_rand19,f2,3
2021-11-01,308.9305574677692,234,mlp_corr_top1_rand19,f2,3
2021-12-01,468.74211124631444,234,mlp_corr_top1_rand19,f2,3
2022-01-01,402.45066521388713,234,mlp_corr_top1_rand19,f2,3
2022-02-01,344.46049261990527,234,mlp_corr_top1_rand19,f2,3
2022-03-01,530.4084714567532,234,mlp_corr_top1_rand19,f2,3
2022-04-01,417.39605518985394,234,mlp_corr_top1_rand19,f2,3
2022-05-01,368.42783054065023,234,mlp_corr_top1_rand19,f2,3
2022-06-01,308.3701365596288,234,mlp_corr_top1_rand19,f2,3
2021-02-01,392.3544923191801,234,gbm_corr_top1_2hop_rand19,f2,3
2021-03-01,299.7953571691363,234,gbm_corr_top1_2hop_rand19,f2,3
2021-04-01,282.30668600701705,234,gbm_corr_top1_2hop_rand19,f2,3
2021-05-01,320.18942902161075,234,gbm_corr_top1_2hop_rand19,f2,3
2021-06-01,194.75786321877297,234,gbm_corr_top1_2hop_rand19,f2,3
2021-07-01,304.08746645332855,234,gbm_corr_top1_2hop_rand19,f2,3
2021-08-01,261.9920847645573,234,gbm_corr_top1_2hop_rand19,f2,3
2021-09-01,380.95113963592223,234,gbm_corr_top1_2hop_rand19,f2,3
2021-10-01,304.14043723298283,234,gbm_corr_top1_2hop_rand19,f2,3
2021-11-01,306.7860643448341,234,gbm_corr_top1_2hop_rand19,f2,3
2021-12-01,471.7718580282784,234,gbm_corr_top1_2hop_rand19,f2,3
2022-01-01,401.7943457635301,234,gbm_corr_top1_2hop_rand19,f2,3
2022-02-01,342.30051892211515,234,gbm_corr_top1_2hop_rand19,f2,3
2022-03-01,534.2936117176156,234,gbm_corr_top1_2hop_rand19,f2,3
2022-04-01,411.0812060956309,234,gbm_corr_top1_2hop_rand19,f2,3
2022-05-01,369.35830723992274,234,gbm_corr_top1_2hop_rand19,f2,3
2022-06-01,305.9683596186953,234,gbm_corr_top1_2hop_rand19,f2,3
2022-05-01,208.76111583106476,234,gbm_corr_top1_rand0,f3,1
2022-06-01,200.25763179043076,234,gbm_corr_top1_rand0,f3,1
2022-07-01,176.23688308214972,234,gbm_corr_top1_rand0,f3,1
2022-08-01,318.9158992388011,234,gbm_corr_top1_rand0,f3,1
2022-09-01,260.2642575004484,234,gbm_corr_top1_rand0,f3,1
2022-10-01,321.4954238153533,234,gbm_corr_top1_rand0,f3,1
2022-11-01,245.81088538554283,234,gbm_corr_top1_rand0,f3,1
2022-12-01,238.17144244227973,234,gbm_corr_top1_rand0,f3,1
2023-01-01,420.7485190635306,234,gbm_corr_top1_rand0,f3,1
2023-02-01,269.71984732777486,234,gbm_corr_top1_rand0,f3,1
2023-03-01,340.4285623492949,234,gbm_corr_top1_rand0,f3,1
2023-04-01,381.4623048350164,234,gbm_corr_top1_rand0,f3,1
2023-05-01,519.6048831204284,234,gbm_corr_top1_rand0,f3,1
2023-06-01,586.0981262159864,234,gbm_corr_top1_rand0,f3,1
2023-07-01,281.89167309370436,234,gbm_corr_top1_rand0,f3,1
2023-08-01,273.68383600825933,234,gbm_corr_top1_rand0,f3,1
2023-09-01,372.3091461496188,234,gbm_corr_top1_rand0,f3,1
2022-05-01,207.13146306826383,234,mlp_corr_top1_rand0,f3,1
2022-06-01,197.25271015037046,234,mlp_corr_top1_rand0,f3,1
2022-07-01,174.50987483253846,234,mlp_corr_top1_rand0,f3,1
2022-08-01,321.31017795682783,234,mlp_corr_top1_rand0,f3,1
2022-09-01,265.8758236352668,234,mlp_corr_top1_rand0,f3,1
2022-10-01,315.8473137482415,234,mlp_corr_top1_rand0,f3,1
2022-11-01,242.17155636243533,234,mlp_corr_top1_rand0,f3,1
2022-12-01,237.5359111139019,234,mlp_corr_top1_rand0,f3,1
2023-01-01,416.85843712114337,234,mlp_corr_top1_rand0,f3,1
2023-02-01,260.82968679861347,234,mlp_corr_top1_rand0,f3,1
2023-03-01,335.0217092018355,234,mlp_corr_top1_rand0,f3,1
2023-04-01,379.6970269063361,234,mlp_corr_top1_rand0,f3,1
2023-05-01,521.4132823760378,234,mlp_corr_top1_rand0,f3,1
2023-06-01,588.9229169812032,234,mlp_corr_top1_rand0,f3,1
2023-07-01,277.79813651979487,234,mlp_corr_top1_rand0,f3,1
2023-08-01,269.31003129626754,234,mlp_corr_top1_rand0,f3,1
2023-09-01,375.1704266729771,234,mlp_corr_top1_rand0,f3,1
2022-05-01,206.28577294712233,234,gbm_corr_top1_2hop_rand0,f3,1
2022-06-01,203.25108882622783,234,gbm_corr_top1_2hop_rand0,f3,1
2022-07-01,174.6881681374077,234,gbm_corr_top1_2hop_rand0,f3,1
2022-08-01,320.276970480572,234,gbm_corr_top1_2hop_rand0,f3,1
2022-09-01,260.5578661233269,234,gbm_corr_top1_2hop_rand0,f3,1
2022-10-01,325.7578667609772,234,gbm_corr_top1_2hop_rand0,f3,1
2022-11-01,246.42461240739806,234,gbm_corr_top1_2hop_rand0,f3,1
2022-12-01,234.27496423352048,234,gbm_corr_top1_2hop_rand0,f3,1
2023-01-01,426.04723665747815,234,gbm_corr_top1_2hop_rand0,f3,1
2023-02-01,269.6992440243981,234,gbm_corr_top1_2hop_rand0,f3,1
2023-03-01,340.0266092986312,234,gbm_corr_top1_2hop_rand0,f3,1
2023-04-01,385.4814338903187,234,gbm_corr_top1_2hop_rand0,f3,1
2023-05-01,519.2846127103437,234,gbm_corr_top1_2hop_rand0,f3,1
2023-06-01,589.9006160668489,234,gbm_corr_top1_2hop_rand0,f3,1
2023-07-01,283.5928220817007,234,gbm_corr_top1_2hop_rand0,f3,1
2023-08-01,272.1155321049627,234,gbm_corr_top1_2hop_rand0,f3,1
2023-09-01,376.0543709330331,234,gbm_corr_top1_2hop_rand0,f3,1
2022-05-01,204.94485858190598,234,gbm_corr_top1_rand1,f3,1
2022-06-01,196.65803387916856,234,gbm_corr_top1_rand1,f3,1
2022-07-01,173.5378640815256,234,gbm_corr_top1_rand1,f3,1
2022-08-01,321.8536588503668,234,gbm_corr_top1_rand1,f3,1
2022-09-01,261.91147752691734,234,gbm_corr_top1_rand1,f3,1
2022-10-01,313.484132812453,234,gbm_corr_top1_rand1,f3,1
2022-11-01,245.89092999347648,234,gbm_corr_top1_rand1,f3,1
2022-12-01,231.5335946076632,234,gbm_corr_top1_rand1,f3,1
2023-01-01,416.99402518904157,234,gbm_corr_top1_rand1,f3,1
2023-02-01,263.43251085113445,234,gbm_corr_top1_rand1,f3,1
2023-03-01,339.6022550982349,234,gbm_corr_top1_rand1,f3,1
2023-04-01,381.85315183705546,234,gbm_corr_top1_rand1,f3,1
2023-05-01,521.9959286933716,234,gbm_corr_top1_rand1,f3,1
2023-06-01,589.1166946278142,234,gbm_corr_top1_rand1,f3,1
2023-07-01,278.3200099604078,234,gbm_corr_top1_rand1,f3,1
2023-08-01,277.2938973558495,234,gbm_corr_top1_rand1,f3,1
2023-09-01,367.9287211201368,234,gbm_corr_top1_rand1,f3,1
2022-05-01,207.8154043732452,234,mlp_corr_top1_rand1,f3,1
2022-06-01,198.77941135134262,234,mlp_corr_top1_rand1,f3,1
2022-07-01,172.22567499207344,234,mlp_corr_top1_rand1,f3,1
2022-08-01,318.51961655341387,234,mlp_corr_top1_rand1,f3,1
2022-09-01,265.528618315225,234,mlp_corr_top1_rand1,f3,1
2022-10-01,317.4349137455312,234,mlp_corr_top1_rand1,f3,1
2022-11-01,241.90202555438933,234,mlp_corr_top1_rand1,f3,1
2022-12-01,230.73959528211907,234,mlp_corr_top1_rand1,f3,1
2023-01-01,413.5142966212422,234,mlp_corr_top1_rand1,f3,1
2023-02-01,259.9220386831485,234,mlp_corr_top1_rand1,f3,1
2023-03-01,336.8835008731654,234,mlp_corr_top1_rand1,f3,1
2023-04-01,378.9065463237451,234,mlp_corr_top1_rand1,f3,1
2023-05-01,516.0763140906653,234,mlp_corr_top1_rand1,f3,1
2023-06-01,587.1518340793548,234,mlp_corr_top1_rand1,f3,1
2023-07-01,280.27386028966833,234,mlp_corr_top1_rand1,f3,1
2023-08-01,275.3605622845758,234,mlp_corr_top1_rand1,f3,1
2023-09-01,365.3863477711538,234,mlp_corr_top1_rand1,f3,1
2022-05-01,203.42619468933975,234,gbm_corr_top1_2hop_rand1,f3,1
2022-06-01,200.76263419116657,234,gbm_corr_top1_2hop_rand1,f3,1
2022-07-01,175.9467175411033,234,gbm_corr_top1_2hop_rand1,f3,1
2022-08-01,322.16345281015225,234,gbm_corr_top1_2hop_rand1,f3,1
2022-09-01,259.26871256138645,234,gbm_corr_top1_2hop_rand1,f3,1
2022-10-01,317.85510870846247,234,gbm_corr_top1_2hop_rand1,f3,1
2022-11-01,248.33738462014924,234,gbm_corr_top1_2hop_rand1,f3,1
2022-12-01,230.6797807466587,234,gbm_corr_top1_2hop_rand1,f3,1
2023-01-01,418.28030378952656,234,gbm_corr_top1_2hop_rand1,f3,1
2023-02-01,266.26068144750303,234,gbm_corr_top1_2hop_rand1,f3,1
2023-03-01,341.7387751466662,234,gbm_corr_top1_2hop_rand1,f3,1
2023-04-01,385.20293212510427,234,gbm_corr_top1_2hop_rand1,f3,1
2023-05-01,512.1499287996554,234,gbm_corr_top1_2hop_rand1,f3,1
2023-06-01,591.1823337129708,234,gbm_corr_top1_2hop_rand1,f3,1
2023-07-01,277.749544344723,234,gbm_corr_top1_2hop_rand1,f3,1
2023-08-01,276.751343916077,234,gbm_corr_top1_2hop_rand1,f3,1
2023-09-01,369.1131073297644,234,gbm_corr_top1_2hop_rand1,f3,1
2022-05-01,208.69201811061177,234,gbm_corr_top1_rand2,f3,1
2022-06-01,201.61413249759582,234,gbm_corr_top1_rand2,f3,1
2022-07-01,174.86089192449555,234,gbm_corr_top1_rand2,f3,1
2022-08-01,321.89167947935846,234,gbm_corr_top1_rand2,f3,1
2022-09-01,267.11687194370586,234,gbm_corr_top1_rand2,f3,1
2022-10-01,320.11440067859576,234,gbm_corr_top1_rand2,f3,1
2022-11-01,242.0122133591149,234,gbm_corr_top1_rand2,f3,1
2022-12-01,234.06724690655273,234,gbm_corr_top1_rand2,f3,1
2023-01-01,415.0104626500555,234,gbm_corr_top1_rand2,f3,1
2023-02-01,265.97711692511876,234,gbm_corr_top1_rand2,f3,1
2023-03-01,335.58546176347284,234,gbm_corr_top1_rand2,f3,1
2023-04-01,380.69278217534486,234,gbm_corr_top1_rand2,f3,1
2023-05-01,525.2331686628123,234,gbm_corr_top1_rand2,f3,1
2023-06-01,585.3359572499148,234,gbm_corr_top1_rand2,f3,1
2023-07-01,277.11220430723796,234,gbm_corr_top1_rand2,f3,1
2023-08-01,279.1977260832182,234,gbm_corr_top1_rand2,f3,1
2023-09-01,369.86779473249885,234,gbm_corr_top1_rand2,f3,1
2022-05-01,210.09786959885105,234,mlp_corr_top1_rand2,f3,1
2022-06-01,199.61694174381898,234,mlp_corr_top1_rand2,f3,1
2022-07-01,173.37291725558848,234,mlp_corr_top1_rand2,f3,1
2022-08-01,318.97145295530567,234,mlp_corr_top1_rand2,f3,1
2022-09-01,267.84602999510287,234,mlp_corr_top1_rand2,f3,1
2022-10-01,320.25401031008244,234,mlp_corr_top1_rand2,f3,1
2022-11-01,244.22358270175775,234,mlp_corr_top1_rand2,f3,1
2022-12-01,233.0957031499,234,mlp_corr_top1_rand2,f3,1
2023-01-01,417.8529235857348,234,mlp_corr_top1_rand2,f3,1
2023-02-01,258.7084948335257,234,mlp_corr_top1_rand2,f3,1
2023-03-01,338.1923725824429,234,mlp_corr_top1_rand2,f3,1
2023-04-01,379.8330825569445,234,mlp_corr_top1_rand2,f3,1
2023-05-01,516.5742300163531,234,mlp_corr_top1_rand2,f3,1
2023-06-01,584.5522221001007,234,mlp_corr_top1_rand2,f3,1
2023-07-01,279.6643489510423,234,mlp_corr_top1_rand2,f3,1
2023-08-01,269.8208584605142,234,mlp_corr_top1_rand2,f3,1
2023-09-01,369.70199300127484,234,mlp_corr_top1_rand2,f3,1
2022-05-01,211.21277824509895,234,gbm_corr_top1_2hop_rand2,f3,1
2022-06-01,202.48540174700895,234,gbm_corr_top1_2hop_rand2,f3,1
2022-07-01,175.6527560021882,234,gbm_corr_top1_2hop_rand2,f3,1
2022-08-01,317.41301302325013,234,gbm_corr_top1_2hop_rand2,f3,1
2022-09-01,263.79116912728557,234,gbm_corr_top1_2hop_rand2,f3,1
2022-10-01,317.9798422378707,234,gbm_corr_top1_2hop_rand2,f3,1
2022-11-01,243.775076619713,234,gbm_corr_top1_2hop_rand2,f3,1
2022-12-01,233.0250384890594,234,gbm_corr_top1_2hop_rand2,f3,1
2023-01-01,420.66933580956623,234,gbm_corr_top1_2hop_rand2,f3,1
2023-02-01,263.3821034672455,234,gbm_corr_top1_2hop_rand2,f3,1
2023-03-01,335.2668111389996,234,gbm_corr_top1_2hop_rand2,f3,1
2023-04-01,380.7100852222754,234,gbm_corr_top1_2hop_rand2,f3,1
2023-05-01,524.3073112725853,234,gbm_corr_top1_2hop_rand2,f3,1
2023-06-01,588.3509947689183,234,gbm_corr_top1_2hop_rand2,f3,1
2023-07-01,280.07702131471007,234,gbm_corr_top1_2hop_rand2,f3,1
2023-08-01,279.6037712088697,234,gbm_corr_top1_2hop_rand2,f3,1
2023-09-01,367.5837160930648,234,gbm_corr_top1_2hop_rand2,f3,1
2022-05-01,207.09097043763012,234,gbm_corr_top1_rand3,f3,1
2022-06-01,200.01415790455505,234,gbm_corr_top1_rand3,f3,1
2022-07-01,173.0988909703105,234,gbm_corr_top1_rand3,f3,1
2022-08-01,316.42469809206955,234,gbm_corr_top1_rand3,f3,1
2022-09-01,264.5529737294724,234,gbm_corr_top1_rand3,f3,1
2022-10-01,317.9301527423587,234,gbm_corr_top1_rand3,f3,1
2022-11-01,239.5474053357534,234,gbm_corr_top1_rand3,f3,1
2022-12-01,237.07868652815907,234,gbm_corr_top1_rand3,f3,1
2023-01-01,417.83830290963476,234,gbm_corr_top1_rand3,f3,1
2023-02-01,264.6568173026091,234,gbm_corr_top1_rand3,f3,1
2023-03-01,337.46847333330334,234,gbm_corr_top1_rand3,f3,1
2023-04-01,379.86135095589214,234,gbm_corr_top1_rand3,f3,1
2023-05-01,523.671778232713,234,gbm_corr_top1_rand3,f3,1
2023-06-01,586.5586816511849,234,gbm_corr_top1_rand3,f3,1
2023-07-01,279.52998743394045,234,gbm_corr_top1_rand3,f3,1
2023-08-01,269.8550246794977,234,gbm_corr_top1_rand3,f3,1
2023-09-01,371.381747861586,234,gbm_corr_top1_rand3,f3,1
2022-05-01,208.52796114613247,234,mlp_corr_top1_rand3,f3,1
2022-06-01,199.3482934800078,234,mlp_corr_top1_rand3,f3,1
2022-07-01,172.29121289874416,234,mlp_corr_top1_rand3,f3,1
2022-08-01,316.8510360391404,234,mlp_corr_top1_rand3,f3,1
2022-09-01,266.538510058181,234,mlp_corr_top1_rand3,f3,1
2022-10-01,316.8571982540817,234,mlp_corr_top1_rand3,f3,1
2022-11-01,240.79266111207392,234,mlp_corr_top1_rand3,f3,1
2022-12-01,234.13382995543301,234,mlp_corr_top1_rand3,f3,1
2023-01-01,419.67979473833105,234,mlp_corr_top1_rand3,f3,1
2023-02-01,257.256819034846,234,mlp_corr_top1_rand3,f3,1
2023-03-01,336.8854327975743,234,mlp_corr_top1_rand3,f3,1
2023-04-01,375.5404490450363,234,mlp_corr_top1_rand3,f3,1
2023-05-01,520.23722759679,234,mlp_corr_top1_rand3,f3,1
2023-06-01,585.7945096708925,234,mlp_corr_top1_rand3,f3,1
2023-07-01,277.4343467993401,234,mlp_corr_top1_rand3,f3,1
2023-08-01,266.73369169358887,234,mlp_corr_top1_rand3,f3,1
2023-09-01,369.2447681252376,234,mlp_corr_top1_rand3,f3,1
2022-05-01,208.48987509599505,234,gbm_corr_top1_2hop_rand3,f3,1
2022-06-01,200.77045599206562,234,gbm_corr_top1_2hop_rand3,f3,1
2022-07-01,172.096654680981,234,gbm_corr_top1_2hop_rand3,f3,1
2022-08-01,318.6837473708516,234,gbm_corr_top1_2hop_rand3,f3,1
2022-09-01,261.6750746825318,234,gbm_corr_top1_2hop_rand3,f3,1
2022-10-01,314.9045113793833,234,gbm_corr_top1_2hop_rand3,f3,1
2022-11-01,240.9715271544372,234,gbm_corr_top1_2hop_rand3,f3,1
2022-12-01,237.7818697335189,234,gbm_corr_top1_2hop_rand3,f3,1
2023-01-01,418.9128115630937,234,gbm_corr_top1_2hop_rand3,f3,1
2023-02-01,264.57459281415396,234,gbm_corr_top1_2hop_rand3,f3,1
2023-03-01,339.4086189649598,234,gbm_corr_top1_2hop_rand3,f3,1
2023-04-01,381.36713931707055,234,gbm_corr_top1_2hop_rand3,f3,1
2023-05-01,529.9066548726613,234,gbm_corr_top1_2hop_rand3,f3,1
2023-06-01,588.4484530051561,234,gbm_corr_top1_2hop_rand3,f3,1
2023-07-01,279.63452707031337,234,gbm_corr_top1_2hop_rand3,f3,1
2023-08-01,270.5340476336765,234,gbm_corr_top1_2hop_rand3,f3,1
2023-09-01,371.17806776417234,234,gbm_corr_top1_2hop_rand3,f3,1
2022-05-01,211.7406133189477,234,gbm_corr_top1_rand4,f3,1
2022-06-01,195.14100552754206,234,gbm_corr_top1_rand4,f3,1
2022-07-01,174.5145095426809,234,gbm_corr_top1_rand4,f3,1
2022-08-01,321.52852097687776,234,gbm_corr_top1_rand4,f3,1
2022-09-01,262.5879069222492,234,gbm_corr_top1_rand4,f3,1
2022-10-01,320.7430078408167,234,gbm_corr_top1_rand4,f3,1
2022-11-01,243.87316611930888,234,gbm_corr_top1_rand4,f3,1
2022-12-01,234.07818696949698,234,gbm_corr_top1_rand4,f3,1
2023-01-01,414.88890468780534,234,gbm_corr_top1_rand4,f3,1
2023-02-01,265.84491300317114,234,gbm_corr_top1_rand4,f3,1
2023-03-01,338.1787820879401,234,gbm_corr_top1_rand4,f3,1
2023-04-01,379.31807407509405,234,gbm_corr_top1_rand4,f3,1
2023-05-01,521.2438224128385,234,gbm_corr_top1_rand4,f3,1
2023-06-01,592.3239063401173,234,gbm_corr_top1_rand4,f3,1
2023-07-01,283.8548820982037,234,gbm_corr_top1_rand4,f3,1
2023-08-01,276.07676122368173,234,gbm_corr_top1_rand4,f3,1
2023-09-01,368.57824816880463,234,gbm_corr_top1_rand4,f3,1
2022-05-01,212.88748072209773,234,mlp_corr_top1_rand4,f3,1
2022-06-01,196.5529079559945,234,mlp_corr_top1_rand4,f3,1
2022-07-01,174.0109268253554,234,mlp_corr_top1_rand4,f3,1
2022-08-01,320.5502836732573,234,mlp_corr_top1_rand4,f3,1
2022-09-01,270.22282073954113,234,mlp_corr_top1_rand4,f3,1
2022-10-01,320.95418138163257,234,mlp_corr_top1_rand4,f3,1
2022-11-01,246.17467812076006,234,mlp_corr_top1_rand4,f3,1
2022-12-01,232.2750720134721,234,mlp_corr_top1_rand4,f3,1
2023-01-01,415.7437124960513,234,mlp_corr_top1_rand4,f3,1
2023-02-01,259.1854447950569,234,mlp_corr_top1_rand4,f3,1
2023-03-01,336.85907968945406,234,mlp_corr_top1_rand4,f3,1
2023-04-01,382.2424391901879,234,mlp_corr_top1_rand4,f3,1
2023-05-01,516.0474153505619,234,mlp_corr_top1_rand4,f3,1
2023-06-01,585.1178368208267,234,mlp_corr_top1_rand4,f3,1
2023-07-01,281.53943996813746,234,mlp_corr_top1_rand4,f3,1
2023-08-01,272.2117454041918,234,mlp_corr_top1_rand4,f3,1
2023-09-01,370.46511453451075,234,mlp_corr_top1_rand4,f3,1
2022-05-01,209.94841934254828,234,gbm_corr_top1_2hop_rand4,f3,1
2022-06-01,198.45933087400968,234,gbm_corr_top1_2hop_rand4,f3,1
2022-07-01,176.00821187179392,234,gbm_corr_top1_2hop_rand4,f3,1
2022-08-01,321.6676840612186,234,gbm_corr_top1_2hop_rand4,f3,1
2022-09-01,263.5880600876824,234,gbm_corr_top1_2hop_rand4,f3,1
2022-10-01,321.6753194661487,234,gbm_corr_top1_2hop_rand4,f3,1
2022-11-01,245.5769760331751,234,gbm_corr_top1_2hop_rand4,f3,1
2022-12-01,237.79442974727456,234,gbm_corr_top1_2hop_rand4,f3,1
2023-01-01,417.6485438925319,234,gbm_corr_top1_2hop_rand4,f3,1
2023-02-01,266.98500520191726,234,gbm_corr_top1_2hop_rand4,f3,1
2023-03-01,334.7395936175227,234,gbm_corr_top1_2hop_rand4,f3,1
2023-04-01,379.28969924916686,234,gbm_corr_top1_2hop_rand4,f3,1
2023-05-01,524.0490819067523,234,gbm_corr_top1_2hop_rand4,f3,1
2023-06-01,593.9031563062877,234,gbm_corr_top1_2hop_rand4,f3,1
2023-07-01,283.05169293970306,234,gbm_corr_top1_2hop_rand4,f3,1
2023-08-01,268.7908210940303,234,gbm_corr_top1_2hop_rand4,f3,1
2023-09-01,366.4340334090973,234,gbm_corr_top1_2hop_rand4,f3,1
2022-05-01,205.3014999005755,234,gbm_corr_top1_rand5,f3,1
2022-06-01,199.5073063621533,234,gbm_corr_top1_rand5,f3,1
2022-07-01,172.7698018189708,234,gbm_corr_top1_rand5,f3,1
2022-08-01,317.66151450372564,234,gbm_corr_top1_rand5,f3,1
2022-09-01,261.61150537270265,234,gbm_corr_top1_rand5,f3,1
2022-10-01,314.72099729962423,234,gbm_corr_top1_rand5,f3,1
2022-11-01,240.97257408917326,234,gbm_corr_top1_rand5,f3,1
2022-12-01,236.34110553799565,234,gbm_corr_top1_rand5,f3,1
2023-01-01,418.05274137340706,234,gbm_corr_top1_rand5,f3,1
2023-02-01,266.43333541523384,234,gbm_corr_top1_rand5,f3,1
2023-03-01,336.8251996248713,234,gbm_corr_top1_rand5,f3,1
2023-04-01,382.8127919259068,234,gbm_corr_top1_rand5,f3,1
2023-05-01,520.4512000079266,234,gbm_corr_top1_rand5,f3,1
2023-06-01,585.6983877742114,234,gbm_corr_top1_rand5,f3,1
2023-07-01,283.3513975316106,234,gbm_corr_top1_rand5,f3,1
2023-08-01,269.5173720554494,234,gbm_corr_top1_rand5,f3,1
2023-09-01,367.20869723437613,234,gbm_corr_top1_rand5,f3,1
2022-05-01,207.86445447028345,234,mlp_corr_top1_rand5,f3,1
2022-06-01,198.25133094163095,234,mlp_corr_top1_rand5,f3,1
2022-07-01,173.03740964878642,234,mlp_corr_top1_rand5,f3,1
2022-08-01,319.0881820990688,234,mlp_corr_top1_rand5,f3,1
2022-09-01,267.31435232860633,234,mlp_corr_top1_rand5,f3,1
2022-10-01,317.1203267268694,234,mlp_corr_top1_rand5,f3,1
2022-11-01,242.73731996928313,234,mlp_corr_top1_rand5,f3,1
2022-12-01,233.04795481577062,234,mlp_corr_top1_rand5,f3,1
2023-01-01,418.6960043245523,234,mlp_corr_top1_rand5,f3,1
2023-02-01,257.78703597989164,234,mlp_corr_top1_rand5,f3,1
2023-03-01,336.9105637017585,234,mlp_corr_top1_rand5,f3,1
2023-04-01,381.2856785095473,234,mlp_corr_top1_rand5,f3,1
2023-05-01,517.9564439821639,234,mlp_corr_top1_rand5,f3,1
2023-06-01,579.88527100055,234,mlp_corr_top1_rand5,f3,1
2023-07-01,280.70397911059496,234,mlp_corr_top1_rand5,f3,1
2023-08-01,272.10086446124285,234,mlp_corr_top1_rand5,f3,1
2023-09-01,369.2393181040715,234,mlp_corr_top1_rand5,f3,1
2022-05-01,206.31890729320813,234,gbm_corr_top1_2hop_rand5,f3,1
2022-06-01,199.53967203723153,234,gbm_corr_top1_2hop_rand5,f3,1
2022-07-01,172.63205897642254,234,gbm_corr_top1_2hop_rand5,f3,1
2022-08-01,319.3556098788005,234,gbm_corr_top1_2hop_rand5,f3,1
2022-09-01,261.11188247139506,234,gbm_corr_top1_2hop_rand5,f3,1
2022-10-01,317.66697026883315,234,gbm_corr_top1_2hop_rand5,f3,1
2022-11-01,242.36472301349727,234,gbm_corr_top1_2hop_rand5,f3,1
2022-12-01,238.5409922686803,234,gbm_corr_top1_2hop_rand5,f3,1
2023-01-01,416.2469920596397,234,gbm_corr_top1_2hop_rand5,f3,1
2023-02-01,271.63310650613624,234,gbm_corr_top1_2hop_rand5,f3,1
2023-03-01,336.98406734847725,234,gbm_corr_top1_2hop_rand5,f3,1
2023-04-01,381.8906874104145,234,gbm_corr_top1_2hop_rand5,f3,1
2023-05-01,520.6624457561622,234,gbm_corr_top1_2hop_rand5,f3,1
2023-06-01,590.2361770436769,234,gbm_corr_top1_2hop_rand5,f3,1
2023-07-01,279.04383053085496,234,gbm_corr_top1_2hop_rand5,f3,1
2023-08-01,273.855486696181,234,gbm_corr_top1_2hop_rand5,f3,1
2023-09-01,373.0017189350205,234,gbm_corr_top1_2hop_rand5,f3,1
2022-05-01,207.64663736327964,234,gbm_corr_top1_rand6,f3,1
2022-06-01,200.98135932336797,234,gbm_corr_top1_rand6,f3,1
2022-07-01,176.97057434379073,234,gbm_corr_top1_rand6,f3,1
2022-08-01,318.6658661632479,234,gbm_corr_top1_rand6,f3,1
2022-09-01,264.5388215525507,234,gbm_corr_top1_rand6,f3,1
2022-10-01,314.9834052432035,234,gbm_corr_top1_rand6,f3,1
2022-11-01,244.70718839011678,234,gbm_corr_top1_rand6,f3,1
2022-12-01,239.35212744350267,234,gbm_corr_top1_rand6,f3,1
2023-01-01,411.9701910659673,234,gbm_corr_top1_rand6,f3,1
2023-02-01,268.4990231964708,234,gbm_corr_top1_rand6,f3,1
2023-03-01,338.3598100897847,234,gbm_corr_top1_rand6,f3,1
2023-04-01,382.36421462912557,234,gbm_corr_top1_rand6,f3,1
2023-05-01,516.1755765674519,234,gbm_corr_top1_rand6,f3,1
2023-06-01,588.0715156775702,234,gbm_corr_top1_rand6,f3,1
2023-07-01,281.2490734838901,234,gbm_corr_top1_rand6,f3,1
2023-08-01,268.584057450056,234,gbm_corr_top1_rand6,f3,1
2023-09-01,369.897885636592,234,gbm_corr_top1_rand6,f3,1
2022-05-01,209.4187451222824,234,mlp_corr_top1_rand6,f3,1
2022-06-01,197.2441525691488,234,mlp_corr_top1_rand6,f3,1
2022-07-01,173.26149768091196,234,mlp_corr_top1_rand6,f3,1
2022-08-01,319.0920367803724,234,mlp_corr_top1_rand6,f3,1
2022-09-01,268.3642806723995,234,mlp_corr_top1_rand6,f3,1
2022-10-01,318.7605718010722,234,mlp_corr_top1_rand6,f3,1
2022-11-01,245.21639260572726,234,mlp_corr_top1_rand6,f3,1
2022-12-01,236.21914165859803,234,mlp_corr_top1_rand6,f3,1
2023-01-01,414.4958858498825,234,mlp_corr_top1_rand6,f3,1
2023-02-01,259.31684608081787,234,mlp_corr_top1_rand6,f3,1
2023-03-01,336.5359587310468,234,mlp_corr_top1_rand6,f3,1
2023-04-01,379.9020567702903,234,mlp_corr_top1_rand6,f3,1
2023-05-01,516.8156344758769,234,mlp_corr_top1_rand6,f3,1
2023-06-01,583.9799408745777,234,mlp_corr_top1_rand6,f3,1
2023-07-01,278.1515631208964,234,mlp_corr_top1_rand6,f3,1
2023-08-01,268.7639419039905,234,mlp_corr_top1_rand6,f3,1
2023-09-01,370.9544375837957,234,mlp_corr_top1_rand6,f3,1
2022-05-01,210.01863324725798,234,gbm_corr_top1_2hop_rand6,f3,1
2022-06-01,197.98527221629053,234,gbm_corr_top1_2hop_rand6,f3,1
2022-07-01,177.09554081688916,234,gbm_corr_top1_2hop_rand6,f3,1
2022-08-01,318.7746967350032,234,gbm_corr_top1_2hop_rand6,f3,1
2022-09-01,264.48334584501055,234,gbm_corr_top1_2hop_rand6,f3,1
2022-10-01,311.46227331740073,234,gbm_corr_top1_2hop_rand6,f3,1
2022-11-01,247.51012643070217,234,gbm_corr_top1_2hop_rand6,f3,1
2022-12-01,236.52400336392924,234,gbm_corr_top1_2hop_rand6,f3,1
2023-01-01,410.78095818425777,234,gbm_corr_top1_2hop_rand6,f3,1
2023-02-01,271.58075603432917,234,gbm_corr_top1_2hop_rand6,f3,1
2023-03-01,337.60352515440275,234,gbm_corr_top1_2hop_rand6,f3,1
2023-04-01,383.379894701807,234,gbm_corr_top1_2hop_rand6,f3,1
2023-05-01,518.4827566696771,234,gbm_corr_top1_2hop_rand6,f3,1
2023-06-01,588.8848151587327,234,gbm_corr_top1_2hop_rand6,f3,1
2023-07-01,282.7586452661783,234,gbm_corr_top1_2hop_rand6,f3,1
2023-08-01,269.09531929529294,234,gbm_corr_top1_2hop_rand6,f3,1
2023-09-01,368.0479502296234,234,gbm_corr_top1_2hop_rand6,f3,1
2022-05-01,208.93560081064925,234,gbm_corr_top1_rand7,f3,1
2022-06-01,198.3128924461772,234,gbm_corr_top1_rand7,f3,1
2022-07-01,172.82681569316068,234,gbm_corr_top1_rand7,f3,1
2022-08-01,318.90984360550726,234,gbm_corr_top1_rand7,f3,1
2022-09-01,265.5634868367462,234,gbm_corr_top1_rand7,f3,1
2022-10-01,319.9429270517886,234,gbm_corr_top1_rand7,f3,1
2022-11-01,241.84278345888688,234,gbm_corr_top1_rand7,f3,1
2022-12-01,233.943268480355,234,gbm_corr_top1_rand7,f3,1
2023-01-01,417.04024231661674,234,gbm_corr_top1_rand7,f3,1
2023-02-01,267.843499221825,234,gbm_corr_top1_rand7,f3,1
2023-03-01,334.924416300213,234,gbm_corr_top1_rand7,f3,1
2023-04-01,383.12920034237175,234,gbm_corr_top1_rand7,f3,1
2023-05-01,514.3380946567278,234,gbm_corr_top1_rand7,f3,1
2023-06-01,588.0953258112856,234,gbm_corr_top1_rand7,f3,1
2023-07-01,281.2275148272084,234,gbm_corr_top1_rand7,f3,1
2023-08-01,276.4572290131893,234,gbm_corr_top1_rand7,f3,1
2023-09-01,371.6965622516385,234,gbm_corr_top1_rand7,f3,1
2022-05-01,211.3183594570512,234,mlp_corr_top1_rand7,f3,1
2022-06-01,197.7748643094857,234,mlp_corr_top1_rand7,f3,1
2022-07-01,172.89751817174132,234,mlp_corr_top1_rand7,f3,1
2022-08-01,318.4560328539471,234,mlp_corr_top1_rand7,f3,1
2022-09-01,271.04672792743236,234,mlp_corr_top1_rand7,f3,1
2022-10-01,319.84292432334195,234,mlp_corr_top1_rand7,f3,1
2022-11-01,245.5288023401621,234,mlp_corr_top1_rand7,f3,1
2022-12-01,236.00651399788816,234,mlp_corr_top1_rand7,f3,1
2023-01-01,420.5255519228065,234,mlp_corr_top1_rand7,f3,1
2023-02-01,257.5168383823685,234,mlp_corr_top1_rand7,f3,1
2023-03-01,338.0913107518897,234,mlp_corr_top1_rand7,f3,1
2023-04-01,380.2523795726468,234,mlp_corr_top1_rand7,f3,1
2023-05-01,516.8640320958007,234,mlp_corr_top1_rand7,f3,1
2023-06-01,586.1875522760394,234,mlp_corr_top1_rand7,f3,1
2023-07-01,282.51663978810797,234,mlp_corr_top1_rand7,f3,1
2023-08-01,271.17514777682004,234,mlp_corr_top1_rand7,f3,1
2023-09-01,371.9528294233956,234,mlp_corr_top1_rand7,f3,1
2022-05-01,211.11575200687676,234,gbm_corr_top1_2hop_rand7,f3,1
2022-06-01,201.6978669566071,234,gbm_corr_top1_2hop_rand7,f3,1
2022-07-01,174.22655065627217,234,gbm_corr_top1_2hop_rand7,f3,1
2022-08-01,321.03030238554385,234,gbm_corr_top1_2hop_rand7,f3,1
2022-09-01,265.27576808805475,234,gbm_corr_top1_2hop_rand7,f3,1
2022-10-01,323.049062322426,234,gbm_corr_top1_2hop_rand7,f3,1
2022-11-01,243.39954775977293,234,gbm_corr_top1_2hop_rand7,f3,1
2022-12-01,239.83276517185976,234,gbm_corr_top1_2hop_rand7,f3,1
2023-01-01,426.7705376562406,234,gbm_corr_top1_2hop_rand7,f3,1
2023-02-01,265.4264526109826,234,gbm_corr_top1_2hop_rand7,f3,1
2023-03-01,332.4097762112044,234,gbm_corr_top1_2hop_rand7,f3,1
2023-04-01,377.7300464446321,234,gbm_corr_top1_2hop_rand7,f3,1
2023-05-01,524.1378821930705,234,gbm_corr_top1_2hop_rand7,f3,1
2023-06-01,589.6154168945133,234,gbm_corr_top1_2hop_rand7,f3,1
2023-07-01,281.3839584419547,234,gbm_corr_top1_2hop_rand7,f3,1
2023-08-01,278.65062745732564,234,gbm_corr_top1_2hop_rand7,f3,1
2023-09-01,372.6516974056333,234,gbm_corr_top1_2hop_rand7,f3,1
2022-05-01,210.36939998729176,234,gbm_corr_top1_rand8,f3,1
2022-06-01,202.8336119905149,234,gbm_corr_top1_rand8,f3,1
2022-07-01,174.3014097363435,234,gbm_corr_top1_rand8,f3,1
2022-08-01,317.5556994835197,234,gbm_corr_top1_rand8,f3,1
2022-09-01,263.83106963003144,234,gbm_corr_top1_rand8,f3,1
2022-10-01,318.9726268403493,234,gbm_corr_top1_rand8,f3,1
2022-11-01,244.47976434123242,234,gbm_corr_top1_rand8,f3,1
2022-12-01,238.02158567960007,234,gbm_corr_top1_rand8,f3,1
2023-01-01,424.81751313304324,234,gbm_corr_top1_rand8,f3,1
2023-02-01,269.61592537132344,234,gbm_corr_top1_rand8,f3,1
2023-03-01,340.15358516020325,234,gbm_corr_top1_rand8,f3,1
2023-04-01,384.5772919822045,234,gbm_corr_top1_rand8,f3,1
2023-05-01,518.9643339504586,234,gbm_corr_top1_rand8,f3,1
2023-06-01,594.2273026442352,234,gbm_corr_top1_rand8,f3,1
2023-07-01,283.2400747166207,234,gbm_corr_top1_rand8,f3,1
2023-08-01,275.4955414253054,234,gbm_corr_top1_rand8,f3,1
2023-09-01,371.1246785230113,234,gbm_corr_top1_rand8,f3,1
2022-05-01,209.65713753643502,234,mlp_corr_top1_rand8,f3,1
2022-06-01,199.6970698985281,234,mlp_corr_top1_rand8,f3,1
2022-07-01,173.0968208186665,234,mlp_corr_top1_rand8,f3,1
2022-08-01,317.4376451009914,234,mlp_corr_top1_rand8,f3,1
2022-09-01,267.3679125397663,234,mlp_corr_top1_rand8,f3,1
2022-10-01,319.36519709252866,234,mlp_corr_top1_rand8,f3,1
2022-11-01,248.0894040161247,234,mlp_corr_top1_rand8,f3,1
2022-12-01,232.10010756024238,234,mlp_corr_top1_rand8,f3,1
2023-01-01,419.38608260001297,234,mlp_corr_top1_rand8,f3,1
2023-02-01,260.1461645617039,234,mlp_corr_top1_rand8,f3,1
2023-03-01,337.408254825419,234,mlp_corr_top1_rand8,f3,1
2023-04-01,380.63517078549387,234,mlp_corr_top1_rand8,f3,1
2023-05-01,516.5704641576319,234,mlp_corr_top1_rand8,f3,1
2023-06-01,580.8472075159333,234,mlp_corr_top1_rand8,f3,1
2023-07-01,281.2198636254483,234,mlp_corr_top1_rand8,f3,1
2023-08-01,271.7933311726285,234,mlp_corr_top1_rand8,f3,1
2023-09-01,373.0465080431718,234,mlp_corr_top1_rand8,f3,1
2022-05-01,211.73054654258124,234,gbm_corr_top1_2hop_rand8,f3,1
2022-06-01,204.60825187959418,234,gbm_corr_top1_2hop_rand8,f3,1
2022-07-01,176.5261088358599,234,gbm_corr_top1_2hop_rand8,f3,1
2022-08-01,321.221128497347,234,gbm_corr_top1_2hop_rand8,f3,1
2022-09-01,264.67770569331276,234,gbm_corr_top1_2hop_rand8,f3,1
2022-10-01,319.73586333021433,234,gbm_corr_top1_2hop_rand8,f3,1
2022-11-01,245.286269092622,234,gbm_corr_top1_2hop_rand8,f3,1
2022-12-01,239.34171938812216,234,gbm_corr_top1_2hop_rand8,f3,1
2023-01-01,423.6358729451669,234,gbm_corr_top1_2hop_rand8,f3,1
2023-02-01,266.73197734815346,234,gbm_corr_top1_2hop_rand8,f3,1
2023-03-01,338.43771926012295,234,gbm_corr_top1_2hop_rand8,f3,1
2023-04-01,385.27691212767894,234,gbm_corr_top1_2hop_rand8,f3,1
2023-05-01,515.9912940849972,234,gbm_corr_top1_2hop_rand8,f3,1
2023-06-01,593.3706943532856,234,gbm_corr_top1_2hop_rand8,f3,1
2023-07-01,282.33301924358716,234,gbm_corr_top1_2hop_rand8,f3,1
2023-08-01,274.56398237718815,234,gbm_corr_top1_2hop_rand8,f3,1
2023-09-01,372.6354572912947,234,gbm_corr_top1_2hop_rand8,f3,1
2022-05-01,208.79711696353556,234,gbm_corr_top1_rand9,f3,1
2022-06-01,197.85794271153603,234,gbm_corr_top1_rand9,f3,1
2022-07-01,175.5496405034244,234,gbm_corr_top1_rand9,f3,1
2022-08-01,319.2411285903032,234,gbm_corr_top1_rand9,f3,1
2022-09-01,263.3518045571807,234,gbm_corr_top1_rand9,f3,1
2022-10-01,316.1271999164781,234,gbm_corr_top1_rand9,f3,1
2022-11-01,240.29557229468892,234,gbm_corr_top1_rand9,f3,1
2022-12-01,235.76479768990708,234,gbm_corr_top1_rand9,f3,1
2023-01-01,416.5099955031805,234,gbm_corr_top1_rand9,f3,1
2023-02-01,265.62313163545696,234,gbm_corr_top1_rand9,f3,1
2023-03-01,341.33801883102535,234,gbm_corr_top1_rand9,f3,1
2023-04-01,378.72722299601264,234,gbm_corr_top1_rand9,f3,1
2023-05-01,522.0728338211326,234,gbm_corr_top1_rand9,f3,1
2023-06-01,590.8044932660338,234,gbm_corr_top1_rand9,f3,1
2023-07-01,282.94548277778097,234,gbm_corr_top1_rand9,f3,1
2023-08-01,277.84404268494404,234,gbm_corr_top1_rand9,f3,1
2023-09-01,369.45609168192476,234,gbm_corr_top1_rand9,f3,1
2022-05-01,208.36652006565814,234,mlp_corr_top1_rand9,f3,1
2022-06-01,197.3520047155156,234,mlp_corr_top1_rand9,f3,1
2022-07-01,172.69599527490075,234,mlp_corr_top1_rand9,f3,1
2022-08-01,317.19690857701704,234,mlp_corr_top1_rand9,f3,1
2022-09-01,263.11496612367506,234,mlp_corr_top1_rand9,f3,1
2022-10-01,315.12069799736975,234,mlp_corr_top1_rand9,f3,1
2022-11-01,240.64019689423841,234,mlp_corr_top1_rand9,f3,1
2022-12-01,236.25549878443255,234,mlp_corr_top1_rand9,f3,1
2023-01-01,412.27571627380996,234,mlp_corr_top1_rand9,f3,1
2023-02-01,260.983164433748,234,mlp_corr_top1_rand9,f3,1
2023-03-01,335.3454558994796,234,mlp_corr_top1_rand9,f3,1
2023-04-01,376.57825376371835,234,mlp_corr_top1_rand9,f3,1
2023-05-01,519.3460538333372,234,mlp_corr_top1_rand9,f3,1
2023-06-01,585.2602852043108,234,mlp_corr_top1_rand9,f3,1
2023-07-01,277.3118692995024,234,mlp_corr_top1_rand9,f3,1
2023-08-01,272.44295331740716,234,mlp_corr_top1_rand9,f3,1
2023-09-01,369.87373874969313,234,mlp_corr_top1_rand9,f3,1
2022-05-01,210.31400913776503,234,gbm_corr_top1_2hop_rand9,f3,1
2022-06-01,201.54714552513138,234,gbm_corr_top1_2hop_rand9,f3,1
2022-07-01,173.7284634918604,234,gbm_corr_top1_2hop_rand9,f3,1
2022-08-01,318.31407608573943,234,gbm_corr_top1_2hop_rand9,f3,1
2022-09-01,260.0600355554011,234,gbm_corr_top1_2hop_rand9,f3,1
2022-10-01,316.1341019497353,234,gbm_corr_top1_2hop_rand9,f3,1
2022-11-01,239.73094914796496,234,gbm_corr_top1_2hop_rand9,f3,1
2022-12-01,229.6320346513227,234,gbm_corr_top1_2hop_rand9,f3,1
2023-01-01,414.7315941747046,234,gbm_corr_top1_2hop_rand9,f3,1
2023-02-01,270.52687057427204,234,gbm_corr_top1_2hop_rand9,f3,1
2023-03-01,346.0634557605984,234,gbm_corr_top1_2hop_rand9,f3,1
2023-04-01,376.9380296399651,234,gbm_corr_top1_2hop_rand9,f3,1
2023-05-01,521.8094298189693,234,gbm_corr_top1_2hop_rand9,f3,1
2023-06-01,591.3370050203343,234,gbm_corr_top1_2hop_rand9,f3,1
2023-07-01,287.0631194429766,234,gbm_corr_top1_2hop_rand9,f3,1
2023-08-01,273.2787345980082,234,gbm_corr_top1_2hop_rand9,f3,1
2023-09-01,371.7028671909205,234,gbm_corr_top1_2hop_rand9,f3,1
2022-05-01,207.5098270044316,234,gbm_corr_top1_rand10,f3,1
2022-06-01,200.88097373603537,234,gbm_corr_top1_rand10,f3,1
2022-07-01,176.21319581927898,234,gbm_corr_top1_rand10,f3,1
2022-08-01,319.4786079359933,234,gbm_corr_top1_rand10,f3,1
2022-09-01,259.05540098802675,234,gbm_corr_top1_rand10,f3,1
2022-10-01,317.6441808341892,234,gbm_corr_top1_rand10,f3,1
2022-11-01,242.96673386618667,234,gbm_corr_top1_rand10,f3,1
2022-12-01,235.90532058559285,234,gbm_corr_top1_rand10,f3,1
2023-01-01,422.50258839385765,234,gbm_corr_top1_rand10,f3,1
2023-02-01,266.7046031877036,234,gbm_corr_top1_rand10,f3,1
2023-03-01,335.6454420364044,234,gbm_corr_top1_rand10,f3,1
2023-04-01,383.04006248205843,234,gbm_corr_top1_rand10,f3,1
2023-05-01,517.433380870403,234,gbm_corr_top1_rand10,f3,1
2023-06-01,591.0850745244488,234,gbm_corr_top1_rand10,f3,1
2023-07-01,278.83578905025905,234,gbm_corr_top1_rand10,f3,1
2023-08-01,275.3632966890453,234,gbm_corr_top1_rand10,f3,1
2023-09-01,368.28001711114587,234,gbm_corr_top1_rand10,f3,1
2022-05-01,211.68597170974058,234,mlp_corr_top1_rand10,f3,1
2022-06-01,200.18805615844445,234,mlp_corr_top1_rand10,f3,1
2022-07-01,172.68421646294365,234,mlp_corr_top1_rand10,f3,1
2022-08-01,318.21630494654136,234,mlp_corr_top1_rand10,f3,1
2022-09-01,267.824068269075,234,mlp_corr_top1_rand10,f3,1
2022-10-01,322.7109288674086,234,mlp_corr_top1_rand10,f3,1
2022-11-01,251.6552225731837,234,mlp_corr_top1_rand10,f3,1
2022-12-01,232.8106072773157,234,mlp_corr_top1_rand10,f3,1
2023-01-01,422.1534042873421,234,mlp_corr_top1_rand10,f3,1
2023-02-01,261.88153924236644,234,mlp_corr_top1_rand10,f3,1
2023-03-01,337.6028623111931,234,mlp_corr_top1_rand10,f3,1
2023-04-01,379.83034145917156,234,mlp_corr_top1_rand10,f3,1
2023-05-01,512.7943021955687,234,mlp_corr_top1_rand10,f3,1
2023-06-01,584.1870749336177,234,mlp_corr_top1_rand10,f3,1
2023-07-01,281.29944406863586,234,mlp_corr_top1_rand10,f3,1
2023-08-01,276.2574478883807,234,mlp_corr_top1_rand10,f3,1
2023-09-01,369.5026204952101,234,mlp_corr_top1_rand10,f3,1
2022-05-01,209.625283668977,234,gbm_corr_top1_2hop_rand10,f3,1
2022-06-01,199.4810945068824,234,gbm_corr_top1_2hop_rand10,f3,1
2022-07-01,176.97434815577,234,gbm_corr_top1_2hop_rand10,f3,1
2022-08-01,319.20948944724364,234,gbm_corr_top1_2hop_rand10,f3,1
2022-09-01,264.49501455405573,234,gbm_corr_top1_2hop_rand10,f3,1
2022-10-01,315.26345450665156,234,gbm_corr_top1_2hop_rand10,f3,1
2022-11-01,242.49948743230476,234,gbm_corr_top1_2hop_rand10,f3,1
2022-12-01,236.54765134221518,234,gbm_corr_top1_2hop_rand10,f3,1
2023-01-01,426.16481741830233,234,gbm_corr_top1_2hop_rand10,f3,1
2023-02-01,264.13571426471685,234,gbm_corr_top1_2hop_rand10,f3,1
2023-03-01,335.56170861232476,234,gbm_corr_top1_2hop_rand10,f3,1
2023-04-01,381.3134584236279,234,gbm_corr_top1_2hop_rand10,f3,1
2023-05-01,522.8470743958719,234,gbm_corr_top1_2hop_rand10,f3,1
2023-06-01,585.5683428389724,234,gbm_corr_top1_2hop_rand10,f3,1
2023-07-01,283.64430073141307,234,gbm_corr_top1_2hop_rand10,f3,1
2023-08-01,275.889291013868,234,gbm_corr_top1_2hop_rand10,f3,1
2023-09-01,368.60153944028184,234,gbm_corr_top1_2hop_rand10,f3,1
2022-05-01,208.34588100593626,234,gbm_corr_top1_rand11,f3,1
2022-06-01,201.05141729383467,234,gbm_corr_top1_rand11,f3,1
2022-07-01,176.65122518283326,234,gbm_corr_top1_rand11,f3,1
2022-08-01,318.92969590435115,234,gbm_corr_top1_rand11,f3,1
2022-09-01,266.90201614430384,234,gbm_corr_top1_rand11,f3,1
2022-10-01,315.8173252393447,234,gbm_corr_top1_rand11,f3,1
2022-11-01,237.8539990880203,234,gbm_corr_top1_rand11,f3,1
2022-12-01,237.65953066745158,234,gbm_corr_top1_rand11,f3,1
2023-01-01,410.5195761395175,234,gbm_corr_top1_rand11,f3,1
2023-02-01,263.58333432204387,234,gbm_corr_top1_rand11,f3,1
2023-03-01,335.8799280457532,234,gbm_corr_top1_rand11,f3,1
2023-04-01,378.14675472123656,234,gbm_corr_top1_rand11,f3,1
2023-05-01,521.622289154464,234,gbm_corr_top1_rand11,f3,1
2023-06-01,594.1636739056054,234,gbm_corr_top1_rand11,f3,1
2023-07-01,287.3572006135294,234,gbm_corr_top1_rand11,f3,1
2023-08-01,276.7863227433222,234,gbm_corr_top1_rand11,f3,1
2023-09-01,366.7548235328045,234,gbm_corr_top1_rand11,f3,1
2022-05-01,213.1083431120731,234,mlp_corr_top1_rand11,f3,1
2022-06-01,198.7665076897134,234,mlp_corr_top1_rand11,f3,1
2022-07-01,173.29442599953023,234,mlp_corr_top1_rand11,f3,1
2022-08-01,318.31892002300714,234,mlp_corr_top1_rand11,f3,1
2022-09-01,268.85740483408125,234,mlp_corr_top1_rand11,f3,1
2022-10-01,321.9766883788916,234,mlp_corr_top1_rand11,f3,1
2022-11-01,246.66587578914772,234,mlp_corr_top1_rand11,f3,1
2022-12-01,233.22530145591116,234,mlp_corr_top1_rand11,f3,1
2023-01-01,416.1211947628108,234,mlp_corr_top1_rand11,f3,1
2023-02-01,260.32230308635496,234,mlp_corr_top1_rand11,f3,1
2023-03-01,339.887739825867,234,mlp_corr_top1_rand11,f3,1
2023-04-01,380.7117196942531,234,mlp_corr_top1_rand11,f3,1
2023-05-01,516.0439453586449,234,mlp_corr_top1_rand11,f3,1
2023-06-01,589.6731930512395,234,mlp_corr_top1_rand11,f3,1
2023-07-01,287.478763996936,234,mlp_corr_top1_rand11,f3,1
2023-08-01,274.8079161037507,234,mlp_corr_top1_rand11,f3,1
2023-09-01,368.97211232013285,234,mlp_corr_top1_rand11,f3,1
2022-05-01,207.86270305283304,234,gbm_corr_top1_2hop_rand11,f3,1
2022-06-01,203.2111008225024,234,gbm_corr_top1_2hop_rand11,f3,1
2022-07-01,174.83065305435005,234,gbm_corr_top1_2hop_rand11,f3,1
2022-08-01,320.6800000168916,234,gbm_corr_top1_2hop_rand11,f3,1
2022-09-01,264.265669711691,234,gbm_corr_top1_2hop_rand11,f3,1
2022-10-01,314.7256471224583,234,gbm_corr_top1_2hop_rand11,f3,1
2022-11-01,244.13829128869787,234,gbm_corr_top1_2hop_rand11,f3,1
2022-12-01,236.35964781190555,234,gbm_corr_top1_2hop_rand11,f3,1
2023-01-01,414.7425461032102,234,gbm_corr_top1_2hop_rand11,f3,1
2023-02-01,262.4353149156795,234,gbm_corr_top1_2hop_rand11,f3,1
2023-03-01,338.25183031688465,234,gbm_corr_top1_2hop_rand11,f3,1
2023-04-01,378.5682982722054,234,gbm_corr_top1_2hop_rand11,f3,1
2023-05-01,522.2810632213651,234,gbm_corr_top1_2hop_rand11,f3,1
2023-06-01,595.8288687606669,234,gbm_corr_top1_2hop_rand11,f3,1
2023-07-01,284.602245650488,234,gbm_corr_top1_2hop_rand11,f3,1
2023-08-01,278.3496474323386,234,gbm_corr_top1_2hop_rand11,f3,1
2023-09-01,367.2693334185703,234,gbm_corr_top1_2hop_rand11,f3,1
2022-05-01,206.80631169553925,234,gbm_corr_top1_rand12,f3,1
2022-06-01,200.1440796505083,234,gbm_corr_top1_rand12,f3,1
2022-07-01,174.68430296010814,234,gbm_corr_top1_rand12,f3,1
2022-08-01,319.33004582738675,234,gbm_corr_top1_rand12,f3,1
2022-09-01,263.4765567073404,234,gbm_corr_top1_rand12,f3,1
2022-10-01,319.45577609621307,234,gbm_corr_top1_rand12,f3,1
2022-11-01,241.48892991288437,234,gbm_corr_top1_rand12,f3,1
2022-12-01,234.14595064177723,234,gbm_corr_top1_rand12,f3,1
2023-01-01,415.1215861597832,234,gbm_corr_top1_rand12,f3,1
2023-02-01,272.0922946463852,234,gbm_corr_top1_rand12,f3,1
2023-03-01,338.1770168873479,234,gbm_corr_top1_rand12,f3,1
2023-04-01,384.29673529650523,234,gbm_corr_top1_rand12,f3,1
2023-05-01,521.0382283992762,234,gbm_corr_top1_rand12,f3,1
2023-06-01,592.3876729426781,234,gbm_corr_top1_rand12,f3,1
2023-07-01,282.7480576019466,234,gbm_corr_top1_rand12,f3,1
2023-08-01,274.2738200160869,234,gbm_corr_top1_rand12,f3,1
2023-09-01,371.48028887010946,234,gbm_corr_top1_rand12,f3,1
2022-05-01,207.24129141769302,234,mlp_corr_top1_rand12,f3,1
2022-06-01,198.411447148182,234,mlp_corr_top1_rand12,f3,1
2022-07-01,173.09507345621475,234,mlp_corr_top1_rand12,f3,1
2022-08-01,319.53592616646006,234,mlp_corr_top1_rand12,f3,1
2022-09-01,266.484112427892,234,mlp_corr_top1_rand12,f3,1
2022-10-01,314.89807638183345,234,mlp_corr_top1_rand12,f3,1
2022-11-01,243.41827208487908,234,mlp_corr_top1_rand12,f3,1
2022-12-01,235.0219568078085,234,mlp_corr_top1_rand12,f3,1
2023-01-01,412.9769673830246,234,mlp_corr_top1_rand12,f3,1
2023-02-01,261.28900128354735,234,mlp_corr_top1_rand12,f3,1
2023-03-01,336.2514606798816,234,mlp_corr_top1_rand12,f3,1
2023-04-01,377.7321717822182,234,mlp_corr_top1_rand12,f3,1
2023-05-01,519.4062199196064,234,mlp_corr_top1_rand12,f3,1
2023-06-01,588.634688431489,234,mlp_corr_top1_rand12,f3,1
2023-07-01,277.99341719140796,234,mlp_corr_top1_rand12,f3,1
2023-08-01,270.6222036353725,234,mlp_corr_top1_rand12,f3,1
2023-09-01,371.71015273283416,234,mlp_corr_top1_rand12,f3,1
2022-05-01,209.77149674078348,234,gbm_corr_top1_2hop_rand12,f3,1
2022-06-01,201.8828970331227,234,gbm_corr_top1_2hop_rand12,f3,1
2022-07-01,174.37042282721993,234,gbm_corr_top1_2hop_rand12,f3,1
2022-08-01,319.33329394088236,234,gbm_corr_top1_2hop_rand12,f3,1
2022-09-01,262.39490309282036,234,gbm_corr_top1_2hop_rand12,f3,1
2022-10-01,322.24398791904105,234,gbm_corr_top1_2hop_rand12,f3,1
2022-11-01,244.1122381955563,234,gbm_corr_top1_2hop_rand12,f3,1
2022-12-01,232.5769086821912,234,gbm_corr_top1_2hop_rand12,f3,1
2023-01-01,416.78958080666655,234,gbm_corr_top1_2hop_rand12,f3,1
2023-02-01,270.2581930535235,234,gbm_corr_top1_2hop_rand12,f3,1
2023-03-01,339.41958523323876,234,gbm_corr_top1_2hop_rand12,f3,1
2023-04-01,384.23349590876296,234,gbm_corr_top1_2hop_rand12,f3,1
2023-05-01,519.3537899229572,234,gbm_corr_top1_2hop_rand12,f3,1
2023-06-01,596.6105746327088,234,gbm_corr_top1_2hop_rand12,f3,1
2023-07-01,288.8879863239182,234,gbm_corr_top1_2hop_rand12,f3,1
2023-08-01,272.82574913906063,234,gbm_corr_top1_2hop_rand12,f3,1
2023-09-01,370.1524766677441,234,gbm_corr_top1_2hop_rand12,f3,1
2022-05-01,208.75188316822263,234,gbm_corr_top1_rand13,f3,1
2022-06-01,200.61197654604186,234,gbm_corr_top1_rand13,f3,1
2022-07-01,173.43084358925694,234,gbm_corr_top1_rand13,f3,1
2022-08-01,319.2103725548746,234,gbm_corr_top1_rand13,f3,1
2022-09-01,264.7390978516821,234,gbm_corr_top1_rand13,f3,1
2022-10-01,318.5241321915194,234,gbm_corr_top1_rand13,f3,1
2022-11-01,243.43100714957922,234,gbm_corr_top1_rand13,f3,1
2022-12-01,236.40966836550547,234,gbm_corr_top1_rand13,f3,1
2023-01-01,422.1603822017669,234,gbm_corr_top1_rand13,f3,1
2023-02-01,268.89567791526906,234,gbm_corr_top1_rand13,f3,1
2023-03-01,337.51833753976115,234,gbm_corr_top1_rand13,f3,1
2023-04-01,380.6959346233836,234,gbm_corr_top1_rand13,f3,1
2023-05-01,517.2780114973773,234,gbm_corr_top1_rand13,f3,1
2023-06-01,595.3485652244333,234,gbm_corr_top1_rand13,f3,1
2023-07-01,281.2742888545185,234,gbm_corr_top1_rand13,f3,1
2023-08-01,273.66167076630245,234,gbm_corr_top1_rand13,f3,1
2023-09-01,368.091627817706,234,gbm_corr_top1_rand13,f3,1
2022-05-01,209.83799934280933,234,mlp_corr_top1_rand13,f3,1
2022-06-01,197.99527350787167,234,mlp_corr_top1_rand13,f3,1
2022-07-01,172.84303740498828,234,mlp_corr_top1_rand13,f3,1
2022-08-01,319.22889441542696,234,mlp_corr_top1_rand13,f3,1
2022-09-01,267.17982561355143,234,mlp_corr_top1_rand13,f3,1
2022-10-01,318.64596627852217,234,mlp_corr_top1_rand13,f3,1
2022-11-01,243.47732668962013,234,mlp_corr_top1_rand13,f3,1
2022-12-01,235.02515476429062,234,mlp_corr_top1_rand13,f3,1
2023-01-01,420.0014973331541,234,mlp_corr_top1_rand13,f3,1
2023-02-01,258.281818127368,234,mlp_corr_top1_rand13,f3,1
2023-03-01,336.3472010998951,234,mlp_corr_top1_rand13,f3,1
2023-04-01,377.83250735754854,234,mlp_corr_top1_rand13,f3,1
2023-05-01,519.5847617527087,234,mlp_corr_top1_rand13,f3,1
2023-06-01,587.5018805655358,234,mlp_corr_top1_rand13,f3,1
2023-07-01,278.65604184891833,234,mlp_corr_top1_rand13,f3,1
2023-08-01,269.49267213600973,234,mlp_corr_top1_rand13,f3,1
2023-09-01,370.34212480646374,234,mlp_corr_top1_rand13,f3,1
2022-05-01,208.46867551425098,234,gbm_corr_top1_2hop_rand13,f3,1
2022-06-01,199.7491850604722,234,gbm_corr_top1_2hop_rand13,f3,1
2022-07-01,174.9097473487329,234,gbm_corr_top1_2hop_rand13,f3,1
2022-08-01,320.27514934238803,234,gbm_corr_top1_2hop_rand13,f3,1
2022-09-01,266.56898230098034,234,gbm_corr_top1_2hop_rand13,f3,1
2022-10-01,318.94895982272163,234,gbm_corr_top1_2hop_rand13,f3,1
2022-11-01,246.66256060614614,234,gbm_corr_top1_2hop_rand13,f3,1
2022-12-01,238.9098145251251,234,gbm_corr_top1_2hop_rand13,f3,1
2023-01-01,423.8830696953886,234,gbm_corr_top1_2hop_rand13,f3,1
2023-02-01,270.24683280398193,234,gbm_corr_top1_2hop_rand13,f3,1
2023-03-01,338.48956742124955,234,gbm_corr_top1_2hop_rand13,f3,1
2023-04-01,384.7950764626669,234,gbm_corr_top1_2hop_rand13,f3,1
2023-05-01,518.7041871299031,234,gbm_corr_top1_2hop_rand13,f3,1
2023-06-01,589.9363993100969,234,gbm_corr_top1_2hop_rand13,f3,1
2023-07-01,285.8093931456879,234,gbm_corr_top1_2hop_rand13,f3,1
2023-08-01,278.1368204707764,234,gbm_corr_top1_2hop_rand13,f3,1
2023-09-01,370.11709820960783,234,gbm_corr_top1_2hop_rand13,f3,1
2022-05-01,211.87999099238655,234,gbm_corr_top1_rand14,f3,1
2022-06-01,201.87108586606746,234,gbm_corr_top1_rand14,f3,1
2022-07-01,175.9469972379939,234,gbm_corr_top1_rand14,f3,1
2022-08-01,320.72147117552805,234,gbm_corr_top1_rand14,f3,1
2022-09-01,262.00203903609753,234,gbm_corr_top1_rand14,f3,1
2022-10-01,315.89578336290344,234,gbm_corr_top1_rand14,f3,1
2022-11-01,243.09328908537674,234,gbm_corr_top1_rand14,f3,1
2022-12-01,233.62619765112188,234,gbm_corr_top1_rand14,f3,1
2023-01-01,413.1165801267475,234,gbm_corr_top1_rand14,f3,1
2023-02-01,264.10805409117484,234,gbm_corr_top1_rand14,f3,1
2023-03-01,336.32526036088063,234,gbm_corr_top1_rand14,f3,1
2023-04-01,381.7171737391554,234,gbm_corr_top1_rand14,f3,1
2023-05-01,522.510164155278,234,gbm_corr_top1_rand14,f3,1
2023-06-01,592.9135886565555,234,gbm_corr_top1_rand14,f3,1
2023-07-01,282.1918550902937,234,gbm_corr_top1_rand14,f3,1
2023-08-01,275.4619225819642,234,gbm_corr_top1_rand14,f3,1
2023-09-01,370.4401891196664,234,gbm_corr_top1_rand14,f3,1
2022-05-01,209.1966879680853,234,mlp_corr_top1_rand14,f3,1
2022-06-01,198.62266941320556,234,mlp_corr_top1_rand14,f3,1
2022-07-01,174.7404096543004,234,mlp_corr_top1_rand14,f3,1
2022-08-01,320.0338515314317,234,mlp_corr_top1_rand14,f3,1
2022-09-01,271.9968574724269,234,mlp_corr_top1_rand14,f3,1
2022-10-01,322.127201315072,234,mlp_corr_top1_rand14,f3,1
2022-11-01,245.9421796518387,234,mlp_corr_top1_rand14,f3,1
2022-12-01,236.8594047202513,234,mlp_corr_top1_rand14,f3,1
2023-01-01,420.21085252728824,234,mlp_corr_top1_rand14,f3,1
2023-02-01,258.8605879996177,234,mlp_corr_top1_rand14,f3,1
2023-03-01,338.5347774140291,234,mlp_corr_top1_rand14,f3,1
2023-04-01,377.768337307697,234,mlp_corr_top1_rand14,f3,1
2023-05-01,524.5208117488131,234,mlp_corr_top1_rand14,f3,1
2023-06-01,584.7749257417779,234,mlp_corr_top1_rand14,f3,1
2023-07-01,283.01594369967296,234,mlp_corr_top1_rand14,f3,1
2023-08-01,268.1866548737846,234,mlp_corr_top1_rand14,f3,1
2023-09-01,373.31948138308013,234,mlp_corr_top1_rand14,f3,1
2022-05-01,212.25366813428477,234,gbm_corr_top1_2hop_rand14,f3,1
2022-06-01,199.09914661765288,234,gbm_corr_top1_2hop_rand14,f3,1
2022-07-01,174.12735541829093,234,gbm_corr_top1_2hop_rand14,f3,1
2022-08-01,323.2204655051922,234,gbm_corr_top1_2hop_rand14,f3,1
2022-09-01,267.1039649590848,234,gbm_corr_top1_2hop_rand14,f3,1
2022-10-01,308.60890036312094,234,gbm_corr_top1_2hop_rand14,f3,1
2022-11-01,242.7360057337411,234,gbm_corr_top1_2hop_rand14,f3,1
2022-12-01,236.00263303694666,234,gbm_corr_top1_2hop_rand14,f3,1
2023-01-01,416.22464568306566,234,gbm_corr_top1_2hop_rand14,f3,1
2023-02-01,264.87368284335605,234,gbm_corr_top1_2hop_rand14,f3,1
2023-03-01,337.7446746797925,234,gbm_corr_top1_2hop_rand14,f3,1
2023-04-01,383.1475749249411,234,gbm_corr_top1_2hop_rand14,f3,1
2023-05-01,521.7648074053111,234,gbm_corr_top1_2hop_rand14,f3,1
2023-06-01,589.5661676154691,234,gbm_corr_top1_2hop_rand14,f3,1
2023-07-01,285.2307527001051,234,gbm_corr_top1_2hop_rand14,f3,1
2023-08-01,274.55668829273867,234,gbm_corr_top1_2hop_rand14,f3,1
2023-09-01,371.3338343816087,234,gbm_corr_top1_2hop_rand14,f3,1
2022-05-01,214.85987272068027,234,gbm_corr_top1_rand15,f3,1
2022-06-01,198.6250800105541,234,gbm_corr_top1_rand15,f3,1
2022-07-01,175.0918431400027,234,gbm_corr_top1_rand15,f3,1
2022-08-01,316.85582724119547,234,gbm_corr_top1_rand15,f3,1
2022-09-01,267.9817405074863,234,gbm_corr_top1_rand15,f3,1
2022-10-01,317.86009779152664,234,gbm_corr_top1_rand15,f3,1
2022-11-01,248.38893441935872,234,gbm_corr_top1_rand15,f3,1
2022-12-01,237.94095641884013,234,gbm_corr_top1_rand15,f3,1
2023-01-01,425.41102935913074,234,gbm_corr_top1_rand15,f3,1
2023-02-01,270.57009423938297,234,gbm_corr_top1_rand15,f3,1
2023-03-01,342.12658624819727,234,gbm_corr_top1_rand15,f3,1
2023-04-01,378.98260318991504,234,gbm_corr_top1_rand15,f3,1
2023-05-01,515.4677671899898,234,gbm_corr_top1_rand15,f3,1
2023-06-01,588.6587681176452,234,gbm_corr_top1_rand15,f3,1
2023-07-01,288.06866223807157,234,gbm_corr_top1_rand15,f3,1
2023-08-01,274.65853646528655,234,gbm_corr_top1_rand15,f3,1
2023-09-01,370.71173695040613,234,gbm_corr_top1_rand15,f3,1
2022-05-01,210.78184275917462,234,mlp_corr_top1_rand15,f3,1
2022-06-01,200.19896376575443,234,mlp_corr_top1_rand15,f3,1
2022-07-01,173.06425958670044,234,mlp_corr_top1_rand15,f3,1
2022-08-01,318.1130437150081,234,mlp_corr_top1_rand15,f3,1
2022-09-01,267.4009035883291,234,mlp_corr_top1_rand15,f3,1
2022-10-01,317.203217724788,234,mlp_corr_top1_rand15,f3,1
2022-11-01,243.75656003171466,234,mlp_corr_top1_rand15,f3,1
2022-12-01,236.34237000500642,234,mlp_corr_top1_rand15,f3,1
2023-01-01,416.9370438597385,234,mlp_corr_top1_rand15,f3,1
2023-02-01,258.69206869923227,234,mlp_corr_top1_rand15,f3,1
2023-03-01,337.9653162296284,234,mlp_corr_top1_rand15,f3,1
2023-04-01,379.7800308604789,234,mlp_corr_top1_rand15,f3,1
2023-05-01,520.8705466658124,234,mlp_corr_top1_rand15,f3,1
2023-06-01,584.3677796657175,234,mlp_corr_top1_rand15,f3,1
2023-07-01,278.5201255772987,234,mlp_corr_top1_rand15,f3,1
2023-08-01,271.5754218395703,234,mlp_corr_top1_rand15,f3,1
2023-09-01,366.429794729201,234,mlp_corr_top1_rand15,f3,1
2022-05-01,209.96964922723765,234,gbm_corr_top1_2hop_rand15,f3,1
2022-06-01,202.04043321361038,234,gbm_corr_top1_2hop_rand15,f3,1
2022-07-01,174.23428766094645,234,gbm_corr_top1_2hop_rand15,f3,1
2022-08-01,317.4577160982412,234,gbm_corr_top1_2hop_rand15,f3,1
2022-09-01,264.9639149098102,234,gbm_corr_top1_2hop_rand15,f3,1
2022-10-01,316.9279081133678,234,gbm_corr_top1_2hop_rand15,f3,1
2022-11-01,253.6362631589198,234,gbm_corr_top1_2hop_rand15,f3,1
2022-12-01,238.86214434397692,234,gbm_corr_top1_2hop_rand15,f3,1
2023-01-01,424.8600394192103,234,gbm_corr_top1_2hop_rand15,f3,1
2023-02-01,267.90428065990847,234,gbm_corr_top1_2hop_rand15,f3,1
2023-03-01,344.46837768603353,234,gbm_corr_top1_2hop_rand15,f3,1
2023-04-01,387.39773639010883,234,gbm_corr_top1_2hop_rand15,f3,1
2023-05-01,513.9115762060535,234,gbm_corr_top1_2hop_rand15,f3,1
2023-06-01,597.2262438169504,234,gbm_corr_top1_2hop_rand15,f3,1
2023-07-01,288.5373502706619,234,gbm_corr_top1_2hop_rand15,f3,1
2023-08-01,273.6255869621297,234,gbm_corr_top1_2hop_rand15,f3,1
2023-09-01,375.22775508367664,234,gbm_corr_top1_2hop_rand15,f3,1
2022-05-01,212.66594413640664,234,gbm_corr_top1_rand16,f3,1
2022-06-01,198.03706978074587,234,gbm_corr_top1_rand16,f3,1
2022-07-01,175.0187192502041,234,gbm_corr_top1_rand16,f3,1
2022-08-01,320.16843241992495,234,gbm_corr_top1_rand16,f3,1
2022-09-01,263.78657282677545,234,gbm_corr_top1_rand16,f3,1
2022-10-01,315.0738551833346,234,gbm_corr_top1_rand16,f3,1
2022-11-01,245.6040749826655,234,gbm_corr_top1_rand16,f3,1
2022-12-01,238.44540540292837,234,gbm_corr_top1_rand16,f3,1
2023-01-01,417.60402480846454,234,gbm_corr_top1_rand16,f3,1
2023-02-01,267.84961383121845,234,gbm_corr_top1_rand16,f3,1
2023-03-01,337.102158830592,234,gbm_corr_top1_rand16,f3,1
2023-04-01,380.9827183804671,234,gbm_corr_top1_rand16,f3,1
2023-05-01,523.1483262269776,234,gbm_corr_top1_rand16,f3,1
2023-06-01,587.7159535109361,234,gbm_corr_top1_rand16,f3,1
2023-07-01,280.607954495617,234,gbm_corr_top1_rand16,f3,1
2023-08-01,276.40059884000163,234,gbm_corr_top1_rand16,f3,1
2023-09-01,369.42539702115226,234,gbm_corr_top1_rand16,f3,1
2022-05-01,212.33819202896933,234,mlp_corr_top1_rand16,f3,1
2022-06-01,199.3165218569983,234,mlp_corr_top1_rand16,f3,1
2022-07-01,172.22522081618442,234,mlp_corr_top1_rand16,f3,1
2022-08-01,318.0101179570505,234,mlp_corr_top1_rand16,f3,1
2022-09-01,268.715279235428,234,mlp_corr_top1_rand16,f3,1
2022-10-01,321.77719557830267,234,mlp_corr_top1_rand16,f3,1
2022-11-01,247.01956666430908,234,mlp_corr_top1_rand16,f3,1
2022-12-01,232.95392043854136,234,mlp_corr_top1_rand16,f3,1
2023-01-01,418.0325506269038,234,mlp_corr_top1_rand16,f3,1
2023-02-01,261.06601156465285,234,mlp_corr_top1_rand16,f3,1
2023-03-01,338.54459261364656,234,mlp_corr_top1_rand16,f3,1
2023-04-01,379.86089204588836,234,mlp_corr_top1_rand16,f3,1
2023-05-01,517.621367289368,234,mlp_corr_top1_rand16,f3,1
2023-06-01,588.0322378974998,234,mlp_corr_top1_rand16,f3,1
2023-07-01,282.2565181374036,234,mlp_corr_top1_rand16,f3,1
2023-08-01,271.07665491022294,234,mlp_corr_top1_rand16,f3,1
2023-09-01,370.00322462778814,234,mlp_corr_top1_rand16,f3,1
2022-05-01,211.02496641577454,234,gbm_corr_top1_2hop_rand16,f3,1
2022-06-01,196.71182505916312,234,gbm_corr_top1_2hop_rand16,f3,1
2022-07-01,175.0921855906573,234,gbm_corr_top1_2hop_rand16,f3,1
2022-08-01,318.1815167179806,234,gbm_corr_top1_2hop_rand16,f3,1
2022-09-01,266.324587257167,234,gbm_corr_top1_2hop_rand16,f3,1
2022-10-01,319.44637570218447,234,gbm_corr_top1_2hop_rand16,f3,1
2022-11-01,240.85936080986693,234,gbm_corr_top1_2hop_rand16,f3,1
2022-12-01,237.77183446753776,234,gbm_corr_top1_2hop_rand16,f3,1
2023-01-01,429.6376235879386,234,gbm_corr_top1_2hop_rand16,f3,1
2023-02-01,268.474429125397,234,gbm_corr_top1_2hop_rand16,f3,1
2023-03-01,334.5954973355719,234,gbm_corr_top1_2hop_rand16,f3,1
2023-04-01,382.6593924615002,234,gbm_corr_top1_2hop_rand16,f3,1
2023-05-01,525.8430714045675,234,gbm_corr_top1_2hop_rand16,f3,1
2023-06-01,590.7439394923397,234,gbm_corr_top1_2hop_rand16,f3,1
2023-07-01,282.7393651772144,234,gbm_corr_top1_2hop_rand16,f3,1
2023-08-01,273.87864071658623,234,gbm_corr_top1_2hop_rand16,f3,1
2023-09-01,368.35077111886955,234,gbm_corr_top1_2hop_rand16,f3,1
2022-05-01,209.50831669328568,234,gbm_corr_top1_rand17,f3,1
2022-06-01,200.11175200068237,234,gbm_corr_top1_rand17,f3,1
2022-07-01,174.34314049891438,234,gbm_corr_top1_rand17,f3,1
2022-08-01,319.4818652701553,234,gbm_corr_top1_rand17,f3,1
2022-09-01,269.72566547571944,234,gbm_corr_top1_rand17,f3,1
2022-10-01,317.18318341884475,234,gbm_corr_top1_rand17,f3,1
2022-11-01,240.79694865889135,234,gbm_corr_top1_rand17,f3,1
2022-12-01,236.38008666263607,234,gbm_corr_top1_rand17,f3,1
2023-01-01,418.2485548131021,234,gbm_corr_top1_rand17,f3,1
2023-02-01,267.90950808267553,234,gbm_corr_top1_rand17,f3,1
2023-03-01,337.4758846280987,234,gbm_corr_top1_rand17,f3,1
2023-04-01,386.14581120167554,234,gbm_corr_top1_rand17,f3,1
2023-05-01,514.3457216457155,234,gbm_corr_top1_rand17,f3,1
2023-06-01,592.8520864748627,234,gbm_corr_top1_rand17,f3,1
2023-07-01,281.9375870916974,234,gbm_corr_top1_rand17,f3,1
2023-08-01,273.23620752724776,234,gbm_corr_top1_rand17,f3,1
2023-09-01,363.36845113366047,234,gbm_corr_top1_rand17,f3,1
2022-05-01,214.5143364722754,234,mlp_corr_top1_rand17,f3,1
2022-06-01,198.10575815607174,234,mlp_corr_top1_rand17,f3,1
2022-07-01,174.2419376620697,234,mlp_corr_top1_rand17,f3,1
2022-08-01,320.1652535788542,234,mlp_corr_top1_rand17,f3,1
2022-09-01,274.1431872311978,234,mlp_corr_top1_rand17,f3,1
2022-10-01,323.6075655210892,234,mlp_corr_top1_rand17,f3,1
2022-11-01,248.4979300470176,234,mlp_corr_top1_rand17,f3,1
2022-12-01,233.45033466670347,234,mlp_corr_top1_rand17,f3,1
2023-01-01,420.770146452889,234,mlp_corr_top1_rand17,f3,1
2023-02-01,257.2335151386504,234,mlp_corr_top1_rand17,f3,1
2023-03-01,341.4535169683802,234,mlp_corr_top1_rand17,f3,1
2023-04-01,383.9996452608221,234,mlp_corr_top1_rand17,f3,1
2023-05-01,517.5475953025355,234,mlp_corr_top1_rand17,f3,1
2023-06-01,584.2515857200788,234,mlp_corr_top1_rand17,f3,1
2023-07-01,287.39760346677156,234,mlp_corr_top1_rand17,f3,1
2023-08-01,268.9617185804034,234,mlp_corr_top1_rand17,f3,1
2023-09-01,365.91624836696013,234,mlp_corr_top1_rand17,f3,1
2022-05-01,209.5478812156698,234,gbm_corr_top1_2hop_rand17,f3,1
2022-06-01,200.15479706638706,234,gbm_corr_top1_2hop_rand17,f3,1
2022-07-01,172.88946310140287,234,gbm_corr_top1_2hop_rand17,f3,1
2022-08-01,319.7192908417575,234,gbm_corr_top1_2hop_rand17,f3,1
2022-09-01,265.3337119886465,234,gbm_corr_top1_2hop_rand17,f3,1
2022-10-01,316.2824398871497,234,gbm_corr_top1_2hop_rand17,f3,1
2022-11-01,240.25063883880725,234,gbm_corr_top1_2hop_rand17,f3,1
2022-12-01,238.89814067012824,234,gbm_corr_top1_2hop_rand17,f3,1
2023-01-01,419.9434290415498,234,gbm_corr_top1_2hop_rand17,f3,1
2023-02-01,268.0251215600664,234,gbm_corr_top1_2hop_rand17,f3,1
2023-03-01,336.2086389718256,234,gbm_corr_top1_2hop_rand17,f3,1
2023-04-01,384.8760778229316,234,gbm_corr_top1_2hop_rand17,f3,1
2023-05-01,513.9970247396291,234,gbm_corr_top1_2hop_rand17,f3,1
2023-06-01,592.1645621679061,234,gbm_corr_top1_2hop_rand17,f3,1
2023-07-01,282.5114523013952,234,gbm_corr_top1_2hop_rand17,f3,1
2023-08-01,272.33698425639204,234,gbm_corr_top1_2hop_rand17,f3,1
2023-09-01,367.483382626278,234,gbm_corr_top1_2hop_rand17,f3,1
2022-05-01,205.4029089949854,234,gbm_corr_top1_rand18,f3,1
2022-06-01,198.3223295388119,234,gbm_corr_top1_rand18,f3,1
2022-07-01,175.81782278023425,234,gbm_corr_top1_rand18,f3,1
2022-08-01,318.92267300477187,234,gbm_corr_top1_rand18,f3,1
2022-09-01,263.1469159342994,234,gbm_corr_top1_rand18,f3,1
2022-10-01,315.8137628709398,234,gbm_corr_top1_rand18,f3,1
2022-11-01,246.77488405195083,234,gbm_corr_top1_rand18,f3,1
2022-12-01,236.71247127396455,234,gbm_corr_top1_rand18,f3,1
2023-01-01,413.6494929065649,234,gbm_corr_top1_rand18,f3,1
2023-02-01,264.15546662648256,234,gbm_corr_top1_rand18,f3,1
2023-03-01,336.4428989174757,234,gbm_corr_top1_rand18,f3,1
2023-04-01,379.01747718444875,234,gbm_corr_top1_rand18,f3,1
2023-05-01,521.0535017645589,234,gbm_corr_top1_rand18,f3,1
2023-06-01,597.5962863855657,234,gbm_corr_top1_rand18,f3,1
2023-07-01,283.6094598399758,234,gbm_corr_top1_rand18,f3,1
2023-08-01,278.5542430859673,234,gbm_corr_top1_rand18,f3,1
2023-09-01,370.82611493798504,234,gbm_corr_top1_rand18,f3,1
2022-05-01,210.19260165916197,234,mlp_corr_top1_rand18,f3,1
2022-06-01,197.41961499530393,234,mlp_corr_top1_rand18,f3,1
2022-07-01,172.73792199561896,234,mlp_corr_top1_rand18,f3,1
2022-08-01,318.1982698356525,234,mlp_corr_top1_rand18,f3,1
2022-09-01,270.8362533860163,234,mlp_corr_top1_rand18,f3,1
2022-10-01,320.7389761957789,234,mlp_corr_top1_rand18,f3,1
2022-11-01,244.34712264332197,234,mlp_corr_top1_rand18,f3,1
2022-12-01,233.48470357428207,234,mlp_corr_top1_rand18,f3,1
2023-01-01,415.1532727702107,234,mlp_corr_top1_rand18,f3,1
2023-02-01,256.6965120189867,234,mlp_corr_top1_rand18,f3,1
2023-03-01,336.80192733990344,234,mlp_corr_top1_rand18,f3,1
2023-04-01,379.9392164240296,234,mlp_corr_top1_rand18,f3,1
2023-05-01,515.3111906903641,234,mlp_corr_top1_rand18,f3,1
2023-06-01,582.6800460522053,234,mlp_corr_top1_rand18,f3,1
2023-07-01,279.42643230848586,234,mlp_corr_top1_rand18,f3,1
2023-08-01,270.4357111252238,234,mlp_corr_top1_rand18,f3,1
2023-09-01,367.5538285167913,234,mlp_corr_top1_rand18,f3,1
2022-05-01,207.03628588102697,234,gbm_corr_top1_2hop_rand18,f3,1
2022-06-01,198.03695931984933,234,gbm_corr_top1_2hop_rand18,f3,1
2022-07-01,174.13987646814496,234,gbm_corr_top1_2hop_rand18,f3,1
2022-08-01,319.09217376592153,234,gbm_corr_top1_2hop_rand18,f3,1
2022-09-01,267.861071173346,234,gbm_corr_top1_2hop_rand18,f3,1
2022-10-01,316.20660775713105,234,gbm_corr_top1_2hop_rand18,f3,1
2022-11-01,246.93464784782785,234,gbm_corr_top1_2hop_rand18,f3,1
2022-12-01,236.78405389903145,234,gbm_corr_top1_2hop_rand18,f3,1
2023-01-01,414.42085571468203,234,gbm_corr_top1_2hop_rand18,f3,1
2023-02-01,269.21527626671326,234,gbm_corr_top1_2hop_rand18,f3,1
2023-03-01,337.9562205249012,234,gbm_corr_top1_2hop_rand18,f3,1
2023-04-01,382.2531008782808,234,gbm_corr_top1_2hop_rand18,f3,1
2023-05-01,516.2098272500833,234,gbm_corr_top1_2hop_rand18,f3,1
2023-06-01,595.6415194442399,234,gbm_corr_top1_2hop_rand18,f3,1
2023-07-01,281.79578635266046,234,gbm_corr_top1_2hop_rand18,f3,1
2023-08-01,278.3284988720475,234,gbm_corr_top1_2hop_rand18,f3,1
2023-09-01,370.9615029485384,234,gbm_corr_top1_2hop_rand18,f3,1
2022-05-01,208.31887505070455,234,gbm_corr_top1_rand19,f3,1
2022-06-01,201.53914303462088,234,gbm_corr_top1_rand19,f3,1
2022-07-01,173.83620202872166,234,gbm_corr_top1_rand19,f3,1
2022-08-01,316.5615704428148,234,gbm_corr_top1_rand19,f3,1
2022-09-01,263.9984749950673,234,gbm_corr_top1_rand19,f3,1
2022-10-01,316.9158405565912,234,gbm_corr_top1_rand19,f3,1
2022-11-01,241.12883815072038,234,gbm_corr_top1_rand19,f3,1
2022-12-01,238.7384916142474,234,gbm_corr_top1_rand19,f3,1
2023-01-01,416.18777529667574,234,gbm_corr_top1_rand19,f3,1
2023-02-01,267.76240381859776,234,gbm_corr_top1_rand19,f3,1
2023-03-01,340.6822682113626,234,gbm_corr_top1_rand19,f3,1
2023-04-01,380.8757258023401,234,gbm_corr_top1_rand19,f3,1
2023-05-01,524.755943492978,234,gbm_corr_top1_rand19,f3,1
2023-06-01,592.1028648693784,234,gbm_corr_top1_rand19,f3,1
2023-07-01,281.73945180049003,234,gbm_corr_top1_rand19,f3,1
2023-08-01,272.74332764534125,234,gbm_corr_top1_rand19,f3,1
2023-09-01,368.4420501674749,234,gbm_corr_top1_rand19,f3,1
2022-05-01,210.13799591107693,234,mlp_corr_top1_rand19,f3,1
2022-06-01,198.1735146018557,234,mlp_corr_top1_rand19,f3,1
2022-07-01,174.29129011947236,234,mlp_corr_top1_rand19,f3,1
2022-08-01,318.17402474679085,234,mlp_corr_top1_rand19,f3,1
2022-09-01,270.6825570415419,234,mlp_corr_top1_rand19,f3,1
2022-10-01,322.4369069126373,234,mlp_corr_top1_rand19,f3,1
2022-11-01,247.55722470420267,234,mlp_corr_top1_rand19,f3,1
2022-12-01,237.46816891750868,234,mlp_corr_top1_rand19,f3,1
2023-01-01,419.5607004584709,234,mlp_corr_top1_rand19,f3,1
2023-02-01,258.10548635617073,234,mlp_corr_top1_rand19,f3,1
2023-03-01,338.38360307013994,234,mlp_corr_top1_rand19,f3,1
2023-04-01,380.1445068778555,234,mlp_corr_top1_rand19,f3,1
2023-05-01,518.1159306262543,234,mlp_corr_top1_rand19,f3,1
2023-06-01,589.2183603217858,234,mlp_corr_top1_rand19,f3,1
2023-07-01,282.2859833664438,234,mlp_corr_top1_rand19,f3,1
2023-08-01,271.136772348872,234,mlp_corr_top1_rand19,f3,1
2023-09-01,370.9585746753426,234,mlp_corr_top1_rand19,f3,1
2022-05-01,211.84000629271634,234,gbm_corr_top1_2hop_rand19,f3,1
2022-06-01,203.42241006282282,234,gbm_corr_top1_2hop_rand19,f3,1
2022-07-01,173.33141885599122,234,gbm_corr_top1_2hop_rand19,f3,1
2022-08-01,318.11191639965443,234,gbm_corr_top1_2hop_rand19,f3,1
2022-09-01,266.4808843810726,234,gbm_corr_top1_2hop_rand19,f3,1
2022-10-01,319.0288652365705,234,gbm_corr_top1_2hop_rand19,f3,1
2022-11-01,243.32461185362286,234,gbm_corr_top1_2hop_rand19,f3,1
2022-12-01,238.8219470559493,234,gbm_corr_top1_2hop_rand19,f3,1
2023-01-01,416.1639988929421,234,gbm_corr_top1_2hop_rand19,f3,1
2023-02-01,263.77421980293053,234,gbm_corr_top1_2hop_rand19,f3,1
2023-03-01,343.40415087582096,234,gbm_corr_top1_2hop_rand19,f3,1
2023-04-01,379.8321317648533,234,gbm_corr_top1_2hop_rand19,f3,1
2023-05-01,527.1375008731682,234,gbm_corr_top1_2hop_rand19,f3,1
2023-06-01,589.3685338232209,234,gbm_corr_top1_2hop_rand19,f3,1
2023-07-01,286.0791160714234,234,gbm_corr_top1_2hop_rand19,f3,1
2023-08-01,271.89180075850123,234,gbm_corr_top1_2hop_rand19,f3,1
2023-09-01,369.0556456154587,234,gbm_corr_top1_2hop_rand19,f3,1
2022-06-01,240.2034888877458,234,gbm_corr_top1_rand0,f3,2
2022-07-01,216.29655539744007,234,gbm_corr_top1_rand0,f3,2
2022-08-01,419.4152393528929,234,gbm_corr_top1_rand0,f3,2
2022-09-01,403.9678070899309,234,gbm_corr_top1_rand0,f3,2
2022-10-01,392.1847547247105,234,gbm_corr_top1_rand0,f3,2
2022-11-01,352.1824733688905,234,gbm_corr_top1_rand0,f3,2
2022-12-01,287.1514233666438,234,gbm_corr_top1_rand0,f3,2
2023-01-01,487.4258878155937,234,gbm_corr_top1_rand0,f3,2
2023-02-01,341.93726968283073,234,gbm_corr_top1_rand0,f3,2
2023-03-01,387.6115645960101,234,gbm_corr_top1_rand0,f3,2
2023-04-01,428.01193274213506,234,gbm_corr_top1_rand0,f3,2
2023-05-01,577.3141513354054,234,gbm_corr_top1_rand0,f3,2
2023-06-01,657.8475940937558,234,gbm_corr_top1_rand0,f3,2
2023-07-01,397.182806506082,234,gbm_corr_top1_rand0,f3,2
2023-08-01,296.042829304754,234,gbm_corr_top1_rand0,f3,2
2023-09-01,448.05207486312264,234,gbm_corr_top1_rand0,f3,2
2023-10-01,340.53937967779484,234,gbm_corr_top1_rand0,f3,2
2022-06-01,242.25293596747272,234,mlp_corr_top1_rand0,f3,2
2022-07-01,216.5066014461313,234,mlp_corr_top1_rand0,f3,2
2022-08-01,415.6565020650004,234,mlp_corr_top1_rand0,f3,2
2022-09-01,401.7559470000178,234,mlp_corr_top1_rand0,f3,2
2022-10-01,406.5345350497075,234,mlp_corr_top1_rand0,f3,2
2022-11-01,356.98774895009586,234,mlp_corr_top1_rand0,f3,2
2022-12-01,289.19806480939286,234,mlp_corr_top1_rand0,f3,2
2023-01-01,488.77304220961935,234,mlp_corr_top1_rand0,f3,2
2023-02-01,339.5388366571688,234,mlp_corr_top1_rand0,f3,2
2023-03-01,382.840896110939,234,mlp_corr_top1_rand0,f3,2
2023-04-01,431.2230526068241,234,mlp_corr_top1_rand0,f3,2
2023-05-01,575.9853147045602,234,mlp_corr_top1_rand0,f3,2
2023-06-01,666.319198862293,234,mlp_corr_top1_rand0,f3,2
2023-07-01,403.77412094381526,234,mlp_corr_top1_rand0,f3,2
2023-08-01,304.2965507485352,234,mlp_corr_top1_rand0,f3,2
2023-09-01,455.1867123409238,234,mlp_corr_top1_rand0,f3,2
2023-10-01,342.96257738477954,234,mlp_corr_top1_rand0,f3,2
2022-06-01,240.32153099425395,234,gbm_corr_top1_2hop_rand0,f3,2
2022-07-01,218.01168760594916,234,gbm_corr_top1_2hop_rand0,f3,2
2022-08-01,414.2469774638473,234,gbm_corr_top1_2hop_rand0,f3,2
2022-09-01,405.5348490304093,234,gbm_corr_top1_2hop_rand0,f3,2
2022-10-01,392.1669920428617,234,gbm_corr_top1_2hop_rand0,f3,2
2022-11-01,345.70763422330526,234,gbm_corr_top1_2hop_rand0,f3,2
2022-12-01,289.66415351178995,234,gbm_corr_top1_2hop_rand0,f3,2
2023-01-01,489.267562260568,234,gbm_corr_top1_2hop_rand0,f3,2
2023-02-01,343.79454217149896,234,gbm_corr_top1_2hop_rand0,f3,2
2023-03-01,382.5651751501157,234,gbm_corr_top1_2hop_rand0,f3,2
2023-04-01,430.1770273461986,234,gbm_corr_top1_2hop_rand0,f3,2
2023-05-01,583.454550592774,234,gbm_corr_top1_2hop_rand0,f3,2
2023-06-01,662.1434379555882,234,gbm_corr_top1_2hop_rand0,f3,2
2023-07-01,394.1423783891861,234,gbm_corr_top1_2hop_rand0,f3,2
2023-08-01,300.52665089023657,234,gbm_corr_top1_2hop_rand0,f3,2
2023-09-01,454.3389648304175,234,gbm_corr_top1_2hop_rand0,f3,2
2023-10-01,340.9276270816486,234,gbm_corr_top1_2hop_rand0,f3,2
2022-06-01,237.966433591226,234,gbm_corr_top1_rand1,f3,2
2022-07-01,213.74514152354269,234,gbm_corr_top1_rand1,f3,2
2022-08-01,418.47623923999174,234,gbm_corr_top1_rand1,f3,2
2022-09-01,402.70376385047064,234,gbm_corr_top1_rand1,f3,2
2022-10-01,391.12018329435307,234,gbm_corr_top1_rand1,f3,2
2022-11-01,346.92215222815696,234,gbm_corr_top1_rand1,f3,2
2022-12-01,278.4326215239202,234,gbm_corr_top1_rand1,f3,2
2023-01-01,489.3447570439485,234,gbm_corr_top1_rand1,f3,2
2023-02-01,336.9554684609367,234,gbm_corr_top1_rand1,f3,2
2023-03-01,382.0328075652645,234,gbm_corr_top1_rand1,f3,2
2023-04-01,428.77544978445076,234,gbm_corr_top1_rand1,f3,2
2023-05-01,579.6762294930193,234,gbm_corr_top1_rand1,f3,2
2023-06-01,672.4676653357282,234,gbm_corr_top1_rand1,f3,2
2023-07-01,398.3512253904462,234,gbm_corr_top1_rand1,f3,2
2023-08-01,298.67266408047766,234,gbm_corr_top1_rand1,f3,2
2023-09-01,455.0549090133009,234,gbm_corr_top1_rand1,f3,2
2023-10-01,341.11150565752376,234,gbm_corr_top1_rand1,f3,2
2022-06-01,241.10450448396068,234,mlp_corr_top1_rand1,f3,2
2022-07-01,218.59652706771274,234,mlp_corr_top1_rand1,f3,2
2022-08-01,415.52947710979953,234,mlp_corr_top1_rand1,f3,2
2022-09-01,400.3632442222429,234,mlp_corr_top1_rand1,f3,2
2022-10-01,403.6862982329546,234,mlp_corr_top1_rand1,f3,2
2022-11-01,356.8362606569688,234,mlp_corr_top1_rand1,f3,2
2022-12-01,288.0058670559447,234,mlp_corr_top1_rand1,f3,2
2023-01-01,485.5901042388429,234,mlp_corr_top1_rand1,f3,2
2023-02-01,338.15941255621436,234,mlp_corr_top1_rand1,f3,2
2023-03-01,380.2721494445673,234,mlp_corr_top1_rand1,f3,2
2023-04-01,432.68740179927886,234,mlp_corr_top1_rand1,f3,2
2023-05-01,577.1263138412377,234,mlp_corr_top1_rand1,f3,2
2023-06-01,670.1198535292745,234,mlp_corr_top1_rand1,f3,2
2023-07-01,404.8431602997245,234,mlp_corr_top1_rand1,f3,2
2023-08-01,302.2958470355548,234,mlp_corr_top1_rand1,f3,2
2023-09-01,455.8539004944268,234,mlp_corr_top1_rand1,f3,2
2023-10-01,341.6893970287383,234,mlp_corr_top1_rand1,f3,2
2022-06-01,239.98144873634232,234,gbm_corr_top1_2hop_rand1,f3,2
2022-07-01,219.25213259427935,234,gbm_corr_top1_2hop_rand1,f3,2
2022-08-01,416.9800638059869,234,gbm_corr_top1_2hop_rand1,f3,2
2022-09-01,400.7081891284949,234,gbm_corr_top1_2hop_rand1,f3,2
2022-10-01,392.7448695198347,234,gbm_corr_top1_2hop_rand1,f3,2
2022-11-01,353.4483710259592,234,gbm_corr_top1_2hop_rand1,f3,2
2022-12-01,288.304349383592,234,gbm_corr_top1_2hop_rand1,f3,2
2023-01-01,489.8852266349566,234,gbm_corr_top1_2hop_rand1,f3,2
2023-02-01,336.11335727445214,234,gbm_corr_top1_2hop_rand1,f3,2
2023-03-01,382.84153083420694,234,gbm_corr_top1_2hop_rand1,f3,2
2023-04-01,433.9128944637599,234,gbm_corr_top1_2hop_rand1,f3,2
2023-05-01,581.4796946732712,234,gbm_corr_top1_2hop_rand1,f3,2
2023-06-01,666.6518956067184,234,gbm_corr_top1_2hop_rand1,f3,2
2023-07-01,399.80569832457167,234,gbm_corr_top1_2hop_rand1,f3,2
2023-08-01,300.2579097135146,234,gbm_corr_top1_2hop_rand1,f3,2
2023-09-01,455.24753237348426,234,gbm_corr_top1_2hop_rand1,f3,2
2023-10-01,339.29630383362706,234,gbm_corr_top1_2hop_rand1,f3,2
2022-06-01,237.4719240956827,234,gbm_corr_top1_rand2,f3,2
2022-07-01,218.03850424272187,234,gbm_corr_top1_rand2,f3,2
2022-08-01,418.4729656290061,234,gbm_corr_top1_rand2,f3,2
2022-09-01,400.01342135770284,234,gbm_corr_top1_rand2,f3,2
2022-10-01,393.95392441717496,234,gbm_corr_top1_rand2,f3,2
2022-11-01,348.97725712583195,234,gbm_corr_top1_rand2,f3,2
2022-12-01,283.1134142649364,234,gbm_corr_top1_rand2,f3,2
2023-01-01,486.53223424855577,234,gbm_corr_top1_rand2,f3,2
2023-02-01,334.93394709466656,234,gbm_corr_top1_rand2,f3,2
2023-03-01,387.10196191055655,234,gbm_corr_top1_rand2,f3,2
2023-04-01,429.21008545554076,234,gbm_corr_top1_rand2,f3,2
2023-05-01,572.0524190494413,234,gbm_corr_top1_rand2,f3,2
2023-06-01,660.1242672257843,234,gbm_corr_top1_rand2,f3,2
2023-07-01,394.8300324607558,234,gbm_corr_top1_rand2,f3,2
2023-08-01,300.19685809934583,234,gbm_corr_top1_rand2,f3,2
2023-09-01,450.0767992136316,234,gbm_corr_top1_rand2,f3,2
2023-10-01,339.14027351594655,234,gbm_corr_top1_rand2,f3,2
2022-06-01,243.03431635259108,234,mlp_corr_top1_rand2,f3,2
2022-07-01,220.56612086902553,234,mlp_corr_top1_rand2,f3,2
2022-08-01,416.74719226467613,234,mlp_corr_top1_rand2,f3,2
2022-09-01,400.85767285865774,234,mlp_corr_top1_rand2,f3,2
2022-10-01,405.08806780330093,234,mlp_corr_top1_rand2,f3,2
2022-11-01,357.3680071760768,234,mlp_corr_top1_rand2,f3,2
2022-12-01,285.2041484476308,234,mlp_corr_top1_rand2,f3,2
2023-01-01,485.6112074624624,234,mlp_corr_top1_rand2,f3,2
2023-02-01,337.9308986249006,234,mlp_corr_top1_rand2,f3,2
2023-03-01,383.7857464242343,234,mlp_corr_top1_rand2,f3,2
2023-04-01,428.86043914029284,234,mlp_corr_top1_rand2,f3,2
2023-05-01,571.5217297840595,234,mlp_corr_top1_rand2,f3,2
2023-06-01,661.8255983723019,234,mlp_corr_top1_rand2,f3,2
2023-07-01,401.8766060038155,234,mlp_corr_top1_rand2,f3,2
2023-08-01,304.30935144195803,234,mlp_corr_top1_rand2,f3,2
2023-09-01,455.88741722207266,234,mlp_corr_top1_rand2,f3,2
2023-10-01,346.5121846632985,234,mlp_corr_top1_rand2,f3,2
2022-06-01,239.052439587519,234,gbm_corr_top1_2hop_rand2,f3,2
2022-07-01,218.1446965154083,234,gbm_corr_top1_2hop_rand2,f3,2
2022-08-01,415.99059979030966,234,gbm_corr_top1_2hop_rand2,f3,2
2022-09-01,399.3416640963669,234,gbm_corr_top1_2hop_rand2,f3,2
2022-10-01,394.9840839533414,234,gbm_corr_top1_2hop_rand2,f3,2
2022-11-01,348.03849013339226,234,gbm_corr_top1_2hop_rand2,f3,2
2022-12-01,289.77882164710326,234,gbm_corr_top1_2hop_rand2,f3,2
2023-01-01,485.46376955051346,234,gbm_corr_top1_2hop_rand2,f3,2
2023-02-01,342.6827307930971,234,gbm_corr_top1_2hop_rand2,f3,2
2023-03-01,391.0285097143412,234,gbm_corr_top1_2hop_rand2,f3,2
2023-04-01,423.2770277698521,234,gbm_corr_top1_2hop_rand2,f3,2
2023-05-01,565.7875126094351,234,gbm_corr_top1_2hop_rand2,f3,2
2023-06-01,666.8830600031102,234,gbm_corr_top1_2hop_rand2,f3,2
2023-07-01,392.8697207664105,234,gbm_corr_top1_2hop_rand2,f3,2
2023-08-01,298.1898307646434,234,gbm_corr_top1_2hop_rand2,f3,2
2023-09-01,446.70851873278946,234,gbm_corr_top1_2hop_rand2,f3,2
2023-10-01,340.24697145257176,234,gbm_corr_top1_2hop_rand2,f3,2
2022-06-01,236.52289302512642,234,gbm_corr_top1_rand3,f3,2
2022-07-01,217.42108652648582,234,gbm_corr_top1_rand3,f3,2
2022-08-01,420.68195228009563,234,gbm_corr_top1_rand3,f3,2
2022-09-01,395.09316076911256,234,gbm_corr_top1_rand3,f3,2
2022-10-01,392.39108518340566,234,gbm_corr_top1_rand3,f3,2
2022-11-01,351.02504721367586,234,gbm_corr_top1_rand3,f3,2
2022-12-01,281.5678580258004,234,gbm_corr_top1_rand3,f3,2
2023-01-01,484.94085898898953,234,gbm_corr_top1_rand3,f3,2
2023-02-01,333.3961391284285,234,gbm_corr_top1_rand3,f3,2
2023-03-01,383.3966232795053,234,gbm_corr_top1_rand3,f3,2
2023-04-01,427.94461306230033,234,gbm_corr_top1_rand3,f3,2
2023-05-01,589.7350640727961,234,gbm_corr_top1_rand3,f3,2
2023-06-01,668.8115179121675,234,gbm_corr_top1_rand3,f3,2
2023-07-01,395.396899126178,234,gbm_corr_top1_rand3,f3,2
2023-08-01,299.7303723997944,234,gbm_corr_top1_rand3,f3,2
2023-09-01,448.75727727914773,234,gbm_corr_top1_rand3,f3,2
2023-10-01,344.53341802269307,234,gbm_corr_top1_rand3,f3,2
2022-06-01,238.39274142179167,234,mlp_corr_top1_rand3,f3,2
2022-07-01,216.92942153378257,234,mlp_corr_top1_rand3,f3,2
2022-08-01,416.4272124887469,234,mlp_corr_top1_rand3,f3,2
2022-09-01,400.0584395787729,234,mlp_corr_top1_rand3,f3,2
2022-10-01,401.0192675027345,234,mlp_corr_top1_rand3,f3,2
2022-11-01,354.035648219965,234,mlp_corr_top1_rand3,f3,2
2022-12-01,285.68827401994207,234,mlp_corr_top1_rand3,f3,2
2023-01-01,485.04869618497196,234,mlp_corr_top1_rand3,f3,2
2023-02-01,335.76515488346394,234,mlp_corr_top1_rand3,f3,2
2023-03-01,380.89649325862894,234,mlp_corr_top1_rand3,f3,2
2023-04-01,427.75724782392314,234,mlp_corr_top1_rand3,f3,2
2023-05-01,579.1067806750115,234,mlp_corr_top1_rand3,f3,2
2023-06-01,665.9867030188897,234,mlp_corr_top1_rand3,f3,2
2023-07-01,401.9550302354123,234,mlp_corr_top1_rand3,f3,2
2023-08-01,304.24234333444315,234,mlp_corr_top1_rand3,f3,2
2023-09-01,451.1511279574662,234,mlp_corr_top1_rand3,f3,2
2023-10-01,339.08020129701634,234,mlp_corr_top1_rand3,f3,2
2022-06-01,240.43534585073368,234,gbm_corr_top1_2hop_rand3,f3,2
2022-07-01,212.64034478302614,234,gbm_corr_top1_2hop_rand3,f3,2
2022-08-01,417.8759056168505,234,gbm_corr_top1_2hop_rand3,f3,2
2022-09-01,395.75194047319695,234,gbm_corr_top1_2hop_rand3,f3,2
2022-10-01,394.43817392037624,234,gbm_corr_top1_2hop_rand3,f3,2
2022-11-01,351.9408530290155,234,gbm_corr_top1_2hop_rand3,f3,2
2022-12-01,281.8910874577992,234,gbm_corr_top1_2hop_rand3,f3,2
2023-01-01,483.58734097061875,234,gbm_corr_top1_2hop_rand3,f3,2
2023-02-01,337.5728076085071,234,gbm_corr_top1_2hop_rand3,f3,2
2023-03-01,387.62116377227323,234,gbm_corr_top1_2hop_rand3,f3,2
2023-04-01,432.3163675269819,234,gbm_corr_top1_2hop_rand3,f3,2
2023-05-01,592.9660099411735,234,gbm_corr_top1_2hop_rand3,f3,2
2023-06-01,669.9375625219063,234,gbm_corr_top1_2hop_rand3,f3,2
2023-07-01,398.5500525686521,234,gbm_corr_top1_2hop_rand3,f3,2
2023-08-01,301.1670688609965,234,gbm_corr_top1_2hop_rand3,f3,2
2023-09-01,447.41111531141155,234,gbm_corr_top1_2hop_rand3,f3,2
2023-10-01,345.3009389070411,234,gbm_corr_top1_2hop_rand3,f3,2
2022-06-01,241.5458287525943,234,gbm_corr_top1_rand4,f3,2
2022-07-01,215.3146706692441,234,gbm_corr_top1_rand4,f3,2
2022-08-01,417.7755413414855,234,gbm_corr_top1_rand4,f3,2
2022-09-01,401.71091215785583,234,gbm_corr_top1_rand4,f3,2
2022-10-01,389.43850409137315,234,gbm_corr_top1_rand4,f3,2
2022-11-01,352.1838094664132,234,gbm_corr_top1_rand4,f3,2
2022-12-01,281.5938226813133,234,gbm_corr_top1_rand4,f3,2
2023-01-01,489.2660370699216,234,gbm_corr_top1_rand4,f3,2
2023-02-01,342.7196122232747,234,gbm_corr_top1_rand4,f3,2
2023-03-01,384.7844753641651,234,gbm_corr_top1_rand4,f3,2
2023-04-01,425.40695101873933,234,gbm_corr_top1_rand4,f3,2
2023-05-01,577.929489089757,234,gbm_corr_top1_rand4,f3,2
2023-06-01,670.1627288795968,234,gbm_corr_top1_rand4,f3,2
2023-07-01,400.3789493767211,234,gbm_corr_top1_rand4,f3,2
2023-08-01,310.665416554731,234,gbm_corr_top1_rand4,f3,2
2023-09-01,450.60340919734676,234,gbm_corr_top1_rand4,f3,2
2023-10-01,338.55944907184926,234,gbm_corr_top1_rand4,f3,2
2022-06-01,239.11900628466083,234,mlp_corr_top1_rand4,f3,2
2022-07-01,215.9656818736192,234,mlp_corr_top1_rand4,f3,2
2022-08-01,414.478341978926,234,mlp_corr_top1_rand4,f3,2
2022-09-01,400.21953977393395,234,mlp_corr_top1_rand4,f3,2
2022-10-01,402.5456940733102,234,mlp_corr_top1_rand4,f3,2
2022-11-01,353.8464085862751,234,mlp_corr_top1_rand4,f3,2
2022-12-01,283.07992551720486,234,mlp_corr_top1_rand4,f3,2
2023-01-01,482.5639184947055,234,mlp_corr_top1_rand4,f3,2
2023-02-01,336.1260226214621,234,mlp_corr_top1_rand4,f3,2
2023-03-01,381.06151949159056,234,mlp_corr_top1_rand4,f3,2
2023-04-01,428.788140650957,234,mlp_corr_top1_rand4,f3,2
2023-05-01,575.5748466780836,234,mlp_corr_top1_rand4,f3,2
2023-06-01,665.375747294402,234,mlp_corr_top1_rand4,f3,2
2023-07-01,405.61475940817314,234,mlp_corr_top1_rand4,f3,2
2023-08-01,305.62981200129343,234,mlp_corr_top1_rand4,f3,2
2023-09-01,453.635554390526,234,mlp_corr_top1_rand4,f3,2
2023-10-01,342.32731459820275,234,mlp_corr_top1_rand4,f3,2
2022-06-01,243.3504383693986,234,gbm_corr_top1_2hop_rand4,f3,2
2022-07-01,216.1934985662757,234,gbm_corr_top1_2hop_rand4,f3,2
2022-08-01,418.6878055625495,234,gbm_corr_top1_2hop_rand4,f3,2
2022-09-01,406.5494261155591,234,gbm_corr_top1_2hop_rand4,f3,2
2022-10-01,393.13089967715666,234,gbm_corr_top1_2hop_rand4,f3,2
2022-11-01,353.2873938107006,234,gbm_corr_top1_2hop_rand4,f3,2
2022-12-01,290.3002438411739,234,gbm_corr_top1_2hop_rand4,f3,2
2023-01-01,489.6945330093047,234,gbm_corr_top1_2hop_rand4,f3,2
2023-02-01,346.06262777254824,234,gbm_corr_top1_2hop_rand4,f3,2
2023-03-01,383.85088726244857,234,gbm_corr_top1_2hop_rand4,f3,2
2023-04-01,429.5092149995509,234,gbm_corr_top1_2hop_rand4,f3,2
2023-05-01,582.4827960308957,234,gbm_corr_top1_2hop_rand4,f3,2
2023-06-01,664.8118820703432,234,gbm_corr_top1_2hop_rand4,f3,2
2023-07-01,401.46370071003855,234,gbm_corr_top1_2hop_rand4,f3,2
2023-08-01,306.1051487218027,234,gbm_corr_top1_2hop_rand4,f3,2
2023-09-01,444.78460802565337,234,gbm_corr_top1_2hop_rand4,f3,2
2023-10-01,341.3446739463566,234,gbm_corr_top1_2hop_rand4,f3,2
2022-06-01,238.0036388842735,234,gbm_corr_top1_rand5,f3,2
2022-07-01,216.39369975438893,234,gbm_corr_top1_rand5,f3,2
2022-08-01,420.1313636268523,234,gbm_corr_top1_rand5,f3,2
2022-09-01,396.3755465041326,234,gbm_corr_top1_rand5,f3,2
2022-10-01,391.6927850246848,234,gbm_corr_top1_rand5,f3,2
2022-11-01,354.03731519422007,234,gbm_corr_top1_rand5,f3,2
2022-12-01,282.5903523218098,234,gbm_corr_top1_rand5,f3,2
2023-01-01,484.269875335207,234,gbm_corr_top1_rand5,f3,2
2023-02-01,339.47015181723947,234,gbm_corr_top1_rand5,f3,2
2023-03-01,387.66695573862046,234,gbm_corr_top1_rand5,f3,2
2023-04-01,428.05962133961873,234,gbm_corr_top1_rand5,f3,2
2023-05-01,577.5116171109007,234,gbm_corr_top1_rand5,f3,2
2023-06-01,659.5271970475417,234,gbm_corr_top1_rand5,f3,2
2023-07-01,397.4808531180243,234,gbm_corr_top1_rand5,f3,2
2023-08-01,307.37428987702714,234,gbm_corr_top1_rand5,f3,2
2023-09-01,449.3926379171744,234,gbm_corr_top1_rand5,f3,2
2023-10-01,337.2685775543583,234,gbm_corr_top1_rand5,f3,2
2022-06-01,237.92625771268283,234,mlp_corr_top1_rand5,f3,2
2022-07-01,213.84267706448324,234,mlp_corr_top1_rand5,f3,2
2022-08-01,413.14753674066714,234,mlp_corr_top1_rand5,f3,2
2022-09-01,394.3501835727976,234,mlp_corr_top1_rand5,f3,2
2022-10-01,396.24134293065555,234,mlp_corr_top1_rand5,f3,2
2022-11-01,348.893370206762,234,mlp_corr_top1_rand5,f3,2
2022-12-01,278.29897340727877,234,mlp_corr_top1_rand5,f3,2
2023-01-01,476.4658789658476,234,mlp_corr_top1_rand5,f3,2
2023-02-01,335.3624818392371,234,mlp_corr_top1_rand5,f3,2
2023-03-01,379.42173510294197,234,mlp_corr_top1_rand5,f3,2
2023-04-01,426.7858251897672,234,mlp_corr_top1_rand5,f3,2
2023-05-01,574.2665231592516,234,mlp_corr_top1_rand5,f3,2
2023-06-01,654.0379234176241,234,mlp_corr_top1_rand5,f3,2
2023-07-01,399.92934461901956,234,mlp_corr_top1_rand5,f3,2
2023-08-01,308.6208299088756,234,mlp_corr_top1_rand5,f3,2
2023-09-01,450.6395096698062,234,mlp_corr_top1_rand5,f3,2
2023-10-01,335.04450926914996,234,mlp_corr_top1_rand5,f3,2
2022-06-01,238.78108277200292,234,gbm_corr_top1_2hop_rand5,f3,2
2022-07-01,214.86441935009518,234,gbm_corr_top1_2hop_rand5,f3,2
2022-08-01,419.42667888694086,234,gbm_corr_top1_2hop_rand5,f3,2
2022-09-01,398.56911817957047,234,gbm_corr_top1_2hop_rand5,f3,2
2022-10-01,396.30151774995716,234,gbm_corr_top1_2hop_rand5,f3,2
2022-11-01,349.62709351893034,234,gbm_corr_top1_2hop_rand5,f3,2
2022-12-01,284.73321377246504,234,gbm_corr_top1_2hop_rand5,f3,2
2023-01-01,489.9901010437963,234,gbm_corr_top1_2hop_rand5,f3,2
2023-02-01,346.0737240473269,234,gbm_corr_top1_2hop_rand5,f3,2
2023-03-01,397.00839176891816,234,gbm_corr_top1_2hop_rand5,f3,2
2023-04-01,429.24478072839713,234,gbm_corr_top1_2hop_rand5,f3,2
2023-05-01,576.2479259767872,234,gbm_corr_top1_2hop_rand5,f3,2
2023-06-01,660.4285199499875,234,gbm_corr_top1_2hop_rand5,f3,2
2023-07-01,404.03948123690634,234,gbm_corr_top1_2hop_rand5,f3,2
2023-08-01,305.47559258730183,234,gbm_corr_top1_2hop_rand5,f3,2
2023-09-01,454.49129960433896,234,gbm_corr_top1_2hop_rand5,f3,2
2023-10-01,343.8502323398194,234,gbm_corr_top1_2hop_rand5,f3,2
2022-06-01,235.66982512446225,234,gbm_corr_top1_rand6,f3,2
2022-07-01,215.86283556904968,234,gbm_corr_top1_rand6,f3,2
2022-08-01,416.3611826764963,234,gbm_corr_top1_rand6,f3,2
2022-09-01,398.98654692089065,234,gbm_corr_top1_rand6,f3,2
2022-10-01,389.77477894389125,234,gbm_corr_top1_rand6,f3,2
2022-11-01,351.0740065884475,234,gbm_corr_top1_rand6,f3,2
2022-12-01,289.2185645528156,234,gbm_corr_top1_rand6,f3,2
2023-01-01,495.33833166130205,234,gbm_corr_top1_rand6,f3,2
2023-02-01,336.0817982644812,234,gbm_corr_top1_rand6,f3,2
2023-03-01,394.51892732681046,234,gbm_corr_top1_rand6,f3,2
2023-04-01,427.6221913247018,234,gbm_corr_top1_rand6,f3,2
2023-05-01,579.7758063252713,234,gbm_corr_top1_rand6,f3,2
2023-06-01,660.4645166214641,234,gbm_corr_top1_rand6,f3,2
2023-07-01,398.5326443251927,234,gbm_corr_top1_rand6,f3,2
2023-08-01,299.90697828511907,234,gbm_corr_top1_rand6,f3,2
2023-09-01,445.0706467955028,234,gbm_corr_top1_rand6,f3,2
2023-10-01,349.6307275742776,234,gbm_corr_top1_rand6,f3,2
2022-06-01,236.44426202606596,234,mlp_corr_top1_rand6,f3,2
2022-07-01,216.8708057024811,234,mlp_corr_top1_rand6,f3,2
2022-08-01,415.4963969284565,234,mlp_corr_top1_rand6,f3,2
2022-09-01,396.27945063354593,234,mlp_corr_top1_rand6,f3,2
2022-10-01,397.03970469788663,234,mlp_corr_top1_rand6,f3,2
2022-11-01,349.5848898073458,234,mlp_corr_top1_rand6,f3,2
2022-12-01,283.78044651434516,234,mlp_corr_top1_rand6,f3,2
2023-01-01,485.8234582709488,234,mlp_corr_top1_rand6,f3,2
2023-02-01,333.9993865802494,234,mlp_corr_top1_rand6,f3,2
2023-03-01,380.63716055379706,234,mlp_corr_top1_rand6,f3,2
2023-04-01,424.2232235757011,234,mlp_corr_top1_rand6,f3,2
2023-05-01,579.2798335743605,234,mlp_corr_top1_rand6,f3,2
2023-06-01,662.1354336025615,234,mlp_corr_top1_rand6,f3,2
2023-07-01,396.19541908785163,234,mlp_corr_top1_rand6,f3,2
2023-08-01,300.1916234654003,234,mlp_corr_top1_rand6,f3,2
2023-09-01,448.5723201477419,234,mlp_corr_top1_rand6,f3,2
2023-10-01,339.2389164040472,234,mlp_corr_top1_rand6,f3,2
2022-06-01,236.4670100146228,234,gbm_corr_top1_2hop_rand6,f3,2
2022-07-01,218.99859609132716,234,gbm_corr_top1_2hop_rand6,f3,2
2022-08-01,420.8831355971894,234,gbm_corr_top1_2hop_rand6,f3,2
2022-09-01,400.32594962082686,234,gbm_corr_top1_2hop_rand6,f3,2
2022-10-01,388.4518260060904,234,gbm_corr_top1_2hop_rand6,f3,2
2022-11-01,349.5481705460234,234,gbm_corr_top1_2hop_rand6,f3,2
2022-12-01,289.268062472773,234,gbm_corr_top1_2hop_rand6,f3,2
2023-01-01,494.4437275165512,234,gbm_corr_top1_2hop_rand6,f3,2
2023-02-01,338.96118155272023,234,gbm_corr_top1_2hop_rand6,f3,2
2023-03-01,392.13478731115094,234,gbm_corr_top1_2hop_rand6,f3,2
2023-04-01,427.3332760345187,234,gbm_corr_top1_2hop_rand6,f3,2
2023-05-01,582.5961620383885,234,gbm_corr_top1_2hop_rand6,f3,2
2023-06-01,665.7118081664491,234,gbm_corr_top1_2hop_rand6,f3,2
2023-07-01,397.58512775628753,234,gbm_corr_top1_2hop_rand6,f3,2
2023-08-01,299.75350874723614,234,gbm_corr_top1_2hop_rand6,f3,2
2023-09-01,451.40746054777065,234,gbm_corr_top1_2hop_rand6,f3,2
2023-10-01,342.7480847939517,234,gbm_corr_top1_2hop_rand6,f3,2
2022-06-01,235.7674985708345,234,gbm_corr_top1_rand7,f3,2
2022-07-01,215.40173634390118,234,gbm_corr_top1_rand7,f3,2
2022-08-01,417.7516235537236,234,gbm_corr_top1_rand7,f3,2
2022-09-01,401.4145895028654,234,gbm_corr_top1_rand7,f3,2
2022-10-01,390.08517600933044,234,gbm_corr_top1_rand7,f3,2
2022-11-01,347.15154773343664,234,gbm_corr_top1_rand7,f3,2
2022-12-01,280.2939313544024,234,gbm_corr_top1_rand7,f3,2
2023-01-01,486.43068673633474,234,gbm_corr_top1_rand7,f3,2
2023-02-01,333.69878423643,234,gbm_corr_top1_rand7,f3,2
2023-03-01,388.8131443217574,234,gbm_corr_top1_rand7,f3,2
2023-04-01,425.316719348477,234,gbm_corr_top1_rand7,f3,2
2023-05-01,581.302966528471,234,gbm_corr_top1_rand7,f3,2
2023-06-01,666.7010190435784,234,gbm_corr_top1_rand7,f3,2
2023-07-01,390.64107128327305,234,gbm_corr_top1_rand7,f3,2
2023-08-01,304.6636215919335,234,gbm_corr_top1_rand7,f3,2
2023-09-01,450.15420636687634,234,gbm_corr_top1_rand7,f3,2
2023-10-01,339.735387635365,234,gbm_corr_top1_rand7,f3,2
2022-06-01,238.3080021046192,234,mlp_corr_top1_rand7,f3,2
2022-07-01,217.8429192802256,234,mlp_corr_top1_rand7,f3,2
2022-08-01,415.5506513326057,234,mlp_corr_top1_rand7,f3,2
2022-09-01,397.98360803448287,234,mlp_corr_top1_rand7,f3,2
2022-10-01,402.71951424893575,234,mlp_corr_top1_rand7,f3,2
2022-11-01,355.0389034817908,234,mlp_corr_top1_rand7,f3,2
2022-12-01,284.5519296910137,234,mlp_corr_top1_rand7,f3,2
2023-01-01,487.31915501208016,234,mlp_corr_top1_rand7,f3,2
2023-02-01,339.15820734436574,234,mlp_corr_top1_rand7,f3,2
2023-03-01,384.52055039442143,234,mlp_corr_top1_rand7,f3,2
2023-04-01,433.02301012437306,234,mlp_corr_top1_rand7,f3,2
2023-05-01,577.8739450661293,234,mlp_corr_top1_rand7,f3,2
2023-06-01,667.5051790361518,234,mlp_corr_top1_rand7,f3,2
2023-07-01,402.1788494515072,234,mlp_corr_top1_rand7,f3,2
2023-08-01,308.1402081525993,234,mlp_corr_top1_rand7,f3,2
2023-09-01,457.6828771166891,234,mlp_corr_top1_rand7,f3,2
2023-10-01,341.8326593214665,234,mlp_corr_top1_rand7,f3,2
2022-06-01,235.9575435456016,234,gbm_corr_top1_2hop_rand7,f3,2
2022-07-01,219.32957169045048,234,gbm_corr_top1_2hop_rand7,f3,2
2022-08-01,423.8369131435987,234,gbm_corr_top1_2hop_rand7,f3,2
2022-09-01,403.8398852138733,234,gbm_corr_top1_2hop_rand7,f3,2
2022-10-01,390.5939261857697,234,gbm_corr_top1_2hop_rand7,f3,2
2022-11-01,354.5736720317543,234,gbm_corr_top1_2hop_rand7,f3,2
2022-12-01,284.152427761937,234,gbm_corr_top1_2hop_rand7,f3,2
2023-01-01,496.5393198671129,234,gbm_corr_top1_2hop_rand7,f3,2
2023-02-01,339.68608236494737,234,gbm_corr_top1_2hop_rand7,f3,2
2023-03-01,393.3659174203621,234,gbm_corr_top1_2hop_rand7,f3,2
2023-04-01,422.4728875692352,234,gbm_corr_top1_2hop_rand7,f3,2
2023-05-01,589.8469527863494,234,gbm_corr_top1_2hop_rand7,f3,2
2023-06-01,678.988023219194,234,gbm_corr_top1_2hop_rand7,f3,2
2023-07-01,389.82267010657694,234,gbm_corr_top1_2hop_rand7,f3,2
2023-08-01,305.06753252696353,234,gbm_corr_top1_2hop_rand7,f3,2
2023-09-01,456.45474154323017,234,gbm_corr_top1_2hop_rand7,f3,2
2023-10-01,342.4331042743856,234,gbm_corr_top1_2hop_rand7,f3,2
2022-06-01,236.9556560047931,234,gbm_corr_top1_rand8,f3,2
2022-07-01,219.47294656263207,234,gbm_corr_top1_rand8,f3,2
2022-08-01,420.86091521780696,234,gbm_corr_top1_rand8,f3,2
2022-09-01,400.79343964873954,234,gbm_corr_top1_rand8,f3,2
2022-10-01,394.58107458326845,234,gbm_corr_top1_rand8,f3,2
2022-11-01,353.1199277186245,234,gbm_corr_top1_rand8,f3,2
2022-12-01,284.02634145038456,234,gbm_corr_top1_rand8,f3,2
2023-01-01,485.8069373534009,234,gbm_corr_top1_rand8,f3,2
2023-02-01,339.55042152668733,234,gbm_corr_top1_rand8,f3,2
2023-03-01,388.30970669234466,234,gbm_corr_top1_rand8,f3,2
2023-04-01,426.95177245437856,234,gbm_corr_top1_rand8,f3,2
2023-05-01,577.5323030446569,234,gbm_corr_top1_rand8,f3,2
2023-06-01,664.5909316580857,234,gbm_corr_top1_rand8,f3,2
2023-07-01,395.7340261052096,234,gbm_corr_top1_rand8,f3,2
2023-08-01,297.8810090091099,234,gbm_corr_top1_rand8,f3,2
2023-09-01,447.83149812104887,234,gbm_corr_top1_rand8,f3,2
2023-10-01,336.5958356379543,234,gbm_corr_top1_rand8,f3,2
2022-06-01,237.9233932371478,234,mlp_corr_top1_rand8,f3,2
2022-07-01,217.30482992305693,234,mlp_corr_top1_rand8,f3,2
2022-08-01,417.0023716120519,234,mlp_corr_top1_rand8,f3,2
2022-09-01,396.31481950908034,234,mlp_corr_top1_rand8,f3,2
2022-10-01,393.9113659168204,234,mlp_corr_top1_rand8,f3,2
2022-11-01,350.3626628601157,234,mlp_corr_top1_rand8,f3,2
2022-12-01,281.39100498010094,234,mlp_corr_top1_rand8,f3,2
2023-01-01,483.00859600622204,234,mlp_corr_top1_rand8,f3,2
2023-02-01,335.96927911217307,234,mlp_corr_top1_rand8,f3,2
2023-03-01,385.2578822553518,234,mlp_corr_top1_rand8,f3,2
2023-04-01,423.0876295426353,234,mlp_corr_top1_rand8,f3,2
2023-05-01,578.326230584364,234,mlp_corr_top1_rand8,f3,2
2023-06-01,658.5543851043695,234,mlp_corr_top1_rand8,f3,2
2023-07-01,393.00907462668295,234,mlp_corr_top1_rand8,f3,2
2023-08-01,298.8909578234915,234,mlp_corr_top1_rand8,f3,2
2023-09-01,447.932297399343,234,mlp_corr_top1_rand8,f3,2
2023-10-01,340.2734246586365,234,mlp_corr_top1_rand8,f3,2
2022-06-01,238.06373165324797,234,gbm_corr_top1_2hop_rand8,f3,2
2022-07-01,222.2987688539221,234,gbm_corr_top1_2hop_rand8,f3,2
2022-08-01,419.4863528837724,234,gbm_corr_top1_2hop_rand8,f3,2
2022-09-01,398.6406397226343,234,gbm_corr_top1_2hop_rand8,f3,2
2022-10-01,399.00280640725947,234,gbm_corr_top1_2hop_rand8,f3,2
2022-11-01,349.3269576997897,234,gbm_corr_top1_2hop_rand8,f3,2
2022-12-01,286.1306941696516,234,gbm_corr_top1_2hop_rand8,f3,2
2023-01-01,483.6193791313051,234,gbm_corr_top1_2hop_rand8,f3,2
2023-02-01,340.05294289481327,234,gbm_corr_top1_2hop_rand8,f3,2
2023-03-01,384.32067452098016,234,gbm_corr_top1_2hop_rand8,f3,2
2023-04-01,426.98640194327845,234,gbm_corr_top1_2hop_rand8,f3,2
2023-05-01,590.4197990140425,234,gbm_corr_top1_2hop_rand8,f3,2
2023-06-01,666.3037283879154,234,gbm_corr_top1_2hop_rand8,f3,2
2023-07-01,396.95496104185634,234,gbm_corr_top1_2hop_rand8,f3,2
2023-08-01,297.8636371357241,234,gbm_corr_top1_2hop_rand8,f3,2
2023-09-01,452.6721941097432,234,gbm_corr_top1_2hop_rand8,f3,2
2023-10-01,342.49779824353703,234,gbm_corr_top1_2hop_rand8,f3,2
2022-06-01,238.97677257119844,234,gbm_corr_top1_rand9,f3,2
2022-07-01,218.79735205172145,234,gbm_corr_top1_rand9,f3,2
2022-08-01,417.7453964520533,234,gbm_corr_top1_rand9,f3,2
2022-09-01,399.92179077921037,234,gbm_corr_top1_rand9,f3,2
2022-10-01,394.6538791075334,234,gbm_corr_top1_rand9,f3,2
2022-11-01,354.2478478551855,234,gbm_corr_top1_rand9,f3,2
2022-12-01,280.7787668918131,234,gbm_corr_top1_rand9,f3,2
2023-01-01,486.127807065919,234,gbm_corr_top1_rand9,f3,2
2023-02-01,337.7302383087476,234,gbm_corr_top1_rand9,f3,2
2023-03-01,386.6963654232346,234,gbm_corr_top1_rand9,f3,2
2023-04-01,423.6652111786386,234,gbm_corr_top1_rand9,f3,2
2023-05-01,580.8603275671334,234,gbm_corr_top1_rand9,f3,2
2023-06-01,667.9363412177557,234,gbm_corr_top1_rand9,f3,2
2023-07-01,395.5179724554303,234,gbm_corr_top1_rand9,f3,2
2023-08-01,302.64176579291467,234,gbm_corr_top1_rand9,f3,2
2023-09-01,452.38800319443436,234,gbm_corr_top1_rand9,f3,2
2023-10-01,336.98244737220193,234,gbm_corr_top1_rand9,f3,2
2022-06-01,240.68740154692168,234,mlp_corr_top1_rand9,f3,2
2022-07-01,217.7613559919411,234,mlp_corr_top1_rand9,f3,2
2022-08-01,417.4547874188167,234,mlp_corr_top1_rand9,f3,2
2022-09-01,399.80962379530416,234,mlp_corr_top1_rand9,f3,2
2022-10-01,401.6176452381602,234,mlp_corr_top1_rand9,f3,2
2022-11-01,353.65597942804567,234,mlp_corr_top1_rand9,f3,2
2022-12-01,278.00348348050835,234,mlp_corr_top1_rand9,f3,2
2023-01-01,485.13527038671447,234,mlp_corr_top1_rand9,f3,2
2023-02-01,336.0154696539866,234,mlp_corr_top1_rand9,f3,2
2023-03-01,389.0609491904773,234,mlp_corr_top1_rand9,f3,2
2023-04-01,430.50546511908783,234,mlp_corr_top1_rand9,f3,2
2023-05-01,575.6848374224256,234,mlp_corr_top1_rand9,f3,2
2023-06-01,664.5980664472113,234,mlp_corr_top1_rand9,f3,2
2023-07-01,401.7101935356047,234,mlp_corr_top1_rand9,f3,2
2023-08-01,301.7975254991501,234,mlp_corr_top1_rand9,f3,2
2023-09-01,453.2308623062623,234,mlp_corr_top1_rand9,f3,2
2023-10-01,343.0785491785565,234,mlp_corr_top1_rand9,f3,2
2022-06-01,236.36112019842403,234,gbm_corr_top1_2hop_rand9,f3,2
2022-07-01,217.06570797399337,234,gbm_corr_top1_2hop_rand9,f3,2
2022-08-01,416.8550541667463,234,gbm_corr_top1_2hop_rand9,f3,2
2022-09-01,401.69071853947025,234,gbm_corr_top1_2hop_rand9,f3,2
2022-10-01,393.334370906571,234,gbm_corr_top1_2hop_rand9,f3,2
2022-11-01,350.31975638425615,234,gbm_corr_top1_2hop_rand9,f3,2
2022-12-01,281.669674564255,234,gbm_corr_top1_2hop_rand9,f3,2
2023-01-01,488.8071864234301,234,gbm_corr_top1_2hop_rand9,f3,2
2023-02-01,338.1297484346263,234,gbm_corr_top1_2hop_rand9,f3,2
2023-03-01,392.17522735194586,234,gbm_corr_top1_2hop_rand9,f3,2
2023-04-01,428.14825362205545,234,gbm_corr_top1_2hop_rand9,f3,2
2023-05-01,575.9735566545709,234,gbm_corr_top1_2hop_rand9,f3,2
2023-06-01,658.9637189996243,234,gbm_corr_top1_2hop_rand9,f3,2
2023-07-01,396.4687149842365,234,gbm_corr_top1_2hop_rand9,f3,2
2023-08-01,300.4856152695932,234,gbm_corr_top1_2hop_rand9,f3,2
2023-09-01,451.15918967472044,234,gbm_corr_top1_2hop_rand9,f3,2
2023-10-01,337.78415328915446,234,gbm_corr_top1_2hop_rand9,f3,2
2022-06-01,236.6371503041415,234,gbm_corr_top1_rand10,f3,2
2022-07-01,219.87570120419673,234,gbm_corr_top1_rand10,f3,2
2022-08-01,418.13488539639303,234,gbm_corr_top1_rand10,f3,2
2022-09-01,396.07024155510595,234,gbm_corr_top1_rand10,f3,2
2022-10-01,394.6915241163161,234,gbm_corr_top1_rand10,f3,2
2022-11-01,353.5477974766785,234,gbm_corr_top1_rand10,f3,2
2022-12-01,286.88744820889787,234,gbm_corr_top1_rand10,f3,2
2023-01-01,491.027586410132,234,gbm_corr_top1_rand10,f3,2
2023-02-01,341.10965340943187,234,gbm_corr_top1_rand10,f3,2
2023-03-01,388.9924642315037,234,gbm_corr_top1_rand10,f3,2
2023-04-01,426.12460570054805,234,gbm_corr_top1_rand10,f3,2
2023-05-01,580.8447652266225,234,gbm_corr_top1_rand10,f3,2
2023-06-01,670.7374064047727,234,gbm_corr_top1_rand10,f3,2
2023-07-01,396.85634566428377,234,gbm_corr_top1_rand10,f3,2
2023-08-01,304.0242476008436,234,gbm_corr_top1_rand10,f3,2
2023-09-01,450.7253519546782,234,gbm_corr_top1_rand10,f3,2
2023-10-01,339.4800272438336,234,gbm_corr_top1_rand10,f3,2
2022-06-01,242.261390266599,234,mlp_corr_top1_rand10,f3,2
2022-07-01,220.08090260919064,234,mlp_corr_top1_rand10,f3,2
2022-08-01,413.5209296844384,234,mlp_corr_top1_rand10,f3,2
2022-09-01,398.5399111203245,234,mlp_corr_top1_rand10,f3,2
2022-10-01,405.7271210521062,234,mlp_corr_top1_rand10,f3,2
2022-11-01,362.0120003523109,234,mlp_corr_top1_rand10,f3,2
2022-12-01,290.3907613753865,234,mlp_corr_top1_rand10,f3,2
2023-01-01,488.7620075570889,234,mlp_corr_top1_rand10,f3,2
2023-02-01,340.455453443171,234,mlp_corr_top1_rand10,f3,2
2023-03-01,384.4798113112781,234,mlp_corr_top1_rand10,f3,2
2023-04-01,430.9316238799576,234,mlp_corr_top1_rand10,f3,2
2023-05-01,582.3919763136897,234,mlp_corr_top1_rand10,f3,2
2023-06-01,670.5992190078895,234,mlp_corr_top1_rand10,f3,2
2023-07-01,401.2315715538996,234,mlp_corr_top1_rand10,f3,2
2023-08-01,300.9910715709921,234,mlp_corr_top1_rand10,f3,2
2023-09-01,456.2392098895652,234,mlp_corr_top1_rand10,f3,2
2023-10-01,345.95932256564964,234,mlp_corr_top1_rand10,f3,2
2022-06-01,235.2874281743652,234,gbm_corr_top1_2hop_rand10,f3,2
2022-07-01,219.68279559812152,234,gbm_corr_top1_2hop_rand10,f3,2
2022-08-01,419.9932471204107,234,gbm_corr_top1_2hop_rand10,f3,2
2022-09-01,396.1070662393419,234,gbm_corr_top1_2hop_rand10,f3,2
2022-10-01,395.4604329442828,234,gbm_corr_top1_2hop_rand10,f3,2
2022-11-01,355.9120633342443,234,gbm_corr_top1_2hop_rand10,f3,2
2022-12-01,286.4764695978058,234,gbm_corr_top1_2hop_rand10,f3,2
2023-01-01,495.0839861077859,234,gbm_corr_top1_2hop_rand10,f3,2
2023-02-01,339.2714202230844,234,gbm_corr_top1_2hop_rand10,f3,2
2023-03-01,392.9079635881962,234,gbm_corr_top1_2hop_rand10,f3,2
2023-04-01,427.5217920440278,234,gbm_corr_top1_2hop_rand10,f3,2
2023-05-01,581.7817428882303,234,gbm_corr_top1_2hop_rand10,f3,2
2023-06-01,669.2455638721516,234,gbm_corr_top1_2hop_rand10,f3,2
2023-07-01,396.1798413933907,234,gbm_corr_top1_2hop_rand10,f3,2
2023-08-01,309.2218203671612,234,gbm_corr_top1_2hop_rand10,f3,2
2023-09-01,448.95757144820254,234,gbm_corr_top1_2hop_rand10,f3,2
2023-10-01,339.97020257844395,234,gbm_corr_top1_2hop_rand10,f3,2
2022-06-01,237.24673887963294,234,gbm_corr_top1_rand11,f3,2
2022-07-01,222.48516833751717,234,gbm_corr_top1_rand11,f3,2
2022-08-01,415.429818255408,234,gbm_corr_top1_rand11,f3,2
2022-09-01,400.84330502269853,234,gbm_corr_top1_rand11,f3,2
2022-10-01,391.07025460096804,234,gbm_corr_top1_rand11,f3,2
2022-11-01,354.3451659402489,234,gbm_corr_top1_rand11,f3,2
2022-12-01,278.2158860234624,234,gbm_corr_top1_rand11,f3,2
2023-01-01,482.50596890807907,234,gbm_corr_top1_rand11,f3,2
2023-02-01,335.71380897512154,234,gbm_corr_top1_rand11,f3,2
2023-03-01,383.6174153789594,234,gbm_corr_top1_rand11,f3,2
2023-04-01,429.4231286890974,234,gbm_corr_top1_rand11,f3,2
2023-05-01,569.8414154825235,234,gbm_corr_top1_rand11,f3,2
2023-06-01,665.8713243542181,234,gbm_corr_top1_rand11,f3,2
2023-07-01,396.36509719965335,234,gbm_corr_top1_rand11,f3,2
2023-08-01,307.09780393243705,234,gbm_corr_top1_rand11,f3,2
2023-09-01,451.881640039935,234,gbm_corr_top1_rand11,f3,2
2023-10-01,340.82560439735306,234,gbm_corr_top1_rand11,f3,2
2022-06-01,238.29285197257374,234,mlp_corr_top1_rand11,f3,2
2022-07-01,217.17236115112001,234,mlp_corr_top1_rand11,f3,2
2022-08-01,415.2241928872086,234,mlp_corr_top1_rand11,f3,2
2022-09-01,397.5599149739386,234,mlp_corr_top1_rand11,f3,2
2022-10-01,397.138921237398,234,mlp_corr_top1_rand11,f3,2
2022-11-01,350.84636836596,234,mlp_corr_top1_rand11,f3,2
2022-12-01,280.74063424433194,234,mlp_corr_top1_rand11,f3,2
2023-01-01,481.93678069117027,234,mlp_corr_top1_rand11,f3,2
2023-02-01,331.68247831906984,234,mlp_corr_top1_rand11,f3,2
2023-03-01,383.52281909602914,234,mlp_corr_top1_rand11,f3,2
2023-04-01,423.93060423506904,234,mlp_corr_top1_rand11,f3,2
2023-05-01,572.3554511760356,234,mlp_corr_top1_rand11,f3,2
2023-06-01,663.1809527411327,234,mlp_corr_top1_rand11,f3,2
2023-07-01,398.82029939743126,234,mlp_corr_top1_rand11,f3,2
2023-08-01,305.93886336551276,234,mlp_corr_top1_rand11,f3,2
2023-09-01,455.24686298668763,234,mlp_corr_top1_rand11,f3,2
2023-10-01,340.1597916048929,234,mlp_corr_top1_rand11,f3,2
2022-06-01,233.55316944451164,234,gbm_corr_top1_2hop_rand11,f3,2
2022-07-01,218.08575524925374,234,gbm_corr_top1_2hop_rand11,f3,2
2022-08-01,414.6782484613559,234,gbm_corr_top1_2hop_rand11,f3,2
2022-09-01,404.1996734221781,234,gbm_corr_top1_2hop_rand11,f3,2
2022-10-01,393.77539060918514,234,gbm_corr_top1_2hop_rand11,f3,2
2022-11-01,351.2088098428748,234,gbm_corr_top1_2hop_rand11,f3,2
2022-12-01,281.3275304736361,234,gbm_corr_top1_2hop_rand11,f3,2
2023-01-01,478.5170481342952,234,gbm_corr_top1_2hop_rand11,f3,2
2023-02-01,336.68117285834944,234,gbm_corr_top1_2hop_rand11,f3,2
2023-03-01,381.4287263597676,234,gbm_corr_top1_2hop_rand11,f3,2
2023-04-01,435.5750435855822,234,gbm_corr_top1_2hop_rand11,f3,2
2023-05-01,571.6914435335487,234,gbm_corr_top1_2hop_rand11,f3,2
2023-06-01,668.3210920005262,234,gbm_corr_top1_2hop_rand11,f3,2
2023-07-01,397.17563731617867,234,gbm_corr_top1_2hop_rand11,f3,2
2023-08-01,306.14180165065,234,gbm_corr_top1_2hop_rand11,f3,2
2023-09-01,451.4745127689866,234,gbm_corr_top1_2hop_rand11,f3,2
2023-10-01,343.0840966626101,234,gbm_corr_top1_2hop_rand11,f3,2
2022-06-01,237.02586257561032,234,gbm_corr_top1_rand12,f3,2
2022-07-01,220.26239744227684,234,gbm_corr_top1_rand12,f3,2
2022-08-01,420.1055711065704,234,gbm_corr_top1_rand12,f3,2
2022-09-01,399.29441142013155,234,gbm_corr_top1_rand12,f3,2
2022-10-01,393.2097968360046,234,gbm_corr_top1_rand12,f3,2
2022-11-01,349.91333105870933,234,gbm_corr_top1_rand12,f3,2
2022-12-01,291.1072534681798,234,gbm_corr_top1_rand12,f3,2
2023-01-01,481.37857236609335,234,gbm_corr_top1_rand12,f3,2
2023-02-01,341.6703805000412,234,gbm_corr_top1_rand12,f3,2
2023-03-01,390.9325056252543,234,gbm_corr_top1_rand12,f3,2
2023-04-01,430.5015519686853,234,gbm_corr_top1_rand12,f3,2
2023-05-01,585.4381532594433,234,gbm_corr_top1_rand12,f3,2
2023-06-01,669.0405432447327,234,gbm_corr_top1_rand12,f3,2
2023-07-01,399.5415071815872,234,gbm_corr_top1_rand12,f3,2
2023-08-01,303.94887818512393,234,gbm_corr_top1_rand12,f3,2
2023-09-01,453.78741821297285,234,gbm_corr_top1_rand12,f3,2
2023-10-01,340.6278828249038,234,gbm_corr_top1_rand12,f3,2
2022-06-01,239.76133614751654,234,mlp_corr_top1_rand12,f3,2
2022-07-01,217.34266139028603,234,mlp_corr_top1_rand12,f3,2
2022-08-01,415.2727527386607,234,mlp_corr_top1_rand12,f3,2
2022-09-01,397.67077735989733,234,mlp_corr_top1_rand12,f3,2
2022-10-01,401.0503555721258,234,mlp_corr_top1_rand12,f3,2
2022-11-01,354.7779676109103,234,mlp_corr_top1_rand12,f3,2
2022-12-01,285.2239917173222,234,mlp_corr_top1_rand12,f3,2
2023-01-01,484.7501883401907,234,mlp_corr_top1_rand12,f3,2
2023-02-01,334.46677473899405,234,mlp_corr_top1_rand12,f3,2
2023-03-01,384.80753393667476,234,mlp_corr_top1_rand12,f3,2
2023-04-01,427.8122301289666,234,mlp_corr_top1_rand12,f3,2
2023-05-01,576.3446988614228,234,mlp_corr_top1_rand12,f3,2
2023-06-01,667.6997310398078,234,mlp_corr_top1_rand12,f3,2
2023-07-01,404.13832006107225,234,mlp_corr_top1_rand12,f3,2
2023-08-01,299.79645243966024,234,mlp_corr_top1_rand12,f3,2
2023-09-01,449.9310955597326,234,mlp_corr_top1_rand12,f3,2
2023-10-01,340.759297585233,234,mlp_corr_top1_rand12,f3,2
2022-06-01,237.25916831778963,234,gbm_corr_top1_2hop_rand12,f3,2
2022-07-01,217.89988876936766,234,gbm_corr_top1_2hop_rand12,f3,2
2022-08-01,426.80412101975605,234,gbm_corr_top1_2hop_rand12,f3,2
2022-09-01,404.1962923550832,234,gbm_corr_top1_2hop_rand12,f3,2
2022-10-01,397.769421091691,234,gbm_corr_top1_2hop_rand12,f3,2
2022-11-01,351.5944323339161,234,gbm_corr_top1_2hop_rand12,f3,2
2022-12-01,294.93630374679674,234,gbm_corr_top1_2hop_rand12,f3,2
2023-01-01,482.5663046452847,234,gbm_corr_top1_2hop_rand12,f3,2
2023-02-01,340.63120958787164,234,gbm_corr_top1_2hop_rand12,f3,2
2023-03-01,387.84208979403473,234,gbm_corr_top1_2hop_rand12,f3,2
2023-04-01,428.73458454763363,234,gbm_corr_top1_2hop_rand12,f3,2
2023-05-01,579.7556088107609,234,gbm_corr_top1_2hop_rand12,f3,2
2023-06-01,670.6235821121833,234,gbm_corr_top1_2hop_rand12,f3,2
2023-07-01,401.8894447997483,234,gbm_corr_top1_2hop_rand12,f3,2
2023-08-01,299.47964891741486,234,gbm_corr_top1_2hop_rand12,f3,2
2023-09-01,455.0756231546022,234,gbm_corr_top1_2hop_rand12,f3,2
2023-10-01,340.4415177193831,234,gbm_corr_top1_2hop_rand12,f3,2
2022-06-01,235.80558695291043,234,gbm_corr_top1_rand13,f3,2
2022-07-01,217.65436279469483,234,gbm_corr_top1_rand13,f3,2
2022-08-01,419.38802960639396,234,gbm_corr_top1_rand13,f3,2
2022-09-01,399.6227586971815,234,gbm_corr_top1_rand13,f3,2
2022-10-01,394.36421413082394,234,gbm_corr_top1_rand13,f3,2
2022-11-01,354.5601966797116,234,gbm_corr_top1_rand13,f3,2
2022-12-01,284.6544836469028,234,gbm_corr_top1_rand13,f3,2
2023-01-01,486.58622086074445,234,gbm_corr_top1_rand13,f3,2
2023-02-01,342.705335500687,234,gbm_corr_top1_rand13,f3,2
2023-03-01,389.9844987961664,234,gbm_corr_top1_rand13,f3,2
2023-04-01,424.8934023298887,234,gbm_corr_top1_rand13,f3,2
2023-05-01,583.480764116566,234,gbm_corr_top1_rand13,f3,2
2023-06-01,665.4155633045388,234,gbm_corr_top1_rand13,f3,2
2023-07-01,402.15289075653044,234,gbm_corr_top1_rand13,f3,2
2023-08-01,299.9823938078462,234,gbm_corr_top1_rand13,f3,2
2023-09-01,447.0239490750101,234,gbm_corr_top1_rand13,f3,2
2023-10-01,349.0138217285,234,gbm_corr_top1_rand13,f3,2
2022-06-01,238.04926774862318,234,mlp_corr_top1_rand13,f3,2
2022-07-01,216.1091297803415,234,mlp_corr_top1_rand13,f3,2
2022-08-01,415.04015349328205,234,mlp_corr_top1_rand13,f3,2
2022-09-01,395.47979659609996,234,mlp_corr_top1_rand13,f3,2
2022-10-01,395.70082754736427,234,mlp_corr_top1_rand13,f3,2
2022-11-01,350.753005845218,234,mlp_corr_top1_rand13,f3,2
2022-12-01,282.963151678944,234,mlp_corr_top1_rand13,f3,2
2023-01-01,481.7536910722827,234,mlp_corr_top1_rand13,f3,2
2023-02-01,334.37900591956975,234,mlp_corr_top1_rand13,f3,2
2023-03-01,378.78371210146764,234,mlp_corr_top1_rand13,f3,2
2023-04-01,425.9578891161639,234,mlp_corr_top1_rand13,f3,2
2023-05-01,576.5574573648565,234,mlp_corr_top1_rand13,f3,2
2023-06-01,663.7568934916605,234,mlp_corr_top1_rand13,f3,2
2023-07-01,402.2653443669184,234,mlp_corr_top1_rand13,f3,2
2023-08-01,302.85301512678984,234,mlp_corr_top1_rand13,f3,2
2023-09-01,449.6346187954919,234,mlp_corr_top1_rand13,f3,2
2023-10-01,337.1723414300999,234,mlp_corr_top1_rand13,f3,2
2022-06-01,235.79722486512156,234,gbm_corr_top1_2hop_rand13,f3,2
2022-07-01,218.58062599367895,234,gbm_corr_top1_2hop_rand13,f3,2
2022-08-01,421.0223988459314,234,gbm_corr_top1_2hop_rand13,f3,2
2022-09-01,397.0348612757176,234,gbm_corr_top1_2hop_rand13,f3,2
2022-10-01,397.29594200619687,234,gbm_corr_top1_2hop_rand13,f3,2
2022-11-01,350.80528830071535,234,gbm_corr_top1_2hop_rand13,f3,2
2022-12-01,281.484427004111,234,gbm_corr_top1_2hop_rand13,f3,2
2023-01-01,484.9736029279087,234,gbm_corr_top1_2hop_rand13,f3,2
2023-02-01,339.2723491744129,234,gbm_corr_top1_2hop_rand13,f3,2
2023-03-01,390.8841978047557,234,gbm_corr_top1_2hop_rand13,f3,2
2023-04-01,424.5522460895349,234,gbm_corr_top1_2hop_rand13,f3,2
2023-05-01,586.570271281215,234,gbm_corr_top1_2hop_rand13,f3,2
2023-06-01,661.7671978975444,234,gbm_corr_top1_2hop_rand13,f3,2
2023-07-01,397.41460807646087,234,gbm_corr_top1_2hop_rand13,f3,2
2023-08-01,298.1163437877059,234,gbm_corr_top1_2hop_rand13,f3,2
2023-09-01,449.916940701617,234,gbm_corr_top1_2hop_rand13,f3,2
2023-10-01,348.8372008032351,234,gbm_corr_top1_2hop_rand13,f3,2
2022-06-01,237.85447141506882,234,gbm_corr_top1_rand14,f3,2
2022-07-01,218.30710005224392,234,gbm_corr_top1_rand14,f3,2
2022-08-01,418.70028522816904,234,gbm_corr_top1_rand14,f3,2
2022-09-01,397.8327213275624,234,gbm_corr_top1_rand14,f3,2
2022-10-01,389.95300831870077,234,gbm_corr_top1_rand14,f3,2
2022-11-01,354.7331009537922,234,gbm_corr_top1_rand14,f3,2
2022-12-01,285.9529416216875,234,gbm_corr_top1_rand14,f3,2
2023-01-01,489.89178643956075,234,gbm_corr_top1_rand14,f3,2
2023-02-01,340.80402132673606,234,gbm_corr_top1_rand14,f3,2
2023-03-01,388.50674759965113,234,gbm_corr_top1_rand14,f3,2
2023-04-01,429.9417697215139,234,gbm_corr_top1_rand14,f3,2
2023-05-01,583.5181794407957,234,gbm_corr_top1_rand14,f3,2
2023-06-01,670.764567390747,234,gbm_corr_top1_rand14,f3,2
2023-07-01,396.5105630900744,234,gbm_corr_top1_rand14,f3,2
2023-08-01,302.5720200065679,234,gbm_corr_top1_rand14,f3,2
2023-09-01,446.8402478165713,234,gbm_corr_top1_rand14,f3,2
2023-10-01,342.24238695859157,234,gbm_corr_top1_rand14,f3,2
2022-06-01,240.73484299210435,234,mlp_corr_top1_rand14,f3,2
2022-07-01,219.31313938239938,234,mlp_corr_top1_rand14,f3,2
2022-08-01,415.6480843217735,234,mlp_corr_top1_rand14,f3,2
2022-09-01,399.7566880493479,234,mlp_corr_top1_rand14,f3,2
2022-10-01,399.77357891747425,234,mlp_corr_top1_rand14,f3,2
2022-11-01,356.31149515170273,234,mlp_corr_top1_rand14,f3,2
2022-12-01,288.9494742747905,234,mlp_corr_top1_rand14,f3,2
2023-01-01,490.4297395989729,234,mlp_corr_top1_rand14,f3,2
2023-02-01,339.89968309315117,234,mlp_corr_top1_rand14,f3,2
2023-03-01,384.87114065254076,234,mlp_corr_top1_rand14,f3,2
2023-04-01,430.78746273800164,234,mlp_corr_top1_rand14,f3,2
2023-05-01,582.8375887295872,234,mlp_corr_top1_rand14,f3,2
2023-06-01,669.5693367101113,234,mlp_corr_top1_rand14,f3,2
2023-07-01,401.85848863737704,234,mlp_corr_top1_rand14,f3,2
2023-08-01,304.6736639486045,234,mlp_corr_top1_rand14,f3,2
2023-09-01,455.4731962274462,234,mlp_corr_top1_rand14,f3,2
2023-10-01,341.70979340926675,234,mlp_corr_top1_rand14,f3,2
2022-06-01,237.84372938722902,234,gbm_corr_top1_2hop_rand14,f3,2
2022-07-01,219.97642244693458,234,gbm_corr_top1_2hop_rand14,f3,2
2022-08-01,416.7856268158566,234,gbm_corr_top1_2hop_rand14,f3,2
2022-09-01,395.892690823127,234,gbm_corr_top1_2hop_rand14,f3,2
2022-10-01,392.9019046277527,234,gbm_corr_top1_2hop_rand14,f3,2
2022-11-01,348.0990358419737,234,gbm_corr_top1_2hop_rand14,f3,2
2022-12-01,280.94438590956645,234,gbm_corr_top1_2hop_rand14,f3,2
2023-01-01,490.1957109609105,234,gbm_corr_top1_2hop_rand14,f3,2
2023-02-01,339.87837493352737,234,gbm_corr_top1_2hop_rand14,f3,2
2023-03-01,386.20112804119884,234,gbm_corr_top1_2hop_rand14,f3,2
2023-04-01,429.63406367526,234,gbm_corr_top1_2hop_rand14,f3,2
2023-05-01,583.8028429445973,234,gbm_corr_top1_2hop_rand14,f3,2
2023-06-01,664.9394974649265,234,gbm_corr_top1_2hop_rand14,f3,2
2023-07-01,393.29202025047215,234,gbm_corr_top1_2hop_rand14,f3,2
2023-08-01,300.87246691256684,234,gbm_corr_top1_2hop_rand14,f3,2
2023-09-01,444.90854599717517,234,gbm_corr_top1_2hop_rand14,f3,2
2023-10-01,341.45944064896014,234,gbm_corr_top1_2hop_rand14,f3,2
2022-06-01,238.4457991685877,234,gbm_corr_top1_rand15,f3,2
2022-07-01,217.80944312587295,234,gbm_corr_top1_rand15,f3,2
2022-08-01,419.5541287309577,234,gbm_corr_top1_rand15,f3,2
2022-09-01,400.4889357169496,234,gbm_corr_top1_rand15,f3,2
2022-10-01,389.6185680269686,234,gbm_corr_top1_rand15,f3,2
2022-11-01,354.5399769447817,234,gbm_corr_top1_rand15,f3,2
2022-12-01,283.46235055874416,234,gbm_corr_top1_rand15,f3,2
2023-01-01,484.9929061642502,234,gbm_corr_top1_rand15,f3,2
2023-02-01,338.8646232692455,234,gbm_corr_top1_rand15,f3,2
2023-03-01,384.2291242193878,234,gbm_corr_top1_rand15,f3,2
2023-04-01,425.87695373734454,234,gbm_corr_top1_rand15,f3,2
2023-05-01,581.9576850267671,234,gbm_corr_top1_rand15,f3,2
2023-06-01,669.6582500476597,234,gbm_corr_top1_rand15,f3,2
2023-07-01,393.02576512321133,234,gbm_corr_top1_rand15,f3,2
2023-08-01,300.478081666261,234,gbm_corr_top1_rand15,f3,2
2023-09-01,449.4414347741795,234,gbm_corr_top1_rand15,f3,2
2023-10-01,340.9713041846112,234,gbm_corr_top1_rand15,f3,2
2022-06-01,239.2120507320619,234,mlp_corr_top1_rand15,f3,2
2022-07-01,216.05536655722855,234,mlp_corr_top1_rand15,f3,2
2022-08-01,414.7267704728364,234,mlp_corr_top1_rand15,f3,2
2022-09-01,396.4166025036239,234,mlp_corr_top1_rand15,f3,2
2022-10-01,396.89279214999715,234,mlp_corr_top1_rand15,f3,2
2022-11-01,350.2055878060027,234,mlp_corr_top1_rand15,f3,2
2022-12-01,279.75544808252306,234,mlp_corr_top1_rand15,f3,2
2023-01-01,480.12138550405666,234,mlp_corr_top1_rand15,f3,2
2023-02-01,333.47809818838033,234,mlp_corr_top1_rand15,f3,2
2023-03-01,383.7349636598644,234,mlp_corr_top1_rand15,f3,2
2023-04-01,424.1861646872867,234,mlp_corr_top1_rand15,f3,2
2023-05-01,573.7650113463476,234,mlp_corr_top1_rand15,f3,2
2023-06-01,662.3717593529778,234,mlp_corr_top1_rand15,f3,2
2023-07-01,397.14701988566645,234,mlp_corr_top1_rand15,f3,2
2023-08-01,297.35314476328404,234,mlp_corr_top1_rand15,f3,2
2023-09-01,448.7085316713036,234,mlp_corr_top1_rand15,f3,2
2023-10-01,337.41442678979433,234,mlp_corr_top1_rand15,f3,2
2022-06-01,239.17895575663871,234,gbm_corr_top1_2hop_rand15,f3,2
2022-07-01,218.69841583662648,234,gbm_corr_top1_2hop_rand15,f3,2
2022-08-01,415.81137387894506,234,gbm_corr_top1_2hop_rand15,f3,2
2022-09-01,400.3283841215713,234,gbm_corr_top1_2hop_rand15,f3,2
2022-10-01,391.4573648272025,234,gbm_corr_top1_2hop_rand15,f3,2
2022-11-01,353.06640130213896,234,gbm_corr_top1_2hop_rand15,f3,2
2022-12-01,288.68951616087895,234,gbm_corr_top1_2hop_rand15,f3,2
2023-01-01,482.5732658820775,234,gbm_corr_top1_2hop_rand15,f3,2
2023-02-01,339.213153981401,234,gbm_corr_top1_2hop_rand15,f3,2
2023-03-01,381.13106301099043,234,gbm_corr_top1_2hop_rand15,f3,2
2023-04-01,429.0064405544697,234,gbm_corr_top1_2hop_rand15,f3,2
2023-05-01,589.0601711412462,234,gbm_corr_top1_2hop_rand15,f3,2
2023-06-01,670.8088121006845,234,gbm_corr_top1_2hop_rand15,f3,2
2023-07-01,393.4687808424766,234,gbm_corr_top1_2hop_rand15,f3,2
2023-08-01,302.6587978358242,234,gbm_corr_top1_2hop_rand15,f3,2
2023-09-01,459.685235804599,234,gbm_corr_top1_2hop_rand15,f3,2
2023-10-01,343.9585811859008,234,gbm_corr_top1_2hop_rand15,f3,2
2022-06-01,240.7999641947979,234,gbm_corr_top1_rand16,f3,2
2022-07-01,217.55158210866466,234,gbm_corr_top1_rand16,f3,2
2022-08-01,413.92795329144343,234,gbm_corr_top1_rand16,f3,2
2022-09-01,398.51026843862024,234,gbm_corr_top1_rand16,f3,2
2022-10-01,392.36510012916943,234,gbm_corr_top1_rand16,f3,2
2022-11-01,352.8932343342136,234,gbm_corr_top1_rand16,f3,2
2022-12-01,283.29330119275045,234,gbm_corr_top1_rand16,f3,2
2023-01-01,488.5560551916212,234,gbm_corr_top1_rand16,f3,2
2023-02-01,335.5539907781319,234,gbm_corr_top1_rand16,f3,2
2023-03-01,388.6062282332343,234,gbm_corr_top1_rand16,f3,2
2023-04-01,430.2074473159083,234,gbm_corr_top1_rand16,f3,2
2023-05-01,584.4928128954546,234,gbm_corr_top1_rand16,f3,2
2023-06-01,662.7199163215749,234,gbm_corr_top1_rand16,f3,2
2023-07-01,395.1088970835185,234,gbm_corr_top1_rand16,f3,2
2023-08-01,300.2850048869921,234,gbm_corr_top1_rand16,f3,2
2023-09-01,448.4168637585963,234,gbm_corr_top1_rand16,f3,2
2023-10-01,344.23579470665265,234,gbm_corr_top1_rand16,f3,2
2022-06-01,239.7971758665041,234,mlp_corr_top1_rand16,f3,2
2022-07-01,217.64356995623297,234,mlp_corr_top1_rand16,f3,2
2022-08-01,414.9185566969239,234,mlp_corr_top1_rand16,f3,2
2022-09-01,395.18880702391436,234,mlp_corr_top1_rand16,f3,2
2022-10-01,395.1156505836693,234,mlp_corr_top1_rand16,f3,2
2022-11-01,350.45113590736423,234,mlp_corr_top1_rand16,f3,2
2022-12-01,281.4200792980566,234,mlp_corr_top1_rand16,f3,2
2023-01-01,488.0557886655749,234,mlp_corr_top1_rand16,f3,2
2023-02-01,336.28672649802104,234,mlp_corr_top1_rand16,f3,2
2023-03-01,381.6314097968136,234,mlp_corr_top1_rand16,f3,2
2023-04-01,429.19778828366947,234,mlp_corr_top1_rand16,f3,2
2023-05-01,581.0768429132278,234,mlp_corr_top1_rand16,f3,2
2023-06-01,660.5503795879922,234,mlp_corr_top1_rand16,f3,2
2023-07-01,398.501518319185,234,mlp_corr_top1_rand16,f3,2
2023-08-01,301.1844898153303,234,mlp_corr_top1_rand16,f3,2
2023-09-01,453.6231879749642,234,mlp_corr_top1_rand16,f3,2
2023-10-01,339.85201884926227,234,mlp_corr_top1_rand16,f3,2
2022-06-01,239.6748271156265,234,gbm_corr_top1_2hop_rand16,f3,2
2022-07-01,218.0562327673302,234,gbm_corr_top1_2hop_rand16,f3,2
2022-08-01,420.12475504333827,234,gbm_corr_top1_2hop_rand16,f3,2
2022-09-01,397.39836984082774,234,gbm_corr_top1_2hop_rand16,f3,2
2022-10-01,392.70299109668696,234,gbm_corr_top1_2hop_rand16,f3,2
2022-11-01,354.707857192161,234,gbm_corr_top1_2hop_rand16,f3,2
2022-12-01,286.03632697382676,234,gbm_corr_top1_2hop_rand16,f3,2
2023-01-01,491.0831191610873,234,gbm_corr_top1_2hop_rand16,f3,2
2023-02-01,336.79964804553236,234,gbm_corr_top1_2hop_rand16,f3,2
2023-03-01,392.4161402589029,234,gbm_corr_top1_2hop_rand16,f3,2
2023-04-01,435.74052881952497,234,gbm_corr_top1_2hop_rand16,f3,2
2023-05-01,588.9163293323411,234,gbm_corr_top1_2hop_rand16,f3,2
2023-06-01,667.8100587090031,234,gbm_corr_top1_2hop_rand16,f3,2
2023-07-01,394.18033625659587,234,gbm_corr_top1_2hop_rand16,f3,2
2023-08-01,294.72930353102265,234,gbm_corr_top1_2hop_rand16,f3,2
2023-09-01,449.18043837340144,234,gbm_corr_top1_2hop_rand16,f3,2
2023-10-01,342.60623816160523,234,gbm_corr_top1_2hop_rand16,f3,2
2022-06-01,237.42663675298834,234,gbm_corr_top1_rand17,f3,2
2022-07-01,218.2124494978167,234,gbm_corr_top1_rand17,f3,2
2022-08-01,418.47879741968893,234,gbm_corr_top1_rand17,f3,2
2022-09-01,396.75102440114983,234,gbm_corr_top1_rand17,f3,2
2022-10-01,392.21430328933315,234,gbm_corr_top1_rand17,f3,2
2022-11-01,349.90089433893996,234,gbm_corr_top1_rand17,f3,2
2022-12-01,288.21472324652046,234,gbm_corr_top1_rand17,f3,2
2023-01-01,492.5964875708154,234,gbm_corr_top1_rand17,f3,2
2023-02-01,332.40800196994564,234,gbm_corr_top1_rand17,f3,2
2023-03-01,390.7969084918526,234,gbm_corr_top1_rand17,f3,2
2023-04-01,428.79784482838596,234,gbm_corr_top1_rand17,f3,2
2023-05-01,580.3026391295735,234,gbm_corr_top1_rand17,f3,2
2023-06-01,664.0249700930949,234,gbm_corr_top1_rand17,f3,2
2023-07-01,396.2559289153747,234,gbm_corr_top1_rand17,f3,2
2023-08-01,301.6621352559672,234,gbm_corr_top1_rand17,f3,2
2023-09-01,446.1225534555981,234,gbm_corr_top1_rand17,f3,2
2023-10-01,342.4439379111277,234,gbm_corr_top1_rand17,f3,2
2022-06-01,239.30924349636146,234,mlp_corr_top1_rand17,f3,2
2022-07-01,217.35127617751132,234,mlp_corr_top1_rand17,f3,2
2022-08-01,416.39668544047925,234,mlp_corr_top1_rand17,f3,2
2022-09-01,395.3374889391474,234,mlp_corr_top1_rand17,f3,2
2022-10-01,399.2860878638179,234,mlp_corr_top1_rand17,f3,2
2022-11-01,352.24615665831385,234,mlp_corr_top1_rand17,f3,2
2022-12-01,281.5658966880629,234,mlp_corr_top1_rand17,f3,2
2023-01-01,482.9690289958278,234,mlp_corr_top1_rand17,f3,2
2023-02-01,335.50285704500607,234,mlp_corr_top1_rand17,f3,2
2023-03-01,379.5536510992378,234,mlp_corr_top1_rand17,f3,2
2023-04-01,426.83908270079894,234,mlp_corr_top1_rand17,f3,2
2023-05-01,574.4280149046136,234,mlp_corr_top1_rand17,f3,2
2023-06-01,660.5746538953257,234,mlp_corr_top1_rand17,f3,2
2023-07-01,397.30170763526235,234,mlp_corr_top1_rand17,f3,2
2023-08-01,297.62283784137196,234,mlp_corr_top1_rand17,f3,2
2023-09-01,445.637562120175,234,mlp_corr_top1_rand17,f3,2
2023-10-01,337.68036888329544,234,mlp_corr_top1_rand17,f3,2
2022-06-01,237.70522709185397,234,gbm_corr_top1_2hop_rand17,f3,2
2022-07-01,215.94985992554138,234,gbm_corr_top1_2hop_rand17,f3,2
2022-08-01,416.8854072913565,234,gbm_corr_top1_2hop_rand17,f3,2
2022-09-01,400.6203428743005,234,gbm_corr_top1_2hop_rand17,f3,2
2022-10-01,393.90763162698136,234,gbm_corr_top1_2hop_rand17,f3,2
2022-11-01,352.64511999885764,234,gbm_corr_top1_2hop_rand17,f3,2
2022-12-01,288.9866152870842,234,gbm_corr_top1_2hop_rand17,f3,2
2023-01-01,495.24137634511567,234,gbm_corr_top1_2hop_rand17,f3,2
2023-02-01,335.1048372464447,234,gbm_corr_top1_2hop_rand17,f3,2
2023-03-01,395.0757870920397,234,gbm_corr_top1_2hop_rand17,f3,2
2023-04-01,429.35510763409,234,gbm_corr_top1_2hop_rand17,f3,2
2023-05-01,580.2569431418646,234,gbm_corr_top1_2hop_rand17,f3,2
2023-06-01,662.0459940070331,234,gbm_corr_top1_2hop_rand17,f3,2
2023-07-01,394.83819706218753,234,gbm_corr_top1_2hop_rand17,f3,2
2023-08-01,300.80041905633993,234,gbm_corr_top1_2hop_rand17,f3,2
2023-09-01,447.1223053032673,234,gbm_corr_top1_2hop_rand17,f3,2
2023-10-01,339.38225968675044,234,gbm_corr_top1_2hop_rand17,f3,2
2022-06-01,239.3525108180814,234,gbm_corr_top1_rand18,f3,2
2022-07-01,216.54171974340582,234,gbm_corr_top1_rand18,f3,2
2022-08-01,415.1216661453264,234,gbm_corr_top1_rand18,f3,2
2022-09-01,396.6762588310775,234,gbm_corr_top1_rand18,f3,2
2022-10-01,395.26581574492155,234,gbm_corr_top1_rand18,f3,2
2022-11-01,354.50235238289366,234,gbm_corr_top1_rand18,f3,2
2022-12-01,286.47440360243957,234,gbm_corr_top1_rand18,f3,2
2023-01-01,483.38857900070695,234,gbm_corr_top1_rand18,f3,2
2023-02-01,338.2839577694037,234,gbm_corr_top1_rand18,f3,2
2023-03-01,382.4296022627765,234,gbm_corr_top1_rand18,f3,2
2023-04-01,430.2003553879277,234,gbm_corr_top1_rand18,f3,2
2023-05-01,579.3068706244965,234,gbm_corr_top1_rand18,f3,2
2023-06-01,662.7041976109017,234,gbm_corr_top1_rand18,f3,2
2023-07-01,398.0156320831652,234,gbm_corr_top1_rand18,f3,2
2023-08-01,299.3225791187908,234,gbm_corr_top1_rand18,f3,2
2023-09-01,452.80910771520365,234,gbm_corr_top1_rand18,f3,2
2023-10-01,340.37517205319114,234,gbm_corr_top1_rand18,f3,2
2022-06-01,237.3098312774999,234,mlp_corr_top1_rand18,f3,2
2022-07-01,215.76594955108968,234,mlp_corr_top1_rand18,f3,2
2022-08-01,418.02046363794216,234,mlp_corr_top1_rand18,f3,2
2022-09-01,397.3647994391226,234,mlp_corr_top1_rand18,f3,2
2022-10-01,397.80932533759074,234,mlp_corr_top1_rand18,f3,2
2022-11-01,349.5118789472094,234,mlp_corr_top1_rand18,f3,2
2022-12-01,280.56042315927016,234,mlp_corr_top1_rand18,f3,2
2023-01-01,482.74516092322017,234,mlp_corr_top1_rand18,f3,2
2023-02-01,337.2648729850975,234,mlp_corr_top1_rand18,f3,2
2023-03-01,380.66240186881953,234,mlp_corr_top1_rand18,f3,2
2023-04-01,423.200178473327,234,mlp_corr_top1_rand18,f3,2
2023-05-01,579.2890578763586,234,mlp_corr_top1_rand18,f3,2
2023-06-01,659.8132027244127,234,mlp_corr_top1_rand18,f3,2
2023-07-01,396.12671245780683,234,mlp_corr_top1_rand18,f3,2
2023-08-01,300.26556994649127,234,mlp_corr_top1_rand18,f3,2
2023-09-01,447.1956220794786,234,mlp_corr_top1_rand18,f3,2
2023-10-01,338.60288739942496,234,mlp_corr_top1_rand18,f3,2
2022-06-01,240.1832032356795,234,gbm_corr_top1_2hop_rand18,f3,2
2022-07-01,218.22290593950646,234,gbm_corr_top1_2hop_rand18,f3,2
2022-08-01,418.45596651435824,234,gbm_corr_top1_2hop_rand18,f3,2
2022-09-01,397.8989999812153,234,gbm_corr_top1_2hop_rand18,f3,2
2022-10-01,394.0251622181165,234,gbm_corr_top1_2hop_rand18,f3,2
2022-11-01,353.94537406558203,234,gbm_corr_top1_2hop_rand18,f3,2
2022-12-01,287.22783205245855,234,gbm_corr_top1_2hop_rand18,f3,2
2023-01-01,487.5603776508922,234,gbm_corr_top1_2hop_rand18,f3,2
2023-02-01,345.4757833258649,234,gbm_corr_top1_2hop_rand18,f3,2
2023-03-01,384.26503764040456,234,gbm_corr_top1_2hop_rand18,f3,2
2023-04-01,432.0574617571325,234,gbm_corr_top1_2hop_rand18,f3,2
2023-05-01,576.4286700283458,234,gbm_corr_top1_2hop_rand18,f3,2
2023-06-01,665.9625689489073,234,gbm_corr_top1_2hop_rand18,f3,2
2023-07-01,397.8038395823628,234,gbm_corr_top1_2hop_rand18,f3,2
2023-08-01,302.46332474321855,234,gbm_corr_top1_2hop_rand18,f3,2
2023-09-01,455.21329434949,234,gbm_corr_top1_2hop_rand18,f3,2
2023-10-01,341.64759726866276,234,gbm_corr_top1_2hop_rand18,f3,2
2022-06-01,235.16171149647758,234,gbm_corr_top1_rand19,f3,2
2022-07-01,217.6770784868966,234,gbm_corr_top1_rand19,f3,2
2022-08-01,416.4951250729081,234,gbm_corr_top1_rand19,f3,2
2022-09-01,399.3640643144867,234,gbm_corr_top1_rand19,f3,2
2022-10-01,399.2871676633221,234,gbm_corr_top1_rand19,f3,2
2022-11-01,350.2498678626398,234,gbm_corr_top1_rand19,f3,2
2022-12-01,289.4784949225644,234,gbm_corr_top1_rand19,f3,2
2023-01-01,484.30776631956,234,gbm_corr_top1_rand19,f3,2
2023-02-01,339.424549126795,234,gbm_corr_top1_rand19,f3,2
2023-03-01,390.41528066222713,234,gbm_corr_top1_rand19,f3,2
2023-04-01,426.44704178151005,234,gbm_corr_top1_rand19,f3,2
2023-05-01,576.1728183606305,234,gbm_corr_top1_rand19,f3,2
2023-06-01,672.0768467353614,234,gbm_corr_top1_rand19,f3,2
2023-07-01,400.1363764666077,234,gbm_corr_top1_rand19,f3,2
2023-08-01,302.17078198685266,234,gbm_corr_top1_rand19,f3,2
2023-09-01,447.8671914448634,234,gbm_corr_top1_rand19,f3,2
2023-10-01,337.94583825093895,234,gbm_corr_top1_rand19,f3,2
2022-06-01,239.8759709521041,234,mlp_corr_top1_rand19,f3,2
2022-07-01,217.12507332439847,234,mlp_corr_top1_rand19,f3,2
2022-08-01,417.28522119716195,234,mlp_corr_top1_rand19,f3,2
2022-09-01,397.9900914030119,234,mlp_corr_top1_rand19,f3,2
2022-10-01,400.2821960389302,234,mlp_corr_top1_rand19,f3,2
2022-11-01,353.3927525017299,234,mlp_corr_top1_rand19,f3,2
2022-12-01,285.10717833894694,234,mlp_corr_top1_rand19,f3,2
2023-01-01,488.68858249571895,234,mlp_corr_top1_rand19,f3,2
2023-02-01,339.84134898481454,234,mlp_corr_top1_rand19,f3,2
2023-03-01,378.2488353593108,234,mlp_corr_top1_rand19,f3,2
2023-04-01,428.0662199143058,234,mlp_corr_top1_rand19,f3,2
2023-05-01,578.0578561730861,234,mlp_corr_top1_rand19,f3,2
2023-06-01,664.3054402870177,234,mlp_corr_top1_rand19,f3,2
2023-07-01,404.0920302488431,234,mlp_corr_top1_rand19,f3,2
2023-08-01,303.8068467398383,234,mlp_corr_top1_rand19,f3,2
2023-09-01,453.99829825533544,234,mlp_corr_top1_rand19,f3,2
2023-10-01,338.87828449549613,234,mlp_corr_top1_rand19,f3,2
2022-06-01,240.3456508241602,234,gbm_corr_top1_2hop_rand19,f3,2
2022-07-01,219.21283610695983,234,gbm_corr_top1_2hop_rand19,f3,2
2022-08-01,412.96990208470146,234,gbm_corr_top1_2hop_rand19,f3,2
2022-09-01,398.61707934727957,234,gbm_corr_top1_2hop_rand19,f3,2
2022-10-01,397.82486306961226,234,gbm_corr_top1_2hop_rand19,f3,2
2022-11-01,349.1682608620023,234,gbm_corr_top1_2hop_rand19,f3,2
2022-12-01,294.6955935620354,234,gbm_corr_top1_2hop_rand19,f3,2
2023-01-01,491.73483975187264,234,gbm_corr_top1_2hop_rand19,f3,2
2023-02-01,341.50578829303896,234,gbm_corr_top1_2hop_rand19,f3,2
2023-03-01,383.79013411265066,234,gbm_corr_top1_2hop_rand19,f3,2
2023-04-01,422.31675608256984,234,gbm_corr_top1_2hop_rand19,f3,2
2023-05-01,584.0947791680396,234,gbm_corr_top1_2hop_rand19,f3,2
2023-06-01,677.2558848855151,234,gbm_corr_top1_2hop_rand19,f3,2
2023-07-01,394.0958977201672,234,gbm_corr_top1_2hop_rand19,f3,2
2023-08-01,305.69687948470715,234,gbm_corr_top1_2hop_rand19,f3,2
2023-09-01,446.65263614620113,234,gbm_corr_top1_2hop_rand19,f3,2
2023-10-01,338.43372635214695,234,gbm_corr_top1_2hop_rand19,f3,2
2022-07-01,246.87917912348254,234,gbm_corr_top1_rand0,f3,3
2022-08-01,395.93174535737893,234,gbm_corr_top1_rand0,f3,3
2022-09-01,469.90203217477733,234,gbm_corr_top1_rand0,f3,3
2022-10-01,447.3712615926125,234,gbm_corr_top1_rand0,f3,3
2022-11-01,406.9667869440385,234,gbm_corr_top1_rand0,f3,3
2022-12-01,316.92730357608747,234,gbm_corr_top1_rand0,f3,3
2023-01-01,493.6142909910678,234,gbm_corr_top1_rand0,f3,3
2023-02-01,361.08741079313495,234,gbm_corr_top1_rand0,f3,3
2023-03-01,432.3455164343614,234,gbm_corr_top1_rand0,f3,3
2023-04-01,480.2268045513364,234,gbm_corr_top1_rand0,f3,3
2023-05-01,548.6031950977127,234,gbm_corr_top1_rand0,f3,3
2023-06-01,663.7663984800328,234,gbm_corr_top1_rand0,f3,3
2023-07-01,437.0976693969252,234,gbm_corr_top1_rand0,f3,3
2023-08-01,344.7562006269225,234,gbm_corr_top1_rand0,f3,3
2023-09-01,490.34993986122294,234,gbm_corr_top1_rand0,f3,3
2023-10-01,376.1976922229963,234,gbm_corr_top1_rand0,f3,3
2023-11-01,463.5302681621582,234,gbm_corr_top1_rand0,f3,3
2022-07-01,247.49289020821837,234,mlp_corr_top1_rand0,f3,3
2022-08-01,395.85991901545464,234,mlp_corr_top1_rand0,f3,3
2022-09-01,464.5002228973532,234,mlp_corr_top1_rand0,f3,3
2022-10-01,445.24679181909175,234,mlp_corr_top1_rand0,f3,3
2022-11-01,410.2014419785618,234,mlp_corr_top1_rand0,f3,3
2022-12-01,318.32885330424875,234,mlp_corr_top1_rand0,f3,3
2023-01-01,497.22108855180426,234,mlp_corr_top1_rand0,f3,3
2023-02-01,367.2060836487653,234,mlp_corr_top1_rand0,f3,3
2023-03-01,434.26329959234585,234,mlp_corr_top1_rand0,f3,3
2023-04-01,480.7128904120663,234,mlp_corr_top1_rand0,f3,3
2023-05-01,558.5505094599413,234,mlp_corr_top1_rand0,f3,3
2023-06-01,670.2282400669401,234,mlp_corr_top1_rand0,f3,3
2023-07-01,438.0735037191559,234,mlp_corr_top1_rand0,f3,3
2023-08-01,347.1079746917366,234,mlp_corr_top1_rand0,f3,3
2023-09-01,487.6297121181562,234,mlp_corr_top1_rand0,f3,3
2023-10-01,374.06580065399993,234,mlp_corr_top1_rand0,f3,3
2023-11-01,468.3036138057406,234,mlp_corr_top1_rand0,f3,3
2022-07-01,247.88074914552513,234,gbm_corr_top1_2hop_rand0,f3,3
2022-08-01,394.13345138093024,234,gbm_corr_top1_2hop_rand0,f3,3
2022-09-01,466.58952313932224,234,gbm_corr_top1_2hop_rand0,f3,3
2022-10-01,442.7420731993871,234,gbm_corr_top1_2hop_rand0,f3,3
2022-11-01,405.9935392597721,234,gbm_corr_top1_2hop_rand0,f3,3
2022-12-01,314.6439793667941,234,gbm_corr_top1_2hop_rand0,f3,3
2023-01-01,496.6778033152746,234,gbm_corr_top1_2hop_rand0,f3,3
2023-02-01,363.8918931589924,234,gbm_corr_top1_2hop_rand0,f3,3
2023-03-01,435.5459345834949,234,gbm_corr_top1_2hop_rand0,f3,3
2023-04-01,482.96853295461545,234,gbm_corr_top1_2hop_rand0,f3,3
2023-05-01,547.912309467355,234,gbm_corr_top1_2hop_rand0,f3,3
2023-06-01,665.5843251236245,234,gbm_corr_top1_2hop_rand0,f3,3
2023-07-01,435.96579970037567,234,gbm_corr_top1_2hop_rand0,f3,3
2023-08-01,344.71352346977557,234,gbm_corr_top1_2hop_rand0,f3,3
2023-09-01,493.42496193831363,234,gbm_corr_top1_2hop_rand0,f3,3
2023-10-01,373.8193747778561,234,gbm_corr_top1_2hop_rand0,f3,3
2023-11-01,470.932697589948,234,gbm_corr_top1_2hop_rand0,f3,3
2022-07-01,248.92984368810036,234,gbm_corr_top1_rand1,f3,3
2022-08-01,394.04200296511027,234,gbm_corr_top1_rand1,f3,3
2022-09-01,470.51957769386195,234,gbm_corr_top1_rand1,f3,3
2022-10-01,446.16170825357585,234,gbm_corr_top1_rand1,f3,3
2022-11-01,407.9569720866885,234,gbm_corr_top1_rand1,f3,3
2022-12-01,313.83246892756637,234,gbm_corr_top1_rand1,f3,3
2023-01-01,493.8942534515072,234,gbm_corr_top1_rand1,f3,3
2023-02-01,362.13802064393514,234,gbm_corr_top1_rand1,f3,3
2023-03-01,433.50878934772527,234,gbm_corr_top1_rand1,f3,3
2023-04-01,482.2506221061357,234,gbm_corr_top1_rand1,f3,3
2023-05-01,561.005546120785,234,gbm_corr_top1_rand1,f3,3
2023-06-01,664.9418950623108,234,gbm_corr_top1_rand1,f3,3
2023-07-01,442.1009103829435,234,gbm_corr_top1_rand1,f3,3
2023-08-01,343.8770948388147,234,gbm_corr_top1_rand1,f3,3
2023-09-01,486.5400741560013,234,gbm_corr_top1_rand1,f3,3
2023-10-01,368.0645253924582,234,gbm_corr_top1_rand1,f3,3
2023-11-01,471.02658840319106,234,gbm_corr_top1_rand1,f3,3
2022-07-01,250.87848106586887,234,mlp_corr_top1_rand1,f3,3
2022-08-01,397.6103144428191,234,mlp_corr_top1_rand1,f3,3
2022-09-01,467.31361366026516,234,mlp_corr_top1_rand1,f3,3
2022-10-01,446.96268836056936,234,mlp_corr_top1_rand1,f3,3
2022-11-01,415.97339757679106,234,mlp_corr_top1_rand1,f3,3
2022-12-01,326.8099264387387,234,mlp_corr_top1_rand1,f3,3
2023-01-01,506.2467245031761,234,mlp_corr_top1_rand1,f3,3
2023-02-01,362.74226230854197,234,mlp_corr_top1_rand1,f3,3
2023-03-01,433.3814675246329,234,mlp_corr_top1_rand1,f3,3
2023-04-01,486.11565277105285,234,mlp_corr_top1_rand1,f3,3
2023-05-01,568.7054199441087,234,mlp_corr_top1_rand1,f3,3
2023-06-01,674.5362036231102,234,mlp_corr_top1_rand1,f3,3
2023-07-01,442.64995625892993,234,mlp_corr_top1_rand1,f3,3
2023-08-01,356.9212175200431,234,mlp_corr_top1_rand1,f3,3
2023-09-01,487.8076885452486,234,mlp_corr_top1_rand1,f3,3
2023-10-01,373.0497336335706,234,mlp_corr_top1_rand1,f3,3
2023-11-01,472.82566355894835,234,mlp_corr_top1_rand1,f3,3
2022-07-01,250.95436468688342,234,gbm_corr_top1_2hop_rand1,f3,3
2022-08-01,392.7776820394016,234,gbm_corr_top1_2hop_rand1,f3,3
2022-09-01,468.1802536137205,234,gbm_corr_top1_2hop_rand1,f3,3
2022-10-01,443.4721978545631,234,gbm_corr_top1_2hop_rand1,f3,3
2022-11-01,406.4139666436913,234,gbm_corr_top1_2hop_rand1,f3,3
2022-12-01,317.58673107213326,234,gbm_corr_top1_2hop_rand1,f3,3
2023-01-01,495.32786998263344,234,gbm_corr_top1_2hop_rand1,f3,3
2023-02-01,360.8347644183248,234,gbm_corr_top1_2hop_rand1,f3,3
2023-03-01,434.88641635546975,234,gbm_corr_top1_2hop_rand1,f3,3
2023-04-01,483.9367910047244,234,gbm_corr_top1_2hop_rand1,f3,3
2023-05-01,558.0704615037619,234,gbm_corr_top1_2hop_rand1,f3,3
2023-06-01,671.7441890344589,234,gbm_corr_top1_2hop_rand1,f3,3
2023-07-01,442.3671687184616,234,gbm_corr_top1_2hop_rand1,f3,3
2023-08-01,349.5915016933338,234,gbm_corr_top1_2hop_rand1,f3,3
2023-09-01,492.1150202842855,234,gbm_corr_top1_2hop_rand1,f3,3
2023-10-01,376.62530786976214,234,gbm_corr_top1_2hop_rand1,f3,3
2023-11-01,475.16255054264667,234,gbm_corr_top1_2hop_rand1,f3,3
2022-07-01,247.4667127850851,234,gbm_corr_top1_rand2,f3,3
2022-08-01,392.71706468986315,234,gbm_corr_top1_rand2,f3,3
2022-09-01,461.1002585110314,234,gbm_corr_top1_rand2,f3,3
2022-10-01,441.05178442112367,234,gbm_corr_top1_rand2,f3,3
2022-11-01,404.0032340582047,234,gbm_corr_top1_rand2,f3,3
2022-12-01,317.7853279600332,234,gbm_corr_top1_rand2,f3,3
2023-01-01,495.5065216961772,234,gbm_corr_top1_rand2,f3,3
2023-02-01,358.26212135692623,234,gbm_corr_top1_rand2,f3,3
2023-03-01,433.3059351925086,234,gbm_corr_top1_rand2,f3,3
2023-04-01,479.67453896384325,234,gbm_corr_top1_rand2,f3,3
2023-05-01,559.7943940966907,234,gbm_corr_top1_rand2,f3,3
2023-06-01,661.4083071899743,234,gbm_corr_top1_rand2,f3,3
2023-07-01,436.28839075024416,234,gbm_corr_top1_rand2,f3,3
2023-08-01,343.08372350372287,234,gbm_corr_top1_rand2,f3,3
2023-09-01,489.13882320218926,234,gbm_corr_top1_rand2,f3,3
2023-10-01,375.2336725010766,234,gbm_corr_top1_rand2,f3,3
2023-11-01,469.3971978206922,234,gbm_corr_top1_rand2,f3,3
2022-07-01,247.5988329905819,234,mlp_corr_top1_rand2,f3,3
2022-08-01,393.3338180992468,234,mlp_corr_top1_rand2,f3,3
2022-09-01,463.15074820363776,234,mlp_corr_top1_rand2,f3,3
2022-10-01,440.63098590371413,234,mlp_corr_top1_rand2,f3,3
2022-11-01,407.3804288144678,234,mlp_corr_top1_rand2,f3,3
2022-12-01,317.7110316541631,234,mlp_corr_top1_rand2,f3,3
2023-01-01,494.65934099428074,234,mlp_corr_top1_rand2,f3,3
2023-02-01,360.9920561108571,234,mlp_corr_top1_rand2,f3,3
2023-03-01,431.7390431816562,234,mlp_corr_top1_rand2,f3,3
2023-04-01,479.6234563567968,234,mlp_corr_top1_rand2,f3,3
2023-05-01,553.3925421759227,234,mlp_corr_top1_rand2,f3,3
2023-06-01,663.7182790357897,234,mlp_corr_top1_rand2,f3,3
2023-07-01,435.08067021821626,234,mlp_corr_top1_rand2,f3,3
2023-08-01,347.41952207288176,234,mlp_corr_top1_rand2,f3,3
2023-09-01,486.2165671523189,234,mlp_corr_top1_rand2,f3,3
2023-10-01,370.90257414337407,234,mlp_corr_top1_rand2,f3,3
2023-11-01,470.31214776114473,234,mlp_corr_top1_rand2,f3,3
2022-07-01,251.0968109831733,234,gbm_corr_top1_2hop_rand2,f3,3
2022-08-01,387.4932407487091,234,gbm_corr_top1_2hop_rand2,f3,3
2022-09-01,461.6165935002818,234,gbm_corr_top1_2hop_rand2,f3,3
2022-10-01,441.1914678799026,234,gbm_corr_top1_2hop_rand2,f3,3
2022-11-01,408.41804384693495,234,gbm_corr_top1_2hop_rand2,f3,3
2022-12-01,314.3433346570905,234,gbm_corr_top1_2hop_rand2,f3,3
2023-01-01,494.2023015099971,234,gbm_corr_top1_2hop_rand2,f3,3
2023-02-01,353.000688549021,234,gbm_corr_top1_2hop_rand2,f3,3
2023-03-01,430.08654771771296,234,gbm_corr_top1_2hop_rand2,f3,3
2023-04-01,471.9778862523378,234,gbm_corr_top1_2hop_rand2,f3,3
2023-05-01,559.8284383236954,234,gbm_corr_top1_2hop_rand2,f3,3
2023-06-01,658.9769701294769,234,gbm_corr_top1_2hop_rand2,f3,3
2023-07-01,439.54523175585877,234,gbm_corr_top1_2hop_rand2,f3,3
2023-08-01,343.33991302362466,234,gbm_corr_top1_2hop_rand2,f3,3
2023-09-01,487.75813856493846,234,gbm_corr_top1_2hop_rand2,f3,3
2023-10-01,375.48117486100847,234,gbm_corr_top1_2hop_rand2,f3,3
2023-11-01,472.62488748321266,234,gbm_corr_top1_2hop_rand2,f3,3
2022-07-01,249.69155652853908,234,gbm_corr_top1_rand3,f3,3
2022-08-01,400.5643642165359,234,gbm_corr_top1_rand3,f3,3
2022-09-01,463.03838983804116,234,gbm_corr_top1_rand3,f3,3
2022-10-01,442.6037226612339,234,gbm_corr_top1_rand3,f3,3
2022-11-01,402.97632346436006,234,gbm_corr_top1_rand3,f3,3
2022-12-01,316.1184408793098,234,gbm_corr_top1_rand3,f3,3
2023-01-01,500.6817050759439,234,gbm_corr_top1_rand3,f3,3
2023-02-01,369.96644879168144,234,gbm_corr_top1_rand3,f3,3
2023-03-01,434.65000092649257,234,gbm_corr_top1_rand3,f3,3
2023-04-01,490.3177176859606,234,gbm_corr_top1_rand3,f3,3
2023-05-01,558.3810496202518,234,gbm_corr_top1_rand3,f3,3
2023-06-01,671.0101310948309,234,gbm_corr_top1_rand3,f3,3
2023-07-01,445.77265830876786,234,gbm_corr_top1_rand3,f3,3
2023-08-01,348.41745428704326,234,gbm_corr_top1_rand3,f3,3
2023-09-01,488.9478641405616,234,gbm_corr_top1_rand3,f3,3
2023-10-01,371.17480281827915,234,gbm_corr_top1_rand3,f3,3
2023-11-01,467.672389925055,234,gbm_corr_top1_rand3,f3,3
2022-07-01,246.37568524477987,234,mlp_corr_top1_rand3,f3,3
2022-08-01,393.4386400427211,234,mlp_corr_top1_rand3,f3,3
2022-09-01,464.14136695057994,234,mlp_corr_top1_rand3,f3,3
2022-10-01,440.7278375389238,234,mlp_corr_top1_rand3,f3,3
2022-11-01,407.26683599955777,234,mlp_corr_top1_rand3,f3,3
2022-12-01,318.13922636653876,234,mlp_corr_top1_rand3,f3,3
2023-01-01,493.37962011768093,234,mlp_corr_top1_rand3,f3,3
2023-02-01,363.52362289273145,234,mlp_corr_top1_rand3,f3,3
2023-03-01,434.2677934962375,234,mlp_corr_top1_rand3,f3,3
2023-04-01,482.8488631700115,234,mlp_corr_top1_rand3,f3,3
2023-05-01,558.7299972132218,234,mlp_corr_top1_rand3,f3,3
2023-06-01,669.7785858314209,234,mlp_corr_top1_rand3,f3,3
2023-07-01,437.63742118903167,234,mlp_corr_top1_rand3,f3,3
2023-08-01,348.6070445133109,234,mlp_corr_top1_rand3,f3,3
2023-09-01,485.4691665888273,234,mlp_corr_top1_rand3,f3,3
2023-10-01,367.81660715111656,234,mlp_corr_top1_rand3,f3,3
2023-11-01,468.90444292468084,234,mlp_corr_top1_rand3,f3,3
2022-07-01,251.4520260304631,234,gbm_corr_top1_2hop_rand3,f3,3
2022-08-01,394.7024758872937,234,gbm_corr_top1_2hop_rand3,f3,3
2022-09-01,466.3601580008955,234,gbm_corr_top1_2hop_rand3,f3,3
2022-10-01,443.751999971906,234,gbm_corr_top1_2hop_rand3,f3,3
2022-11-01,402.3139636640752,234,gbm_corr_top1_2hop_rand3,f3,3
2022-12-01,316.1375757050613,234,gbm_corr_top1_2hop_rand3,f3,3
2023-01-01,506.59455703474595,234,gbm_corr_top1_2hop_rand3,f3,3
2023-02-01,367.93271355546915,234,gbm_corr_top1_2hop_rand3,f3,3
2023-03-01,435.89811801659766,234,gbm_corr_top1_2hop_rand3,f3,3
2023-04-01,491.15745012888675,234,gbm_corr_top1_2hop_rand3,f3,3
2023-05-01,557.4164767368846,234,gbm_corr_top1_2hop_rand3,f3,3
2023-06-01,669.6018008730417,234,gbm_corr_top1_2hop_rand3,f3,3
2023-07-01,446.39435576314264,234,gbm_corr_top1_2hop_rand3,f3,3
2023-08-01,352.74820778798477,234,gbm_corr_top1_2hop_rand3,f3,3
2023-09-01,487.63237627720673,234,gbm_corr_top1_2hop_rand3,f3,3
2023-10-01,371.70429271095696,234,gbm_corr_top1_2hop_rand3,f3,3
2023-11-01,473.0344411132197,234,gbm_corr_top1_2hop_rand3,f3,3
2022-07-01,248.2422648715321,234,gbm_corr_top1_rand4,f3,3
2022-08-01,394.8804281087571,234,gbm_corr_top1_rand4,f3,3
2022-09-01,463.3831856242348,234,gbm_corr_top1_rand4,f3,3
2022-10-01,443.2642505791188,234,gbm_corr_top1_rand4,f3,3
2022-11-01,405.3549403431232,234,gbm_corr_top1_rand4,f3,3
2022-12-01,310.70948527500605,234,gbm_corr_top1_rand4,f3,3
2023-01-01,491.48902660464347,234,gbm_corr_top1_rand4,f3,3
2023-02-01,366.0086658693162,234,gbm_corr_top1_rand4,f3,3
2023-03-01,433.3364162043898,234,gbm_corr_top1_rand4,f3,3
2023-04-01,488.27120968839785,234,gbm_corr_top1_rand4,f3,3
2023-05-01,554.1952030194527,234,gbm_corr_top1_rand4,f3,3
2023-06-01,674.9748976485357,234,gbm_corr_top1_rand4,f3,3
2023-07-01,446.36278007588425,234,gbm_corr_top1_rand4,f3,3
2023-08-01,350.15666218782064,234,gbm_corr_top1_rand4,f3,3
2023-09-01,490.65942229421813,234,gbm_corr_top1_rand4,f3,3
2023-10-01,376.80422199895725,234,gbm_corr_top1_rand4,f3,3
2023-11-01,472.92878289993394,234,gbm_corr_top1_rand4,f3,3
2022-07-01,244.61012874485468,234,mlp_corr_top1_rand4,f3,3
2022-08-01,390.6599314497992,234,mlp_corr_top1_rand4,f3,3
2022-09-01,461.9793833679242,234,mlp_corr_top1_rand4,f3,3
2022-10-01,439.4211501595428,234,mlp_corr_top1_rand4,f3,3
2022-11-01,406.75820341850215,234,mlp_corr_top1_rand4,f3,3
2022-12-01,317.37873378976064,234,mlp_corr_top1_rand4,f3,3
2023-01-01,487.74298454811117,234,mlp_corr_top1_rand4,f3,3
2023-02-01,360.0956820049206,234,mlp_corr_top1_rand4,f3,3
2023-03-01,430.6644461815431,234,mlp_corr_top1_rand4,f3,3
2023-04-01,484.66120008896394,234,mlp_corr_top1_rand4,f3,3
2023-05-01,552.5486851766415,234,mlp_corr_top1_rand4,f3,3
2023-06-01,662.210266541426,234,mlp_corr_top1_rand4,f3,3
2023-07-01,434.47276859036253,234,mlp_corr_top1_rand4,f3,3
2023-08-01,345.84544568556464,234,mlp_corr_top1_rand4,f3,3
2023-09-01,477.9963666470573,234,mlp_corr_top1_rand4,f3,3
2023-10-01,369.0184675457347,234,mlp_corr_top1_rand4,f3,3
2023-11-01,468.1062294513497,234,mlp_corr_top1_rand4,f3,3
2022-07-01,247.8952504928875,234,gbm_corr_top1_2hop_rand4,f3,3
2022-08-01,390.5498936594883,234,gbm_corr_top1_2hop_rand4,f3,3
2022-09-01,461.5421803302076,234,gbm_corr_top1_2hop_rand4,f3,3
2022-10-01,442.8306933135437,234,gbm_corr_top1_2hop_rand4,f3,3
2022-11-01,409.27949712399464,234,gbm_corr_top1_2hop_rand4,f3,3
2022-12-01,316.07371024454943,234,gbm_corr_top1_2hop_rand4,f3,3
2023-01-01,496.1675154838552,234,gbm_corr_top1_2hop_rand4,f3,3
2023-02-01,358.9026511569147,234,gbm_corr_top1_2hop_rand4,f3,3
2023-03-01,426.9546258369059,234,gbm_corr_top1_2hop_rand4,f3,3
2023-04-01,481.7174281799724,234,gbm_corr_top1_2hop_rand4,f3,3
2023-05-01,553.8061566818612,234,gbm_corr_top1_2hop_rand4,f3,3
2023-06-01,670.7087038496601,234,gbm_corr_top1_2hop_rand4,f3,3
2023-07-01,441.5555785834943,234,gbm_corr_top1_2hop_rand4,f3,3
2023-08-01,351.68445131189117,234,gbm_corr_top1_2hop_rand4,f3,3
2023-09-01,493.36828690392593,234,gbm_corr_top1_2hop_rand4,f3,3
2023-10-01,374.02127084812474,234,gbm_corr_top1_2hop_rand4,f3,3
2023-11-01,474.5627564528941,234,gbm_corr_top1_2hop_rand4,f3,3
2022-07-01,246.52368831911772,234,gbm_corr_top1_rand5,f3,3
2022-08-01,389.2599775444445,234,gbm_corr_top1_rand5,f3,3
2022-09-01,463.01149536676047,234,gbm_corr_top1_rand5,f3,3
2022-10-01,446.51899819473573,234,gbm_corr_top1_rand5,f3,3
2022-11-01,406.5331633176842,234,gbm_corr_top1_rand5,f3,3
2022-12-01,314.9471622520767,234,gbm_corr_top1_rand5,f3,3
2023-01-01,490.41046270211484,234,gbm_corr_top1_rand5,f3,3
2023-02-01,358.72070238354036,234,gbm_corr_top1_rand5,f3,3
2023-03-01,433.2709751176054,234,gbm_corr_top1_rand5,f3,3
2023-04-01,477.976627045512,234,gbm_corr_top1_rand5,f3,3
2023-05-01,554.4538988368587,234,gbm_corr_top1_rand5,f3,3
2023-06-01,661.39185111864,234,gbm_corr_top1_rand5,f3,3
2023-07-01,441.62309157937773,234,gbm_corr_top1_rand5,f3,3
2023-08-01,348.8609488259236,234,gbm_corr_top1_rand5,f3,3
2023-09-01,488.62149548778143,234,gbm_corr_top1_rand5,f3,3
2023-10-01,371.92421868371235,234,gbm_corr_top1_rand5,f3,3
2023-11-01,467.67342645488645,234,gbm_corr_top1_rand5,f3,3
2022-07-01,246.1763805801609,234,mlp_corr_top1_rand5,f3,3
2022-08-01,391.0718734570587,234,mlp_corr_top1_rand5,f3,3
2022-09-01,461.34691189544037,234,mlp_corr_top1_rand5,f3,3
2022-10-01,442.93054574550126,234,mlp_corr_top1_rand5,f3,3
2022-11-01,406.7933835132144,234,mlp_corr_top1_rand5,f3,3
2022-12-01,316.4656189086278,234,mlp_corr_top1_rand5,f3,3
2023-01-01,491.5944449707375,234,mlp_corr_top1_rand5,f3,3
2023-02-01,360.2561269496435,234,mlp_corr_top1_rand5,f3,3
2023-03-01,430.72962032258613,234,mlp_corr_top1_rand5,f3,3
2023-04-01,482.6178476766705,234,mlp_corr_top1_rand5,f3,3
2023-05-01,557.4509304760369,234,mlp_corr_top1_rand5,f3,3
2023-06-01,663.2526390027815,234,mlp_corr_top1_rand5,f3,3
2023-07-01,439.7670762853653,234,mlp_corr_top1_rand5,f3,3
2023-08-01,349.6996036129904,234,mlp_corr_top1_rand5,f3,3
2023-09-01,485.00809198676313,234,mlp_corr_top1_rand5,f3,3
2023-10-01,368.212268963233,234,mlp_corr_top1_rand5,f3,3
2023-11-01,469.5841307310324,234,mlp_corr_top1_rand5,f3,3
2022-07-01,243.83320921268947,234,gbm_corr_top1_2hop_rand5,f3,3
2022-08-01,384.2344647713213,234,gbm_corr_top1_2hop_rand5,f3,3
2022-09-01,464.58937160409397,234,gbm_corr_top1_2hop_rand5,f3,3
2022-10-01,447.77562679243323,234,gbm_corr_top1_2hop_rand5,f3,3
2022-11-01,406.67670448361594,234,gbm_corr_top1_2hop_rand5,f3,3
2022-12-01,315.721758071632,234,gbm_corr_top1_2hop_rand5,f3,3
2023-01-01,491.5567555359583,234,gbm_corr_top1_2hop_rand5,f3,3
2023-02-01,358.88810158109703,234,gbm_corr_top1_2hop_rand5,f3,3
2023-03-01,433.201348604167,234,gbm_corr_top1_2hop_rand5,f3,3
2023-04-01,477.4666008373705,234,gbm_corr_top1_2hop_rand5,f3,3
2023-05-01,553.6230522734417,234,gbm_corr_top1_2hop_rand5,f3,3
2023-06-01,666.3975772594503,234,gbm_corr_top1_2hop_rand5,f3,3
2023-07-01,444.6205962291109,234,gbm_corr_top1_2hop_rand5,f3,3
2023-08-01,347.37938853638593,234,gbm_corr_top1_2hop_rand5,f3,3
2023-09-01,489.25008188876393,234,gbm_corr_top1_2hop_rand5,f3,3
2023-10-01,371.90907431556246,234,gbm_corr_top1_2hop_rand5,f3,3
2023-11-01,471.8947385379026,234,gbm_corr_top1_2hop_rand5,f3,3
2022-07-01,249.32439683931307,234,gbm_corr_top1_rand6,f3,3
2022-08-01,388.3389777247931,234,gbm_corr_top1_rand6,f3,3
2022-09-01,465.3024459321777,234,gbm_corr_top1_rand6,f3,3
2022-10-01,440.6966284506901,234,gbm_corr_top1_rand6,f3,3
2022-11-01,407.45442717776933,234,gbm_corr_top1_rand6,f3,3
2022-12-01,314.74693020086244,234,gbm_corr_top1_rand6,f3,3
2023-01-01,495.6336137001405,234,gbm_corr_top1_rand6,f3,3
2023-02-01,363.8282890072137,234,gbm_corr_top1_rand6,f3,3
2023-03-01,429.0334547212444,234,gbm_corr_top1_rand6,f3,3
2023-04-01,480.72841305879126,234,gbm_corr_top1_rand6,f3,3
2023-05-01,555.2208721610579,234,gbm_corr_top1_rand6,f3,3
2023-06-01,663.7035327649842,234,gbm_corr_top1_rand6,f3,3
2023-07-01,437.45729523217875,234,gbm_corr_top1_rand6,f3,3
2023-08-01,345.94815909949693,234,gbm_corr_top1_rand6,f3,3
2023-09-01,485.93868808228757,234,gbm_corr_top1_rand6,f3,3
2023-10-01,369.61526194612924,234,gbm_corr_top1_rand6,f3,3
2023-11-01,470.26979174513735,234,gbm_corr_top1_rand6,f3,3
2022-07-01,247.61844249706485,234,mlp_corr_top1_rand6,f3,3
2022-08-01,393.34798365045333,234,mlp_corr_top1_rand6,f3,3
2022-09-01,462.6569129891313,234,mlp_corr_top1_rand6,f3,3
2022-10-01,439.08201348334666,234,mlp_corr_top1_rand6,f3,3
2022-11-01,408.3060946968915,234,mlp_corr_top1_rand6,f3,3
2022-12-01,315.3337159077187,234,mlp_corr_top1_rand6,f3,3
2023-01-01,489.1716118820814,234,mlp_corr_top1_rand6,f3,3
2023-02-01,359.2054902115808,234,mlp_corr_top1_rand6,f3,3
2023-03-01,426.02058841353977,234,mlp_corr_top1_rand6,f3,3
2023-04-01,476.9750401093416,234,mlp_corr_top1_rand6,f3,3
2023-05-01,552.1392110399249,234,mlp_corr_top1_rand6,f3,3
2023-06-01,663.9417823940198,234,mlp_corr_top1_rand6,f3,3
2023-07-01,434.4811640428779,234,mlp_corr_top1_rand6,f3,3
2023-08-01,347.60259634688015,234,mlp_corr_top1_rand6,f3,3
2023-09-01,481.6807420759563,234,mlp_corr_top1_rand6,f3,3
2023-10-01,364.9693105031535,234,mlp_corr_top1_rand6,f3,3
2023-11-01,466.6355845654244,234,mlp_corr_top1_rand6,f3,3
2022-07-01,252.47191707814125,234,gbm_corr_top1_2hop_rand6,f3,3
2022-08-01,391.0453757918303,234,gbm_corr_top1_2hop_rand6,f3,3
2022-09-01,466.59324129921816,234,gbm_corr_top1_2hop_rand6,f3,3
2022-10-01,442.4341399366872,234,gbm_corr_top1_2hop_rand6,f3,3
2022-11-01,408.70996191229295,234,gbm_corr_top1_2hop_rand6,f3,3
2022-12-01,317.95308152366795,234,gbm_corr_top1_2hop_rand6,f3,3
2023-01-01,486.11808877094774,234,gbm_corr_top1_2hop_rand6,f3,3
2023-02-01,361.0199729174021,234,gbm_corr_top1_2hop_rand6,f3,3
2023-03-01,422.30289133672,234,gbm_corr_top1_2hop_rand6,f3,3
2023-04-01,483.6956536427879,234,gbm_corr_top1_2hop_rand6,f3,3
2023-05-01,554.579107552276,234,gbm_corr_top1_2hop_rand6,f3,3
2023-06-01,666.0621408403697,234,gbm_corr_top1_2hop_rand6,f3,3
2023-07-01,438.6748567443656,234,gbm_corr_top1_2hop_rand6,f3,3
2023-08-01,347.7629434585205,234,gbm_corr_top1_2hop_rand6,f3,3
2023-09-01,485.7723213937266,234,gbm_corr_top1_2hop_rand6,f3,3
2023-10-01,368.1143520536491,234,gbm_corr_top1_2hop_rand6,f3,3
2023-11-01,468.55701225748606,234,gbm_corr_top1_2hop_rand6,f3,3
2022-07-01,245.50440473549625,234,gbm_corr_top1_rand7,f3,3
2022-08-01,391.32594677350687,234,gbm_corr_top1_rand7,f3,3
2022-09-01,467.0463711610946,234,gbm_corr_top1_rand7,f3,3
2022-10-01,438.18590227761257,234,gbm_corr_top1_rand7,f3,3
2022-11-01,404.0324806330161,234,gbm_corr_top1_rand7,f3,3
2022-12-01,319.23064241027646,234,gbm_corr_top1_rand7,f3,3
2023-01-01,497.024770781805,234,gbm_corr_top1_rand7,f3,3
2023-02-01,363.69098622960223,234,gbm_corr_top1_rand7,f3,3
2023-03-01,432.8271879486655,234,gbm_corr_top1_rand7,f3,3
2023-04-01,486.9091138763457,234,gbm_corr_top1_rand7,f3,3
2023-05-01,553.1245979812846,234,gbm_corr_top1_rand7,f3,3
2023-06-01,667.477987915399,234,gbm_corr_top1_rand7,f3,3
2023-07-01,439.72840586444283,234,gbm_corr_top1_rand7,f3,3
2023-08-01,348.9430757624488,234,gbm_corr_top1_rand7,f3,3
2023-09-01,488.1343730698759,234,gbm_corr_top1_rand7,f3,3
2023-10-01,375.15565524629045,234,gbm_corr_top1_rand7,f3,3
2023-11-01,470.5952934398331,234,gbm_corr_top1_rand7,f3,3
2022-07-01,246.81352069113407,234,mlp_corr_top1_rand7,f3,3
2022-08-01,393.61187899246926,234,mlp_corr_top1_rand7,f3,3
2022-09-01,461.96043118280284,234,mlp_corr_top1_rand7,f3,3
2022-10-01,440.65933995877333,234,mlp_corr_top1_rand7,f3,3
2022-11-01,410.220889450637,234,mlp_corr_top1_rand7,f3,3
2022-12-01,322.0844918117025,234,mlp_corr_top1_rand7,f3,3
2023-01-01,502.43274871386444,234,mlp_corr_top1_rand7,f3,3
2023-02-01,366.0044773246976,234,mlp_corr_top1_rand7,f3,3
2023-03-01,432.21430586380285,234,mlp_corr_top1_rand7,f3,3
2023-04-01,482.82779957217946,234,mlp_corr_top1_rand7,f3,3
2023-05-01,565.6163801513288,234,mlp_corr_top1_rand7,f3,3
2023-06-01,672.0812438315655,234,mlp_corr_top1_rand7,f3,3
2023-07-01,440.48605011330835,234,mlp_corr_top1_rand7,f3,3
2023-08-01,352.6032175356111,234,mlp_corr_top1_rand7,f3,3
2023-09-01,485.73252029116287,234,mlp_corr_top1_rand7,f3,3
2023-10-01,369.7732574552435,234,mlp_corr_top1_rand7,f3,3
2023-11-01,470.86485554439,234,mlp_corr_top1_rand7,f3,3
2022-07-01,244.4800846098801,234,gbm_corr_top1_2hop_rand7,f3,3
2022-08-01,391.639962057634,234,gbm_corr_top1_2hop_rand7,f3,3
2022-09-01,464.65668302747696,234,gbm_corr_top1_2hop_rand7,f3,3
2022-10-01,445.82170767397935,234,gbm_corr_top1_2hop_rand7,f3,3
2022-11-01,402.5880946418708,234,gbm_corr_top1_2hop_rand7,f3,3
2022-12-01,322.3698953854162,234,gbm_corr_top1_2hop_rand7,f3,3
2023-01-01,498.4851336669009,234,gbm_corr_top1_2hop_rand7,f3,3
2023-02-01,363.18337353622593,234,gbm_corr_top1_2hop_rand7,f3,3
2023-03-01,441.2240934814868,234,gbm_corr_top1_2hop_rand7,f3,3
2023-04-01,487.7615276898687,234,gbm_corr_top1_2hop_rand7,f3,3
2023-05-01,563.3431723610415,234,gbm_corr_top1_2hop_rand7,f3,3
2023-06-01,674.080103963033,234,gbm_corr_top1_2hop_rand7,f3,3
2023-07-01,444.68904259115516,234,gbm_corr_top1_2hop_rand7,f3,3
2023-08-01,349.8340639285199,234,gbm_corr_top1_2hop_rand7,f3,3
2023-09-01,489.59829138009565,234,gbm_corr_top1_2hop_rand7,f3,3
2023-10-01,377.61173107063036,234,gbm_corr_top1_2hop_rand7,f3,3
2023-11-01,483.719407822076,234,gbm_corr_top1_2hop_rand7,f3,3
2022-07-01,249.23239612696997,234,gbm_corr_top1_rand8,f3,3
2022-08-01,394.0556143073463,234,gbm_corr_top1_rand8,f3,3
2022-09-01,464.0122355279434,234,gbm_corr_top1_rand8,f3,3
2022-10-01,443.4811052752405,234,gbm_corr_top1_rand8,f3,3
2022-11-01,409.0507512974939,234,gbm_corr_top1_rand8,f3,3
2022-12-01,316.6609465189686,234,gbm_corr_top1_rand8,f3,3
2023-01-01,489.4904955652604,234,gbm_corr_top1_rand8,f3,3
2023-02-01,359.27984614255644,234,gbm_corr_top1_rand8,f3,3
2023-03-01,435.0016848984066,234,gbm_corr_top1_rand8,f3,3
2023-04-01,482.41654438375133,234,gbm_corr_top1_rand8,f3,3
2023-05-01,555.2081191847728,234,gbm_corr_top1_rand8,f3,3
2023-06-01,658.1219927671056,234,gbm_corr_top1_rand8,f3,3
2023-07-01,443.6250686144937,234,gbm_corr_top1_rand8,f3,3
2023-08-01,340.18705217517896,234,gbm_corr_top1_rand8,f3,3
2023-09-01,486.01739013040896,234,gbm_corr_top1_rand8,f3,3
2023-10-01,369.7402231154577,234,gbm_corr_top1_rand8,f3,3
2023-11-01,469.13385225064104,234,gbm_corr_top1_rand8,f3,3
2022-07-01,246.9694407541188,234,mlp_corr_top1_rand8,f3,3
2022-08-01,393.4273052595135,234,mlp_corr_top1_rand8,f3,3
2022-09-01,462.45776491420565,234,mlp_corr_top1_rand8,f3,3
2022-10-01,444.5802841953236,234,mlp_corr_top1_rand8,f3,3
2022-11-01,411.5185956772944,234,mlp_corr_top1_rand8,f3,3
2022-12-01,320.99920019336093,234,mlp_corr_top1_rand8,f3,3
2023-01-01,500.18396147552187,234,mlp_corr_top1_rand8,f3,3
2023-02-01,361.4805166650265,234,mlp_corr_top1_rand8,f3,3
2023-03-01,432.1954588223052,234,mlp_corr_top1_rand8,f3,3
2023-04-01,482.25851448407366,234,mlp_corr_top1_rand8,f3,3
2023-05-01,561.9449119628871,234,mlp_corr_top1_rand8,f3,3
2023-06-01,670.3400717627557,234,mlp_corr_top1_rand8,f3,3
2023-07-01,440.19290224829143,234,mlp_corr_top1_rand8,f3,3
2023-08-01,348.39899778513853,234,mlp_corr_top1_rand8,f3,3
2023-09-01,485.8883891478871,234,mlp_corr_top1_rand8,f3,3
2023-10-01,370.1315622156956,234,mlp_corr_top1_rand8,f3,3
2023-11-01,472.2005816830569,234,mlp_corr_top1_rand8,f3,3
2022-07-01,252.38746877241988,234,gbm_corr_top1_2hop_rand8,f3,3
2022-08-01,394.85365738353556,234,gbm_corr_top1_2hop_rand8,f3,3
2022-09-01,461.16570013491497,234,gbm_corr_top1_2hop_rand8,f3,3
2022-10-01,443.5012833758679,234,gbm_corr_top1_2hop_rand8,f3,3
2022-11-01,408.04906604702836,234,gbm_corr_top1_2hop_rand8,f3,3
2022-12-01,317.82981686904816,234,gbm_corr_top1_2hop_rand8,f3,3
2023-01-01,498.41128842870785,234,gbm_corr_top1_2hop_rand8,f3,3
2023-02-01,367.5629582920801,234,gbm_corr_top1_2hop_rand8,f3,3
2023-03-01,437.8593731239008,234,gbm_corr_top1_2hop_rand8,f3,3
2023-04-01,494.1033182430789,234,gbm_corr_top1_2hop_rand8,f3,3
2023-05-01,556.4849368097475,234,gbm_corr_top1_2hop_rand8,f3,3
2023-06-01,666.0019322169119,234,gbm_corr_top1_2hop_rand8,f3,3
2023-07-01,441.79585377732303,234,gbm_corr_top1_2hop_rand8,f3,3
2023-08-01,343.8458273900123,234,gbm_corr_top1_2hop_rand8,f3,3
2023-09-01,492.7285824831458,234,gbm_corr_top1_2hop_rand8,f3,3
2023-10-01,373.67561410735124,234,gbm_corr_top1_2hop_rand8,f3,3
2023-11-01,477.10707032321164,234,gbm_corr_top1_2hop_rand8,f3,3
2022-07-01,244.0812086767251,234,gbm_corr_top1_rand9,f3,3
2022-08-01,390.81718764663094,234,gbm_corr_top1_rand9,f3,3
2022-09-01,463.4944414714895,234,gbm_corr_top1_rand9,f3,3
2022-10-01,443.86383855926516,234,gbm_corr_top1_rand9,f3,3
2022-11-01,408.2668439971798,234,gbm_corr_top1_rand9,f3,3
2022-12-01,316.84319758255344,234,gbm_corr_top1_rand9,f3,3
2023-01-01,494.17047178855796,234,gbm_corr_top1_rand9,f3,3
2023-02-01,362.28208718277835,234,gbm_corr_top1_rand9,f3,3
2023-03-01,430.8379711580136,234,gbm_corr_top1_rand9,f3,3
2023-04-01,477.7951634435527,234,gbm_corr_top1_rand9,f3,3
2023-05-01,556.849057174364,234,gbm_corr_top1_rand9,f3,3
2023-06-01,666.3260084764737,234,gbm_corr_top1_rand9,f3,3
2023-07-01,442.44989516039186,234,gbm_corr_top1_rand9,f3,3
2023-08-01,349.16376163635897,234,gbm_corr_top1_rand9,f3,3
2023-09-01,490.4942603933065,234,gbm_corr_top1_rand9,f3,3
2023-10-01,369.87433927113386,234,gbm_corr_top1_rand9,f3,3
2023-11-01,476.347451049235,234,gbm_corr_top1_rand9,f3,3
2022-07-01,246.24309809944253,234,mlp_corr_top1_rand9,f3,3
2022-08-01,392.11480123703865,234,mlp_corr_top1_rand9,f3,3
2022-09-01,463.78961222092977,234,mlp_corr_top1_rand9,f3,3
2022-10-01,442.79175740850843,234,mlp_corr_top1_rand9,f3,3
2022-11-01,410.7748511634168,234,mlp_corr_top1_rand9,f3,3
2022-12-01,318.61213288938194,234,mlp_corr_top1_rand9,f3,3
2023-01-01,490.4812808674052,234,mlp_corr_top1_rand9,f3,3
2023-02-01,360.0177903613997,234,mlp_corr_top1_rand9,f3,3
2023-03-01,438.31118853454564,234,mlp_corr_top1_rand9,f3,3
2023-04-01,487.0829114670159,234,mlp_corr_top1_rand9,f3,3
2023-05-01,556.9879788590803,234,mlp_corr_top1_rand9,f3,3
2023-06-01,664.8194410350687,234,mlp_corr_top1_rand9,f3,3
2023-07-01,437.7749652349976,234,mlp_corr_top1_rand9,f3,3
2023-08-01,352.73583992952854,234,mlp_corr_top1_rand9,f3,3
2023-09-01,483.0468370200743,234,mlp_corr_top1_rand9,f3,3
2023-10-01,371.05668727088414,234,mlp_corr_top1_rand9,f3,3
2023-11-01,476.0667472808631,234,mlp_corr_top1_rand9,f3,3
2022-07-01,239.92616965418475,234,gbm_corr_top1_2hop_rand9,f3,3
2022-08-01,387.2077430834911,234,gbm_corr_top1_2hop_rand9,f3,3
2022-09-01,465.6932566396952,234,gbm_corr_top1_2hop_rand9,f3,3
2022-10-01,443.8946543224297,234,gbm_corr_top1_2hop_rand9,f3,3
2022-11-01,411.6161541713434,234,gbm_corr_top1_2hop_rand9,f3,3
2022-12-01,316.4038276895194,234,gbm_corr_top1_2hop_rand9,f3,3
2023-01-01,497.31174612184554,234,gbm_corr_top1_2hop_rand9,f3,3
2023-02-01,363.71203374160666,234,gbm_corr_top1_2hop_rand9,f3,3
2023-03-01,435.2370426168988,234,gbm_corr_top1_2hop_rand9,f3,3
2023-04-01,485.8976416813466,234,gbm_corr_top1_2hop_rand9,f3,3
2023-05-01,559.4006261700266,234,gbm_corr_top1_2hop_rand9,f3,3
2023-06-01,670.0546497110464,234,gbm_corr_top1_2hop_rand9,f3,3
2023-07-01,440.51437715323885,234,gbm_corr_top1_2hop_rand9,f3,3
2023-08-01,350.4238707250849,234,gbm_corr_top1_2hop_rand9,f3,3
2023-09-01,488.02477682795046,234,gbm_corr_top1_2hop_rand9,f3,3
2023-10-01,366.8512554718992,234,gbm_corr_top1_2hop_rand9,f3,3
2023-11-01,479.5356737916445,234,gbm_corr_top1_2hop_rand9,f3,3
2022-07-01,249.4771730366025,234,gbm_corr_top1_rand10,f3,3
2022-08-01,390.7518149771146,234,gbm_corr_top1_rand10,f3,3
2022-09-01,462.95340411382114,234,gbm_corr_top1_rand10,f3,3
2022-10-01,444.18045184553887,234,gbm_corr_top1_rand10,f3,3
2022-11-01,407.9600125988092,234,gbm_corr_top1_rand10,f3,3
2022-12-01,319.2175331720807,234,gbm_corr_top1_rand10,f3,3
2023-01-01,498.94711324368564,234,gbm_corr_top1_rand10,f3,3
2023-02-01,366.7227353674496,234,gbm_corr_top1_rand10,f3,3
2023-03-01,436.17227932453966,234,gbm_corr_top1_rand10,f3,3
2023-04-01,480.7400925005904,234,gbm_corr_top1_rand10,f3,3
2023-05-01,556.6401620542471,234,gbm_corr_top1_rand10,f3,3
2023-06-01,662.8712775449508,234,gbm_corr_top1_rand10,f3,3
2023-07-01,444.75068201383044,234,gbm_corr_top1_rand10,f3,3
2023-08-01,346.066896008459,234,gbm_corr_top1_rand10,f3,3
2023-09-01,496.49477642709047,234,gbm_corr_top1_rand10,f3,3
2023-10-01,371.98848998057747,234,gbm_corr_top1_rand10,f3,3
2023-11-01,463.2349839185431,234,gbm_corr_top1_rand10,f3,3
2022-07-01,247.1483013899892,234,mlp_corr_top1_rand10,f3,3
2022-08-01,392.98622563216594,234,mlp_corr_top1_rand10,f3,3
2022-09-01,461.09858589193965,234,mlp_corr_top1_rand10,f3,3
2022-10-01,442.231734915512,234,mlp_corr_top1_rand10,f3,3
2022-11-01,408.1927693622898,234,mlp_corr_top1_rand10,f3,3
2022-12-01,319.5249003029902,234,mlp_corr_top1_rand10,f3,3
2023-01-01,497.0484856432392,234,mlp_corr_top1_rand10,f3,3
2023-02-01,361.7007936796926,234,mlp_corr_top1_rand10,f3,3
2023-03-01,431.24605471641877,234,mlp_corr_top1_rand10,f3,3
2023-04-01,484.8334003510891,234,mlp_corr_top1_rand10,f3,3
2023-05-01,561.2581894170772,234,mlp_corr_top1_rand10,f3,3
2023-06-01,664.9928244013604,234,mlp_corr_top1_rand10,f3,3
2023-07-01,435.3110448760558,234,mlp_corr_top1_rand10,f3,3
2023-08-01,345.56272301778057,234,mlp_corr_top1_rand10,f3,3
2023-09-01,483.5939337549775,234,mlp_corr_top1_rand10,f3,3
2023-10-01,370.0039353692962,234,mlp_corr_top1_rand10,f3,3
2023-11-01,469.5221767375539,234,mlp_corr_top1_rand10,f3,3
2022-07-01,246.48942293143742,234,gbm_corr_top1_2hop_rand10,f3,3
2022-08-01,394.3392568805747,234,gbm_corr_top1_2hop_rand10,f3,3
2022-09-01,463.424906018462,234,gbm_corr_top1_2hop_rand10,f3,3
2022-10-01,446.7280856952924,234,gbm_corr_top1_2hop_rand10,f3,3
2022-11-01,408.24342505361955,234,gbm_corr_top1_2hop_rand10,f3,3
2022-12-01,318.97627270191765,234,gbm_corr_top1_2hop_rand10,f3,3
2023-01-01,499.19035667577816,234,gbm_corr_top1_2hop_rand10,f3,3
2023-02-01,367.27109018345527,234,gbm_corr_top1_2hop_rand10,f3,3
2023-03-01,433.67608559605276,234,gbm_corr_top1_2hop_rand10,f3,3
2023-04-01,483.54873270533767,234,gbm_corr_top1_2hop_rand10,f3,3
2023-05-01,554.2094454191395,234,gbm_corr_top1_2hop_rand10,f3,3
2023-06-01,662.3494564064254,234,gbm_corr_top1_2hop_rand10,f3,3
2023-07-01,442.26435457278325,234,gbm_corr_top1_2hop_rand10,f3,3
2023-08-01,351.0321314957252,234,gbm_corr_top1_2hop_rand10,f3,3
2023-09-01,498.92130586381694,234,gbm_corr_top1_2hop_rand10,f3,3
2023-10-01,369.836303214488,234,gbm_corr_top1_2hop_rand10,f3,3
2023-11-01,459.70138236923805,234,gbm_corr_top1_2hop_rand10,f3,3
2022-07-01,247.9390620609295,234,gbm_corr_top1_rand11,f3,3
2022-08-01,391.38384565268035,234,gbm_corr_top1_rand11,f3,3
2022-09-01,468.01364562667607,234,gbm_corr_top1_rand11,f3,3
2022-10-01,442.5667383873705,234,gbm_corr_top1_rand11,f3,3
2022-11-01,407.0457740191953,234,gbm_corr_top1_rand11,f3,3
2022-12-01,320.6811489993856,234,gbm_corr_top1_rand11,f3,3
2023-01-01,493.13731867726,234,gbm_corr_top1_rand11,f3,3
2023-02-01,363.7968792689552,234,gbm_corr_top1_rand11,f3,3
2023-03-01,429.86680899033706,234,gbm_corr_top1_rand11,f3,3
2023-04-01,478.9268182020684,234,gbm_corr_top1_rand11,f3,3
2023-05-01,551.9579771098346,234,gbm_corr_top1_rand11,f3,3
2023-06-01,665.7845927066584,234,gbm_corr_top1_rand11,f3,3
2023-07-01,441.9099519357385,234,gbm_corr_top1_rand11,f3,3
2023-08-01,349.7744763945563,234,gbm_corr_top1_rand11,f3,3
2023-09-01,494.5117615594811,234,gbm_corr_top1_rand11,f3,3
2023-10-01,373.3415365824933,234,gbm_corr_top1_rand11,f3,3
2023-11-01,475.12925535824525,234,gbm_corr_top1_rand11,f3,3
2022-07-01,247.79265724874583,234,mlp_corr_top1_rand11,f3,3
2022-08-01,392.33641980934357,234,mlp_corr_top1_rand11,f3,3
2022-09-01,466.1880941819944,234,mlp_corr_top1_rand11,f3,3
2022-10-01,441.9596958253406,234,mlp_corr_top1_rand11,f3,3
2022-11-01,406.9922642728585,234,mlp_corr_top1_rand11,f3,3
2022-12-01,317.0797479659083,234,mlp_corr_top1_rand11,f3,3
2023-01-01,491.89791652526054,234,mlp_corr_top1_rand11,f3,3
2023-02-01,358.9663773040575,234,mlp_corr_top1_rand11,f3,3
2023-03-01,430.8342057725428,234,mlp_corr_top1_rand11,f3,3
2023-04-01,482.4326821344525,234,mlp_corr_top1_rand11,f3,3
2023-05-01,558.15307762127,234,mlp_corr_top1_rand11,f3,3
2023-06-01,669.5655327665594,234,mlp_corr_top1_rand11,f3,3
2023-07-01,439.20358637873966,234,mlp_corr_top1_rand11,f3,3
2023-08-01,357.13663395147876,234,mlp_corr_top1_rand11,f3,3
2023-09-01,491.1962836081933,234,mlp_corr_top1_rand11,f3,3
2023-10-01,369.7629248239512,234,mlp_corr_top1_rand11,f3,3
2023-11-01,471.62684662852547,234,mlp_corr_top1_rand11,f3,3
2022-07-01,245.82836250326812,234,gbm_corr_top1_2hop_rand11,f3,3
2022-08-01,392.21117125881034,234,gbm_corr_top1_2hop_rand11,f3,3
2022-09-01,466.5625420861013,234,gbm_corr_top1_2hop_rand11,f3,3
2022-10-01,439.74597184088026,234,gbm_corr_top1_2hop_rand11,f3,3
2022-11-01,406.8962338527546,234,gbm_corr_top1_2hop_rand11,f3,3
2022-12-01,322.4909578355316,234,gbm_corr_top1_2hop_rand11,f3,3
2023-01-01,495.38535338302876,234,gbm_corr_top1_2hop_rand11,f3,3
2023-02-01,365.9226857270579,234,gbm_corr_top1_2hop_rand11,f3,3
2023-03-01,435.4544523440838,234,gbm_corr_top1_2hop_rand11,f3,3
2023-04-01,488.1383313479922,234,gbm_corr_top1_2hop_rand11,f3,3
2023-05-01,550.6081493540913,234,gbm_corr_top1_2hop_rand11,f3,3
2023-06-01,662.1687296707626,234,gbm_corr_top1_2hop_rand11,f3,3
2023-07-01,437.90758478417155,234,gbm_corr_top1_2hop_rand11,f3,3
2023-08-01,346.4747778670405,234,gbm_corr_top1_2hop_rand11,f3,3
2023-09-01,493.58565467097304,234,gbm_corr_top1_2hop_rand11,f3,3
2023-10-01,375.5406725685406,234,gbm_corr_top1_2hop_rand11,f3,3
2023-11-01,475.899906098264,234,gbm_corr_top1_2hop_rand11,f3,3
2022-07-01,246.55629595342748,234,gbm_corr_top1_rand12,f3,3
2022-08-01,391.60669327542985,234,gbm_corr_top1_rand12,f3,3
2022-09-01,469.49690549917074,234,gbm_corr_top1_rand12,f3,3
2022-10-01,442.579590674102,234,gbm_corr_top1_rand12,f3,3
2022-11-01,402.9243570688021,234,gbm_corr_top1_rand12,f3,3
2022-12-01,318.05092616897264,234,gbm_corr_top1_rand12,f3,3
2023-01-01,498.6746120887456,234,gbm_corr_top1_rand12,f3,3
2023-02-01,365.76742658855693,234,gbm_corr_top1_rand12,f3,3
2023-03-01,437.9661320674436,234,gbm_corr_top1_rand12,f3,3
2023-04-01,487.71076386103823,234,gbm_corr_top1_rand12,f3,3
2023-05-01,563.493653236728,234,gbm_corr_top1_rand12,f3,3
2023-06-01,666.9065458686724,234,gbm_corr_top1_rand12,f3,3
2023-07-01,444.9390620609319,234,gbm_corr_top1_rand12,f3,3
2023-08-01,352.51195638730746,234,gbm_corr_top1_rand12,f3,3
2023-09-01,488.3508078880307,234,gbm_corr_top1_rand12,f3,3
2023-10-01,374.7224128885802,234,gbm_corr_top1_rand12,f3,3
2023-11-01,475.47073318678855,234,gbm_corr_top1_rand12,f3,3
2022-07-01,246.68325443246005,234,mlp_corr_top1_rand12,f3,3
2022-08-01,393.03252261649186,234,mlp_corr_top1_rand12,f3,3
2022-09-01,466.9729008471061,234,mlp_corr_top1_rand12,f3,3
2022-10-01,444.4218447875314,234,mlp_corr_top1_rand12,f3,3
2022-11-01,411.34490221919066,234,mlp_corr_top1_rand12,f3,3
2022-12-01,322.6190628230614,234,mlp_corr_top1_rand12,f3,3
2023-01-01,498.2553239232468,234,mlp_corr_top1_rand12,f3,3
2023-02-01,364.4062558096616,234,mlp_corr_top1_rand12,f3,3
2023-03-01,431.9418374331163,234,mlp_corr_top1_rand12,f3,3
2023-04-01,480.9407621505865,234,mlp_corr_top1_rand12,f3,3
2023-05-01,564.7068122867933,234,mlp_corr_top1_rand12,f3,3
2023-06-01,670.6070233532323,234,mlp_corr_top1_rand12,f3,3
2023-07-01,443.0947179151194,234,mlp_corr_top1_rand12,f3,3
2023-08-01,354.7239737972397,234,mlp_corr_top1_rand12,f3,3
2023-09-01,490.3278628524173,234,mlp_corr_top1_rand12,f3,3
2023-10-01,369.6305615684991,234,mlp_corr_top1_rand12,f3,3
2023-11-01,466.762782705703,234,mlp_corr_top1_rand12,f3,3
2022-07-01,241.12390193191382,234,gbm_corr_top1_2hop_rand12,f3,3
2022-08-01,391.76832565897695,234,gbm_corr_top1_2hop_rand12,f3,3
2022-09-01,469.40447021707104,234,gbm_corr_top1_2hop_rand12,f3,3
2022-10-01,440.58921817756556,234,gbm_corr_top1_2hop_rand12,f3,3
2022-11-01,398.15838181457406,234,gbm_corr_top1_2hop_rand12,f3,3
2022-12-01,320.23085052092466,234,gbm_corr_top1_2hop_rand12,f3,3
2023-01-01,502.0164793836783,234,gbm_corr_top1_2hop_rand12,f3,3
2023-02-01,366.5542017427564,234,gbm_corr_top1_2hop_rand12,f3,3
2023-03-01,430.28057215058635,234,gbm_corr_top1_2hop_rand12,f3,3
2023-04-01,485.24948718495716,234,gbm_corr_top1_2hop_rand12,f3,3
2023-05-01,563.4039730095126,234,gbm_corr_top1_2hop_rand12,f3,3
2023-06-01,665.6615282937912,234,gbm_corr_top1_2hop_rand12,f3,3
2023-07-01,462.9592538798527,234,gbm_corr_top1_2hop_rand12,f3,3
2023-08-01,355.06481887139324,234,gbm_corr_top1_2hop_rand12,f3,3
2023-09-01,499.04918426368266,234,gbm_corr_top1_2hop_rand12,f3,3
2023-10-01,370.37270482067305,234,gbm_corr_top1_2hop_rand12,f3,3
2023-11-01,472.79596722575525,234,gbm_corr_top1_2hop_rand12,f3,3
2022-07-01,245.53118291042378,234,gbm_corr_top1_rand13,f3,3
2022-08-01,390.2862140228113,234,gbm_corr_top1_rand13,f3,3
2022-09-01,461.97220326348025,234,gbm_corr_top1_rand13,f3,3
2022-10-01,444.2449929966609,234,gbm_corr_top1_rand13,f3,3
2022-11-01,404.8407965530411,234,gbm_corr_top1_rand13,f3,3
2022-12-01,315.31843724210836,234,gbm_corr_top1_rand13,f3,3
2023-01-01,495.8130156618386,234,gbm_corr_top1_rand13,f3,3
2023-02-01,367.49649235056285,234,gbm_corr_top1_rand13,f3,3
2023-03-01,438.20623566755836,234,gbm_corr_top1_rand13,f3,3
2023-04-01,480.2045160046203,234,gbm_corr_top1_rand13,f3,3
2023-05-01,559.0470109956879,234,gbm_corr_top1_rand13,f3,3
2023-06-01,660.780892794652,234,gbm_corr_top1_rand13,f3,3
2023-07-01,444.04548393695603,234,gbm_corr_top1_rand13,f3,3
2023-08-01,350.2537420811715,234,gbm_corr_top1_rand13,f3,3
2023-09-01,486.9993826050733,234,gbm_corr_top1_rand13,f3,3
2023-10-01,370.1906321612572,234,gbm_corr_top1_rand13,f3,3
2023-11-01,470.96027854691107,234,gbm_corr_top1_rand13,f3,3
2022-07-01,247.59797633774795,234,mlp_corr_top1_rand13,f3,3
2022-08-01,391.09833748386546,234,mlp_corr_top1_rand13,f3,3
2022-09-01,460.91787991182173,234,mlp_corr_top1_rand13,f3,3
2022-10-01,440.42037631830345,234,mlp_corr_top1_rand13,f3,3
2022-11-01,406.04106224676724,234,mlp_corr_top1_rand13,f3,3
2022-12-01,315.3093739040715,234,mlp_corr_top1_rand13,f3,3
2023-01-01,490.73481092685915,234,mlp_corr_top1_rand13,f3,3
2023-02-01,359.97751211831803,234,mlp_corr_top1_rand13,f3,3
2023-03-01,430.73616015407504,234,mlp_corr_top1_rand13,f3,3
2023-04-01,482.6776850282488,234,mlp_corr_top1_rand13,f3,3
2023-05-01,557.5615438881525,234,mlp_corr_top1_rand13,f3,3
2023-06-01,663.1943483620402,234,mlp_corr_top1_rand13,f3,3
2023-07-01,438.17184739832317,234,mlp_corr_top1_rand13,f3,3
2023-08-01,347.8391421984165,234,mlp_corr_top1_rand13,f3,3
2023-09-01,479.40046488165547,234,mlp_corr_top1_rand13,f3,3
2023-10-01,367.9611606239046,234,mlp_corr_top1_rand13,f3,3
2023-11-01,467.0042750314146,234,mlp_corr_top1_rand13,f3,3
2022-07-01,245.91592241929808,234,gbm_corr_top1_2hop_rand13,f3,3
2022-08-01,387.40468633353845,234,gbm_corr_top1_2hop_rand13,f3,3
2022-09-01,464.1681198596455,234,gbm_corr_top1_2hop_rand13,f3,3
2022-10-01,444.1129913489509,234,gbm_corr_top1_2hop_rand13,f3,3
2022-11-01,401.82222309929097,234,gbm_corr_top1_2hop_rand13,f3,3
2022-12-01,317.4769923995336,234,gbm_corr_top1_2hop_rand13,f3,3
2023-01-01,493.899203881094,234,gbm_corr_top1_2hop_rand13,f3,3
2023-02-01,363.572669898548,234,gbm_corr_top1_2hop_rand13,f3,3
2023-03-01,429.7847218194499,234,gbm_corr_top1_2hop_rand13,f3,3
2023-04-01,473.5016737716763,234,gbm_corr_top1_2hop_rand13,f3,3
2023-05-01,555.149934919034,234,gbm_corr_top1_2hop_rand13,f3,3
2023-06-01,663.7262657762564,234,gbm_corr_top1_2hop_rand13,f3,3
2023-07-01,442.44665664959996,234,gbm_corr_top1_2hop_rand13,f3,3
2023-08-01,351.10648318805676,234,gbm_corr_top1_2hop_rand13,f3,3
2023-09-01,491.01789157160516,234,gbm_corr_top1_2hop_rand13,f3,3
2023-10-01,376.7303961905127,234,gbm_corr_top1_2hop_rand13,f3,3
2023-11-01,475.2445729520722,234,gbm_corr_top1_2hop_rand13,f3,3
2022-07-01,248.7365195238428,234,gbm_corr_top1_rand14,f3,3
2022-08-01,397.0870055513001,234,gbm_corr_top1_rand14,f3,3
2022-09-01,467.96768582163156,234,gbm_corr_top1_rand14,f3,3
2022-10-01,443.4845206754313,234,gbm_corr_top1_rand14,f3,3
2022-11-01,406.06787130225433,234,gbm_corr_top1_rand14,f3,3
2022-12-01,317.13380005562817,234,gbm_corr_top1_rand14,f3,3
2023-01-01,491.57855188658135,234,gbm_corr_top1_rand14,f3,3
2023-02-01,363.4920353134378,234,gbm_corr_top1_rand14,f3,3
2023-03-01,436.91624246035906,234,gbm_corr_top1_rand14,f3,3
2023-04-01,485.7542258759937,234,gbm_corr_top1_rand14,f3,3
2023-05-01,564.5224822375943,234,gbm_corr_top1_rand14,f3,3
2023-06-01,664.8411194641345,234,gbm_corr_top1_rand14,f3,3
2023-07-01,444.9860944300421,234,gbm_corr_top1_rand14,f3,3
2023-08-01,350.9653167628292,234,gbm_corr_top1_rand14,f3,3
2023-09-01,490.4909651844518,234,gbm_corr_top1_rand14,f3,3
2023-10-01,366.52779148337765,234,gbm_corr_top1_rand14,f3,3
2023-11-01,466.8990969451524,234,gbm_corr_top1_rand14,f3,3
2022-07-01,248.63199751354213,234,mlp_corr_top1_rand14,f3,3
2022-08-01,395.35057632793956,234,mlp_corr_top1_rand14,f3,3
2022-09-01,466.0511151025397,234,mlp_corr_top1_rand14,f3,3
2022-10-01,442.6610401820795,234,mlp_corr_top1_rand14,f3,3
2022-11-01,409.152537088109,234,mlp_corr_top1_rand14,f3,3
2022-12-01,319.10502863372824,234,mlp_corr_top1_rand14,f3,3
2023-01-01,496.51228283532004,234,mlp_corr_top1_rand14,f3,3
2023-02-01,362.15202770910844,234,mlp_corr_top1_rand14,f3,3
2023-03-01,432.4677018009656,234,mlp_corr_top1_rand14,f3,3
2023-04-01,487.896521338792,234,mlp_corr_top1_rand14,f3,3
2023-05-01,567.3054401319088,234,mlp_corr_top1_rand14,f3,3
2023-06-01,669.065639486322,234,mlp_corr_top1_rand14,f3,3
2023-07-01,440.31829235675707,234,mlp_corr_top1_rand14,f3,3
2023-08-01,351.6923615914153,234,mlp_corr_top1_rand14,f3,3
2023-09-01,487.7066173341017,234,mlp_corr_top1_rand14,f3,3
2023-10-01,365.7637155657669,234,mlp_corr_top1_rand14,f3,3
2023-11-01,469.82500947405475,234,mlp_corr_top1_rand14,f3,3
2022-07-01,250.30090881395324,234,gbm_corr_top1_2hop_rand14,f3,3
2022-08-01,394.1194931276033,234,gbm_corr_top1_2hop_rand14,f3,3
2022-09-01,469.24321150574076,234,gbm_corr_top1_2hop_rand14,f3,3
2022-10-01,442.7710071494297,234,gbm_corr_top1_2hop_rand14,f3,3
2022-11-01,409.2552280080526,234,gbm_corr_top1_2hop_rand14,f3,3
2022-12-01,314.0457017082671,234,gbm_corr_top1_2hop_rand14,f3,3
2023-01-01,491.6149468876494,234,gbm_corr_top1_2hop_rand14,f3,3
2023-02-01,361.88357890466506,234,gbm_corr_top1_2hop_rand14,f3,3
2023-03-01,433.3785491517179,234,gbm_corr_top1_2hop_rand14,f3,3
2023-04-01,487.8956823942574,234,gbm_corr_top1_2hop_rand14,f3,3
2023-05-01,560.4528508481529,234,gbm_corr_top1_2hop_rand14,f3,3
2023-06-01,662.8815798314276,234,gbm_corr_top1_2hop_rand14,f3,3
2023-07-01,444.27515535059206,234,gbm_corr_top1_2hop_rand14,f3,3
2023-08-01,351.9380916656892,234,gbm_corr_top1_2hop_rand14,f3,3
2023-09-01,501.83387692898833,234,gbm_corr_top1_2hop_rand14,f3,3
2023-10-01,373.7277142661781,234,gbm_corr_top1_2hop_rand14,f3,3
2023-11-01,471.22950985978844,234,gbm_corr_top1_2hop_rand14,f3,3
2022-07-01,249.37236032331788,234,gbm_corr_top1_rand15,f3,3
2022-08-01,393.58015489982625,234,gbm_corr_top1_rand15,f3,3
2022-09-01,468.21980137878137,234,gbm_corr_top1_rand15,f3,3
2022-10-01,446.314481911549,234,gbm_corr_top1_rand15,f3,3
2022-11-01,403.94154609616965,234,gbm_corr_top1_rand15,f3,3
2022-12-01,318.54880027882234,234,gbm_corr_top1_rand15,f3,3
2023-01-01,498.0663724430096,234,gbm_corr_top1_rand15,f3,3
2023-02-01,366.4054612797301,234,gbm_corr_top1_rand15,f3,3
2023-03-01,433.9381049352627,234,gbm_corr_top1_rand15,f3,3
2023-04-01,488.16283306547604,234,gbm_corr_top1_rand15,f3,3
2023-05-01,568.2235452745431,234,gbm_corr_top1_rand15,f3,3
2023-06-01,663.1220738754812,234,gbm_corr_top1_rand15,f3,3
2023-07-01,443.87962209293653,234,gbm_corr_top1_rand15,f3,3
2023-08-01,343.40951719219373,234,gbm_corr_top1_rand15,f3,3
2023-09-01,486.60116149530967,234,gbm_corr_top1_rand15,f3,3
2023-10-01,373.90231481119156,234,gbm_corr_top1_rand15,f3,3
2023-11-01,469.6178487409158,234,gbm_corr_top1_rand15,f3,3
2022-07-01,246.77142722077718,234,mlp_corr_top1_rand15,f3,3
2022-08-01,392.4940721634265,234,mlp_corr_top1_rand15,f3,3
2022-09-01,465.0378995546048,234,mlp_corr_top1_rand15,f3,3
2022-10-01,443.0852874903614,234,mlp_corr_top1_rand15,f3,3
2022-11-01,407.5176385890469,234,mlp_corr_top1_rand15,f3,3
2022-12-01,317.9305323697795,234,mlp_corr_top1_rand15,f3,3
2023-01-01,497.03950879375645,234,mlp_corr_top1_rand15,f3,3
2023-02-01,364.7678185747381,234,mlp_corr_top1_rand15,f3,3
2023-03-01,431.44905183856747,234,mlp_corr_top1_rand15,f3,3
2023-04-01,482.25987571123613,234,mlp_corr_top1_rand15,f3,3
2023-05-01,560.3504749740673,234,mlp_corr_top1_rand15,f3,3
2023-06-01,668.0384907658366,234,mlp_corr_top1_rand15,f3,3
2023-07-01,440.0900360065272,234,mlp_corr_top1_rand15,f3,3
2023-08-01,348.73032312479705,234,mlp_corr_top1_rand15,f3,3
2023-09-01,480.4538691823122,234,mlp_corr_top1_rand15,f3,3
2023-10-01,371.97148111282985,234,mlp_corr_top1_rand15,f3,3
2023-11-01,466.31973888541427,234,mlp_corr_top1_rand15,f3,3
2022-07-01,252.60075719210303,234,gbm_corr_top1_2hop_rand15,f3,3
2022-08-01,397.1649182781843,234,gbm_corr_top1_2hop_rand15,f3,3
2022-09-01,466.66038933342696,234,gbm_corr_top1_2hop_rand15,f3,3
2022-10-01,442.9952025364083,234,gbm_corr_top1_2hop_rand15,f3,3
2022-11-01,405.9878800576652,234,gbm_corr_top1_2hop_rand15,f3,3
2022-12-01,317.39802375669046,234,gbm_corr_top1_2hop_rand15,f3,3
2023-01-01,500.2663022114141,234,gbm_corr_top1_2hop_rand15,f3,3
2023-02-01,366.06675362166794,234,gbm_corr_top1_2hop_rand15,f3,3
2023-03-01,430.2602996144858,234,gbm_corr_top1_2hop_rand15,f3,3
2023-04-01,488.599786705499,234,gbm_corr_top1_2hop_rand15,f3,3
2023-05-01,565.0049963621674,234,gbm_corr_top1_2hop_rand15,f3,3
2023-06-01,659.1668509495946,234,gbm_corr_top1_2hop_rand15,f3,3
2023-07-01,439.31793934157054,234,gbm_corr_top1_2hop_rand15,f3,3
2023-08-01,347.31791451420236,234,gbm_corr_top1_2hop_rand15,f3,3
2023-09-01,486.3824760242118,234,gbm_corr_top1_2hop_rand15,f3,3
2023-10-01,378.2375128612467,234,gbm_corr_top1_2hop_rand15,f3,3
2023-11-01,463.96127332630175,234,gbm_corr_top1_2hop_rand15,f3,3
2022-07-01,246.3751238837457,234,gbm_corr_top1_rand16,f3,3
2022-08-01,397.0030880185308,234,gbm_corr_top1_rand16,f3,3
2022-09-01,463.98547195038384,234,gbm_corr_top1_rand16,f3,3
2022-10-01,445.50546372849817,234,gbm_corr_top1_rand16,f3,3
2022-11-01,409.88608301413,234,gbm_corr_top1_rand16,f3,3
2022-12-01,314.8129271031818,234,gbm_corr_top1_rand16,f3,3
2023-01-01,491.6026764065779,234,gbm_corr_top1_rand16,f3,3
2023-02-01,359.51434429269847,234,gbm_corr_top1_rand16,f3,3
2023-03-01,433.88098194144516,234,gbm_corr_top1_rand16,f3,3
2023-04-01,479.95844435802695,234,gbm_corr_top1_rand16,f3,3
2023-05-01,559.6385719621279,234,gbm_corr_top1_rand16,f3,3
2023-06-01,661.2463812916782,234,gbm_corr_top1_rand16,f3,3
2023-07-01,440.64566701800203,234,gbm_corr_top1_rand16,f3,3
2023-08-01,346.1755890476225,234,gbm_corr_top1_rand16,f3,3
2023-09-01,483.56056378152,234,gbm_corr_top1_rand16,f3,3
2023-10-01,371.1871129589801,234,gbm_corr_top1_rand16,f3,3
2023-11-01,469.8062890291936,234,gbm_corr_top1_rand16,f3,3
2022-07-01,247.62957596868478,234,mlp_corr_top1_rand16,f3,3
2022-08-01,393.3592784770386,234,mlp_corr_top1_rand16,f3,3
2022-09-01,461.3879439337224,234,mlp_corr_top1_rand16,f3,3
2022-10-01,439.6499927440003,234,mlp_corr_top1_rand16,f3,3
2022-11-01,405.0635646047434,234,mlp_corr_top1_rand16,f3,3
2022-12-01,312.39979705326493,234,mlp_corr_top1_rand16,f3,3
2023-01-01,490.306753294925,234,mlp_corr_top1_rand16,f3,3
2023-02-01,360.62545638839043,234,mlp_corr_top1_rand16,f3,3
2023-03-01,434.1373093220117,234,mlp_corr_top1_rand16,f3,3
2023-04-01,482.2619215026903,234,mlp_corr_top1_rand16,f3,3
2023-05-01,555.3475234822436,234,mlp_corr_top1_rand16,f3,3
2023-06-01,661.0350758633978,234,mlp_corr_top1_rand16,f3,3
2023-07-01,437.5125746551152,234,mlp_corr_top1_rand16,f3,3
2023-08-01,348.97108551493073,234,mlp_corr_top1_rand16,f3,3
2023-09-01,482.17131813448134,234,mlp_corr_top1_rand16,f3,3
2023-10-01,371.0276119482537,234,mlp_corr_top1_rand16,f3,3
2023-11-01,468.20350346943775,234,mlp_corr_top1_rand16,f3,3
2022-07-01,247.04253510092636,234,gbm_corr_top1_2hop_rand16,f3,3
2022-08-01,397.5167694266449,234,gbm_corr_top1_2hop_rand16,f3,3
2022-09-01,463.8439408575798,234,gbm_corr_top1_2hop_rand16,f3,3
2022-10-01,443.4452661045233,234,gbm_corr_top1_2hop_rand16,f3,3
2022-11-01,406.9341102363686,234,gbm_corr_top1_2hop_rand16,f3,3
2022-12-01,314.14534446036475,234,gbm_corr_top1_2hop_rand16,f3,3
2023-01-01,489.92642946266926,234,gbm_corr_top1_2hop_rand16,f3,3
2023-02-01,360.59981502853213,234,gbm_corr_top1_2hop_rand16,f3,3
2023-03-01,434.57129496142517,234,gbm_corr_top1_2hop_rand16,f3,3
2023-04-01,482.94321125790964,234,gbm_corr_top1_2hop_rand16,f3,3
2023-05-01,566.9964042087678,234,gbm_corr_top1_2hop_rand16,f3,3
2023-06-01,656.585874123849,234,gbm_corr_top1_2hop_rand16,f3,3
2023-07-01,436.32329047831627,234,gbm_corr_top1_2hop_rand16,f3,3
2023-08-01,348.50245765748184,234,gbm_corr_top1_2hop_rand16,f3,3
2023-09-01,488.02508418498394,234,gbm_corr_top1_2hop_rand16,f3,3
2023-10-01,371.88918086063734,234,gbm_corr_top1_2hop_rand16,f3,3
2023-11-01,467.95704122738874,234,gbm_corr_top1_2hop_rand16,f3,3
2022-07-01,246.66433989215042,234,gbm_corr_top1_rand17,f3,3
2022-08-01,393.3201240838376,234,gbm_corr_top1_rand17,f3,3
2022-09-01,463.4293920312998,234,gbm_corr_top1_rand17,f3,3
2022-10-01,442.93524392170696,234,gbm_corr_top1_rand17,f3,3
2022-11-01,404.8148481569073,234,gbm_corr_top1_rand17,f3,3
2022-12-01,315.9725219536644,234,gbm_corr_top1_rand17,f3,3
2023-01-01,495.13248454599227,234,gbm_corr_top1_rand17,f3,3
2023-02-01,366.8193860207488,234,gbm_corr_top1_rand17,f3,3
2023-03-01,431.7209877672397,234,gbm_corr_top1_rand17,f3,3
2023-04-01,481.38671158257995,234,gbm_corr_top1_rand17,f3,3
2023-05-01,563.3147337767425,234,gbm_corr_top1_rand17,f3,3
2023-06-01,651.7175084623417,234,gbm_corr_top1_rand17,f3,3
2023-07-01,439.1383723391466,234,gbm_corr_top1_rand17,f3,3
2023-08-01,343.67747908965464,234,gbm_corr_top1_rand17,f3,3
2023-09-01,483.9896086737867,234,gbm_corr_top1_rand17,f3,3
2023-10-01,372.75403129034885,234,gbm_corr_top1_rand17,f3,3
2023-11-01,468.9152907500482,234,gbm_corr_top1_rand17,f3,3
2022-07-01,247.45672895476602,234,mlp_corr_top1_rand17,f3,3
2022-08-01,391.476647630392,234,mlp_corr_top1_rand17,f3,3
2022-09-01,462.36396646153327,234,mlp_corr_top1_rand17,f3,3
2022-10-01,438.2640126864301,234,mlp_corr_top1_rand17,f3,3
2022-11-01,408.2582366987726,234,mlp_corr_top1_rand17,f3,3
2022-12-01,312.8185992708867,234,mlp_corr_top1_rand17,f3,3
2023-01-01,483.21310914270714,234,mlp_corr_top1_rand17,f3,3
2023-02-01,363.1173357813038,234,mlp_corr_top1_rand17,f3,3
2023-03-01,433.7594825199696,234,mlp_corr_top1_rand17,f3,3
2023-04-01,484.6402468760837,234,mlp_corr_top1_rand17,f3,3
2023-05-01,555.8236836157841,234,mlp_corr_top1_rand17,f3,3
2023-06-01,662.9879992877713,234,mlp_corr_top1_rand17,f3,3
2023-07-01,433.91093845396483,234,mlp_corr_top1_rand17,f3,3
2023-08-01,348.0649349336342,234,mlp_corr_top1_rand17,f3,3
2023-09-01,474.56851238647556,234,mlp_corr_top1_rand17,f3,3
2023-10-01,366.0826718853567,234,mlp_corr_top1_rand17,f3,3
2023-11-01,467.55831661594453,234,mlp_corr_top1_rand17,f3,3
2022-07-01,243.60878293153473,234,gbm_corr_top1_2hop_rand17,f3,3
2022-08-01,393.3716360589854,234,gbm_corr_top1_2hop_rand17,f3,3
2022-09-01,460.5058241751485,234,gbm_corr_top1_2hop_rand17,f3,3
2022-10-01,438.5631476642513,234,gbm_corr_top1_2hop_rand17,f3,3
2022-11-01,406.35681664209244,234,gbm_corr_top1_2hop_rand17,f3,3
2022-12-01,314.56003778694884,234,gbm_corr_top1_2hop_rand17,f3,3
2023-01-01,490.0508170892188,234,gbm_corr_top1_2hop_rand17,f3,3
2023-02-01,364.62528091858735,234,gbm_corr_top1_2hop_rand17,f3,3
2023-03-01,434.78714624991426,234,gbm_corr_top1_2hop_rand17,f3,3
2023-04-01,483.75916160278865,234,gbm_corr_top1_2hop_rand17,f3,3
2023-05-01,563.7571336347048,234,gbm_corr_top1_2hop_rand17,f3,3
2023-06-01,647.8065895695129,234,gbm_corr_top1_2hop_rand17,f3,3
2023-07-01,439.1216445775946,234,gbm_corr_top1_2hop_rand17,f3,3
2023-08-01,339.5003047752781,234,gbm_corr_top1_2hop_rand17,f3,3
2023-09-01,482.5831807740515,234,gbm_corr_top1_2hop_rand17,f3,3
2023-10-01,371.4999020654292,234,gbm_corr_top1_2hop_rand17,f3,3
2023-11-01,468.5537232656545,234,gbm_corr_top1_2hop_rand17,f3,3
2022-07-01,248.38012456502258,234,gbm_corr_top1_rand18,f3,3
2022-08-01,391.60969506558786,234,gbm_corr_top1_rand18,f3,3
2022-09-01,462.4934793132176,234,gbm_corr_top1_rand18,f3,3
2022-10-01,439.2460394899124,234,gbm_corr_top1_rand18,f3,3
2022-11-01,405.85735361164495,234,gbm_corr_top1_rand18,f3,3
2022-12-01,318.399792099843,234,gbm_corr_top1_rand18,f3,3
2023-01-01,490.74629869587756,234,gbm_corr_top1_rand18,f3,3
2023-02-01,362.316547061983,234,gbm_corr_top1_rand18,f3,3
2023-03-01,434.92914329547625,234,gbm_corr_top1_rand18,f3,3
2023-04-01,480.668625981419,234,gbm_corr_top1_rand18,f3,3
2023-05-01,553.6149227899639,234,gbm_corr_top1_rand18,f3,3
2023-06-01,653.5413419822074,234,gbm_corr_top1_rand18,f3,3
2023-07-01,441.0955843924642,234,gbm_corr_top1_rand18,f3,3
2023-08-01,345.11490787991556,234,gbm_corr_top1_rand18,f3,3
2023-09-01,483.74819333314275,234,gbm_corr_top1_rand18,f3,3
2023-10-01,366.43475544124493,234,gbm_corr_top1_rand18,f3,3
2023-11-01,466.6963232077295,234,gbm_corr_top1_rand18,f3,3
2022-07-01,246.2182827496186,234,mlp_corr_top1_rand18,f3,3
2022-08-01,394.70884215758247,234,mlp_corr_top1_rand18,f3,3
2022-09-01,462.1984509483281,234,mlp_corr_top1_rand18,f3,3
2022-10-01,437.19959800739304,234,mlp_corr_top1_rand18,f3,3
2022-11-01,406.4303635796751,234,mlp_corr_top1_rand18,f3,3
2022-12-01,317.18059482623335,234,mlp_corr_top1_rand18,f3,3
2023-01-01,487.91138266781576,234,mlp_corr_top1_rand18,f3,3
2023-02-01,360.1663117311414,234,mlp_corr_top1_rand18,f3,3
2023-03-01,428.5363966230808,234,mlp_corr_top1_rand18,f3,3
2023-04-01,479.3824169146087,234,mlp_corr_top1_rand18,f3,3
2023-05-01,551.2387275699318,234,mlp_corr_top1_rand18,f3,3
2023-06-01,664.1981741258103,234,mlp_corr_top1_rand18,f3,3
2023-07-01,438.3525255113902,234,mlp_corr_top1_rand18,f3,3
2023-08-01,350.39734282468237,234,mlp_corr_top1_rand18,f3,3
2023-09-01,472.7907302733504,234,mlp_corr_top1_rand18,f3,3
2023-10-01,369.89178625813605,234,mlp_corr_top1_rand18,f3,3
2023-11-01,469.62666465094884,234,mlp_corr_top1_rand18,f3,3
2022-07-01,249.05644696546594,234,gbm_corr_top1_2hop_rand18,f3,3
2022-08-01,390.56752239717457,234,gbm_corr_top1_2hop_rand18,f3,3
2022-09-01,465.43876428516955,234,gbm_corr_top1_2hop_rand18,f3,3
2022-10-01,442.08558316939315,234,gbm_corr_top1_2hop_rand18,f3,3
2022-11-01,407.60018953321963,234,gbm_corr_top1_2hop_rand18,f3,3
2022-12-01,316.0323014607398,234,gbm_corr_top1_2hop_rand18,f3,3
2023-01-01,494.1492479206094,234,gbm_corr_top1_2hop_rand18,f3,3
2023-02-01,368.6639574175719,234,gbm_corr_top1_2hop_rand18,f3,3
2023-03-01,436.99197587007643,234,gbm_corr_top1_2hop_rand18,f3,3
2023-04-01,479.8953299082941,234,gbm_corr_top1_2hop_rand18,f3,3
2023-05-01,556.5818007950643,234,gbm_corr_top1_2hop_rand18,f3,3
2023-06-01,657.3233988225007,234,gbm_corr_top1_2hop_rand18,f3,3
2023-07-01,440.90704952071496,234,gbm_corr_top1_2hop_rand18,f3,3
2023-08-01,346.1305879102787,234,gbm_corr_top1_2hop_rand18,f3,3
2023-09-01,481.96369366610395,234,gbm_corr_top1_2hop_rand18,f3,3
2023-10-01,365.23433339529714,234,gbm_corr_top1_2hop_rand18,f3,3
2023-11-01,470.80898128069754,234,gbm_corr_top1_2hop_rand18,f3,3
2022-07-01,250.28041525706666,234,gbm_corr_top1_rand19,f3,3
2022-08-01,393.618267373321,234,gbm_corr_top1_rand19,f3,3
2022-09-01,461.3408360665045,234,gbm_corr_top1_rand19,f3,3
2022-10-01,442.52510272457704,234,gbm_corr_top1_rand19,f3,3
2022-11-01,405.7881890486801,234,gbm_corr_top1_rand19,f3,3
2022-12-01,313.8601303187979,234,gbm_corr_top1_rand19,f3,3
2023-01-01,487.47673377562006,234,gbm_corr_top1_rand19,f3,3
2023-02-01,373.3244943578303,234,gbm_corr_top1_rand19,f3,3
2023-03-01,434.93424127530665,234,gbm_corr_top1_rand19,f3,3
2023-04-01,488.8768196521503,234,gbm_corr_top1_rand19,f3,3
2023-05-01,548.9844769188065,234,gbm_corr_top1_rand19,f3,3
2023-06-01,663.3678975285021,234,gbm_corr_top1_rand19,f3,3
2023-07-01,445.8674505174997,234,gbm_corr_top1_rand19,f3,3
2023-08-01,348.154601694899,234,gbm_corr_top1_rand19,f3,3
2023-09-01,488.4324063972158,234,gbm_corr_top1_rand19,f3,3
2023-10-01,373.67662333830367,234,gbm_corr_top1_rand19,f3,3
2023-11-01,466.35634088540553,234,gbm_corr_top1_rand19,f3,3
2022-07-01,248.56398690801876,234,mlp_corr_top1_rand19,f3,3
2022-08-01,394.8690790857309,234,mlp_corr_top1_rand19,f3,3
2022-09-01,464.3045497786358,234,mlp_corr_top1_rand19,f3,3
2022-10-01,445.5225196605287,234,mlp_corr_top1_rand19,f3,3
2022-11-01,412.5121349931459,234,mlp_corr_top1_rand19,f3,3
2022-12-01,319.129750467049,234,mlp_corr_top1_rand19,f3,3
2023-01-01,496.04353596948687,234,mlp_corr_top1_rand19,f3,3
2023-02-01,363.929306447393,234,mlp_corr_top1_rand19,f3,3
2023-03-01,431.978481394297,234,mlp_corr_top1_rand19,f3,3
2023-04-01,484.6740546561928,234,mlp_corr_top1_rand19,f3,3
2023-05-01,555.345297189292,234,mlp_corr_top1_rand19,f3,3
2023-06-01,665.2789897740447,234,mlp_corr_top1_rand19,f3,3
2023-07-01,439.35834133514675,234,mlp_corr_top1_rand19,f3,3
2023-08-01,352.9950290244112,234,mlp_corr_top1_rand19,f3,3
2023-09-01,480.5568499267871,234,mlp_corr_top1_rand19,f3,3
2023-10-01,369.50752920134664,234,mlp_corr_top1_rand19,f3,3
2023-11-01,470.31842561524905,234,mlp_corr_top1_rand19,f3,3
2022-07-01,249.89937240749023,234,gbm_corr_top1_2hop_rand19,f3,3
2022-08-01,392.29334043792306,234,gbm_corr_top1_2hop_rand19,f3,3
2022-09-01,463.9943896747673,234,gbm_corr_top1_2hop_rand19,f3,3
2022-10-01,440.6596784362815,234,gbm_corr_top1_2hop_rand19,f3,3
2022-11-01,407.2839864156906,234,gbm_corr_top1_2hop_rand19,f3,3
2022-12-01,312.9315582608834,234,gbm_corr_top1_2hop_rand19,f3,3
2023-01-01,494.8548702810056,234,gbm_corr_top1_2hop_rand19,f3,3
2023-02-01,371.12551896957615,234,gbm_corr_top1_2hop_rand19,f3,3
2023-03-01,435.80362449017565,234,gbm_corr_top1_2hop_rand19,f3,3
2023-04-01,480.12915308303275,234,gbm_corr_top1_2hop_rand19,f3,3
2023-05-01,540.8925158763166,234,gbm_corr_top1_2hop_rand19,f3,3
2023-06-01,658.6083890188462,234,gbm_corr_top1_2hop_rand19,f3,3
2023-07-01,445.6507640699079,234,gbm_corr_top1_2hop_rand19,f3,3
2023-08-01,345.04214780263214,234,gbm_corr_top1_2hop_rand19,f3,3
2023-09-01,493.5965119543002,234,gbm_corr_top1_2hop_rand19,f3,3
2023-10-01,372.77585009764596,234,gbm_corr_top1_2hop_rand19,f3,3
2023-11-01,468.5912805591414,234,gbm_corr_top1_2hop_rand19,f3,3
2023-10-01,232.1317115502991,234,gbm_corr_top1_rand0,f4,1
2023-11-01,313.8183691260199,234,gbm_corr_top1_rand0,f4,1
2023-12-01,235.82259047147934,234,gbm_corr_top1_rand0,f4,1
2024-01-01,286.34405517775417,234,gbm_corr_top1_rand0,f4,1
2024-02-01,311.6362169516455,234,gbm_corr_top1_rand0,f4,1
2024-03-01,189.0524307486257,234,gbm_corr_top1_rand0,f4,1
2024-04-01,209.3307163631597,234,gbm_corr_top1_rand0,f4,1
2024-05-01,198.4002217022375,234,gbm_corr_top1_rand0,f4,1
2024-06-01,247.1941828478124,234,gbm_corr_top1_rand0,f4,1
2024-07-01,183.48258447938483,234,gbm_corr_top1_rand0,f4,1
2024-08-01,338.85307790378585,234,gbm_corr_top1_rand0,f4,1
2024-09-01,349.50812547937716,234,gbm_corr_top1_rand0,f4,1
2024-10-01,456.8229462346745,234,gbm_corr_top1_rand0,f4,1
2024-11-01,214.98303805281498,234,gbm_corr_top1_rand0,f4,1
2024-12-01,270.5183884116916,234,gbm_corr_top1_rand0,f4,1
2025-01-01,304.54034324966796,234,gbm_corr_top1_rand0,f4,1
2025-02-01,357.9018220797979,234,gbm_corr_top1_rand0,f4,1
2023-10-01,231.62788430095458,234,mlp_corr_top1_rand0,f4,1
2023-11-01,313.2117470259726,234,mlp_corr_top1_rand0,f4,1
2023-12-01,236.22199521598253,234,mlp_corr_top1_rand0,f4,1
2024-01-01,286.11831275446303,234,mlp_corr_top1_rand0,f4,1
2024-02-01,315.64031724808274,234,mlp_corr_top1_rand0,f4,1
2024-03-01,186.24816655122547,234,mlp_corr_top1_rand0,f4,1
2024-04-01,209.7601169138985,234,mlp_corr_top1_rand0,f4,1
2024-05-01,192.3138049359659,234,mlp_corr_top1_rand0,f4,1
2024-06-01,243.7000428471263,234,mlp_corr_top1_rand0,f4,1
2024-07-01,184.09844790424776,234,mlp_corr_top1_rand0,f4,1
2024-08-01,339.58114638001166,234,mlp_corr_top1_rand0,f4,1
2024-09-01,342.4526660874346,234,mlp_corr_top1_rand0,f4,1
2024-10-01,457.09022795935294,234,mlp_corr_top1_rand0,f4,1
2024-11-01,216.34828270893527,234,mlp_corr_top1_rand0,f4,1
2024-12-01,270.1913006055142,234,mlp_corr_top1_rand0,f4,1
2025-01-01,310.5012603784744,234,mlp_corr_top1_rand0,f4,1
2025-02-01,357.4084707191512,234,mlp_corr_top1_rand0,f4,1
2023-10-01,231.91570515680502,234,gbm_corr_top1_2hop_rand0,f4,1
2023-11-01,314.00696682705393,234,gbm_corr_top1_2hop_rand0,f4,1
2023-12-01,235.83354685734213,234,gbm_corr_top1_2hop_rand0,f4,1
2024-01-01,286.15109917695924,234,gbm_corr_top1_2hop_rand0,f4,1
2024-02-01,314.1527394994674,234,gbm_corr_top1_2hop_rand0,f4,1
2024-03-01,189.69247219984814,234,gbm_corr_top1_2hop_rand0,f4,1
2024-04-01,210.2165777111696,234,gbm_corr_top1_2hop_rand0,f4,1
2024-05-01,196.36289221104192,234,gbm_corr_top1_2hop_rand0,f4,1
2024-06-01,247.01122890543667,234,gbm_corr_top1_2hop_rand0,f4,1
2024-07-01,184.1752233045144,234,gbm_corr_top1_2hop_rand0,f4,1
2024-08-01,338.6201724802353,234,gbm_corr_top1_2hop_rand0,f4,1
2024-09-01,347.3964473361864,234,gbm_corr_top1_2hop_rand0,f4,1
2024-10-01,453.42416056502526,234,gbm_corr_top1_2hop_rand0,f4,1
2024-11-01,209.6669490369153,234,gbm_corr_top1_2hop_rand0,f4,1
2024-12-01,270.11606445919233,234,gbm_corr_top1_2hop_rand0,f4,1
2025-01-01,309.3256314445951,234,gbm_corr_top1_2hop_rand0,f4,1
2025-02-01,354.5934925731342,234,gbm_corr_top1_2hop_rand0,f4,1
2023-10-01,228.73410229929044,234,gbm_corr_top1_rand1,f4,1
2023-11-01,314.4641141170949,234,gbm_corr_top1_rand1,f4,1
2023-12-01,235.76795940806645,234,gbm_corr_top1_rand1,f4,1
2024-01-01,284.0240536747403,234,gbm_corr_top1_rand1,f4,1
2024-02-01,311.75680487347046,234,gbm_corr_top1_rand1,f4,1
2024-03-01,186.78147236609544,234,gbm_corr_top1_rand1,f4,1
2024-04-01,203.92977402811562,234,gbm_corr_top1_rand1,f4,1
2024-05-01,189.55449489381235,234,gbm_corr_top1_rand1,f4,1
2024-06-01,246.54042455337913,234,gbm_corr_top1_rand1,f4,1
2024-07-01,183.2134657121205,234,gbm_corr_top1_rand1,f4,1
2024-08-01,334.98067515319394,234,gbm_corr_top1_rand1,f4,1
2024-09-01,345.0733355424752,234,gbm_corr_top1_rand1,f4,1
2024-10-01,445.52313774508366,234,gbm_corr_top1_rand1,f4,1
2024-11-01,210.19227819723392,234,gbm_corr_top1_rand1,f4,1
2024-12-01,267.49395971641104,234,gbm_corr_top1_rand1,f4,1
2025-01-01,307.9337387146455,234,gbm_corr_top1_rand1,f4,1
2025-02-01,363.11729063265676,234,gbm_corr_top1_rand1,f4,1
2023-10-01,232.86906378879516,234,mlp_corr_top1_rand1,f4,1
2023-11-01,313.72695604947387,234,mlp_corr_top1_rand1,f4,1
2023-12-01,238.13940214963776,234,mlp_corr_top1_rand1,f4,1
2024-01-01,287.557287878675,234,mlp_corr_top1_rand1,f4,1
2024-02-01,313.92141400678923,234,mlp_corr_top1_rand1,f4,1
2024-03-01,185.50691126468354,234,mlp_corr_top1_rand1,f4,1
2024-04-01,209.565145301518,234,mlp_corr_top1_rand1,f4,1
2024-05-01,193.88600048500754,234,mlp_corr_top1_rand1,f4,1
2024-06-01,244.80440352860498,234,mlp_corr_top1_rand1,f4,1
2024-07-01,182.2610671141172,234,mlp_corr_top1_rand1,f4,1
2024-08-01,337.5335168962499,234,mlp_corr_top1_rand1,f4,1
2024-09-01,343.9573930842466,234,mlp_corr_top1_rand1,f4,1
2024-10-01,453.54809623142404,234,mlp_corr_top1_rand1,f4,1
2024-11-01,216.71747696215232,234,mlp_corr_top1_rand1,f4,1
2024-12-01,270.7014265819374,234,mlp_corr_top1_rand1,f4,1
2025-01-01,308.3471467602737,234,mlp_corr_top1_rand1,f4,1
2025-02-01,359.17705771121757,234,mlp_corr_top1_rand1,f4,1
2023-10-01,231.260296763888,234,gbm_corr_top1_2hop_rand1,f4,1
2023-11-01,314.0501232364446,234,gbm_corr_top1_2hop_rand1,f4,1
2023-12-01,236.60482714937268,234,gbm_corr_top1_2hop_rand1,f4,1
2024-01-01,283.353195717939,234,gbm_corr_top1_2hop_rand1,f4,1
2024-02-01,313.5804147420147,234,gbm_corr_top1_2hop_rand1,f4,1
2024-03-01,187.62240874962612,234,gbm_corr_top1_2hop_rand1,f4,1
2024-04-01,205.90615409184912,234,gbm_corr_top1_2hop_rand1,f4,1
2024-05-01,190.76624946195926,234,gbm_corr_top1_2hop_rand1,f4,1
2024-06-01,246.76502596765593,234,gbm_corr_top1_2hop_rand1,f4,1
2024-07-01,181.7032108058221,234,gbm_corr_top1_2hop_rand1,f4,1
2024-08-01,334.33175586277724,234,gbm_corr_top1_2hop_rand1,f4,1
2024-09-01,345.3285098784986,234,gbm_corr_top1_2hop_rand1,f4,1
2024-10-01,450.0217800407945,234,gbm_corr_top1_2hop_rand1,f4,1
2024-11-01,211.22768269072657,234,gbm_corr_top1_2hop_rand1,f4,1
2024-12-01,266.8805400809925,234,gbm_corr_top1_2hop_rand1,f4,1
2025-01-01,308.9137615389176,234,gbm_corr_top1_2hop_rand1,f4,1
2025-02-01,361.5776913940853,234,gbm_corr_top1_2hop_rand1,f4,1
2023-10-01,234.46948184506806,234,gbm_corr_top1_rand2,f4,1
2023-11-01,312.5492958403514,234,gbm_corr_top1_rand2,f4,1
2023-12-01,240.71093724878588,234,gbm_corr_top1_rand2,f4,1
2024-01-01,283.3048678633171,234,gbm_corr_top1_rand2,f4,1
2024-02-01,307.8075827306043,234,gbm_corr_top1_rand2,f4,1
2024-03-01,189.6003569085011,234,gbm_corr_top1_rand2,f4,1
2024-04-01,207.34568331370568,234,gbm_corr_top1_rand2,f4,1
2024-05-01,194.0637861331546,234,gbm_corr_top1_rand2,f4,1
2024-06-01,244.9614823872051,234,gbm_corr_top1_rand2,f4,1
2024-07-01,181.5346382260416,234,gbm_corr_top1_rand2,f4,1
2024-08-01,337.0058338154569,234,gbm_corr_top1_rand2,f4,1
2024-09-01,345.8245242971444,234,gbm_corr_top1_rand2,f4,1
2024-10-01,441.37158809260103,234,gbm_corr_top1_rand2,f4,1
2024-11-01,211.10016228317747,234,gbm_corr_top1_rand2,f4,1
2024-12-01,270.9850441212877,234,gbm_corr_top1_rand2,f4,1
2025-01-01,306.20968663667725,234,gbm_corr_top1_rand2,f4,1
2025-02-01,349.0308394172896,234,gbm_corr_top1_rand2,f4,1
2023-10-01,232.1915796360323,234,mlp_corr_top1_rand2,f4,1
2023-11-01,312.41071799537764,234,mlp_corr_top1_rand2,f4,1
2023-12-01,236.9990947410358,234,mlp_corr_top1_rand2,f4,1
2024-01-01,284.64311901571693,234,mlp_corr_top1_rand2,f4,1
2024-02-01,307.5231576447798,234,mlp_corr_top1_rand2,f4,1
2024-03-01,186.3558575501939,234,mlp_corr_top1_rand2,f4,1
2024-04-01,206.99226002569657,234,mlp_corr_top1_rand2,f4,1
2024-05-01,189.3775997702448,234,mlp_corr_top1_rand2,f4,1
2024-06-01,241.80824350109944,234,mlp_corr_top1_rand2,f4,1
2024-07-01,182.04179683027374,234,mlp_corr_top1_rand2,f4,1
2024-08-01,334.02252350912784,234,mlp_corr_top1_rand2,f4,1
2024-09-01,342.1800121884598,234,mlp_corr_top1_rand2,f4,1
2024-10-01,446.9315775709486,234,mlp_corr_top1_rand2,f4,1
2024-11-01,210.36354820953542,234,mlp_corr_top1_rand2,f4,1
2024-12-01,265.64742419949033,234,mlp_corr_top1_rand2,f4,1
2025-01-01,304.23059338247043,234,mlp_corr_top1_rand2,f4,1
2025-02-01,356.1004524289123,234,mlp_corr_top1_rand2,f4,1
2023-10-01,234.07678785123537,234,gbm_corr_top1_2hop_rand2,f4,1
2023-11-01,311.4071021313633,234,gbm_corr_top1_2hop_rand2,f4,1
2023-12-01,237.9221721516275,234,gbm_corr_top1_2hop_rand2,f4,1
2024-01-01,281.6450524265433,234,gbm_corr_top1_2hop_rand2,f4,1
2024-02-01,309.529313016666,234,gbm_corr_top1_2hop_rand2,f4,1
2024-03-01,185.23320718579762,234,gbm_corr_top1_2hop_rand2,f4,1
2024-04-01,207.18614681687149,234,gbm_corr_top1_2hop_rand2,f4,1
2024-05-01,195.1094552571829,234,gbm_corr_top1_2hop_rand2,f4,1
2024-06-01,246.3604398636079,234,gbm_corr_top1_2hop_rand2,f4,1
2024-07-01,185.16508640262504,234,gbm_corr_top1_2hop_rand2,f4,1
2024-08-01,337.13778572642923,234,gbm_corr_top1_2hop_rand2,f4,1
2024-09-01,343.53255125244505,234,gbm_corr_top1_2hop_rand2,f4,1
2024-10-01,446.656488771251,234,gbm_corr_top1_2hop_rand2,f4,1
2024-11-01,215.37246776768106,234,gbm_corr_top1_2hop_rand2,f4,1
2024-12-01,269.7089896301686,234,gbm_corr_top1_2hop_rand2,f4,1
2025-01-01,305.69494127305455,234,gbm_corr_top1_2hop_rand2,f4,1
2025-02-01,352.13202332230634,234,gbm_corr_top1_2hop_rand2,f4,1
2023-10-01,231.30474268360132,234,gbm_corr_top1_rand3,f4,1
2023-11-01,311.7235010642174,234,gbm_corr_top1_rand3,f4,1
2023-12-01,237.0281930471788,234,gbm_corr_top1_rand3,f4,1
2024-01-01,282.3908192127968,234,gbm_corr_top1_rand3,f4,1
2024-02-01,312.0703236216123,234,gbm_corr_top1_rand3,f4,1
2024-03-01,186.0615718189512,234,gbm_corr_top1_rand3,f4,1
2024-04-01,208.03143560090064,234,gbm_corr_top1_rand3,f4,1
2024-05-01,193.7460298019601,234,gbm_corr_top1_rand3,f4,1
2024-06-01,247.1859672656228,234,gbm_corr_top1_rand3,f4,1
2024-07-01,182.8905350017703,234,gbm_corr_top1_rand3,f4,1
2024-08-01,340.27024762829586,234,gbm_corr_top1_rand3,f4,1
2024-09-01,341.40739863235285,234,gbm_corr_top1_rand3,f4,1
2024-10-01,448.41033058981935,234,gbm_corr_top1_rand3,f4,1
2024-11-01,208.2190728643229,234,gbm_corr_top1_rand3,f4,1
2024-12-01,263.29817724969683,234,gbm_corr_top1_rand3,f4,1
2025-01-01,309.93890909100475,234,gbm_corr_top1_rand3,f4,1
2025-02-01,356.63647033255955,234,gbm_corr_top1_rand3,f4,1
2023-10-01,230.8917064882587,234,mlp_corr_top1_rand3,f4,1
2023-11-01,311.14654109628293,234,mlp_corr_top1_rand3,f4,1
2023-12-01,237.03843612560507,234,mlp_corr_top1_rand3,f4,1
2024-01-01,283.900094504637,234,mlp_corr_top1_rand3,f4,1
2024-02-01,311.3435102953339,234,mlp_corr_top1_rand3,f4,1
2024-03-01,185.2903335701476,234,mlp_corr_top1_rand3,f4,1
2024-04-01,203.1457914284642,234,mlp_corr_top1_rand3,f4,1
2024-05-01,192.13272027238276,234,mlp_corr_top1_rand3,f4,1
2024-06-01,245.87050375856757,234,mlp_corr_top1_rand3,f4,1
2024-07-01,183.01782209382367,234,mlp_corr_top1_rand3,f4,1
2024-08-01,338.61393978228216,234,mlp_corr_top1_rand3,f4,1
2024-09-01,342.0215689756194,234,mlp_corr_top1_rand3,f4,1
2024-10-01,450.0464204875987,234,mlp_corr_top1_rand3,f4,1
2024-11-01,209.75758859175244,234,mlp_corr_top1_rand3,f4,1
2024-12-01,268.17904655027445,234,mlp_corr_top1_rand3,f4,1
2025-01-01,306.4316455871003,234,mlp_corr_top1_rand3,f4,1
2025-02-01,358.5214794698147,234,mlp_corr_top1_rand3,f4,1
2023-10-01,230.46053495883694,234,gbm_corr_top1_2hop_rand3,f4,1
2023-11-01,311.9153354131506,234,gbm_corr_top1_2hop_rand3,f4,1
2023-12-01,232.80653259252304,234,gbm_corr_top1_2hop_rand3,f4,1
2024-01-01,281.72926350721445,234,gbm_corr_top1_2hop_rand3,f4,1
2024-02-01,313.9656774480011,234,gbm_corr_top1_2hop_rand3,f4,1
2024-03-01,186.1402795936921,234,gbm_corr_top1_2hop_rand3,f4,1
2024-04-01,207.04709450138307,234,gbm_corr_top1_2hop_rand3,f4,1
2024-05-01,194.82936448173342,234,gbm_corr_top1_2hop_rand3,f4,1
2024-06-01,245.88563507982693,234,gbm_corr_top1_2hop_rand3,f4,1
2024-07-01,182.39997191535215,234,gbm_corr_top1_2hop_rand3,f4,1
2024-08-01,338.07890821541406,234,gbm_corr_top1_2hop_rand3,f4,1
2024-09-01,342.4771084876195,234,gbm_corr_top1_2hop_rand3,f4,1
2024-10-01,453.84157990561073,234,gbm_corr_top1_2hop_rand3,f4,1
2024-11-01,211.47209860756865,234,gbm_corr_top1_2hop_rand3,f4,1
2024-12-01,261.77244891514556,234,gbm_corr_top1_2hop_rand3,f4,1
2025-01-01,308.4307836770221,234,gbm_corr_top1_2hop_rand3,f4,1
2025-02-01,355.1076045932905,234,gbm_corr_top1_2hop_rand3,f4,1
2023-10-01,231.9813837536039,234,gbm_corr_top1_rand4,f4,1
2023-11-01,313.92225922989974,234,gbm_corr_top1_rand4,f4,1
2023-12-01,237.54338040805146,234,gbm_corr_top1_rand4,f4,1
2024-01-01,282.40358693509995,234,gbm_corr_top1_rand4,f4,1
2024-02-01,308.7056664474553,234,gbm_corr_top1_rand4,f4,1
2024-03-01,188.50247408773802,234,gbm_corr_top1_rand4,f4,1
2024-04-01,204.5230930745261,234,gbm_corr_top1_rand4,f4,1
2024-05-01,194.65358316954192,234,gbm_corr_top1_rand4,f4,1
2024-06-01,245.0592763101171,234,gbm_corr_top1_rand4,f4,1
2024-07-01,183.21998987173106,234,gbm_corr_top1_rand4,f4,1
2024-08-01,339.4099937830518,234,gbm_corr_top1_rand4,f4,1
2024-09-01,342.0416982405544,234,gbm_corr_top1_rand4,f4,1
2024-10-01,450.72613442211815,234,gbm_corr_top1_rand4,f4,1
2024-11-01,212.29017721837022,234,gbm_corr_top1_rand4,f4,1
2024-12-01,269.6486530521764,234,gbm_corr_top1_rand4,f4,1
2025-01-01,306.1459441570931,234,gbm_corr_top1_rand4,f4,1
2025-02-01,358.4357816320194,234,gbm_corr_top1_rand4,f4,1
2023-10-01,233.62013419711556,234,mlp_corr_top1_rand4,f4,1
2023-11-01,312.43955433314954,234,mlp_corr_top1_rand4,f4,1
2023-12-01,239.39811861431627,234,mlp_corr_top1_rand4,f4,1
2024-01-01,287.8891496380552,234,mlp_corr_top1_rand4,f4,1
2024-02-01,309.75223801279947,234,mlp_corr_top1_rand4,f4,1
2024-03-01,188.86772731698193,234,mlp_corr_top1_rand4,f4,1
2024-04-01,209.69615638078616,234,mlp_corr_top1_rand4,f4,1
2024-05-01,192.52222071533603,234,mlp_corr_top1_rand4,f4,1
2024-06-01,242.55890428034792,234,mlp_corr_top1_rand4,f4,1
2024-07-01,181.52773553775305,234,mlp_corr_top1_rand4,f4,1
2024-08-01,338.41645735536036,234,mlp_corr_top1_rand4,f4,1
2024-09-01,341.79586238394626,234,mlp_corr_top1_rand4,f4,1
2024-10-01,453.54720046725436,234,mlp_corr_top1_rand4,f4,1
2024-11-01,212.29339007522321,234,mlp_corr_top1_rand4,f4,1
2024-12-01,271.4354755019835,234,mlp_corr_top1_rand4,f4,1
2025-01-01,307.4129979734742,234,mlp_corr_top1_rand4,f4,1
2025-02-01,360.1056991658607,234,mlp_corr_top1_rand4,f4,1
2023-10-01,230.31118720429265,234,gbm_corr_top1_2hop_rand4,f4,1
2023-11-01,312.0236864599254,234,gbm_corr_top1_2hop_rand4,f4,1
2023-12-01,237.56424985371183,234,gbm_corr_top1_2hop_rand4,f4,1
2024-01-01,284.48926538793916,234,gbm_corr_top1_2hop_rand4,f4,1
2024-02-01,309.2880368011186,234,gbm_corr_top1_2hop_rand4,f4,1
2024-03-01,188.24932034576864,234,gbm_corr_top1_2hop_rand4,f4,1
2024-04-01,206.18483626451948,234,gbm_corr_top1_2hop_rand4,f4,1
2024-05-01,197.6598150629619,234,gbm_corr_top1_2hop_rand4,f4,1
2024-06-01,243.8134232584592,234,gbm_corr_top1_2hop_rand4,f4,1
2024-07-01,185.23778573553554,234,gbm_corr_top1_2hop_rand4,f4,1
2024-08-01,344.4931309728104,234,gbm_corr_top1_2hop_rand4,f4,1
2024-09-01,341.1708525668757,234,gbm_corr_top1_2hop_rand4,f4,1
2024-10-01,451.7979178480293,234,gbm_corr_top1_2hop_rand4,f4,1
2024-11-01,211.32082457760615,234,gbm_corr_top1_2hop_rand4,f4,1
2024-12-01,266.6607850767609,234,gbm_corr_top1_2hop_rand4,f4,1
2025-01-01,308.90411507556433,234,gbm_corr_top1_2hop_rand4,f4,1
2025-02-01,360.567367109491,234,gbm_corr_top1_2hop_rand4,f4,1
2023-10-01,231.04573054428462,234,gbm_corr_top1_rand5,f4,1
2023-11-01,311.16503462897913,234,gbm_corr_top1_rand5,f4,1
2023-12-01,237.339919125161,234,gbm_corr_top1_rand5,f4,1
2024-01-01,283.3622155063224,234,gbm_corr_top1_rand5,f4,1
2024-02-01,313.93659517153924,234,gbm_corr_top1_rand5,f4,1
2024-03-01,187.65522598601524,234,gbm_corr_top1_rand5,f4,1
2024-04-01,210.62827154251497,234,gbm_corr_top1_rand5,f4,1
2024-05-01,195.15391196289306,234,gbm_corr_top1_rand5,f4,1
2024-06-01,247.16472015506685,234,gbm_corr_top1_rand5,f4,1
2024-07-01,183.40112322432245,234,gbm_corr_top1_rand5,f4,1
2024-08-01,338.92317152561594,234,gbm_corr_top1_rand5,f4,1
2024-09-01,347.2030468654676,234,gbm_corr_top1_rand5,f4,1
2024-10-01,454.1308613165165,234,gbm_corr_top1_rand5,f4,1
2024-11-01,207.37153624294373,234,gbm_corr_top1_rand5,f4,1
2024-12-01,273.76770383788187,234,gbm_corr_top1_rand5,f4,1
2025-01-01,312.30736025905173,234,gbm_corr_top1_rand5,f4,1
2025-02-01,368.108738995894,234,gbm_corr_top1_rand5,f4,1
2023-10-01,232.09053854133148,234,mlp_corr_top1_rand5,f4,1
2023-11-01,314.07448556682016,234,mlp_corr_top1_rand5,f4,1
2023-12-01,242.03888626318346,234,mlp_corr_top1_rand5,f4,1
2024-01-01,284.84414880485843,234,mlp_corr_top1_rand5,f4,1
2024-02-01,313.62442201271887,234,mlp_corr_top1_rand5,f4,1
2024-03-01,187.1118702263895,234,mlp_corr_top1_rand5,f4,1
2024-04-01,212.7934568944152,234,mlp_corr_top1_rand5,f4,1
2024-05-01,195.57499028713397,234,mlp_corr_top1_rand5,f4,1
2024-06-01,243.10277702231284,234,mlp_corr_top1_rand5,f4,1
2024-07-01,183.95031845526387,234,mlp_corr_top1_rand5,f4,1
2024-08-01,338.40845116969086,234,mlp_corr_top1_rand5,f4,1
2024-09-01,338.04761264405516,234,mlp_corr_top1_rand5,f4,1
2024-10-01,451.83790159070384,234,mlp_corr_top1_rand5,f4,1
2024-11-01,217.6116494532737,234,mlp_corr_top1_rand5,f4,1
2024-12-01,277.541075578895,234,mlp_corr_top1_rand5,f4,1
2025-01-01,310.56561855881796,234,mlp_corr_top1_rand5,f4,1
2025-02-01,362.76704659518043,234,mlp_corr_top1_rand5,f4,1
2023-10-01,232.82386858125253,234,gbm_corr_top1_2hop_rand5,f4,1
2023-11-01,312.7900891309648,234,gbm_corr_top1_2hop_rand5,f4,1
2023-12-01,238.33166773857027,234,gbm_corr_top1_2hop_rand5,f4,1
2024-01-01,283.32225977780627,234,gbm_corr_top1_2hop_rand5,f4,1
2024-02-01,310.4816708019072,234,gbm_corr_top1_2hop_rand5,f4,1
2024-03-01,185.81069354555657,234,gbm_corr_top1_2hop_rand5,f4,1
2024-04-01,207.99783317012358,234,gbm_corr_top1_2hop_rand5,f4,1
2024-05-01,194.44961702746295,234,gbm_corr_top1_2hop_rand5,f4,1
2024-06-01,246.3563785710527,234,gbm_corr_top1_2hop_rand5,f4,1
2024-07-01,184.47633989539375,234,gbm_corr_top1_2hop_rand5,f4,1
2024-08-01,338.295820218527,234,gbm_corr_top1_2hop_rand5,f4,1
2024-09-01,351.2802634127504,234,gbm_corr_top1_2hop_rand5,f4,1
2024-10-01,451.4653953069774,234,gbm_corr_top1_2hop_rand5,f4,1
2024-11-01,208.92477584629754,234,gbm_corr_top1_2hop_rand5,f4,1
2024-12-01,270.3520062991068,234,gbm_corr_top1_2hop_rand5,f4,1
2025-01-01,311.28345961768355,234,gbm_corr_top1_2hop_rand5,f4,1
2025-02-01,366.1760710569861,234,gbm_corr_top1_2hop_rand5,f4,1
2023-10-01,230.72854162567683,234,gbm_corr_top1_rand6,f4,1
2023-11-01,312.05426314973784,234,gbm_corr_top1_rand6,f4,1
2023-12-01,236.91233484999688,234,gbm_corr_top1_rand6,f4,1
2024-01-01,282.27475257660154,234,gbm_corr_top1_rand6,f4,1
2024-02-01,310.062563287958,234,gbm_corr_top1_rand6,f4,1
2024-03-01,189.49308920508025,234,gbm_corr_top1_rand6,f4,1
2024-04-01,208.0955196934518,234,gbm_corr_top1_rand6,f4,1
2024-05-01,191.9494053087253,234,gbm_corr_top1_rand6,f4,1
2024-06-01,246.1424834978515,234,gbm_corr_top1_rand6,f4,1
2024-07-01,181.4050780640027,234,gbm_corr_top1_rand6,f4,1
2024-08-01,338.5177586916374,234,gbm_corr_top1_rand6,f4,1
2024-09-01,345.72605057289303,234,gbm_corr_top1_rand6,f4,1
2024-10-01,448.7874490071971,234,gbm_corr_top1_rand6,f4,1
2024-11-01,207.98307230303917,234,gbm_corr_top1_rand6,f4,1
2024-12-01,264.9128574517925,234,gbm_corr_top1_rand6,f4,1
2025-01-01,308.4746347786666,234,gbm_corr_top1_rand6,f4,1
2025-02-01,358.85341637442167,234,gbm_corr_top1_rand6,f4,1
2023-10-01,232.0321036632209,234,mlp_corr_top1_rand6,f4,1
2023-11-01,310.69480150364535,234,mlp_corr_top1_rand6,f4,1
2023-12-01,236.28721734417374,234,mlp_corr_top1_rand6,f4,1
2024-01-01,285.28273036088075,234,mlp_corr_top1_rand6,f4,1
2024-02-01,311.6432792566557,234,mlp_corr_top1_rand6,f4,1
2024-03-01,186.99430444436217,234,mlp_corr_top1_rand6,f4,1
2024-04-01,206.31681021610902,234,mlp_corr_top1_rand6,f4,1
2024-05-01,195.21980347089726,234,mlp_corr_top1_rand6,f4,1
2024-06-01,247.451680329971,234,mlp_corr_top1_rand6,f4,1
2024-07-01,184.06808722126848,234,mlp_corr_top1_rand6,f4,1
2024-08-01,341.76348641784193,234,mlp_corr_top1_rand6,f4,1
2024-09-01,342.646243950732,234,mlp_corr_top1_rand6,f4,1
2024-10-01,455.7501194228962,234,mlp_corr_top1_rand6,f4,1
2024-11-01,211.2279374194748,234,mlp_corr_top1_rand6,f4,1
2024-12-01,270.2256583426667,234,mlp_corr_top1_rand6,f4,1
2025-01-01,308.4232416093156,234,mlp_corr_top1_rand6,f4,1
2025-02-01,358.5157118262461,234,mlp_corr_top1_rand6,f4,1
2023-10-01,231.59966276272343,234,gbm_corr_top1_2hop_rand6,f4,1
2023-11-01,313.28801946707614,234,gbm_corr_top1_2hop_rand6,f4,1
2023-12-01,232.99228232965805,234,gbm_corr_top1_2hop_rand6,f4,1
2024-01-01,282.3952173751569,234,gbm_corr_top1_2hop_rand6,f4,1
2024-02-01,311.1816856971632,234,gbm_corr_top1_2hop_rand6,f4,1
2024-03-01,188.0792715739158,234,gbm_corr_top1_2hop_rand6,f4,1
2024-04-01,210.43315049043417,234,gbm_corr_top1_2hop_rand6,f4,1
2024-05-01,196.24427966450486,234,gbm_corr_top1_2hop_rand6,f4,1
2024-06-01,247.60165958304862,234,gbm_corr_top1_2hop_rand6,f4,1
2024-07-01,181.92330590797368,234,gbm_corr_top1_2hop_rand6,f4,1
2024-08-01,335.6824409727602,234,gbm_corr_top1_2hop_rand6,f4,1
2024-09-01,346.8866002521471,234,gbm_corr_top1_2hop_rand6,f4,1
2024-10-01,451.5408128614297,234,gbm_corr_top1_2hop_rand6,f4,1
2024-11-01,208.50172820151622,234,gbm_corr_top1_2hop_rand6,f4,1
2024-12-01,263.24581347292735,234,gbm_corr_top1_2hop_rand6,f4,1
2025-01-01,307.2574684179564,234,gbm_corr_top1_2hop_rand6,f4,1
2025-02-01,360.4936603439275,234,gbm_corr_top1_2hop_rand6,f4,1
2023-10-01,231.65098229018457,234,gbm_corr_top1_rand7,f4,1
2023-11-01,312.66465801869674,234,gbm_corr_top1_rand7,f4,1
2023-12-01,236.62355817353904,234,gbm_corr_top1_rand7,f4,1
2024-01-01,279.3455190418382,234,gbm_corr_top1_rand7,f4,1
2024-02-01,311.06271817616323,234,gbm_corr_top1_rand7,f4,1
2024-03-01,189.98077178601687,234,gbm_corr_top1_rand7,f4,1
2024-04-01,207.6987122389102,234,gbm_corr_top1_rand7,f4,1
2024-05-01,194.07352215152454,234,gbm_corr_top1_rand7,f4,1
2024-06-01,246.03040358322968,234,gbm_corr_top1_rand7,f4,1
2024-07-01,184.20667524828156,234,gbm_corr_top1_rand7,f4,1
2024-08-01,337.7698172308918,234,gbm_corr_top1_rand7,f4,1
2024-09-01,346.08067326045125,234,gbm_corr_top1_rand7,f4,1
2024-10-01,454.180977984744,234,gbm_corr_top1_rand7,f4,1
2024-11-01,213.4018556372039,234,gbm_corr_top1_rand7,f4,1
2024-12-01,268.2807373607378,234,gbm_corr_top1_rand7,f4,1
2025-01-01,306.4819207886798,234,gbm_corr_top1_rand7,f4,1
2025-02-01,359.18001517266606,234,gbm_corr_top1_rand7,f4,1
2023-10-01,234.54147805828615,234,mlp_corr_top1_rand7,f4,1
2023-11-01,312.8882241809836,234,mlp_corr_top1_rand7,f4,1
2023-12-01,236.8278216604361,234,mlp_corr_top1_rand7,f4,1
2024-01-01,284.01283424427845,234,mlp_corr_top1_rand7,f4,1
2024-02-01,311.0454737398267,234,mlp_corr_top1_rand7,f4,1
2024-03-01,188.25666543114178,234,mlp_corr_top1_rand7,f4,1
2024-04-01,208.19628240513137,234,mlp_corr_top1_rand7,f4,1
2024-05-01,191.8498862667047,234,mlp_corr_top1_rand7,f4,1
2024-06-01,242.52262262196396,234,mlp_corr_top1_rand7,f4,1
2024-07-01,182.48207138030253,234,mlp_corr_top1_rand7,f4,1
2024-08-01,336.6916549632997,234,mlp_corr_top1_rand7,f4,1
2024-09-01,340.16351628403396,234,mlp_corr_top1_rand7,f4,1
2024-10-01,450.24022235374514,234,mlp_corr_top1_rand7,f4,1
2024-11-01,210.88767882425947,234,mlp_corr_top1_rand7,f4,1
2024-12-01,265.53123470313903,234,mlp_corr_top1_rand7,f4,1
2025-01-01,305.275434770797,234,mlp_corr_top1_rand7,f4,1
2025-02-01,356.9028948547436,234,mlp_corr_top1_rand7,f4,1
2023-10-01,232.49687612136248,234,gbm_corr_top1_2hop_rand7,f4,1
2023-11-01,312.45018817993747,234,gbm_corr_top1_2hop_rand7,f4,1
2023-12-01,236.16973767265753,234,gbm_corr_top1_2hop_rand7,f4,1
2024-01-01,282.059757768573,234,gbm_corr_top1_2hop_rand7,f4,1
2024-02-01,315.0294012731361,234,gbm_corr_top1_2hop_rand7,f4,1
2024-03-01,189.82077294520954,234,gbm_corr_top1_2hop_rand7,f4,1
2024-04-01,209.03296831057853,234,gbm_corr_top1_2hop_rand7,f4,1
2024-05-01,193.70643934887855,234,gbm_corr_top1_2hop_rand7,f4,1
2024-06-01,245.05252018722157,234,gbm_corr_top1_2hop_rand7,f4,1
2024-07-01,184.46754023117984,234,gbm_corr_top1_2hop_rand7,f4,1
2024-08-01,338.35408643594593,234,gbm_corr_top1_2hop_rand7,f4,1
2024-09-01,348.9793375929427,234,gbm_corr_top1_2hop_rand7,f4,1
2024-10-01,455.2429396151044,234,gbm_corr_top1_2hop_rand7,f4,1
2024-11-01,210.74325171659817,234,gbm_corr_top1_2hop_rand7,f4,1
2024-12-01,270.7169514385514,234,gbm_corr_top1_2hop_rand7,f4,1
2025-01-01,305.86490567853303,234,gbm_corr_top1_2hop_rand7,f4,1
2025-02-01,357.136612403299,234,gbm_corr_top1_2hop_rand7,f4,1
2023-10-01,231.98185202644802,234,gbm_corr_top1_rand8,f4,1
2023-11-01,313.0243901332625,234,gbm_corr_top1_rand8,f4,1
2023-12-01,234.91642887074156,234,gbm_corr_top1_rand8,f4,1
2024-01-01,278.89436444849974,234,gbm_corr_top1_rand8,f4,1
2024-02-01,310.09820920969145,234,gbm_corr_top1_rand8,f4,1
2024-03-01,185.69483949160474,234,gbm_corr_top1_rand8,f4,1
2024-04-01,211.8584981106609,234,gbm_corr_top1_rand8,f4,1
2024-05-01,191.65002397229298,234,gbm_corr_top1_rand8,f4,1
2024-06-01,247.84360750848543,234,gbm_corr_top1_rand8,f4,1
2024-07-01,183.82913483285094,234,gbm_corr_top1_rand8,f4,1
2024-08-01,336.2053570773455,234,gbm_corr_top1_rand8,f4,1
2024-09-01,344.0523182030926,234,gbm_corr_top1_rand8,f4,1
2024-10-01,445.62536710350224,234,gbm_corr_top1_rand8,f4,1
2024-11-01,214.33816172225605,234,gbm_corr_top1_rand8,f4,1
2024-12-01,264.46527839930263,234,gbm_corr_top1_rand8,f4,1
2025-01-01,310.6186154907893,234,gbm_corr_top1_rand8,f4,1
2025-02-01,357.38737345598776,234,gbm_corr_top1_rand8,f4,1
2023-10-01,232.18478063849426,234,mlp_corr_top1_rand8,f4,1
2023-11-01,310.9318237847394,234,mlp_corr_top1_rand8,f4,1
2023-12-01,236.5033425409949,234,mlp_corr_top1_rand8,f4,1
2024-01-01,279.65853473543746,234,mlp_corr_top1_rand8,f4,1
2024-02-01,307.8842103478341,234,mlp_corr_top1_rand8,f4,1
2024-03-01,184.90876639882515,234,mlp_corr_top1_rand8,f4,1
2024-04-01,205.31451201378695,234,mlp_corr_top1_rand8,f4,1
2024-05-01,191.62735055006587,234,mlp_corr_top1_rand8,f4,1
2024-06-01,243.26950002544885,234,mlp_corr_top1_rand8,f4,1
2024-07-01,182.39947826510246,234,mlp_corr_top1_rand8,f4,1
2024-08-01,333.6340336049174,234,mlp_corr_top1_rand8,f4,1
2024-09-01,339.6384037661072,234,mlp_corr_top1_rand8,f4,1
2024-10-01,443.31488429451093,234,mlp_corr_top1_rand8,f4,1
2024-11-01,206.88120946230597,234,mlp_corr_top1_rand8,f4,1
2024-12-01,261.13351037216046,234,mlp_corr_top1_rand8,f4,1
2025-01-01,303.1076988790894,234,mlp_corr_top1_rand8,f4,1
2025-02-01,355.5189365490453,234,mlp_corr_top1_rand8,f4,1
2023-10-01,231.87720240930082,234,gbm_corr_top1_2hop_rand8,f4,1
2023-11-01,310.5477700586157,234,gbm_corr_top1_2hop_rand8,f4,1
2023-12-01,235.26625557892265,234,gbm_corr_top1_2hop_rand8,f4,1
2024-01-01,282.656868076279,234,gbm_corr_top1_2hop_rand8,f4,1
2024-02-01,314.13297066756684,234,gbm_corr_top1_2hop_rand8,f4,1
2024-03-01,187.5194412978782,234,gbm_corr_top1_2hop_rand8,f4,1
2024-04-01,207.34597963655463,234,gbm_corr_top1_2hop_rand8,f4,1
2024-05-01,191.65972532214855,234,gbm_corr_top1_2hop_rand8,f4,1
2024-06-01,248.48557835582835,234,gbm_corr_top1_2hop_rand8,f4,1
2024-07-01,183.27294852351625,234,gbm_corr_top1_2hop_rand8,f4,1
2024-08-01,335.80519708030664,234,gbm_corr_top1_2hop_rand8,f4,1
2024-09-01,346.642186488898,234,gbm_corr_top1_2hop_rand8,f4,1
2024-10-01,449.6776811622885,234,gbm_corr_top1_2hop_rand8,f4,1
2024-11-01,213.69095216503467,234,gbm_corr_top1_2hop_rand8,f4,1
2024-12-01,263.1000262622406,234,gbm_corr_top1_2hop_rand8,f4,1
2025-01-01,307.2374417338837,234,gbm_corr_top1_2hop_rand8,f4,1
2025-02-01,357.14259003252636,234,gbm_corr_top1_2hop_rand8,f4,1
2023-10-01,232.86288931764156,234,gbm_corr_top1_rand9,f4,1
2023-11-01,312.29429826271877,234,gbm_corr_top1_rand9,f4,1
2023-12-01,238.94653890714068,234,gbm_corr_top1_rand9,f4,1
2024-01-01,281.55699854482714,234,gbm_corr_top1_rand9,f4,1
2024-02-01,310.06351861809287,234,gbm_corr_top1_rand9,f4,1
2024-03-01,187.72321982868584,234,gbm_corr_top1_rand9,f4,1
2024-04-01,207.88577360617694,234,gbm_corr_top1_rand9,f4,1
2024-05-01,192.3945428137514,234,gbm_corr_top1_rand9,f4,1
2024-06-01,248.88017313895003,234,gbm_corr_top1_rand9,f4,1
2024-07-01,179.49971624351852,234,gbm_corr_top1_rand9,f4,1
2024-08-01,335.8795837416697,234,gbm_corr_top1_rand9,f4,1
2024-09-01,345.7363028024876,234,gbm_corr_top1_rand9,f4,1
2024-10-01,445.73454643472536,234,gbm_corr_top1_rand9,f4,1
2024-11-01,208.3093477220541,234,gbm_corr_top1_rand9,f4,1
2024-12-01,271.4944437681516,234,gbm_corr_top1_rand9,f4,1
2025-01-01,304.0997421553055,234,gbm_corr_top1_rand9,f4,1
2025-02-01,356.49779314699555,234,gbm_corr_top1_rand9,f4,1
2023-10-01,232.25636026628737,234,mlp_corr_top1_rand9,f4,1
2023-11-01,311.94551182005904,234,mlp_corr_top1_rand9,f4,1
2023-12-01,237.15702982557818,234,mlp_corr_top1_rand9,f4,1
2024-01-01,285.99598331742504,234,mlp_corr_top1_rand9,f4,1
2024-02-01,312.27008745912826,234,mlp_corr_top1_rand9,f4,1
2024-03-01,186.02341512832564,234,mlp_corr_top1_rand9,f4,1
2024-04-01,209.66678593822755,234,mlp_corr_top1_rand9,f4,1
2024-05-01,196.1523128785746,234,mlp_corr_top1_rand9,f4,1
2024-06-01,244.97150141455066,234,mlp_corr_top1_rand9,f4,1
2024-07-01,184.22035147781588,234,mlp_corr_top1_rand9,f4,1
2024-08-01,340.2773103099411,234,mlp_corr_top1_rand9,f4,1
2024-09-01,340.23971522350803,234,mlp_corr_top1_rand9,f4,1
2024-10-01,458.95865752838694,234,mlp_corr_top1_rand9,f4,1
2024-11-01,215.92685609889148,234,mlp_corr_top1_rand9,f4,1
2024-12-01,272.8047593222484,234,mlp_corr_top1_rand9,f4,1
2025-01-01,309.2521629720077,234,mlp_corr_top1_rand9,f4,1
2025-02-01,356.4847972243649,234,mlp_corr_top1_rand9,f4,1
2023-10-01,233.1251906938255,234,gbm_corr_top1_2hop_rand9,f4,1
2023-11-01,313.0160486848722,234,gbm_corr_top1_2hop_rand9,f4,1
2023-12-01,237.1989708271849,234,gbm_corr_top1_2hop_rand9,f4,1
2024-01-01,282.3538367440793,234,gbm_corr_top1_2hop_rand9,f4,1
2024-02-01,311.7939821683203,234,gbm_corr_top1_2hop_rand9,f4,1
2024-03-01,189.13760330842337,234,gbm_corr_top1_2hop_rand9,f4,1
2024-04-01,208.28917059185585,234,gbm_corr_top1_2hop_rand9,f4,1
2024-05-01,197.87847755156312,234,gbm_corr_top1_2hop_rand9,f4,1
2024-06-01,249.50867226379575,234,gbm_corr_top1_2hop_rand9,f4,1
2024-07-01,183.67671879305084,234,gbm_corr_top1_2hop_rand9,f4,1
2024-08-01,335.03070505475847,234,gbm_corr_top1_2hop_rand9,f4,1
2024-09-01,352.3253441656187,234,gbm_corr_top1_2hop_rand9,f4,1
2024-10-01,446.2574421531454,234,gbm_corr_top1_2hop_rand9,f4,1
2024-11-01,212.3083670987462,234,gbm_corr_top1_2hop_rand9,f4,1
2024-12-01,270.5095326550489,234,gbm_corr_top1_2hop_rand9,f4,1
2025-01-01,307.8968188016179,234,gbm_corr_top1_2hop_rand9,f4,1
2025-02-01,356.4580206916817,234,gbm_corr_top1_2hop_rand9,f4,1
2023-10-01,229.3394587910493,234,gbm_corr_top1_rand10,f4,1
2023-11-01,311.17765113246685,234,gbm_corr_top1_rand10,f4,1
2023-12-01,236.01091935858625,234,gbm_corr_top1_rand10,f4,1
2024-01-01,282.88727671558036,234,gbm_corr_top1_rand10,f4,1
2024-02-01,312.06594388072796,234,gbm_corr_top1_rand10,f4,1
2024-03-01,186.63299546358695,234,gbm_corr_top1_rand10,f4,1
2024-04-01,202.52821798951493,234,gbm_corr_top1_rand10,f4,1
2024-05-01,194.9211696513806,234,gbm_corr_top1_rand10,f4,1
2024-06-01,249.18964114158268,234,gbm_corr_top1_rand10,f4,1
2024-07-01,182.5606963311825,234,gbm_corr_top1_rand10,f4,1
2024-08-01,331.56335473669577,234,gbm_corr_top1_rand10,f4,1
2024-09-01,347.89454832916687,234,gbm_corr_top1_rand10,f4,1
2024-10-01,449.7452567097938,234,gbm_corr_top1_rand10,f4,1
2024-11-01,212.76226978347256,234,gbm_corr_top1_rand10,f4,1
2024-12-01,273.71957788670613,234,gbm_corr_top1_rand10,f4,1
2025-01-01,307.0915862352464,234,gbm_corr_top1_rand10,f4,1
2025-02-01,356.8786575747109,234,gbm_corr_top1_rand10,f4,1
2023-10-01,231.6223396877638,234,mlp_corr_top1_rand10,f4,1
2023-11-01,312.25271398958415,234,mlp_corr_top1_rand10,f4,1
2023-12-01,238.0781962293701,234,mlp_corr_top1_rand10,f4,1
2024-01-01,286.387194416425,234,mlp_corr_top1_rand10,f4,1
2024-02-01,313.12076386247946,234,mlp_corr_top1_rand10,f4,1
2024-03-01,185.2279029516819,234,mlp_corr_top1_rand10,f4,1
2024-04-01,207.9914010468458,234,mlp_corr_top1_rand10,f4,1
2024-05-01,192.58077274962554,234,mlp_corr_top1_rand10,f4,1
2024-06-01,243.36911379668436,234,mlp_corr_top1_rand10,f4,1
2024-07-01,182.41389991801628,234,mlp_corr_top1_rand10,f4,1
2024-08-01,338.5087793819214,234,mlp_corr_top1_rand10,f4,1
2024-09-01,342.7290341920466,234,mlp_corr_top1_rand10,f4,1
2024-10-01,457.86621727390803,234,mlp_corr_top1_rand10,f4,1
2024-11-01,213.21940949481095,234,mlp_corr_top1_rand10,f4,1
2024-12-01,269.6492429485024,234,mlp_corr_top1_rand10,f4,1
2025-01-01,310.54585105548273,234,mlp_corr_top1_rand10,f4,1
2025-02-01,358.93632365823424,234,mlp_corr_top1_rand10,f4,1
2023-10-01,230.98424365465326,234,gbm_corr_top1_2hop_rand10,f4,1
2023-11-01,309.9394945706691,234,gbm_corr_top1_2hop_rand10,f4,1
2023-12-01,237.52489697289795,234,gbm_corr_top1_2hop_rand10,f4,1
2024-01-01,284.5615255581292,234,gbm_corr_top1_2hop_rand10,f4,1
2024-02-01,313.41735682077564,234,gbm_corr_top1_2hop_rand10,f4,1
2024-03-01,187.90976327675014,234,gbm_corr_top1_2hop_rand10,f4,1
2024-04-01,204.3621563815478,234,gbm_corr_top1_2hop_rand10,f4,1
2024-05-01,194.14184246490484,234,gbm_corr_top1_2hop_rand10,f4,1
2024-06-01,248.62864137604404,234,gbm_corr_top1_2hop_rand10,f4,1
2024-07-01,186.24939505084876,234,gbm_corr_top1_2hop_rand10,f4,1
2024-08-01,330.8855823870115,234,gbm_corr_top1_2hop_rand10,f4,1
2024-09-01,348.23365337004395,234,gbm_corr_top1_2hop_rand10,f4,1
2024-10-01,449.0223904126959,234,gbm_corr_top1_2hop_rand10,f4,1
2024-11-01,213.36082947771305,234,gbm_corr_top1_2hop_rand10,f4,1
2024-12-01,278.0940610539127,234,gbm_corr_top1_2hop_rand10,f4,1
2025-01-01,303.8129995857237,234,gbm_corr_top1_2hop_rand10,f4,1
2025-02-01,360.90488540405386,234,gbm_corr_top1_2hop_rand10,f4,1
2023-10-01,232.31407905744305,234,gbm_corr_top1_rand11,f4,1
2023-11-01,310.77032724064765,234,gbm_corr_top1_rand11,f4,1
2023-12-01,235.74512480869166,234,gbm_corr_top1_rand11,f4,1
2024-01-01,287.5055010086074,234,gbm_corr_top1_rand11,f4,1
2024-02-01,309.15226706855134,234,gbm_corr_top1_rand11,f4,1
2024-03-01,184.18260271061425,234,gbm_corr_top1_rand11,f4,1
2024-04-01,210.12828832243923,234,gbm_corr_top1_rand11,f4,1
2024-05-01,200.8610563149258,234,gbm_corr_top1_rand11,f4,1
2024-06-01,249.03963173869775,234,gbm_corr_top1_rand11,f4,1
2024-07-01,185.05850166675853,234,gbm_corr_top1_rand11,f4,1
2024-08-01,338.9056921785929,234,gbm_corr_top1_rand11,f4,1
2024-09-01,341.78808643215433,234,gbm_corr_top1_rand11,f4,1
2024-10-01,450.1049635972261,234,gbm_corr_top1_rand11,f4,1
2024-11-01,212.45488130287083,234,gbm_corr_top1_rand11,f4,1
2024-12-01,272.2845324792972,234,gbm_corr_top1_rand11,f4,1
2025-01-01,307.7570301174887,234,gbm_corr_top1_rand11,f4,1
2025-02-01,356.79044067361684,234,gbm_corr_top1_rand11,f4,1
2023-10-01,233.56695922977235,234,mlp_corr_top1_rand11,f4,1
2023-11-01,311.2759845275734,234,mlp_corr_top1_rand11,f4,1
2023-12-01,236.49877480094304,234,mlp_corr_top1_rand11,f4,1
2024-01-01,283.9865608897021,234,mlp_corr_top1_rand11,f4,1
2024-02-01,307.97264774363134,234,mlp_corr_top1_rand11,f4,1
2024-03-01,185.43211685349618,234,mlp_corr_top1_rand11,f4,1
2024-04-01,205.56569658836136,234,mlp_corr_top1_rand11,f4,1
2024-05-01,191.09015857491516,234,mlp_corr_top1_rand11,f4,1
2024-06-01,245.7728227471799,234,mlp_corr_top1_rand11,f4,1
2024-07-01,182.36711989466434,234,mlp_corr_top1_rand11,f4,1
2024-08-01,335.93664380988025,234,mlp_corr_top1_rand11,f4,1
2024-09-01,340.16767852426847,234,mlp_corr_top1_rand11,f4,1
2024-10-01,446.9957160178338,234,mlp_corr_top1_rand11,f4,1
2024-11-01,209.99526865908166,234,mlp_corr_top1_rand11,f4,1
2024-12-01,269.12098123282374,234,mlp_corr_top1_rand11,f4,1
2025-01-01,303.6138685671094,234,mlp_corr_top1_rand11,f4,1
2025-02-01,357.25542734415075,234,mlp_corr_top1_rand11,f4,1
2023-10-01,230.43622566868018,234,gbm_corr_top1_2hop_rand11,f4,1
2023-11-01,312.3537547965883,234,gbm_corr_top1_2hop_rand11,f4,1
2023-12-01,232.46069156931352,234,gbm_corr_top1_2hop_rand11,f4,1
2024-01-01,284.16480685741516,234,gbm_corr_top1_2hop_rand11,f4,1
2024-02-01,308.45165659813875,234,gbm_corr_top1_2hop_rand11,f4,1
2024-03-01,188.30671605905397,234,gbm_corr_top1_2hop_rand11,f4,1
2024-04-01,207.5204448552406,234,gbm_corr_top1_2hop_rand11,f4,1
2024-05-01,199.2069522466836,234,gbm_corr_top1_2hop_rand11,f4,1
2024-06-01,246.9499330204814,234,gbm_corr_top1_2hop_rand11,f4,1
2024-07-01,185.08937312599207,234,gbm_corr_top1_2hop_rand11,f4,1
2024-08-01,339.5091498316671,234,gbm_corr_top1_2hop_rand11,f4,1
2024-09-01,342.3998240565031,234,gbm_corr_top1_2hop_rand11,f4,1
2024-10-01,449.7602818845931,234,gbm_corr_top1_2hop_rand11,f4,1
2024-11-01,214.79229848930024,234,gbm_corr_top1_2hop_rand11,f4,1
2024-12-01,273.4805907823333,234,gbm_corr_top1_2hop_rand11,f4,1
2025-01-01,307.06126738069736,234,gbm_corr_top1_2hop_rand11,f4,1
2025-02-01,361.8282778303321,234,gbm_corr_top1_2hop_rand11,f4,1
2023-10-01,232.84983254945058,234,gbm_corr_top1_rand12,f4,1
2023-11-01,313.19236287098016,234,gbm_corr_top1_rand12,f4,1
2023-12-01,234.28781600107325,234,gbm_corr_top1_rand12,f4,1
2024-01-01,283.9689538509332,234,gbm_corr_top1_rand12,f4,1
2024-02-01,312.23221145484115,234,gbm_corr_top1_rand12,f4,1
2024-03-01,188.048510931984,234,gbm_corr_top1_rand12,f4,1
2024-04-01,208.58840199410307,234,gbm_corr_top1_rand12,f4,1
2024-05-01,191.50081584762955,234,gbm_corr_top1_rand12,f4,1
2024-06-01,245.81800940259453,234,gbm_corr_top1_rand12,f4,1
2024-07-01,184.11030621520254,234,gbm_corr_top1_rand12,f4,1
2024-08-01,337.9944826621513,234,gbm_corr_top1_rand12,f4,1
2024-09-01,344.82768542743645,234,gbm_corr_top1_rand12,f4,1
2024-10-01,450.4204401522444,234,gbm_corr_top1_rand12,f4,1
2024-11-01,211.4314477787654,234,gbm_corr_top1_rand12,f4,1
2024-12-01,271.1458370965399,234,gbm_corr_top1_rand12,f4,1
2025-01-01,308.64856133261503,234,gbm_corr_top1_rand12,f4,1
2025-02-01,355.14566173685085,234,gbm_corr_top1_rand12,f4,1
2023-10-01,231.6348818976361,234,mlp_corr_top1_rand12,f4,1
2023-11-01,310.8074745486711,234,mlp_corr_top1_rand12,f4,1
2023-12-01,236.77441853005945,234,mlp_corr_top1_rand12,f4,1
2024-01-01,282.9708522593402,234,mlp_corr_top1_rand12,f4,1
2024-02-01,311.4134210418913,234,mlp_corr_top1_rand12,f4,1
2024-03-01,184.65860616277703,234,mlp_corr_top1_rand12,f4,1
2024-04-01,207.25215660556344,234,mlp_corr_top1_rand12,f4,1
2024-05-01,195.30412308947862,234,mlp_corr_top1_rand12,f4,1
2024-06-01,246.6801812186404,234,mlp_corr_top1_rand12,f4,1
2024-07-01,184.3313683659684,234,mlp_corr_top1_rand12,f4,1
2024-08-01,339.87865122046566,234,mlp_corr_top1_rand12,f4,1
2024-09-01,341.04793220419754,234,mlp_corr_top1_rand12,f4,1
2024-10-01,454.1071132295896,234,mlp_corr_top1_rand12,f4,1
2024-11-01,214.04311418130453,234,mlp_corr_top1_rand12,f4,1
2024-12-01,269.5132345712785,234,mlp_corr_top1_rand12,f4,1
2025-01-01,308.6963621550971,234,mlp_corr_top1_rand12,f4,1
2025-02-01,358.27971897116277,234,mlp_corr_top1_rand12,f4,1
2023-10-01,236.59449444432343,234,gbm_corr_top1_2hop_rand12,f4,1
2023-11-01,313.1102961131635,234,gbm_corr_top1_2hop_rand12,f4,1
2023-12-01,236.37039072554293,234,gbm_corr_top1_2hop_rand12,f4,1
2024-01-01,283.7363872722877,234,gbm_corr_top1_2hop_rand12,f4,1
2024-02-01,310.41044745448227,234,gbm_corr_top1_2hop_rand12,f4,1
2024-03-01,191.43655630840777,234,gbm_corr_top1_2hop_rand12,f4,1
2024-04-01,206.5510463472179,234,gbm_corr_top1_2hop_rand12,f4,1
2024-05-01,189.01935090926855,234,gbm_corr_top1_2hop_rand12,f4,1
2024-06-01,247.20209315090932,234,gbm_corr_top1_2hop_rand12,f4,1
2024-07-01,181.02615545811202,234,gbm_corr_top1_2hop_rand12,f4,1
2024-08-01,336.9740676161433,234,gbm_corr_top1_2hop_rand12,f4,1
2024-09-01,342.7242811726386,234,gbm_corr_top1_2hop_rand12,f4,1
2024-10-01,454.28244108666354,234,gbm_corr_top1_2hop_rand12,f4,1
2024-11-01,211.98318540015725,234,gbm_corr_top1_2hop_rand12,f4,1
2024-12-01,269.0621945584692,234,gbm_corr_top1_2hop_rand12,f4,1
2025-01-01,306.3806615539404,234,gbm_corr_top1_2hop_rand12,f4,1
2025-02-01,355.5925892702309,234,gbm_corr_top1_2hop_rand12,f4,1
2023-10-01,231.24676922017,234,gbm_corr_top1_rand13,f4,1
2023-11-01,311.8971349620531,234,gbm_corr_top1_rand13,f4,1
2023-12-01,234.83347265310377,234,gbm_corr_top1_rand13,f4,1
2024-01-01,282.63706249353476,234,gbm_corr_top1_rand13,f4,1
2024-02-01,309.55550726679473,234,gbm_corr_top1_rand13,f4,1
2024-03-01,188.00827601827208,234,gbm_corr_top1_rand13,f4,1
2024-04-01,205.7278799453937,234,gbm_corr_top1_rand13,f4,1
2024-05-01,192.4131882095855,234,gbm_corr_top1_rand13,f4,1
2024-06-01,245.2238798899654,234,gbm_corr_top1_rand13,f4,1
2024-07-01,182.21000280443926,234,gbm_corr_top1_rand13,f4,1
2024-08-01,335.11087517787365,234,gbm_corr_top1_rand13,f4,1
2024-09-01,344.1582196053418,234,gbm_corr_top1_rand13,f4,1
2024-10-01,450.18253842846383,234,gbm_corr_top1_rand13,f4,1
2024-11-01,208.68871305850743,234,gbm_corr_top1_rand13,f4,1
2024-12-01,266.36136423654335,234,gbm_corr_top1_rand13,f4,1
2025-01-01,308.67830359244584,234,gbm_corr_top1_rand13,f4,1
2025-02-01,356.3503389137796,234,gbm_corr_top1_rand13,f4,1
2023-10-01,232.5002174873844,234,mlp_corr_top1_rand13,f4,1
2023-11-01,311.1387385348302,234,mlp_corr_top1_rand13,f4,1
2023-12-01,235.78150525071914,234,mlp_corr_top1_rand13,f4,1
2024-01-01,283.3798241973135,234,mlp_corr_top1_rand13,f4,1
2024-02-01,310.1624418161131,234,mlp_corr_top1_rand13,f4,1
2024-03-01,184.5124356171587,234,mlp_corr_top1_rand13,f4,1
2024-04-01,205.2622530378292,234,mlp_corr_top1_rand13,f4,1
2024-05-01,192.10020314587214,234,mlp_corr_top1_rand13,f4,1
2024-06-01,243.7548212879745,234,mlp_corr_top1_rand13,f4,1
2024-07-01,181.78912731814643,234,mlp_corr_top1_rand13,f4,1
2024-08-01,337.03531389540484,234,mlp_corr_top1_rand13,f4,1
2024-09-01,341.40350615048163,234,mlp_corr_top1_rand13,f4,1
2024-10-01,448.2903692823702,234,mlp_corr_top1_rand13,f4,1
2024-11-01,209.23108989537639,234,mlp_corr_top1_rand13,f4,1
2024-12-01,264.2818770943918,234,mlp_corr_top1_rand13,f4,1
2025-01-01,306.0212009052122,234,mlp_corr_top1_rand13,f4,1
2025-02-01,357.16299262016753,234,mlp_corr_top1_rand13,f4,1
2023-10-01,232.603234779388,234,gbm_corr_top1_2hop_rand13,f4,1
2023-11-01,311.76133272416104,234,gbm_corr_top1_2hop_rand13,f4,1
2023-12-01,234.529439159165,234,gbm_corr_top1_2hop_rand13,f4,1
2024-01-01,281.9086474176113,234,gbm_corr_top1_2hop_rand13,f4,1
2024-02-01,308.5579572062846,234,gbm_corr_top1_2hop_rand13,f4,1
2024-03-01,189.1228218418127,234,gbm_corr_top1_2hop_rand13,f4,1
2024-04-01,203.40918965670895,234,gbm_corr_top1_2hop_rand13,f4,1
2024-05-01,190.37877470458383,234,gbm_corr_top1_2hop_rand13,f4,1
2024-06-01,247.13509061716695,234,gbm_corr_top1_2hop_rand13,f4,1
2024-07-01,183.58315524419044,234,gbm_corr_top1_2hop_rand13,f4,1
2024-08-01,336.85348434200756,234,gbm_corr_top1_2hop_rand13,f4,1
2024-09-01,343.8640443133167,234,gbm_corr_top1_2hop_rand13,f4,1
2024-10-01,449.19468681693996,234,gbm_corr_top1_2hop_rand13,f4,1
2024-11-01,208.46761170372832,234,gbm_corr_top1_2hop_rand13,f4,1
2024-12-01,265.80285633228436,234,gbm_corr_top1_2hop_rand13,f4,1
2025-01-01,307.28815491727124,234,gbm_corr_top1_2hop_rand13,f4,1
2025-02-01,355.6673032751536,234,gbm_corr_top1_2hop_rand13,f4,1
2023-10-01,235.2710275093748,234,gbm_corr_top1_rand14,f4,1
2023-11-01,314.92616565312966,234,gbm_corr_top1_rand14,f4,1
2023-12-01,235.14499918921356,234,gbm_corr_top1_rand14,f4,1
2024-01-01,282.9360698906678,234,gbm_corr_top1_rand14,f4,1
2024-02-01,311.9053255624755,234,gbm_corr_top1_rand14,f4,1
2024-03-01,185.67600853131657,234,gbm_corr_top1_rand14,f4,1
2024-04-01,210.7242069070718,234,gbm_corr_top1_rand14,f4,1
2024-05-01,195.19335517118208,234,gbm_corr_top1_rand14,f4,1
2024-06-01,245.9133731189904,234,gbm_corr_top1_rand14,f4,1
2024-07-01,185.03978656287657,234,gbm_corr_top1_rand14,f4,1
2024-08-01,338.19233311180295,234,gbm_corr_top1_rand14,f4,1
2024-09-01,347.1885731664565,234,gbm_corr_top1_rand14,f4,1
2024-10-01,451.5100416292403,234,gbm_corr_top1_rand14,f4,1
2024-11-01,210.32072332741524,234,gbm_corr_top1_rand14,f4,1
2024-12-01,270.8659318825622,234,gbm_corr_top1_rand14,f4,1
2025-01-01,303.8420889795046,234,gbm_corr_top1_rand14,f4,1
2025-02-01,356.29802637657957,234,gbm_corr_top1_rand14,f4,1
2023-10-01,233.13519945439407,234,mlp_corr_top1_rand14,f4,1
2023-11-01,311.9211853170298,234,mlp_corr_top1_rand14,f4,1
2023-12-01,237.2947636098274,234,mlp_corr_top1_rand14,f4,1
2024-01-01,285.75309590709116,234,mlp_corr_top1_rand14,f4,1
2024-02-01,311.64847360977205,234,mlp_corr_top1_rand14,f4,1
2024-03-01,186.59393294064066,234,mlp_corr_top1_rand14,f4,1
2024-04-01,210.4233319347968,234,mlp_corr_top1_rand14,f4,1
2024-05-01,194.78740765815317,234,mlp_corr_top1_rand14,f4,1
2024-06-01,244.95441598057937,234,mlp_corr_top1_rand14,f4,1
2024-07-01,184.13536155805153,234,mlp_corr_top1_rand14,f4,1
2024-08-01,339.32989165544683,234,mlp_corr_top1_rand14,f4,1
2024-09-01,340.49681311442396,234,mlp_corr_top1_rand14,f4,1
2024-10-01,453.39052358638764,234,mlp_corr_top1_rand14,f4,1
2024-11-01,213.347308466043,234,mlp_corr_top1_rand14,f4,1
2024-12-01,271.9091168853278,234,mlp_corr_top1_rand14,f4,1
2025-01-01,310.8274988850622,234,mlp_corr_top1_rand14,f4,1
2025-02-01,360.12720670587436,234,mlp_corr_top1_rand14,f4,1
2023-10-01,234.1966591966317,234,gbm_corr_top1_2hop_rand14,f4,1
2023-11-01,315.5333103653986,234,gbm_corr_top1_2hop_rand14,f4,1
2023-12-01,236.7160268388868,234,gbm_corr_top1_2hop_rand14,f4,1
2024-01-01,283.1285687765968,234,gbm_corr_top1_2hop_rand14,f4,1
2024-02-01,312.78783201458197,234,gbm_corr_top1_2hop_rand14,f4,1
2024-03-01,186.5062876598786,234,gbm_corr_top1_2hop_rand14,f4,1
2024-04-01,208.50336587168195,234,gbm_corr_top1_2hop_rand14,f4,1
2024-05-01,195.4307317270469,234,gbm_corr_top1_2hop_rand14,f4,1
2024-06-01,243.64069132328447,234,gbm_corr_top1_2hop_rand14,f4,1
2024-07-01,184.13351509793608,234,gbm_corr_top1_2hop_rand14,f4,1
2024-08-01,334.7418605883597,234,gbm_corr_top1_2hop_rand14,f4,1
2024-09-01,349.546762914106,234,gbm_corr_top1_2hop_rand14,f4,1
2024-10-01,448.1931047781967,234,gbm_corr_top1_2hop_rand14,f4,1
2024-11-01,210.9444435497753,234,gbm_corr_top1_2hop_rand14,f4,1
2024-12-01,272.8688427684148,234,gbm_corr_top1_2hop_rand14,f4,1
2025-01-01,305.23489963334976,234,gbm_corr_top1_2hop_rand14,f4,1
2025-02-01,359.57464495358096,234,gbm_corr_top1_2hop_rand14,f4,1
2023-10-01,234.40661850154498,234,gbm_corr_top1_rand15,f4,1
2023-11-01,310.05076646137167,234,gbm_corr_top1_rand15,f4,1
2023-12-01,235.18625826660818,234,gbm_corr_top1_rand15,f4,1
2024-01-01,285.806842144832,234,gbm_corr_top1_rand15,f4,1
2024-02-01,314.85370459666416,234,gbm_corr_top1_rand15,f4,1
2024-03-01,188.40301374068594,234,gbm_corr_top1_rand15,f4,1
2024-04-01,218.99989241275983,234,gbm_corr_top1_rand15,f4,1
2024-05-01,197.34721859656153,234,gbm_corr_top1_rand15,f4,1
2024-06-01,248.57946720013976,234,gbm_corr_top1_rand15,f4,1
2024-07-01,186.2362322669406,234,gbm_corr_top1_rand15,f4,1
2024-08-01,342.7358291139876,234,gbm_corr_top1_rand15,f4,1
2024-09-01,347.5280210406819,234,gbm_corr_top1_rand15,f4,1
2024-10-01,453.29835082161895,234,gbm_corr_top1_rand15,f4,1
2024-11-01,208.99201315480897,234,gbm_corr_top1_rand15,f4,1
2024-12-01,272.3586570440626,234,gbm_corr_top1_rand15,f4,1
2025-01-01,310.167319109035,234,gbm_corr_top1_rand15,f4,1
2025-02-01,357.1376798514294,234,gbm_corr_top1_rand15,f4,1
2023-10-01,232.20513935842217,234,mlp_corr_top1_rand15,f4,1
2023-11-01,311.5563191062259,234,mlp_corr_top1_rand15,f4,1
2023-12-01,235.0025041111374,234,mlp_corr_top1_rand15,f4,1
2024-01-01,286.28425127967523,234,mlp_corr_top1_rand15,f4,1
2024-02-01,311.0601494437668,234,mlp_corr_top1_rand15,f4,1
2024-03-01,186.70692877621036,234,mlp_corr_top1_rand15,f4,1
2024-04-01,211.89526639520855,234,mlp_corr_top1_rand15,f4,1
2024-05-01,192.50275588356607,234,mlp_corr_top1_rand15,f4,1
2024-06-01,243.89429768844647,234,mlp_corr_top1_rand15,f4,1
2024-07-01,183.32120762995538,234,mlp_corr_top1_rand15,f4,1
2024-08-01,338.450013219925,234,mlp_corr_top1_rand15,f4,1
2024-09-01,340.6478503506263,234,mlp_corr_top1_rand15,f4,1
2024-10-01,450.0396556658553,234,mlp_corr_top1_rand15,f4,1
2024-11-01,214.10206437235067,234,mlp_corr_top1_rand15,f4,1
2024-12-01,269.5020254356896,234,mlp_corr_top1_rand15,f4,1
2025-01-01,308.236796290023,234,mlp_corr_top1_rand15,f4,1
2025-02-01,358.48966980786486,234,mlp_corr_top1_rand15,f4,1
2023-10-01,231.2208435170803,234,gbm_corr_top1_2hop_rand15,f4,1
2023-11-01,309.76605057965907,234,gbm_corr_top1_2hop_rand15,f4,1
2023-12-01,237.1142073966613,234,gbm_corr_top1_2hop_rand15,f4,1
2024-01-01,288.26692302477136,234,gbm_corr_top1_2hop_rand15,f4,1
2024-02-01,313.9267623093969,234,gbm_corr_top1_2hop_rand15,f4,1
2024-03-01,184.02084628848115,234,gbm_corr_top1_2hop_rand15,f4,1
2024-04-01,213.76224978648506,234,gbm_corr_top1_2hop_rand15,f4,1
2024-05-01,197.52763668648765,234,gbm_corr_top1_2hop_rand15,f4,1
2024-06-01,251.4587210686356,234,gbm_corr_top1_2hop_rand15,f4,1
2024-07-01,185.1137218436851,234,gbm_corr_top1_2hop_rand15,f4,1
2024-08-01,342.91385154311376,234,gbm_corr_top1_2hop_rand15,f4,1
2024-09-01,345.2486324526645,234,gbm_corr_top1_2hop_rand15,f4,1
2024-10-01,454.61875629593084,234,gbm_corr_top1_2hop_rand15,f4,1
2024-11-01,212.81144226995247,234,gbm_corr_top1_2hop_rand15,f4,1
2024-12-01,273.22396539598884,234,gbm_corr_top1_2hop_rand15,f4,1
2025-01-01,308.49483956544213,234,gbm_corr_top1_2hop_rand15,f4,1
2025-02-01,354.2411560042762,234,gbm_corr_top1_2hop_rand15,f4,1
2023-10-01,232.70616299890847,234,gbm_corr_top1_rand16,f4,1
2023-11-01,312.70086618136406,234,gbm_corr_top1_rand16,f4,1
2023-12-01,238.8265466368737,234,gbm_corr_top1_rand16,f4,1
2024-01-01,283.13269634564926,234,gbm_corr_top1_rand16,f4,1
2024-02-01,305.4150093081967,234,gbm_corr_top1_rand16,f4,1
2024-03-01,188.24718029603517,234,gbm_corr_top1_rand16,f4,1
2024-04-01,204.6685715108771,234,gbm_corr_top1_rand16,f4,1
2024-05-01,193.66967387861683,234,gbm_corr_top1_rand16,f4,1
2024-06-01,244.1884156255916,234,gbm_corr_top1_rand16,f4,1
2024-07-01,187.56873197155588,234,gbm_corr_top1_rand16,f4,1
2024-08-01,336.497916517814,234,gbm_corr_top1_rand16,f4,1
2024-09-01,343.5322785467941,234,gbm_corr_top1_rand16,f4,1
2024-10-01,447.10039943471156,234,gbm_corr_top1_rand16,f4,1
2024-11-01,209.16915961838717,234,gbm_corr_top1_rand16,f4,1
2024-12-01,270.1519535471096,234,gbm_corr_top1_rand16,f4,1
2025-01-01,306.7119956396226,234,gbm_corr_top1_rand16,f4,1
2025-02-01,356.100343627825,234,gbm_corr_top1_rand16,f4,1
2023-10-01,231.90233623096736,234,mlp_corr_top1_rand16,f4,1
2023-11-01,310.7728748495211,234,mlp_corr_top1_rand16,f4,1
2023-12-01,237.65511147570217,234,mlp_corr_top1_rand16,f4,1
2024-01-01,280.68603263095343,234,mlp_corr_top1_rand16,f4,1
2024-02-01,304.98497641878834,234,mlp_corr_top1_rand16,f4,1
2024-03-01,185.70652907584466,234,mlp_corr_top1_rand16,f4,1
2024-04-01,205.00331870635722,234,mlp_corr_top1_rand16,f4,1
2024-05-01,191.96428126936968,234,mlp_corr_top1_rand16,f4,1
2024-06-01,248.43788726393754,234,mlp_corr_top1_rand16,f4,1
2024-07-01,182.2805541922691,234,mlp_corr_top1_rand16,f4,1
2024-08-01,334.5514948194544,234,mlp_corr_top1_rand16,f4,1
2024-09-01,340.3738082351315,234,mlp_corr_top1_rand16,f4,1
2024-10-01,448.2338750748633,234,mlp_corr_top1_rand16,f4,1
2024-11-01,208.19443014350045,234,mlp_corr_top1_rand16,f4,1
2024-12-01,266.48728101906954,234,mlp_corr_top1_rand16,f4,1
2025-01-01,305.0431536832411,234,mlp_corr_top1_rand16,f4,1
2025-02-01,352.3928923665553,234,mlp_corr_top1_rand16,f4,1
2023-10-01,234.6205647516318,234,gbm_corr_top1_2hop_rand16,f4,1
2023-11-01,309.59842975379615,234,gbm_corr_top1_2hop_rand16,f4,1
2023-12-01,236.13743723435667,234,gbm_corr_top1_2hop_rand16,f4,1
2024-01-01,280.8312628809708,234,gbm_corr_top1_2hop_rand16,f4,1
2024-02-01,307.50087273661296,234,gbm_corr_top1_2hop_rand16,f4,1
2024-03-01,187.64711712633863,234,gbm_corr_top1_2hop_rand16,f4,1
2024-04-01,208.71770377252264,234,gbm_corr_top1_2hop_rand16,f4,1
2024-05-01,191.41460827819282,234,gbm_corr_top1_2hop_rand16,f4,1
2024-06-01,245.48681722838876,234,gbm_corr_top1_2hop_rand16,f4,1
2024-07-01,185.8313460394254,234,gbm_corr_top1_2hop_rand16,f4,1
2024-08-01,338.44596891670363,234,gbm_corr_top1_2hop_rand16,f4,1
2024-09-01,344.68816760028034,234,gbm_corr_top1_2hop_rand16,f4,1
2024-10-01,447.70659241745034,234,gbm_corr_top1_2hop_rand16,f4,1
2024-11-01,212.75973497223416,234,gbm_corr_top1_2hop_rand16,f4,1
2024-12-01,270.09718055766024,234,gbm_corr_top1_2hop_rand16,f4,1
2025-01-01,306.89977301771677,234,gbm_corr_top1_2hop_rand16,f4,1
2025-02-01,361.6654239011426,234,gbm_corr_top1_2hop_rand16,f4,1
2023-10-01,229.61431022819534,234,gbm_corr_top1_rand17,f4,1
2023-11-01,310.2109676213103,234,gbm_corr_top1_rand17,f4,1
2023-12-01,232.71246444347906,234,gbm_corr_top1_rand17,f4,1
2024-01-01,285.39044461842366,234,gbm_corr_top1_rand17,f4,1
2024-02-01,313.49802277612037,234,gbm_corr_top1_rand17,f4,1
2024-03-01,181.78634984447845,234,gbm_corr_top1_rand17,f4,1
2024-04-01,207.19972260052714,234,gbm_corr_top1_rand17,f4,1
2024-05-01,192.58421816343792,234,gbm_corr_top1_rand17,f4,1
2024-06-01,247.63124464562893,234,gbm_corr_top1_rand17,f4,1
2024-07-01,185.45773925816042,234,gbm_corr_top1_rand17,f4,1
2024-08-01,337.2457142891154,234,gbm_corr_top1_rand17,f4,1
2024-09-01,349.7440053910917,234,gbm_corr_top1_rand17,f4,1
2024-10-01,453.19594231155605,234,gbm_corr_top1_rand17,f4,1
2024-11-01,212.6810400520962,234,gbm_corr_top1_rand17,f4,1
2024-12-01,273.0504663690061,234,gbm_corr_top1_rand17,f4,1
2025-01-01,302.69990460067,234,gbm_corr_top1_rand17,f4,1
2025-02-01,358.8467959142152,234,gbm_corr_top1_rand17,f4,1
2023-10-01,232.16275570168938,234,mlp_corr_top1_rand17,f4,1
2023-11-01,311.34617638126247,234,mlp_corr_top1_rand17,f4,1
2023-12-01,236.4953512728009,234,mlp_corr_top1_rand17,f4,1
2024-01-01,287.1469198020506,234,mlp_corr_top1_rand17,f4,1
2024-02-01,314.9084596233677,234,mlp_corr_top1_rand17,f4,1
2024-03-01,184.40160480453054,234,mlp_corr_top1_rand17,f4,1
2024-04-01,210.28796113643216,234,mlp_corr_top1_rand17,f4,1
2024-05-01,195.54465579046794,234,mlp_corr_top1_rand17,f4,1
2024-06-01,246.2906502059719,234,mlp_corr_top1_rand17,f4,1
2024-07-01,185.18796667629655,234,mlp_corr_top1_rand17,f4,1
2024-08-01,339.56491398049934,234,mlp_corr_top1_rand17,f4,1
2024-09-01,343.09473693940794,234,mlp_corr_top1_rand17,f4,1
2024-10-01,459.74645610891616,234,mlp_corr_top1_rand17,f4,1
2024-11-01,216.62455794819047,234,mlp_corr_top1_rand17,f4,1
2024-12-01,275.18840328535276,234,mlp_corr_top1_rand17,f4,1
2025-01-01,312.04384853424153,234,mlp_corr_top1_rand17,f4,1
2025-02-01,360.86543012532843,234,mlp_corr_top1_rand17,f4,1
2023-10-01,230.51240047843493,234,gbm_corr_top1_2hop_rand17,f4,1
2023-11-01,310.5664909998866,234,gbm_corr_top1_2hop_rand17,f4,1
2023-12-01,234.66355339064435,234,gbm_corr_top1_2hop_rand17,f4,1
2024-01-01,286.43355151936464,234,gbm_corr_top1_2hop_rand17,f4,1
2024-02-01,310.4651292002698,234,gbm_corr_top1_2hop_rand17,f4,1
2024-03-01,184.4185722992922,234,gbm_corr_top1_2hop_rand17,f4,1
2024-04-01,205.97951125407036,234,gbm_corr_top1_2hop_rand17,f4,1
2024-05-01,188.51477422847577,234,gbm_corr_top1_2hop_rand17,f4,1
2024-06-01,245.64306890520328,234,gbm_corr_top1_2hop_rand17,f4,1
2024-07-01,185.9521474512,234,gbm_corr_top1_2hop_rand17,f4,1
2024-08-01,335.2408259405631,234,gbm_corr_top1_2hop_rand17,f4,1
2024-09-01,349.75716759940605,234,gbm_corr_top1_2hop_rand17,f4,1
2024-10-01,453.1220641447772,234,gbm_corr_top1_2hop_rand17,f4,1
2024-11-01,213.2561957136077,234,gbm_corr_top1_2hop_rand17,f4,1
2024-12-01,267.21399526714663,234,gbm_corr_top1_2hop_rand17,f4,1
2025-01-01,302.43794737637194,234,gbm_corr_top1_2hop_rand17,f4,1
2025-02-01,359.2945473284157,234,gbm_corr_top1_2hop_rand17,f4,1
2023-10-01,232.96420170128403,234,gbm_corr_top1_rand18,f4,1
2023-11-01,315.1149116506179,234,gbm_corr_top1_rand18,f4,1
2023-12-01,239.51202353631456,234,gbm_corr_top1_rand18,f4,1
2024-01-01,287.0515547777416,234,gbm_corr_top1_rand18,f4,1
2024-02-01,310.5071551243607,234,gbm_corr_top1_rand18,f4,1
2024-03-01,186.68394332635987,234,gbm_corr_top1_rand18,f4,1
2024-04-01,207.96937708909564,234,gbm_corr_top1_rand18,f4,1
2024-05-01,192.06189407982603,234,gbm_corr_top1_rand18,f4,1
2024-06-01,244.7616530459483,234,gbm_corr_top1_rand18,f4,1
2024-07-01,183.88819950996321,234,gbm_corr_top1_rand18,f4,1
2024-08-01,335.81332058567966,234,gbm_corr_top1_rand18,f4,1
2024-09-01,344.2708142215869,234,gbm_corr_top1_rand18,f4,1
2024-10-01,449.54914209326824,234,gbm_corr_top1_rand18,f4,1
2024-11-01,214.33692762365203,234,gbm_corr_top1_rand18,f4,1
2024-12-01,267.23754102199393,234,gbm_corr_top1_rand18,f4,1
2025-01-01,305.79815704925915,234,gbm_corr_top1_rand18,f4,1
2025-02-01,354.33850747909395,234,gbm_corr_top1_rand18,f4,1
2023-10-01,232.05004230079285,234,mlp_corr_top1_rand18,f4,1
2023-11-01,311.8493558734418,234,mlp_corr_top1_rand18,f4,1
2023-12-01,237.94590976639265,234,mlp_corr_top1_rand18,f4,1
2024-01-01,284.4044922805062,234,mlp_corr_top1_rand18,f4,1
2024-02-01,308.8854621567235,234,mlp_corr_top1_rand18,f4,1
2024-03-01,184.50103870792415,234,mlp_corr_top1_rand18,f4,1
2024-04-01,207.65920244777095,234,mlp_corr_top1_rand18,f4,1
2024-05-01,190.83222342156674,234,mlp_corr_top1_rand18,f4,1
2024-06-01,243.62503964616295,234,mlp_corr_top1_rand18,f4,1
2024-07-01,181.31357658755812,234,mlp_corr_top1_rand18,f4,1
2024-08-01,335.55452184372893,234,mlp_corr_top1_rand18,f4,1
2024-09-01,338.8028630125661,234,mlp_corr_top1_rand18,f4,1
2024-10-01,445.44769490945555,234,mlp_corr_top1_rand18,f4,1
2024-11-01,208.91881827466608,234,mlp_corr_top1_rand18,f4,1
2024-12-01,265.32776597069187,234,mlp_corr_top1_rand18,f4,1
2025-01-01,303.50028555505133,234,mlp_corr_top1_rand18,f4,1
2025-02-01,356.8726199779461,234,mlp_corr_top1_rand18,f4,1
2023-10-01,231.7754533558247,234,gbm_corr_top1_2hop_rand18,f4,1
2023-11-01,311.5751805043676,234,gbm_corr_top1_2hop_rand18,f4,1
2023-12-01,239.5536075971982,234,gbm_corr_top1_2hop_rand18,f4,1
2024-01-01,285.79298241242856,234,gbm_corr_top1_2hop_rand18,f4,1
2024-02-01,307.43858418310464,234,gbm_corr_top1_2hop_rand18,f4,1
2024-03-01,187.33700093368955,234,gbm_corr_top1_2hop_rand18,f4,1
2024-04-01,206.86361803379208,234,gbm_corr_top1_2hop_rand18,f4,1
2024-05-01,194.69613955212117,234,gbm_corr_top1_2hop_rand18,f4,1
2024-06-01,246.8285530292433,234,gbm_corr_top1_2hop_rand18,f4,1
2024-07-01,182.56917594116865,234,gbm_corr_top1_2hop_rand18,f4,1
2024-08-01,334.1464122803798,234,gbm_corr_top1_2hop_rand18,f4,1
2024-09-01,342.7407510225522,234,gbm_corr_top1_2hop_rand18,f4,1
2024-10-01,452.1192647947149,234,gbm_corr_top1_2hop_rand18,f4,1
2024-11-01,212.57723765162035,234,gbm_corr_top1_2hop_rand18,f4,1
2024-12-01,267.89621431692603,234,gbm_corr_top1_2hop_rand18,f4,1
2025-01-01,308.55389501819246,234,gbm_corr_top1_2hop_rand18,f4,1
2025-02-01,359.0204107368601,234,gbm_corr_top1_2hop_rand18,f4,1
2023-10-01,234.6364805351039,234,gbm_corr_top1_rand19,f4,1
2023-11-01,312.52240812196465,234,gbm_corr_top1_rand19,f4,1
2023-12-01,238.73459920276062,234,gbm_corr_top1_rand19,f4,1
2024-01-01,282.46530280594715,234,gbm_corr_top1_rand19,f4,1
2024-02-01,316.4016125777401,234,gbm_corr_top1_rand19,f4,1
2024-03-01,185.99719836587934,234,gbm_corr_top1_rand19,f4,1
2024-04-01,205.4560083564379,234,gbm_corr_top1_rand19,f4,1
2024-05-01,194.47378627398732,234,gbm_corr_top1_rand19,f4,1
2024-06-01,246.89409507126828,234,gbm_corr_top1_rand19,f4,1
2024-07-01,184.79171531150337,234,gbm_corr_top1_rand19,f4,1
2024-08-01,338.16394907129956,234,gbm_corr_top1_rand19,f4,1
2024-09-01,347.50557892310354,234,gbm_corr_top1_rand19,f4,1
2024-10-01,445.0628886674623,234,gbm_corr_top1_rand19,f4,1
2024-11-01,214.46614781211932,234,gbm_corr_top1_rand19,f4,1
2024-12-01,270.9270280091701,234,gbm_corr_top1_rand19,f4,1
2025-01-01,308.26387741140525,234,gbm_corr_top1_rand19,f4,1
2025-02-01,361.87885961666495,234,gbm_corr_top1_rand19,f4,1
2023-10-01,234.29301552605318,234,mlp_corr_top1_rand19,f4,1
2023-11-01,311.02931682016094,234,mlp_corr_top1_rand19,f4,1
2023-12-01,237.60454633985867,234,mlp_corr_top1_rand19,f4,1
2024-01-01,286.4333742325899,234,mlp_corr_top1_rand19,f4,1
2024-02-01,309.725566703565,234,mlp_corr_top1_rand19,f4,1
2024-03-01,186.34014988160467,234,mlp_corr_top1_rand19,f4,1
2024-04-01,209.0345166566022,234,mlp_corr_top1_rand19,f4,1
2024-05-01,192.45895268764366,234,mlp_corr_top1_rand19,f4,1
2024-06-01,242.33519992584277,234,mlp_corr_top1_rand19,f4,1
2024-07-01,183.90793208508825,234,mlp_corr_top1_rand19,f4,1
2024-08-01,336.99961736239374,234,mlp_corr_top1_rand19,f4,1
2024-09-01,341.3170554299383,234,mlp_corr_top1_rand19,f4,1
2024-10-01,448.0981231943956,234,mlp_corr_top1_rand19,f4,1
2024-11-01,212.13217054601134,234,mlp_corr_top1_rand19,f4,1
2024-12-01,266.9174074033832,234,mlp_corr_top1_rand19,f4,1
2025-01-01,311.3561734738313,234,mlp_corr_top1_rand19,f4,1
2025-02-01,359.8536913416997,234,mlp_corr_top1_rand19,f4,1
2023-10-01,233.20319141463753,234,gbm_corr_top1_2hop_rand19,f4,1
2023-11-01,312.44787975141463,234,gbm_corr_top1_2hop_rand19,f4,1
2023-12-01,235.25747032382188,234,gbm_corr_top1_2hop_rand19,f4,1
2024-01-01,284.7904945730247,234,gbm_corr_top1_2hop_rand19,f4,1
2024-02-01,315.39755068339247,234,gbm_corr_top1_2hop_rand19,f4,1
2024-03-01,189.3490069902207,234,gbm_corr_top1_2hop_rand19,f4,1
2024-04-01,206.31593136587273,234,gbm_corr_top1_2hop_rand19,f4,1
2024-05-01,193.07348296503844,234,gbm_corr_top1_2hop_rand19,f4,1
2024-06-01,246.9582990282827,234,gbm_corr_top1_2hop_rand19,f4,1
2024-07-01,183.78970280760606,234,gbm_corr_top1_2hop_rand19,f4,1
2024-08-01,339.2407670275808,234,gbm_corr_top1_2hop_rand19,f4,1
2024-09-01,349.2215659506792,234,gbm_corr_top1_2hop_rand19,f4,1
2024-10-01,449.16415003097455,234,gbm_corr_top1_2hop_rand19,f4,1
2024-11-01,213.13967587283807,234,gbm_corr_top1_2hop_rand19,f4,1
2024-12-01,270.19389631700284,234,gbm_corr_top1_2hop_rand19,f4,1
2025-01-01,309.09126967053686,234,gbm_corr_top1_2hop_rand19,f4,1
2025-02-01,361.4656995006136,234,gbm_corr_top1_2hop_rand19,f4,1
2023-11-01,368.4641545675499,234,gbm_corr_top1_rand0,f4,2
2023-12-01,284.11567115011235,234,gbm_corr_top1_rand0,f4,2
2024-01-01,365.0584098407799,234,gbm_corr_top1_rand0,f4,2
2024-02-01,384.0694173990259,234,gbm_corr_top1_rand0,f4,2
2024-03-01,247.0441268346268,234,gbm_corr_top1_rand0,f4,2
2024-04-01,308.21279062130344,234,gbm_corr_top1_rand0,f4,2
2024-05-01,238.91968601840924,234,gbm_corr_top1_rand0,f4,2
2024-06-01,306.8539502783997,234,gbm_corr_top1_rand0,f4,2
2024-07-01,220.6762788506265,234,gbm_corr_top1_rand0,f4,2
2024-08-01,387.0114881123583,234,gbm_corr_top1_rand0,f4,2
2024-09-01,446.28727769049055,234,gbm_corr_top1_rand0,f4,2
2024-10-01,626.6288862720335,234,gbm_corr_top1_rand0,f4,2
2024-11-01,301.03055872214907,234,gbm_corr_top1_rand0,f4,2
2024-12-01,305.35006984666126,234,gbm_corr_top1_rand0,f4,2
2025-01-01,393.5796593608344,234,gbm_corr_top1_rand0,f4,2
2025-02-01,426.6620622433236,234,gbm_corr_top1_rand0,f4,2
2025-03-01,407.1352450783779,234,gbm_corr_top1_rand0,f4,2
2023-11-01,365.02194056646505,234,mlp_corr_top1_rand0,f4,2
2023-12-01,283.91715638146553,234,mlp_corr_top1_rand0,f4,2
2024-01-01,368.4515384198416,234,mlp_corr_top1_rand0,f4,2
2024-02-01,386.39267884300455,234,mlp_corr_top1_rand0,f4,2
2024-03-01,248.80768359519578,234,mlp_corr_top1_rand0,f4,2
2024-04-01,303.44351375735806,234,mlp_corr_top1_rand0,f4,2
2024-05-01,235.36114026021485,234,mlp_corr_top1_rand0,f4,2
2024-06-01,302.543744570277,234,mlp_corr_top1_rand0,f4,2
2024-07-01,217.95223479715935,234,mlp_corr_top1_rand0,f4,2
2024-08-01,388.73285855371245,234,mlp_corr_top1_rand0,f4,2
2024-09-01,444.67663747213453,234,mlp_corr_top1_rand0,f4,2
2024-10-01,621.5468429461539,234,mlp_corr_top1_rand0,f4,2
2024-11-01,295.6931061513199,234,mlp_corr_top1_rand0,f4,2
2024-12-01,306.49207668412095,234,mlp_corr_top1_rand0,f4,2
2025-01-01,391.2811206452938,234,mlp_corr_top1_rand0,f4,2
2025-02-01,425.50146508921125,234,mlp_corr_top1_rand0,f4,2
2025-03-01,409.47219731444073,234,mlp_corr_top1_rand0,f4,2
2023-11-01,372.3347614353328,234,gbm_corr_top1_2hop_rand0,f4,2
2023-12-01,281.7016817256674,234,gbm_corr_top1_2hop_rand0,f4,2
2024-01-01,367.5927676405413,234,gbm_corr_top1_2hop_rand0,f4,2
2024-02-01,382.400078417366,234,gbm_corr_top1_2hop_rand0,f4,2
2024-03-01,247.31155494464974,234,gbm_corr_top1_2hop_rand0,f4,2
2024-04-01,311.05460426194776,234,gbm_corr_top1_2hop_rand0,f4,2
2024-05-01,233.02588961742387,234,gbm_corr_top1_2hop_rand0,f4,2
2024-06-01,306.399189068077,234,gbm_corr_top1_2hop_rand0,f4,2
2024-07-01,220.65193841847798,234,gbm_corr_top1_2hop_rand0,f4,2
2024-08-01,388.0831952072106,234,gbm_corr_top1_2hop_rand0,f4,2
2024-09-01,449.5386704594757,234,gbm_corr_top1_2hop_rand0,f4,2
2024-10-01,627.4393805976011,234,gbm_corr_top1_2hop_rand0,f4,2
2024-11-01,299.00776537011126,234,gbm_corr_top1_2hop_rand0,f4,2
2024-12-01,310.0792740163018,234,gbm_corr_top1_2hop_rand0,f4,2
2025-01-01,393.03339384647984,234,gbm_corr_top1_2hop_rand0,f4,2
2025-02-01,428.1472671616896,234,gbm_corr_top1_2hop_rand0,f4,2
2025-03-01,410.7919406188825,234,gbm_corr_top1_2hop_rand0,f4,2
2023-11-01,365.9048831280627,234,gbm_corr_top1_rand1,f4,2
2023-12-01,282.06545934508665,234,gbm_corr_top1_rand1,f4,2
2024-01-01,369.5565290144511,234,gbm_corr_top1_rand1,f4,2
2024-02-01,382.87707829701577,234,gbm_corr_top1_rand1,f4,2
2024-03-01,242.98889462941364,234,gbm_corr_top1_rand1,f4,2
2024-04-01,302.00271447516207,234,gbm_corr_top1_rand1,f4,2
2024-05-01,226.8406305546964,234,gbm_corr_top1_rand1,f4,2
2024-06-01,300.7516543401264,234,gbm_corr_top1_rand1,f4,2
2024-07-01,213.48991710536654,234,gbm_corr_top1_rand1,f4,2
2024-08-01,386.28811910026474,234,gbm_corr_top1_rand1,f4,2
2024-09-01,445.81911078830655,234,gbm_corr_top1_rand1,f4,2
2024-10-01,620.9056738425376,234,gbm_corr_top1_rand1,f4,2
2024-11-01,289.0880408539412,234,gbm_corr_top1_rand1,f4,2
2024-12-01,302.96654617266705,234,gbm_corr_top1_rand1,f4,2
2025-01-01,388.28262436196536,234,gbm_corr_top1_rand1,f4,2
2025-02-01,423.3172162528067,234,gbm_corr_top1_rand1,f4,2
2025-03-01,411.51651589711776,234,gbm_corr_top1_rand1,f4,2
2023-11-01,367.5208945204625,234,mlp_corr_top1_rand1,f4,2
2023-12-01,284.51102704343674,234,mlp_corr_top1_rand1,f4,2
2024-01-01,370.24399054722096,234,mlp_corr_top1_rand1,f4,2
2024-02-01,386.6742865841549,234,mlp_corr_top1_rand1,f4,2
2024-03-01,247.77406911427946,234,mlp_corr_top1_rand1,f4,2
2024-04-01,307.6749370921576,234,mlp_corr_top1_rand1,f4,2
2024-05-01,235.44849078623838,234,mlp_corr_top1_rand1,f4,2
2024-06-01,297.73017600921384,234,mlp_corr_top1_rand1,f4,2
2024-07-01,215.31744510192635,234,mlp_corr_top1_rand1,f4,2
2024-08-01,387.1188343058283,234,mlp_corr_top1_rand1,f4,2
2024-09-01,441.4497762739937,234,mlp_corr_top1_rand1,f4,2
2024-10-01,620.9457345983549,234,mlp_corr_top1_rand1,f4,2
2024-11-01,298.46475502375716,234,mlp_corr_top1_rand1,f4,2
2024-12-01,310.1984415092995,234,mlp_corr_top1_rand1,f4,2
2025-01-01,396.8338310885458,234,mlp_corr_top1_rand1,f4,2
2025-02-01,433.2630166233987,234,mlp_corr_top1_rand1,f4,2
2025-03-01,414.6370385400838,234,mlp_corr_top1_rand1,f4,2
2023-11-01,363.0262456332556,234,gbm_corr_top1_2hop_rand1,f4,2
2023-12-01,282.39840374395305,234,gbm_corr_top1_2hop_rand1,f4,2
2024-01-01,370.8218669925058,234,gbm_corr_top1_2hop_rand1,f4,2
2024-02-01,384.3599987303137,234,gbm_corr_top1_2hop_rand1,f4,2
2024-03-01,244.89253421756197,234,gbm_corr_top1_2hop_rand1,f4,2
2024-04-01,303.4993900978516,234,gbm_corr_top1_2hop_rand1,f4,2
2024-05-01,226.5245929369004,234,gbm_corr_top1_2hop_rand1,f4,2
2024-06-01,301.6959968729536,234,gbm_corr_top1_2hop_rand1,f4,2
2024-07-01,214.84597213516793,234,gbm_corr_top1_2hop_rand1,f4,2
2024-08-01,384.29089993947173,234,gbm_corr_top1_2hop_rand1,f4,2
2024-09-01,445.39450462074745,234,gbm_corr_top1_2hop_rand1,f4,2
2024-10-01,617.8418034181083,234,gbm_corr_top1_2hop_rand1,f4,2
2024-11-01,287.50732771371486,234,gbm_corr_top1_2hop_rand1,f4,2
2024-12-01,301.85867932830365,234,gbm_corr_top1_2hop_rand1,f4,2
2025-01-01,391.0120612415153,234,gbm_corr_top1_2hop_rand1,f4,2
2025-02-01,427.1547807831466,234,gbm_corr_top1_2hop_rand1,f4,2
2025-03-01,409.2736933891427,234,gbm_corr_top1_2hop_rand1,f4,2
2023-11-01,369.31282287027284,234,gbm_corr_top1_rand2,f4,2
2023-12-01,284.19948337101124,234,gbm_corr_top1_rand2,f4,2
2024-01-01,372.11380195964387,234,gbm_corr_top1_rand2,f4,2
2024-02-01,379.87131189968477,234,gbm_corr_top1_rand2,f4,2
2024-03-01,242.07289460408907,234,gbm_corr_top1_rand2,f4,2
2024-04-01,299.0017886189044,234,gbm_corr_top1_rand2,f4,2
2024-05-01,228.9745110241245,234,gbm_corr_top1_rand2,f4,2
2024-06-01,305.66364560296023,234,gbm_corr_top1_rand2,f4,2
2024-07-01,215.63873602982008,234,gbm_corr_top1_rand2,f4,2
2024-08-01,385.4210487107223,234,gbm_corr_top1_rand2,f4,2
2024-09-01,445.4646815385371,234,gbm_corr_top1_rand2,f4,2
2024-10-01,620.5208284921908,234,gbm_corr_top1_rand2,f4,2
2024-11-01,296.58038225689063,234,gbm_corr_top1_rand2,f4,2
2024-12-01,310.27409805429573,234,gbm_corr_top1_rand2,f4,2
2025-01-01,389.7915424877887,234,gbm_corr_top1_rand2,f4,2
2025-02-01,427.9315655208571,234,gbm_corr_top1_rand2,f4,2
2025-03-01,409.1255201780148,234,gbm_corr_top1_rand2,f4,2
2023-11-01,368.25472300291494,234,mlp_corr_top1_rand2,f4,2
2023-12-01,282.96899056995585,234,mlp_corr_top1_rand2,f4,2
2024-01-01,368.5470441839805,234,mlp_corr_top1_rand2,f4,2
2024-02-01,380.66193465153697,234,mlp_corr_top1_rand2,f4,2
2024-03-01,245.0452554323503,234,mlp_corr_top1_rand2,f4,2
2024-04-01,304.2800391444023,234,mlp_corr_top1_rand2,f4,2
2024-05-01,231.45238815927183,234,mlp_corr_top1_rand2,f4,2
2024-06-01,298.6727082188277,234,mlp_corr_top1_rand2,f4,2
2024-07-01,215.04248439553143,234,mlp_corr_top1_rand2,f4,2
2024-08-01,383.1869345957238,234,mlp_corr_top1_rand2,f4,2
2024-09-01,444.3156174650129,234,mlp_corr_top1_rand2,f4,2
2024-10-01,617.0725668329625,234,mlp_corr_top1_rand2,f4,2
2024-11-01,295.12341770879726,234,mlp_corr_top1_rand2,f4,2
2024-12-01,306.7582054352315,234,mlp_corr_top1_rand2,f4,2
2025-01-01,389.55616918535026,234,mlp_corr_top1_rand2,f4,2
2025-02-01,427.55812359018955,234,mlp_corr_top1_rand2,f4,2
2025-03-01,410.7962010133702,234,mlp_corr_top1_rand2,f4,2
2023-11-01,370.80322011603874,234,gbm_corr_top1_2hop_rand2,f4,2
2023-12-01,282.7365316702228,234,gbm_corr_top1_2hop_rand2,f4,2
2024-01-01,369.91804099052774,234,gbm_corr_top1_2hop_rand2,f4,2
2024-02-01,379.95655509115574,234,gbm_corr_top1_2hop_rand2,f4,2
2024-03-01,241.65928674036797,234,gbm_corr_top1_2hop_rand2,f4,2
2024-04-01,302.77219328196634,234,gbm_corr_top1_2hop_rand2,f4,2
2024-05-01,228.50382424842562,234,gbm_corr_top1_2hop_rand2,f4,2
2024-06-01,302.81504906464727,234,gbm_corr_top1_2hop_rand2,f4,2
2024-07-01,218.5970361604604,234,gbm_corr_top1_2hop_rand2,f4,2
2024-08-01,388.95976125567927,234,gbm_corr_top1_2hop_rand2,f4,2
2024-09-01,442.12660179351656,234,gbm_corr_top1_2hop_rand2,f4,2
2024-10-01,615.8873302228179,234,gbm_corr_top1_2hop_rand2,f4,2
2024-11-01,295.915704891147,234,gbm_corr_top1_2hop_rand2,f4,2
2024-12-01,307.51012041693724,234,gbm_corr_top1_2hop_rand2,f4,2
2025-01-01,390.4523985615104,234,gbm_corr_top1_2hop_rand2,f4,2
2025-02-01,431.5212453733468,234,gbm_corr_top1_2hop_rand2,f4,2
2025-03-01,410.24247071700455,234,gbm_corr_top1_2hop_rand2,f4,2
2023-11-01,363.65233720623326,234,gbm_corr_top1_rand3,f4,2
2023-12-01,283.0249559161903,234,gbm_corr_top1_rand3,f4,2
2024-01-01,369.61434245103885,234,gbm_corr_top1_rand3,f4,2
2024-02-01,382.3443059200635,234,gbm_corr_top1_rand3,f4,2
2024-03-01,245.1597573431503,234,gbm_corr_top1_rand3,f4,2
2024-04-01,304.9941354173299,234,gbm_corr_top1_rand3,f4,2
2024-05-01,233.7108613349256,234,gbm_corr_top1_rand3,f4,2
2024-06-01,306.974631018948,234,gbm_corr_top1_rand3,f4,2
2024-07-01,213.42520875702897,234,gbm_corr_top1_rand3,f4,2
2024-08-01,386.72442451856915,234,gbm_corr_top1_rand3,f4,2
2024-09-01,444.6159794487379,234,gbm_corr_top1_rand3,f4,2
2024-10-01,620.0757440068472,234,gbm_corr_top1_rand3,f4,2
2024-11-01,295.1487487131599,234,gbm_corr_top1_rand3,f4,2
2024-12-01,304.6050081303764,234,gbm_corr_top1_rand3,f4,2
2025-01-01,386.941798303796,234,gbm_corr_top1_rand3,f4,2
2025-02-01,432.7113477263184,234,gbm_corr_top1_rand3,f4,2
2025-03-01,408.1863701532233,234,gbm_corr_top1_rand3,f4,2
2023-11-01,363.3467247568894,234,mlp_corr_top1_rand3,f4,2
2023-12-01,284.10217502954265,234,mlp_corr_top1_rand3,f4,2
2024-01-01,372.0144961778534,234,mlp_corr_top1_rand3,f4,2
2024-02-01,385.8650674700371,234,mlp_corr_top1_rand3,f4,2
2024-03-01,243.68981340091366,234,mlp_corr_top1_rand3,f4,2
2024-04-01,303.2518424951971,234,mlp_corr_top1_rand3,f4,2
2024-05-01,236.128459734657,234,mlp_corr_top1_rand3,f4,2
2024-06-01,308.2342164878328,234,mlp_corr_top1_rand3,f4,2
2024-07-01,217.921046117108,234,mlp_corr_top1_rand3,f4,2
2024-08-01,385.1502024917623,234,mlp_corr_top1_rand3,f4,2
2024-09-01,444.9573942307379,234,mlp_corr_top1_rand3,f4,2
2024-10-01,622.4665195722479,234,mlp_corr_top1_rand3,f4,2
2024-11-01,295.3109677775136,234,mlp_corr_top1_rand3,f4,2
2024-12-01,308.05398315068015,234,mlp_corr_top1_rand3,f4,2
2025-01-01,392.0191748913881,234,mlp_corr_top1_rand3,f4,2
2025-02-01,428.31967940988454,234,mlp_corr_top1_rand3,f4,2
2025-03-01,410.4483533485002,234,mlp_corr_top1_rand3,f4,2
2023-11-01,365.541700199296,234,gbm_corr_top1_2hop_rand3,f4,2
2023-12-01,284.5581544102931,234,gbm_corr_top1_2hop_rand3,f4,2
2024-01-01,371.6649363286759,234,gbm_corr_top1_2hop_rand3,f4,2
2024-02-01,385.83441345541524,234,gbm_corr_top1_2hop_rand3,f4,2
2024-03-01,246.4902642436013,234,gbm_corr_top1_2hop_rand3,f4,2
2024-04-01,308.2452805364563,234,gbm_corr_top1_2hop_rand3,f4,2
2024-05-01,234.86992832596533,234,gbm_corr_top1_2hop_rand3,f4,2
2024-06-01,308.35708874694546,234,gbm_corr_top1_2hop_rand3,f4,2
2024-07-01,213.7016088940672,234,gbm_corr_top1_2hop_rand3,f4,2
2024-08-01,387.03188502384336,234,gbm_corr_top1_2hop_rand3,f4,2
2024-09-01,448.4125375632576,234,gbm_corr_top1_2hop_rand3,f4,2
2024-10-01,623.3438455342952,234,gbm_corr_top1_2hop_rand3,f4,2
2024-11-01,294.88532750890784,234,gbm_corr_top1_2hop_rand3,f4,2
2024-12-01,309.25143657932074,234,gbm_corr_top1_2hop_rand3,f4,2
2025-01-01,388.84185982508035,234,gbm_corr_top1_2hop_rand3,f4,2
2025-02-01,429.0579293754598,234,gbm_corr_top1_2hop_rand3,f4,2
2025-03-01,405.917781585323,234,gbm_corr_top1_2hop_rand3,f4,2
2023-11-01,371.2591279664901,234,gbm_corr_top1_rand4,f4,2
2023-12-01,280.56555989040993,234,gbm_corr_top1_rand4,f4,2
2024-01-01,369.39096322677784,234,gbm_corr_top1_rand4,f4,2
2024-02-01,385.1617119464025,234,gbm_corr_top1_rand4,f4,2
2024-03-01,248.70131230038237,234,gbm_corr_top1_rand4,f4,2
2024-04-01,313.07190563239317,234,gbm_corr_top1_rand4,f4,2
2024-05-01,232.59567949662022,234,gbm_corr_top1_rand4,f4,2
2024-06-01,304.9303530566929,234,gbm_corr_top1_rand4,f4,2
2024-07-01,215.309082678801,234,gbm_corr_top1_rand4,f4,2
2024-08-01,385.7239512045966,234,gbm_corr_top1_rand4,f4,2
2024-09-01,446.4595389412419,234,gbm_corr_top1_rand4,f4,2
2024-10-01,616.597425714855,234,gbm_corr_top1_rand4,f4,2
2024-11-01,297.0984684449863,234,gbm_corr_top1_rand4,f4,2
2024-12-01,306.1392919660927,234,gbm_corr_top1_rand4,f4,2
2025-01-01,389.97895320102566,234,gbm_corr_top1_rand4,f4,2
2025-02-01,428.25453769959046,234,gbm_corr_top1_rand4,f4,2
2025-03-01,410.45265374739836,234,gbm_corr_top1_rand4,f4,2
2023-11-01,367.4368428794571,234,mlp_corr_top1_rand4,f4,2
2023-12-01,281.4920633996225,234,mlp_corr_top1_rand4,f4,2
2024-01-01,366.19379055591276,234,mlp_corr_top1_rand4,f4,2
2024-02-01,377.6067594789342,234,mlp_corr_top1_rand4,f4,2
2024-03-01,246.42509149956928,234,mlp_corr_top1_rand4,f4,2
2024-04-01,305.6632084841049,234,mlp_corr_top1_rand4,f4,2
2024-05-01,232.71009256439822,234,mlp_corr_top1_rand4,f4,2
2024-06-01,300.07921445933033,234,mlp_corr_top1_rand4,f4,2
2024-07-01,214.98501844352256,234,mlp_corr_top1_rand4,f4,2
2024-08-01,379.80807879204656,234,mlp_corr_top1_rand4,f4,2
2024-09-01,442.3097271671768,234,mlp_corr_top1_rand4,f4,2
2024-10-01,614.7274089928153,234,mlp_corr_top1_rand4,f4,2
2024-11-01,291.2001881012244,234,mlp_corr_top1_rand4,f4,2
2024-12-01,305.92973086853374,234,mlp_corr_top1_rand4,f4,2
2025-01-01,387.98969724755,234,mlp_corr_top1_rand4,f4,2
2025-02-01,424.5944086351798,234,mlp_corr_top1_rand4,f4,2
2025-03-01,408.01240307732127,234,mlp_corr_top1_rand4,f4,2
2023-11-01,368.4377173019082,234,gbm_corr_top1_2hop_rand4,f4,2
2023-12-01,279.934078615699,234,gbm_corr_top1_2hop_rand4,f4,2
2024-01-01,371.61315006546005,234,gbm_corr_top1_2hop_rand4,f4,2
2024-02-01,385.73663716252645,234,gbm_corr_top1_2hop_rand4,f4,2
2024-03-01,247.19705629787845,234,gbm_corr_top1_2hop_rand4,f4,2
2024-04-01,311.1635020312194,234,gbm_corr_top1_2hop_rand4,f4,2
2024-05-01,235.18979055137652,234,gbm_corr_top1_2hop_rand4,f4,2
2024-06-01,301.21615857619895,234,gbm_corr_top1_2hop_rand4,f4,2
2024-07-01,216.18121531790894,234,gbm_corr_top1_2hop_rand4,f4,2
2024-08-01,384.58088378550195,234,gbm_corr_top1_2hop_rand4,f4,2
2024-09-01,446.31039758959923,234,gbm_corr_top1_2hop_rand4,f4,2
2024-10-01,621.0865485468752,234,gbm_corr_top1_2hop_rand4,f4,2
2024-11-01,300.5715841714392,234,gbm_corr_top1_2hop_rand4,f4,2
2024-12-01,304.8492766031442,234,gbm_corr_top1_2hop_rand4,f4,2
2025-01-01,385.03521568144663,234,gbm_corr_top1_2hop_rand4,f4,2
2025-02-01,431.5698710977938,234,gbm_corr_top1_2hop_rand4,f4,2
2025-03-01,415.9041620577042,234,gbm_corr_top1_2hop_rand4,f4,2
2023-11-01,362.89451063650273,234,gbm_corr_top1_rand5,f4,2
2023-12-01,290.4454700923396,234,gbm_corr_top1_rand5,f4,2
2024-01-01,366.41964301103724,234,gbm_corr_top1_rand5,f4,2
2024-02-01,383.7472448827397,234,gbm_corr_top1_rand5,f4,2
2024-03-01,248.9448075835086,234,gbm_corr_top1_rand5,f4,2
2024-04-01,309.73355265815877,234,gbm_corr_top1_rand5,f4,2
2024-05-01,231.7582171571472,234,gbm_corr_top1_rand5,f4,2
2024-06-01,300.59405835230325,234,gbm_corr_top1_rand5,f4,2
2024-07-01,213.94068274228263,234,gbm_corr_top1_rand5,f4,2
2024-08-01,384.18683764641446,234,gbm_corr_top1_rand5,f4,2
2024-09-01,449.18736049123436,234,gbm_corr_top1_rand5,f4,2
2024-10-01,626.8423175071681,234,gbm_corr_top1_rand5,f4,2
2024-11-01,291.5629537022493,234,gbm_corr_top1_rand5,f4,2
2024-12-01,310.6477103884986,234,gbm_corr_top1_rand5,f4,2
2025-01-01,396.43302261714376,234,gbm_corr_top1_rand5,f4,2
2025-02-01,433.5151081751213,234,gbm_corr_top1_rand5,f4,2
2025-03-01,417.1787667565794,234,gbm_corr_top1_rand5,f4,2
2023-11-01,364.63903855126387,234,mlp_corr_top1_rand5,f4,2
2023-12-01,281.9529217103385,234,mlp_corr_top1_rand5,f4,2
2024-01-01,369.7635975987847,234,mlp_corr_top1_rand5,f4,2
2024-02-01,379.0551561257271,234,mlp_corr_top1_rand5,f4,2
2024-03-01,244.14992869065065,234,mlp_corr_top1_rand5,f4,2
2024-04-01,304.7009976291365,234,mlp_corr_top1_rand5,f4,2
2024-05-01,230.67955888692936,234,mlp_corr_top1_rand5,f4,2
2024-06-01,300.20531507965546,234,mlp_corr_top1_rand5,f4,2
2024-07-01,214.4913460083361,234,mlp_corr_top1_rand5,f4,2
2024-08-01,381.78974525165853,234,mlp_corr_top1_rand5,f4,2
2024-09-01,439.36005888286553,234,mlp_corr_top1_rand5,f4,2
2024-10-01,610.2706401809725,234,mlp_corr_top1_rand5,f4,2
2024-11-01,292.3965238398317,234,mlp_corr_top1_rand5,f4,2
2024-12-01,308.7945061543385,234,mlp_corr_top1_rand5,f4,2
2025-01-01,388.5975542873063,234,mlp_corr_top1_rand5,f4,2
2025-02-01,426.2424170542988,234,mlp_corr_top1_rand5,f4,2
2025-03-01,411.65315612734616,234,mlp_corr_top1_rand5,f4,2
2023-11-01,370.60993074408833,234,gbm_corr_top1_2hop_rand5,f4,2
2023-12-01,287.6122086335281,234,gbm_corr_top1_2hop_rand5,f4,2
2024-01-01,367.2498574733752,234,gbm_corr_top1_2hop_rand5,f4,2
2024-02-01,381.9342788399184,234,gbm_corr_top1_2hop_rand5,f4,2
2024-03-01,247.6540662072562,234,gbm_corr_top1_2hop_rand5,f4,2
2024-04-01,307.2755210009334,234,gbm_corr_top1_2hop_rand5,f4,2
2024-05-01,235.36019503397944,234,gbm_corr_top1_2hop_rand5,f4,2
2024-06-01,304.25281544543975,234,gbm_corr_top1_2hop_rand5,f4,2
2024-07-01,215.71460845359434,234,gbm_corr_top1_2hop_rand5,f4,2
2024-08-01,386.8603943299532,234,gbm_corr_top1_2hop_rand5,f4,2
2024-09-01,446.33358861917844,234,gbm_corr_top1_2hop_rand5,f4,2
2024-10-01,628.0175904684635,234,gbm_corr_top1_2hop_rand5,f4,2
2024-11-01,291.52403159699963,234,gbm_corr_top1_2hop_rand5,f4,2
2024-12-01,307.77056662437076,234,gbm_corr_top1_2hop_rand5,f4,2
2025-01-01,395.5185981265555,234,gbm_corr_top1_2hop_rand5,f4,2
2025-02-01,434.4309982033326,234,gbm_corr_top1_2hop_rand5,f4,2
2025-03-01,407.74340799336437,234,gbm_corr_top1_2hop_rand5,f4,2
2023-11-01,368.30153440041903,234,gbm_corr_top1_rand6,f4,2
2023-12-01,281.82588334601485,234,gbm_corr_top1_rand6,f4,2
2024-01-01,370.0408443407488,234,gbm_corr_top1_rand6,f4,2
2024-02-01,378.94406960174143,234,gbm_corr_top1_rand6,f4,2
2024-03-01,245.10145938068018,234,gbm_corr_top1_rand6,f4,2
2024-04-01,304.69455759720597,234,gbm_corr_top1_rand6,f4,2
2024-05-01,228.31134227394736,234,gbm_corr_top1_rand6,f4,2
2024-06-01,303.47782863790815,234,gbm_corr_top1_rand6,f4,2
2024-07-01,218.89012896316368,234,gbm_corr_top1_rand6,f4,2
2024-08-01,385.0616704164311,234,gbm_corr_top1_rand6,f4,2
2024-09-01,444.6556877292574,234,gbm_corr_top1_rand6,f4,2
2024-10-01,621.4801933831938,234,gbm_corr_top1_rand6,f4,2
2024-11-01,291.51209804005754,234,gbm_corr_top1_rand6,f4,2
2024-12-01,305.07693662438106,234,gbm_corr_top1_rand6,f4,2
2025-01-01,383.13279515806255,234,gbm_corr_top1_rand6,f4,2
2025-02-01,428.4822985307956,234,gbm_corr_top1_rand6,f4,2
2025-03-01,412.4195808010465,234,gbm_corr_top1_rand6,f4,2
2023-11-01,364.92132603570445,234,mlp_corr_top1_rand6,f4,2
2023-12-01,281.5226650500033,234,mlp_corr_top1_rand6,f4,2
2024-01-01,369.9683162282488,234,mlp_corr_top1_rand6,f4,2
2024-02-01,382.37131425062086,234,mlp_corr_top1_rand6,f4,2
2024-03-01,245.5671151756617,234,mlp_corr_top1_rand6,f4,2
2024-04-01,303.4381863215872,234,mlp_corr_top1_rand6,f4,2
2024-05-01,237.83532374061923,234,mlp_corr_top1_rand6,f4,2
2024-06-01,306.68890721311084,234,mlp_corr_top1_rand6,f4,2
2024-07-01,219.03232596415285,234,mlp_corr_top1_rand6,f4,2
2024-08-01,387.67146364517464,234,mlp_corr_top1_rand6,f4,2
2024-09-01,443.52463199020525,234,mlp_corr_top1_rand6,f4,2
2024-10-01,622.3239253736288,234,mlp_corr_top1_rand6,f4,2
2024-11-01,293.9738392840999,234,mlp_corr_top1_rand6,f4,2
2024-12-01,305.7893413208227,234,mlp_corr_top1_rand6,f4,2
2025-01-01,391.701590599545,234,mlp_corr_top1_rand6,f4,2
2025-02-01,429.55097928909584,234,mlp_corr_top1_rand6,f4,2
2025-03-01,415.08495175863925,234,mlp_corr_top1_rand6,f4,2
2023-11-01,364.93415773957867,234,gbm_corr_top1_2hop_rand6,f4,2
2023-12-01,283.5762069595738,234,gbm_corr_top1_2hop_rand6,f4,2
2024-01-01,368.1471867551413,234,gbm_corr_top1_2hop_rand6,f4,2
2024-02-01,376.1189732083523,234,gbm_corr_top1_2hop_rand6,f4,2
2024-03-01,241.47299525462896,234,gbm_corr_top1_2hop_rand6,f4,2
2024-04-01,305.71180389566155,234,gbm_corr_top1_2hop_rand6,f4,2
2024-05-01,232.90272551599904,234,gbm_corr_top1_2hop_rand6,f4,2
2024-06-01,299.60006946618086,234,gbm_corr_top1_2hop_rand6,f4,2
2024-07-01,217.13730899690574,234,gbm_corr_top1_2hop_rand6,f4,2
2024-08-01,384.33938307463296,234,gbm_corr_top1_2hop_rand6,f4,2
2024-09-01,443.7223943379465,234,gbm_corr_top1_2hop_rand6,f4,2
2024-10-01,622.6913459868808,234,gbm_corr_top1_2hop_rand6,f4,2
2024-11-01,291.40346429062384,234,gbm_corr_top1_2hop_rand6,f4,2
2024-12-01,302.34512612224444,234,gbm_corr_top1_2hop_rand6,f4,2
2025-01-01,387.77513440132174,234,gbm_corr_top1_2hop_rand6,f4,2
2025-02-01,432.12311888746905,234,gbm_corr_top1_2hop_rand6,f4,2
2025-03-01,414.9986917601608,234,gbm_corr_top1_2hop_rand6,f4,2
2023-11-01,364.3588689076731,234,gbm_corr_top1_rand7,f4,2
2023-12-01,281.5057971468761,234,gbm_corr_top1_rand7,f4,2
2024-01-01,367.18576149721576,234,gbm_corr_top1_rand7,f4,2
2024-02-01,380.43745047674156,234,gbm_corr_top1_rand7,f4,2
2024-03-01,247.5413056262546,234,gbm_corr_top1_rand7,f4,2
2024-04-01,309.32038617590604,234,gbm_corr_top1_rand7,f4,2
2024-05-01,237.8376309624642,234,gbm_corr_top1_rand7,f4,2
2024-06-01,304.7999670490258,234,gbm_corr_top1_rand7,f4,2
2024-07-01,216.85034579142112,234,gbm_corr_top1_rand7,f4,2
2024-08-01,388.7253584884702,234,gbm_corr_top1_rand7,f4,2
2024-09-01,449.8677933875555,234,gbm_corr_top1_rand7,f4,2
2024-10-01,624.9059223122406,234,gbm_corr_top1_rand7,f4,2
2024-11-01,299.4197211326216,234,gbm_corr_top1_rand7,f4,2
2024-12-01,305.8056432284272,234,gbm_corr_top1_rand7,f4,2
2025-01-01,394.79509482072547,234,gbm_corr_top1_rand7,f4,2
2025-02-01,426.0015377066728,234,gbm_corr_top1_rand7,f4,2
2025-03-01,408.08055932341006,234,gbm_corr_top1_rand7,f4,2
2023-11-01,367.44240557255154,234,mlp_corr_top1_rand7,f4,2
2023-12-01,282.6569282739761,234,mlp_corr_top1_rand7,f4,2
2024-01-01,367.8191666256323,234,mlp_corr_top1_rand7,f4,2
2024-02-01,384.3247391955987,234,mlp_corr_top1_rand7,f4,2
2024-03-01,245.58662031001222,234,mlp_corr_top1_rand7,f4,2
2024-04-01,304.6563774026655,234,mlp_corr_top1_rand7,f4,2
2024-05-01,235.03461014024435,234,mlp_corr_top1_rand7,f4,2
2024-06-01,300.626908094081,234,mlp_corr_top1_rand7,f4,2
2024-07-01,215.4419074296161,234,mlp_corr_top1_rand7,f4,2
2024-08-01,385.3352253222154,234,mlp_corr_top1_rand7,f4,2
2024-09-01,446.97134571132506,234,mlp_corr_top1_rand7,f4,2
2024-10-01,622.8047525876742,234,mlp_corr_top1_rand7,f4,2
2024-11-01,295.51380199674094,234,mlp_corr_top1_rand7,f4,2
2024-12-01,304.84358211501785,234,mlp_corr_top1_rand7,f4,2
2025-01-01,391.90958585380554,234,mlp_corr_top1_rand7,f4,2
2025-02-01,427.6237390344761,234,mlp_corr_top1_rand7,f4,2
2025-03-01,412.8605330965094,234,mlp_corr_top1_rand7,f4,2
2023-11-01,365.96109187796895,234,gbm_corr_top1_2hop_rand7,f4,2
2023-12-01,280.9175746708694,234,gbm_corr_top1_2hop_rand7,f4,2
2024-01-01,364.8731635057377,234,gbm_corr_top1_2hop_rand7,f4,2
2024-02-01,377.920449335439,234,gbm_corr_top1_2hop_rand7,f4,2
2024-03-01,249.2298037439216,234,gbm_corr_top1_2hop_rand7,f4,2
2024-04-01,310.7351304046574,234,gbm_corr_top1_2hop_rand7,f4,2
2024-05-01,237.37741401422517,234,gbm_corr_top1_2hop_rand7,f4,2
2024-06-01,303.58571461026537,234,gbm_corr_top1_2hop_rand7,f4,2
2024-07-01,217.145232680642,234,gbm_corr_top1_2hop_rand7,f4,2
2024-08-01,386.0379722208482,234,gbm_corr_top1_2hop_rand7,f4,2
2024-09-01,451.34657148649933,234,gbm_corr_top1_2hop_rand7,f4,2
2024-10-01,623.8656152083553,234,gbm_corr_top1_2hop_rand7,f4,2
2024-11-01,297.35144510881014,234,gbm_corr_top1_2hop_rand7,f4,2
2024-12-01,301.6883902009823,234,gbm_corr_top1_2hop_rand7,f4,2
2025-01-01,394.72191875658893,234,gbm_corr_top1_2hop_rand7,f4,2
2025-02-01,431.4928136585303,234,gbm_corr_top1_2hop_rand7,f4,2
2025-03-01,411.4186258163264,234,gbm_corr_top1_2hop_rand7,f4,2
2023-11-01,364.6132205260052,234,gbm_corr_top1_rand8,f4,2
2023-12-01,284.1894980423852,234,gbm_corr_top1_rand8,f4,2
2024-01-01,370.0722065729946,234,gbm_corr_top1_rand8,f4,2
2024-02-01,380.41402433921616,234,gbm_corr_top1_rand8,f4,2
2024-03-01,246.68229961718237,234,gbm_corr_top1_rand8,f4,2
2024-04-01,301.9557266620634,234,gbm_corr_top1_rand8,f4,2
2024-05-01,236.77872727276988,234,gbm_corr_top1_rand8,f4,2
2024-06-01,304.1727756998299,234,gbm_corr_top1_rand8,f4,2
2024-07-01,217.16996502024602,234,gbm_corr_top1_rand8,f4,2
2024-08-01,388.5343748677129,234,gbm_corr_top1_rand8,f4,2
2024-09-01,448.17721179489064,234,gbm_corr_top1_rand8,f4,2
2024-10-01,619.0541499339148,234,gbm_corr_top1_rand8,f4,2
2024-11-01,300.2672108489769,234,gbm_corr_top1_rand8,f4,2
2024-12-01,304.1314776146611,234,gbm_corr_top1_rand8,f4,2
2025-01-01,390.7986149105639,234,gbm_corr_top1_rand8,f4,2
2025-02-01,437.00550145977815,234,gbm_corr_top1_rand8,f4,2
2025-03-01,415.91498454909924,234,gbm_corr_top1_rand8,f4,2
2023-11-01,366.9261579505802,234,mlp_corr_top1_rand8,f4,2
2023-12-01,285.0073487832406,234,mlp_corr_top1_rand8,f4,2
2024-01-01,371.60907445711763,234,mlp_corr_top1_rand8,f4,2
2024-02-01,386.0805693368878,234,mlp_corr_top1_rand8,f4,2
2024-03-01,247.14279040526574,234,mlp_corr_top1_rand8,f4,2
2024-04-01,306.562746673854,234,mlp_corr_top1_rand8,f4,2
2024-05-01,238.74435796855215,234,mlp_corr_top1_rand8,f4,2
2024-06-01,305.44390076024195,234,mlp_corr_top1_rand8,f4,2
2024-07-01,216.24088543616543,234,mlp_corr_top1_rand8,f4,2
2024-08-01,387.79381412623377,234,mlp_corr_top1_rand8,f4,2
2024-09-01,443.4581956435032,234,mlp_corr_top1_rand8,f4,2
2024-10-01,624.5910232682302,234,mlp_corr_top1_rand8,f4,2
2024-11-01,302.7711381692129,234,mlp_corr_top1_rand8,f4,2
2024-12-01,310.56991165258967,234,mlp_corr_top1_rand8,f4,2
2025-01-01,393.06427212632417,234,mlp_corr_top1_rand8,f4,2
2025-02-01,427.7544348951864,234,mlp_corr_top1_rand8,f4,2
2025-03-01,415.90506120225393,234,mlp_corr_top1_rand8,f4,2
2023-11-01,364.84611408119366,234,gbm_corr_top1_2hop_rand8,f4,2
2023-12-01,283.65511227669947,234,gbm_corr_top1_2hop_rand8,f4,2
2024-01-01,369.02643645641905,234,gbm_corr_top1_2hop_rand8,f4,2
2024-02-01,382.4868338522135,234,gbm_corr_top1_2hop_rand8,f4,2
2024-03-01,246.5195226123704,234,gbm_corr_top1_2hop_rand8,f4,2
2024-04-01,306.9469035635351,234,gbm_corr_top1_2hop_rand8,f4,2
2024-05-01,235.68431884345011,234,gbm_corr_top1_2hop_rand8,f4,2
2024-06-01,306.8266170651727,234,gbm_corr_top1_2hop_rand8,f4,2
2024-07-01,214.4268464150389,234,gbm_corr_top1_2hop_rand8,f4,2
2024-08-01,386.92517409711644,234,gbm_corr_top1_2hop_rand8,f4,2
2024-09-01,442.4931622459644,234,gbm_corr_top1_2hop_rand8,f4,2
2024-10-01,615.1481154010587,234,gbm_corr_top1_2hop_rand8,f4,2
2024-11-01,295.9110695367642,234,gbm_corr_top1_2hop_rand8,f4,2
2024-12-01,303.30865084692266,234,gbm_corr_top1_2hop_rand8,f4,2
2025-01-01,386.7285527073717,234,gbm_corr_top1_2hop_rand8,f4,2
2025-02-01,435.05635108471495,234,gbm_corr_top1_2hop_rand8,f4,2
2025-03-01,416.47598144298297,234,gbm_corr_top1_2hop_rand8,f4,2
2023-11-01,366.0246810425593,234,gbm_corr_top1_rand9,f4,2
2023-12-01,280.19025606285857,234,gbm_corr_top1_rand9,f4,2
2024-01-01,369.52507458178036,234,gbm_corr_top1_rand9,f4,2
2024-02-01,374.6111357838238,234,gbm_corr_top1_rand9,f4,2
2024-03-01,245.535635649032,234,gbm_corr_top1_rand9,f4,2
2024-04-01,303.03980921040625,234,gbm_corr_top1_rand9,f4,2
2024-05-01,236.3434103397311,234,gbm_corr_top1_rand9,f4,2
2024-06-01,305.0496222654964,234,gbm_corr_top1_rand9,f4,2
2024-07-01,213.50746251326802,234,gbm_corr_top1_rand9,f4,2
2024-08-01,384.50636163913896,234,gbm_corr_top1_rand9,f4,2
2024-09-01,448.15681937185144,234,gbm_corr_top1_rand9,f4,2
2024-10-01,615.6974197927362,234,gbm_corr_top1_rand9,f4,2
2024-11-01,294.2857005323358,234,gbm_corr_top1_rand9,f4,2
2024-12-01,307.32299974722474,234,gbm_corr_top1_rand9,f4,2
2025-01-01,388.9734528080535,234,gbm_corr_top1_rand9,f4,2
2025-02-01,426.83728490407947,234,gbm_corr_top1_rand9,f4,2
2025-03-01,405.3378343002546,234,gbm_corr_top1_rand9,f4,2
2023-11-01,364.7840998613276,234,mlp_corr_top1_rand9,f4,2
2023-12-01,280.26244807395375,234,mlp_corr_top1_rand9,f4,2
2024-01-01,370.46275228076166,234,mlp_corr_top1_rand9,f4,2
2024-02-01,379.93319301191036,234,mlp_corr_top1_rand9,f4,2
2024-03-01,247.30821760538,234,mlp_corr_top1_rand9,f4,2
2024-04-01,301.6778062019658,234,mlp_corr_top1_rand9,f4,2
2024-05-01,235.9095484936724,234,mlp_corr_top1_rand9,f4,2
2024-06-01,301.42689868018897,234,mlp_corr_top1_rand9,f4,2
2024-07-01,216.3697425405108,234,mlp_corr_top1_rand9,f4,2
2024-08-01,386.066838929685,234,mlp_corr_top1_rand9,f4,2
2024-09-01,444.111484459322,234,mlp_corr_top1_rand9,f4,2
2024-10-01,616.1427358377864,234,mlp_corr_top1_rand9,f4,2
2024-11-01,296.5636531176765,234,mlp_corr_top1_rand9,f4,2
2024-12-01,311.6118727595839,234,mlp_corr_top1_rand9,f4,2
2025-01-01,388.32845424330884,234,mlp_corr_top1_rand9,f4,2
2025-02-01,421.4910021228989,234,mlp_corr_top1_rand9,f4,2
2025-03-01,407.6667951645195,234,mlp_corr_top1_rand9,f4,2
2023-11-01,373.0629949264659,234,gbm_corr_top1_2hop_rand9,f4,2
2023-12-01,283.3452729642926,234,gbm_corr_top1_2hop_rand9,f4,2
2024-01-01,366.5785346580789,234,gbm_corr_top1_2hop_rand9,f4,2
2024-02-01,380.7564585797831,234,gbm_corr_top1_2hop_rand9,f4,2
2024-03-01,246.29027270606187,234,gbm_corr_top1_2hop_rand9,f4,2
2024-04-01,304.5105149460199,234,gbm_corr_top1_2hop_rand9,f4,2
2024-05-01,236.4123108201989,234,gbm_corr_top1_2hop_rand9,f4,2
2024-06-01,303.50407769105914,234,gbm_corr_top1_2hop_rand9,f4,2
2024-07-01,214.5200661003029,234,gbm_corr_top1_2hop_rand9,f4,2
2024-08-01,384.5140725413789,234,gbm_corr_top1_2hop_rand9,f4,2
2024-09-01,446.0655874214713,234,gbm_corr_top1_2hop_rand9,f4,2
2024-10-01,611.1944972581822,234,gbm_corr_top1_2hop_rand9,f4,2
2024-11-01,293.59679664345344,234,gbm_corr_top1_2hop_rand9,f4,2
2024-12-01,308.08072174030804,234,gbm_corr_top1_2hop_rand9,f4,2
2025-01-01,383.9171668814062,234,gbm_corr_top1_2hop_rand9,f4,2
2025-02-01,426.782076358448,234,gbm_corr_top1_2hop_rand9,f4,2
2025-03-01,405.45712530373333,234,gbm_corr_top1_2hop_rand9,f4,2
2023-11-01,368.67411329123036,234,gbm_corr_top1_rand10,f4,2
2023-12-01,283.73203357975365,234,gbm_corr_top1_rand10,f4,2
2024-01-01,371.77179541722614,234,gbm_corr_top1_rand10,f4,2
2024-02-01,383.64157779874796,234,gbm_corr_top1_rand10,f4,2
2024-03-01,246.62169748587246,234,gbm_corr_top1_rand10,f4,2
2024-04-01,302.68381680901,234,gbm_corr_top1_rand10,f4,2
2024-05-01,233.0873444326432,234,gbm_corr_top1_rand10,f4,2
2024-06-01,303.4595821615659,234,gbm_corr_top1_rand10,f4,2
2024-07-01,215.14892460433737,234,gbm_corr_top1_rand10,f4,2
2024-08-01,381.24421069158484,234,gbm_corr_top1_rand10,f4,2
2024-09-01,442.8152932449969,234,gbm_corr_top1_rand10,f4,2
2024-10-01,622.0034608510751,234,gbm_corr_top1_rand10,f4,2
2024-11-01,301.1149608343606,234,gbm_corr_top1_rand10,f4,2
2024-12-01,311.2039434615457,234,gbm_corr_top1_rand10,f4,2
2025-01-01,389.3875058034749,234,gbm_corr_top1_rand10,f4,2
2025-02-01,427.2211074034389,234,gbm_corr_top1_rand10,f4,2
2025-03-01,412.9564099448849,234,gbm_corr_top1_rand10,f4,2
2023-11-01,368.53416121698643,234,mlp_corr_top1_rand10,f4,2
2023-12-01,284.2306039613049,234,mlp_corr_top1_rand10,f4,2
2024-01-01,369.83775397741454,234,mlp_corr_top1_rand10,f4,2
2024-02-01,384.6627218340179,234,mlp_corr_top1_rand10,f4,2
2024-03-01,246.87784842593362,234,mlp_corr_top1_rand10,f4,2
2024-04-01,302.6978340998425,234,mlp_corr_top1_rand10,f4,2
2024-05-01,232.41652542498906,234,mlp_corr_top1_rand10,f4,2
2024-06-01,300.99471940462234,234,mlp_corr_top1_rand10,f4,2
2024-07-01,217.0035371877485,234,mlp_corr_top1_rand10,f4,2
2024-08-01,386.3097075559178,234,mlp_corr_top1_rand10,f4,2
2024-09-01,443.62353620069774,234,mlp_corr_top1_rand10,f4,2
2024-10-01,619.9562767749313,234,mlp_corr_top1_rand10,f4,2
2024-11-01,295.81190304829175,234,mlp_corr_top1_rand10,f4,2
2024-12-01,306.147618442403,234,mlp_corr_top1_rand10,f4,2
2025-01-01,387.08365939419,234,mlp_corr_top1_rand10,f4,2
2025-02-01,423.51931866238533,234,mlp_corr_top1_rand10,f4,2
2025-03-01,411.3708007889483,234,mlp_corr_top1_rand10,f4,2
2023-11-01,366.0173941858659,234,gbm_corr_top1_2hop_rand10,f4,2
2023-12-01,287.84825250380715,234,gbm_corr_top1_2hop_rand10,f4,2
2024-01-01,374.41993708161755,234,gbm_corr_top1_2hop_rand10,f4,2
2024-02-01,384.21178945364665,234,gbm_corr_top1_2hop_rand10,f4,2
2024-03-01,247.09053928103054,234,gbm_corr_top1_2hop_rand10,f4,2
2024-04-01,307.4760946181443,234,gbm_corr_top1_2hop_rand10,f4,2
2024-05-01,232.00989703792933,234,gbm_corr_top1_2hop_rand10,f4,2
2024-06-01,302.69461337621703,234,gbm_corr_top1_2hop_rand10,f4,2
2024-07-01,213.64049285411707,234,gbm_corr_top1_2hop_rand10,f4,2
2024-08-01,381.7562653452845,234,gbm_corr_top1_2hop_rand10,f4,2
2024-09-01,445.73051044056456,234,gbm_corr_top1_2hop_rand10,f4,2
2024-10-01,621.6217857519653,234,gbm_corr_top1_2hop_rand10,f4,2
2024-11-01,301.94916631511154,234,gbm_corr_top1_2hop_rand10,f4,2
2024-12-01,311.25666794065984,234,gbm_corr_top1_2hop_rand10,f4,2
2025-01-01,393.1080809271564,234,gbm_corr_top1_2hop_rand10,f4,2
2025-02-01,421.49980166718564,234,gbm_corr_top1_2hop_rand10,f4,2
2025-03-01,413.04971231250306,234,gbm_corr_top1_2hop_rand10,f4,2
2023-11-01,367.55278463593703,234,gbm_corr_top1_rand11,f4,2
2023-12-01,282.7106313175632,234,gbm_corr_top1_rand11,f4,2
2024-01-01,369.4393490642074,234,gbm_corr_top1_rand11,f4,2
2024-02-01,383.21122315192054,234,gbm_corr_top1_rand11,f4,2
2024-03-01,246.1309282683371,234,gbm_corr_top1_rand11,f4,2
2024-04-01,305.94639233908475,234,gbm_corr_top1_rand11,f4,2
2024-05-01,234.91097964260865,234,gbm_corr_top1_rand11,f4,2
2024-06-01,302.3137091431164,234,gbm_corr_top1_rand11,f4,2
2024-07-01,215.92966260641387,234,gbm_corr_top1_rand11,f4,2
2024-08-01,382.10395855490214,234,gbm_corr_top1_rand11,f4,2
2024-09-01,446.43617434320635,234,gbm_corr_top1_rand11,f4,2
2024-10-01,620.1939196397409,234,gbm_corr_top1_rand11,f4,2
2024-11-01,294.33189758189764,234,gbm_corr_top1_rand11,f4,2
2024-12-01,311.1805068321061,234,gbm_corr_top1_rand11,f4,2
2025-01-01,395.17377567801054,234,gbm_corr_top1_rand11,f4,2
2025-02-01,431.63908314745004,234,gbm_corr_top1_rand11,f4,2
2025-03-01,408.83472450890343,234,gbm_corr_top1_rand11,f4,2
2023-11-01,365.27597960340944,234,mlp_corr_top1_rand11,f4,2
2023-12-01,282.1102412195786,234,mlp_corr_top1_rand11,f4,2
2024-01-01,369.52445939641126,234,mlp_corr_top1_rand11,f4,2
2024-02-01,384.776831602674,234,mlp_corr_top1_rand11,f4,2
2024-03-01,246.46254276466775,234,mlp_corr_top1_rand11,f4,2
2024-04-01,303.96884346071437,234,mlp_corr_top1_rand11,f4,2
2024-05-01,234.7236657376072,234,mlp_corr_top1_rand11,f4,2
2024-06-01,301.3588781149032,234,mlp_corr_top1_rand11,f4,2
2024-07-01,216.29947239899155,234,mlp_corr_top1_rand11,f4,2
2024-08-01,385.3303260869402,234,mlp_corr_top1_rand11,f4,2
2024-09-01,443.6971208237009,234,mlp_corr_top1_rand11,f4,2
2024-10-01,617.8937065067604,234,mlp_corr_top1_rand11,f4,2
2024-11-01,298.1951658075634,234,mlp_corr_top1_rand11,f4,2
2024-12-01,310.47728172942897,234,mlp_corr_top1_rand11,f4,2
2025-01-01,391.39481577954183,234,mlp_corr_top1_rand11,f4,2
2025-02-01,427.66634963887765,234,mlp_corr_top1_rand11,f4,2
2025-03-01,411.28815703232,234,mlp_corr_top1_rand11,f4,2
2023-11-01,366.4299401802326,234,gbm_corr_top1_2hop_rand11,f4,2
2023-12-01,279.058243191157,234,gbm_corr_top1_2hop_rand11,f4,2
2024-01-01,368.15153178296765,234,gbm_corr_top1_2hop_rand11,f4,2
2024-02-01,381.73431586421674,234,gbm_corr_top1_2hop_rand11,f4,2
2024-03-01,249.0214310771095,234,gbm_corr_top1_2hop_rand11,f4,2
2024-04-01,305.1910475063368,234,gbm_corr_top1_2hop_rand11,f4,2
2024-05-01,234.30633120049868,234,gbm_corr_top1_2hop_rand11,f4,2
2024-06-01,302.777454262827,234,gbm_corr_top1_2hop_rand11,f4,2
2024-07-01,213.2413800772245,234,gbm_corr_top1_2hop_rand11,f4,2
2024-08-01,383.3053137234662,234,gbm_corr_top1_2hop_rand11,f4,2
2024-09-01,449.7604262058901,234,gbm_corr_top1_2hop_rand11,f4,2
2024-10-01,616.1638999742296,234,gbm_corr_top1_2hop_rand11,f4,2
2024-11-01,293.2904614361344,234,gbm_corr_top1_2hop_rand11,f4,2
2024-12-01,307.2630699728024,234,gbm_corr_top1_2hop_rand11,f4,2
2025-01-01,391.36188022552795,234,gbm_corr_top1_2hop_rand11,f4,2
2025-02-01,427.6721458551781,234,gbm_corr_top1_2hop_rand11,f4,2
2025-03-01,411.8807113905337,234,gbm_corr_top1_2hop_rand11,f4,2
2023-11-01,364.2058122022009,234,gbm_corr_top1_rand12,f4,2
2023-12-01,282.37776420783,234,gbm_corr_top1_rand12,f4,2
2024-01-01,367.10382053896353,234,gbm_corr_top1_rand12,f4,2
2024-02-01,378.53112419825936,234,gbm_corr_top1_rand12,f4,2
2024-03-01,245.27684376599996,234,gbm_corr_top1_rand12,f4,2
2024-04-01,306.3369587709467,234,gbm_corr_top1_rand12,f4,2
2024-05-01,224.79928168689378,234,gbm_corr_top1_rand12,f4,2
2024-06-01,299.6493978311561,234,gbm_corr_top1_rand12,f4,2
2024-07-01,214.30805242449225,234,gbm_corr_top1_rand12,f4,2
2024-08-01,383.52715547787125,234,gbm_corr_top1_rand12,f4,2
2024-09-01,445.6662852898625,234,gbm_corr_top1_rand12,f4,2
2024-10-01,618.995692640748,234,gbm_corr_top1_rand12,f4,2
2024-11-01,301.97752925164775,234,gbm_corr_top1_rand12,f4,2
2024-12-01,309.0144618932305,234,gbm_corr_top1_rand12,f4,2
2025-01-01,388.5101757511352,234,gbm_corr_top1_rand12,f4,2
2025-02-01,422.2653536075754,234,gbm_corr_top1_rand12,f4,2
2025-03-01,416.6520033320397,234,gbm_corr_top1_rand12,f4,2
2023-11-01,365.08716676329396,234,mlp_corr_top1_rand12,f4,2
2023-12-01,282.69382892040096,234,mlp_corr_top1_rand12,f4,2
2024-01-01,369.723172496457,234,mlp_corr_top1_rand12,f4,2
2024-02-01,382.93268931010243,234,mlp_corr_top1_rand12,f4,2
2024-03-01,246.15747129181904,234,mlp_corr_top1_rand12,f4,2
2024-04-01,304.378300014035,234,mlp_corr_top1_rand12,f4,2
2024-05-01,236.24960002236992,234,mlp_corr_top1_rand12,f4,2
2024-06-01,301.1029460181462,234,mlp_corr_top1_rand12,f4,2
2024-07-01,216.2318870811572,234,mlp_corr_top1_rand12,f4,2
2024-08-01,385.7727597629941,234,mlp_corr_top1_rand12,f4,2
2024-09-01,442.0158905221474,234,mlp_corr_top1_rand12,f4,2
2024-10-01,620.1391457036791,234,mlp_corr_top1_rand12,f4,2
2024-11-01,297.59880820859826,234,mlp_corr_top1_rand12,f4,2
2024-12-01,309.5939534061673,234,mlp_corr_top1_rand12,f4,2
2025-01-01,391.2764851750954,234,mlp_corr_top1_rand12,f4,2
2025-02-01,427.56033238402,234,mlp_corr_top1_rand12,f4,2
2025-03-01,411.54594830701046,234,mlp_corr_top1_rand12,f4,2
2023-11-01,365.600428829609,234,gbm_corr_top1_2hop_rand12,f4,2
2023-12-01,282.89446868205164,234,gbm_corr_top1_2hop_rand12,f4,2
2024-01-01,371.9309136803883,234,gbm_corr_top1_2hop_rand12,f4,2
2024-02-01,380.8581124263736,234,gbm_corr_top1_2hop_rand12,f4,2
2024-03-01,246.38879074305842,234,gbm_corr_top1_2hop_rand12,f4,2
2024-04-01,303.551245921739,234,gbm_corr_top1_2hop_rand12,f4,2
2024-05-01,225.78785337157973,234,gbm_corr_top1_2hop_rand12,f4,2
2024-06-01,295.4327696660998,234,gbm_corr_top1_2hop_rand12,f4,2
2024-07-01,214.64680678831013,234,gbm_corr_top1_2hop_rand12,f4,2
2024-08-01,384.62086587495463,234,gbm_corr_top1_2hop_rand12,f4,2
2024-09-01,444.3936564768249,234,gbm_corr_top1_2hop_rand12,f4,2
2024-10-01,613.567574725319,234,gbm_corr_top1_2hop_rand12,f4,2
2024-11-01,300.93377528594664,234,gbm_corr_top1_2hop_rand12,f4,2
2024-12-01,307.3808850539371,234,gbm_corr_top1_2hop_rand12,f4,2
2025-01-01,387.7082381514573,234,gbm_corr_top1_2hop_rand12,f4,2
2025-02-01,425.0916932732056,234,gbm_corr_top1_2hop_rand12,f4,2
2025-03-01,416.97643485578425,234,gbm_corr_top1_2hop_rand12,f4,2
2023-11-01,367.241835283553,234,gbm_corr_top1_rand13,f4,2
2023-12-01,277.678720030062,234,gbm_corr_top1_rand13,f4,2
2024-01-01,366.95232490641325,234,gbm_corr_top1_rand13,f4,2
2024-02-01,381.2021638250481,234,gbm_corr_top1_rand13,f4,2
2024-03-01,245.42262243401998,234,gbm_corr_top1_rand13,f4,2
2024-04-01,306.20535032830145,234,gbm_corr_top1_rand13,f4,2
2024-05-01,234.2198935600745,234,gbm_corr_top1_rand13,f4,2
2024-06-01,303.13196521298283,234,gbm_corr_top1_rand13,f4,2
2024-07-01,218.24294736852895,234,gbm_corr_top1_rand13,f4,2
2024-08-01,385.0343145119302,234,gbm_corr_top1_rand13,f4,2
2024-09-01,446.9242973073372,234,gbm_corr_top1_rand13,f4,2
2024-10-01,622.8021856242009,234,gbm_corr_top1_rand13,f4,2
2024-11-01,298.86750868471916,234,gbm_corr_top1_rand13,f4,2
2024-12-01,309.60662384202294,234,gbm_corr_top1_rand13,f4,2
2025-01-01,389.86728970639956,234,gbm_corr_top1_rand13,f4,2
2025-02-01,429.20140775431366,234,gbm_corr_top1_rand13,f4,2
2025-03-01,414.19011059476526,234,gbm_corr_top1_rand13,f4,2
2023-11-01,366.63600771188,234,mlp_corr_top1_rand13,f4,2
2023-12-01,285.65291133826537,234,mlp_corr_top1_rand13,f4,2
2024-01-01,373.7817596714494,234,mlp_corr_top1_rand13,f4,2
2024-02-01,384.86006865762226,234,mlp_corr_top1_rand13,f4,2
2024-03-01,246.15981391698995,234,mlp_corr_top1_rand13,f4,2
2024-04-01,306.03813758685413,234,mlp_corr_top1_rand13,f4,2
2024-05-01,236.32866355356776,234,mlp_corr_top1_rand13,f4,2
2024-06-01,300.52636216588166,234,mlp_corr_top1_rand13,f4,2
2024-07-01,216.4818845752336,234,mlp_corr_top1_rand13,f4,2
2024-08-01,385.55125066767937,234,mlp_corr_top1_rand13,f4,2
2024-09-01,441.80777405502084,234,mlp_corr_top1_rand13,f4,2
2024-10-01,623.0250347618199,234,mlp_corr_top1_rand13,f4,2
2024-11-01,299.9953428641086,234,mlp_corr_top1_rand13,f4,2
2024-12-01,309.5998664354772,234,mlp_corr_top1_rand13,f4,2
2025-01-01,390.7110020611057,234,mlp_corr_top1_rand13,f4,2
2025-02-01,429.3593826388132,234,mlp_corr_top1_rand13,f4,2
2025-03-01,412.4696433974602,234,mlp_corr_top1_rand13,f4,2
2023-11-01,364.125503177685,234,gbm_corr_top1_2hop_rand13,f4,2
2023-12-01,279.00478910970605,234,gbm_corr_top1_2hop_rand13,f4,2
2024-01-01,364.30740928411785,234,gbm_corr_top1_2hop_rand13,f4,2
2024-02-01,378.85004747957123,234,gbm_corr_top1_2hop_rand13,f4,2
2024-03-01,249.63207278039195,234,gbm_corr_top1_2hop_rand13,f4,2
2024-04-01,304.7655846670173,234,gbm_corr_top1_2hop_rand13,f4,2
2024-05-01,228.71357586928931,234,gbm_corr_top1_2hop_rand13,f4,2
2024-06-01,306.03973375297636,234,gbm_corr_top1_2hop_rand13,f4,2
2024-07-01,217.6668925740534,234,gbm_corr_top1_2hop_rand13,f4,2
2024-08-01,385.4550969274579,234,gbm_corr_top1_2hop_rand13,f4,2
2024-09-01,446.0568996653428,234,gbm_corr_top1_2hop_rand13,f4,2
2024-10-01,620.2975889545506,234,gbm_corr_top1_2hop_rand13,f4,2
2024-11-01,297.11947492691183,234,gbm_corr_top1_2hop_rand13,f4,2
2024-12-01,313.57733160560826,234,gbm_corr_top1_2hop_rand13,f4,2
2025-01-01,386.97508189334195,234,gbm_corr_top1_2hop_rand13,f4,2
2025-02-01,425.3042763778193,234,gbm_corr_top1_2hop_rand13,f4,2
2025-03-01,413.65347837208776,234,gbm_corr_top1_2hop_rand13,f4,2
2023-11-01,364.3255034429272,234,gbm_corr_top1_rand14,f4,2
2023-12-01,283.220324292806,234,gbm_corr_top1_rand14,f4,2
2024-01-01,365.81110245277745,234,gbm_corr_top1_rand14,f4,2
2024-02-01,382.10328549302136,234,gbm_corr_top1_rand14,f4,2
2024-03-01,243.7796282677562,234,gbm_corr_top1_rand14,f4,2
2024-04-01,305.3603110472609,234,gbm_corr_top1_rand14,f4,2
2024-05-01,231.77703550568856,234,gbm_corr_top1_rand14,f4,2
2024-06-01,303.34511041717724,234,gbm_corr_top1_rand14,f4,2
2024-07-01,213.86107260454915,234,gbm_corr_top1_rand14,f4,2
2024-08-01,385.29687898878564,234,gbm_corr_top1_rand14,f4,2
2024-09-01,445.4924619256364,234,gbm_corr_top1_rand14,f4,2
2024-10-01,627.5229541767503,234,gbm_corr_top1_rand14,f4,2
2024-11-01,296.0925096247017,234,gbm_corr_top1_rand14,f4,2
2024-12-01,302.03571130224424,234,gbm_corr_top1_rand14,f4,2
2025-01-01,392.8362308837662,234,gbm_corr_top1_rand14,f4,2
2025-02-01,427.16238329096007,234,gbm_corr_top1_rand14,f4,2
2025-03-01,411.2635563767272,234,gbm_corr_top1_rand14,f4,2
2023-11-01,368.52351097680173,234,mlp_corr_top1_rand14,f4,2
2023-12-01,284.30177376676636,234,mlp_corr_top1_rand14,f4,2
2024-01-01,368.29141773579875,234,mlp_corr_top1_rand14,f4,2
2024-02-01,387.7212429985198,234,mlp_corr_top1_rand14,f4,2
2024-03-01,247.17694538245888,234,mlp_corr_top1_rand14,f4,2
2024-04-01,306.79517367895255,234,mlp_corr_top1_rand14,f4,2
2024-05-01,237.56265438880055,234,mlp_corr_top1_rand14,f4,2
2024-06-01,300.3113618770829,234,mlp_corr_top1_rand14,f4,2
2024-07-01,215.97324321721715,234,mlp_corr_top1_rand14,f4,2
2024-08-01,387.7475888617355,234,mlp_corr_top1_rand14,f4,2
2024-09-01,447.3349530013461,234,mlp_corr_top1_rand14,f4,2
2024-10-01,625.9813054502555,234,mlp_corr_top1_rand14,f4,2
2024-11-01,300.28477617265133,234,mlp_corr_top1_rand14,f4,2
2024-12-01,309.669317549514,234,mlp_corr_top1_rand14,f4,2
2025-01-01,395.8806833436823,234,mlp_corr_top1_rand14,f4,2
2025-02-01,430.0144697219341,234,mlp_corr_top1_rand14,f4,2
2025-03-01,411.28361855796146,234,mlp_corr_top1_rand14,f4,2
2023-11-01,367.9898266207744,234,gbm_corr_top1_2hop_rand14,f4,2
2023-12-01,284.22121986561353,234,gbm_corr_top1_2hop_rand14,f4,2
2024-01-01,367.96235660321366,234,gbm_corr_top1_2hop_rand14,f4,2
2024-02-01,383.87567895239164,234,gbm_corr_top1_2hop_rand14,f4,2
2024-03-01,246.1465884688273,234,gbm_corr_top1_2hop_rand14,f4,2
2024-04-01,303.84782060292326,234,gbm_corr_top1_2hop_rand14,f4,2
2024-05-01,234.540913801886,234,gbm_corr_top1_2hop_rand14,f4,2
2024-06-01,306.70871933059414,234,gbm_corr_top1_2hop_rand14,f4,2
2024-07-01,214.3986986712166,234,gbm_corr_top1_2hop_rand14,f4,2
2024-08-01,384.1449209428964,234,gbm_corr_top1_2hop_rand14,f4,2
2024-09-01,449.0482745796615,234,gbm_corr_top1_2hop_rand14,f4,2
2024-10-01,625.0960874456741,234,gbm_corr_top1_2hop_rand14,f4,2
2024-11-01,289.64484326272463,234,gbm_corr_top1_2hop_rand14,f4,2
2024-12-01,299.3593979607015,234,gbm_corr_top1_2hop_rand14,f4,2
2025-01-01,393.94382646763796,234,gbm_corr_top1_2hop_rand14,f4,2
2025-02-01,431.58331981837296,234,gbm_corr_top1_2hop_rand14,f4,2
2025-03-01,410.8287824777137,234,gbm_corr_top1_2hop_rand14,f4,2
2023-11-01,363.49935422429195,234,gbm_corr_top1_rand15,f4,2
2023-12-01,281.7845171747048,234,gbm_corr_top1_rand15,f4,2
2024-01-01,371.1856828939185,234,gbm_corr_top1_rand15,f4,2
2024-02-01,383.3874595788395,234,gbm_corr_top1_rand15,f4,2
2024-03-01,241.10078647849903,234,gbm_corr_top1_rand15,f4,2
2024-04-01,303.2822950745071,234,gbm_corr_top1_rand15,f4,2
2024-05-01,233.7990953116314,234,gbm_corr_top1_rand15,f4,2
2024-06-01,304.509784824905,234,gbm_corr_top1_rand15,f4,2
2024-07-01,216.82326555144527,234,gbm_corr_top1_rand15,f4,2
2024-08-01,388.39698126748397,234,gbm_corr_top1_rand15,f4,2
2024-09-01,451.29228484870816,234,gbm_corr_top1_rand15,f4,2
2024-10-01,626.7535556709726,234,gbm_corr_top1_rand15,f4,2
2024-11-01,291.2751893960713,234,gbm_corr_top1_rand15,f4,2
2024-12-01,301.5127524562079,234,gbm_corr_top1_rand15,f4,2
2025-01-01,388.0274940308496,234,gbm_corr_top1_rand15,f4,2
2025-02-01,422.98059392891304,234,gbm_corr_top1_rand15,f4,2
2025-03-01,410.38018786794873,234,gbm_corr_top1_rand15,f4,2
2023-11-01,364.8818567232818,234,mlp_corr_top1_rand15,f4,2
2023-12-01,283.54050642543405,234,mlp_corr_top1_rand15,f4,2
2024-01-01,369.1914257978347,234,mlp_corr_top1_rand15,f4,2
2024-02-01,383.5910042395791,234,mlp_corr_top1_rand15,f4,2
2024-03-01,242.85263618176063,234,mlp_corr_top1_rand15,f4,2
2024-04-01,299.2255365164338,234,mlp_corr_top1_rand15,f4,2
2024-05-01,229.47772172526723,234,mlp_corr_top1_rand15,f4,2
2024-06-01,306.36367913918644,234,mlp_corr_top1_rand15,f4,2
2024-07-01,215.36036573484657,234,mlp_corr_top1_rand15,f4,2
2024-08-01,379.80362300590923,234,mlp_corr_top1_rand15,f4,2
2024-09-01,444.02177619595204,234,mlp_corr_top1_rand15,f4,2
2024-10-01,618.4559490828236,234,mlp_corr_top1_rand15,f4,2
2024-11-01,291.91366159977764,234,mlp_corr_top1_rand15,f4,2
2024-12-01,306.3069782026887,234,mlp_corr_top1_rand15,f4,2
2025-01-01,388.3480018356824,234,mlp_corr_top1_rand15,f4,2
2025-02-01,424.49412788465685,234,mlp_corr_top1_rand15,f4,2
2025-03-01,408.6371983424655,234,mlp_corr_top1_rand15,f4,2
2023-11-01,363.55594740352154,234,gbm_corr_top1_2hop_rand15,f4,2
2023-12-01,282.91209043403245,234,gbm_corr_top1_2hop_rand15,f4,2
2024-01-01,372.68364439001203,234,gbm_corr_top1_2hop_rand15,f4,2
2024-02-01,383.754085315366,234,gbm_corr_top1_2hop_rand15,f4,2
2024-03-01,245.10776549331274,234,gbm_corr_top1_2hop_rand15,f4,2
2024-04-01,304.54917031351266,234,gbm_corr_top1_2hop_rand15,f4,2
2024-05-01,234.40649296604258,234,gbm_corr_top1_2hop_rand15,f4,2
2024-06-01,304.66159316377383,234,gbm_corr_top1_2hop_rand15,f4,2
2024-07-01,217.66932796989633,234,gbm_corr_top1_2hop_rand15,f4,2
2024-08-01,390.31428391166247,234,gbm_corr_top1_2hop_rand15,f4,2
2024-09-01,448.127060597507,234,gbm_corr_top1_2hop_rand15,f4,2
2024-10-01,629.5969255401974,234,gbm_corr_top1_2hop_rand15,f4,2
2024-11-01,296.29220367005263,234,gbm_corr_top1_2hop_rand15,f4,2
2024-12-01,304.5764021423944,234,gbm_corr_top1_2hop_rand15,f4,2
2025-01-01,389.1669370154325,234,gbm_corr_top1_2hop_rand15,f4,2
2025-02-01,421.319331693304,234,gbm_corr_top1_2hop_rand15,f4,2
2025-03-01,408.78847158489623,234,gbm_corr_top1_2hop_rand15,f4,2
2023-11-01,363.31297867963804,234,gbm_corr_top1_rand16,f4,2
2023-12-01,282.94510762119,234,gbm_corr_top1_rand16,f4,2
2024-01-01,369.5343078504868,234,gbm_corr_top1_rand16,f4,2
2024-02-01,378.670751989007,234,gbm_corr_top1_rand16,f4,2
2024-03-01,242.1673673900853,234,gbm_corr_top1_rand16,f4,2
2024-04-01,302.7989490419244,234,gbm_corr_top1_rand16,f4,2
2024-05-01,234.9330173528072,234,gbm_corr_top1_rand16,f4,2
2024-06-01,300.10329442318516,234,gbm_corr_top1_rand16,f4,2
2024-07-01,211.7752415001312,234,gbm_corr_top1_rand16,f4,2
2024-08-01,384.4297660912775,234,gbm_corr_top1_rand16,f4,2
2024-09-01,448.06986691163723,234,gbm_corr_top1_rand16,f4,2
2024-10-01,615.7939288208604,234,gbm_corr_top1_rand16,f4,2
2024-11-01,297.16051150670756,234,gbm_corr_top1_rand16,f4,2
2024-12-01,307.58745575766807,234,gbm_corr_top1_rand16,f4,2
2025-01-01,388.9658413442532,234,gbm_corr_top1_rand16,f4,2
2025-02-01,427.1089640083495,234,gbm_corr_top1_rand16,f4,2
2025-03-01,409.81083860596,234,gbm_corr_top1_rand16,f4,2
2023-11-01,367.1769092559911,234,mlp_corr_top1_rand16,f4,2
2023-12-01,283.32375392507964,234,mlp_corr_top1_rand16,f4,2
2024-01-01,367.9183641522987,234,mlp_corr_top1_rand16,f4,2
2024-02-01,377.0551487940193,234,mlp_corr_top1_rand16,f4,2
2024-03-01,243.43886832538172,234,mlp_corr_top1_rand16,f4,2
2024-04-01,304.93304128819426,234,mlp_corr_top1_rand16,f4,2
2024-05-01,233.87487947122438,234,mlp_corr_top1_rand16,f4,2
2024-06-01,302.31077129681944,234,mlp_corr_top1_rand16,f4,2
2024-07-01,216.38051246997497,234,mlp_corr_top1_rand16,f4,2
2024-08-01,380.7689853327994,234,mlp_corr_top1_rand16,f4,2
2024-09-01,441.3085999669435,234,mlp_corr_top1_rand16,f4,2
2024-10-01,615.3190321271987,234,mlp_corr_top1_rand16,f4,2
2024-11-01,295.82562491903553,234,mlp_corr_top1_rand16,f4,2
2024-12-01,306.4826002731423,234,mlp_corr_top1_rand16,f4,2
2025-01-01,392.2353514992823,234,mlp_corr_top1_rand16,f4,2
2025-02-01,424.32054884430863,234,mlp_corr_top1_rand16,f4,2
2025-03-01,410.8059911684685,234,mlp_corr_top1_rand16,f4,2
2023-11-01,366.2290559799848,234,gbm_corr_top1_2hop_rand16,f4,2
2023-12-01,281.80476426637307,234,gbm_corr_top1_2hop_rand16,f4,2
2024-01-01,367.9245956567905,234,gbm_corr_top1_2hop_rand16,f4,2
2024-02-01,377.01163861784426,234,gbm_corr_top1_2hop_rand16,f4,2
2024-03-01,241.40961484203066,234,gbm_corr_top1_2hop_rand16,f4,2
2024-04-01,306.6166903165856,234,gbm_corr_top1_2hop_rand16,f4,2
2024-05-01,237.6182165788,234,gbm_corr_top1_2hop_rand16,f4,2
2024-06-01,303.181125440929,234,gbm_corr_top1_2hop_rand16,f4,2
2024-07-01,214.87539430907364,234,gbm_corr_top1_2hop_rand16,f4,2
2024-08-01,384.92713060548425,234,gbm_corr_top1_2hop_rand16,f4,2
2024-09-01,446.96525955172655,234,gbm_corr_top1_2hop_rand16,f4,2
2024-10-01,618.2880881667882,234,gbm_corr_top1_2hop_rand16,f4,2
2024-11-01,299.3987788624007,234,gbm_corr_top1_2hop_rand16,f4,2
2024-12-01,305.766563074469,234,gbm_corr_top1_2hop_rand16,f4,2
2025-01-01,392.67806765269967,234,gbm_corr_top1_2hop_rand16,f4,2
2025-02-01,426.328017696466,234,gbm_corr_top1_2hop_rand16,f4,2
2025-03-01,411.81752741313693,234,gbm_corr_top1_2hop_rand16,f4,2
2023-11-01,364.33883795089895,234,gbm_corr_top1_rand17,f4,2
2023-12-01,281.9305045940168,234,gbm_corr_top1_rand17,f4,2
2024-01-01,367.68993664892815,234,gbm_corr_top1_rand17,f4,2
2024-02-01,385.1855199807969,234,gbm_corr_top1_rand17,f4,2
2024-03-01,244.15192520658758,234,gbm_corr_top1_rand17,f4,2
2024-04-01,302.0300656516404,234,gbm_corr_top1_rand17,f4,2
2024-05-01,230.49425205511798,234,gbm_corr_top1_rand17,f4,2
2024-06-01,301.23728848861,234,gbm_corr_top1_rand17,f4,2
2024-07-01,217.42361768722913,234,gbm_corr_top1_rand17,f4,2
2024-08-01,385.09982189448516,234,gbm_corr_top1_rand17,f4,2
2024-09-01,444.6912912844374,234,gbm_corr_top1_rand17,f4,2
2024-10-01,620.7364244282692,234,gbm_corr_top1_rand17,f4,2
2024-11-01,289.6281107180914,234,gbm_corr_top1_rand17,f4,2
2024-12-01,312.4560839036076,234,gbm_corr_top1_rand17,f4,2
2025-01-01,387.8795448399133,234,gbm_corr_top1_rand17,f4,2
2025-02-01,426.24575563635716,234,gbm_corr_top1_rand17,f4,2
2025-03-01,412.4697379252678,234,gbm_corr_top1_rand17,f4,2
2023-11-01,365.0172811112468,234,mlp_corr_top1_rand17,f4,2
2023-12-01,282.1919700264938,234,mlp_corr_top1_rand17,f4,2
2024-01-01,370.56665906899116,234,mlp_corr_top1_rand17,f4,2
2024-02-01,383.7324823670346,234,mlp_corr_top1_rand17,f4,2
2024-03-01,246.5422063641627,234,mlp_corr_top1_rand17,f4,2
2024-04-01,303.19733822384757,234,mlp_corr_top1_rand17,f4,2
2024-05-01,237.48197908021243,234,mlp_corr_top1_rand17,f4,2
2024-06-01,304.25269800871956,234,mlp_corr_top1_rand17,f4,2
2024-07-01,219.09815595528028,234,mlp_corr_top1_rand17,f4,2
2024-08-01,388.0660342736424,234,mlp_corr_top1_rand17,f4,2
2024-09-01,445.00218959187146,234,mlp_corr_top1_rand17,f4,2
2024-10-01,624.9395007998718,234,mlp_corr_top1_rand17,f4,2
2024-11-01,301.66725322031846,234,mlp_corr_top1_rand17,f4,2
2024-12-01,314.3721814848363,234,mlp_corr_top1_rand17,f4,2
2025-01-01,390.0230192725995,234,mlp_corr_top1_rand17,f4,2
2025-02-01,427.85981015345806,234,mlp_corr_top1_rand17,f4,2
2025-03-01,414.59419722195764,234,mlp_corr_top1_rand17,f4,2
2023-11-01,364.9233220856921,234,gbm_corr_top1_2hop_rand17,f4,2
2023-12-01,281.01085142681853,234,gbm_corr_top1_2hop_rand17,f4,2
2024-01-01,367.98281185672505,234,gbm_corr_top1_2hop_rand17,f4,2
2024-02-01,384.2979146880429,234,gbm_corr_top1_2hop_rand17,f4,2
2024-03-01,246.3812271319532,234,gbm_corr_top1_2hop_rand17,f4,2
2024-04-01,305.6536072485419,234,gbm_corr_top1_2hop_rand17,f4,2
2024-05-01,231.8473540199155,234,gbm_corr_top1_2hop_rand17,f4,2
2024-06-01,304.07969392272634,234,gbm_corr_top1_2hop_rand17,f4,2
2024-07-01,220.5409001533262,234,gbm_corr_top1_2hop_rand17,f4,2
2024-08-01,387.33277541896894,234,gbm_corr_top1_2hop_rand17,f4,2
2024-09-01,444.05185636287547,234,gbm_corr_top1_2hop_rand17,f4,2
2024-10-01,617.7657036251098,234,gbm_corr_top1_2hop_rand17,f4,2
2024-11-01,290.8723078045911,234,gbm_corr_top1_2hop_rand17,f4,2
2024-12-01,308.82711037021454,234,gbm_corr_top1_2hop_rand17,f4,2
2025-01-01,383.549242541162,234,gbm_corr_top1_2hop_rand17,f4,2
2025-02-01,427.5507255105677,234,gbm_corr_top1_2hop_rand17,f4,2
2025-03-01,409.32791657791273,234,gbm_corr_top1_2hop_rand17,f4,2
2023-11-01,368.0672920524473,234,gbm_corr_top1_rand18,f4,2
2023-12-01,284.5450608426046,234,gbm_corr_top1_rand18,f4,2
2024-01-01,368.11756140978997,234,gbm_corr_top1_rand18,f4,2
2024-02-01,379.84212497384755,234,gbm_corr_top1_rand18,f4,2
2024-03-01,243.24959003767464,234,gbm_corr_top1_rand18,f4,2
2024-04-01,305.29656531050904,234,gbm_corr_top1_rand18,f4,2
2024-05-01,232.17870626792669,234,gbm_corr_top1_rand18,f4,2
2024-06-01,299.1066547320301,234,gbm_corr_top1_rand18,f4,2
2024-07-01,212.3998930493246,234,gbm_corr_top1_rand18,f4,2
2024-08-01,385.83032444277455,234,gbm_corr_top1_rand18,f4,2
2024-09-01,443.01292423901356,234,gbm_corr_top1_rand18,f4,2
2024-10-01,623.286729002953,234,gbm_corr_top1_rand18,f4,2
2024-11-01,289.821191495621,234,gbm_corr_top1_rand18,f4,2
2024-12-01,304.42749234339993,234,gbm_corr_top1_rand18,f4,2
2025-01-01,385.1310839852966,234,gbm_corr_top1_rand18,f4,2
2025-02-01,424.45017882229257,234,gbm_corr_top1_rand18,f4,2
2025-03-01,415.6089728021698,234,gbm_corr_top1_rand18,f4,2
2023-11-01,369.08653453882636,234,mlp_corr_top1_rand18,f4,2
2023-12-01,280.9256846635968,234,mlp_corr_top1_rand18,f4,2
2024-01-01,364.9271806707186,234,mlp_corr_top1_rand18,f4,2
2024-02-01,382.6642777687565,234,mlp_corr_top1_rand18,f4,2
2024-03-01,244.51828808697212,234,mlp_corr_top1_rand18,f4,2
2024-04-01,302.9170495494195,234,mlp_corr_top1_rand18,f4,2
2024-05-01,227.87220452535217,234,mlp_corr_top1_rand18,f4,2
2024-06-01,300.46243422209204,234,mlp_corr_top1_rand18,f4,2
2024-07-01,216.0676309078894,234,mlp_corr_top1_rand18,f4,2
2024-08-01,381.2352264546871,234,mlp_corr_top1_rand18,f4,2
2024-09-01,444.5170942809084,234,mlp_corr_top1_rand18,f4,2
2024-10-01,612.086129264536,234,mlp_corr_top1_rand18,f4,2
2024-11-01,292.3212377401317,234,mlp_corr_top1_rand18,f4,2
2024-12-01,301.1871613450084,234,mlp_corr_top1_rand18,f4,2
2025-01-01,384.0163406492052,234,mlp_corr_top1_rand18,f4,2
2025-02-01,426.26880780921357,234,mlp_corr_top1_rand18,f4,2
2025-03-01,411.58636476560196,234,mlp_corr_top1_rand18,f4,2
2023-11-01,365.5259638587673,234,gbm_corr_top1_2hop_rand18,f4,2
2023-12-01,284.4725659062534,234,gbm_corr_top1_2hop_rand18,f4,2
2024-01-01,366.7298814538607,234,gbm_corr_top1_2hop_rand18,f4,2
2024-02-01,378.7947877287225,234,gbm_corr_top1_2hop_rand18,f4,2
2024-03-01,242.13291348734782,234,gbm_corr_top1_2hop_rand18,f4,2
2024-04-01,303.93698760114626,234,gbm_corr_top1_2hop_rand18,f4,2
2024-05-01,236.09748854807998,234,gbm_corr_top1_2hop_rand18,f4,2
2024-06-01,299.5295366085351,234,gbm_corr_top1_2hop_rand18,f4,2
2024-07-01,211.6189491019215,234,gbm_corr_top1_2hop_rand18,f4,2
2024-08-01,385.33328704772015,234,gbm_corr_top1_2hop_rand18,f4,2
2024-09-01,441.6861674052167,234,gbm_corr_top1_2hop_rand18,f4,2
2024-10-01,620.0307769495524,234,gbm_corr_top1_2hop_rand18,f4,2
2024-11-01,289.33075445925783,234,gbm_corr_top1_2hop_rand18,f4,2
2024-12-01,307.45042139506165,234,gbm_corr_top1_2hop_rand18,f4,2
2025-01-01,395.22328266846995,234,gbm_corr_top1_2hop_rand18,f4,2
2025-02-01,429.1829336413679,234,gbm_corr_top1_2hop_rand18,f4,2
2025-03-01,418.2130852514753,234,gbm_corr_top1_2hop_rand18,f4,2
2023-11-01,364.94660695996873,234,gbm_corr_top1_rand19,f4,2
2023-12-01,285.1831035940952,234,gbm_corr_top1_rand19,f4,2
2024-01-01,367.9835836025514,234,gbm_corr_top1_rand19,f4,2
2024-02-01,375.53738690743205,234,gbm_corr_top1_rand19,f4,2
2024-03-01,239.674261359853,234,gbm_corr_top1_rand19,f4,2
2024-04-01,300.78773699821875,234,gbm_corr_top1_rand19,f4,2
2024-05-01,228.69899798441605,234,gbm_corr_top1_rand19,f4,2
2024-06-01,303.83214154933546,234,gbm_corr_top1_rand19,f4,2
2024-07-01,214.4881753808788,234,gbm_corr_top1_rand19,f4,2
2024-08-01,383.68196713249563,234,gbm_corr_top1_rand19,f4,2
2024-09-01,444.7489692990209,234,gbm_corr_top1_rand19,f4,2
2024-10-01,618.5250599578671,234,gbm_corr_top1_rand19,f4,2
2024-11-01,299.7564697310019,234,gbm_corr_top1_rand19,f4,2
2024-12-01,309.17307581677426,234,gbm_corr_top1_rand19,f4,2
2025-01-01,391.70401896473385,234,gbm_corr_top1_rand19,f4,2
2025-02-01,430.6929490636047,234,gbm_corr_top1_rand19,f4,2
2025-03-01,407.9978537037297,234,gbm_corr_top1_rand19,f4,2
2023-11-01,369.976979465608,234,mlp_corr_top1_rand19,f4,2
2023-12-01,286.7576026830715,234,mlp_corr_top1_rand19,f4,2
2024-01-01,374.24398786865146,234,mlp_corr_top1_rand19,f4,2
2024-02-01,385.94916215202915,234,mlp_corr_top1_rand19,f4,2
2024-03-01,245.46866911762356,234,mlp_corr_top1_rand19,f4,2
2024-04-01,307.50791607514566,234,mlp_corr_top1_rand19,f4,2
2024-05-01,232.06711576083063,234,mlp_corr_top1_rand19,f4,2
2024-06-01,294.13658643281866,234,mlp_corr_top1_rand19,f4,2
2024-07-01,212.02105536834011,234,mlp_corr_top1_rand19,f4,2
2024-08-01,382.3190995781592,234,mlp_corr_top1_rand19,f4,2
2024-09-01,442.21365201335556,234,mlp_corr_top1_rand19,f4,2
2024-10-01,620.0735922086785,234,mlp_corr_top1_rand19,f4,2
2024-11-01,302.24706886538667,234,mlp_corr_top1_rand19,f4,2
2024-12-01,309.38389160029476,234,mlp_corr_top1_rand19,f4,2
2025-01-01,393.72150351350297,234,mlp_corr_top1_rand19,f4,2
2025-02-01,434.88795682547254,234,mlp_corr_top1_rand19,f4,2
2025-03-01,412.88879144479847,234,mlp_corr_top1_rand19,f4,2
2023-11-01,364.8991414070128,234,gbm_corr_top1_2hop_rand19,f4,2
2023-12-01,281.6461445678487,234,gbm_corr_top1_2hop_rand19,f4,2
2024-01-01,371.54489209927135,234,gbm_corr_top1_2hop_rand19,f4,2
2024-02-01,379.2990409106513,234,gbm_corr_top1_2hop_rand19,f4,2
2024-03-01,241.6143453062271,234,gbm_corr_top1_2hop_rand19,f4,2
2024-04-01,306.6593462683182,234,gbm_corr_top1_2hop_rand19,f4,2
2024-05-01,229.1118738112905,234,gbm_corr_top1_2hop_rand19,f4,2
2024-06-01,303.28728530876845,234,gbm_corr_top1_2hop_rand19,f4,2
2024-07-01,220.65945706997312,234,gbm_corr_top1_2hop_rand19,f4,2
2024-08-01,380.79374693115494,234,gbm_corr_top1_2hop_rand19,f4,2
2024-09-01,447.9657966760293,234,gbm_corr_top1_2hop_rand19,f4,2
2024-10-01,618.7503621375956,234,gbm_corr_top1_2hop_rand19,f4,2
2024-11-01,297.3116717505035,234,gbm_corr_top1_2hop_rand19,f4,2
2024-12-01,307.0053211076824,234,gbm_corr_top1_2hop_rand19,f4,2
2025-01-01,393.56294769538084,234,gbm_corr_top1_2hop_rand19,f4,2
2025-02-01,429.2580902734443,234,gbm_corr_top1_2hop_rand19,f4,2
2025-03-01,410.5438047615491,234,gbm_corr_top1_2hop_rand19,f4,2
2023-12-01,278.9783623941341,234,gbm_corr_top1_rand0,f4,3
2024-01-01,407.5152785737394,234,gbm_corr_top1_rand0,f4,3
2024-02-01,440.54802700421754,234,gbm_corr_top1_rand0,f4,3
2024-03-01,272.08118490438466,234,gbm_corr_top1_rand0,f4,3
2024-04-01,327.20281453832945,234,gbm_corr_top1_rand0,f4,3
2024-05-01,299.80607038559054,234,gbm_corr_top1_rand0,f4,3
2024-06-01,300.26127354700935,234,gbm_corr_top1_rand0,f4,3
2024-07-01,262.96350110368274,234,gbm_corr_top1_rand0,f4,3
2024-08-01,408.5585507078917,234,gbm_corr_top1_rand0,f4,3
2024-09-01,446.0342725745051,234,gbm_corr_top1_rand0,f4,3
2024-10-01,710.4537527778707,234,gbm_corr_top1_rand0,f4,3
2024-11-01,384.40131039729465,234,gbm_corr_top1_rand0,f4,3
2024-12-01,347.32334989265775,234,gbm_corr_top1_rand0,f4,3
2025-01-01,405.2807618168471,234,gbm_corr_top1_rand0,f4,3
2025-02-01,447.2767661536241,234,gbm_corr_top1_rand0,f4,3
2025-03-01,439.0968528752431,234,gbm_corr_top1_rand0,f4,3
2025-04-01,317.48018367850773,234,gbm_corr_top1_rand0,f4,3
2023-12-01,277.39191967343874,234,mlp_corr_top1_rand0,f4,3
2024-01-01,407.0214190352052,234,mlp_corr_top1_rand0,f4,3
2024-02-01,443.81965473840455,234,mlp_corr_top1_rand0,f4,3
2024-03-01,269.42783178480545,234,mlp_corr_top1_rand0,f4,3
2024-04-01,325.61428886332965,234,mlp_corr_top1_rand0,f4,3
2024-05-01,295.63083126298665,234,mlp_corr_top1_rand0,f4,3
2024-06-01,302.7728474407647,234,mlp_corr_top1_rand0,f4,3
2024-07-01,264.9424051960051,234,mlp_corr_top1_rand0,f4,3
2024-08-01,406.83760754726245,234,mlp_corr_top1_rand0,f4,3
2024-09-01,449.0654341832747,234,mlp_corr_top1_rand0,f4,3
2024-10-01,713.8464301982361,234,mlp_corr_top1_rand0,f4,3
2024-11-01,375.6527016052698,234,mlp_corr_top1_rand0,f4,3
2024-12-01,345.7619247749922,234,mlp_corr_top1_rand0,f4,3
2025-01-01,405.52150809711185,234,mlp_corr_top1_rand0,f4,3
2025-02-01,445.74788440456814,234,mlp_corr_top1_rand0,f4,3
2025-03-01,439.79595011039765,234,mlp_corr_top1_rand0,f4,3
2025-04-01,318.28783228469354,234,mlp_corr_top1_rand0,f4,3
2023-12-01,279.2742785170039,234,gbm_corr_top1_2hop_rand0,f4,3
2024-01-01,402.03529118915975,234,gbm_corr_top1_2hop_rand0,f4,3
2024-02-01,440.5533952269121,234,gbm_corr_top1_2hop_rand0,f4,3
2024-03-01,272.0394236490485,234,gbm_corr_top1_2hop_rand0,f4,3
2024-04-01,329.17007144934036,234,gbm_corr_top1_2hop_rand0,f4,3
2024-05-01,297.5607610677507,234,gbm_corr_top1_2hop_rand0,f4,3
2024-06-01,300.3608323678479,234,gbm_corr_top1_2hop_rand0,f4,3
2024-07-01,261.672775445062,234,gbm_corr_top1_2hop_rand0,f4,3
2024-08-01,407.16052291481355,234,gbm_corr_top1_2hop_rand0,f4,3
2024-09-01,444.5701969201602,234,gbm_corr_top1_2hop_rand0,f4,3
2024-10-01,714.7830163967989,234,gbm_corr_top1_2hop_rand0,f4,3
2024-11-01,384.2217401535278,234,gbm_corr_top1_2hop_rand0,f4,3
2024-12-01,348.6580958905246,234,gbm_corr_top1_2hop_rand0,f4,3
2025-01-01,412.66512900482786,234,gbm_corr_top1_2hop_rand0,f4,3
2025-02-01,445.50668485444277,234,gbm_corr_top1_2hop_rand0,f4,3
2025-03-01,435.57424577127307,234,gbm_corr_top1_2hop_rand0,f4,3
2025-04-01,319.85544452036527,234,gbm_corr_top1_2hop_rand0,f4,3
2023-12-01,282.85687327859216,234,gbm_corr_top1_rand1,f4,3
2024-01-01,403.9174580787631,234,gbm_corr_top1_rand1,f4,3
2024-02-01,442.99234222817097,234,gbm_corr_top1_rand1,f4,3
2024-03-01,270.74824024675485,234,gbm_corr_top1_rand1,f4,3
2024-04-01,326.52654386473716,234,gbm_corr_top1_rand1,f4,3
2024-05-01,297.4687452078069,234,gbm_corr_top1_rand1,f4,3
2024-06-01,296.1379200483545,234,gbm_corr_top1_rand1,f4,3
2024-07-01,258.7100224914886,234,gbm_corr_top1_rand1,f4,3
2024-08-01,400.3609826994352,234,gbm_corr_top1_rand1,f4,3
2024-09-01,443.887132130592,234,gbm_corr_top1_rand1,f4,3
2024-10-01,703.7622543864545,234,gbm_corr_top1_rand1,f4,3
2024-11-01,378.7993293370087,234,gbm_corr_top1_rand1,f4,3
2024-12-01,338.33307834333664,234,gbm_corr_top1_rand1,f4,3
2025-01-01,399.8846423008422,234,gbm_corr_top1_rand1,f4,3
2025-02-01,446.08263367336923,234,gbm_corr_top1_rand1,f4,3
2025-03-01,441.1098042714539,234,gbm_corr_top1_rand1,f4,3
2025-04-01,321.30787388665635,234,gbm_corr_top1_rand1,f4,3
2023-12-01,278.4702564191257,234,mlp_corr_top1_rand1,f4,3
2024-01-01,405.00423745225413,234,mlp_corr_top1_rand1,f4,3
2024-02-01,436.5182438558107,234,mlp_corr_top1_rand1,f4,3
2024-03-01,268.9722673935493,234,mlp_corr_top1_rand1,f4,3
2024-04-01,326.8711480758684,234,mlp_corr_top1_rand1,f4,3
2024-05-01,293.6413925850142,234,mlp_corr_top1_rand1,f4,3
2024-06-01,295.88499318583,234,mlp_corr_top1_rand1,f4,3
2024-07-01,258.45348767982904,234,mlp_corr_top1_rand1,f4,3
2024-08-01,399.8898961628677,234,mlp_corr_top1_rand1,f4,3
2024-09-01,440.9447456207687,234,mlp_corr_top1_rand1,f4,3
2024-10-01,704.1460079270518,234,mlp_corr_top1_rand1,f4,3
2024-11-01,371.61394681645083,234,mlp_corr_top1_rand1,f4,3
2024-12-01,336.4470351756627,234,mlp_corr_top1_rand1,f4,3
2025-01-01,400.14275945101184,234,mlp_corr_top1_rand1,f4,3
2025-02-01,447.6752202530103,234,mlp_corr_top1_rand1,f4,3
2025-03-01,438.3059876304119,234,mlp_corr_top1_rand1,f4,3
2025-04-01,321.2238488800233,234,mlp_corr_top1_rand1,f4,3
2023-12-01,278.96522925342134,234,gbm_corr_top1_2hop_rand1,f4,3
2024-01-01,410.5187064290933,234,gbm_corr_top1_2hop_rand1,f4,3
2024-02-01,445.79064461056623,234,gbm_corr_top1_2hop_rand1,f4,3
2024-03-01,269.76921661161987,234,gbm_corr_top1_2hop_rand1,f4,3
2024-04-01,327.2194562285783,234,gbm_corr_top1_2hop_rand1,f4,3
2024-05-01,295.08894436450527,234,gbm_corr_top1_2hop_rand1,f4,3
2024-06-01,298.16585704668654,234,gbm_corr_top1_2hop_rand1,f4,3
2024-07-01,261.1619841986848,234,gbm_corr_top1_2hop_rand1,f4,3
2024-08-01,402.57058313325285,234,gbm_corr_top1_2hop_rand1,f4,3
2024-09-01,442.94116649963064,234,gbm_corr_top1_2hop_rand1,f4,3
2024-10-01,707.9911671977895,234,gbm_corr_top1_2hop_rand1,f4,3
2024-11-01,374.1571029525251,234,gbm_corr_top1_2hop_rand1,f4,3
2024-12-01,336.92374527595496,234,gbm_corr_top1_2hop_rand1,f4,3
2025-01-01,399.51134250562194,234,gbm_corr_top1_2hop_rand1,f4,3
2025-02-01,446.50120280918287,234,gbm_corr_top1_2hop_rand1,f4,3
2025-03-01,444.2393828981223,234,gbm_corr_top1_2hop_rand1,f4,3
2025-04-01,316.35642877216804,234,gbm_corr_top1_2hop_rand1,f4,3
2023-12-01,283.5034971933083,234,gbm_corr_top1_rand2,f4,3
2024-01-01,409.80359354163085,234,gbm_corr_top1_rand2,f4,3
2024-02-01,443.542986518731,234,gbm_corr_top1_rand2,f4,3
2024-03-01,267.08020052175044,234,gbm_corr_top1_rand2,f4,3
2024-04-01,321.8706056605334,234,gbm_corr_top1_rand2,f4,3
2024-05-01,301.10069951751245,234,gbm_corr_top1_rand2,f4,3
2024-06-01,299.34986821846445,234,gbm_corr_top1_rand2,f4,3
2024-07-01,261.96302889401346,234,gbm_corr_top1_rand2,f4,3
2024-08-01,401.4188093642365,234,gbm_corr_top1_rand2,f4,3
2024-09-01,447.3152541916714,234,gbm_corr_top1_rand2,f4,3
2024-10-01,710.0403937452469,234,gbm_corr_top1_rand2,f4,3
2024-11-01,375.9013715952907,234,gbm_corr_top1_rand2,f4,3
2024-12-01,345.1542367218273,234,gbm_corr_top1_rand2,f4,3
2025-01-01,408.49815552316846,234,gbm_corr_top1_rand2,f4,3
2025-02-01,450.8396991032574,234,gbm_corr_top1_rand2,f4,3
2025-03-01,443.5965123242283,234,gbm_corr_top1_rand2,f4,3
2025-04-01,327.9671178288424,234,gbm_corr_top1_rand2,f4,3
2023-12-01,283.59961933963234,234,mlp_corr_top1_rand2,f4,3
2024-01-01,409.38102810135683,234,mlp_corr_top1_rand2,f4,3
2024-02-01,441.3662658570911,234,mlp_corr_top1_rand2,f4,3
2024-03-01,272.72984086998105,234,mlp_corr_top1_rand2,f4,3
2024-04-01,328.22772802890586,234,mlp_corr_top1_rand2,f4,3
2024-05-01,302.6712779376678,234,mlp_corr_top1_rand2,f4,3
2024-06-01,297.1702876282391,234,mlp_corr_top1_rand2,f4,3
2024-07-01,261.32783008160004,234,mlp_corr_top1_rand2,f4,3
2024-08-01,400.1323946404674,234,mlp_corr_top1_rand2,f4,3
2024-09-01,449.7542868380356,234,mlp_corr_top1_rand2,f4,3
2024-10-01,710.2962411744365,234,mlp_corr_top1_rand2,f4,3
2024-11-01,377.73126318396726,234,mlp_corr_top1_rand2,f4,3
2024-12-01,345.0216789944058,234,mlp_corr_top1_rand2,f4,3
2025-01-01,405.3945545048324,234,mlp_corr_top1_rand2,f4,3
2025-02-01,449.5518006241024,234,mlp_corr_top1_rand2,f4,3
2025-03-01,444.8463859437517,234,mlp_corr_top1_rand2,f4,3
2025-04-01,327.8513193560317,234,mlp_corr_top1_rand2,f4,3
2023-12-01,281.51520638074123,234,gbm_corr_top1_2hop_rand2,f4,3
2024-01-01,408.1395245181022,234,gbm_corr_top1_2hop_rand2,f4,3
2024-02-01,446.6978688653166,234,gbm_corr_top1_2hop_rand2,f4,3
2024-03-01,269.81527111250494,234,gbm_corr_top1_2hop_rand2,f4,3
2024-04-01,323.6877484367644,234,gbm_corr_top1_2hop_rand2,f4,3
2024-05-01,304.7485177676425,234,gbm_corr_top1_2hop_rand2,f4,3
2024-06-01,294.6188244843708,234,gbm_corr_top1_2hop_rand2,f4,3
2024-07-01,264.31778045505934,234,gbm_corr_top1_2hop_rand2,f4,3
2024-08-01,402.55031400788124,234,gbm_corr_top1_2hop_rand2,f4,3
2024-09-01,447.9543303897595,234,gbm_corr_top1_2hop_rand2,f4,3
2024-10-01,703.1248204526646,234,gbm_corr_top1_2hop_rand2,f4,3
2024-11-01,372.80742747908084,234,gbm_corr_top1_2hop_rand2,f4,3
2024-12-01,341.56969188737185,234,gbm_corr_top1_2hop_rand2,f4,3
2025-01-01,407.00891978738474,234,gbm_corr_top1_2hop_rand2,f4,3
2025-02-01,452.48639323050776,234,gbm_corr_top1_2hop_rand2,f4,3
2025-03-01,442.33538835236305,234,gbm_corr_top1_2hop_rand2,f4,3
2025-04-01,321.3286775683394,234,gbm_corr_top1_2hop_rand2,f4,3
2023-12-01,285.2172455836495,234,gbm_corr_top1_rand3,f4,3
2024-01-01,404.44633261646067,234,gbm_corr_top1_rand3,f4,3
2024-02-01,443.2688170110711,234,gbm_corr_top1_rand3,f4,3
2024-03-01,267.9283972494721,234,gbm_corr_top1_rand3,f4,3
2024-04-01,323.35879651723786,234,gbm_corr_top1_rand3,f4,3
2024-05-01,295.91380320762886,234,gbm_corr_top1_rand3,f4,3
2024-06-01,298.28420992488435,234,gbm_corr_top1_rand3,f4,3
2024-07-01,265.0042373952295,234,gbm_corr_top1_rand3,f4,3
2024-08-01,395.75766480300547,234,gbm_corr_top1_rand3,f4,3
2024-09-01,446.5668286111048,234,gbm_corr_top1_rand3,f4,3
2024-10-01,711.3805493987039,234,gbm_corr_top1_rand3,f4,3
2024-11-01,379.82030970053916,234,gbm_corr_top1_rand3,f4,3
2024-12-01,342.4244124199179,234,gbm_corr_top1_rand3,f4,3
2025-01-01,404.0129044881622,234,gbm_corr_top1_rand3,f4,3
2025-02-01,449.2054136492929,234,gbm_corr_top1_rand3,f4,3
2025-03-01,437.7360260309949,234,gbm_corr_top1_rand3,f4,3
2025-04-01,321.1113550628975,234,gbm_corr_top1_rand3,f4,3
2023-12-01,282.40654828659063,234,mlp_corr_top1_rand3,f4,3
2024-01-01,406.79490438282664,234,mlp_corr_top1_rand3,f4,3
2024-02-01,441.7271734578432,234,mlp_corr_top1_rand3,f4,3
2024-03-01,267.9289866519225,234,mlp_corr_top1_rand3,f4,3
2024-04-01,325.0141152768271,234,mlp_corr_top1_rand3,f4,3
2024-05-01,295.4442518038919,234,mlp_corr_top1_rand3,f4,3
2024-06-01,299.2825302881207,234,mlp_corr_top1_rand3,f4,3
2024-07-01,263.00744381519803,234,mlp_corr_top1_rand3,f4,3
2024-08-01,400.30497893288873,234,mlp_corr_top1_rand3,f4,3
2024-09-01,447.0847533046906,234,mlp_corr_top1_rand3,f4,3
2024-10-01,714.3943937236827,234,mlp_corr_top1_rand3,f4,3
2024-11-01,377.53204258398347,234,mlp_corr_top1_rand3,f4,3
2024-12-01,344.41082952855925,234,mlp_corr_top1_rand3,f4,3
2025-01-01,403.9377941259327,234,mlp_corr_top1_rand3,f4,3
2025-02-01,447.7424770826967,234,mlp_corr_top1_rand3,f4,3
2025-03-01,442.3356876657588,234,mlp_corr_top1_rand3,f4,3
2025-04-01,322.66071024844405,234,mlp_corr_top1_rand3,f4,3
2023-12-01,284.73973561578623,234,gbm_corr_top1_2hop_rand3,f4,3
2024-01-01,406.5405608670509,234,gbm_corr_top1_2hop_rand3,f4,3
2024-02-01,448.7983123489056,234,gbm_corr_top1_2hop_rand3,f4,3
2024-03-01,269.29545705810943,234,gbm_corr_top1_2hop_rand3,f4,3
2024-04-01,329.94000669137716,234,gbm_corr_top1_2hop_rand3,f4,3
2024-05-01,299.43539606321264,234,gbm_corr_top1_2hop_rand3,f4,3
2024-06-01,302.10325425435366,234,gbm_corr_top1_2hop_rand3,f4,3
2024-07-01,268.512281369114,234,gbm_corr_top1_2hop_rand3,f4,3
2024-08-01,400.4826769604915,234,gbm_corr_top1_2hop_rand3,f4,3
2024-09-01,445.6967455791331,234,gbm_corr_top1_2hop_rand3,f4,3
2024-10-01,717.9551990102852,234,gbm_corr_top1_2hop_rand3,f4,3
2024-11-01,383.75382843698236,234,gbm_corr_top1_2hop_rand3,f4,3
2024-12-01,343.8424505477276,234,gbm_corr_top1_2hop_rand3,f4,3
2025-01-01,404.27941050521997,234,gbm_corr_top1_2hop_rand3,f4,3
2025-02-01,442.3810289125031,234,gbm_corr_top1_2hop_rand3,f4,3
2025-03-01,441.12064365271004,234,gbm_corr_top1_2hop_rand3,f4,3
2025-04-01,320.3397648371433,234,gbm_corr_top1_2hop_rand3,f4,3
2023-12-01,282.12939483677883,234,gbm_corr_top1_rand4,f4,3
2024-01-01,405.39459998947706,234,gbm_corr_top1_rand4,f4,3
2024-02-01,437.6356467877811,234,gbm_corr_top1_rand4,f4,3
2024-03-01,267.4912775723299,234,gbm_corr_top1_rand4,f4,3
2024-04-01,324.77050989830866,234,gbm_corr_top1_rand4,f4,3
2024-05-01,303.27297813633874,234,gbm_corr_top1_rand4,f4,3
2024-06-01,299.54762638274633,234,gbm_corr_top1_rand4,f4,3
2024-07-01,262.4366025468516,234,gbm_corr_top1_rand4,f4,3
2024-08-01,394.15883618995616,234,gbm_corr_top1_rand4,f4,3
2024-09-01,447.7424530984269,234,gbm_corr_top1_rand4,f4,3
2024-10-01,711.6691522868259,234,gbm_corr_top1_rand4,f4,3
2024-11-01,382.2628194592798,234,gbm_corr_top1_rand4,f4,3
2024-12-01,344.0717614634961,234,gbm_corr_top1_rand4,f4,3
2025-01-01,401.58790587895146,234,gbm_corr_top1_rand4,f4,3
2025-02-01,451.41987579023373,234,gbm_corr_top1_rand4,f4,3
2025-03-01,437.3032990908594,234,gbm_corr_top1_rand4,f4,3
2025-04-01,321.15183093962116,234,gbm_corr_top1_rand4,f4,3
2023-12-01,280.6481634098385,234,mlp_corr_top1_rand4,f4,3
2024-01-01,405.1182025320359,234,mlp_corr_top1_rand4,f4,3
2024-02-01,435.58312211430353,234,mlp_corr_top1_rand4,f4,3
2024-03-01,268.5228676322146,234,mlp_corr_top1_rand4,f4,3
2024-04-01,324.6143359610306,234,mlp_corr_top1_rand4,f4,3
2024-05-01,299.20138408223164,234,mlp_corr_top1_rand4,f4,3
2024-06-01,299.71821035394015,234,mlp_corr_top1_rand4,f4,3
2024-07-01,264.53353175206155,234,mlp_corr_top1_rand4,f4,3
2024-08-01,396.2711296350047,234,mlp_corr_top1_rand4,f4,3
2024-09-01,444.61388390601627,234,mlp_corr_top1_rand4,f4,3
2024-10-01,709.0583980931829,234,mlp_corr_top1_rand4,f4,3
2024-11-01,375.8059884668944,234,mlp_corr_top1_rand4,f4,3
2024-12-01,342.01530797851916,234,mlp_corr_top1_rand4,f4,3
2025-01-01,399.2468593365087,234,mlp_corr_top1_rand4,f4,3
2025-02-01,447.207882995566,234,mlp_corr_top1_rand4,f4,3
2025-03-01,439.449472464377,234,mlp_corr_top1_rand4,f4,3
2025-04-01,321.86978331383455,234,mlp_corr_top1_rand4,f4,3
2023-12-01,278.965354578182,234,gbm_corr_top1_2hop_rand4,f4,3
2024-01-01,404.3218561196803,234,gbm_corr_top1_2hop_rand4,f4,3
2024-02-01,436.9820559454048,234,gbm_corr_top1_2hop_rand4,f4,3
2024-03-01,266.45857719041766,234,gbm_corr_top1_2hop_rand4,f4,3
2024-04-01,323.75334204366544,234,gbm_corr_top1_2hop_rand4,f4,3
2024-05-01,302.39656457862975,234,gbm_corr_top1_2hop_rand4,f4,3
2024-06-01,297.3202074996527,234,gbm_corr_top1_2hop_rand4,f4,3
2024-07-01,263.45739618029194,234,gbm_corr_top1_2hop_rand4,f4,3
2024-08-01,395.77751506110565,234,gbm_corr_top1_2hop_rand4,f4,3
2024-09-01,452.67325729333226,234,gbm_corr_top1_2hop_rand4,f4,3
2024-10-01,711.3096928882653,234,gbm_corr_top1_2hop_rand4,f4,3
2024-11-01,382.33700585615935,234,gbm_corr_top1_2hop_rand4,f4,3
2024-12-01,343.9597185573584,234,gbm_corr_top1_2hop_rand4,f4,3
2025-01-01,400.2056558130601,234,gbm_corr_top1_2hop_rand4,f4,3
2025-02-01,447.6983548037551,234,gbm_corr_top1_2hop_rand4,f4,3
2025-03-01,438.71391975742705,234,gbm_corr_top1_2hop_rand4,f4,3
2025-04-01,322.45713586905254,234,gbm_corr_top1_2hop_rand4,f4,3
2023-12-01,279.3868802727313,234,gbm_corr_top1_rand5,f4,3
2024-01-01,406.58379021061256,234,gbm_corr_top1_rand5,f4,3
2024-02-01,442.44113539639403,234,gbm_corr_top1_rand5,f4,3
2024-03-01,270.5068770450956,234,gbm_corr_top1_rand5,f4,3
2024-04-01,328.2927871129256,234,gbm_corr_top1_rand5,f4,3
2024-05-01,295.06116266205646,234,gbm_corr_top1_rand5,f4,3
2024-06-01,299.55470498783166,234,gbm_corr_top1_rand5,f4,3
2024-07-01,257.59482085230485,234,gbm_corr_top1_rand5,f4,3
2024-08-01,394.5709301575848,234,gbm_corr_top1_rand5,f4,3
2024-09-01,441.84742949220595,234,gbm_corr_top1_rand5,f4,3
2024-10-01,707.8795814532227,234,gbm_corr_top1_rand5,f4,3
2024-11-01,381.6833342584176,234,gbm_corr_top1_rand5,f4,3
2024-12-01,345.83836173476374,234,gbm_corr_top1_rand5,f4,3
2025-01-01,404.98571121317406,234,gbm_corr_top1_rand5,f4,3
2025-02-01,444.7353707031728,234,gbm_corr_top1_rand5,f4,3
2025-03-01,446.12922592764545,234,gbm_corr_top1_rand5,f4,3
2025-04-01,322.3692376055909,234,gbm_corr_top1_rand5,f4,3
2023-12-01,279.9823791133632,234,mlp_corr_top1_rand5,f4,3
2024-01-01,408.94699259821596,234,mlp_corr_top1_rand5,f4,3
2024-02-01,440.7365695391542,234,mlp_corr_top1_rand5,f4,3
2024-03-01,269.566569117044,234,mlp_corr_top1_rand5,f4,3
2024-04-01,325.32127269310513,234,mlp_corr_top1_rand5,f4,3
2024-05-01,298.80227664965406,234,mlp_corr_top1_rand5,f4,3
2024-06-01,302.20882561051235,234,mlp_corr_top1_rand5,f4,3
2024-07-01,261.90944515236924,234,mlp_corr_top1_rand5,f4,3
2024-08-01,400.99611616952035,234,mlp_corr_top1_rand5,f4,3
2024-09-01,444.4906566792494,234,mlp_corr_top1_rand5,f4,3
2024-10-01,710.0443794368193,234,mlp_corr_top1_rand5,f4,3
2024-11-01,374.79906625153865,234,mlp_corr_top1_rand5,f4,3
2024-12-01,345.3220540049506,234,mlp_corr_top1_rand5,f4,3
2025-01-01,400.9182193093328,234,mlp_corr_top1_rand5,f4,3
2025-02-01,444.3740437801384,234,mlp_corr_top1_rand5,f4,3
2025-03-01,440.61385362008724,234,mlp_corr_top1_rand5,f4,3
2025-04-01,317.86023921819657,234,mlp_corr_top1_rand5,f4,3
2023-12-01,283.28329985398045,234,gbm_corr_top1_2hop_rand5,f4,3
2024-01-01,410.1178463944959,234,gbm_corr_top1_2hop_rand5,f4,3
2024-02-01,442.18595696634577,234,gbm_corr_top1_2hop_rand5,f4,3
2024-03-01,268.7043650542363,234,gbm_corr_top1_2hop_rand5,f4,3
2024-04-01,326.4680750361794,234,gbm_corr_top1_2hop_rand5,f4,3
2024-05-01,297.4305090331889,234,gbm_corr_top1_2hop_rand5,f4,3
2024-06-01,300.7161625523739,234,gbm_corr_top1_2hop_rand5,f4,3
2024-07-01,259.52066287490595,234,gbm_corr_top1_2hop_rand5,f4,3
2024-08-01,397.00833025844787,234,gbm_corr_top1_2hop_rand5,f4,3
2024-09-01,443.72691833318214,234,gbm_corr_top1_2hop_rand5,f4,3
2024-10-01,709.205185774855,234,gbm_corr_top1_2hop_rand5,f4,3
2024-11-01,381.4159734457861,234,gbm_corr_top1_2hop_rand5,f4,3
2024-12-01,339.8678132131241,234,gbm_corr_top1_2hop_rand5,f4,3
2025-01-01,404.52459061372974,234,gbm_corr_top1_2hop_rand5,f4,3
2025-02-01,442.5707091544987,234,gbm_corr_top1_2hop_rand5,f4,3
2025-03-01,443.38333761431403,234,gbm_corr_top1_2hop_rand5,f4,3
2025-04-01,310.450226175087,234,gbm_corr_top1_2hop_rand5,f4,3
2023-12-01,278.1954376576431,234,gbm_corr_top1_rand6,f4,3
2024-01-01,404.4059165921063,234,gbm_corr_top1_rand6,f4,3
2024-02-01,440.70692440889786,234,gbm_corr_top1_rand6,f4,3
2024-03-01,266.02171986685175,234,gbm_corr_top1_rand6,f4,3
2024-04-01,326.05546134040793,234,gbm_corr_top1_rand6,f4,3
2024-05-01,306.481385304756,234,gbm_corr_top1_rand6,f4,3
2024-06-01,304.5418285922353,234,gbm_corr_top1_rand6,f4,3
2024-07-01,266.2658686756327,234,gbm_corr_top1_rand6,f4,3
2024-08-01,401.37446184528716,234,gbm_corr_top1_rand6,f4,3
2024-09-01,450.4954706043793,234,gbm_corr_top1_rand6,f4,3
2024-10-01,711.9276144254407,234,gbm_corr_top1_rand6,f4,3
2024-11-01,375.1082252218157,234,gbm_corr_top1_rand6,f4,3
2024-12-01,343.99221085957186,234,gbm_corr_top1_rand6,f4,3
2025-01-01,402.9048513388346,234,gbm_corr_top1_rand6,f4,3
2025-02-01,445.6377644494461,234,gbm_corr_top1_rand6,f4,3
2025-03-01,441.59029001581644,234,gbm_corr_top1_rand6,f4,3
2025-04-01,322.67849706577056,234,gbm_corr_top1_rand6,f4,3
2023-12-01,279.6041187905211,234,mlp_corr_top1_rand6,f4,3
2024-01-01,405.1583789350095,234,mlp_corr_top1_rand6,f4,3
2024-02-01,438.19506409358576,234,mlp_corr_top1_rand6,f4,3
2024-03-01,268.26772381388804,234,mlp_corr_top1_rand6,f4,3
2024-04-01,325.89571444620026,234,mlp_corr_top1_rand6,f4,3
2024-05-01,300.19049148793437,234,mlp_corr_top1_rand6,f4,3
2024-06-01,302.74188158933185,234,mlp_corr_top1_rand6,f4,3
2024-07-01,264.5441694254409,234,mlp_corr_top1_rand6,f4,3
2024-08-01,399.2063849319536,234,mlp_corr_top1_rand6,f4,3
2024-09-01,448.211982904838,234,mlp_corr_top1_rand6,f4,3
2024-10-01,708.6674265000971,234,mlp_corr_top1_rand6,f4,3
2024-11-01,376.1793993495564,234,mlp_corr_top1_rand6,f4,3
2024-12-01,342.25269957553,234,mlp_corr_top1_rand6,f4,3
2025-01-01,402.82235797847903,234,mlp_corr_top1_rand6,f4,3
2025-02-01,446.1918168913506,234,mlp_corr_top1_rand6,f4,3
2025-03-01,446.4012924831054,234,mlp_corr_top1_rand6,f4,3
2025-04-01,323.4565903131671,234,mlp_corr_top1_rand6,f4,3
2023-12-01,279.25762632018984,234,gbm_corr_top1_2hop_rand6,f4,3
2024-01-01,402.7148003314053,234,gbm_corr_top1_2hop_rand6,f4,3
2024-02-01,436.1592750072574,234,gbm_corr_top1_2hop_rand6,f4,3
2024-03-01,266.5927006061851,234,gbm_corr_top1_2hop_rand6,f4,3
2024-04-01,325.3746660596953,234,gbm_corr_top1_2hop_rand6,f4,3
2024-05-01,300.98412818798215,234,gbm_corr_top1_2hop_rand6,f4,3
2024-06-01,304.3211306513248,234,gbm_corr_top1_2hop_rand6,f4,3
2024-07-01,264.4615246059895,234,gbm_corr_top1_2hop_rand6,f4,3
2024-08-01,401.67960633782695,234,gbm_corr_top1_2hop_rand6,f4,3
2024-09-01,449.8597409327078,234,gbm_corr_top1_2hop_rand6,f4,3
2024-10-01,713.3167946598576,234,gbm_corr_top1_2hop_rand6,f4,3
2024-11-01,377.9134139194236,234,gbm_corr_top1_2hop_rand6,f4,3
2024-12-01,341.54846402135837,234,gbm_corr_top1_2hop_rand6,f4,3
2025-01-01,400.71420513495895,234,gbm_corr_top1_2hop_rand6,f4,3
2025-02-01,449.298041456119,234,gbm_corr_top1_2hop_rand6,f4,3
2025-03-01,449.8551670374411,234,gbm_corr_top1_2hop_rand6,f4,3
2025-04-01,323.55735081952474,234,gbm_corr_top1_2hop_rand6,f4,3
2023-12-01,278.02204313827883,234,gbm_corr_top1_rand7,f4,3
2024-01-01,406.0064269240009,234,gbm_corr_top1_rand7,f4,3
2024-02-01,442.5700111775034,234,gbm_corr_top1_rand7,f4,3
2024-03-01,268.58345697789576,234,gbm_corr_top1_rand7,f4,3
2024-04-01,324.68726566957133,234,gbm_corr_top1_rand7,f4,3
2024-05-01,313.49720665748987,234,gbm_corr_top1_rand7,f4,3
2024-06-01,307.6381328944398,234,gbm_corr_top1_rand7,f4,3
2024-07-01,263.19595727797906,234,gbm_corr_top1_rand7,f4,3
2024-08-01,401.7811215593862,234,gbm_corr_top1_rand7,f4,3
2024-09-01,446.7166086822565,234,gbm_corr_top1_rand7,f4,3
2024-10-01,718.6640407125819,234,gbm_corr_top1_rand7,f4,3
2024-11-01,378.11094650476946,234,gbm_corr_top1_rand7,f4,3
2024-12-01,345.320089810887,234,gbm_corr_top1_rand7,f4,3
2025-01-01,405.38591054495856,234,gbm_corr_top1_rand7,f4,3
2025-02-01,448.648681721335,234,gbm_corr_top1_rand7,f4,3
2025-03-01,442.1380793116195,234,gbm_corr_top1_rand7,f4,3
2025-04-01,322.6369272442969,234,gbm_corr_top1_rand7,f4,3
2023-12-01,280.1677919968665,234,mlp_corr_top1_rand7,f4,3
2024-01-01,407.4863589568036,234,mlp_corr_top1_rand7,f4,3
2024-02-01,439.04306185133623,234,mlp_corr_top1_rand7,f4,3
2024-03-01,267.4907646165641,234,mlp_corr_top1_rand7,f4,3
2024-04-01,322.0656748833386,234,mlp_corr_top1_rand7,f4,3
2024-05-01,293.4297531927316,234,mlp_corr_top1_rand7,f4,3
2024-06-01,297.79238596654403,234,mlp_corr_top1_rand7,f4,3
2024-07-01,260.0481038789292,234,mlp_corr_top1_rand7,f4,3
2024-08-01,400.8544989216894,234,mlp_corr_top1_rand7,f4,3
2024-09-01,447.91358717963027,234,mlp_corr_top1_rand7,f4,3
2024-10-01,711.5828700050339,234,mlp_corr_top1_rand7,f4,3
2024-11-01,376.4597531148098,234,mlp_corr_top1_rand7,f4,3
2024-12-01,341.45771312071355,234,mlp_corr_top1_rand7,f4,3
2025-01-01,404.1232081518978,234,mlp_corr_top1_rand7,f4,3
2025-02-01,449.37885911139784,234,mlp_corr_top1_rand7,f4,3
2025-03-01,441.49240124590193,234,mlp_corr_top1_rand7,f4,3
2025-04-01,319.86462238013274,234,mlp_corr_top1_rand7,f4,3
2023-12-01,279.2561887195633,234,gbm_corr_top1_2hop_rand7,f4,3
2024-01-01,406.1346152567821,234,gbm_corr_top1_2hop_rand7,f4,3
2024-02-01,438.4475509568175,234,gbm_corr_top1_2hop_rand7,f4,3
2024-03-01,267.30478056802434,234,gbm_corr_top1_2hop_rand7,f4,3
2024-04-01,326.5573020559033,234,gbm_corr_top1_2hop_rand7,f4,3
2024-05-01,314.0667679256416,234,gbm_corr_top1_2hop_rand7,f4,3
2024-06-01,305.9224936659678,234,gbm_corr_top1_2hop_rand7,f4,3
2024-07-01,260.5535362971689,234,gbm_corr_top1_2hop_rand7,f4,3
2024-08-01,407.45726857946573,234,gbm_corr_top1_2hop_rand7,f4,3
2024-09-01,448.8040947729048,234,gbm_corr_top1_2hop_rand7,f4,3
2024-10-01,716.5950357307983,234,gbm_corr_top1_2hop_rand7,f4,3
2024-11-01,380.2903769575391,234,gbm_corr_top1_2hop_rand7,f4,3
2024-12-01,339.7823706517351,234,gbm_corr_top1_2hop_rand7,f4,3
2025-01-01,402.7726395694924,234,gbm_corr_top1_2hop_rand7,f4,3
2025-02-01,451.7902972175371,234,gbm_corr_top1_2hop_rand7,f4,3
2025-03-01,443.23672395196934,234,gbm_corr_top1_2hop_rand7,f4,3
2025-04-01,321.626820035118,234,gbm_corr_top1_2hop_rand7,f4,3
2023-12-01,281.2738605869436,234,gbm_corr_top1_rand8,f4,3
2024-01-01,404.8731851690994,234,gbm_corr_top1_rand8,f4,3
2024-02-01,440.87256232253867,234,gbm_corr_top1_rand8,f4,3
2024-03-01,267.1042033197162,234,gbm_corr_top1_rand8,f4,3
2024-04-01,325.1472575717044,234,gbm_corr_top1_rand8,f4,3
2024-05-01,296.70473836104964,234,gbm_corr_top1_rand8,f4,3
2024-06-01,299.0509917279761,234,gbm_corr_top1_rand8,f4,3
2024-07-01,259.19703433123277,234,gbm_corr_top1_rand8,f4,3
2024-08-01,393.5578204979512,234,gbm_corr_top1_rand8,f4,3
2024-09-01,444.4756625354017,234,gbm_corr_top1_rand8,f4,3
2024-10-01,708.1532238498131,234,gbm_corr_top1_rand8,f4,3
2024-11-01,377.63179895473513,234,gbm_corr_top1_rand8,f4,3
2024-12-01,339.1025497253642,234,gbm_corr_top1_rand8,f4,3
2025-01-01,403.5980663434499,234,gbm_corr_top1_rand8,f4,3
2025-02-01,446.68652586880114,234,gbm_corr_top1_rand8,f4,3
2025-03-01,441.9699691265799,234,gbm_corr_top1_rand8,f4,3
2025-04-01,328.5843029825947,234,gbm_corr_top1_rand8,f4,3
2023-12-01,281.0767978167649,234,mlp_corr_top1_rand8,f4,3
2024-01-01,406.9724359658446,234,mlp_corr_top1_rand8,f4,3
2024-02-01,435.82261383522047,234,mlp_corr_top1_rand8,f4,3
2024-03-01,269.12242376756564,234,mlp_corr_top1_rand8,f4,3
2024-04-01,326.1199473891651,234,mlp_corr_top1_rand8,f4,3
2024-05-01,298.09965285416655,234,mlp_corr_top1_rand8,f4,3
2024-06-01,301.6803081259424,234,mlp_corr_top1_rand8,f4,3
2024-07-01,260.87971007380406,234,mlp_corr_top1_rand8,f4,3
2024-08-01,396.8719642689225,234,mlp_corr_top1_rand8,f4,3
2024-09-01,442.1351657055192,234,mlp_corr_top1_rand8,f4,3
2024-10-01,708.4977238000965,234,mlp_corr_top1_rand8,f4,3
2024-11-01,376.5306510799039,234,mlp_corr_top1_rand8,f4,3
2024-12-01,344.1518715320735,234,mlp_corr_top1_rand8,f4,3
2025-01-01,400.92625638500476,234,mlp_corr_top1_rand8,f4,3
2025-02-01,447.2689319382784,234,mlp_corr_top1_rand8,f4,3
2025-03-01,443.91155371052696,234,mlp_corr_top1_rand8,f4,3
2025-04-01,324.9005262381867,234,mlp_corr_top1_rand8,f4,3
2023-12-01,282.32317526989567,234,gbm_corr_top1_2hop_rand8,f4,3
2024-01-01,404.1149516501268,234,gbm_corr_top1_2hop_rand8,f4,3
2024-02-01,437.3663211461267,234,gbm_corr_top1_2hop_rand8,f4,3
2024-03-01,270.74144742363393,234,gbm_corr_top1_2hop_rand8,f4,3
2024-04-01,326.94172168761867,234,gbm_corr_top1_2hop_rand8,f4,3
2024-05-01,298.93025882166376,234,gbm_corr_top1_2hop_rand8,f4,3
2024-06-01,299.9474114382752,234,gbm_corr_top1_2hop_rand8,f4,3
2024-07-01,259.5721406765827,234,gbm_corr_top1_2hop_rand8,f4,3
2024-08-01,395.3753245921515,234,gbm_corr_top1_2hop_rand8,f4,3
2024-09-01,446.69675289131135,234,gbm_corr_top1_2hop_rand8,f4,3
2024-10-01,707.8707930605356,234,gbm_corr_top1_2hop_rand8,f4,3
2024-11-01,379.10033304117013,234,gbm_corr_top1_2hop_rand8,f4,3
2024-12-01,342.8673158572242,234,gbm_corr_top1_2hop_rand8,f4,3
2025-01-01,404.9316842676696,234,gbm_corr_top1_2hop_rand8,f4,3
2025-02-01,452.4042588316288,234,gbm_corr_top1_2hop_rand8,f4,3
2025-03-01,441.8758983377734,234,gbm_corr_top1_2hop_rand8,f4,3
2025-04-01,329.9358857369838,234,gbm_corr_top1_2hop_rand8,f4,3
2023-12-01,279.6636141379539,234,gbm_corr_top1_rand9,f4,3
2024-01-01,408.1096913922481,234,gbm_corr_top1_rand9,f4,3
2024-02-01,439.9033201213439,234,gbm_corr_top1_rand9,f4,3
2024-03-01,264.5905145730667,234,gbm_corr_top1_rand9,f4,3
2024-04-01,328.5374381636785,234,gbm_corr_top1_rand9,f4,3
2024-05-01,300.7213258854348,234,gbm_corr_top1_rand9,f4,3
2024-06-01,299.0612683362033,234,gbm_corr_top1_rand9,f4,3
2024-07-01,265.8268599144936,234,gbm_corr_top1_rand9,f4,3
2024-08-01,395.865426620796,234,gbm_corr_top1_rand9,f4,3
2024-09-01,445.03271009406694,234,gbm_corr_top1_rand9,f4,3
2024-10-01,711.8465446107003,234,gbm_corr_top1_rand9,f4,3
2024-11-01,378.4991610639115,234,gbm_corr_top1_rand9,f4,3
2024-12-01,346.6702987439487,234,gbm_corr_top1_rand9,f4,3
2025-01-01,405.84958538445443,234,gbm_corr_top1_rand9,f4,3
2025-02-01,439.33637565191714,234,gbm_corr_top1_rand9,f4,3
2025-03-01,439.7325108881304,234,gbm_corr_top1_rand9,f4,3
2025-04-01,317.23777339015265,234,gbm_corr_top1_rand9,f4,3
2023-12-01,279.85852280858415,234,mlp_corr_top1_rand9,f4,3
2024-01-01,405.7488745273315,234,mlp_corr_top1_rand9,f4,3
2024-02-01,433.96502096284246,234,mlp_corr_top1_rand9,f4,3
2024-03-01,268.90439107623604,234,mlp_corr_top1_rand9,f4,3
2024-04-01,324.4063164198884,234,mlp_corr_top1_rand9,f4,3
2024-05-01,296.6724122038185,234,mlp_corr_top1_rand9,f4,3
2024-06-01,295.8080978355943,234,mlp_corr_top1_rand9,f4,3
2024-07-01,260.5724932548163,234,mlp_corr_top1_rand9,f4,3
2024-08-01,398.86743857383243,234,mlp_corr_top1_rand9,f4,3
2024-09-01,444.202173558867,234,mlp_corr_top1_rand9,f4,3
2024-10-01,708.6296527933144,234,mlp_corr_top1_rand9,f4,3
2024-11-01,374.0019044734161,234,mlp_corr_top1_rand9,f4,3
2024-12-01,340.8211540115528,234,mlp_corr_top1_rand9,f4,3
2025-01-01,398.1957516633925,234,mlp_corr_top1_rand9,f4,3
2025-02-01,442.7488154939316,234,mlp_corr_top1_rand9,f4,3
2025-03-01,440.48726100668233,234,mlp_corr_top1_rand9,f4,3
2025-04-01,321.54388439888726,234,mlp_corr_top1_rand9,f4,3
2023-12-01,283.13886770305163,234,gbm_corr_top1_2hop_rand9,f4,3
2024-01-01,410.0001113416494,234,gbm_corr_top1_2hop_rand9,f4,3
2024-02-01,436.4207926610693,234,gbm_corr_top1_2hop_rand9,f4,3
2024-03-01,268.38521960446207,234,gbm_corr_top1_2hop_rand9,f4,3
2024-04-01,325.0619341236483,234,gbm_corr_top1_2hop_rand9,f4,3
2024-05-01,303.13821681210237,234,gbm_corr_top1_2hop_rand9,f4,3
2024-06-01,299.2604088756765,234,gbm_corr_top1_2hop_rand9,f4,3
2024-07-01,267.97340689924124,234,gbm_corr_top1_2hop_rand9,f4,3
2024-08-01,397.4854828986025,234,gbm_corr_top1_2hop_rand9,f4,3
2024-09-01,446.7973238551534,234,gbm_corr_top1_2hop_rand9,f4,3
2024-10-01,709.0959011160492,234,gbm_corr_top1_2hop_rand9,f4,3
2024-11-01,375.312811987068,234,gbm_corr_top1_2hop_rand9,f4,3
2024-12-01,347.75469115591073,234,gbm_corr_top1_2hop_rand9,f4,3
2025-01-01,410.71406965371665,234,gbm_corr_top1_2hop_rand9,f4,3
2025-02-01,442.9671286634211,234,gbm_corr_top1_2hop_rand9,f4,3
2025-03-01,435.35805140547245,234,gbm_corr_top1_2hop_rand9,f4,3
2025-04-01,319.299666596233,234,gbm_corr_top1_2hop_rand9,f4,3
2023-12-01,283.8912041410542,234,gbm_corr_top1_rand10,f4,3
2024-01-01,409.9301972896317,234,gbm_corr_top1_rand10,f4,3
2024-02-01,441.932414988258,234,gbm_corr_top1_rand10,f4,3
2024-03-01,270.0674475646269,234,gbm_corr_top1_rand10,f4,3
2024-04-01,323.33942686475336,234,gbm_corr_top1_rand10,f4,3
2024-05-01,295.7412096600756,234,gbm_corr_top1_rand10,f4,3
2024-06-01,299.5514602256205,234,gbm_corr_top1_rand10,f4,3
2024-07-01,264.2661355005274,234,gbm_corr_top1_rand10,f4,3
2024-08-01,406.94654846588753,234,gbm_corr_top1_rand10,f4,3
2024-09-01,444.7927788200289,234,gbm_corr_top1_rand10,f4,3
2024-10-01,708.6570894194854,234,gbm_corr_top1_rand10,f4,3
2024-11-01,374.489200004306,234,gbm_corr_top1_rand10,f4,3
2024-12-01,345.70139504119163,234,gbm_corr_top1_rand10,f4,3
2025-01-01,405.8127586169406,234,gbm_corr_top1_rand10,f4,3
2025-02-01,442.7709801608464,234,gbm_corr_top1_rand10,f4,3
2025-03-01,441.3072624286849,234,gbm_corr_top1_rand10,f4,3
2025-04-01,317.221165939083,234,gbm_corr_top1_rand10,f4,3
2023-12-01,283.088637593409,234,mlp_corr_top1_rand10,f4,3
2024-01-01,410.3882020674026,234,mlp_corr_top1_rand10,f4,3
2024-02-01,438.5521967961598,234,mlp_corr_top1_rand10,f4,3
2024-03-01,268.0114504841196,234,mlp_corr_top1_rand10,f4,3
2024-04-01,322.9429319644787,234,mlp_corr_top1_rand10,f4,3
2024-05-01,296.3309992085848,234,mlp_corr_top1_rand10,f4,3
2024-06-01,300.4135402952594,234,mlp_corr_top1_rand10,f4,3
2024-07-01,263.935272722029,234,mlp_corr_top1_rand10,f4,3
2024-08-01,403.0005469039738,234,mlp_corr_top1_rand10,f4,3
2024-09-01,449.6877690430774,234,mlp_corr_top1_rand10,f4,3
2024-10-01,710.2839041013985,234,mlp_corr_top1_rand10,f4,3
2024-11-01,374.9076135113531,234,mlp_corr_top1_rand10,f4,3
2024-12-01,340.7773619141557,234,mlp_corr_top1_rand10,f4,3
2025-01-01,399.5593631285717,234,mlp_corr_top1_rand10,f4,3
2025-02-01,446.8743481403444,234,mlp_corr_top1_rand10,f4,3
2025-03-01,439.9913999804914,234,mlp_corr_top1_rand10,f4,3
2025-04-01,319.351500991221,234,mlp_corr_top1_rand10,f4,3
2023-12-01,287.2056793596599,234,gbm_corr_top1_2hop_rand10,f4,3
2024-01-01,414.69010805605126,234,gbm_corr_top1_2hop_rand10,f4,3
2024-02-01,442.7376800995748,234,gbm_corr_top1_2hop_rand10,f4,3
2024-03-01,269.71972405885356,234,gbm_corr_top1_2hop_rand10,f4,3
2024-04-01,324.86748877170976,234,gbm_corr_top1_2hop_rand10,f4,3
2024-05-01,303.70532382748434,234,gbm_corr_top1_2hop_rand10,f4,3
2024-06-01,299.016875248933,234,gbm_corr_top1_2hop_rand10,f4,3
2024-07-01,263.34611011379656,234,gbm_corr_top1_2hop_rand10,f4,3
2024-08-01,408.7731613959829,234,gbm_corr_top1_2hop_rand10,f4,3
2024-09-01,451.73952291746394,234,gbm_corr_top1_2hop_rand10,f4,3
2024-10-01,709.6494329244849,234,gbm_corr_top1_2hop_rand10,f4,3
2024-11-01,372.8969903473557,234,gbm_corr_top1_2hop_rand10,f4,3
2024-12-01,344.31863459888524,234,gbm_corr_top1_2hop_rand10,f4,3
2025-01-01,409.0924471552425,234,gbm_corr_top1_2hop_rand10,f4,3
2025-02-01,447.532325503704,234,gbm_corr_top1_2hop_rand10,f4,3
2025-03-01,436.8460959188722,234,gbm_corr_top1_2hop_rand10,f4,3
2025-04-01,317.75247461093915,234,gbm_corr_top1_2hop_rand10,f4,3
2023-12-01,283.11625265065334,234,gbm_corr_top1_rand11,f4,3
2024-01-01,405.3601389877348,234,gbm_corr_top1_rand11,f4,3
2024-02-01,440.9585318811384,234,gbm_corr_top1_rand11,f4,3
2024-03-01,270.00353349377366,234,gbm_corr_top1_rand11,f4,3
2024-04-01,333.4479777683422,234,gbm_corr_top1_rand11,f4,3
2024-05-01,299.08216787455734,234,gbm_corr_top1_rand11,f4,3
2024-06-01,299.56874576013405,234,gbm_corr_top1_rand11,f4,3
2024-07-01,261.621569009286,234,gbm_corr_top1_rand11,f4,3
2024-08-01,397.3008034870096,234,gbm_corr_top1_rand11,f4,3
2024-09-01,449.96703824698545,234,gbm_corr_top1_rand11,f4,3
2024-10-01,712.4576569752193,234,gbm_corr_top1_rand11,f4,3
2024-11-01,377.62384722794997,234,gbm_corr_top1_rand11,f4,3
2024-12-01,342.2670114028921,234,gbm_corr_top1_rand11,f4,3
2025-01-01,403.060232981142,234,gbm_corr_top1_rand11,f4,3
2025-02-01,450.26955032034977,234,gbm_corr_top1_rand11,f4,3
2025-03-01,442.3607856989026,234,gbm_corr_top1_rand11,f4,3
2025-04-01,319.60095741956104,234,gbm_corr_top1_rand11,f4,3
2023-12-01,282.42729587632414,234,mlp_corr_top1_rand11,f4,3
2024-01-01,407.94739525838577,234,mlp_corr_top1_rand11,f4,3
2024-02-01,437.3883878804269,234,mlp_corr_top1_rand11,f4,3
2024-03-01,270.6519414454376,234,mlp_corr_top1_rand11,f4,3
2024-04-01,328.5192497600657,234,mlp_corr_top1_rand11,f4,3
2024-05-01,296.7520816964197,234,mlp_corr_top1_rand11,f4,3
2024-06-01,297.3851554320538,234,mlp_corr_top1_rand11,f4,3
2024-07-01,257.9241662601546,234,mlp_corr_top1_rand11,f4,3
2024-08-01,398.93101760135215,234,mlp_corr_top1_rand11,f4,3
2024-09-01,448.12351246541164,234,mlp_corr_top1_rand11,f4,3
2024-10-01,710.897102946902,234,mlp_corr_top1_rand11,f4,3
2024-11-01,377.76212922800175,234,mlp_corr_top1_rand11,f4,3
2024-12-01,342.7651836327239,234,mlp_corr_top1_rand11,f4,3
2025-01-01,404.9113913293315,234,mlp_corr_top1_rand11,f4,3
2025-02-01,446.32442285905523,234,mlp_corr_top1_rand11,f4,3
2025-03-01,442.3543260059062,234,mlp_corr_top1_rand11,f4,3
2025-04-01,324.668561592816,234,mlp_corr_top1_rand11,f4,3
2023-12-01,281.051200888598,234,gbm_corr_top1_2hop_rand11,f4,3
2024-01-01,404.12005587914956,234,gbm_corr_top1_2hop_rand11,f4,3
2024-02-01,438.8830265684996,234,gbm_corr_top1_2hop_rand11,f4,3
2024-03-01,274.16635237049513,234,gbm_corr_top1_2hop_rand11,f4,3
2024-04-01,333.9448150960527,234,gbm_corr_top1_2hop_rand11,f4,3
2024-05-01,302.9490874190448,234,gbm_corr_top1_2hop_rand11,f4,3
2024-06-01,299.42524954896265,234,gbm_corr_top1_2hop_rand11,f4,3
2024-07-01,261.7442521444804,234,gbm_corr_top1_2hop_rand11,f4,3
2024-08-01,393.32467528225754,234,gbm_corr_top1_2hop_rand11,f4,3
2024-09-01,452.86686577001035,234,gbm_corr_top1_2hop_rand11,f4,3
2024-10-01,716.2584501541731,234,gbm_corr_top1_2hop_rand11,f4,3
2024-11-01,377.3141790942154,234,gbm_corr_top1_2hop_rand11,f4,3
2024-12-01,340.6707290339188,234,gbm_corr_top1_2hop_rand11,f4,3
2025-01-01,403.3447754142783,234,gbm_corr_top1_2hop_rand11,f4,3
2025-02-01,445.7808492161177,234,gbm_corr_top1_2hop_rand11,f4,3
2025-03-01,444.2949430672561,234,gbm_corr_top1_2hop_rand11,f4,3
2025-04-01,322.01503246662986,234,gbm_corr_top1_2hop_rand11,f4,3
2023-12-01,280.5864825891432,234,gbm_corr_top1_rand12,f4,3
2024-01-01,406.3901541965959,234,gbm_corr_top1_rand12,f4,3
2024-02-01,439.7208623679964,234,gbm_corr_top1_rand12,f4,3
2024-03-01,265.8500320255708,234,gbm_corr_top1_rand12,f4,3
2024-04-01,328.7630194583729,234,gbm_corr_top1_rand12,f4,3
2024-05-01,299.5012912939756,234,gbm_corr_top1_rand12,f4,3
2024-06-01,298.1810862252679,234,gbm_corr_top1_rand12,f4,3
2024-07-01,263.4141213669818,234,gbm_corr_top1_rand12,f4,3
2024-08-01,393.708846818429,234,gbm_corr_top1_rand12,f4,3
2024-09-01,452.3784678230897,234,gbm_corr_top1_rand12,f4,3
2024-10-01,714.6597040600818,234,gbm_corr_top1_rand12,f4,3
2024-11-01,379.11515223170954,234,gbm_corr_top1_rand12,f4,3
2024-12-01,354.9873936736218,234,gbm_corr_top1_rand12,f4,3
2025-01-01,409.98769205827546,234,gbm_corr_top1_rand12,f4,3
2025-02-01,448.5692534870978,234,gbm_corr_top1_rand12,f4,3
2025-03-01,440.5769165930428,234,gbm_corr_top1_rand12,f4,3
2025-04-01,320.8465119090233,234,gbm_corr_top1_rand12,f4,3
2023-12-01,281.2048318332938,234,mlp_corr_top1_rand12,f4,3
2024-01-01,407.0078106197713,234,mlp_corr_top1_rand12,f4,3
2024-02-01,436.00144127705846,234,mlp_corr_top1_rand12,f4,3
2024-03-01,268.4756754516635,234,mlp_corr_top1_rand12,f4,3
2024-04-01,328.4849310463156,234,mlp_corr_top1_rand12,f4,3
2024-05-01,297.4435462312714,234,mlp_corr_top1_rand12,f4,3
2024-06-01,298.43961390881344,234,mlp_corr_top1_rand12,f4,3
2024-07-01,258.71724540130333,234,mlp_corr_top1_rand12,f4,3
2024-08-01,395.7295923716741,234,mlp_corr_top1_rand12,f4,3
2024-09-01,445.72341382700245,234,mlp_corr_top1_rand12,f4,3
2024-10-01,708.2114050252694,234,mlp_corr_top1_rand12,f4,3
2024-11-01,376.75145632131813,234,mlp_corr_top1_rand12,f4,3
2024-12-01,343.1183980086328,234,mlp_corr_top1_rand12,f4,3
2025-01-01,401.0930351590823,234,mlp_corr_top1_rand12,f4,3
2025-02-01,451.8920228116644,234,mlp_corr_top1_rand12,f4,3
2025-03-01,443.6178375973017,234,mlp_corr_top1_rand12,f4,3
2025-04-01,327.12913641444123,234,mlp_corr_top1_rand12,f4,3
2023-12-01,280.7921539868343,234,gbm_corr_top1_2hop_rand12,f4,3
2024-01-01,403.30320199940184,234,gbm_corr_top1_2hop_rand12,f4,3
2024-02-01,445.5075463509929,234,gbm_corr_top1_2hop_rand12,f4,3
2024-03-01,262.6107439765942,234,gbm_corr_top1_2hop_rand12,f4,3
2024-04-01,320.27255409287113,234,gbm_corr_top1_2hop_rand12,f4,3
2024-05-01,299.5367398438365,234,gbm_corr_top1_2hop_rand12,f4,3
2024-06-01,299.8292042567393,234,gbm_corr_top1_2hop_rand12,f4,3
2024-07-01,263.2686484743763,234,gbm_corr_top1_2hop_rand12,f4,3
2024-08-01,393.8985636614846,234,gbm_corr_top1_2hop_rand12,f4,3
2024-09-01,445.58654315054366,234,gbm_corr_top1_2hop_rand12,f4,3
2024-10-01,709.248553873176,234,gbm_corr_top1_2hop_rand12,f4,3
2024-11-01,372.2912766715433,234,gbm_corr_top1_2hop_rand12,f4,3
2024-12-01,345.2786045572057,234,gbm_corr_top1_2hop_rand12,f4,3
2025-01-01,405.73203449137725,234,gbm_corr_top1_2hop_rand12,f4,3
2025-02-01,447.2533007078418,234,gbm_corr_top1_2hop_rand12,f4,3
2025-03-01,440.80112043404705,234,gbm_corr_top1_2hop_rand12,f4,3
2025-04-01,320.1768892217203,234,gbm_corr_top1_2hop_rand12,f4,3
2023-12-01,279.176419298125,234,gbm_corr_top1_rand13,f4,3
2024-01-01,403.5275359028723,234,gbm_corr_top1_rand13,f4,3
2024-02-01,440.6636698542924,234,gbm_corr_top1_rand13,f4,3
2024-03-01,266.08444198153336,234,gbm_corr_top1_rand13,f4,3
2024-04-01,323.1303305887909,234,gbm_corr_top1_rand13,f4,3
2024-05-01,294.7062989381248,234,gbm_corr_top1_rand13,f4,3
2024-06-01,293.8214046202464,234,gbm_corr_top1_rand13,f4,3
2024-07-01,259.7453373819241,234,gbm_corr_top1_rand13,f4,3
2024-08-01,398.26921950592737,234,gbm_corr_top1_rand13,f4,3
2024-09-01,441.1621281335398,234,gbm_corr_top1_rand13,f4,3
2024-10-01,702.0035405356448,234,gbm_corr_top1_rand13,f4,3
2024-11-01,377.37933686292484,234,gbm_corr_top1_rand13,f4,3
2024-12-01,345.50176762662704,234,gbm_corr_top1_rand13,f4,3
2025-01-01,406.29906380122287,234,gbm_corr_top1_rand13,f4,3
2025-02-01,445.3181498203998,234,gbm_corr_top1_rand13,f4,3
2025-03-01,438.4149340442288,234,gbm_corr_top1_rand13,f4,3
2025-04-01,322.1998569655746,234,gbm_corr_top1_rand13,f4,3
2023-12-01,280.76749053923953,234,mlp_corr_top1_rand13,f4,3
2024-01-01,407.3055532457272,234,mlp_corr_top1_rand13,f4,3
2024-02-01,436.7311679702152,234,mlp_corr_top1_rand13,f4,3
2024-03-01,269.57989422689707,234,mlp_corr_top1_rand13,f4,3
2024-04-01,328.00656536964357,234,mlp_corr_top1_rand13,f4,3
2024-05-01,296.0368388348478,234,mlp_corr_top1_rand13,f4,3
2024-06-01,295.34905030837416,234,mlp_corr_top1_rand13,f4,3
2024-07-01,256.86255631635703,234,mlp_corr_top1_rand13,f4,3
2024-08-01,393.75095968903685,234,mlp_corr_top1_rand13,f4,3
2024-09-01,442.4081408136762,234,mlp_corr_top1_rand13,f4,3
2024-10-01,703.8167314027955,234,mlp_corr_top1_rand13,f4,3
2024-11-01,376.4186896325778,234,mlp_corr_top1_rand13,f4,3
2024-12-01,344.95775981406626,234,mlp_corr_top1_rand13,f4,3
2025-01-01,402.2441079066674,234,mlp_corr_top1_rand13,f4,3
2025-02-01,448.5660759149531,234,mlp_corr_top1_rand13,f4,3
2025-03-01,442.36522940960947,234,mlp_corr_top1_rand13,f4,3
2025-04-01,323.9658076924548,234,mlp_corr_top1_rand13,f4,3
2023-12-01,279.3622306643425,234,gbm_corr_top1_2hop_rand13,f4,3
2024-01-01,405.52412720299293,234,gbm_corr_top1_2hop_rand13,f4,3
2024-02-01,443.1005749016108,234,gbm_corr_top1_2hop_rand13,f4,3
2024-03-01,265.5830581953867,234,gbm_corr_top1_2hop_rand13,f4,3
2024-04-01,324.1426733762545,234,gbm_corr_top1_2hop_rand13,f4,3
2024-05-01,294.7044543057955,234,gbm_corr_top1_2hop_rand13,f4,3
2024-06-01,290.16463352002523,234,gbm_corr_top1_2hop_rand13,f4,3
2024-07-01,260.1966436133059,234,gbm_corr_top1_2hop_rand13,f4,3
2024-08-01,398.9675325508962,234,gbm_corr_top1_2hop_rand13,f4,3
2024-09-01,443.12327431514956,234,gbm_corr_top1_2hop_rand13,f4,3
2024-10-01,705.591039584894,234,gbm_corr_top1_2hop_rand13,f4,3
2024-11-01,378.1860260371685,234,gbm_corr_top1_2hop_rand13,f4,3
2024-12-01,345.1336416877179,234,gbm_corr_top1_2hop_rand13,f4,3
2025-01-01,403.0755851926329,234,gbm_corr_top1_2hop_rand13,f4,3
2025-02-01,437.77921888186825,234,gbm_corr_top1_2hop_rand13,f4,3
2025-03-01,434.0715743586482,234,gbm_corr_top1_2hop_rand13,f4,3
2025-04-01,318.30048209240016,234,gbm_corr_top1_2hop_rand13,f4,3
2023-12-01,279.56103014185663,234,gbm_corr_top1_rand14,f4,3
2024-01-01,406.32914536027357,234,gbm_corr_top1_rand14,f4,3
2024-02-01,438.26832762794476,234,gbm_corr_top1_rand14,f4,3
2024-03-01,270.1231475898306,234,gbm_corr_top1_rand14,f4,3
2024-04-01,321.4721075045199,234,gbm_corr_top1_rand14,f4,3
2024-05-01,293.0877592253384,234,gbm_corr_top1_rand14,f4,3
2024-06-01,298.85144475344686,234,gbm_corr_top1_rand14,f4,3
2024-07-01,258.57268620339073,234,gbm_corr_top1_rand14,f4,3
2024-08-01,395.4860746231578,234,gbm_corr_top1_rand14,f4,3
2024-09-01,445.9442771853476,234,gbm_corr_top1_rand14,f4,3
2024-10-01,707.7429573361311,234,gbm_corr_top1_rand14,f4,3
2024-11-01,375.7307605824343,234,gbm_corr_top1_rand14,f4,3
2024-12-01,342.78477689259546,234,gbm_corr_top1_rand14,f4,3
2025-01-01,402.08500525665676,234,gbm_corr_top1_rand14,f4,3
2025-02-01,446.0561868607211,234,gbm_corr_top1_rand14,f4,3
2025-03-01,439.74835590745386,234,gbm_corr_top1_rand14,f4,3
2025-04-01,321.1264416779655,234,gbm_corr_top1_rand14,f4,3
2023-12-01,280.3318270049942,234,mlp_corr_top1_rand14,f4,3
2024-01-01,406.8707866606989,234,mlp_corr_top1_rand14,f4,3
2024-02-01,441.8512991108246,234,mlp_corr_top1_rand14,f4,3
2024-03-01,269.9152357289092,234,mlp_corr_top1_rand14,f4,3
2024-04-01,325.58129174729515,234,mlp_corr_top1_rand14,f4,3
2024-05-01,297.29313584428513,234,mlp_corr_top1_rand14,f4,3
2024-06-01,301.2486149506465,234,mlp_corr_top1_rand14,f4,3
2024-07-01,262.2635959392191,234,mlp_corr_top1_rand14,f4,3
2024-08-01,404.75970490503937,234,mlp_corr_top1_rand14,f4,3
2024-09-01,449.1505332175692,234,mlp_corr_top1_rand14,f4,3
2024-10-01,715.8732506572393,234,mlp_corr_top1_rand14,f4,3
2024-11-01,378.2767224326218,234,mlp_corr_top1_rand14,f4,3
2024-12-01,343.4220133262665,234,mlp_corr_top1_rand14,f4,3
2025-01-01,405.72877987250115,234,mlp_corr_top1_rand14,f4,3
2025-02-01,449.24324333666436,234,mlp_corr_top1_rand14,f4,3
2025-03-01,444.0002362461459,234,mlp_corr_top1_rand14,f4,3
2025-04-01,325.1746724219258,234,mlp_corr_top1_rand14,f4,3
2023-12-01,279.33707453545463,234,gbm_corr_top1_2hop_rand14,f4,3
2024-01-01,403.9864151044981,234,gbm_corr_top1_2hop_rand14,f4,3
2024-02-01,439.43823006720316,234,gbm_corr_top1_2hop_rand14,f4,3
2024-03-01,269.88499646906837,234,gbm_corr_top1_2hop_rand14,f4,3
2024-04-01,324.02096362962556,234,gbm_corr_top1_2hop_rand14,f4,3
2024-05-01,295.3388655570955,234,gbm_corr_top1_2hop_rand14,f4,3
2024-06-01,298.98247372352574,234,gbm_corr_top1_2hop_rand14,f4,3
2024-07-01,259.4450130959757,234,gbm_corr_top1_2hop_rand14,f4,3
2024-08-01,397.55251016411097,234,gbm_corr_top1_2hop_rand14,f4,3
2024-09-01,443.9609476923424,234,gbm_corr_top1_2hop_rand14,f4,3
2024-10-01,710.4452730849372,234,gbm_corr_top1_2hop_rand14,f4,3
2024-11-01,376.6152673097953,234,gbm_corr_top1_2hop_rand14,f4,3
2024-12-01,341.3406614047492,234,gbm_corr_top1_2hop_rand14,f4,3
2025-01-01,404.2690213259614,234,gbm_corr_top1_2hop_rand14,f4,3
2025-02-01,450.9340409677714,234,gbm_corr_top1_2hop_rand14,f4,3
2025-03-01,442.3950666913834,234,gbm_corr_top1_2hop_rand14,f4,3
2025-04-01,319.3957917885635,234,gbm_corr_top1_2hop_rand14,f4,3
2023-12-01,282.2790773274829,234,gbm_corr_top1_rand15,f4,3
2024-01-01,407.827435194745,234,gbm_corr_top1_rand15,f4,3
2024-02-01,445.10200984572714,234,gbm_corr_top1_rand15,f4,3
2024-03-01,264.21377736790697,234,gbm_corr_top1_rand15,f4,3
2024-04-01,320.93498020777383,234,gbm_corr_top1_rand15,f4,3
2024-05-01,296.49040811050446,234,gbm_corr_top1_rand15,f4,3
2024-06-01,304.0135215376602,234,gbm_corr_top1_rand15,f4,3
2024-07-01,262.90546532462,234,gbm_corr_top1_rand15,f4,3
2024-08-01,400.2208859558479,234,gbm_corr_top1_rand15,f4,3
2024-09-01,444.48225183256255,234,gbm_corr_top1_rand15,f4,3
2024-10-01,717.6895369800769,234,gbm_corr_top1_rand15,f4,3
2024-11-01,380.2471637815635,234,gbm_corr_top1_rand15,f4,3
2024-12-01,344.0489681868143,234,gbm_corr_top1_rand15,f4,3
2025-01-01,403.8125030315739,234,gbm_corr_top1_rand15,f4,3
2025-02-01,451.07421358075663,234,gbm_corr_top1_rand15,f4,3
2025-03-01,443.4406878920475,234,gbm_corr_top1_rand15,f4,3
2025-04-01,321.0579284908433,234,gbm_corr_top1_rand15,f4,3
2023-12-01,279.18163392835413,234,mlp_corr_top1_rand15,f4,3
2024-01-01,406.92742391002616,234,mlp_corr_top1_rand15,f4,3
2024-02-01,443.68047193972154,234,mlp_corr_top1_rand15,f4,3
2024-03-01,266.4913612746606,234,mlp_corr_top1_rand15,f4,3
2024-04-01,323.3396138975448,234,mlp_corr_top1_rand15,f4,3
2024-05-01,293.47057074426925,234,mlp_corr_top1_rand15,f4,3
2024-06-01,302.1121840603561,234,mlp_corr_top1_rand15,f4,3
2024-07-01,262.3026417138848,234,mlp_corr_top1_rand15,f4,3
2024-08-01,398.2153306686046,234,mlp_corr_top1_rand15,f4,3
2024-09-01,447.6338311104444,234,mlp_corr_top1_rand15,f4,3
2024-10-01,714.8140893054442,234,mlp_corr_top1_rand15,f4,3
2024-11-01,377.4637505765656,234,mlp_corr_top1_rand15,f4,3
2024-12-01,343.91008125033335,234,mlp_corr_top1_rand15,f4,3
2025-01-01,402.4612756016083,234,mlp_corr_top1_rand15,f4,3
2025-02-01,446.165780398089,234,mlp_corr_top1_rand15,f4,3
2025-03-01,438.5658011695336,234,mlp_corr_top1_rand15,f4,3
2025-04-01,317.97411187058805,234,mlp_corr_top1_rand15,f4,3
2023-12-01,282.22966663872404,234,gbm_corr_top1_2hop_rand15,f4,3
2024-01-01,406.96968078348084,234,gbm_corr_top1_2hop_rand15,f4,3
2024-02-01,447.2198969384287,234,gbm_corr_top1_2hop_rand15,f4,3
2024-03-01,261.435753205883,234,gbm_corr_top1_2hop_rand15,f4,3
2024-04-01,322.379255158861,234,gbm_corr_top1_2hop_rand15,f4,3
2024-05-01,300.239792830872,234,gbm_corr_top1_2hop_rand15,f4,3
2024-06-01,304.88909078737305,234,gbm_corr_top1_2hop_rand15,f4,3
2024-07-01,266.7701298445882,234,gbm_corr_top1_2hop_rand15,f4,3
2024-08-01,397.30592225726696,234,gbm_corr_top1_2hop_rand15,f4,3
2024-09-01,444.5342109956683,234,gbm_corr_top1_2hop_rand15,f4,3
2024-10-01,718.0865045387937,234,gbm_corr_top1_2hop_rand15,f4,3
2024-11-01,378.74961352962475,234,gbm_corr_top1_2hop_rand15,f4,3
2024-12-01,342.8921987299067,234,gbm_corr_top1_2hop_rand15,f4,3
2025-01-01,401.48370134909254,234,gbm_corr_top1_2hop_rand15,f4,3
2025-02-01,445.93296295370186,234,gbm_corr_top1_2hop_rand15,f4,3
2025-03-01,436.3270245695547,234,gbm_corr_top1_2hop_rand15,f4,3
2025-04-01,317.77761059036527,234,gbm_corr_top1_2hop_rand15,f4,3
2023-12-01,283.06509998440777,234,gbm_corr_top1_rand16,f4,3
2024-01-01,409.0030048247524,234,gbm_corr_top1_rand16,f4,3
2024-02-01,436.5124901484185,234,gbm_corr_top1_rand16,f4,3
2024-03-01,267.905746150713,234,gbm_corr_top1_rand16,f4,3
2024-04-01,325.92179721030897,234,gbm_corr_top1_rand16,f4,3
2024-05-01,298.3236266086414,234,gbm_corr_top1_rand16,f4,3
2024-06-01,298.24711439035514,234,gbm_corr_top1_rand16,f4,3
2024-07-01,263.79357390370905,234,gbm_corr_top1_rand16,f4,3
2024-08-01,403.2588548663148,234,gbm_corr_top1_rand16,f4,3
2024-09-01,447.8896635904343,234,gbm_corr_top1_rand16,f4,3
2024-10-01,703.6930972701197,234,gbm_corr_top1_rand16,f4,3
2024-11-01,374.35181871392325,234,gbm_corr_top1_rand16,f4,3
2024-12-01,347.8289538612051,234,gbm_corr_top1_rand16,f4,3
2025-01-01,403.6457405481548,234,gbm_corr_top1_rand16,f4,3
2025-02-01,444.6087768515705,234,gbm_corr_top1_rand16,f4,3
2025-03-01,443.231171320233,234,gbm_corr_top1_rand16,f4,3
2025-04-01,317.3739812507074,234,gbm_corr_top1_rand16,f4,3
2023-12-01,284.3862620495557,234,mlp_corr_top1_rand16,f4,3
2024-01-01,409.28066395803216,234,mlp_corr_top1_rand16,f4,3
2024-02-01,436.49867752166415,234,mlp_corr_top1_rand16,f4,3
2024-03-01,266.74786285769676,234,mlp_corr_top1_rand16,f4,3
2024-04-01,326.29500786070577,234,mlp_corr_top1_rand16,f4,3
2024-05-01,298.67199708903723,234,mlp_corr_top1_rand16,f4,3
2024-06-01,302.67576940826234,234,mlp_corr_top1_rand16,f4,3
2024-07-01,267.14223739795335,234,mlp_corr_top1_rand16,f4,3
2024-08-01,401.56744755002575,234,mlp_corr_top1_rand16,f4,3
2024-09-01,446.8882415813047,234,mlp_corr_top1_rand16,f4,3
2024-10-01,712.6839980550557,234,mlp_corr_top1_rand16,f4,3
2024-11-01,376.85551619140483,234,mlp_corr_top1_rand16,f4,3
2024-12-01,344.5316035836838,234,mlp_corr_top1_rand16,f4,3
2025-01-01,406.78502403759177,234,mlp_corr_top1_rand16,f4,3
2025-02-01,447.2855244054658,234,mlp_corr_top1_rand16,f4,3
2025-03-01,444.1428871708693,234,mlp_corr_top1_rand16,f4,3
2025-04-01,319.6652900471468,234,mlp_corr_top1_rand16,f4,3
2023-12-01,279.68420043539516,234,gbm_corr_top1_2hop_rand16,f4,3
2024-01-01,406.37766308131114,234,gbm_corr_top1_2hop_rand16,f4,3
2024-02-01,444.9092625686281,234,gbm_corr_top1_2hop_rand16,f4,3
2024-03-01,264.62877192431876,234,gbm_corr_top1_2hop_rand16,f4,3
2024-04-01,323.9688683820939,234,gbm_corr_top1_2hop_rand16,f4,3
2024-05-01,301.02072790501256,234,gbm_corr_top1_2hop_rand16,f4,3
2024-06-01,303.44351593885233,234,gbm_corr_top1_2hop_rand16,f4,3
2024-07-01,265.2793469907815,234,gbm_corr_top1_2hop_rand16,f4,3
2024-08-01,395.60458188473643,234,gbm_corr_top1_2hop_rand16,f4,3
2024-09-01,443.23304037680197,234,gbm_corr_top1_2hop_rand16,f4,3
2024-10-01,704.8530522175199,234,gbm_corr_top1_2hop_rand16,f4,3
2024-11-01,368.3215401522974,234,gbm_corr_top1_2hop_rand16,f4,3
2024-12-01,345.79564727000627,234,gbm_corr_top1_2hop_rand16,f4,3
2025-01-01,398.26516370419915,234,gbm_corr_top1_2hop_rand16,f4,3
2025-02-01,444.7233142307887,234,gbm_corr_top1_2hop_rand16,f4,3
2025-03-01,436.7298971334468,234,gbm_corr_top1_2hop_rand16,f4,3
2025-04-01,314.49688721146583,234,gbm_corr_top1_2hop_rand16,f4,3
2023-12-01,279.9702171842107,234,gbm_corr_top1_rand17,f4,3
2024-01-01,406.1959869161562,234,gbm_corr_top1_rand17,f4,3
2024-02-01,443.92168362341994,234,gbm_corr_top1_rand17,f4,3
2024-03-01,267.29299987943557,234,gbm_corr_top1_rand17,f4,3
2024-04-01,327.3195438968814,234,gbm_corr_top1_rand17,f4,3
2024-05-01,299.3835868046742,234,gbm_corr_top1_rand17,f4,3
2024-06-01,300.61498801396505,234,gbm_corr_top1_rand17,f4,3
2024-07-01,258.3136280555676,234,gbm_corr_top1_rand17,f4,3
2024-08-01,404.41799001110013,234,gbm_corr_top1_rand17,f4,3
2024-09-01,445.67177902583774,234,gbm_corr_top1_rand17,f4,3
2024-10-01,710.8754336723728,234,gbm_corr_top1_rand17,f4,3
2024-11-01,382.55399794270784,234,gbm_corr_top1_rand17,f4,3
2024-12-01,340.4609024273765,234,gbm_corr_top1_rand17,f4,3
2025-01-01,406.39057290159553,234,gbm_corr_top1_rand17,f4,3
2025-02-01,453.7208915058268,234,gbm_corr_top1_rand17,f4,3
2025-03-01,440.48880480207214,234,gbm_corr_top1_rand17,f4,3
2025-04-01,321.9021893664806,234,gbm_corr_top1_rand17,f4,3
2023-12-01,279.79255404955336,234,mlp_corr_top1_rand17,f4,3
2024-01-01,406.5447378782524,234,mlp_corr_top1_rand17,f4,3
2024-02-01,437.9109952787399,234,mlp_corr_top1_rand17,f4,3
2024-03-01,268.78960408472767,234,mlp_corr_top1_rand17,f4,3
2024-04-01,325.4030470181332,234,mlp_corr_top1_rand17,f4,3
2024-05-01,294.17428877425607,234,mlp_corr_top1_rand17,f4,3
2024-06-01,299.3767733365674,234,mlp_corr_top1_rand17,f4,3
2024-07-01,258.8758391793001,234,mlp_corr_top1_rand17,f4,3
2024-08-01,396.10372947496893,234,mlp_corr_top1_rand17,f4,3
2024-09-01,444.3426634427648,234,mlp_corr_top1_rand17,f4,3
2024-10-01,707.8605912277368,234,mlp_corr_top1_rand17,f4,3
2024-11-01,379.5809219623893,234,mlp_corr_top1_rand17,f4,3
2024-12-01,342.6644515475805,234,mlp_corr_top1_rand17,f4,3
2025-01-01,398.31013425850426,234,mlp_corr_top1_rand17,f4,3
2025-02-01,450.17053795691527,234,mlp_corr_top1_rand17,f4,3
2025-03-01,441.6679151309414,234,mlp_corr_top1_rand17,f4,3
2025-04-01,323.8636484624469,234,mlp_corr_top1_rand17,f4,3
2023-12-01,280.5788724638599,234,gbm_corr_top1_2hop_rand17,f4,3
2024-01-01,403.0466442110845,234,gbm_corr_top1_2hop_rand17,f4,3
2024-02-01,444.35039917272894,234,gbm_corr_top1_2hop_rand17,f4,3
2024-03-01,272.3331511333932,234,gbm_corr_top1_2hop_rand17,f4,3
2024-04-01,327.7095202707989,234,gbm_corr_top1_2hop_rand17,f4,3
2024-05-01,294.7371715781779,234,gbm_corr_top1_2hop_rand17,f4,3
2024-06-01,302.6112711557328,234,gbm_corr_top1_2hop_rand17,f4,3
2024-07-01,259.49463651704923,234,gbm_corr_top1_2hop_rand17,f4,3
2024-08-01,402.8397704961864,234,gbm_corr_top1_2hop_rand17,f4,3
2024-09-01,444.6900903078036,234,gbm_corr_top1_2hop_rand17,f4,3
2024-10-01,708.7275147055307,234,gbm_corr_top1_2hop_rand17,f4,3
2024-11-01,382.5156411013975,234,gbm_corr_top1_2hop_rand17,f4,3
2024-12-01,339.94091701744713,234,gbm_corr_top1_2hop_rand17,f4,3
2025-01-01,400.3291827390439,234,gbm_corr_top1_2hop_rand17,f4,3
2025-02-01,450.7603267335765,234,gbm_corr_top1_2hop_rand17,f4,3
2025-03-01,435.94582915695435,234,gbm_corr_top1_2hop_rand17,f4,3
2025-04-01,316.6653199153261,234,gbm_corr_top1_2hop_rand17,f4,3
2023-12-01,277.5601866615544,234,gbm_corr_top1_rand18,f4,3
2024-01-01,404.8409871845515,234,gbm_corr_top1_rand18,f4,3
2024-02-01,438.63912383119356,234,gbm_corr_top1_rand18,f4,3
2024-03-01,266.05435237371586,234,gbm_corr_top1_rand18,f4,3
2024-04-01,322.68022378068486,234,gbm_corr_top1_rand18,f4,3
2024-05-01,300.2486452448429,234,gbm_corr_top1_rand18,f4,3
2024-06-01,300.09143607882964,234,gbm_corr_top1_rand18,f4,3
2024-07-01,258.52370751560255,234,gbm_corr_top1_rand18,f4,3
2024-08-01,398.8643962216925,234,gbm_corr_top1_rand18,f4,3
2024-09-01,444.83943896520236,234,gbm_corr_top1_rand18,f4,3
2024-10-01,701.7802357953636,234,gbm_corr_top1_rand18,f4,3
2024-11-01,378.38487853858015,234,gbm_corr_top1_rand18,f4,3
2024-12-01,344.2844813925959,234,gbm_corr_top1_rand18,f4,3
2025-01-01,400.0364375901394,234,gbm_corr_top1_rand18,f4,3
2025-02-01,444.82061032835145,234,gbm_corr_top1_rand18,f4,3
2025-03-01,446.02573235844176,234,gbm_corr_top1_rand18,f4,3
2025-04-01,325.49547744935666,234,gbm_corr_top1_rand18,f4,3
2023-12-01,279.44716347309355,234,mlp_corr_top1_rand18,f4,3
2024-01-01,404.1034312327777,234,mlp_corr_top1_rand18,f4,3
2024-02-01,432.20911804724506,234,mlp_corr_top1_rand18,f4,3
2024-03-01,266.9000799597485,234,mlp_corr_top1_rand18,f4,3
2024-04-01,324.4781743353307,234,mlp_corr_top1_rand18,f4,3
2024-05-01,295.9111487431558,234,mlp_corr_top1_rand18,f4,3
2024-06-01,297.7631048165785,234,mlp_corr_top1_rand18,f4,3
2024-07-01,261.2108580260434,234,mlp_corr_top1_rand18,f4,3
2024-08-01,395.0222799591323,234,mlp_corr_top1_rand18,f4,3
2024-09-01,441.7459595618808,234,mlp_corr_top1_rand18,f4,3
2024-10-01,704.1647812999483,234,mlp_corr_top1_rand18,f4,3
2024-11-01,373.18324150810463,234,mlp_corr_top1_rand18,f4,3
2024-12-01,340.4501272221518,234,mlp_corr_top1_rand18,f4,3
2025-01-01,396.5168813042329,234,mlp_corr_top1_rand18,f4,3
2025-02-01,446.44704885503637,234,mlp_corr_top1_rand18,f4,3
2025-03-01,441.42464521989245,234,mlp_corr_top1_rand18,f4,3
2025-04-01,326.09315547141165,234,mlp_corr_top1_rand18,f4,3
2023-12-01,282.25762004209844,234,gbm_corr_top1_2hop_rand18,f4,3
2024-01-01,407.7357782571566,234,gbm_corr_top1_2hop_rand18,f4,3
2024-02-01,437.4070734717323,234,gbm_corr_top1_2hop_rand18,f4,3
2024-03-01,265.9516660769378,234,gbm_corr_top1_2hop_rand18,f4,3
2024-04-01,329.9725997836811,234,gbm_corr_top1_2hop_rand18,f4,3
2024-05-01,300.18042880937634,234,gbm_corr_top1_2hop_rand18,f4,3
2024-06-01,297.63780708516066,234,gbm_corr_top1_2hop_rand18,f4,3
2024-07-01,259.0536676613453,234,gbm_corr_top1_2hop_rand18,f4,3
2024-08-01,397.1498871272291,234,gbm_corr_top1_2hop_rand18,f4,3
2024-09-01,444.568389031671,234,gbm_corr_top1_2hop_rand18,f4,3
2024-10-01,706.9041644458854,234,gbm_corr_top1_2hop_rand18,f4,3
2024-11-01,375.06212278062486,234,gbm_corr_top1_2hop_rand18,f4,3
2024-12-01,338.7446078548591,234,gbm_corr_top1_2hop_rand18,f4,3
2025-01-01,403.4254913746679,234,gbm_corr_top1_2hop_rand18,f4,3
2025-02-01,446.98517792120066,234,gbm_corr_top1_2hop_rand18,f4,3
2025-03-01,446.6758499740021,234,gbm_corr_top1_2hop_rand18,f4,3
2025-04-01,324.8423017801016,234,gbm_corr_top1_2hop_rand18,f4,3
2023-12-01,279.0997576381237,234,gbm_corr_top1_rand19,f4,3
2024-01-01,407.4571869654164,234,gbm_corr_top1_rand19,f4,3
2024-02-01,438.34693287456093,234,gbm_corr_top1_rand19,f4,3
2024-03-01,264.31812134534295,234,gbm_corr_top1_rand19,f4,3
2024-04-01,320.80817566690394,234,gbm_corr_top1_rand19,f4,3
2024-05-01,294.63448839998165,234,gbm_corr_top1_rand19,f4,3
2024-06-01,296.2685659825114,234,gbm_corr_top1_rand19,f4,3
2024-07-01,265.63005613305864,234,gbm_corr_top1_rand19,f4,3
2024-08-01,403.28305761528827,234,gbm_corr_top1_rand19,f4,3
2024-09-01,442.61343368744235,234,gbm_corr_top1_rand19,f4,3
2024-10-01,704.2156678116361,234,gbm_corr_top1_rand19,f4,3
2024-11-01,377.40799844588435,234,gbm_corr_top1_rand19,f4,3
2024-12-01,345.7789258015171,234,gbm_corr_top1_rand19,f4,3
2025-01-01,401.83674135692803,234,gbm_corr_top1_rand19,f4,3
2025-02-01,453.23743370094934,234,gbm_corr_top1_rand19,f4,3
2025-03-01,445.4241639909319,234,gbm_corr_top1_rand19,f4,3
2025-04-01,322.89416398207476,234,gbm_corr_top1_rand19,f4,3
2023-12-01,279.9501607665682,234,mlp_corr_top1_rand19,f4,3
2024-01-01,407.26196176212954,234,mlp_corr_top1_rand19,f4,3
2024-02-01,437.32430319298254,234,mlp_corr_top1_rand19,f4,3
2024-03-01,267.1844041113578,234,mlp_corr_top1_rand19,f4,3
2024-04-01,327.51092755604793,234,mlp_corr_top1_rand19,f4,3
2024-05-01,294.936770120796,234,mlp_corr_top1_rand19,f4,3
2024-06-01,291.1400638935522,234,mlp_corr_top1_rand19,f4,3
2024-07-01,261.08361800969465,234,mlp_corr_top1_rand19,f4,3
2024-08-01,396.3758858884427,234,mlp_corr_top1_rand19,f4,3
2024-09-01,442.16358371481044,234,mlp_corr_top1_rand19,f4,3
2024-10-01,705.8543122771921,234,mlp_corr_top1_rand19,f4,3
2024-11-01,381.19861861582075,234,mlp_corr_top1_rand19,f4,3
2024-12-01,341.2673216043866,234,mlp_corr_top1_rand19,f4,3
2025-01-01,407.0229809345659,234,mlp_corr_top1_rand19,f4,3
2025-02-01,451.8588296497239,234,mlp_corr_top1_rand19,f4,3
2025-03-01,447.0099037843199,234,mlp_corr_top1_rand19,f4,3
2025-04-01,320.65067175662733,234,mlp_corr_top1_rand19,f4,3
2023-12-01,279.30459739860976,234,gbm_corr_top1_2hop_rand19,f4,3
2024-01-01,409.2373462653119,234,gbm_corr_top1_2hop_rand19,f4,3
2024-02-01,446.93831221962074,234,gbm_corr_top1_2hop_rand19,f4,3
2024-03-01,265.4719960571932,234,gbm_corr_top1_2hop_rand19,f4,3
2024-04-01,321.44960508609506,234,gbm_corr_top1_2hop_rand19,f4,3
2024-05-01,298.35279193994603,234,gbm_corr_top1_2hop_rand19,f4,3
2024-06-01,297.6746315859476,234,gbm_corr_top1_2hop_rand19,f4,3
2024-07-01,266.19754908984027,234,gbm_corr_top1_2hop_rand19,f4,3
2024-08-01,398.2526411127401,234,gbm_corr_top1_2hop_rand19,f4,3
2024-09-01,439.3297487977958,234,gbm_corr_top1_2hop_rand19,f4,3
2024-10-01,702.151669275918,234,gbm_corr_top1_2hop_rand19,f4,3
2024-11-01,375.0912233126729,234,gbm_corr_top1_2hop_rand19,f4,3
2024-12-01,344.9444653267798,234,gbm_corr_top1_2hop_rand19,f4,3
2025-01-01,401.746188492097,234,gbm_corr_top1_2hop_rand19,f4,3
2025-02-01,450.83009632182905,234,gbm_corr_top1_2hop_rand19,f4,3
2025-03-01,441.7937651936686,234,gbm_corr_top1_2hop_rand19,f4,3
2025-04-01,320.86504077885775,234,gbm_corr_top1_2hop_rand19,f4,3
2025-03-01,307.74693957336825,234,gbm_corr_top1_rand0,f5,1
2025-04-01,202.54797895371124,234,gbm_corr_top1_rand0,f5,1
2025-05-01,134.3125143643293,234,gbm_corr_top1_rand0,f5,1
2025-06-01,321.94841056804825,234,gbm_corr_top1_rand0,f5,1
2025-07-01,160.7458437396133,234,gbm_corr_top1_rand0,f5,1
2025-08-01,196.37661649559092,234,gbm_corr_top1_rand0,f5,1
2025-09-01,200.97712917558204,234,gbm_corr_top1_rand0,f5,1
2025-10-01,204.65031952543765,234,gbm_corr_top1_rand0,f5,1
2025-11-01,228.7056270225393,234,gbm_corr_top1_rand0,f5,1
2025-12-01,225.0628543072072,234,gbm_corr_top1_rand0,f5,1
2026-01-01,245.33313167341268,234,gbm_corr_top1_rand0,f5,1
2026-02-01,314.46685801719957,234,gbm_corr_top1_rand0,f5,1
2026-03-01,244.57545234590347,234,gbm_corr_top1_rand0,f5,1
2026-04-01,237.01017674869914,234,gbm_corr_top1_rand0,f5,1
2026-05-01,185.2177994820392,234,gbm_corr_top1_rand0,f5,1
2025-03-01,306.73295036607294,234,mlp_corr_top1_rand0,f5,1
2025-04-01,198.4752710088634,234,mlp_corr_top1_rand0,f5,1
2025-05-01,135.7178492657818,234,mlp_corr_top1_rand0,f5,1
2025-06-01,317.1748450863381,234,mlp_corr_top1_rand0,f5,1
2025-07-01,160.80573667579955,234,mlp_corr_top1_rand0,f5,1
2025-08-01,196.3110363764875,234,mlp_corr_top1_rand0,f5,1
2025-09-01,196.89047502807801,234,mlp_corr_top1_rand0,f5,1
2025-10-01,205.315621134782,234,mlp_corr_top1_rand0,f5,1
2025-11-01,229.19216648099595,234,mlp_corr_top1_rand0,f5,1
2025-12-01,222.49413013870733,234,mlp_corr_top1_rand0,f5,1
2026-01-01,245.09261660963276,234,mlp_corr_top1_rand0,f5,1
2026-02-01,310.02938837032065,234,mlp_corr_top1_rand0,f5,1
2026-03-01,244.06866411991214,234,mlp_corr_top1_rand0,f5,1
2026-04-01,242.5971389266976,234,mlp_corr_top1_rand0,f5,1
2026-05-01,187.5258761525538,234,mlp_corr_top1_rand0,f5,1
2025-03-01,309.7341329842103,234,gbm_corr_top1_2hop_rand0,f5,1
2025-04-01,203.50454043783157,234,gbm_corr_top1_2hop_rand0,f5,1
2025-05-01,134.22915498547832,234,gbm_corr_top1_2hop_rand0,f5,1
2025-06-01,320.17748918937247,234,gbm_corr_top1_2hop_rand0,f5,1
2025-07-01,162.8431793304193,234,gbm_corr_top1_2hop_rand0,f5,1
2025-08-01,196.4596312252959,234,gbm_corr_top1_2hop_rand0,f5,1
2025-09-01,204.04245363292756,234,gbm_corr_top1_2hop_rand0,f5,1
2025-10-01,207.11703093738538,234,gbm_corr_top1_2hop_rand0,f5,1
2025-11-01,230.32174198547187,234,gbm_corr_top1_2hop_rand0,f5,1
2025-12-01,226.78384934096988,234,gbm_corr_top1_2hop_rand0,f5,1
2026-01-01,246.00434869343164,234,gbm_corr_top1_2hop_rand0,f5,1
2026-02-01,312.81113814844923,234,gbm_corr_top1_2hop_rand0,f5,1
2026-03-01,242.90881527726893,234,gbm_corr_top1_2hop_rand0,f5,1
2026-04-01,237.47458531851703,234,gbm_corr_top1_2hop_rand0,f5,1
2026-05-01,183.78257441838255,234,gbm_corr_top1_2hop_rand0,f5,1
2025-03-01,309.38566625904645,234,gbm_corr_top1_rand1,f5,1
2025-04-01,201.75137905322006,234,gbm_corr_top1_rand1,f5,1
2025-05-01,136.20365159486755,234,gbm_corr_top1_rand1,f5,1
2025-06-01,317.85542257403,234,gbm_corr_top1_rand1,f5,1
2025-07-01,161.94019507892065,234,gbm_corr_top1_rand1,f5,1
2025-08-01,196.52013187793773,234,gbm_corr_top1_rand1,f5,1
2025-09-01,197.04770553939306,234,gbm_corr_top1_rand1,f5,1
2025-10-01,207.6883104549257,234,gbm_corr_top1_rand1,f5,1
2025-11-01,228.6013899089097,234,gbm_corr_top1_rand1,f5,1
2025-12-01,225.26752816208088,234,gbm_corr_top1_rand1,f5,1
2026-01-01,243.54719665393918,234,gbm_corr_top1_rand1,f5,1
2026-02-01,309.5557510884206,234,gbm_corr_top1_rand1,f5,1
2026-03-01,244.3413019075315,234,gbm_corr_top1_rand1,f5,1
2026-04-01,240.04710226112923,234,gbm_corr_top1_rand1,f5,1
2026-05-01,184.88648055047096,234,gbm_corr_top1_rand1,f5,1
2025-03-01,307.2940244623829,234,mlp_corr_top1_rand1,f5,1
2025-04-01,201.34840042413822,234,mlp_corr_top1_rand1,f5,1
2025-05-01,134.01807834919376,234,mlp_corr_top1_rand1,f5,1
2025-06-01,317.7315509164707,234,mlp_corr_top1_rand1,f5,1
2025-07-01,159.36917525407748,234,mlp_corr_top1_rand1,f5,1
2025-08-01,195.34182863782084,234,mlp_corr_top1_rand1,f5,1
2025-09-01,196.85923515953175,234,mlp_corr_top1_rand1,f5,1
2025-10-01,203.6377918577635,234,mlp_corr_top1_rand1,f5,1
2025-11-01,225.41592828695372,234,mlp_corr_top1_rand1,f5,1
2025-12-01,223.7103287785447,234,mlp_corr_top1_rand1,f5,1
2026-01-01,242.49075238919588,234,mlp_corr_top1_rand1,f5,1
2026-02-01,308.14867874135797,234,mlp_corr_top1_rand1,f5,1
2026-03-01,241.89755294687933,234,mlp_corr_top1_rand1,f5,1
2026-04-01,236.7592167411858,234,mlp_corr_top1_rand1,f5,1
2026-05-01,181.1657381146247,234,mlp_corr_top1_rand1,f5,1
2025-03-01,309.71804197091825,234,gbm_corr_top1_2hop_rand1,f5,1
2025-04-01,200.1576927255071,234,gbm_corr_top1_2hop_rand1,f5,1
2025-05-01,135.0670428002025,234,gbm_corr_top1_2hop_rand1,f5,1
2025-06-01,317.1355111066839,234,gbm_corr_top1_2hop_rand1,f5,1
2025-07-01,161.08640234185938,234,gbm_corr_top1_2hop_rand1,f5,1
2025-08-01,194.66060838797867,234,gbm_corr_top1_2hop_rand1,f5,1
2025-09-01,195.8572482682787,234,gbm_corr_top1_2hop_rand1,f5,1
2025-10-01,204.1101446048852,234,gbm_corr_top1_2hop_rand1,f5,1
2025-11-01,227.81957561751165,234,gbm_corr_top1_2hop_rand1,f5,1
2025-12-01,229.0867034227908,234,gbm_corr_top1_2hop_rand1,f5,1
2026-01-01,244.61040569896346,234,gbm_corr_top1_2hop_rand1,f5,1
2026-02-01,311.3586313026858,234,gbm_corr_top1_2hop_rand1,f5,1
2026-03-01,242.04036203066008,234,gbm_corr_top1_2hop_rand1,f5,1
2026-04-01,240.3362962762684,234,gbm_corr_top1_2hop_rand1,f5,1
2026-05-01,184.7329569159696,234,gbm_corr_top1_2hop_rand1,f5,1
2025-03-01,307.1397814431821,234,gbm_corr_top1_rand2,f5,1
2025-04-01,201.8926894521062,234,gbm_corr_top1_rand2,f5,1
2025-05-01,133.7294425362477,234,gbm_corr_top1_rand2,f5,1
2025-06-01,321.540604855709,234,gbm_corr_top1_rand2,f5,1
2025-07-01,162.16919954973935,234,gbm_corr_top1_rand2,f5,1
2025-08-01,197.1132248782634,234,gbm_corr_top1_rand2,f5,1
2025-09-01,198.35045499730953,234,gbm_corr_top1_rand2,f5,1
2025-10-01,203.71781443358566,234,gbm_corr_top1_rand2,f5,1
2025-11-01,228.02560858171944,234,gbm_corr_top1_rand2,f5,1
2025-12-01,224.33008257666773,234,gbm_corr_top1_rand2,f5,1
2026-01-01,243.943854450832,234,gbm_corr_top1_rand2,f5,1
2026-02-01,310.5280252185149,234,gbm_corr_top1_rand2,f5,1
2026-03-01,247.19559328005826,234,gbm_corr_top1_rand2,f5,1
2026-04-01,238.84856324116458,234,gbm_corr_top1_rand2,f5,1
2026-05-01,180.95668106843874,234,gbm_corr_top1_rand2,f5,1
2025-03-01,307.5115845306356,234,mlp_corr_top1_rand2,f5,1
2025-04-01,198.75509632562998,234,mlp_corr_top1_rand2,f5,1
2025-05-01,134.21806612324568,234,mlp_corr_top1_rand2,f5,1
2025-06-01,317.24252757447096,234,mlp_corr_top1_rand2,f5,1
2025-07-01,161.42219776829631,234,mlp_corr_top1_rand2,f5,1
2025-08-01,193.82491845350327,234,mlp_corr_top1_rand2,f5,1
2025-09-01,197.04154677613454,234,mlp_corr_top1_rand2,f5,1
2025-10-01,205.39397152046797,234,mlp_corr_top1_rand2,f5,1
2025-11-01,228.04449592135336,234,mlp_corr_top1_rand2,f5,1
2025-12-01,219.92553910238098,234,mlp_corr_top1_rand2,f5,1
2026-01-01,246.10715510129074,234,mlp_corr_top1_rand2,f5,1
2026-02-01,309.0684301022945,234,mlp_corr_top1_rand2,f5,1
2026-03-01,242.5913795700724,234,mlp_corr_top1_rand2,f5,1
2026-04-01,242.82424986281578,234,mlp_corr_top1_rand2,f5,1
2026-05-01,185.4761400996885,234,mlp_corr_top1_rand2,f5,1
2025-03-01,307.3189918518918,234,gbm_corr_top1_2hop_rand2,f5,1
2025-04-01,200.8957868131106,234,gbm_corr_top1_2hop_rand2,f5,1
2025-05-01,134.89563393909583,234,gbm_corr_top1_2hop_rand2,f5,1
2025-06-01,320.6395818665914,234,gbm_corr_top1_2hop_rand2,f5,1
2025-07-01,161.76312971702365,234,gbm_corr_top1_2hop_rand2,f5,1
2025-08-01,196.31147086587097,234,gbm_corr_top1_2hop_rand2,f5,1
2025-09-01,198.14525115461612,234,gbm_corr_top1_2hop_rand2,f5,1
2025-10-01,206.2097178280793,234,gbm_corr_top1_2hop_rand2,f5,1
2025-11-01,231.4639103016475,234,gbm_corr_top1_2hop_rand2,f5,1
2025-12-01,225.7775844995237,234,gbm_corr_top1_2hop_rand2,f5,1
2026-01-01,245.75152523126775,234,gbm_corr_top1_2hop_rand2,f5,1
2026-02-01,310.50632457690983,234,gbm_corr_top1_2hop_rand2,f5,1
2026-03-01,245.67124021390163,234,gbm_corr_top1_2hop_rand2,f5,1
2026-04-01,238.93108477291884,234,gbm_corr_top1_2hop_rand2,f5,1
2026-05-01,183.1650238037098,234,gbm_corr_top1_2hop_rand2,f5,1
2025-03-01,302.97266619764224,234,gbm_corr_top1_rand3,f5,1
2025-04-01,201.4474593802488,234,gbm_corr_top1_rand3,f5,1
2025-05-01,133.72303003034855,234,gbm_corr_top1_rand3,f5,1
2025-06-01,319.17198038517614,234,gbm_corr_top1_rand3,f5,1
2025-07-01,160.56238630937617,234,gbm_corr_top1_rand3,f5,1
2025-08-01,194.37239610530824,234,gbm_corr_top1_rand3,f5,1
2025-09-01,200.79703078887212,234,gbm_corr_top1_rand3,f5,1
2025-10-01,205.8318820768254,234,gbm_corr_top1_rand3,f5,1
2025-11-01,231.39627389710262,234,gbm_corr_top1_rand3,f5,1
2025-12-01,222.98323881102482,234,gbm_corr_top1_rand3,f5,1
2026-01-01,244.73923633497768,234,gbm_corr_top1_rand3,f5,1
2026-02-01,311.9973096548781,234,gbm_corr_top1_rand3,f5,1
2026-03-01,241.11122984577543,234,gbm_corr_top1_rand3,f5,1
2026-04-01,238.34937827172362,234,gbm_corr_top1_rand3,f5,1
2026-05-01,181.85539040209034,234,gbm_corr_top1_rand3,f5,1
2025-03-01,307.15556409872175,234,mlp_corr_top1_rand3,f5,1
2025-04-01,202.06085399509334,234,mlp_corr_top1_rand3,f5,1
2025-05-01,134.90982623888834,234,mlp_corr_top1_rand3,f5,1
2025-06-01,319.65853693782407,234,mlp_corr_top1_rand3,f5,1
2025-07-01,159.00044076282492,234,mlp_corr_top1_rand3,f5,1
2025-08-01,197.46931364253967,234,mlp_corr_top1_rand3,f5,1
2025-09-01,200.81500510133517,234,mlp_corr_top1_rand3,f5,1
2025-10-01,204.87268108702935,234,mlp_corr_top1_rand3,f5,1
2025-11-01,230.932048207509,234,mlp_corr_top1_rand3,f5,1
2025-12-01,222.60019868312432,234,mlp_corr_top1_rand3,f5,1
2026-01-01,243.57670605667104,234,mlp_corr_top1_rand3,f5,1
2026-02-01,314.1119316937539,234,mlp_corr_top1_rand3,f5,1
2026-03-01,243.1854686496065,234,mlp_corr_top1_rand3,f5,1
2026-04-01,236.6878169289701,234,mlp_corr_top1_rand3,f5,1
2026-05-01,185.94207535037222,234,mlp_corr_top1_rand3,f5,1
2025-03-01,303.84359281029674,234,gbm_corr_top1_2hop_rand3,f5,1
2025-04-01,204.26622382154645,234,gbm_corr_top1_2hop_rand3,f5,1
2025-05-01,133.82203961557147,234,gbm_corr_top1_2hop_rand3,f5,1
2025-06-01,318.57649797859904,234,gbm_corr_top1_2hop_rand3,f5,1
2025-07-01,159.86896194345326,234,gbm_corr_top1_2hop_rand3,f5,1
2025-08-01,194.36440895581129,234,gbm_corr_top1_2hop_rand3,f5,1
2025-09-01,203.7612906894235,234,gbm_corr_top1_2hop_rand3,f5,1
2025-10-01,203.82888464910496,234,gbm_corr_top1_2hop_rand3,f5,1
2025-11-01,229.88286780340331,234,gbm_corr_top1_2hop_rand3,f5,1
2025-12-01,222.5803643740319,234,gbm_corr_top1_2hop_rand3,f5,1
2026-01-01,243.05441239614606,234,gbm_corr_top1_2hop_rand3,f5,1
2026-02-01,314.2879259115827,234,gbm_corr_top1_2hop_rand3,f5,1
2026-03-01,237.824702769257,234,gbm_corr_top1_2hop_rand3,f5,1
2026-04-01,236.52303868700045,234,gbm_corr_top1_2hop_rand3,f5,1
2026-05-01,180.74198766353592,234,gbm_corr_top1_2hop_rand3,f5,1
2025-03-01,306.9844663347681,234,gbm_corr_top1_rand4,f5,1
2025-04-01,201.35462399689538,234,gbm_corr_top1_rand4,f5,1
2025-05-01,138.07327909232586,234,gbm_corr_top1_rand4,f5,1
2025-06-01,320.2593992960392,234,gbm_corr_top1_rand4,f5,1
2025-07-01,161.90482010366506,234,gbm_corr_top1_rand4,f5,1
2025-08-01,197.0802634446377,234,gbm_corr_top1_rand4,f5,1
2025-09-01,198.03280926735147,234,gbm_corr_top1_rand4,f5,1
2025-10-01,205.47172615907553,234,gbm_corr_top1_rand4,f5,1
2025-11-01,230.37864209661998,234,gbm_corr_top1_rand4,f5,1
2025-12-01,221.58267684727437,234,gbm_corr_top1_rand4,f5,1
2026-01-01,245.45918782712263,234,gbm_corr_top1_rand4,f5,1
2026-02-01,310.63077304962,234,gbm_corr_top1_rand4,f5,1
2026-03-01,242.45634197642121,234,gbm_corr_top1_rand4,f5,1
2026-04-01,239.4297776405769,234,gbm_corr_top1_rand4,f5,1
2026-05-01,181.58271980036972,234,gbm_corr_top1_rand4,f5,1
2025-03-01,305.50223263363637,234,mlp_corr_top1_rand4,f5,1
2025-04-01,198.93673043108186,234,mlp_corr_top1_rand4,f5,1
2025-05-01,133.80442256104413,234,mlp_corr_top1_rand4,f5,1
2025-06-01,316.2121594114535,234,mlp_corr_top1_rand4,f5,1
2025-07-01,159.40970430745367,234,mlp_corr_top1_rand4,f5,1
2025-08-01,193.7991007208187,234,mlp_corr_top1_rand4,f5,1
2025-09-01,196.0257651572973,234,mlp_corr_top1_rand4,f5,1
2025-10-01,203.72745591317488,234,mlp_corr_top1_rand4,f5,1
2025-11-01,226.13028967559922,234,mlp_corr_top1_rand4,f5,1
2025-12-01,219.7680925119481,234,mlp_corr_top1_rand4,f5,1
2026-01-01,246.35799382638677,234,mlp_corr_top1_rand4,f5,1
2026-02-01,307.9973120207014,234,mlp_corr_top1_rand4,f5,1
2026-03-01,242.79013479784118,234,mlp_corr_top1_rand4,f5,1
2026-04-01,240.8984624675363,234,mlp_corr_top1_rand4,f5,1
2026-05-01,182.83444606272204,234,mlp_corr_top1_rand4,f5,1
2025-03-01,309.03418140089826,234,gbm_corr_top1_2hop_rand4,f5,1
2025-04-01,202.70348851868638,234,gbm_corr_top1_2hop_rand4,f5,1
2025-05-01,135.88636312692825,234,gbm_corr_top1_2hop_rand4,f5,1
2025-06-01,321.92138320367616,234,gbm_corr_top1_2hop_rand4,f5,1
2025-07-01,161.86630004998742,234,gbm_corr_top1_2hop_rand4,f5,1
2025-08-01,197.05987665844881,234,gbm_corr_top1_2hop_rand4,f5,1
2025-09-01,198.6593024599081,234,gbm_corr_top1_2hop_rand4,f5,1
2025-10-01,206.12623237899922,234,gbm_corr_top1_2hop_rand4,f5,1
2025-11-01,232.10071945408342,234,gbm_corr_top1_2hop_rand4,f5,1
2025-12-01,219.75948117567302,234,gbm_corr_top1_2hop_rand4,f5,1
2026-01-01,244.53732039390368,234,gbm_corr_top1_2hop_rand4,f5,1
2026-02-01,311.3531681588787,234,gbm_corr_top1_2hop_rand4,f5,1
2026-03-01,242.89483422394633,234,gbm_corr_top1_2hop_rand4,f5,1
2026-04-01,238.87804097193882,234,gbm_corr_top1_2hop_rand4,f5,1
2026-05-01,180.4168202363678,234,gbm_corr_top1_2hop_rand4,f5,1
2025-03-01,310.52455223506274,234,gbm_corr_top1_rand5,f5,1
2025-04-01,202.44717841835464,234,gbm_corr_top1_rand5,f5,1
2025-05-01,134.28604013155123,234,gbm_corr_top1_rand5,f5,1
2025-06-01,321.4748811461998,234,gbm_corr_top1_rand5,f5,1
2025-07-01,161.26173292932484,234,gbm_corr_top1_rand5,f5,1
2025-08-01,196.54072327093766,234,gbm_corr_top1_rand5,f5,1
2025-09-01,197.31939475669176,234,gbm_corr_top1_rand5,f5,1
2025-10-01,201.33672492110173,234,gbm_corr_top1_rand5,f5,1
2025-11-01,230.60503940052757,234,gbm_corr_top1_rand5,f5,1
2025-12-01,223.1460219299944,234,gbm_corr_top1_rand5,f5,1
2026-01-01,247.70655637637097,234,gbm_corr_top1_rand5,f5,1
2026-02-01,309.631637704904,234,gbm_corr_top1_rand5,f5,1
2026-03-01,241.64712195292984,234,gbm_corr_top1_rand5,f5,1
2026-04-01,241.04867624284952,234,gbm_corr_top1_rand5,f5,1
2026-05-01,181.92990720191872,234,gbm_corr_top1_rand5,f5,1
2025-03-01,307.5090480194391,234,mlp_corr_top1_rand5,f5,1
2025-04-01,199.56480342138255,234,mlp_corr_top1_rand5,f5,1
2025-05-01,136.01592049010029,234,mlp_corr_top1_rand5,f5,1
2025-06-01,317.6916439002708,234,mlp_corr_top1_rand5,f5,1
2025-07-01,161.70354641284447,234,mlp_corr_top1_rand5,f5,1
2025-08-01,194.6994295193216,234,mlp_corr_top1_rand5,f5,1
2025-09-01,197.40047532174074,234,mlp_corr_top1_rand5,f5,1
2025-10-01,205.65239563533166,234,mlp_corr_top1_rand5,f5,1
2025-11-01,229.2128902186608,234,mlp_corr_top1_rand5,f5,1
2025-12-01,223.50083670047704,234,mlp_corr_top1_rand5,f5,1
2026-01-01,245.4747665702991,234,mlp_corr_top1_rand5,f5,1
2026-02-01,309.8832416983179,234,mlp_corr_top1_rand5,f5,1
2026-03-01,243.190890464946,234,mlp_corr_top1_rand5,f5,1
2026-04-01,241.21108003530955,234,mlp_corr_top1_rand5,f5,1
2026-05-01,184.86520690287742,234,mlp_corr_top1_rand5,f5,1
2025-03-01,310.6883286310761,234,gbm_corr_top1_2hop_rand5,f5,1
2025-04-01,201.45817743321678,234,gbm_corr_top1_2hop_rand5,f5,1
2025-05-01,133.89938903901862,234,gbm_corr_top1_2hop_rand5,f5,1
2025-06-01,321.3548966639838,234,gbm_corr_top1_2hop_rand5,f5,1
2025-07-01,158.47445060462007,234,gbm_corr_top1_2hop_rand5,f5,1
2025-08-01,197.81949747209185,234,gbm_corr_top1_2hop_rand5,f5,1
2025-09-01,196.73483175456602,234,gbm_corr_top1_2hop_rand5,f5,1
2025-10-01,205.67072784137164,234,gbm_corr_top1_2hop_rand5,f5,1
2025-11-01,230.006966142606,234,gbm_corr_top1_2hop_rand5,f5,1
2025-12-01,224.3266438464544,234,gbm_corr_top1_2hop_rand5,f5,1
2026-01-01,244.7515322787972,234,gbm_corr_top1_2hop_rand5,f5,1
2026-02-01,311.4116558891479,234,gbm_corr_top1_2hop_rand5,f5,1
2026-03-01,241.7008885268603,234,gbm_corr_top1_2hop_rand5,f5,1
2026-04-01,241.33765193656038,234,gbm_corr_top1_2hop_rand5,f5,1
2026-05-01,185.11749422245074,234,gbm_corr_top1_2hop_rand5,f5,1
2025-03-01,309.59253018432105,234,gbm_corr_top1_rand6,f5,1
2025-04-01,202.66387130573867,234,gbm_corr_top1_rand6,f5,1
2025-05-01,135.43618702762708,234,gbm_corr_top1_rand6,f5,1
2025-06-01,318.33019641807687,234,gbm_corr_top1_rand6,f5,1
2025-07-01,162.7291275079676,234,gbm_corr_top1_rand6,f5,1
2025-08-01,195.61083721769563,234,gbm_corr_top1_rand6,f5,1
2025-09-01,199.218984848751,234,gbm_corr_top1_rand6,f5,1
2025-10-01,205.55865860375116,234,gbm_corr_top1_rand6,f5,1
2025-11-01,228.13651656775693,234,gbm_corr_top1_rand6,f5,1
2025-12-01,221.7538774251662,234,gbm_corr_top1_rand6,f5,1
2026-01-01,245.91691364637273,234,gbm_corr_top1_rand6,f5,1
2026-02-01,312.4820541708638,234,gbm_corr_top1_rand6,f5,1
2026-03-01,242.80135249858446,234,gbm_corr_top1_rand6,f5,1
2026-04-01,239.43068791025908,234,gbm_corr_top1_rand6,f5,1
2026-05-01,180.80801368872605,234,gbm_corr_top1_rand6,f5,1
2025-03-01,307.4832048516999,234,mlp_corr_top1_rand6,f5,1
2025-04-01,199.1502057608153,234,mlp_corr_top1_rand6,f5,1
2025-05-01,137.77594464443422,234,mlp_corr_top1_rand6,f5,1
2025-06-01,317.350213873648,234,mlp_corr_top1_rand6,f5,1
2025-07-01,161.2249140477976,234,mlp_corr_top1_rand6,f5,1
2025-08-01,195.32300114903927,234,mlp_corr_top1_rand6,f5,1
2025-09-01,196.49281368768447,234,mlp_corr_top1_rand6,f5,1
2025-10-01,206.1222672906959,234,mlp_corr_top1_rand6,f5,1
2025-11-01,229.6368998697794,234,mlp_corr_top1_rand6,f5,1
2025-12-01,220.61483312851783,234,mlp_corr_top1_rand6,f5,1
2026-01-01,246.67124272902393,234,mlp_corr_top1_rand6,f5,1
2026-02-01,311.66882096574557,234,mlp_corr_top1_rand6,f5,1
2026-03-01,244.68059560845464,234,mlp_corr_top1_rand6,f5,1
2026-04-01,241.64318641780446,234,mlp_corr_top1_rand6,f5,1
2026-05-01,188.63666737506426,234,mlp_corr_top1_rand6,f5,1
2025-03-01,309.88808867423637,234,gbm_corr_top1_2hop_rand6,f5,1
2025-04-01,202.069021186888,234,gbm_corr_top1_2hop_rand6,f5,1
2025-05-01,134.25178554721674,234,gbm_corr_top1_2hop_rand6,f5,1
2025-06-01,318.55600262396337,234,gbm_corr_top1_2hop_rand6,f5,1
2025-07-01,163.03294260309306,234,gbm_corr_top1_2hop_rand6,f5,1
2025-08-01,195.31475104683594,234,gbm_corr_top1_2hop_rand6,f5,1
2025-09-01,197.2727206711835,234,gbm_corr_top1_2hop_rand6,f5,1
2025-10-01,205.93969132345865,234,gbm_corr_top1_2hop_rand6,f5,1
2025-11-01,233.12181188389656,234,gbm_corr_top1_2hop_rand6,f5,1
2025-12-01,220.90503299751393,234,gbm_corr_top1_2hop_rand6,f5,1
2026-01-01,243.93085141907798,234,gbm_corr_top1_2hop_rand6,f5,1
2026-02-01,311.3328534555687,234,gbm_corr_top1_2hop_rand6,f5,1
2026-03-01,241.4299336070451,234,gbm_corr_top1_2hop_rand6,f5,1
2026-04-01,239.7267217231434,234,gbm_corr_top1_2hop_rand6,f5,1
2026-05-01,182.1538011327901,234,gbm_corr_top1_2hop_rand6,f5,1
2025-03-01,306.4517104388343,234,gbm_corr_top1_rand7,f5,1
2025-04-01,200.7923642191967,234,gbm_corr_top1_rand7,f5,1
2025-05-01,133.349518874175,234,gbm_corr_top1_rand7,f5,1
2025-06-01,320.3473722898165,234,gbm_corr_top1_rand7,f5,1
2025-07-01,159.50993115501927,234,gbm_corr_top1_rand7,f5,1
2025-08-01,195.16378388901063,234,gbm_corr_top1_rand7,f5,1
2025-09-01,194.87772509211752,234,gbm_corr_top1_rand7,f5,1
2025-10-01,204.58790079454153,234,gbm_corr_top1_rand7,f5,1
2025-11-01,229.06780789643284,234,gbm_corr_top1_rand7,f5,1
2025-12-01,224.17081024463508,234,gbm_corr_top1_rand7,f5,1
2026-01-01,247.6666320839757,234,gbm_corr_top1_rand7,f5,1
2026-02-01,309.5162679947201,234,gbm_corr_top1_rand7,f5,1
2026-03-01,246.58584742405884,234,gbm_corr_top1_rand7,f5,1
2026-04-01,239.16852534300278,234,gbm_corr_top1_rand7,f5,1
2026-05-01,177.69487989527204,234,gbm_corr_top1_rand7,f5,1
2025-03-01,306.73934143811493,234,mlp_corr_top1_rand7,f5,1
2025-04-01,198.4444795891181,234,mlp_corr_top1_rand7,f5,1
2025-05-01,134.91962834119715,234,mlp_corr_top1_rand7,f5,1
2025-06-01,315.9330609854682,234,mlp_corr_top1_rand7,f5,1
2025-07-01,159.0427417916507,234,mlp_corr_top1_rand7,f5,1
2025-08-01,195.23091804435654,234,mlp_corr_top1_rand7,f5,1
2025-09-01,195.56825092680188,234,mlp_corr_top1_rand7,f5,1
2025-10-01,203.69240375240696,234,mlp_corr_top1_rand7,f5,1
2025-11-01,228.60311326794474,234,mlp_corr_top1_rand7,f5,1
2025-12-01,220.1402584586829,234,mlp_corr_top1_rand7,f5,1
2026-01-01,246.62268476720683,234,mlp_corr_top1_rand7,f5,1
2026-02-01,311.24759162554307,234,mlp_corr_top1_rand7,f5,1
2026-03-01,245.2408172184486,234,mlp_corr_top1_rand7,f5,1
2026-04-01,242.8030095025316,234,mlp_corr_top1_rand7,f5,1
2026-05-01,185.6855381378531,234,mlp_corr_top1_rand7,f5,1
2025-03-01,308.17386597166393,234,gbm_corr_top1_2hop_rand7,f5,1
2025-04-01,200.80776883993266,234,gbm_corr_top1_2hop_rand7,f5,1
2025-05-01,135.27224966333665,234,gbm_corr_top1_2hop_rand7,f5,1
2025-06-01,319.1865133394938,234,gbm_corr_top1_2hop_rand7,f5,1
2025-07-01,159.32769771077298,234,gbm_corr_top1_2hop_rand7,f5,1
2025-08-01,194.934017051029,234,gbm_corr_top1_2hop_rand7,f5,1
2025-09-01,196.81910366638877,234,gbm_corr_top1_2hop_rand7,f5,1
2025-10-01,204.0766450344942,234,gbm_corr_top1_2hop_rand7,f5,1
2025-11-01,230.2923226434827,234,gbm_corr_top1_2hop_rand7,f5,1
2025-12-01,227.03389129851496,234,gbm_corr_top1_2hop_rand7,f5,1
2026-01-01,243.39418809351628,234,gbm_corr_top1_2hop_rand7,f5,1
2026-02-01,311.2304252872198,234,gbm_corr_top1_2hop_rand7,f5,1
2026-03-01,245.4948381406471,234,gbm_corr_top1_2hop_rand7,f5,1
2026-04-01,239.13719252203916,234,gbm_corr_top1_2hop_rand7,f5,1
2026-05-01,180.41417509148792,234,gbm_corr_top1_2hop_rand7,f5,1
2025-03-01,309.681976608416,234,gbm_corr_top1_rand8,f5,1
2025-04-01,200.3360943926844,234,gbm_corr_top1_rand8,f5,1
2025-05-01,135.43896195727805,234,gbm_corr_top1_rand8,f5,1
2025-06-01,318.24224153347086,234,gbm_corr_top1_rand8,f5,1
2025-07-01,159.82320193188605,234,gbm_corr_top1_rand8,f5,1
2025-08-01,195.24817723551504,234,gbm_corr_top1_rand8,f5,1
2025-09-01,201.56316588437457,234,gbm_corr_top1_rand8,f5,1
2025-10-01,206.07841283827443,234,gbm_corr_top1_rand8,f5,1
2025-11-01,229.25438330136785,234,gbm_corr_top1_rand8,f5,1
2025-12-01,225.3759363141618,234,gbm_corr_top1_rand8,f5,1
2026-01-01,245.0321962077917,234,gbm_corr_top1_rand8,f5,1
2026-02-01,312.83286624413756,234,gbm_corr_top1_rand8,f5,1
2026-03-01,242.96876660711263,234,gbm_corr_top1_rand8,f5,1
2026-04-01,239.67429528717284,234,gbm_corr_top1_rand8,f5,1
2026-05-01,186.53550734210478,234,gbm_corr_top1_rand8,f5,1
2025-03-01,307.4230657971365,234,mlp_corr_top1_rand8,f5,1
2025-04-01,198.10803647666356,234,mlp_corr_top1_rand8,f5,1
2025-05-01,135.12333528056155,234,mlp_corr_top1_rand8,f5,1
2025-06-01,316.67467389901236,234,mlp_corr_top1_rand8,f5,1
2025-07-01,160.5200791296926,234,mlp_corr_top1_rand8,f5,1
2025-08-01,194.2879934239764,234,mlp_corr_top1_rand8,f5,1
2025-09-01,197.2087548929146,234,mlp_corr_top1_rand8,f5,1
2025-10-01,204.23639448266815,234,mlp_corr_top1_rand8,f5,1
2025-11-01,229.17230774086968,234,mlp_corr_top1_rand8,f5,1
2025-12-01,221.92150228063053,234,mlp_corr_top1_rand8,f5,1
2026-01-01,246.25624398782392,234,mlp_corr_top1_rand8,f5,1
2026-02-01,310.0643521925594,234,mlp_corr_top1_rand8,f5,1
2026-03-01,243.1533664180333,234,mlp_corr_top1_rand8,f5,1
2026-04-01,240.883732120351,234,mlp_corr_top1_rand8,f5,1
2026-05-01,185.00482810724304,234,mlp_corr_top1_rand8,f5,1
2025-03-01,310.43969168586244,234,gbm_corr_top1_2hop_rand8,f5,1
2025-04-01,200.32004900927936,234,gbm_corr_top1_2hop_rand8,f5,1
2025-05-01,132.95695847043595,234,gbm_corr_top1_2hop_rand8,f5,1
2025-06-01,318.57097020356815,234,gbm_corr_top1_2hop_rand8,f5,1
2025-07-01,160.78314456952822,234,gbm_corr_top1_2hop_rand8,f5,1
2025-08-01,197.1411175703856,234,gbm_corr_top1_2hop_rand8,f5,1
2025-09-01,199.06558825738736,234,gbm_corr_top1_2hop_rand8,f5,1
2025-10-01,206.96392980839858,234,gbm_corr_top1_2hop_rand8,f5,1
2025-11-01,229.85770828927159,234,gbm_corr_top1_2hop_rand8,f5,1
2025-12-01,225.91877754055056,234,gbm_corr_top1_2hop_rand8,f5,1
2026-01-01,245.3296424776699,234,gbm_corr_top1_2hop_rand8,f5,1
2026-02-01,310.8388844531162,234,gbm_corr_top1_2hop_rand8,f5,1
2026-03-01,243.93523010943227,234,gbm_corr_top1_2hop_rand8,f5,1
2026-04-01,240.31674264711177,234,gbm_corr_top1_2hop_rand8,f5,1
2026-05-01,184.5120136912735,234,gbm_corr_top1_2hop_rand8,f5,1
2025-03-01,307.6122830740034,234,gbm_corr_top1_rand9,f5,1
2025-04-01,198.72383040695817,234,gbm_corr_top1_rand9,f5,1
2025-05-01,135.80453048284085,234,gbm_corr_top1_rand9,f5,1
2025-06-01,318.8938820836716,234,gbm_corr_top1_rand9,f5,1
2025-07-01,161.09424430441842,234,gbm_corr_top1_rand9,f5,1
2025-08-01,195.56995979711036,234,gbm_corr_top1_rand9,f5,1
2025-09-01,200.08331991530733,234,gbm_corr_top1_rand9,f5,1
2025-10-01,204.50535658359897,234,gbm_corr_top1_rand9,f5,1
2025-11-01,230.08647461970605,234,gbm_corr_top1_rand9,f5,1
2025-12-01,225.48215031397547,234,gbm_corr_top1_rand9,f5,1
2026-01-01,244.62520804510433,234,gbm_corr_top1_rand9,f5,1
2026-02-01,314.2973291639081,234,gbm_corr_top1_rand9,f5,1
2026-03-01,246.0546054204644,234,gbm_corr_top1_rand9,f5,1
2026-04-01,240.3749538379448,234,gbm_corr_top1_rand9,f5,1
2026-05-01,180.34022958575076,234,gbm_corr_top1_rand9,f5,1
2025-03-01,306.4225362178734,234,mlp_corr_top1_rand9,f5,1
2025-04-01,199.10183775141806,234,mlp_corr_top1_rand9,f5,1
2025-05-01,134.14706696540125,234,mlp_corr_top1_rand9,f5,1
2025-06-01,316.7739990917411,234,mlp_corr_top1_rand9,f5,1
2025-07-01,159.08633780636617,234,mlp_corr_top1_rand9,f5,1
2025-08-01,194.06430062068304,234,mlp_corr_top1_rand9,f5,1
2025-09-01,196.4203605885217,234,mlp_corr_top1_rand9,f5,1
2025-10-01,204.29713374521282,234,mlp_corr_top1_rand9,f5,1
2025-11-01,227.03708192158487,234,mlp_corr_top1_rand9,f5,1
2025-12-01,221.1231344622809,234,mlp_corr_top1_rand9,f5,1
2026-01-01,245.36382574926225,234,mlp_corr_top1_rand9,f5,1
2026-02-01,308.3405427974801,234,mlp_corr_top1_rand9,f5,1
2026-03-01,241.95854611072065,234,mlp_corr_top1_rand9,f5,1
2026-04-01,240.58429177578302,234,mlp_corr_top1_rand9,f5,1
2026-05-01,182.32586593931384,234,mlp_corr_top1_rand9,f5,1
2025-03-01,308.96737861248386,234,gbm_corr_top1_2hop_rand9,f5,1
2025-04-01,199.98485418597173,234,gbm_corr_top1_2hop_rand9,f5,1
2025-05-01,136.88110833862726,234,gbm_corr_top1_2hop_rand9,f5,1
2025-06-01,320.4049819372463,234,gbm_corr_top1_2hop_rand9,f5,1
2025-07-01,161.96061756507228,234,gbm_corr_top1_2hop_rand9,f5,1
2025-08-01,196.69793403533052,234,gbm_corr_top1_2hop_rand9,f5,1
2025-09-01,198.89740916951365,234,gbm_corr_top1_2hop_rand9,f5,1
2025-10-01,204.55224319196887,234,gbm_corr_top1_2hop_rand9,f5,1
2025-11-01,230.94348548517092,234,gbm_corr_top1_2hop_rand9,f5,1
2025-12-01,225.25070768177514,234,gbm_corr_top1_2hop_rand9,f5,1
2026-01-01,242.28093268191546,234,gbm_corr_top1_2hop_rand9,f5,1
2026-02-01,314.5211691907345,234,gbm_corr_top1_2hop_rand9,f5,1
2026-03-01,245.66524636083255,234,gbm_corr_top1_2hop_rand9,f5,1
2026-04-01,240.28440976789238,234,gbm_corr_top1_2hop_rand9,f5,1
2026-05-01,179.78164088805954,234,gbm_corr_top1_2hop_rand9,f5,1
2025-03-01,305.55152851613695,234,gbm_corr_top1_rand10,f5,1
2025-04-01,198.016756209988,234,gbm_corr_top1_rand10,f5,1
2025-05-01,137.80372811137053,234,gbm_corr_top1_rand10,f5,1
2025-06-01,318.8794122210097,234,gbm_corr_top1_rand10,f5,1
2025-07-01,162.40726241790748,234,gbm_corr_top1_rand10,f5,1
2025-08-01,196.5092910521861,234,gbm_corr_top1_rand10,f5,1
2025-09-01,198.0407717116613,234,gbm_corr_top1_rand10,f5,1
2025-10-01,202.27238375022475,234,gbm_corr_top1_rand10,f5,1
2025-11-01,230.47668777141115,234,gbm_corr_top1_rand10,f5,1
2025-12-01,221.6034677787963,234,gbm_corr_top1_rand10,f5,1
2026-01-01,243.28401980679814,234,gbm_corr_top1_rand10,f5,1
2026-02-01,309.5756162031679,234,gbm_corr_top1_rand10,f5,1
2026-03-01,249.12038362254938,234,gbm_corr_top1_rand10,f5,1
2026-04-01,247.19943048616375,234,gbm_corr_top1_rand10,f5,1
2026-05-01,179.44017775126375,234,gbm_corr_top1_rand10,f5,1
2025-03-01,306.92500433069796,234,mlp_corr_top1_rand10,f5,1
2025-04-01,198.28021891379723,234,mlp_corr_top1_rand10,f5,1
2025-05-01,136.19228334015366,234,mlp_corr_top1_rand10,f5,1
2025-06-01,316.6564703105294,234,mlp_corr_top1_rand10,f5,1
2025-07-01,161.19731430733142,234,mlp_corr_top1_rand10,f5,1
2025-08-01,195.1012934117002,234,mlp_corr_top1_rand10,f5,1
2025-09-01,198.63932652880968,234,mlp_corr_top1_rand10,f5,1
2025-10-01,206.08055742675577,234,mlp_corr_top1_rand10,f5,1
2025-11-01,230.88708703194874,234,mlp_corr_top1_rand10,f5,1
2025-12-01,222.00209043878374,234,mlp_corr_top1_rand10,f5,1
2026-01-01,243.62540902765693,234,mlp_corr_top1_rand10,f5,1
2026-02-01,312.1082725071448,234,mlp_corr_top1_rand10,f5,1
2026-03-01,243.49337852326352,234,mlp_corr_top1_rand10,f5,1
2026-04-01,241.800676514204,234,mlp_corr_top1_rand10,f5,1
2026-05-01,186.27806076151577,234,mlp_corr_top1_rand10,f5,1
2025-03-01,304.91204372137025,234,gbm_corr_top1_2hop_rand10,f5,1
2025-04-01,198.90480216385401,234,gbm_corr_top1_2hop_rand10,f5,1
2025-05-01,135.5971370784823,234,gbm_corr_top1_2hop_rand10,f5,1
2025-06-01,319.97050663906356,234,gbm_corr_top1_2hop_rand10,f5,1
2025-07-01,163.15251392447823,234,gbm_corr_top1_2hop_rand10,f5,1
2025-08-01,197.76296048594457,234,gbm_corr_top1_2hop_rand10,f5,1
2025-09-01,198.9661040178335,234,gbm_corr_top1_2hop_rand10,f5,1
2025-10-01,201.53321715973183,234,gbm_corr_top1_2hop_rand10,f5,1
2025-11-01,232.36145266208703,234,gbm_corr_top1_2hop_rand10,f5,1
2025-12-01,223.70464752544922,234,gbm_corr_top1_2hop_rand10,f5,1
2026-01-01,243.34550276236376,234,gbm_corr_top1_2hop_rand10,f5,1
2026-02-01,310.3475176829265,234,gbm_corr_top1_2hop_rand10,f5,1
2026-03-01,248.47947152165352,234,gbm_corr_top1_2hop_rand10,f5,1
2026-04-01,245.48928522472193,234,gbm_corr_top1_2hop_rand10,f5,1
2026-05-01,180.71279733614065,234,gbm_corr_top1_2hop_rand10,f5,1
2025-03-01,305.8773475778009,234,gbm_corr_top1_rand11,f5,1
2025-04-01,200.15810435431527,234,gbm_corr_top1_rand11,f5,1
2025-05-01,134.61155816637455,234,gbm_corr_top1_rand11,f5,1
2025-06-01,320.4583313503768,234,gbm_corr_top1_rand11,f5,1
2025-07-01,161.26312097778506,234,gbm_corr_top1_rand11,f5,1
2025-08-01,194.85691864967137,234,gbm_corr_top1_rand11,f5,1
2025-09-01,198.7045157785069,234,gbm_corr_top1_rand11,f5,1
2025-10-01,205.74987322542236,234,gbm_corr_top1_rand11,f5,1
2025-11-01,232.29115964528629,234,gbm_corr_top1_rand11,f5,1
2025-12-01,222.45807183358727,234,gbm_corr_top1_rand11,f5,1
2026-01-01,244.87610933597622,234,gbm_corr_top1_rand11,f5,1
2026-02-01,309.2616213451271,234,gbm_corr_top1_rand11,f5,1
2026-03-01,243.44762425220674,234,gbm_corr_top1_rand11,f5,1
2026-04-01,237.95689250401,234,gbm_corr_top1_rand11,f5,1
2026-05-01,182.26126509076227,234,gbm_corr_top1_rand11,f5,1
2025-03-01,306.29667353859975,234,mlp_corr_top1_rand11,f5,1
2025-04-01,198.54306078894152,234,mlp_corr_top1_rand11,f5,1
2025-05-01,133.1846646623308,234,mlp_corr_top1_rand11,f5,1
2025-06-01,317.49166422544306,234,mlp_corr_top1_rand11,f5,1
2025-07-01,158.83593978670532,234,mlp_corr_top1_rand11,f5,1
2025-08-01,194.72518974818584,234,mlp_corr_top1_rand11,f5,1
2025-09-01,197.69163526682044,234,mlp_corr_top1_rand11,f5,1
2025-10-01,203.9005239885387,234,mlp_corr_top1_rand11,f5,1
2025-11-01,228.82344791791553,234,mlp_corr_top1_rand11,f5,1
2025-12-01,220.8900441341624,234,mlp_corr_top1_rand11,f5,1
2026-01-01,246.64780604019765,234,mlp_corr_top1_rand11,f5,1
2026-02-01,309.8619321224011,234,mlp_corr_top1_rand11,f5,1
2026-03-01,243.288106853602,234,mlp_corr_top1_rand11,f5,1
2026-04-01,240.36867242211292,234,mlp_corr_top1_rand11,f5,1
2026-05-01,183.79536122953155,234,mlp_corr_top1_rand11,f5,1
2025-03-01,312.0330525745314,234,gbm_corr_top1_2hop_rand11,f5,1
2025-04-01,200.63237473924048,234,gbm_corr_top1_2hop_rand11,f5,1
2025-05-01,135.68392775778378,234,gbm_corr_top1_2hop_rand11,f5,1
2025-06-01,323.22930740851467,234,gbm_corr_top1_2hop_rand11,f5,1
2025-07-01,157.6833966743453,234,gbm_corr_top1_2hop_rand11,f5,1
2025-08-01,196.93108110569463,234,gbm_corr_top1_2hop_rand11,f5,1
2025-09-01,199.77215980121736,234,gbm_corr_top1_2hop_rand11,f5,1
2025-10-01,204.10478379461833,234,gbm_corr_top1_2hop_rand11,f5,1
2025-11-01,234.0427297316871,234,gbm_corr_top1_2hop_rand11,f5,1
2025-12-01,223.0298748020787,234,gbm_corr_top1_2hop_rand11,f5,1
2026-01-01,246.20746890344628,234,gbm_corr_top1_2hop_rand11,f5,1
2026-02-01,307.9324438419891,234,gbm_corr_top1_2hop_rand11,f5,1
2026-03-01,245.05451457131701,234,gbm_corr_top1_2hop_rand11,f5,1
2026-04-01,238.02714398651653,234,gbm_corr_top1_2hop_rand11,f5,1
2026-05-01,182.413244936137,234,gbm_corr_top1_2hop_rand11,f5,1
2025-03-01,305.35021041584014,234,gbm_corr_top1_rand12,f5,1
2025-04-01,202.75326513792655,234,gbm_corr_top1_rand12,f5,1
2025-05-01,132.97499721476345,234,gbm_corr_top1_rand12,f5,1
2025-06-01,321.7986142436482,234,gbm_corr_top1_rand12,f5,1
2025-07-01,162.3238217385821,234,gbm_corr_top1_rand12,f5,1
2025-08-01,195.66708075705978,234,gbm_corr_top1_rand12,f5,1
2025-09-01,197.56976728954822,234,gbm_corr_top1_rand12,f5,1
2025-10-01,207.19464483240907,234,gbm_corr_top1_rand12,f5,1
2025-11-01,230.09016320916524,234,gbm_corr_top1_rand12,f5,1
2025-12-01,223.44075651315964,234,gbm_corr_top1_rand12,f5,1
2026-01-01,245.8125290699448,234,gbm_corr_top1_rand12,f5,1
2026-02-01,310.9048017716613,234,gbm_corr_top1_rand12,f5,1
2026-03-01,241.70445959784772,234,gbm_corr_top1_rand12,f5,1
2026-04-01,242.29767878663571,234,gbm_corr_top1_rand12,f5,1
2026-05-01,183.8225665473616,234,gbm_corr_top1_rand12,f5,1
2025-03-01,307.2125445938643,234,mlp_corr_top1_rand12,f5,1
2025-04-01,199.4468458822014,234,mlp_corr_top1_rand12,f5,1
2025-05-01,135.29357343706175,234,mlp_corr_top1_rand12,f5,1
2025-06-01,318.4581944181477,234,mlp_corr_top1_rand12,f5,1
2025-07-01,160.8091430743555,234,mlp_corr_top1_rand12,f5,1
2025-08-01,195.84569978249425,234,mlp_corr_top1_rand12,f5,1
2025-09-01,197.3875935962621,234,mlp_corr_top1_rand12,f5,1
2025-10-01,205.1711903246054,234,mlp_corr_top1_rand12,f5,1
2025-11-01,230.03706739059808,234,mlp_corr_top1_rand12,f5,1
2025-12-01,222.03255878133942,234,mlp_corr_top1_rand12,f5,1
2026-01-01,244.89357729078495,234,mlp_corr_top1_rand12,f5,1
2026-02-01,313.31507052699226,234,mlp_corr_top1_rand12,f5,1
2026-03-01,243.26204671286598,234,mlp_corr_top1_rand12,f5,1
2026-04-01,240.8141803611576,234,mlp_corr_top1_rand12,f5,1
2026-05-01,187.47552210192228,234,mlp_corr_top1_rand12,f5,1
2025-03-01,305.0035869623785,234,gbm_corr_top1_2hop_rand12,f5,1
2025-04-01,202.35711738681056,234,gbm_corr_top1_2hop_rand12,f5,1
2025-05-01,132.57382424419052,234,gbm_corr_top1_2hop_rand12,f5,1
2025-06-01,320.9433746156492,234,gbm_corr_top1_2hop_rand12,f5,1
2025-07-01,162.88785388510493,234,gbm_corr_top1_2hop_rand12,f5,1
2025-08-01,196.6847251259694,234,gbm_corr_top1_2hop_rand12,f5,1
2025-09-01,197.968640385319,234,gbm_corr_top1_2hop_rand12,f5,1
2025-10-01,206.4931916931833,234,gbm_corr_top1_2hop_rand12,f5,1
2025-11-01,232.1636568766244,234,gbm_corr_top1_2hop_rand12,f5,1
2025-12-01,218.8580488241357,234,gbm_corr_top1_2hop_rand12,f5,1
2026-01-01,245.47581059665958,234,gbm_corr_top1_2hop_rand12,f5,1
2026-02-01,316.7825946553599,234,gbm_corr_top1_2hop_rand12,f5,1
2026-03-01,242.57468061091774,234,gbm_corr_top1_2hop_rand12,f5,1
2026-04-01,241.59636906973975,234,gbm_corr_top1_2hop_rand12,f5,1
2026-05-01,181.6536814933703,234,gbm_corr_top1_2hop_rand12,f5,1
2025-03-01,309.13897988747084,234,gbm_corr_top1_rand13,f5,1
2025-04-01,200.82722815379532,234,gbm_corr_top1_rand13,f5,1
2025-05-01,135.60694006599456,234,gbm_corr_top1_rand13,f5,1
2025-06-01,318.0572167726755,234,gbm_corr_top1_rand13,f5,1
2025-07-01,160.2555658455963,234,gbm_corr_top1_rand13,f5,1
2025-08-01,196.80038029609346,234,gbm_corr_top1_rand13,f5,1
2025-09-01,199.30075233076246,234,gbm_corr_top1_rand13,f5,1
2025-10-01,206.74403502780794,234,gbm_corr_top1_rand13,f5,1
2025-11-01,229.35642212117918,234,gbm_corr_top1_rand13,f5,1
2025-12-01,223.36944752031013,234,gbm_corr_top1_rand13,f5,1
2026-01-01,246.78162455827257,234,gbm_corr_top1_rand13,f5,1
2026-02-01,313.72601516534746,234,gbm_corr_top1_rand13,f5,1
2026-03-01,244.22783834651415,234,gbm_corr_top1_rand13,f5,1
2026-04-01,241.37963447974977,234,gbm_corr_top1_rand13,f5,1
2026-05-01,185.03419203096013,234,gbm_corr_top1_rand13,f5,1
2025-03-01,305.9247209991694,234,mlp_corr_top1_rand13,f5,1
2025-04-01,197.12989322009514,234,mlp_corr_top1_rand13,f5,1
2025-05-01,134.25385478597596,234,mlp_corr_top1_rand13,f5,1
2025-06-01,317.6383809665972,234,mlp_corr_top1_rand13,f5,1
2025-07-01,160.04144614779938,234,mlp_corr_top1_rand13,f5,1
2025-08-01,196.1986713913305,234,mlp_corr_top1_rand13,f5,1
2025-09-01,199.72147134402474,234,mlp_corr_top1_rand13,f5,1
2025-10-01,207.02354824341603,234,mlp_corr_top1_rand13,f5,1
2025-11-01,229.33754206414574,234,mlp_corr_top1_rand13,f5,1
2025-12-01,219.9406124575571,234,mlp_corr_top1_rand13,f5,1
2026-01-01,245.82068029025803,234,mlp_corr_top1_rand13,f5,1
2026-02-01,309.96605426677877,234,mlp_corr_top1_rand13,f5,1
2026-03-01,244.32852847656483,234,mlp_corr_top1_rand13,f5,1
2026-04-01,242.97059149917618,234,mlp_corr_top1_rand13,f5,1
2026-05-01,187.5259954639956,234,mlp_corr_top1_rand13,f5,1
2025-03-01,308.180719889073,234,gbm_corr_top1_2hop_rand13,f5,1
2025-04-01,201.26261809896144,234,gbm_corr_top1_2hop_rand13,f5,1
2025-05-01,136.4281370882702,234,gbm_corr_top1_2hop_rand13,f5,1
2025-06-01,318.7087669382806,234,gbm_corr_top1_2hop_rand13,f5,1
2025-07-01,159.7430226913872,234,gbm_corr_top1_2hop_rand13,f5,1
2025-08-01,195.34676888935599,234,gbm_corr_top1_2hop_rand13,f5,1
2025-09-01,200.39268023943154,234,gbm_corr_top1_2hop_rand13,f5,1
2025-10-01,205.09889243940563,234,gbm_corr_top1_2hop_rand13,f5,1
2025-11-01,229.56942547181586,234,gbm_corr_top1_2hop_rand13,f5,1
2025-12-01,223.81332908671703,234,gbm_corr_top1_2hop_rand13,f5,1
2026-01-01,244.6270262380897,234,gbm_corr_top1_2hop_rand13,f5,1
2026-02-01,314.27829742198907,234,gbm_corr_top1_2hop_rand13,f5,1
2026-03-01,243.33492104182207,234,gbm_corr_top1_2hop_rand13,f5,1
2026-04-01,239.61584081696012,234,gbm_corr_top1_2hop_rand13,f5,1
2026-05-01,185.60243805840668,234,gbm_corr_top1_2hop_rand13,f5,1
2025-03-01,310.5387563038361,234,gbm_corr_top1_rand14,f5,1
2025-04-01,201.36405770580225,234,gbm_corr_top1_rand14,f5,1
2025-05-01,134.20618188448128,234,gbm_corr_top1_rand14,f5,1
2025-06-01,320.74224893822907,234,gbm_corr_top1_rand14,f5,1
2025-07-01,161.42357251434564,234,gbm_corr_top1_rand14,f5,1
2025-08-01,195.47779412297564,234,gbm_corr_top1_rand14,f5,1
2025-09-01,199.70918398353393,234,gbm_corr_top1_rand14,f5,1
2025-10-01,204.92794608480096,234,gbm_corr_top1_rand14,f5,1
2025-11-01,230.95726929137038,234,gbm_corr_top1_rand14,f5,1
2025-12-01,221.22036254377338,234,gbm_corr_top1_rand14,f5,1
2026-01-01,241.53819699913225,234,gbm_corr_top1_rand14,f5,1
2026-02-01,311.3534740482058,234,gbm_corr_top1_rand14,f5,1
2026-03-01,243.6484612935208,234,gbm_corr_top1_rand14,f5,1
2026-04-01,239.4947622183273,234,gbm_corr_top1_rand14,f5,1
2026-05-01,183.0089085855517,234,gbm_corr_top1_rand14,f5,1
2025-03-01,306.36438823199006,234,mlp_corr_top1_rand14,f5,1
2025-04-01,197.75351639479535,234,mlp_corr_top1_rand14,f5,1
2025-05-01,134.85389026829498,234,mlp_corr_top1_rand14,f5,1
2025-06-01,316.1882354430878,234,mlp_corr_top1_rand14,f5,1
2025-07-01,161.7784333694673,234,mlp_corr_top1_rand14,f5,1
2025-08-01,194.84881486394087,234,mlp_corr_top1_rand14,f5,1
2025-09-01,197.25648356259975,234,mlp_corr_top1_rand14,f5,1
2025-10-01,206.30496983770362,234,mlp_corr_top1_rand14,f5,1
2025-11-01,228.9615667732626,234,mlp_corr_top1_rand14,f5,1
2025-12-01,220.4922375883285,234,mlp_corr_top1_rand14,f5,1
2026-01-01,244.70786971196424,234,mlp_corr_top1_rand14,f5,1
2026-02-01,309.929558308768,234,mlp_corr_top1_rand14,f5,1
2026-03-01,241.62081621760487,234,mlp_corr_top1_rand14,f5,1
2026-04-01,241.93852851666588,234,mlp_corr_top1_rand14,f5,1
2026-05-01,185.63376656767076,234,mlp_corr_top1_rand14,f5,1
2025-03-01,306.3628794646313,234,gbm_corr_top1_2hop_rand14,f5,1
2025-04-01,202.25723164205579,234,gbm_corr_top1_2hop_rand14,f5,1
2025-05-01,132.52923711251918,234,gbm_corr_top1_2hop_rand14,f5,1
2025-06-01,322.0450522288491,234,gbm_corr_top1_2hop_rand14,f5,1
2025-07-01,162.69466435098872,234,gbm_corr_top1_2hop_rand14,f5,1
2025-08-01,196.40839581103526,234,gbm_corr_top1_2hop_rand14,f5,1
2025-09-01,200.13614782848217,234,gbm_corr_top1_2hop_rand14,f5,1
2025-10-01,203.5764844985277,234,gbm_corr_top1_2hop_rand14,f5,1
2025-11-01,230.40914084877662,234,gbm_corr_top1_2hop_rand14,f5,1
2025-12-01,224.67133965308534,234,gbm_corr_top1_2hop_rand14,f5,1
2026-01-01,242.00937461705433,234,gbm_corr_top1_2hop_rand14,f5,1
2026-02-01,312.34657747269347,234,gbm_corr_top1_2hop_rand14,f5,1
2026-03-01,246.53616246926137,234,gbm_corr_top1_2hop_rand14,f5,1
2026-04-01,241.24160804364396,234,gbm_corr_top1_2hop_rand14,f5,1
2026-05-01,179.086003822574,234,gbm_corr_top1_2hop_rand14,f5,1
2025-03-01,306.9424329000507,234,gbm_corr_top1_rand15,f5,1
2025-04-01,203.70128800644892,234,gbm_corr_top1_rand15,f5,1
2025-05-01,136.36049100507446,234,gbm_corr_top1_rand15,f5,1
2025-06-01,322.1442807912391,234,gbm_corr_top1_rand15,f5,1
2025-07-01,161.17998431241853,234,gbm_corr_top1_rand15,f5,1
2025-08-01,194.89286345522206,234,gbm_corr_top1_rand15,f5,1
2025-09-01,199.0247589772568,234,gbm_corr_top1_rand15,f5,1
2025-10-01,205.0655320845803,234,gbm_corr_top1_rand15,f5,1
2025-11-01,232.44580113749043,234,gbm_corr_top1_rand15,f5,1
2025-12-01,221.65336404586648,234,gbm_corr_top1_rand15,f5,1
2026-01-01,246.54099108371062,234,gbm_corr_top1_rand15,f5,1
2026-02-01,310.5047913946077,234,gbm_corr_top1_rand15,f5,1
2026-03-01,241.7985159834189,234,gbm_corr_top1_rand15,f5,1
2026-04-01,239.06012656703646,234,gbm_corr_top1_rand15,f5,1
2026-05-01,185.41111597364758,234,gbm_corr_top1_rand15,f5,1
2025-03-01,306.21152819622466,234,mlp_corr_top1_rand15,f5,1
2025-04-01,200.17842050831442,234,mlp_corr_top1_rand15,f5,1
2025-05-01,137.88509280688342,234,mlp_corr_top1_rand15,f5,1
2025-06-01,318.6112338646926,234,mlp_corr_top1_rand15,f5,1
2025-07-01,161.87828817239648,234,mlp_corr_top1_rand15,f5,1
2025-08-01,195.33477345665574,234,mlp_corr_top1_rand15,f5,1
2025-09-01,197.9950578925639,234,mlp_corr_top1_rand15,f5,1
2025-10-01,206.97141657866203,234,mlp_corr_top1_rand15,f5,1
2025-11-01,232.09355253070248,234,mlp_corr_top1_rand15,f5,1
2025-12-01,222.44513866727084,234,mlp_corr_top1_rand15,f5,1
2026-01-01,247.2033695057158,234,mlp_corr_top1_rand15,f5,1
2026-02-01,312.80441317817287,234,mlp_corr_top1_rand15,f5,1
2026-03-01,242.92377605746893,234,mlp_corr_top1_rand15,f5,1
2026-04-01,241.17256481643815,234,mlp_corr_top1_rand15,f5,1
2026-05-01,188.92685541641276,234,mlp_corr_top1_rand15,f5,1
2025-03-01,306.7653320730064,234,gbm_corr_top1_2hop_rand15,f5,1
2025-04-01,202.06852108240062,234,gbm_corr_top1_2hop_rand15,f5,1
2025-05-01,138.109219535557,234,gbm_corr_top1_2hop_rand15,f5,1
2025-06-01,321.3679313603012,234,gbm_corr_top1_2hop_rand15,f5,1
2025-07-01,159.87770430323818,234,gbm_corr_top1_2hop_rand15,f5,1
2025-08-01,195.4296555952662,234,gbm_corr_top1_2hop_rand15,f5,1
2025-09-01,197.83872555305848,234,gbm_corr_top1_2hop_rand15,f5,1
2025-10-01,205.7752657603139,234,gbm_corr_top1_2hop_rand15,f5,1
2025-11-01,232.4459043219666,234,gbm_corr_top1_2hop_rand15,f5,1
2025-12-01,225.18711282451255,234,gbm_corr_top1_2hop_rand15,f5,1
2026-01-01,245.46439108660815,234,gbm_corr_top1_2hop_rand15,f5,1
2026-02-01,311.41030633891893,234,gbm_corr_top1_2hop_rand15,f5,1
2026-03-01,242.92002782757953,234,gbm_corr_top1_2hop_rand15,f5,1
2026-04-01,239.20453636415897,234,gbm_corr_top1_2hop_rand15,f5,1
2026-05-01,186.4245375926279,234,gbm_corr_top1_2hop_rand15,f5,1
2025-03-01,305.8026927239498,234,gbm_corr_top1_rand16,f5,1
2025-04-01,201.25580452054461,234,gbm_corr_top1_rand16,f5,1
2025-05-01,137.28059165004598,234,gbm_corr_top1_rand16,f5,1
2025-06-01,319.1076025963094,234,gbm_corr_top1_rand16,f5,1
2025-07-01,161.68958883482145,234,gbm_corr_top1_rand16,f5,1
2025-08-01,194.2848827696437,234,gbm_corr_top1_rand16,f5,1
2025-09-01,197.01790647615084,234,gbm_corr_top1_rand16,f5,1
2025-10-01,205.31036862550752,234,gbm_corr_top1_rand16,f5,1
2025-11-01,231.53822846415605,234,gbm_corr_top1_rand16,f5,1
2025-12-01,222.0100861487397,234,gbm_corr_top1_rand16,f5,1
2026-01-01,242.3166483535608,234,gbm_corr_top1_rand16,f5,1
2026-02-01,311.30236608372513,234,gbm_corr_top1_rand16,f5,1
2026-03-01,243.64392881498466,234,gbm_corr_top1_rand16,f5,1
2026-04-01,240.2034352621816,234,gbm_corr_top1_rand16,f5,1
2026-05-01,183.13748852548648,234,gbm_corr_top1_rand16,f5,1
2025-03-01,308.96190298250343,234,mlp_corr_top1_rand16,f5,1
2025-04-01,198.5258983307611,234,mlp_corr_top1_rand16,f5,1
2025-05-01,135.48375117326844,234,mlp_corr_top1_rand16,f5,1
2025-06-01,318.483480196255,234,mlp_corr_top1_rand16,f5,1
2025-07-01,160.94520180334155,234,mlp_corr_top1_rand16,f5,1
2025-08-01,193.86144683814928,234,mlp_corr_top1_rand16,f5,1
2025-09-01,195.57393708295433,234,mlp_corr_top1_rand16,f5,1
2025-10-01,205.78367103881297,234,mlp_corr_top1_rand16,f5,1
2025-11-01,229.47012742079673,234,mlp_corr_top1_rand16,f5,1
2025-12-01,220.8402484690595,234,mlp_corr_top1_rand16,f5,1
2026-01-01,245.25140114476315,234,mlp_corr_top1_rand16,f5,1
2026-02-01,309.4449329495236,234,mlp_corr_top1_rand16,f5,1
2026-03-01,242.5627027906246,234,mlp_corr_top1_rand16,f5,1
2026-04-01,239.05609834753074,234,mlp_corr_top1_rand16,f5,1
2026-05-01,184.52207605558007,234,mlp_corr_top1_rand16,f5,1
2025-03-01,305.98283237053494,234,gbm_corr_top1_2hop_rand16,f5,1
2025-04-01,203.1381224814269,234,gbm_corr_top1_2hop_rand16,f5,1
2025-05-01,135.3442594713165,234,gbm_corr_top1_2hop_rand16,f5,1
2025-06-01,319.54523169243043,234,gbm_corr_top1_2hop_rand16,f5,1
2025-07-01,160.60715288945562,234,gbm_corr_top1_2hop_rand16,f5,1
2025-08-01,194.0980885898677,234,gbm_corr_top1_2hop_rand16,f5,1
2025-09-01,198.69750013258928,234,gbm_corr_top1_2hop_rand16,f5,1
2025-10-01,204.78292035432116,234,gbm_corr_top1_2hop_rand16,f5,1
2025-11-01,233.01709503248432,234,gbm_corr_top1_2hop_rand16,f5,1
2025-12-01,221.56938772620435,234,gbm_corr_top1_2hop_rand16,f5,1
2026-01-01,242.57172361805843,234,gbm_corr_top1_2hop_rand16,f5,1
2026-02-01,312.9670687905523,234,gbm_corr_top1_2hop_rand16,f5,1
2026-03-01,246.07145634580084,234,gbm_corr_top1_2hop_rand16,f5,1
2026-04-01,239.94104817322832,234,gbm_corr_top1_2hop_rand16,f5,1
2026-05-01,183.7294968526733,234,gbm_corr_top1_2hop_rand16,f5,1
2025-03-01,307.2386773373249,234,gbm_corr_top1_rand17,f5,1
2025-04-01,202.94211532200055,234,gbm_corr_top1_rand17,f5,1
2025-05-01,134.95207010212522,234,gbm_corr_top1_rand17,f5,1
2025-06-01,321.55781974934575,234,gbm_corr_top1_rand17,f5,1
2025-07-01,158.93590386507492,234,gbm_corr_top1_rand17,f5,1
2025-08-01,198.03293715503378,234,gbm_corr_top1_rand17,f5,1
2025-09-01,201.09761219886445,234,gbm_corr_top1_rand17,f5,1
2025-10-01,205.81595895830793,234,gbm_corr_top1_rand17,f5,1
2025-11-01,230.2943962302939,234,gbm_corr_top1_rand17,f5,1
2025-12-01,222.1192210933422,234,gbm_corr_top1_rand17,f5,1
2026-01-01,244.81714798976023,234,gbm_corr_top1_rand17,f5,1
2026-02-01,311.745014128518,234,gbm_corr_top1_rand17,f5,1
2026-03-01,239.51525804048703,234,gbm_corr_top1_rand17,f5,1
2026-04-01,239.10243809655427,234,gbm_corr_top1_rand17,f5,1
2026-05-01,181.47186020888606,234,gbm_corr_top1_rand17,f5,1
2025-03-01,305.21442572455317,234,mlp_corr_top1_rand17,f5,1
2025-04-01,198.8505744307113,234,mlp_corr_top1_rand17,f5,1
2025-05-01,132.27757779863484,234,mlp_corr_top1_rand17,f5,1
2025-06-01,319.35907628689034,234,mlp_corr_top1_rand17,f5,1
2025-07-01,159.6786136389139,234,mlp_corr_top1_rand17,f5,1
2025-08-01,195.7057648110237,234,mlp_corr_top1_rand17,f5,1
2025-09-01,197.47887040895912,234,mlp_corr_top1_rand17,f5,1
2025-10-01,205.2018195813321,234,mlp_corr_top1_rand17,f5,1
2025-11-01,228.4050479113072,234,mlp_corr_top1_rand17,f5,1
2025-12-01,222.6372058566121,234,mlp_corr_top1_rand17,f5,1
2026-01-01,243.4071419958049,234,mlp_corr_top1_rand17,f5,1
2026-02-01,308.5232273558587,234,mlp_corr_top1_rand17,f5,1
2026-03-01,240.8492073065724,234,mlp_corr_top1_rand17,f5,1
2026-04-01,239.3687191916402,234,mlp_corr_top1_rand17,f5,1
2026-05-01,182.5932965515412,234,mlp_corr_top1_rand17,f5,1
2025-03-01,308.3522931939711,234,gbm_corr_top1_2hop_rand17,f5,1
2025-04-01,203.0116001763999,234,gbm_corr_top1_2hop_rand17,f5,1
2025-05-01,132.74916185282453,234,gbm_corr_top1_2hop_rand17,f5,1
2025-06-01,322.3620499432766,234,gbm_corr_top1_2hop_rand17,f5,1
2025-07-01,159.82932082820815,234,gbm_corr_top1_2hop_rand17,f5,1
2025-08-01,198.52403875491208,234,gbm_corr_top1_2hop_rand17,f5,1
2025-09-01,199.53441921117496,234,gbm_corr_top1_2hop_rand17,f5,1
2025-10-01,206.06253856844518,234,gbm_corr_top1_2hop_rand17,f5,1
2025-11-01,226.98092932433286,234,gbm_corr_top1_2hop_rand17,f5,1
2025-12-01,224.5411522376013,234,gbm_corr_top1_2hop_rand17,f5,1
2026-01-01,243.8370342760098,234,gbm_corr_top1_2hop_rand17,f5,1
2026-02-01,312.6694365973017,234,gbm_corr_top1_2hop_rand17,f5,1
2026-03-01,241.7588266782516,234,gbm_corr_top1_2hop_rand17,f5,1
2026-04-01,238.6056381799977,234,gbm_corr_top1_2hop_rand17,f5,1
2026-05-01,181.13343846947262,234,gbm_corr_top1_2hop_rand17,f5,1
2025-03-01,304.45545491949395,234,gbm_corr_top1_rand18,f5,1
2025-04-01,199.07212882353997,234,gbm_corr_top1_rand18,f5,1
2025-05-01,133.96628631062836,234,gbm_corr_top1_rand18,f5,1
2025-06-01,321.3819077496582,234,gbm_corr_top1_rand18,f5,1
2025-07-01,161.3168825428139,234,gbm_corr_top1_rand18,f5,1
2025-08-01,196.86464824684353,234,gbm_corr_top1_rand18,f5,1
2025-09-01,197.50105738191493,234,gbm_corr_top1_rand18,f5,1
2025-10-01,206.10354927409793,234,gbm_corr_top1_rand18,f5,1
2025-11-01,232.76533010471508,234,gbm_corr_top1_rand18,f5,1
2025-12-01,220.131076270358,234,gbm_corr_top1_rand18,f5,1
2026-01-01,245.2603436735509,234,gbm_corr_top1_rand18,f5,1
2026-02-01,311.7757222589576,234,gbm_corr_top1_rand18,f5,1
2026-03-01,240.2291532397442,234,gbm_corr_top1_rand18,f5,1
2026-04-01,238.58886096605036,234,gbm_corr_top1_rand18,f5,1
2026-05-01,178.71226355373415,234,gbm_corr_top1_rand18,f5,1
2025-03-01,307.15588907388894,234,mlp_corr_top1_rand18,f5,1
2025-04-01,198.6848226547951,234,mlp_corr_top1_rand18,f5,1
2025-05-01,135.40435709999585,234,mlp_corr_top1_rand18,f5,1
2025-06-01,317.48035433769553,234,mlp_corr_top1_rand18,f5,1
2025-07-01,160.01278667619448,234,mlp_corr_top1_rand18,f5,1
2025-08-01,193.7985322122041,234,mlp_corr_top1_rand18,f5,1
2025-09-01,196.46562843206348,234,mlp_corr_top1_rand18,f5,1
2025-10-01,205.01328281677627,234,mlp_corr_top1_rand18,f5,1
2025-11-01,227.59783494510228,234,mlp_corr_top1_rand18,f5,1
2025-12-01,220.4735025511453,234,mlp_corr_top1_rand18,f5,1
2026-01-01,243.5676239405805,234,mlp_corr_top1_rand18,f5,1
2026-02-01,309.3943800123636,234,mlp_corr_top1_rand18,f5,1
2026-03-01,241.53096431971886,234,mlp_corr_top1_rand18,f5,1
2026-04-01,240.4265458660778,234,mlp_corr_top1_rand18,f5,1
2026-05-01,183.15243097911127,234,mlp_corr_top1_rand18,f5,1
2025-03-01,306.54521369346713,234,gbm_corr_top1_2hop_rand18,f5,1
2025-04-01,200.94365785829334,234,gbm_corr_top1_2hop_rand18,f5,1
2025-05-01,135.1131273333712,234,gbm_corr_top1_2hop_rand18,f5,1
2025-06-01,320.8069627100019,234,gbm_corr_top1_2hop_rand18,f5,1
2025-07-01,161.4194011703791,234,gbm_corr_top1_2hop_rand18,f5,1
2025-08-01,196.83357111547454,234,gbm_corr_top1_2hop_rand18,f5,1
2025-09-01,197.82776677444662,234,gbm_corr_top1_2hop_rand18,f5,1
2025-10-01,205.8177085369687,234,gbm_corr_top1_2hop_rand18,f5,1
2025-11-01,231.2491055402586,234,gbm_corr_top1_2hop_rand18,f5,1
2025-12-01,221.32073187542318,234,gbm_corr_top1_2hop_rand18,f5,1
2026-01-01,241.74053552337935,234,gbm_corr_top1_2hop_rand18,f5,1
2026-02-01,313.9750532468025,234,gbm_corr_top1_2hop_rand18,f5,1
2026-03-01,239.25974493540951,234,gbm_corr_top1_2hop_rand18,f5,1
2026-04-01,237.96458580609251,234,gbm_corr_top1_2hop_rand18,f5,1
2026-05-01,182.73491530064422,234,gbm_corr_top1_2hop_rand18,f5,1
2025-03-01,308.7377279027881,234,gbm_corr_top1_rand19,f5,1
2025-04-01,200.09837916830259,234,gbm_corr_top1_rand19,f5,1
2025-05-01,132.57861351677283,234,gbm_corr_top1_rand19,f5,1
2025-06-01,321.2322624818137,234,gbm_corr_top1_rand19,f5,1
2025-07-01,159.433631027957,234,gbm_corr_top1_rand19,f5,1
2025-08-01,194.52518683522482,234,gbm_corr_top1_rand19,f5,1
2025-09-01,196.51263921438957,234,gbm_corr_top1_rand19,f5,1
2025-10-01,207.78580226065782,234,gbm_corr_top1_rand19,f5,1
2025-11-01,231.55921549639342,234,gbm_corr_top1_rand19,f5,1
2025-12-01,224.8737599202133,234,gbm_corr_top1_rand19,f5,1
2026-01-01,242.13000472351507,234,gbm_corr_top1_rand19,f5,1
2026-02-01,311.5583608340294,234,gbm_corr_top1_rand19,f5,1
2026-03-01,244.35827713779014,234,gbm_corr_top1_rand19,f5,1
2026-04-01,240.66180032656027,234,gbm_corr_top1_rand19,f5,1
2026-05-01,183.87053563777985,234,gbm_corr_top1_rand19,f5,1
2025-03-01,307.233020069082,234,mlp_corr_top1_rand19,f5,1
2025-04-01,197.87928072813162,234,mlp_corr_top1_rand19,f5,1
2025-05-01,133.7892336985661,234,mlp_corr_top1_rand19,f5,1
2025-06-01,318.461358661409,234,mlp_corr_top1_rand19,f5,1
2025-07-01,159.6637597617808,234,mlp_corr_top1_rand19,f5,1
2025-08-01,194.46058115473033,234,mlp_corr_top1_rand19,f5,1
2025-09-01,196.9292809244015,234,mlp_corr_top1_rand19,f5,1
2025-10-01,205.09672510938015,234,mlp_corr_top1_rand19,f5,1
2025-11-01,228.9622652375181,234,mlp_corr_top1_rand19,f5,1
2025-12-01,222.07720940668037,234,mlp_corr_top1_rand19,f5,1
2026-01-01,244.74008207944203,234,mlp_corr_top1_rand19,f5,1
2026-02-01,309.5096603185029,234,mlp_corr_top1_rand19,f5,1
2026-03-01,244.0008192783812,234,mlp_corr_top1_rand19,f5,1
2026-04-01,241.80816195557054,234,mlp_corr_top1_rand19,f5,1
2026-05-01,184.49980902764037,234,mlp_corr_top1_rand19,f5,1
2025-03-01,308.5086221245982,234,gbm_corr_top1_2hop_rand19,f5,1
2025-04-01,200.90245317051074,234,gbm_corr_top1_2hop_rand19,f5,1
2025-05-01,133.57248751671685,234,gbm_corr_top1_2hop_rand19,f5,1
2025-06-01,319.32270505890585,234,gbm_corr_top1_2hop_rand19,f5,1
2025-07-01,159.336245856912,234,gbm_corr_top1_2hop_rand19,f5,1
2025-08-01,194.30543619752956,234,gbm_corr_top1_2hop_rand19,f5,1
2025-09-01,196.9879002818605,234,gbm_corr_top1_2hop_rand19,f5,1
2025-10-01,206.4444444410625,234,gbm_corr_top1_2hop_rand19,f5,1
2025-11-01,231.96991862027593,234,gbm_corr_top1_2hop_rand19,f5,1
2025-12-01,223.57357277132826,234,gbm_corr_top1_2hop_rand19,f5,1
2026-01-01,243.6461203572356,234,gbm_corr_top1_2hop_rand19,f5,1
2026-02-01,309.8631667468836,234,gbm_corr_top1_2hop_rand19,f5,1
2026-03-01,243.62495961881785,234,gbm_corr_top1_2hop_rand19,f5,1
2026-04-01,237.68331759883034,234,gbm_corr_top1_2hop_rand19,f5,1
2026-05-01,182.46677475518175,234,gbm_corr_top1_2hop_rand19,f5,1
2025-04-01,247.54698316830795,234,gbm_corr_top1_rand0,f5,2
2025-05-01,206.10682976669074,234,gbm_corr_top1_rand0,f5,2
2025-06-01,335.58317318659635,234,gbm_corr_top1_rand0,f5,2
2025-07-01,227.23195426267912,234,gbm_corr_top1_rand0,f5,2
2025-08-01,240.48274273301803,234,gbm_corr_top1_rand0,f5,2
2025-09-01,244.47395022939062,234,gbm_corr_top1_rand0,f5,2
2025-10-01,270.53177663668885,234,gbm_corr_top1_rand0,f5,2
2025-11-01,284.04895387105165,234,gbm_corr_top1_rand0,f5,2
2025-12-01,260.8799158127712,234,gbm_corr_top1_rand0,f5,2
2026-01-01,264.56804025705276,234,gbm_corr_top1_rand0,f5,2
2026-02-01,391.6953132693761,234,gbm_corr_top1_rand0,f5,2
2026-03-01,299.0449790390206,234,gbm_corr_top1_rand0,f5,2
2026-04-01,311.75813365384374,234,gbm_corr_top1_rand0,f5,2
2026-05-01,283.5352446682355,234,gbm_corr_top1_rand0,f5,2
2025-04-01,248.3031960235264,234,mlp_corr_top1_rand0,f5,2
2025-05-01,205.89131603426895,234,mlp_corr_top1_rand0,f5,2
2025-06-01,333.8506742190832,234,mlp_corr_top1_rand0,f5,2
2025-07-01,226.3962497535247,234,mlp_corr_top1_rand0,f5,2
2025-08-01,238.395388388612,234,mlp_corr_top1_rand0,f5,2
2025-09-01,241.24654561467386,234,mlp_corr_top1_rand0,f5,2
2025-10-01,268.23776096383756,234,mlp_corr_top1_rand0,f5,2
2025-11-01,285.54142196094165,234,mlp_corr_top1_rand0,f5,2
2025-12-01,260.16596060071674,234,mlp_corr_top1_rand0,f5,2
2026-01-01,265.44143371612864,234,mlp_corr_top1_rand0,f5,2
2026-02-01,387.57700176958895,234,mlp_corr_top1_rand0,f5,2
2026-03-01,300.36864881121966,234,mlp_corr_top1_rand0,f5,2
2026-04-01,313.1989672208494,234,mlp_corr_top1_rand0,f5,2
2026-05-01,282.9471539786698,234,mlp_corr_top1_rand0,f5,2
2025-04-01,249.9392117393364,234,gbm_corr_top1_2hop_rand0,f5,2
2025-05-01,207.17412028497628,234,gbm_corr_top1_2hop_rand0,f5,2
2025-06-01,334.0521065825953,234,gbm_corr_top1_2hop_rand0,f5,2
2025-07-01,228.48445484385294,234,gbm_corr_top1_2hop_rand0,f5,2
2025-08-01,238.63082655116443,234,gbm_corr_top1_2hop_rand0,f5,2
2025-09-01,244.02905112211485,234,gbm_corr_top1_2hop_rand0,f5,2
2025-10-01,271.61929967061195,234,gbm_corr_top1_2hop_rand0,f5,2
2025-11-01,281.8593583975085,234,gbm_corr_top1_2hop_rand0,f5,2
2025-12-01,258.5791260611241,234,gbm_corr_top1_2hop_rand0,f5,2
2026-01-01,264.76537712112435,234,gbm_corr_top1_2hop_rand0,f5,2
2026-02-01,392.2643475228226,234,gbm_corr_top1_2hop_rand0,f5,2
2026-03-01,301.14308489600296,234,gbm_corr_top1_2hop_rand0,f5,2
2026-04-01,313.2397110736342,234,gbm_corr_top1_2hop_rand0,f5,2
2026-05-01,284.9917314345124,234,gbm_corr_top1_2hop_rand0,f5,2
2025-04-01,250.46470763937447,234,gbm_corr_top1_rand1,f5,2
2025-05-01,212.48960711651574,234,gbm_corr_top1_rand1,f5,2
2025-06-01,334.0081154089763,234,gbm_corr_top1_rand1,f5,2
2025-07-01,229.02048362790603,234,gbm_corr_top1_rand1,f5,2
2025-08-01,243.72206994501036,234,gbm_corr_top1_rand1,f5,2
2025-09-01,246.80456470805137,234,gbm_corr_top1_rand1,f5,2
2025-10-01,268.4292998044935,234,gbm_corr_top1_rand1,f5,2
2025-11-01,284.4458864269684,234,gbm_corr_top1_rand1,f5,2
2025-12-01,262.32509186751884,234,gbm_corr_top1_rand1,f5,2
2026-01-01,267.170038369259,234,gbm_corr_top1_rand1,f5,2
2026-02-01,389.2567965919681,234,gbm_corr_top1_rand1,f5,2
2026-03-01,296.02981727014947,234,gbm_corr_top1_rand1,f5,2
2026-04-01,316.1833895593459,234,gbm_corr_top1_rand1,f5,2
2026-05-01,285.1697392377647,234,gbm_corr_top1_rand1,f5,2
2025-04-01,250.73853479806866,234,mlp_corr_top1_rand1,f5,2
2025-05-01,208.6375862758249,234,mlp_corr_top1_rand1,f5,2
2025-06-01,334.26188542999347,234,mlp_corr_top1_rand1,f5,2
2025-07-01,228.3079106111948,234,mlp_corr_top1_rand1,f5,2
2025-08-01,238.01642696900387,234,mlp_corr_top1_rand1,f5,2
2025-09-01,242.91599331818915,234,mlp_corr_top1_rand1,f5,2
2025-10-01,269.05119765016843,234,mlp_corr_top1_rand1,f5,2
2025-11-01,284.43469922495893,234,mlp_corr_top1_rand1,f5,2
2025-12-01,261.21478099377714,234,mlp_corr_top1_rand1,f5,2
2026-01-01,268.1552562008276,234,mlp_corr_top1_rand1,f5,2
2026-02-01,387.0131336313045,234,mlp_corr_top1_rand1,f5,2
2026-03-01,297.4711562291315,234,mlp_corr_top1_rand1,f5,2
2026-04-01,312.33562517661704,234,mlp_corr_top1_rand1,f5,2
2026-05-01,280.1292991418795,234,mlp_corr_top1_rand1,f5,2
2025-04-01,247.9980209594156,234,gbm_corr_top1_2hop_rand1,f5,2
2025-05-01,209.21390439298028,234,gbm_corr_top1_2hop_rand1,f5,2
2025-06-01,333.1520257251557,234,gbm_corr_top1_2hop_rand1,f5,2
2025-07-01,228.53879282043764,234,gbm_corr_top1_2hop_rand1,f5,2
2025-08-01,239.8312238750446,234,gbm_corr_top1_2hop_rand1,f5,2
2025-09-01,246.4867636882841,234,gbm_corr_top1_2hop_rand1,f5,2
2025-10-01,268.2967586688364,234,gbm_corr_top1_2hop_rand1,f5,2
2025-11-01,283.9034065367304,234,gbm_corr_top1_2hop_rand1,f5,2
2025-12-01,260.8394834824176,234,gbm_corr_top1_2hop_rand1,f5,2
2026-01-01,262.57843196063976,234,gbm_corr_top1_2hop_rand1,f5,2
2026-02-01,385.31331362089446,234,gbm_corr_top1_2hop_rand1,f5,2
2026-03-01,293.5168068132685,234,gbm_corr_top1_2hop_rand1,f5,2
2026-04-01,315.3182334810104,234,gbm_corr_top1_2hop_rand1,f5,2
2026-05-01,284.99949501460816,234,gbm_corr_top1_2hop_rand1,f5,2
2025-04-01,249.84429733705304,234,gbm_corr_top1_rand2,f5,2
2025-05-01,207.65545767734113,234,gbm_corr_top1_rand2,f5,2
2025-06-01,336.53063483876093,234,gbm_corr_top1_rand2,f5,2
2025-07-01,227.47399910031191,234,gbm_corr_top1_rand2,f5,2
2025-08-01,241.42278291708348,234,gbm_corr_top1_rand2,f5,2
2025-09-01,247.457460332831,234,gbm_corr_top1_rand2,f5,2
2025-10-01,269.47169325103516,234,gbm_corr_top1_rand2,f5,2
2025-11-01,293.14261405481994,234,gbm_corr_top1_rand2,f5,2
2025-12-01,260.84937353576316,234,gbm_corr_top1_rand2,f5,2
2026-01-01,272.8730642940205,234,gbm_corr_top1_rand2,f5,2
2026-02-01,390.90696989152906,234,gbm_corr_top1_rand2,f5,2
2026-03-01,300.8964512634899,234,gbm_corr_top1_rand2,f5,2
2026-04-01,315.58691719850515,234,gbm_corr_top1_rand2,f5,2
2026-05-01,285.7705165455783,234,gbm_corr_top1_rand2,f5,2
2025-04-01,251.91875150327792,234,mlp_corr_top1_rand2,f5,2
2025-05-01,206.70451463723128,234,mlp_corr_top1_rand2,f5,2
2025-06-01,334.6098661399438,234,mlp_corr_top1_rand2,f5,2
2025-07-01,225.4771178578063,234,mlp_corr_top1_rand2,f5,2
2025-08-01,238.96896128457405,234,mlp_corr_top1_rand2,f5,2
2025-09-01,244.46338782775703,234,mlp_corr_top1_rand2,f5,2
2025-10-01,270.94724147248104,234,mlp_corr_top1_rand2,f5,2
2025-11-01,289.1315800934268,234,mlp_corr_top1_rand2,f5,2
2025-12-01,262.3688715635042,234,mlp_corr_top1_rand2,f5,2
2026-01-01,269.2168571926188,234,mlp_corr_top1_rand2,f5,2
2026-02-01,391.91675227569624,234,mlp_corr_top1_rand2,f5,2
2026-03-01,303.42972964618275,234,mlp_corr_top1_rand2,f5,2
2026-04-01,316.09310896573425,234,mlp_corr_top1_rand2,f5,2
2026-05-01,286.75034443907913,234,mlp_corr_top1_rand2,f5,2
2025-04-01,251.18491104551276,234,gbm_corr_top1_2hop_rand2,f5,2
2025-05-01,209.77930777058415,234,gbm_corr_top1_2hop_rand2,f5,2
2025-06-01,338.5309928620034,234,gbm_corr_top1_2hop_rand2,f5,2
2025-07-01,227.66387453301013,234,gbm_corr_top1_2hop_rand2,f5,2
2025-08-01,238.58640070358132,234,gbm_corr_top1_2hop_rand2,f5,2
2025-09-01,248.73473450872362,234,gbm_corr_top1_2hop_rand2,f5,2
2025-10-01,266.7802032213779,234,gbm_corr_top1_2hop_rand2,f5,2
2025-11-01,292.62818986450816,234,gbm_corr_top1_2hop_rand2,f5,2
2025-12-01,261.43388570333576,234,gbm_corr_top1_2hop_rand2,f5,2
2026-01-01,275.22506431013284,234,gbm_corr_top1_2hop_rand2,f5,2
2026-02-01,392.2761650326144,234,gbm_corr_top1_2hop_rand2,f5,2
2026-03-01,301.9105725832916,234,gbm_corr_top1_2hop_rand2,f5,2
2026-04-01,318.6448953326705,234,gbm_corr_top1_2hop_rand2,f5,2
2026-05-01,289.0454673690046,234,gbm_corr_top1_2hop_rand2,f5,2
2025-04-01,249.4859074702197,234,gbm_corr_top1_rand3,f5,2
2025-05-01,209.53202107284585,234,gbm_corr_top1_rand3,f5,2
2025-06-01,332.9323043716994,234,gbm_corr_top1_rand3,f5,2
2025-07-01,226.9411248493872,234,gbm_corr_top1_rand3,f5,2
2025-08-01,238.48949601342304,234,gbm_corr_top1_rand3,f5,2
2025-09-01,242.87831152888654,234,gbm_corr_top1_rand3,f5,2
2025-10-01,269.29620295985995,234,gbm_corr_top1_rand3,f5,2
2025-11-01,285.55531959962804,234,gbm_corr_top1_rand3,f5,2
2025-12-01,258.4217774944414,234,gbm_corr_top1_rand3,f5,2
2026-01-01,264.2106243256596,234,gbm_corr_top1_rand3,f5,2
2026-02-01,388.68572436561794,234,gbm_corr_top1_rand3,f5,2
2026-03-01,296.89906705222216,234,gbm_corr_top1_rand3,f5,2
2026-04-01,311.947004065013,234,gbm_corr_top1_rand3,f5,2
2026-05-01,283.54669898486094,234,gbm_corr_top1_rand3,f5,2
2025-04-01,249.4857283381912,234,mlp_corr_top1_rand3,f5,2
2025-05-01,207.3576064975643,234,mlp_corr_top1_rand3,f5,2
2025-06-01,332.2618011634214,234,mlp_corr_top1_rand3,f5,2
2025-07-01,226.03102828263104,234,mlp_corr_top1_rand3,f5,2
2025-08-01,237.07846646024439,234,mlp_corr_top1_rand3,f5,2
2025-09-01,239.87087149005788,234,mlp_corr_top1_rand3,f5,2
2025-10-01,267.2873395892173,234,mlp_corr_top1_rand3,f5,2
2025-11-01,284.2103496802735,234,mlp_corr_top1_rand3,f5,2
2025-12-01,258.1385372111028,234,mlp_corr_top1_rand3,f5,2
2026-01-01,266.27438896273503,234,mlp_corr_top1_rand3,f5,2
2026-02-01,387.8102368476743,234,mlp_corr_top1_rand3,f5,2
2026-03-01,298.1118976771188,234,mlp_corr_top1_rand3,f5,2
2026-04-01,312.21644494483473,234,mlp_corr_top1_rand3,f5,2
2026-05-01,277.2503801442393,234,mlp_corr_top1_rand3,f5,2
2025-04-01,249.55401144652444,234,gbm_corr_top1_2hop_rand3,f5,2
2025-05-01,208.87617052860253,234,gbm_corr_top1_2hop_rand3,f5,2
2025-06-01,332.8304547820356,234,gbm_corr_top1_2hop_rand3,f5,2
2025-07-01,226.14788782949515,234,gbm_corr_top1_2hop_rand3,f5,2
2025-08-01,236.55565409667528,234,gbm_corr_top1_2hop_rand3,f5,2
2025-09-01,242.15409837693025,234,gbm_corr_top1_2hop_rand3,f5,2
2025-10-01,271.22483234094693,234,gbm_corr_top1_2hop_rand3,f5,2
2025-11-01,284.6790877878978,234,gbm_corr_top1_2hop_rand3,f5,2
2025-12-01,259.491384553323,234,gbm_corr_top1_2hop_rand3,f5,2
2026-01-01,264.2448037907062,234,gbm_corr_top1_2hop_rand3,f5,2
2026-02-01,390.06852882708665,234,gbm_corr_top1_2hop_rand3,f5,2
2026-03-01,296.21625540982745,234,gbm_corr_top1_2hop_rand3,f5,2
2026-04-01,312.8705496933335,234,gbm_corr_top1_2hop_rand3,f5,2
2026-05-01,283.4527188660877,234,gbm_corr_top1_2hop_rand3,f5,2
2025-04-01,248.63823461031214,234,gbm_corr_top1_rand4,f5,2
2025-05-01,210.6289209181286,234,gbm_corr_top1_rand4,f5,2
2025-06-01,334.18927983262506,234,gbm_corr_top1_rand4,f5,2
2025-07-01,231.3869957982983,234,gbm_corr_top1_rand4,f5,2
2025-08-01,239.51583041632017,234,gbm_corr_top1_rand4,f5,2
2025-09-01,243.6587772875799,234,gbm_corr_top1_rand4,f5,2
2025-10-01,270.24256412868624,234,gbm_corr_top1_rand4,f5,2
2025-11-01,293.001804813078,234,gbm_corr_top1_rand4,f5,2
2025-12-01,261.9994636086992,234,gbm_corr_top1_rand4,f5,2
2026-01-01,262.2665438454712,234,gbm_corr_top1_rand4,f5,2
2026-02-01,389.0229530250305,234,gbm_corr_top1_rand4,f5,2
2026-03-01,297.1513788783904,234,gbm_corr_top1_rand4,f5,2
2026-04-01,317.93826773200414,234,gbm_corr_top1_rand4,f5,2
2026-05-01,283.02794920803404,234,gbm_corr_top1_rand4,f5,2
2025-04-01,247.3627898739138,234,mlp_corr_top1_rand4,f5,2
2025-05-01,205.08973722823595,234,mlp_corr_top1_rand4,f5,2
2025-06-01,333.290509463668,234,mlp_corr_top1_rand4,f5,2
2025-07-01,226.05122705845756,234,mlp_corr_top1_rand4,f5,2
2025-08-01,237.64081159135364,234,mlp_corr_top1_rand4,f5,2
2025-09-01,241.3565687861259,234,mlp_corr_top1_rand4,f5,2
2025-10-01,267.7759352952267,234,mlp_corr_top1_rand4,f5,2
2025-11-01,286.6644976787492,234,mlp_corr_top1_rand4,f5,2
2025-12-01,259.5575839875669,234,mlp_corr_top1_rand4,f5,2
2026-01-01,266.6902503252893,234,mlp_corr_top1_rand4,f5,2
2026-02-01,388.7772216441007,234,mlp_corr_top1_rand4,f5,2
2026-03-01,299.5835023715188,234,mlp_corr_top1_rand4,f5,2
2026-04-01,313.5574126610312,234,mlp_corr_top1_rand4,f5,2
2026-05-01,281.3459517962202,234,mlp_corr_top1_rand4,f5,2
2025-04-01,250.23275941533348,234,gbm_corr_top1_2hop_rand4,f5,2
2025-05-01,208.11895436258314,234,gbm_corr_top1_2hop_rand4,f5,2
2025-06-01,334.893431255731,234,gbm_corr_top1_2hop_rand4,f5,2
2025-07-01,230.04448287669814,234,gbm_corr_top1_2hop_rand4,f5,2
2025-08-01,241.0835658206527,234,gbm_corr_top1_2hop_rand4,f5,2
2025-09-01,241.90192677729547,234,gbm_corr_top1_2hop_rand4,f5,2
2025-10-01,269.2899822803366,234,gbm_corr_top1_2hop_rand4,f5,2
2025-11-01,293.82417657817876,234,gbm_corr_top1_2hop_rand4,f5,2
2025-12-01,261.5175569997558,234,gbm_corr_top1_2hop_rand4,f5,2
2026-01-01,263.65338584094775,234,gbm_corr_top1_2hop_rand4,f5,2
2026-02-01,391.6342763075668,234,gbm_corr_top1_2hop_rand4,f5,2
2026-03-01,295.8904767788275,234,gbm_corr_top1_2hop_rand4,f5,2
2026-04-01,316.0916781842815,234,gbm_corr_top1_2hop_rand4,f5,2
2026-05-01,283.8409143556443,234,gbm_corr_top1_2hop_rand4,f5,2
2025-04-01,247.89726292548468,234,gbm_corr_top1_rand5,f5,2
2025-05-01,208.12669094686783,234,gbm_corr_top1_rand5,f5,2
2025-06-01,335.05684115529476,234,gbm_corr_top1_rand5,f5,2
2025-07-01,227.4482960918382,234,gbm_corr_top1_rand5,f5,2
2025-08-01,237.79957973555344,234,gbm_corr_top1_rand5,f5,2
2025-09-01,240.61924894198117,234,gbm_corr_top1_rand5,f5,2
2025-10-01,270.9842276031947,234,gbm_corr_top1_rand5,f5,2
2025-11-01,285.11374623062204,234,gbm_corr_top1_rand5,f5,2
2025-12-01,263.7932336965711,234,gbm_corr_top1_rand5,f5,2
2026-01-01,266.98835881327074,234,gbm_corr_top1_rand5,f5,2
2026-02-01,387.43553092961076,234,gbm_corr_top1_rand5,f5,2
2026-03-01,296.8318463954463,234,gbm_corr_top1_rand5,f5,2
2026-04-01,312.42406103109425,234,gbm_corr_top1_rand5,f5,2
2026-05-01,284.81398610635614,234,gbm_corr_top1_rand5,f5,2
2025-04-01,248.21694418568558,234,mlp_corr_top1_rand5,f5,2
2025-05-01,207.6957807912068,234,mlp_corr_top1_rand5,f5,2
2025-06-01,333.46521237687534,234,mlp_corr_top1_rand5,f5,2
2025-07-01,226.33433006333615,234,mlp_corr_top1_rand5,f5,2
2025-08-01,237.48356278860143,234,mlp_corr_top1_rand5,f5,2
2025-09-01,240.83716656663503,234,mlp_corr_top1_rand5,f5,2
2025-10-01,267.0538184045965,234,mlp_corr_top1_rand5,f5,2
2025-11-01,283.61249129180777,234,mlp_corr_top1_rand5,f5,2
2025-12-01,261.13869807697915,234,mlp_corr_top1_rand5,f5,2
2026-01-01,266.7133193109538,234,mlp_corr_top1_rand5,f5,2
2026-02-01,386.3473609803887,234,mlp_corr_top1_rand5,f5,2
2026-03-01,297.52405807289745,234,mlp_corr_top1_rand5,f5,2
2026-04-01,314.9014452902926,234,mlp_corr_top1_rand5,f5,2
2026-05-01,280.8816558827874,234,mlp_corr_top1_rand5,f5,2
2025-04-01,247.200732429212,234,gbm_corr_top1_2hop_rand5,f5,2
2025-05-01,209.8000209220914,234,gbm_corr_top1_2hop_rand5,f5,2
2025-06-01,334.4799994103567,234,gbm_corr_top1_2hop_rand5,f5,2
2025-07-01,229.33945063290815,234,gbm_corr_top1_2hop_rand5,f5,2
2025-08-01,237.41659119106907,234,gbm_corr_top1_2hop_rand5,f5,2
2025-09-01,239.8074393971724,234,gbm_corr_top1_2hop_rand5,f5,2
2025-10-01,272.0613542072407,234,gbm_corr_top1_2hop_rand5,f5,2
2025-11-01,286.8225229982745,234,gbm_corr_top1_2hop_rand5,f5,2
2025-12-01,263.90542318039445,234,gbm_corr_top1_2hop_rand5,f5,2
2026-01-01,269.9894208398134,234,gbm_corr_top1_2hop_rand5,f5,2
2026-02-01,390.2217716401635,234,gbm_corr_top1_2hop_rand5,f5,2
2026-03-01,300.91185461684546,234,gbm_corr_top1_2hop_rand5,f5,2
2026-04-01,315.9826597834808,234,gbm_corr_top1_2hop_rand5,f5,2
2026-05-01,282.02193482465105,234,gbm_corr_top1_2hop_rand5,f5,2
2025-04-01,253.14414686204123,234,gbm_corr_top1_rand6,f5,2
2025-05-01,207.07653663814926,234,gbm_corr_top1_rand6,f5,2
2025-06-01,335.98657010274235,234,gbm_corr_top1_rand6,f5,2
2025-07-01,227.1153513459563,234,gbm_corr_top1_rand6,f5,2
2025-08-01,238.0376304562069,234,gbm_corr_top1_rand6,f5,2
2025-09-01,243.80434755380023,234,gbm_corr_top1_rand6,f5,2
2025-10-01,265.49958960577135,234,gbm_corr_top1_rand6,f5,2
2025-11-01,287.09940977256525,234,gbm_corr_top1_rand6,f5,2
2025-12-01,260.44100213849964,234,gbm_corr_top1_rand6,f5,2
2026-01-01,265.92297093117713,234,gbm_corr_top1_rand6,f5,2
2026-02-01,391.58454932391396,234,gbm_corr_top1_rand6,f5,2
2026-03-01,299.68609058888205,234,gbm_corr_top1_rand6,f5,2
2026-04-01,310.4655445984411,234,gbm_corr_top1_rand6,f5,2
2026-05-01,286.4040447563904,234,gbm_corr_top1_rand6,f5,2
2025-04-01,249.7449240959072,234,mlp_corr_top1_rand6,f5,2
2025-05-01,206.45123022753845,234,mlp_corr_top1_rand6,f5,2
2025-06-01,334.35324928968606,234,mlp_corr_top1_rand6,f5,2
2025-07-01,225.44849070407278,234,mlp_corr_top1_rand6,f5,2
2025-08-01,239.4451563426393,234,mlp_corr_top1_rand6,f5,2
2025-09-01,242.77067755050788,234,mlp_corr_top1_rand6,f5,2
2025-10-01,269.26481924682844,234,mlp_corr_top1_rand6,f5,2
2025-11-01,286.12046018303477,234,mlp_corr_top1_rand6,f5,2
2025-12-01,264.440754427009,234,mlp_corr_top1_rand6,f5,2
2026-01-01,269.51247159069885,234,mlp_corr_top1_rand6,f5,2
2026-02-01,388.67551095944725,234,mlp_corr_top1_rand6,f5,2
2026-03-01,303.0654094946558,234,mlp_corr_top1_rand6,f5,2
2026-04-01,316.9455139016079,234,mlp_corr_top1_rand6,f5,2
2026-05-01,285.5196063828292,234,mlp_corr_top1_rand6,f5,2
2025-04-01,249.48731000073093,234,gbm_corr_top1_2hop_rand6,f5,2
2025-05-01,208.07982413051275,234,gbm_corr_top1_2hop_rand6,f5,2
2025-06-01,338.4201848882216,234,gbm_corr_top1_2hop_rand6,f5,2
2025-07-01,228.20420555793729,234,gbm_corr_top1_2hop_rand6,f5,2
2025-08-01,236.76496940713332,234,gbm_corr_top1_2hop_rand6,f5,2
2025-09-01,244.49078181332797,234,gbm_corr_top1_2hop_rand6,f5,2
2025-10-01,265.72349428879573,234,gbm_corr_top1_2hop_rand6,f5,2
2025-11-01,285.4840763020725,234,gbm_corr_top1_2hop_rand6,f5,2
2025-12-01,260.40210426706506,234,gbm_corr_top1_2hop_rand6,f5,2
2026-01-01,266.3885663876839,234,gbm_corr_top1_2hop_rand6,f5,2
2026-02-01,390.1816339872467,234,gbm_corr_top1_2hop_rand6,f5,2
2026-03-01,298.5496552292506,234,gbm_corr_top1_2hop_rand6,f5,2
2026-04-01,315.09792315803884,234,gbm_corr_top1_2hop_rand6,f5,2
2026-05-01,283.82650166822174,234,gbm_corr_top1_2hop_rand6,f5,2
2025-04-01,247.9254924050765,234,gbm_corr_top1_rand7,f5,2
2025-05-01,205.73732884307785,234,gbm_corr_top1_rand7,f5,2
2025-06-01,334.5886718406916,234,gbm_corr_top1_rand7,f5,2
2025-07-01,225.04019995581137,234,gbm_corr_top1_rand7,f5,2
2025-08-01,237.7960509166724,234,gbm_corr_top1_rand7,f5,2
2025-09-01,242.52436350410892,234,gbm_corr_top1_rand7,f5,2
2025-10-01,270.8097333677704,234,gbm_corr_top1_rand7,f5,2
2025-11-01,286.8217170017643,234,gbm_corr_top1_rand7,f5,2
2025-12-01,262.17468950871864,234,gbm_corr_top1_rand7,f5,2
2026-01-01,265.3103991573524,234,gbm_corr_top1_rand7,f5,2
2026-02-01,391.62910646845177,234,gbm_corr_top1_rand7,f5,2
2026-03-01,299.9241030533682,234,gbm_corr_top1_rand7,f5,2
2026-04-01,316.2908279093769,234,gbm_corr_top1_rand7,f5,2
2026-05-01,280.10678145707635,234,gbm_corr_top1_rand7,f5,2
2025-04-01,247.1524037489529,234,mlp_corr_top1_rand7,f5,2
2025-05-01,205.8472195519636,234,mlp_corr_top1_rand7,f5,2
2025-06-01,330.43923905945377,234,mlp_corr_top1_rand7,f5,2
2025-07-01,226.37681296207535,234,mlp_corr_top1_rand7,f5,2
2025-08-01,237.29065986747293,234,mlp_corr_top1_rand7,f5,2
2025-09-01,238.3406103556505,234,mlp_corr_top1_rand7,f5,2
2025-10-01,266.86407140865896,234,mlp_corr_top1_rand7,f5,2
2025-11-01,282.70281639304545,234,mlp_corr_top1_rand7,f5,2
2025-12-01,261.0612213620871,234,mlp_corr_top1_rand7,f5,2
2026-01-01,268.27598538888014,234,mlp_corr_top1_rand7,f5,2
2026-02-01,387.21098283792406,234,mlp_corr_top1_rand7,f5,2
2026-03-01,300.76611530996644,234,mlp_corr_top1_rand7,f5,2
2026-04-01,318.48702704972266,234,mlp_corr_top1_rand7,f5,2
2026-05-01,283.68369715067325,234,mlp_corr_top1_rand7,f5,2
2025-04-01,248.30053224365037,234,gbm_corr_top1_2hop_rand7,f5,2
2025-05-01,205.63751460654385,234,gbm_corr_top1_2hop_rand7,f5,2
2025-06-01,333.0293257745029,234,gbm_corr_top1_2hop_rand7,f5,2
2025-07-01,227.07922988796074,234,gbm_corr_top1_2hop_rand7,f5,2
2025-08-01,239.00827533769692,234,gbm_corr_top1_2hop_rand7,f5,2
2025-09-01,242.64112391516483,234,gbm_corr_top1_2hop_rand7,f5,2
2025-10-01,269.9266727629664,234,gbm_corr_top1_2hop_rand7,f5,2
2025-11-01,289.09526832342,234,gbm_corr_top1_2hop_rand7,f5,2
2025-12-01,260.85313704317485,234,gbm_corr_top1_2hop_rand7,f5,2
2026-01-01,266.4070285443822,234,gbm_corr_top1_2hop_rand7,f5,2
2026-02-01,390.53521115931534,234,gbm_corr_top1_2hop_rand7,f5,2
2026-03-01,296.95166192334017,234,gbm_corr_top1_2hop_rand7,f5,2
2026-04-01,316.1128065501436,234,gbm_corr_top1_2hop_rand7,f5,2
2026-05-01,279.2448634357407,234,gbm_corr_top1_2hop_rand7,f5,2
2025-04-01,248.41876989234234,234,gbm_corr_top1_rand8,f5,2
2025-05-01,209.96293451972124,234,gbm_corr_top1_rand8,f5,2
2025-06-01,334.01168232877455,234,gbm_corr_top1_rand8,f5,2
2025-07-01,228.31754204847897,234,gbm_corr_top1_rand8,f5,2
2025-08-01,238.0590056370255,234,gbm_corr_top1_rand8,f5,2
2025-09-01,240.96957822919347,234,gbm_corr_top1_rand8,f5,2
2025-10-01,269.36415063732744,234,gbm_corr_top1_rand8,f5,2
2025-11-01,288.16575338459484,234,gbm_corr_top1_rand8,f5,2
2025-12-01,261.4096695191172,234,gbm_corr_top1_rand8,f5,2
2026-01-01,267.9878236856168,234,gbm_corr_top1_rand8,f5,2
2026-02-01,389.93917501592745,234,gbm_corr_top1_rand8,f5,2
2026-03-01,300.5716828425809,234,gbm_corr_top1_rand8,f5,2
2026-04-01,314.1343190346065,234,gbm_corr_top1_rand8,f5,2
2026-05-01,290.03406338674785,234,gbm_corr_top1_rand8,f5,2
2025-04-01,251.47298765657325,234,mlp_corr_top1_rand8,f5,2
2025-05-01,209.68226267029556,234,mlp_corr_top1_rand8,f5,2
2025-06-01,339.3275520971699,234,mlp_corr_top1_rand8,f5,2
2025-07-01,228.23385816693298,234,mlp_corr_top1_rand8,f5,2
2025-08-01,239.99851044708308,234,mlp_corr_top1_rand8,f5,2
2025-09-01,244.26956729850147,234,mlp_corr_top1_rand8,f5,2
2025-10-01,272.49232719563844,234,mlp_corr_top1_rand8,f5,2
2025-11-01,289.7470220380999,234,mlp_corr_top1_rand8,f5,2
2025-12-01,264.02891449926926,234,mlp_corr_top1_rand8,f5,2
2026-01-01,269.9015104693935,234,mlp_corr_top1_rand8,f5,2
2026-02-01,392.7125041430791,234,mlp_corr_top1_rand8,f5,2
2026-03-01,305.1097801244868,234,mlp_corr_top1_rand8,f5,2
2026-04-01,316.8439947580715,234,mlp_corr_top1_rand8,f5,2
2026-05-01,286.27288528290256,234,mlp_corr_top1_rand8,f5,2
2025-04-01,247.88619633020883,234,gbm_corr_top1_2hop_rand8,f5,2
2025-05-01,210.0540243093972,234,gbm_corr_top1_2hop_rand8,f5,2
2025-06-01,329.7985837587494,234,gbm_corr_top1_2hop_rand8,f5,2
2025-07-01,229.35529337422872,234,gbm_corr_top1_2hop_rand8,f5,2
2025-08-01,237.72130557871242,234,gbm_corr_top1_2hop_rand8,f5,2
2025-09-01,242.00568292364275,234,gbm_corr_top1_2hop_rand8,f5,2
2025-10-01,268.9824822238205,234,gbm_corr_top1_2hop_rand8,f5,2
2025-11-01,289.50801152727956,234,gbm_corr_top1_2hop_rand8,f5,2
2025-12-01,264.49768941136443,234,gbm_corr_top1_2hop_rand8,f5,2
2026-01-01,271.52738093175464,234,gbm_corr_top1_2hop_rand8,f5,2
2026-02-01,386.7325638326156,234,gbm_corr_top1_2hop_rand8,f5,2
2026-03-01,296.79897432136505,234,gbm_corr_top1_2hop_rand8,f5,2
2026-04-01,314.1804512389292,234,gbm_corr_top1_2hop_rand8,f5,2
2026-05-01,285.3874512925764,234,gbm_corr_top1_2hop_rand8,f5,2
2025-04-01,253.4604509075564,234,gbm_corr_top1_rand9,f5,2
2025-05-01,208.15524242238698,234,gbm_corr_top1_rand9,f5,2
2025-06-01,335.3325934001408,234,gbm_corr_top1_rand9,f5,2
2025-07-01,229.4325412535016,234,gbm_corr_top1_rand9,f5,2
2025-08-01,239.54448368583266,234,gbm_corr_top1_rand9,f5,2
2025-09-01,242.96356364672042,234,gbm_corr_top1_rand9,f5,2
2025-10-01,267.9039064196552,234,gbm_corr_top1_rand9,f5,2
2025-11-01,285.4619841678676,234,gbm_corr_top1_rand9,f5,2
2025-12-01,258.62090464632263,234,gbm_corr_top1_rand9,f5,2
2026-01-01,265.5205992717817,234,gbm_corr_top1_rand9,f5,2
2026-02-01,388.125544976008,234,gbm_corr_top1_rand9,f5,2
2026-03-01,296.71414140959246,234,gbm_corr_top1_rand9,f5,2
2026-04-01,315.13545834385314,234,gbm_corr_top1_rand9,f5,2
2026-05-01,285.2263825072944,234,gbm_corr_top1_rand9,f5,2
2025-04-01,249.4351760223711,234,mlp_corr_top1_rand9,f5,2
2025-05-01,206.22500476147945,234,mlp_corr_top1_rand9,f5,2
2025-06-01,333.99750402164676,234,mlp_corr_top1_rand9,f5,2
2025-07-01,226.4672049385084,234,mlp_corr_top1_rand9,f5,2
2025-08-01,238.96068527727894,234,mlp_corr_top1_rand9,f5,2
2025-09-01,242.4338747564667,234,mlp_corr_top1_rand9,f5,2
2025-10-01,268.60529156879096,234,mlp_corr_top1_rand9,f5,2
2025-11-01,285.70089115345354,234,mlp_corr_top1_rand9,f5,2
2025-12-01,261.18479976537327,234,mlp_corr_top1_rand9,f5,2
2026-01-01,265.6472875593898,234,mlp_corr_top1_rand9,f5,2
2026-02-01,386.96600530850117,234,mlp_corr_top1_rand9,f5,2
2026-03-01,301.22129020395914,234,mlp_corr_top1_rand9,f5,2
2026-04-01,312.1558066329745,234,mlp_corr_top1_rand9,f5,2
2026-05-01,282.3005609322928,234,mlp_corr_top1_rand9,f5,2
2025-04-01,251.37562018501842,234,gbm_corr_top1_2hop_rand9,f5,2
2025-05-01,207.7282426202192,234,gbm_corr_top1_2hop_rand9,f5,2
2025-06-01,336.71039429132344,234,gbm_corr_top1_2hop_rand9,f5,2
2025-07-01,228.3747072582744,234,gbm_corr_top1_2hop_rand9,f5,2
2025-08-01,240.62302742213438,234,gbm_corr_top1_2hop_rand9,f5,2
2025-09-01,241.06274007852534,234,gbm_corr_top1_2hop_rand9,f5,2
2025-10-01,268.3952095110817,234,gbm_corr_top1_2hop_rand9,f5,2
2025-11-01,287.28823137263277,234,gbm_corr_top1_2hop_rand9,f5,2
2025-12-01,260.471711280358,234,gbm_corr_top1_2hop_rand9,f5,2
2026-01-01,260.76537025074896,234,gbm_corr_top1_2hop_rand9,f5,2
2026-02-01,388.11812141649375,234,gbm_corr_top1_2hop_rand9,f5,2
2026-03-01,296.56018630098026,234,gbm_corr_top1_2hop_rand9,f5,2
2026-04-01,318.2206058566238,234,gbm_corr_top1_2hop_rand9,f5,2
2026-05-01,286.20071211584366,234,gbm_corr_top1_2hop_rand9,f5,2
2025-04-01,247.04251553205017,234,gbm_corr_top1_rand10,f5,2
2025-05-01,207.24290099492194,234,gbm_corr_top1_rand10,f5,2
2025-06-01,335.8529831494707,234,gbm_corr_top1_rand10,f5,2
2025-07-01,227.88894397858735,234,gbm_corr_top1_rand10,f5,2
2025-08-01,244.08567172236988,234,gbm_corr_top1_rand10,f5,2
2025-09-01,245.21123400187133,234,gbm_corr_top1_rand10,f5,2
2025-10-01,274.9577232377214,234,gbm_corr_top1_rand10,f5,2
2025-11-01,285.51161255845386,234,gbm_corr_top1_rand10,f5,2
2025-12-01,263.9244074705856,234,gbm_corr_top1_rand10,f5,2
2026-01-01,269.50691441093437,234,gbm_corr_top1_rand10,f5,2
2026-02-01,393.2301968415418,234,gbm_corr_top1_rand10,f5,2
2026-03-01,297.5824170137409,234,gbm_corr_top1_rand10,f5,2
2026-04-01,315.1231051679057,234,gbm_corr_top1_rand10,f5,2
2026-05-01,291.4963966497416,234,gbm_corr_top1_rand10,f5,2
2025-04-01,251.83288656655432,234,mlp_corr_top1_rand10,f5,2
2025-05-01,210.32948743844955,234,mlp_corr_top1_rand10,f5,2
2025-06-01,337.9152755400508,234,mlp_corr_top1_rand10,f5,2
2025-07-01,229.558039207369,234,mlp_corr_top1_rand10,f5,2
2025-08-01,242.24159688924667,234,mlp_corr_top1_rand10,f5,2
2025-09-01,244.8740760788237,234,mlp_corr_top1_rand10,f5,2
2025-10-01,274.88505502107245,234,mlp_corr_top1_rand10,f5,2
2025-11-01,290.36209716764085,234,mlp_corr_top1_rand10,f5,2
2025-12-01,264.7592556713389,234,mlp_corr_top1_rand10,f5,2
2026-01-01,268.6781181764095,234,mlp_corr_top1_rand10,f5,2
2026-02-01,393.15730245312517,234,mlp_corr_top1_rand10,f5,2
2026-03-01,304.7488408175522,234,mlp_corr_top1_rand10,f5,2
2026-04-01,313.3219506820482,234,mlp_corr_top1_rand10,f5,2
2026-05-01,288.44947321155786,234,mlp_corr_top1_rand10,f5,2
2025-04-01,247.44592128696195,234,gbm_corr_top1_2hop_rand10,f5,2
2025-05-01,208.41192866828285,234,gbm_corr_top1_2hop_rand10,f5,2
2025-06-01,333.96010238315586,234,gbm_corr_top1_2hop_rand10,f5,2
2025-07-01,228.20805136981437,234,gbm_corr_top1_2hop_rand10,f5,2
2025-08-01,242.07930232639615,234,gbm_corr_top1_2hop_rand10,f5,2
2025-09-01,245.73685690351397,234,gbm_corr_top1_2hop_rand10,f5,2
2025-10-01,274.95499242814066,234,gbm_corr_top1_2hop_rand10,f5,2
2025-11-01,284.01327898465036,234,gbm_corr_top1_2hop_rand10,f5,2
2025-12-01,264.2794757923148,234,gbm_corr_top1_2hop_rand10,f5,2
2026-01-01,267.5849914669557,234,gbm_corr_top1_2hop_rand10,f5,2
2026-02-01,393.35866775131734,234,gbm_corr_top1_2hop_rand10,f5,2
2026-03-01,294.2748507402352,234,gbm_corr_top1_2hop_rand10,f5,2
2026-04-01,315.5808548369153,234,gbm_corr_top1_2hop_rand10,f5,2
2026-05-01,292.68779596804126,234,gbm_corr_top1_2hop_rand10,f5,2
2025-04-01,246.19796070123923,234,gbm_corr_top1_rand11,f5,2
2025-05-01,208.95474250504174,234,gbm_corr_top1_rand11,f5,2
2025-06-01,334.4738516596045,234,gbm_corr_top1_rand11,f5,2
2025-07-01,230.2960725074324,234,gbm_corr_top1_rand11,f5,2
2025-08-01,242.82395463780773,234,gbm_corr_top1_rand11,f5,2
2025-09-01,240.7884139791331,234,gbm_corr_top1_rand11,f5,2
2025-10-01,271.38543845007143,234,gbm_corr_top1_rand11,f5,2
2025-11-01,285.88900294122675,234,gbm_corr_top1_rand11,f5,2
2025-12-01,261.20822353201464,234,gbm_corr_top1_rand11,f5,2
2026-01-01,268.039226195131,234,gbm_corr_top1_rand11,f5,2
2026-02-01,390.88605364181694,234,gbm_corr_top1_rand11,f5,2
2026-03-01,300.82409514546754,234,gbm_corr_top1_rand11,f5,2
2026-04-01,315.4113304246943,234,gbm_corr_top1_rand11,f5,2
2026-05-01,280.0138136777757,234,gbm_corr_top1_rand11,f5,2
2025-04-01,248.51560956964406,234,mlp_corr_top1_rand11,f5,2
2025-05-01,204.76491530217828,234,mlp_corr_top1_rand11,f5,2
2025-06-01,333.89831918727776,234,mlp_corr_top1_rand11,f5,2
2025-07-01,228.12724167380995,234,mlp_corr_top1_rand11,f5,2
2025-08-01,244.45387110787715,234,mlp_corr_top1_rand11,f5,2
2025-09-01,245.1789218790476,234,mlp_corr_top1_rand11,f5,2
2025-10-01,269.9025342868281,234,mlp_corr_top1_rand11,f5,2
2025-11-01,288.57045245481714,234,mlp_corr_top1_rand11,f5,2
2025-12-01,266.6694442034599,234,mlp_corr_top1_rand11,f5,2
2026-01-01,268.1249666408154,234,mlp_corr_top1_rand11,f5,2
2026-02-01,389.1308107009939,234,mlp_corr_top1_rand11,f5,2
2026-03-01,300.0315964005303,234,mlp_corr_top1_rand11,f5,2
2026-04-01,312.94359174097895,234,mlp_corr_top1_rand11,f5,2
2026-05-01,283.3219689749909,234,mlp_corr_top1_rand11,f5,2
2025-04-01,247.04042908699853,234,gbm_corr_top1_2hop_rand11,f5,2
2025-05-01,207.8375440336832,234,gbm_corr_top1_2hop_rand11,f5,2
2025-06-01,332.52060050683696,234,gbm_corr_top1_2hop_rand11,f5,2
2025-07-01,231.20365676560982,234,gbm_corr_top1_2hop_rand11,f5,2
2025-08-01,240.26136221902124,234,gbm_corr_top1_2hop_rand11,f5,2
2025-09-01,242.46051248327188,234,gbm_corr_top1_2hop_rand11,f5,2
2025-10-01,268.9199829759659,234,gbm_corr_top1_2hop_rand11,f5,2
2025-11-01,286.51158434993926,234,gbm_corr_top1_2hop_rand11,f5,2
2025-12-01,262.3648961729424,234,gbm_corr_top1_2hop_rand11,f5,2
2026-01-01,267.7381162455682,234,gbm_corr_top1_2hop_rand11,f5,2
2026-02-01,394.42961347923307,234,gbm_corr_top1_2hop_rand11,f5,2
2026-03-01,304.5979172708259,234,gbm_corr_top1_2hop_rand11,f5,2
2026-04-01,311.6366397799917,234,gbm_corr_top1_2hop_rand11,f5,2
2026-05-01,283.40314024583245,234,gbm_corr_top1_2hop_rand11,f5,2
2025-04-01,251.62313394911695,234,gbm_corr_top1_rand12,f5,2
2025-05-01,205.06061414183046,234,gbm_corr_top1_rand12,f5,2
2025-06-01,334.0481612469909,234,gbm_corr_top1_rand12,f5,2
2025-07-01,225.2864090124713,234,gbm_corr_top1_rand12,f5,2
2025-08-01,237.81171029434893,234,gbm_corr_top1_rand12,f5,2
2025-09-01,240.84843229596294,234,gbm_corr_top1_rand12,f5,2
2025-10-01,271.02245567779767,234,gbm_corr_top1_rand12,f5,2
2025-11-01,286.55908715755226,234,gbm_corr_top1_rand12,f5,2
2025-12-01,259.88580292340384,234,gbm_corr_top1_rand12,f5,2
2026-01-01,268.0408987501192,234,gbm_corr_top1_rand12,f5,2
2026-02-01,391.48930934509235,234,gbm_corr_top1_rand12,f5,2
2026-03-01,303.39398593442803,234,gbm_corr_top1_rand12,f5,2
2026-04-01,318.57266462022227,234,gbm_corr_top1_rand12,f5,2
2026-05-01,288.73760820584073,234,gbm_corr_top1_rand12,f5,2
2025-04-01,248.88678844671887,234,mlp_corr_top1_rand12,f5,2
2025-05-01,205.84819446092823,234,mlp_corr_top1_rand12,f5,2
2025-06-01,333.6546358335921,234,mlp_corr_top1_rand12,f5,2
2025-07-01,226.19369295245738,234,mlp_corr_top1_rand12,f5,2
2025-08-01,238.82419595445768,234,mlp_corr_top1_rand12,f5,2
2025-09-01,241.19960057185693,234,mlp_corr_top1_rand12,f5,2
2025-10-01,269.1629364951284,234,mlp_corr_top1_rand12,f5,2
2025-11-01,284.73280338252056,234,mlp_corr_top1_rand12,f5,2
2025-12-01,260.17910538763425,234,mlp_corr_top1_rand12,f5,2
2026-01-01,267.46286499170657,234,mlp_corr_top1_rand12,f5,2
2026-02-01,387.9336961252872,234,mlp_corr_top1_rand12,f5,2
2026-03-01,301.0041457725085,234,mlp_corr_top1_rand12,f5,2
2026-04-01,314.61173374840814,234,mlp_corr_top1_rand12,f5,2
2026-05-01,282.86572897538656,234,mlp_corr_top1_rand12,f5,2
2025-04-01,253.85624792184217,234,gbm_corr_top1_2hop_rand12,f5,2
2025-05-01,206.09142628670153,234,gbm_corr_top1_2hop_rand12,f5,2
2025-06-01,334.7773750229963,234,gbm_corr_top1_2hop_rand12,f5,2
2025-07-01,225.1147180111376,234,gbm_corr_top1_2hop_rand12,f5,2
2025-08-01,238.01388677307799,234,gbm_corr_top1_2hop_rand12,f5,2
2025-09-01,242.55937917250884,234,gbm_corr_top1_2hop_rand12,f5,2
2025-10-01,270.5079628859388,234,gbm_corr_top1_2hop_rand12,f5,2
2025-11-01,285.4277935494325,234,gbm_corr_top1_2hop_rand12,f5,2
2025-12-01,263.3664364880532,234,gbm_corr_top1_2hop_rand12,f5,2
2026-01-01,268.05570584570245,234,gbm_corr_top1_2hop_rand12,f5,2
2026-02-01,394.7270635481367,234,gbm_corr_top1_2hop_rand12,f5,2
2026-03-01,304.1738146343455,234,gbm_corr_top1_2hop_rand12,f5,2
2026-04-01,320.3140562645292,234,gbm_corr_top1_2hop_rand12,f5,2
2026-05-01,288.10434696518206,234,gbm_corr_top1_2hop_rand12,f5,2
2025-04-01,250.53031606823737,234,gbm_corr_top1_rand13,f5,2
2025-05-01,209.3963738923783,234,gbm_corr_top1_rand13,f5,2
2025-06-01,337.10336766566445,234,gbm_corr_top1_rand13,f5,2
2025-07-01,229.0982966643381,234,gbm_corr_top1_rand13,f5,2
2025-08-01,240.56786004126621,234,gbm_corr_top1_rand13,f5,2
2025-09-01,242.59262929102184,234,gbm_corr_top1_rand13,f5,2
2025-10-01,266.5141238796433,234,gbm_corr_top1_rand13,f5,2
2025-11-01,287.61287043370874,234,gbm_corr_top1_rand13,f5,2
2025-12-01,259.0645666134661,234,gbm_corr_top1_rand13,f5,2
2026-01-01,266.96210990896645,234,gbm_corr_top1_rand13,f5,2
2026-02-01,388.44280506655167,234,gbm_corr_top1_rand13,f5,2
2026-03-01,301.60485671488635,234,gbm_corr_top1_rand13,f5,2
2026-04-01,315.11341114954814,234,gbm_corr_top1_rand13,f5,2
2026-05-01,284.0654687757352,234,gbm_corr_top1_rand13,f5,2
2025-04-01,251.45648876192047,234,mlp_corr_top1_rand13,f5,2
2025-05-01,207.35883379978628,234,mlp_corr_top1_rand13,f5,2
2025-06-01,334.99202314564286,234,mlp_corr_top1_rand13,f5,2
2025-07-01,228.16442270939822,234,mlp_corr_top1_rand13,f5,2
2025-08-01,240.99668209199257,234,mlp_corr_top1_rand13,f5,2
2025-09-01,245.68781627184507,234,mlp_corr_top1_rand13,f5,2
2025-10-01,270.5464701064561,234,mlp_corr_top1_rand13,f5,2
2025-11-01,288.3087097071123,234,mlp_corr_top1_rand13,f5,2
2025-12-01,264.3935819249209,234,mlp_corr_top1_rand13,f5,2
2026-01-01,267.5574661214294,234,mlp_corr_top1_rand13,f5,2
2026-02-01,390.44926650784714,234,mlp_corr_top1_rand13,f5,2
2026-03-01,303.25403635749706,234,mlp_corr_top1_rand13,f5,2
2026-04-01,310.95593204498005,234,mlp_corr_top1_rand13,f5,2
2026-05-01,281.73081859596834,234,mlp_corr_top1_rand13,f5,2
2025-04-01,251.0995367228184,234,gbm_corr_top1_2hop_rand13,f5,2
2025-05-01,207.57782861253295,234,gbm_corr_top1_2hop_rand13,f5,2
2025-06-01,336.5522811769534,234,gbm_corr_top1_2hop_rand13,f5,2
2025-07-01,230.9382781859732,234,gbm_corr_top1_2hop_rand13,f5,2
2025-08-01,240.51347629186364,234,gbm_corr_top1_2hop_rand13,f5,2
2025-09-01,240.9307695444447,234,gbm_corr_top1_2hop_rand13,f5,2
2025-10-01,266.5649736773856,234,gbm_corr_top1_2hop_rand13,f5,2
2025-11-01,288.58433437484035,234,gbm_corr_top1_2hop_rand13,f5,2
2025-12-01,265.816095969098,234,gbm_corr_top1_2hop_rand13,f5,2
2026-01-01,267.62501216673957,234,gbm_corr_top1_2hop_rand13,f5,2
2026-02-01,390.34475404653034,234,gbm_corr_top1_2hop_rand13,f5,2
2026-03-01,299.04992516602414,234,gbm_corr_top1_2hop_rand13,f5,2
2026-04-01,315.1310074394955,234,gbm_corr_top1_2hop_rand13,f5,2
2026-05-01,287.16871984257745,234,gbm_corr_top1_2hop_rand13,f5,2
2025-04-01,250.81442732510763,234,gbm_corr_top1_rand14,f5,2
2025-05-01,209.24293276983263,234,gbm_corr_top1_rand14,f5,2
2025-06-01,336.2681592693581,234,gbm_corr_top1_rand14,f5,2
2025-07-01,225.87281714124197,234,gbm_corr_top1_rand14,f5,2
2025-08-01,237.74035079477667,234,gbm_corr_top1_rand14,f5,2
2025-09-01,245.8712674101466,234,gbm_corr_top1_rand14,f5,2
2025-10-01,268.89641931717506,234,gbm_corr_top1_rand14,f5,2
2025-11-01,290.39542981618763,234,gbm_corr_top1_rand14,f5,2
2025-12-01,260.5756307855403,234,gbm_corr_top1_rand14,f5,2
2026-01-01,265.57672543055236,234,gbm_corr_top1_rand14,f5,2
2026-02-01,388.89087689013246,234,gbm_corr_top1_rand14,f5,2
2026-03-01,297.7776881428481,234,gbm_corr_top1_rand14,f5,2
2026-04-01,313.8808504136794,234,gbm_corr_top1_rand14,f5,2
2026-05-01,280.56000193264117,234,gbm_corr_top1_rand14,f5,2
2025-04-01,250.46109333301243,234,mlp_corr_top1_rand14,f5,2
2025-05-01,208.10176596351016,234,mlp_corr_top1_rand14,f5,2
2025-06-01,334.0021541388354,234,mlp_corr_top1_rand14,f5,2
2025-07-01,226.49751728670114,234,mlp_corr_top1_rand14,f5,2
2025-08-01,240.26887678969487,234,mlp_corr_top1_rand14,f5,2
2025-09-01,241.57348948131136,234,mlp_corr_top1_rand14,f5,2
2025-10-01,270.6164219628218,234,mlp_corr_top1_rand14,f5,2
2025-11-01,286.5509609863119,234,mlp_corr_top1_rand14,f5,2
2025-12-01,260.3976183503679,234,mlp_corr_top1_rand14,f5,2
2026-01-01,267.50713514722037,234,mlp_corr_top1_rand14,f5,2
2026-02-01,387.2062362171108,234,mlp_corr_top1_rand14,f5,2
2026-03-01,298.84453296940137,234,mlp_corr_top1_rand14,f5,2
2026-04-01,311.2156458967831,234,mlp_corr_top1_rand14,f5,2
2026-05-01,283.5211567106906,234,mlp_corr_top1_rand14,f5,2
2025-04-01,252.38866701950477,234,gbm_corr_top1_2hop_rand14,f5,2
2025-05-01,207.36496118763824,234,gbm_corr_top1_2hop_rand14,f5,2
2025-06-01,335.61347966651425,234,gbm_corr_top1_2hop_rand14,f5,2
2025-07-01,227.57093357464407,234,gbm_corr_top1_2hop_rand14,f5,2
2025-08-01,240.0975503572273,234,gbm_corr_top1_2hop_rand14,f5,2
2025-09-01,247.53043763983854,234,gbm_corr_top1_2hop_rand14,f5,2
2025-10-01,271.10535871147266,234,gbm_corr_top1_2hop_rand14,f5,2
2025-11-01,287.54320364101983,234,gbm_corr_top1_2hop_rand14,f5,2
2025-12-01,266.95597988110404,234,gbm_corr_top1_2hop_rand14,f5,2
2026-01-01,268.2996240924194,234,gbm_corr_top1_2hop_rand14,f5,2
2026-02-01,387.5844768066368,234,gbm_corr_top1_2hop_rand14,f5,2
2026-03-01,300.89295392478664,234,gbm_corr_top1_2hop_rand14,f5,2
2026-04-01,320.7503417941035,234,gbm_corr_top1_2hop_rand14,f5,2
2026-05-01,280.2308380630622,234,gbm_corr_top1_2hop_rand14,f5,2
2025-04-01,251.10310210851986,234,gbm_corr_top1_rand15,f5,2
2025-05-01,207.01632091800712,234,gbm_corr_top1_rand15,f5,2
2025-06-01,334.94936803591884,234,gbm_corr_top1_rand15,f5,2
2025-07-01,226.45000332440907,234,gbm_corr_top1_rand15,f5,2
2025-08-01,239.41139205222197,234,gbm_corr_top1_rand15,f5,2
2025-09-01,241.76127565349,234,gbm_corr_top1_rand15,f5,2
2025-10-01,270.2317280962747,234,gbm_corr_top1_rand15,f5,2
2025-11-01,290.28749577170754,234,gbm_corr_top1_rand15,f5,2
2025-12-01,262.8952947388823,234,gbm_corr_top1_rand15,f5,2
2026-01-01,263.4391473955491,234,gbm_corr_top1_rand15,f5,2
2026-02-01,393.9763173924332,234,gbm_corr_top1_rand15,f5,2
2026-03-01,301.63408606788704,234,gbm_corr_top1_rand15,f5,2
2026-04-01,320.92962941583437,234,gbm_corr_top1_rand15,f5,2
2026-05-01,287.4431362685098,234,gbm_corr_top1_rand15,f5,2
2025-04-01,248.51559508621304,234,mlp_corr_top1_rand15,f5,2
2025-05-01,209.8798896944736,234,mlp_corr_top1_rand15,f5,2
2025-06-01,335.85792989019035,234,mlp_corr_top1_rand15,f5,2
2025-07-01,228.33134214169488,234,mlp_corr_top1_rand15,f5,2
2025-08-01,239.01066857232945,234,mlp_corr_top1_rand15,f5,2
2025-09-01,240.27092014661574,234,mlp_corr_top1_rand15,f5,2
2025-10-01,270.26668499663475,234,mlp_corr_top1_rand15,f5,2
2025-11-01,288.3446549506187,234,mlp_corr_top1_rand15,f5,2
2025-12-01,261.52723038359136,234,mlp_corr_top1_rand15,f5,2
2026-01-01,269.53121036048066,234,mlp_corr_top1_rand15,f5,2
2026-02-01,389.61024970384,234,mlp_corr_top1_rand15,f5,2
2026-03-01,300.573211989772,234,mlp_corr_top1_rand15,f5,2
2026-04-01,317.9940368143542,234,mlp_corr_top1_rand15,f5,2
2026-05-01,287.66350741014276,234,mlp_corr_top1_rand15,f5,2
2025-04-01,254.265307697004,234,gbm_corr_top1_2hop_rand15,f5,2
2025-05-01,208.2530802192913,234,gbm_corr_top1_2hop_rand15,f5,2
2025-06-01,333.1325780712166,234,gbm_corr_top1_2hop_rand15,f5,2
2025-07-01,225.26267009770424,234,gbm_corr_top1_2hop_rand15,f5,2
2025-08-01,241.75515754503172,234,gbm_corr_top1_2hop_rand15,f5,2
2025-09-01,242.1038749590578,234,gbm_corr_top1_2hop_rand15,f5,2
2025-10-01,272.1477392916818,234,gbm_corr_top1_2hop_rand15,f5,2
2025-11-01,287.32753730105355,234,gbm_corr_top1_2hop_rand15,f5,2
2025-12-01,263.3471320025092,234,gbm_corr_top1_2hop_rand15,f5,2
2026-01-01,266.2194613055113,234,gbm_corr_top1_2hop_rand15,f5,2
2026-02-01,390.32707505266484,234,gbm_corr_top1_2hop_rand15,f5,2
2026-03-01,302.8291038874222,234,gbm_corr_top1_2hop_rand15,f5,2
2026-04-01,320.25516009667473,234,gbm_corr_top1_2hop_rand15,f5,2
2026-05-01,287.8452140605526,234,gbm_corr_top1_2hop_rand15,f5,2
2025-04-01,253.10011069530148,234,gbm_corr_top1_rand16,f5,2
2025-05-01,208.27623018841015,234,gbm_corr_top1_rand16,f5,2
2025-06-01,334.86116991398234,234,gbm_corr_top1_rand16,f5,2
2025-07-01,224.26009873960155,234,gbm_corr_top1_rand16,f5,2
2025-08-01,240.90277312151463,234,gbm_corr_top1_rand16,f5,2
2025-09-01,240.63782717286063,234,gbm_corr_top1_rand16,f5,2
2025-10-01,275.21326974278264,234,gbm_corr_top1_rand16,f5,2
2025-11-01,287.2842013311695,234,gbm_corr_top1_rand16,f5,2
2025-12-01,259.25539750978334,234,gbm_corr_top1_rand16,f5,2
2026-01-01,266.09961760949744,234,gbm_corr_top1_rand16,f5,2
2026-02-01,389.98370226166054,234,gbm_corr_top1_rand16,f5,2
2026-03-01,298.59374936248975,234,gbm_corr_top1_rand16,f5,2
2026-04-01,318.646303350912,234,gbm_corr_top1_rand16,f5,2
2026-05-01,287.5372980013491,234,gbm_corr_top1_rand16,f5,2
2025-04-01,249.64885582993966,234,mlp_corr_top1_rand16,f5,2
2025-05-01,207.17770220023488,234,mlp_corr_top1_rand16,f5,2
2025-06-01,335.2080670124351,234,mlp_corr_top1_rand16,f5,2
2025-07-01,226.74047995280569,234,mlp_corr_top1_rand16,f5,2
2025-08-01,239.16217672778558,234,mlp_corr_top1_rand16,f5,2
2025-09-01,242.42711325353153,234,mlp_corr_top1_rand16,f5,2
2025-10-01,269.85004814613524,234,mlp_corr_top1_rand16,f5,2
2025-11-01,287.06452191143205,234,mlp_corr_top1_rand16,f5,2
2025-12-01,260.944877209539,234,mlp_corr_top1_rand16,f5,2
2026-01-01,267.3440764990865,234,mlp_corr_top1_rand16,f5,2
2026-02-01,390.2444631216169,234,mlp_corr_top1_rand16,f5,2
2026-03-01,306.71665097821415,234,mlp_corr_top1_rand16,f5,2
2026-04-01,319.19231972176453,234,mlp_corr_top1_rand16,f5,2
2026-05-01,290.97863979762366,234,mlp_corr_top1_rand16,f5,2
2025-04-01,252.57596234503512,234,gbm_corr_top1_2hop_rand16,f5,2
2025-05-01,208.09741191142743,234,gbm_corr_top1_2hop_rand16,f5,2
2025-06-01,334.14890727411233,234,gbm_corr_top1_2hop_rand16,f5,2
2025-07-01,226.82751750352892,234,gbm_corr_top1_2hop_rand16,f5,2
2025-08-01,241.0791423497245,234,gbm_corr_top1_2hop_rand16,f5,2
2025-09-01,241.35768100788871,234,gbm_corr_top1_2hop_rand16,f5,2
2025-10-01,274.32105016221044,234,gbm_corr_top1_2hop_rand16,f5,2
2025-11-01,290.1830815456238,234,gbm_corr_top1_2hop_rand16,f5,2
2025-12-01,263.76444360157967,234,gbm_corr_top1_2hop_rand16,f5,2
2026-01-01,263.4819893895578,234,gbm_corr_top1_2hop_rand16,f5,2
2026-02-01,390.77740885779644,234,gbm_corr_top1_2hop_rand16,f5,2
2026-03-01,296.82127009935414,234,gbm_corr_top1_2hop_rand16,f5,2
2026-04-01,318.85616403326065,234,gbm_corr_top1_2hop_rand16,f5,2
2026-05-01,290.1490718798271,234,gbm_corr_top1_2hop_rand16,f5,2
2025-04-01,246.9115773840631,234,gbm_corr_top1_rand17,f5,2
2025-05-01,209.65769577028837,234,gbm_corr_top1_rand17,f5,2
2025-06-01,339.46716751558955,234,gbm_corr_top1_rand17,f5,2
2025-07-01,227.81159480313414,234,gbm_corr_top1_rand17,f5,2
2025-08-01,239.86411345371226,234,gbm_corr_top1_rand17,f5,2
2025-09-01,243.29061465659456,234,gbm_corr_top1_rand17,f5,2
2025-10-01,271.84312031335503,234,gbm_corr_top1_rand17,f5,2
2025-11-01,292.6185473230602,234,gbm_corr_top1_rand17,f5,2
2025-12-01,261.78582593509384,234,gbm_corr_top1_rand17,f5,2
2026-01-01,268.18479228377026,234,gbm_corr_top1_rand17,f5,2
2026-02-01,391.1994064316926,234,gbm_corr_top1_rand17,f5,2
2026-03-01,296.18012628753826,234,gbm_corr_top1_rand17,f5,2
2026-04-01,315.04879843397754,234,gbm_corr_top1_rand17,f5,2
2026-05-01,277.48640401542156,234,gbm_corr_top1_rand17,f5,2
2025-04-01,249.5481823066267,234,mlp_corr_top1_rand17,f5,2
2025-05-01,205.58566721650618,234,mlp_corr_top1_rand17,f5,2
2025-06-01,337.2535993886065,234,mlp_corr_top1_rand17,f5,2
2025-07-01,227.72273801813142,234,mlp_corr_top1_rand17,f5,2
2025-08-01,240.38006451233318,234,mlp_corr_top1_rand17,f5,2
2025-09-01,245.70817951837785,234,mlp_corr_top1_rand17,f5,2
2025-10-01,270.875384062897,234,mlp_corr_top1_rand17,f5,2
2025-11-01,289.62886814518305,234,mlp_corr_top1_rand17,f5,2
2025-12-01,265.87311948864345,234,mlp_corr_top1_rand17,f5,2
2026-01-01,267.4564040392966,234,mlp_corr_top1_rand17,f5,2
2026-02-01,392.54003571636764,234,mlp_corr_top1_rand17,f5,2
2026-03-01,301.09347544719486,234,mlp_corr_top1_rand17,f5,2
2026-04-01,311.2715852909198,234,mlp_corr_top1_rand17,f5,2
2026-05-01,282.8023735228132,234,mlp_corr_top1_rand17,f5,2
2025-04-01,247.7284585843937,234,gbm_corr_top1_2hop_rand17,f5,2
2025-05-01,208.2004207380153,234,gbm_corr_top1_2hop_rand17,f5,2
2025-06-01,336.46233122210265,234,gbm_corr_top1_2hop_rand17,f5,2
2025-07-01,227.4834534235394,234,gbm_corr_top1_2hop_rand17,f5,2
2025-08-01,239.625658135051,234,gbm_corr_top1_2hop_rand17,f5,2
2025-09-01,241.56513954607968,234,gbm_corr_top1_2hop_rand17,f5,2
2025-10-01,275.7351085630752,234,gbm_corr_top1_2hop_rand17,f5,2
2025-11-01,290.10247477090564,234,gbm_corr_top1_2hop_rand17,f5,2
2025-12-01,260.95429798252536,234,gbm_corr_top1_2hop_rand17,f5,2
2026-01-01,270.45550177342835,234,gbm_corr_top1_2hop_rand17,f5,2
2026-02-01,388.75909138874164,234,gbm_corr_top1_2hop_rand17,f5,2
2026-03-01,294.6056448094936,234,gbm_corr_top1_2hop_rand17,f5,2
2026-04-01,314.1428871931188,234,gbm_corr_top1_2hop_rand17,f5,2
2026-05-01,279.73860924196725,234,gbm_corr_top1_2hop_rand17,f5,2
2025-04-01,253.30097633672793,234,gbm_corr_top1_rand18,f5,2
2025-05-01,208.34777003817823,234,gbm_corr_top1_rand18,f5,2
2025-06-01,337.27787336828834,234,gbm_corr_top1_rand18,f5,2
2025-07-01,231.10497152868393,234,gbm_corr_top1_rand18,f5,2
2025-08-01,237.17746709659986,234,gbm_corr_top1_rand18,f5,2
2025-09-01,246.30612024067534,234,gbm_corr_top1_rand18,f5,2
2025-10-01,274.4220457521135,234,gbm_corr_top1_rand18,f5,2
2025-11-01,286.0276678128094,234,gbm_corr_top1_rand18,f5,2
2025-12-01,258.2012825383859,234,gbm_corr_top1_rand18,f5,2
2026-01-01,262.6162475664438,234,gbm_corr_top1_rand18,f5,2
2026-02-01,385.96570427988144,234,gbm_corr_top1_rand18,f5,2
2026-03-01,296.8173831734193,234,gbm_corr_top1_rand18,f5,2
2026-04-01,311.79267057797495,234,gbm_corr_top1_rand18,f5,2
2026-05-01,280.73235368557727,234,gbm_corr_top1_rand18,f5,2
2025-04-01,251.5797077495071,234,mlp_corr_top1_rand18,f5,2
2025-05-01,206.43154769172355,234,mlp_corr_top1_rand18,f5,2
2025-06-01,335.31072457139703,234,mlp_corr_top1_rand18,f5,2
2025-07-01,227.54594527828195,234,mlp_corr_top1_rand18,f5,2
2025-08-01,238.35048609955302,234,mlp_corr_top1_rand18,f5,2
2025-09-01,242.75652393934675,234,mlp_corr_top1_rand18,f5,2
2025-10-01,270.2670951332075,234,mlp_corr_top1_rand18,f5,2
2025-11-01,285.52808830958304,234,mlp_corr_top1_rand18,f5,2
2025-12-01,258.5471416999011,234,mlp_corr_top1_rand18,f5,2
2026-01-01,263.4314805613084,234,mlp_corr_top1_rand18,f5,2
2026-02-01,387.5102609896515,234,mlp_corr_top1_rand18,f5,2
2026-03-01,298.4897932000163,234,mlp_corr_top1_rand18,f5,2
2026-04-01,312.58003802006766,234,mlp_corr_top1_rand18,f5,2
2026-05-01,279.2325721714123,234,mlp_corr_top1_rand18,f5,2
2025-04-01,252.94763150772818,234,gbm_corr_top1_2hop_rand18,f5,2
2025-05-01,207.109479435158,234,gbm_corr_top1_2hop_rand18,f5,2
2025-06-01,333.66159071673263,234,gbm_corr_top1_2hop_rand18,f5,2
2025-07-01,228.6698924066375,234,gbm_corr_top1_2hop_rand18,f5,2
2025-08-01,236.26171415798987,234,gbm_corr_top1_2hop_rand18,f5,2
2025-09-01,244.5106100079461,234,gbm_corr_top1_2hop_rand18,f5,2
2025-10-01,271.53460003125605,234,gbm_corr_top1_2hop_rand18,f5,2
2025-11-01,286.88500893598325,234,gbm_corr_top1_2hop_rand18,f5,2
2025-12-01,257.559644583168,234,gbm_corr_top1_2hop_rand18,f5,2
2026-01-01,263.27335713873424,234,gbm_corr_top1_2hop_rand18,f5,2
2026-02-01,386.4457821150654,234,gbm_corr_top1_2hop_rand18,f5,2
2026-03-01,297.03208628767396,234,gbm_corr_top1_2hop_rand18,f5,2
2026-04-01,311.5951442302157,234,gbm_corr_top1_2hop_rand18,f5,2
2026-05-01,283.9073531848063,234,gbm_corr_top1_2hop_rand18,f5,2
2025-04-01,246.69581169421184,234,gbm_corr_top1_rand19,f5,2
2025-05-01,208.906733969683,234,gbm_corr_top1_rand19,f5,2
2025-06-01,337.41266952478867,234,gbm_corr_top1_rand19,f5,2
2025-07-01,229.78425220984573,234,gbm_corr_top1_rand19,f5,2
2025-08-01,238.45845039218818,234,gbm_corr_top1_rand19,f5,2
2025-09-01,243.51016729339187,234,gbm_corr_top1_rand19,f5,2
2025-10-01,269.6263752814525,234,gbm_corr_top1_rand19,f5,2
2025-11-01,290.75907477818174,234,gbm_corr_top1_rand19,f5,2
2025-12-01,263.5077284009642,234,gbm_corr_top1_rand19,f5,2
2026-01-01,265.82887409664517,234,gbm_corr_top1_rand19,f5,2
2026-02-01,390.04787998172463,234,gbm_corr_top1_rand19,f5,2
2026-03-01,297.17264239006875,234,gbm_corr_top1_rand19,f5,2
2026-04-01,313.80256167870056,234,gbm_corr_top1_rand19,f5,2
2026-05-01,285.8694472392561,234,gbm_corr_top1_rand19,f5,2
2025-04-01,251.31620726697366,234,mlp_corr_top1_rand19,f5,2
2025-05-01,209.4678108023899,234,mlp_corr_top1_rand19,f5,2
2025-06-01,338.2955875070285,234,mlp_corr_top1_rand19,f5,2
2025-07-01,226.9704074226823,234,mlp_corr_top1_rand19,f5,2
2025-08-01,238.02216062160446,234,mlp_corr_top1_rand19,f5,2
2025-09-01,245.4338183763352,234,mlp_corr_top1_rand19,f5,2
2025-10-01,271.3135849891706,234,mlp_corr_top1_rand19,f5,2
2025-11-01,289.2459237864658,234,mlp_corr_top1_rand19,f5,2
2025-12-01,263.6582969841023,234,mlp_corr_top1_rand19,f5,2
2026-01-01,266.45015518315563,234,mlp_corr_top1_rand19,f5,2
2026-02-01,388.89911607978553,234,mlp_corr_top1_rand19,f5,2
2026-03-01,301.9482212779989,234,mlp_corr_top1_rand19,f5,2
2026-04-01,311.4747068117359,234,mlp_corr_top1_rand19,f5,2
2026-05-01,285.54659899189176,234,mlp_corr_top1_rand19,f5,2
2025-04-01,246.8200432186749,234,gbm_corr_top1_2hop_rand19,f5,2
2025-05-01,208.37867889321046,234,gbm_corr_top1_2hop_rand19,f5,2
2025-06-01,334.4541639289811,234,gbm_corr_top1_2hop_rand19,f5,2
2025-07-01,228.36723996756913,234,gbm_corr_top1_2hop_rand19,f5,2
2025-08-01,239.79838385502012,234,gbm_corr_top1_2hop_rand19,f5,2
2025-09-01,243.16860261239023,234,gbm_corr_top1_2hop_rand19,f5,2
2025-10-01,269.51235090775697,234,gbm_corr_top1_2hop_rand19,f5,2
2025-11-01,293.59543644556004,234,gbm_corr_top1_2hop_rand19,f5,2
2025-12-01,265.9713099976389,234,gbm_corr_top1_2hop_rand19,f5,2
2026-01-01,264.971812579371,234,gbm_corr_top1_2hop_rand19,f5,2
2026-02-01,391.8737990259683,234,gbm_corr_top1_2hop_rand19,f5,2
2026-03-01,299.50833612181503,234,gbm_corr_top1_2hop_rand19,f5,2
2026-04-01,315.5775186038753,234,gbm_corr_top1_2hop_rand19,f5,2
2026-05-01,288.5448207981198,234,gbm_corr_top1_2hop_rand19,f5,2
2025-05-01,243.81402784234962,234,gbm_corr_top1_rand0,f5,3
2025-06-01,388.882927458209,234,gbm_corr_top1_rand0,f5,3
2025-07-01,253.00559566124053,234,gbm_corr_top1_rand0,f5,3
2025-08-01,271.4064511871021,234,gbm_corr_top1_rand0,f5,3
2025-09-01,246.52043647999193,234,gbm_corr_top1_rand0,f5,3
2025-10-01,284.5881914848262,234,gbm_corr_top1_rand0,f5,3
2025-11-01,327.0322165421853,234,gbm_corr_top1_rand0,f5,3
2025-12-01,280.0028006988327,234,gbm_corr_top1_rand0,f5,3
2026-01-01,297.17487669655856,234,gbm_corr_top1_rand0,f5,3
2026-02-01,405.97397811686545,234,gbm_corr_top1_rand0,f5,3
2026-03-01,350.65097417937585,234,gbm_corr_top1_rand0,f5,3
2026-04-01,328.1393153221405,234,gbm_corr_top1_rand0,f5,3
2026-05-01,340.83588120268587,234,gbm_corr_top1_rand0,f5,3
2025-05-01,243.48951897989414,234,mlp_corr_top1_rand0,f5,3
2025-06-01,388.21317924545974,234,mlp_corr_top1_rand0,f5,3
2025-07-01,257.3891816262271,234,mlp_corr_top1_rand0,f5,3
2025-08-01,272.66332416497636,234,mlp_corr_top1_rand0,f5,3
2025-09-01,246.70662224647108,234,mlp_corr_top1_rand0,f5,3
2025-10-01,287.50972965948546,234,mlp_corr_top1_rand0,f5,3
2025-11-01,333.61397664203406,234,mlp_corr_top1_rand0,f5,3
2025-12-01,281.22049831713196,234,mlp_corr_top1_rand0,f5,3
2026-01-01,294.7002796220388,234,mlp_corr_top1_rand0,f5,3
2026-02-01,405.18891235734725,234,mlp_corr_top1_rand0,f5,3
2026-03-01,351.2747521107008,234,mlp_corr_top1_rand0,f5,3
2026-04-01,330.39060568986855,234,mlp_corr_top1_rand0,f5,3
2026-05-01,345.2193614916598,234,mlp_corr_top1_rand0,f5,3
2025-05-01,241.30449558634695,234,gbm_corr_top1_2hop_rand0,f5,3
2025-06-01,387.85193330609883,234,gbm_corr_top1_2hop_rand0,f5,3
2025-07-01,253.19590334143786,234,gbm_corr_top1_2hop_rand0,f5,3
2025-08-01,272.8547508357533,234,gbm_corr_top1_2hop_rand0,f5,3
2025-09-01,236.61026826383943,234,gbm_corr_top1_2hop_rand0,f5,3
2025-10-01,285.4894742635502,234,gbm_corr_top1_2hop_rand0,f5,3
2025-11-01,327.88965316384343,234,gbm_corr_top1_2hop_rand0,f5,3
2025-12-01,276.2553792113198,234,gbm_corr_top1_2hop_rand0,f5,3
2026-01-01,299.1409421766989,234,gbm_corr_top1_2hop_rand0,f5,3
2026-02-01,407.4692522504129,234,gbm_corr_top1_2hop_rand0,f5,3
2026-03-01,355.7855657538976,234,gbm_corr_top1_2hop_rand0,f5,3
2026-04-01,329.0532575322282,234,gbm_corr_top1_2hop_rand0,f5,3
2026-05-01,342.995344861031,234,gbm_corr_top1_2hop_rand0,f5,3
2025-05-01,244.81653487231927,234,gbm_corr_top1_rand1,f5,3
2025-06-01,390.97752490751816,234,gbm_corr_top1_rand1,f5,3
2025-07-01,256.7602559165469,234,gbm_corr_top1_rand1,f5,3
2025-08-01,270.75012288059,234,gbm_corr_top1_rand1,f5,3
2025-09-01,243.05288171363884,234,gbm_corr_top1_rand1,f5,3
2025-10-01,288.8156501271528,234,gbm_corr_top1_rand1,f5,3
2025-11-01,328.93601157659896,234,gbm_corr_top1_rand1,f5,3
2025-12-01,279.62340956655765,234,gbm_corr_top1_rand1,f5,3
2026-01-01,295.15446704373124,234,gbm_corr_top1_rand1,f5,3
2026-02-01,402.47860076684043,234,gbm_corr_top1_rand1,f5,3
2026-03-01,351.1197240985233,234,gbm_corr_top1_rand1,f5,3
2026-04-01,320.0450401649429,234,gbm_corr_top1_rand1,f5,3
2026-05-01,344.5040006931604,234,gbm_corr_top1_rand1,f5,3
2025-05-01,240.57928602001178,234,mlp_corr_top1_rand1,f5,3
2025-06-01,385.00182433985935,234,mlp_corr_top1_rand1,f5,3
2025-07-01,256.8127566148854,234,mlp_corr_top1_rand1,f5,3
2025-08-01,271.3015720649864,234,mlp_corr_top1_rand1,f5,3
2025-09-01,241.24125341587583,234,mlp_corr_top1_rand1,f5,3
2025-10-01,287.3461605153938,234,mlp_corr_top1_rand1,f5,3
2025-11-01,326.28826841248696,234,mlp_corr_top1_rand1,f5,3
2025-12-01,276.3773779190956,234,mlp_corr_top1_rand1,f5,3
2026-01-01,292.8539601942405,234,mlp_corr_top1_rand1,f5,3
2026-02-01,401.3477507634821,234,mlp_corr_top1_rand1,f5,3
2026-03-01,344.8733936789152,234,mlp_corr_top1_rand1,f5,3
2026-04-01,321.47706099815724,234,mlp_corr_top1_rand1,f5,3
2026-05-01,341.2372905992666,234,mlp_corr_top1_rand1,f5,3
2025-05-01,243.96878526142254,234,gbm_corr_top1_2hop_rand1,f5,3
2025-06-01,388.3655912247099,234,gbm_corr_top1_2hop_rand1,f5,3
2025-07-01,253.51504188327587,234,gbm_corr_top1_2hop_rand1,f5,3
2025-08-01,268.22810847005815,234,gbm_corr_top1_2hop_rand1,f5,3
2025-09-01,241.0879901437188,234,gbm_corr_top1_2hop_rand1,f5,3
2025-10-01,288.22067537895356,234,gbm_corr_top1_2hop_rand1,f5,3
2025-11-01,328.6926672103413,234,gbm_corr_top1_2hop_rand1,f5,3
2025-12-01,280.3836294884469,234,gbm_corr_top1_2hop_rand1,f5,3
2026-01-01,295.9654762346496,234,gbm_corr_top1_2hop_rand1,f5,3
2026-02-01,401.39435808953624,234,gbm_corr_top1_2hop_rand1,f5,3
2026-03-01,352.41600277220704,234,gbm_corr_top1_2hop_rand1,f5,3
2026-04-01,324.32358841234986,234,gbm_corr_top1_2hop_rand1,f5,3
2026-05-01,348.9866316695372,234,gbm_corr_top1_2hop_rand1,f5,3
2025-05-01,243.92232431253632,234,gbm_corr_top1_rand2,f5,3
2025-06-01,393.8694680641828,234,gbm_corr_top1_rand2,f5,3
2025-07-01,253.67857784345637,234,gbm_corr_top1_rand2,f5,3
2025-08-01,272.3674576471471,234,gbm_corr_top1_rand2,f5,3
2025-09-01,248.96511835335153,234,gbm_corr_top1_rand2,f5,3
2025-10-01,287.54801294766037,234,gbm_corr_top1_rand2,f5,3
2025-11-01,331.31905566503065,234,gbm_corr_top1_rand2,f5,3
2025-12-01,288.06047157864066,234,gbm_corr_top1_rand2,f5,3
2026-01-01,299.98156428002636,234,gbm_corr_top1_rand2,f5,3
2026-02-01,413.4369017849908,234,gbm_corr_top1_rand2,f5,3
2026-03-01,357.9697366256302,234,gbm_corr_top1_rand2,f5,3
2026-04-01,327.6246870572832,234,gbm_corr_top1_rand2,f5,3
2026-05-01,345.727898426634,234,gbm_corr_top1_rand2,f5,3
2025-05-01,245.89178962561087,234,mlp_corr_top1_rand2,f5,3
2025-06-01,391.20420669841707,234,mlp_corr_top1_rand2,f5,3
2025-07-01,254.7407654168045,234,mlp_corr_top1_rand2,f5,3
2025-08-01,272.0468313676295,234,mlp_corr_top1_rand2,f5,3
2025-09-01,247.63325973256866,234,mlp_corr_top1_rand2,f5,3
2025-10-01,288.15435602803257,234,mlp_corr_top1_rand2,f5,3
2025-11-01,331.4064669483709,234,mlp_corr_top1_rand2,f5,3
2025-12-01,283.4844566000893,234,mlp_corr_top1_rand2,f5,3
2026-01-01,300.03586491201315,234,mlp_corr_top1_rand2,f5,3
2026-02-01,414.20058484635905,234,mlp_corr_top1_rand2,f5,3
2026-03-01,355.28724540399475,234,mlp_corr_top1_rand2,f5,3
2026-04-01,335.29129282035467,234,mlp_corr_top1_rand2,f5,3
2026-05-01,349.60302399881465,234,mlp_corr_top1_rand2,f5,3
2025-05-01,243.37212635501822,234,gbm_corr_top1_2hop_rand2,f5,3
2025-06-01,393.32485845106305,234,gbm_corr_top1_2hop_rand2,f5,3
2025-07-01,252.27840984742275,234,gbm_corr_top1_2hop_rand2,f5,3
2025-08-01,270.78712628608025,234,gbm_corr_top1_2hop_rand2,f5,3
2025-09-01,248.96463694678582,234,gbm_corr_top1_2hop_rand2,f5,3
2025-10-01,285.8178547612292,234,gbm_corr_top1_2hop_rand2,f5,3
2025-11-01,329.7203749957805,234,gbm_corr_top1_2hop_rand2,f5,3
2025-12-01,287.7563020841341,234,gbm_corr_top1_2hop_rand2,f5,3
2026-01-01,302.0662861743078,234,gbm_corr_top1_2hop_rand2,f5,3
2026-02-01,414.78230375306214,234,gbm_corr_top1_2hop_rand2,f5,3
2026-03-01,355.8568579653553,234,gbm_corr_top1_2hop_rand2,f5,3
2026-04-01,327.50814136282816,234,gbm_corr_top1_2hop_rand2,f5,3
2026-05-01,348.54488613334183,234,gbm_corr_top1_2hop_rand2,f5,3
2025-05-01,242.88675804190362,234,gbm_corr_top1_rand3,f5,3
2025-06-01,388.42341998947325,234,gbm_corr_top1_rand3,f5,3
2025-07-01,255.4846410662334,234,gbm_corr_top1_rand3,f5,3
2025-08-01,273.9165902804267,234,gbm_corr_top1_rand3,f5,3
2025-09-01,241.07979660020843,234,gbm_corr_top1_rand3,f5,3
2025-10-01,288.19022496187984,234,gbm_corr_top1_rand3,f5,3
2025-11-01,330.6326948387022,234,gbm_corr_top1_rand3,f5,3
2025-12-01,282.8347164702122,234,gbm_corr_top1_rand3,f5,3
2026-01-01,296.6145478695606,234,gbm_corr_top1_rand3,f5,3
2026-02-01,406.22035952494053,234,gbm_corr_top1_rand3,f5,3
2026-03-01,348.73162663760627,234,gbm_corr_top1_rand3,f5,3
2026-04-01,322.87423051319695,234,gbm_corr_top1_rand3,f5,3
2026-05-01,341.41839788370146,234,gbm_corr_top1_rand3,f5,3
2025-05-01,245.37412618590722,234,mlp_corr_top1_rand3,f5,3
2025-06-01,389.8185485038967,234,mlp_corr_top1_rand3,f5,3
2025-07-01,256.20306917108246,234,mlp_corr_top1_rand3,f5,3
2025-08-01,273.6637966568335,234,mlp_corr_top1_rand3,f5,3
2025-09-01,247.9580459907334,234,mlp_corr_top1_rand3,f5,3
2025-10-01,288.97774371145067,234,mlp_corr_top1_rand3,f5,3
2025-11-01,331.75984027586225,234,mlp_corr_top1_rand3,f5,3
2025-12-01,286.07737396896374,234,mlp_corr_top1_rand3,f5,3
2026-01-01,296.1662219082575,234,mlp_corr_top1_rand3,f5,3
2026-02-01,410.8148947257822,234,mlp_corr_top1_rand3,f5,3
2026-03-01,353.6958038572258,234,mlp_corr_top1_rand3,f5,3
2026-04-01,328.73141327849487,234,mlp_corr_top1_rand3,f5,3
2026-05-01,346.6659604975162,234,mlp_corr_top1_rand3,f5,3
2025-05-01,239.5900989054717,234,gbm_corr_top1_2hop_rand3,f5,3
2025-06-01,389.13321674363056,234,gbm_corr_top1_2hop_rand3,f5,3
2025-07-01,252.78373912057052,234,gbm_corr_top1_2hop_rand3,f5,3
2025-08-01,273.2753314622361,234,gbm_corr_top1_2hop_rand3,f5,3
2025-09-01,243.2559597727,234,gbm_corr_top1_2hop_rand3,f5,3
2025-10-01,288.4705821401882,234,gbm_corr_top1_2hop_rand3,f5,3
2025-11-01,329.192899422569,234,gbm_corr_top1_2hop_rand3,f5,3
2025-12-01,281.65365537684664,234,gbm_corr_top1_2hop_rand3,f5,3
2026-01-01,294.59430110260394,234,gbm_corr_top1_2hop_rand3,f5,3
2026-02-01,407.9452803412956,234,gbm_corr_top1_2hop_rand3,f5,3
2026-03-01,348.82496102282136,234,gbm_corr_top1_2hop_rand3,f5,3
2026-04-01,324.4058581673561,234,gbm_corr_top1_2hop_rand3,f5,3
2026-05-01,344.37489995028113,234,gbm_corr_top1_2hop_rand3,f5,3
2025-05-01,242.19644739063432,234,gbm_corr_top1_rand4,f5,3
2025-06-01,385.72376820835007,234,gbm_corr_top1_rand4,f5,3
2025-07-01,254.48166456299225,234,gbm_corr_top1_rand4,f5,3
2025-08-01,274.3952485116258,234,gbm_corr_top1_rand4,f5,3
2025-09-01,242.50508567857403,234,gbm_corr_top1_rand4,f5,3
2025-10-01,287.4307971989581,234,gbm_corr_top1_rand4,f5,3
2025-11-01,334.4429341009329,234,gbm_corr_top1_rand4,f5,3
2025-12-01,281.01628320322817,234,gbm_corr_top1_rand4,f5,3
2026-01-01,300.3068612547087,234,gbm_corr_top1_rand4,f5,3
2026-02-01,403.45559695799966,234,gbm_corr_top1_rand4,f5,3
2026-03-01,355.05396804991074,234,gbm_corr_top1_rand4,f5,3
2026-04-01,328.14108346162624,234,gbm_corr_top1_rand4,f5,3
2026-05-01,345.86053869384415,234,gbm_corr_top1_rand4,f5,3
2025-05-01,238.61544694136813,234,mlp_corr_top1_rand4,f5,3
2025-06-01,386.1472978037807,234,mlp_corr_top1_rand4,f5,3
2025-07-01,253.96082463381447,234,mlp_corr_top1_rand4,f5,3
2025-08-01,272.25784210748054,234,mlp_corr_top1_rand4,f5,3
2025-09-01,242.33803758878952,234,mlp_corr_top1_rand4,f5,3
2025-10-01,285.5557611888985,234,mlp_corr_top1_rand4,f5,3
2025-11-01,330.33091154254316,234,mlp_corr_top1_rand4,f5,3
2025-12-01,278.2962169034241,234,mlp_corr_top1_rand4,f5,3
2026-01-01,296.4574303985381,234,mlp_corr_top1_rand4,f5,3
2026-02-01,408.328957224655,234,mlp_corr_top1_rand4,f5,3
2026-03-01,351.2439959640695,234,mlp_corr_top1_rand4,f5,3
2026-04-01,323.02600138161984,234,mlp_corr_top1_rand4,f5,3
2026-05-01,344.1908504658241,234,mlp_corr_top1_rand4,f5,3
2025-05-01,243.42602029439252,234,gbm_corr_top1_2hop_rand4,f5,3
2025-06-01,385.8072811224983,234,gbm_corr_top1_2hop_rand4,f5,3
2025-07-01,254.07581401535572,234,gbm_corr_top1_2hop_rand4,f5,3
2025-08-01,273.6554042867009,234,gbm_corr_top1_2hop_rand4,f5,3
2025-09-01,242.10504817063747,234,gbm_corr_top1_2hop_rand4,f5,3
2025-10-01,283.455987040471,234,gbm_corr_top1_2hop_rand4,f5,3
2025-11-01,330.5355948915605,234,gbm_corr_top1_2hop_rand4,f5,3
2025-12-01,280.6303179478639,234,gbm_corr_top1_2hop_rand4,f5,3
2026-01-01,296.8375741585906,234,gbm_corr_top1_2hop_rand4,f5,3
2026-02-01,406.2578667701627,234,gbm_corr_top1_2hop_rand4,f5,3
2026-03-01,352.4505549921145,234,gbm_corr_top1_2hop_rand4,f5,3
2026-04-01,322.98759636688555,234,gbm_corr_top1_2hop_rand4,f5,3
2026-05-01,346.0759728584811,234,gbm_corr_top1_2hop_rand4,f5,3
2025-05-01,242.0026873414855,234,gbm_corr_top1_rand5,f5,3
2025-06-01,390.51966808076133,234,gbm_corr_top1_rand5,f5,3
2025-07-01,255.27591535945083,234,gbm_corr_top1_rand5,f5,3
2025-08-01,274.071403189733,234,gbm_corr_top1_rand5,f5,3
2025-09-01,241.05358866557043,234,gbm_corr_top1_rand5,f5,3
2025-10-01,283.9642986103258,234,gbm_corr_top1_rand5,f5,3
2025-11-01,329.26381263026394,234,gbm_corr_top1_rand5,f5,3
2025-12-01,279.6391038880119,234,gbm_corr_top1_rand5,f5,3
2026-01-01,303.1790528165659,234,gbm_corr_top1_rand5,f5,3
2026-02-01,404.1492643656984,234,gbm_corr_top1_rand5,f5,3
2026-03-01,350.1935648553288,234,gbm_corr_top1_rand5,f5,3
2026-04-01,326.58282583601147,234,gbm_corr_top1_rand5,f5,3
2026-05-01,346.9244457332014,234,gbm_corr_top1_rand5,f5,3
2025-05-01,242.74585940135051,234,mlp_corr_top1_rand5,f5,3
2025-06-01,388.97454511677853,234,mlp_corr_top1_rand5,f5,3
2025-07-01,257.8018278503188,234,mlp_corr_top1_rand5,f5,3
2025-08-01,273.2590403496134,234,mlp_corr_top1_rand5,f5,3
2025-09-01,246.10703832546594,234,mlp_corr_top1_rand5,f5,3
2025-10-01,288.00251540135383,234,mlp_corr_top1_rand5,f5,3
2025-11-01,328.76067196922105,234,mlp_corr_top1_rand5,f5,3
2025-12-01,283.17044635686506,234,mlp_corr_top1_rand5,f5,3
2026-01-01,297.88050114292065,234,mlp_corr_top1_rand5,f5,3
2026-02-01,403.93074603862976,234,mlp_corr_top1_rand5,f5,3
2026-03-01,351.5813736933391,234,mlp_corr_top1_rand5,f5,3
2026-04-01,327.4897718491711,234,mlp_corr_top1_rand5,f5,3
2026-05-01,344.09554975045035,234,mlp_corr_top1_rand5,f5,3
2025-05-01,238.69949035188296,234,gbm_corr_top1_2hop_rand5,f5,3
2025-06-01,390.4182363579813,234,gbm_corr_top1_2hop_rand5,f5,3
2025-07-01,256.38134045883714,234,gbm_corr_top1_2hop_rand5,f5,3
2025-08-01,273.0694218468832,234,gbm_corr_top1_2hop_rand5,f5,3
2025-09-01,238.15028917272573,234,gbm_corr_top1_2hop_rand5,f5,3
2025-10-01,285.87244694383827,234,gbm_corr_top1_2hop_rand5,f5,3
2025-11-01,335.0517596250994,234,gbm_corr_top1_2hop_rand5,f5,3
2025-12-01,280.4661993010036,234,gbm_corr_top1_2hop_rand5,f5,3
2026-01-01,303.2252964198023,234,gbm_corr_top1_2hop_rand5,f5,3
2026-02-01,405.06056419842054,234,gbm_corr_top1_2hop_rand5,f5,3
2026-03-01,351.75333971837813,234,gbm_corr_top1_2hop_rand5,f5,3
2026-04-01,325.29082156433407,234,gbm_corr_top1_2hop_rand5,f5,3
2026-05-01,342.08887040722055,234,gbm_corr_top1_2hop_rand5,f5,3
2025-05-01,246.40034925746897,234,gbm_corr_top1_rand6,f5,3
2025-06-01,390.32518500197693,234,gbm_corr_top1_rand6,f5,3
2025-07-01,256.13405297017823,234,gbm_corr_top1_rand6,f5,3
2025-08-01,272.35003336693194,234,gbm_corr_top1_rand6,f5,3
2025-09-01,242.12280255375748,234,gbm_corr_top1_rand6,f5,3
2025-10-01,286.9245823420966,234,gbm_corr_top1_rand6,f5,3
2025-11-01,327.35009290587857,234,gbm_corr_top1_rand6,f5,3
2025-12-01,279.3377724098252,234,gbm_corr_top1_rand6,f5,3
2026-01-01,297.96768320642497,234,gbm_corr_top1_rand6,f5,3
2026-02-01,409.4378544312524,234,gbm_corr_top1_rand6,f5,3
2026-03-01,355.92272787373065,234,gbm_corr_top1_rand6,f5,3
2026-04-01,327.51705855276424,234,gbm_corr_top1_rand6,f5,3
2026-05-01,348.1935420751745,234,gbm_corr_top1_rand6,f5,3
2025-05-01,243.84088222800895,234,mlp_corr_top1_rand6,f5,3
2025-06-01,387.8230079855798,234,mlp_corr_top1_rand6,f5,3
2025-07-01,254.99393946338856,234,mlp_corr_top1_rand6,f5,3
2025-08-01,270.7327473875074,234,mlp_corr_top1_rand6,f5,3
2025-09-01,245.53995606689165,234,mlp_corr_top1_rand6,f5,3
2025-10-01,287.68031155561556,234,mlp_corr_top1_rand6,f5,3
2025-11-01,330.3596026221273,234,mlp_corr_top1_rand6,f5,3
2025-12-01,283.40330271536607,234,mlp_corr_top1_rand6,f5,3
2026-01-01,298.0139631442591,234,mlp_corr_top1_rand6,f5,3
2026-02-01,409.2025807934367,234,mlp_corr_top1_rand6,f5,3
2026-03-01,355.2589237935982,234,mlp_corr_top1_rand6,f5,3
2026-04-01,328.8175109658776,234,mlp_corr_top1_rand6,f5,3
2026-05-01,349.16727543778904,234,mlp_corr_top1_rand6,f5,3
2025-05-01,247.49984879698764,234,gbm_corr_top1_2hop_rand6,f5,3
2025-06-01,390.4068325713643,234,gbm_corr_top1_2hop_rand6,f5,3
2025-07-01,254.61143519585627,234,gbm_corr_top1_2hop_rand6,f5,3
2025-08-01,273.83134605904394,234,gbm_corr_top1_2hop_rand6,f5,3
2025-09-01,243.41640311438158,234,gbm_corr_top1_2hop_rand6,f5,3
2025-10-01,286.3029543094689,234,gbm_corr_top1_2hop_rand6,f5,3
2025-11-01,326.91557022957727,234,gbm_corr_top1_2hop_rand6,f5,3
2025-12-01,280.37072788678796,234,gbm_corr_top1_2hop_rand6,f5,3
2026-01-01,298.65406846458734,234,gbm_corr_top1_2hop_rand6,f5,3
2026-02-01,407.1592005987366,234,gbm_corr_top1_2hop_rand6,f5,3
2026-03-01,357.62838427806304,234,gbm_corr_top1_2hop_rand6,f5,3
2026-04-01,328.1187061477361,234,gbm_corr_top1_2hop_rand6,f5,3
2026-05-01,350.1718421082826,234,gbm_corr_top1_2hop_rand6,f5,3
2025-05-01,244.3441228176526,234,gbm_corr_top1_rand7,f5,3
2025-06-01,390.35500450620845,234,gbm_corr_top1_rand7,f5,3
2025-07-01,254.3302019111169,234,gbm_corr_top1_rand7,f5,3
2025-08-01,267.2653911512317,234,gbm_corr_top1_rand7,f5,3
2025-09-01,246.86748529634338,234,gbm_corr_top1_rand7,f5,3
2025-10-01,289.96247382292296,234,gbm_corr_top1_rand7,f5,3
2025-11-01,323.78162101054556,234,gbm_corr_top1_rand7,f5,3
2025-12-01,281.76547201273064,234,gbm_corr_top1_rand7,f5,3
2026-01-01,299.1414265627817,234,gbm_corr_top1_rand7,f5,3
2026-02-01,408.43015261098486,234,gbm_corr_top1_rand7,f5,3
2026-03-01,356.09786420364344,234,gbm_corr_top1_rand7,f5,3
2026-04-01,325.05933800012474,234,gbm_corr_top1_rand7,f5,3
2026-05-01,347.8023002762509,234,gbm_corr_top1_rand7,f5,3
2025-05-01,244.5287996624064,234,mlp_corr_top1_rand7,f5,3
2025-06-01,388.25348512207034,234,mlp_corr_top1_rand7,f5,3
2025-07-01,256.403939606332,234,mlp_corr_top1_rand7,f5,3
2025-08-01,271.7396064853642,234,mlp_corr_top1_rand7,f5,3
2025-09-01,245.83292568682973,234,mlp_corr_top1_rand7,f5,3
2025-10-01,288.33712422022364,234,mlp_corr_top1_rand7,f5,3
2025-11-01,328.7374330882503,234,mlp_corr_top1_rand7,f5,3
2025-12-01,280.02468109418413,234,mlp_corr_top1_rand7,f5,3
2026-01-01,295.9337510996618,234,mlp_corr_top1_rand7,f5,3
2026-02-01,405.57524794343686,234,mlp_corr_top1_rand7,f5,3
2026-03-01,352.55003447883206,234,mlp_corr_top1_rand7,f5,3
2026-04-01,329.15462116439016,234,mlp_corr_top1_rand7,f5,3
2026-05-01,345.73673319949324,234,mlp_corr_top1_rand7,f5,3
2025-05-01,240.45296432411124,234,gbm_corr_top1_2hop_rand7,f5,3
2025-06-01,390.8942813105208,234,gbm_corr_top1_2hop_rand7,f5,3
2025-07-01,254.45597667718582,234,gbm_corr_top1_2hop_rand7,f5,3
2025-08-01,267.3110846298034,234,gbm_corr_top1_2hop_rand7,f5,3
2025-09-01,246.79365154262027,234,gbm_corr_top1_2hop_rand7,f5,3
2025-10-01,288.62834028575884,234,gbm_corr_top1_2hop_rand7,f5,3
2025-11-01,329.5849904331245,234,gbm_corr_top1_2hop_rand7,f5,3
2025-12-01,284.0994944925186,234,gbm_corr_top1_2hop_rand7,f5,3
2026-01-01,298.4927592053151,234,gbm_corr_top1_2hop_rand7,f5,3
2026-02-01,406.01002471016335,234,gbm_corr_top1_2hop_rand7,f5,3
2026-03-01,355.5200146243759,234,gbm_corr_top1_2hop_rand7,f5,3
2026-04-01,325.01105054874864,234,gbm_corr_top1_2hop_rand7,f5,3
2026-05-01,345.53181869126223,234,gbm_corr_top1_2hop_rand7,f5,3
2025-05-01,243.00508938125617,234,gbm_corr_top1_rand8,f5,3
2025-06-01,389.16642224359975,234,gbm_corr_top1_rand8,f5,3
2025-07-01,255.03958072546737,234,gbm_corr_top1_rand8,f5,3
2025-08-01,273.20733901629103,234,gbm_corr_top1_rand8,f5,3
2025-09-01,244.18391657137087,234,gbm_corr_top1_rand8,f5,3
2025-10-01,290.8383207383988,234,gbm_corr_top1_rand8,f5,3
2025-11-01,330.0181228902551,234,gbm_corr_top1_rand8,f5,3
2025-12-01,278.6534786507978,234,gbm_corr_top1_rand8,f5,3
2026-01-01,295.08180393249785,234,gbm_corr_top1_rand8,f5,3
2026-02-01,405.4033573301664,234,gbm_corr_top1_rand8,f5,3
2026-03-01,355.9946795903686,234,gbm_corr_top1_rand8,f5,3
2026-04-01,324.07622591856233,234,gbm_corr_top1_rand8,f5,3
2026-05-01,349.2250622815286,234,gbm_corr_top1_rand8,f5,3
2025-05-01,242.1652516441374,234,mlp_corr_top1_rand8,f5,3
2025-06-01,387.57832611655255,234,mlp_corr_top1_rand8,f5,3
2025-07-01,254.01121742605758,234,mlp_corr_top1_rand8,f5,3
2025-08-01,269.5110351013508,234,mlp_corr_top1_rand8,f5,3
2025-09-01,243.0421228863594,234,mlp_corr_top1_rand8,f5,3
2025-10-01,287.67620284204435,234,mlp_corr_top1_rand8,f5,3
2025-11-01,328.93407472346746,234,mlp_corr_top1_rand8,f5,3
2025-12-01,277.6011672979846,234,mlp_corr_top1_rand8,f5,3
2026-01-01,295.99553345806623,234,mlp_corr_top1_rand8,f5,3
2026-02-01,405.8351198433544,234,mlp_corr_top1_rand8,f5,3
2026-03-01,352.33173196843615,234,mlp_corr_top1_rand8,f5,3
2026-04-01,327.4101235728941,234,mlp_corr_top1_rand8,f5,3
2026-05-01,343.72282695933455,234,mlp_corr_top1_rand8,f5,3
2025-05-01,241.49536345464955,234,gbm_corr_top1_2hop_rand8,f5,3
2025-06-01,393.54959338579414,234,gbm_corr_top1_2hop_rand8,f5,3
2025-07-01,253.40102534801935,234,gbm_corr_top1_2hop_rand8,f5,3
2025-08-01,271.12953053272906,234,gbm_corr_top1_2hop_rand8,f5,3
2025-09-01,244.02917400758528,234,gbm_corr_top1_2hop_rand8,f5,3
2025-10-01,291.74927027862554,234,gbm_corr_top1_2hop_rand8,f5,3
2025-11-01,333.7746319906894,234,gbm_corr_top1_2hop_rand8,f5,3
2025-12-01,282.155911423221,234,gbm_corr_top1_2hop_rand8,f5,3
2026-01-01,297.4828934985795,234,gbm_corr_top1_2hop_rand8,f5,3
2026-02-01,405.4010446330252,234,gbm_corr_top1_2hop_rand8,f5,3
2026-03-01,354.0479794374623,234,gbm_corr_top1_2hop_rand8,f5,3
2026-04-01,324.7223003000218,234,gbm_corr_top1_2hop_rand8,f5,3
2026-05-01,351.6737039823681,234,gbm_corr_top1_2hop_rand8,f5,3
2025-05-01,247.24487740620597,234,gbm_corr_top1_rand9,f5,3
2025-06-01,388.0276453835811,234,gbm_corr_top1_rand9,f5,3
2025-07-01,255.4204606329653,234,gbm_corr_top1_rand9,f5,3
2025-08-01,278.4631920099932,234,gbm_corr_top1_rand9,f5,3
2025-09-01,242.37742708156873,234,gbm_corr_top1_rand9,f5,3
2025-10-01,286.9950655947979,234,gbm_corr_top1_rand9,f5,3
2025-11-01,326.9118429552457,234,gbm_corr_top1_rand9,f5,3
2025-12-01,280.8444958487499,234,gbm_corr_top1_rand9,f5,3
2026-01-01,296.5835442814051,234,gbm_corr_top1_rand9,f5,3
2026-02-01,401.91009093912976,234,gbm_corr_top1_rand9,f5,3
2026-03-01,353.30919036172133,234,gbm_corr_top1_rand9,f5,3
2026-04-01,321.2498933417488,234,gbm_corr_top1_rand9,f5,3
2026-05-01,348.1456022148282,234,gbm_corr_top1_rand9,f5,3
2025-05-01,242.33325760370624,234,mlp_corr_top1_rand9,f5,3
2025-06-01,386.9013809040694,234,mlp_corr_top1_rand9,f5,3
2025-07-01,256.02526228100703,234,mlp_corr_top1_rand9,f5,3
2025-08-01,270.1227041281317,234,mlp_corr_top1_rand9,f5,3
2025-09-01,244.35389531273364,234,mlp_corr_top1_rand9,f5,3
2025-10-01,286.33670264710133,234,mlp_corr_top1_rand9,f5,3
2025-11-01,329.11641227749396,234,mlp_corr_top1_rand9,f5,3
2025-12-01,279.90210757360956,234,mlp_corr_top1_rand9,f5,3
2026-01-01,296.8346293223995,234,mlp_corr_top1_rand9,f5,3
2026-02-01,403.157002473744,234,mlp_corr_top1_rand9,f5,3
2026-03-01,349.00992899444714,234,mlp_corr_top1_rand9,f5,3
2026-04-01,327.5763199767426,234,mlp_corr_top1_rand9,f5,3
2026-05-01,344.5049252820729,234,mlp_corr_top1_rand9,f5,3
2025-05-01,239.60426312016395,234,gbm_corr_top1_2hop_rand9,f5,3
2025-06-01,389.06711444190637,234,gbm_corr_top1_2hop_rand9,f5,3
2025-07-01,257.09328835758254,234,gbm_corr_top1_2hop_rand9,f5,3
2025-08-01,273.5251588567412,234,gbm_corr_top1_2hop_rand9,f5,3
2025-09-01,245.99235391440425,234,gbm_corr_top1_2hop_rand9,f5,3
2025-10-01,286.6418057966598,234,gbm_corr_top1_2hop_rand9,f5,3
2025-11-01,330.748039229902,234,gbm_corr_top1_2hop_rand9,f5,3
2025-12-01,281.01651008115437,234,gbm_corr_top1_2hop_rand9,f5,3
2026-01-01,293.58370253329616,234,gbm_corr_top1_2hop_rand9,f5,3
2026-02-01,402.4610054027229,234,gbm_corr_top1_2hop_rand9,f5,3
2026-03-01,352.8914053950813,234,gbm_corr_top1_2hop_rand9,f5,3
2026-04-01,321.8659771823754,234,gbm_corr_top1_2hop_rand9,f5,3
2026-05-01,344.14341996290335,234,gbm_corr_top1_2hop_rand9,f5,3
2025-05-01,239.30847892878404,234,gbm_corr_top1_rand10,f5,3
2025-06-01,389.96167567985634,234,gbm_corr_top1_rand10,f5,3
2025-07-01,259.64716737949135,234,gbm_corr_top1_rand10,f5,3
2025-08-01,274.73709818673007,234,gbm_corr_top1_rand10,f5,3
2025-09-01,245.27732542949553,234,gbm_corr_top1_rand10,f5,3
2025-10-01,290.3617291294807,234,gbm_corr_top1_rand10,f5,3
2025-11-01,328.94136825094563,234,gbm_corr_top1_rand10,f5,3
2025-12-01,281.42510884985114,234,gbm_corr_top1_rand10,f5,3
2026-01-01,298.22835405427395,234,gbm_corr_top1_rand10,f5,3
2026-02-01,405.1447849412608,234,gbm_corr_top1_rand10,f5,3
2026-03-01,354.4673858763381,234,gbm_corr_top1_rand10,f5,3
2026-04-01,327.8443495448886,234,gbm_corr_top1_rand10,f5,3
2026-05-01,347.73329146876756,234,gbm_corr_top1_rand10,f5,3
2025-05-01,241.4197117471058,234,mlp_corr_top1_rand10,f5,3
2025-06-01,389.09188304360106,234,mlp_corr_top1_rand10,f5,3
2025-07-01,255.75580890665694,234,mlp_corr_top1_rand10,f5,3
2025-08-01,272.01658156028475,234,mlp_corr_top1_rand10,f5,3
2025-09-01,246.85346673045694,234,mlp_corr_top1_rand10,f5,3
2025-10-01,289.22456657773216,234,mlp_corr_top1_rand10,f5,3
2025-11-01,329.40997675131206,234,mlp_corr_top1_rand10,f5,3
2025-12-01,281.76254172331454,234,mlp_corr_top1_rand10,f5,3
2026-01-01,295.7830792136861,234,mlp_corr_top1_rand10,f5,3
2026-02-01,407.1279126744504,234,mlp_corr_top1_rand10,f5,3
2026-03-01,354.36402262948997,234,mlp_corr_top1_rand10,f5,3
2026-04-01,328.4022053034674,234,mlp_corr_top1_rand10,f5,3
2026-05-01,343.37490235339624,234,mlp_corr_top1_rand10,f5,3
2025-05-01,238.7481022102128,234,gbm_corr_top1_2hop_rand10,f5,3
2025-06-01,390.98803556707753,234,gbm_corr_top1_2hop_rand10,f5,3
2025-07-01,256.428702754815,234,gbm_corr_top1_2hop_rand10,f5,3
2025-08-01,272.8521910635007,234,gbm_corr_top1_2hop_rand10,f5,3
2025-09-01,244.510635771395,234,gbm_corr_top1_2hop_rand10,f5,3
2025-10-01,288.7655301786297,234,gbm_corr_top1_2hop_rand10,f5,3
2025-11-01,327.67310942092683,234,gbm_corr_top1_2hop_rand10,f5,3
2025-12-01,283.83041468128647,234,gbm_corr_top1_2hop_rand10,f5,3
2026-01-01,296.01845171292723,234,gbm_corr_top1_2hop_rand10,f5,3
2026-02-01,405.5469252880132,234,gbm_corr_top1_2hop_rand10,f5,3
2026-03-01,354.8266107826235,234,gbm_corr_top1_2hop_rand10,f5,3
2026-04-01,325.6724082512953,234,gbm_corr_top1_2hop_rand10,f5,3
2026-05-01,343.42230965281624,234,gbm_corr_top1_2hop_rand10,f5,3
2025-05-01,240.8085548561018,234,gbm_corr_top1_rand11,f5,3
2025-06-01,387.069090551747,234,gbm_corr_top1_rand11,f5,3
2025-07-01,252.394838915596,234,gbm_corr_top1_rand11,f5,3
2025-08-01,275.7274458031463,234,gbm_corr_top1_rand11,f5,3
2025-09-01,240.11278075084604,234,gbm_corr_top1_rand11,f5,3
2025-10-01,285.29270149424315,234,gbm_corr_top1_rand11,f5,3
2025-11-01,329.1200445010173,234,gbm_corr_top1_rand11,f5,3
2025-12-01,283.07953897658126,234,gbm_corr_top1_rand11,f5,3
2026-01-01,298.42732178270626,234,gbm_corr_top1_rand11,f5,3
2026-02-01,404.02669477874474,234,gbm_corr_top1_rand11,f5,3
2026-03-01,351.0075973898879,234,gbm_corr_top1_rand11,f5,3
2026-04-01,322.8996503725219,234,gbm_corr_top1_rand11,f5,3
2026-05-01,346.1030880536026,234,gbm_corr_top1_rand11,f5,3
2025-05-01,239.71048675135876,234,mlp_corr_top1_rand11,f5,3
2025-06-01,385.04602237659594,234,mlp_corr_top1_rand11,f5,3
2025-07-01,253.47362011702853,234,mlp_corr_top1_rand11,f5,3
2025-08-01,271.433181394868,234,mlp_corr_top1_rand11,f5,3
2025-09-01,240.07793909528436,234,mlp_corr_top1_rand11,f5,3
2025-10-01,285.0373646819849,234,mlp_corr_top1_rand11,f5,3
2025-11-01,323.3487728652642,234,mlp_corr_top1_rand11,f5,3
2025-12-01,277.46297766220425,234,mlp_corr_top1_rand11,f5,3
2026-01-01,297.84150506645295,234,mlp_corr_top1_rand11,f5,3
2026-02-01,402.0202296634472,234,mlp_corr_top1_rand11,f5,3
2026-03-01,348.3276978125276,234,mlp_corr_top1_rand11,f5,3
2026-04-01,322.27976907567705,234,mlp_corr_top1_rand11,f5,3
2026-05-01,344.0177208700884,234,mlp_corr_top1_rand11,f5,3
2025-05-01,238.48601024503304,234,gbm_corr_top1_2hop_rand11,f5,3
2025-06-01,384.0901468552722,234,gbm_corr_top1_2hop_rand11,f5,3
2025-07-01,250.18101827526093,234,gbm_corr_top1_2hop_rand11,f5,3
2025-08-01,276.39162738392326,234,gbm_corr_top1_2hop_rand11,f5,3
2025-09-01,245.38856686824596,234,gbm_corr_top1_2hop_rand11,f5,3
2025-10-01,286.1798764380847,234,gbm_corr_top1_2hop_rand11,f5,3
2025-11-01,328.34789484159666,234,gbm_corr_top1_2hop_rand11,f5,3
2025-12-01,279.6132294872322,234,gbm_corr_top1_2hop_rand11,f5,3
2026-01-01,296.85583326703625,234,gbm_corr_top1_2hop_rand11,f5,3
2026-02-01,405.7769750311146,234,gbm_corr_top1_2hop_rand11,f5,3
2026-03-01,345.9434124147644,234,gbm_corr_top1_2hop_rand11,f5,3
2026-04-01,322.8685908994421,234,gbm_corr_top1_2hop_rand11,f5,3
2026-05-01,344.37817135476064,234,gbm_corr_top1_2hop_rand11,f5,3
2025-05-01,240.46721662069797,234,gbm_corr_top1_rand12,f5,3
2025-06-01,388.6702627561329,234,gbm_corr_top1_rand12,f5,3
2025-07-01,254.11622949019753,234,gbm_corr_top1_rand12,f5,3
2025-08-01,270.71711182076956,234,gbm_corr_top1_rand12,f5,3
2025-09-01,246.82000401684755,234,gbm_corr_top1_rand12,f5,3
2025-10-01,289.94073587261056,234,gbm_corr_top1_rand12,f5,3
2025-11-01,330.118453350134,234,gbm_corr_top1_rand12,f5,3
2025-12-01,282.781970126465,234,gbm_corr_top1_rand12,f5,3
2026-01-01,295.65037364505446,234,gbm_corr_top1_rand12,f5,3
2026-02-01,403.1517348770839,234,gbm_corr_top1_rand12,f5,3
2026-03-01,351.7655876014077,234,gbm_corr_top1_rand12,f5,3
2026-04-01,326.9271856155602,234,gbm_corr_top1_rand12,f5,3
2026-05-01,344.20284746100117,234,gbm_corr_top1_rand12,f5,3
2025-05-01,242.85616269135,234,mlp_corr_top1_rand12,f5,3
2025-06-01,387.3839229092205,234,mlp_corr_top1_rand12,f5,3
2025-07-01,255.45721153861462,234,mlp_corr_top1_rand12,f5,3
2025-08-01,271.77935434578654,234,mlp_corr_top1_rand12,f5,3
2025-09-01,245.46673396217096,234,mlp_corr_top1_rand12,f5,3
2025-10-01,287.4567088736577,234,mlp_corr_top1_rand12,f5,3
2025-11-01,329.8301791712416,234,mlp_corr_top1_rand12,f5,3
2025-12-01,279.09838046294584,234,mlp_corr_top1_rand12,f5,3
2026-01-01,296.5917120523314,234,mlp_corr_top1_rand12,f5,3
2026-02-01,405.6894110143784,234,mlp_corr_top1_rand12,f5,3
2026-03-01,351.60261980196054,234,mlp_corr_top1_rand12,f5,3
2026-04-01,329.1160771973182,234,mlp_corr_top1_rand12,f5,3
2026-05-01,346.05250756718925,234,mlp_corr_top1_rand12,f5,3
2025-05-01,243.32315555972215,234,gbm_corr_top1_2hop_rand12,f5,3
2025-06-01,391.7656346375271,234,gbm_corr_top1_2hop_rand12,f5,3
2025-07-01,251.10192786272037,234,gbm_corr_top1_2hop_rand12,f5,3
2025-08-01,270.9509647157295,234,gbm_corr_top1_2hop_rand12,f5,3
2025-09-01,246.5087442601568,234,gbm_corr_top1_2hop_rand12,f5,3
2025-10-01,289.80596550020425,234,gbm_corr_top1_2hop_rand12,f5,3
2025-11-01,335.5222114621923,234,gbm_corr_top1_2hop_rand12,f5,3
2025-12-01,281.65032530457404,234,gbm_corr_top1_2hop_rand12,f5,3
2026-01-01,295.8233721112292,234,gbm_corr_top1_2hop_rand12,f5,3
2026-02-01,401.85264013148435,234,gbm_corr_top1_2hop_rand12,f5,3
2026-03-01,356.0443599069517,234,gbm_corr_top1_2hop_rand12,f5,3
2026-04-01,326.2411733243952,234,gbm_corr_top1_2hop_rand12,f5,3
2026-05-01,345.0785820547462,234,gbm_corr_top1_2hop_rand12,f5,3
2025-05-01,243.68672570206778,234,gbm_corr_top1_rand13,f5,3
2025-06-01,390.4256343963558,234,gbm_corr_top1_rand13,f5,3
2025-07-01,256.16342491893954,234,gbm_corr_top1_rand13,f5,3
2025-08-01,272.74366172452466,234,gbm_corr_top1_rand13,f5,3
2025-09-01,247.26353449881987,234,gbm_corr_top1_rand13,f5,3
2025-10-01,289.6913077701419,234,gbm_corr_top1_rand13,f5,3
2025-11-01,334.15160048786095,234,gbm_corr_top1_rand13,f5,3
2025-12-01,281.1406679789839,234,gbm_corr_top1_rand13,f5,3
2026-01-01,298.485379761673,234,gbm_corr_top1_rand13,f5,3
2026-02-01,406.8604491039874,234,gbm_corr_top1_rand13,f5,3
2026-03-01,354.3294559611575,234,gbm_corr_top1_rand13,f5,3
2026-04-01,324.58306592023246,234,gbm_corr_top1_rand13,f5,3
2026-05-01,343.5444099355853,234,gbm_corr_top1_rand13,f5,3
2025-05-01,240.28498273098793,234,mlp_corr_top1_rand13,f5,3
2025-06-01,386.18605450493186,234,mlp_corr_top1_rand13,f5,3
2025-07-01,253.8831313082952,234,mlp_corr_top1_rand13,f5,3
2025-08-01,271.5072930994216,234,mlp_corr_top1_rand13,f5,3
2025-09-01,244.6125436838495,234,mlp_corr_top1_rand13,f5,3
2025-10-01,287.16536349601387,234,mlp_corr_top1_rand13,f5,3
2025-11-01,329.78484634793506,234,mlp_corr_top1_rand13,f5,3
2025-12-01,280.9646180588024,234,mlp_corr_top1_rand13,f5,3
2026-01-01,297.37585029574495,234,mlp_corr_top1_rand13,f5,3
2026-02-01,406.1586746436665,234,mlp_corr_top1_rand13,f5,3
2026-03-01,350.4530241851919,234,mlp_corr_top1_rand13,f5,3
2026-04-01,326.38624665345424,234,mlp_corr_top1_rand13,f5,3
2026-05-01,341.6687465305437,234,mlp_corr_top1_rand13,f5,3
2025-05-01,241.5902244000057,234,gbm_corr_top1_2hop_rand13,f5,3
2025-06-01,389.1629201897514,234,gbm_corr_top1_2hop_rand13,f5,3
2025-07-01,257.1952058971226,234,gbm_corr_top1_2hop_rand13,f5,3
2025-08-01,273.70434244704745,234,gbm_corr_top1_2hop_rand13,f5,3
2025-09-01,246.7750607875022,234,gbm_corr_top1_2hop_rand13,f5,3
2025-10-01,289.23464443941975,234,gbm_corr_top1_2hop_rand13,f5,3
2025-11-01,330.5332347368591,234,gbm_corr_top1_2hop_rand13,f5,3
2025-12-01,281.7457039226902,234,gbm_corr_top1_2hop_rand13,f5,3
2026-01-01,300.20242212040444,234,gbm_corr_top1_2hop_rand13,f5,3
2026-02-01,407.5223422147623,234,gbm_corr_top1_2hop_rand13,f5,3
2026-03-01,356.0768235963953,234,gbm_corr_top1_2hop_rand13,f5,3
2026-04-01,321.1584382931022,234,gbm_corr_top1_2hop_rand13,f5,3
2026-05-01,343.64291650659374,234,gbm_corr_top1_2hop_rand13,f5,3
2025-05-01,245.3870982261514,234,gbm_corr_top1_rand14,f5,3
2025-06-01,390.0071156319322,234,gbm_corr_top1_rand14,f5,3
2025-07-01,254.2320412743937,234,gbm_corr_top1_rand14,f5,3
2025-08-01,272.8741945853809,234,gbm_corr_top1_rand14,f5,3
2025-09-01,244.1849680837641,234,gbm_corr_top1_rand14,f5,3
2025-10-01,287.6152684385689,234,gbm_corr_top1_rand14,f5,3
2025-11-01,335.9567066080252,234,gbm_corr_top1_rand14,f5,3
2025-12-01,284.14732420115615,234,gbm_corr_top1_rand14,f5,3
2026-01-01,298.00138934503474,234,gbm_corr_top1_rand14,f5,3
2026-02-01,405.4975035531555,234,gbm_corr_top1_rand14,f5,3
2026-03-01,355.6955844312376,234,gbm_corr_top1_rand14,f5,3
2026-04-01,325.086811608188,234,gbm_corr_top1_rand14,f5,3
2026-05-01,341.2941770519469,234,gbm_corr_top1_rand14,f5,3
2025-05-01,242.4805775885158,234,mlp_corr_top1_rand14,f5,3
2025-06-01,389.38513549581444,234,mlp_corr_top1_rand14,f5,3
2025-07-01,255.59817960906057,234,mlp_corr_top1_rand14,f5,3
2025-08-01,272.25458084789244,234,mlp_corr_top1_rand14,f5,3
2025-09-01,245.06916227097713,234,mlp_corr_top1_rand14,f5,3
2025-10-01,287.208677087177,234,mlp_corr_top1_rand14,f5,3
2025-11-01,329.21208208642696,234,mlp_corr_top1_rand14,f5,3
2025-12-01,280.2935959843027,234,mlp_corr_top1_rand14,f5,3
2026-01-01,295.32779672452733,234,mlp_corr_top1_rand14,f5,3
2026-02-01,401.8311938125807,234,mlp_corr_top1_rand14,f5,3
2026-03-01,349.0083306651469,234,mlp_corr_top1_rand14,f5,3
2026-04-01,321.3425919413957,234,mlp_corr_top1_rand14,f5,3
2026-05-01,338.20779788332845,234,mlp_corr_top1_rand14,f5,3
2025-05-01,246.5737114430533,234,gbm_corr_top1_2hop_rand14,f5,3
2025-06-01,391.3517645106044,234,gbm_corr_top1_2hop_rand14,f5,3
2025-07-01,253.52652759529747,234,gbm_corr_top1_2hop_rand14,f5,3
2025-08-01,272.39951383777475,234,gbm_corr_top1_2hop_rand14,f5,3
2025-09-01,246.32145937476375,234,gbm_corr_top1_2hop_rand14,f5,3
2025-10-01,290.0091150479413,234,gbm_corr_top1_2hop_rand14,f5,3
2025-11-01,335.6234527171842,234,gbm_corr_top1_2hop_rand14,f5,3
2025-12-01,287.0166043409206,234,gbm_corr_top1_2hop_rand14,f5,3
2026-01-01,297.3772269528978,234,gbm_corr_top1_2hop_rand14,f5,3
2026-02-01,409.3269137532456,234,gbm_corr_top1_2hop_rand14,f5,3
2026-03-01,355.1065125695583,234,gbm_corr_top1_2hop_rand14,f5,3
2026-04-01,325.8791227357464,234,gbm_corr_top1_2hop_rand14,f5,3
2026-05-01,342.4541584461021,234,gbm_corr_top1_2hop_rand14,f5,3
2025-05-01,242.70896881201799,234,gbm_corr_top1_rand15,f5,3
2025-06-01,387.54250216199733,234,gbm_corr_top1_rand15,f5,3
2025-07-01,253.80277749438662,234,gbm_corr_top1_rand15,f5,3
2025-08-01,275.82173693992405,234,gbm_corr_top1_rand15,f5,3
2025-09-01,245.50069764067453,234,gbm_corr_top1_rand15,f5,3
2025-10-01,290.2168840361894,234,gbm_corr_top1_rand15,f5,3
2025-11-01,332.88422963141227,234,gbm_corr_top1_rand15,f5,3
2025-12-01,283.2786279797268,234,gbm_corr_top1_rand15,f5,3
2026-01-01,299.4896444176258,234,gbm_corr_top1_rand15,f5,3
2026-02-01,404.60391658743976,234,gbm_corr_top1_rand15,f5,3
2026-03-01,356.6710359993723,234,gbm_corr_top1_rand15,f5,3
2026-04-01,326.8880081750272,234,gbm_corr_top1_rand15,f5,3
2026-05-01,348.4604351678491,234,gbm_corr_top1_rand15,f5,3
2025-05-01,244.59334358551445,234,mlp_corr_top1_rand15,f5,3
2025-06-01,392.6919743792906,234,mlp_corr_top1_rand15,f5,3
2025-07-01,258.92993760973496,234,mlp_corr_top1_rand15,f5,3
2025-08-01,275.30922362231075,234,mlp_corr_top1_rand15,f5,3
2025-09-01,249.8196937072774,234,mlp_corr_top1_rand15,f5,3
2025-10-01,292.4060389279968,234,mlp_corr_top1_rand15,f5,3
2025-11-01,337.095861437761,234,mlp_corr_top1_rand15,f5,3
2025-12-01,288.91003917793233,234,mlp_corr_top1_rand15,f5,3
2026-01-01,300.5507242682702,234,mlp_corr_top1_rand15,f5,3
2026-02-01,412.1275112889842,234,mlp_corr_top1_rand15,f5,3
2026-03-01,355.4407636055469,234,mlp_corr_top1_rand15,f5,3
2026-04-01,329.55956648639153,234,mlp_corr_top1_rand15,f5,3
2026-05-01,351.4686265708887,234,mlp_corr_top1_rand15,f5,3
2025-05-01,242.91662157902744,234,gbm_corr_top1_2hop_rand15,f5,3
2025-06-01,389.78071881895454,234,gbm_corr_top1_2hop_rand15,f5,3
2025-07-01,254.49315769103407,234,gbm_corr_top1_2hop_rand15,f5,3
2025-08-01,273.44219707896076,234,gbm_corr_top1_2hop_rand15,f5,3
2025-09-01,247.1780571486392,234,gbm_corr_top1_2hop_rand15,f5,3
2025-10-01,287.0206763549517,234,gbm_corr_top1_2hop_rand15,f5,3
2025-11-01,331.91121867027744,234,gbm_corr_top1_2hop_rand15,f5,3
2025-12-01,282.5498119874337,234,gbm_corr_top1_2hop_rand15,f5,3
2026-01-01,302.0890789401148,234,gbm_corr_top1_2hop_rand15,f5,3
2026-02-01,405.69159783497054,234,gbm_corr_top1_2hop_rand15,f5,3
2026-03-01,356.13737031656245,234,gbm_corr_top1_2hop_rand15,f5,3
2026-04-01,329.41579238544296,234,gbm_corr_top1_2hop_rand15,f5,3
2026-05-01,350.5249612966449,234,gbm_corr_top1_2hop_rand15,f5,3
2025-05-01,247.35789887303227,234,gbm_corr_top1_rand16,f5,3
2025-06-01,387.9149513663556,234,gbm_corr_top1_rand16,f5,3
2025-07-01,254.84306845253357,234,gbm_corr_top1_rand16,f5,3
2025-08-01,274.36346793023336,234,gbm_corr_top1_rand16,f5,3
2025-09-01,247.60884184442486,234,gbm_corr_top1_rand16,f5,3
2025-10-01,291.2074574040394,234,gbm_corr_top1_rand16,f5,3
2025-11-01,332.400891383576,234,gbm_corr_top1_rand16,f5,3
2025-12-01,283.4157239513957,234,gbm_corr_top1_rand16,f5,3
2026-01-01,292.7142220237761,234,gbm_corr_top1_rand16,f5,3
2026-02-01,403.5655038813667,234,gbm_corr_top1_rand16,f5,3
2026-03-01,353.786001252445,234,gbm_corr_top1_rand16,f5,3
2026-04-01,325.53563719798825,234,gbm_corr_top1_rand16,f5,3
2026-05-01,344.6423160440544,234,gbm_corr_top1_rand16,f5,3
2025-05-01,242.53648684651998,234,mlp_corr_top1_rand16,f5,3
2025-06-01,386.90697494242346,234,mlp_corr_top1_rand16,f5,3
2025-07-01,253.08889995418164,234,mlp_corr_top1_rand16,f5,3
2025-08-01,269.29678975775664,234,mlp_corr_top1_rand16,f5,3
2025-09-01,240.9274234780079,234,mlp_corr_top1_rand16,f5,3
2025-10-01,286.67241648744556,234,mlp_corr_top1_rand16,f5,3
2025-11-01,327.36195147209247,234,mlp_corr_top1_rand16,f5,3
2025-12-01,276.2515039350425,234,mlp_corr_top1_rand16,f5,3
2026-01-01,295.0140431451792,234,mlp_corr_top1_rand16,f5,3
2026-02-01,404.5256862143319,234,mlp_corr_top1_rand16,f5,3
2026-03-01,349.8260011898362,234,mlp_corr_top1_rand16,f5,3
2026-04-01,326.2705578488423,234,mlp_corr_top1_rand16,f5,3
2026-05-01,344.40054612593474,234,mlp_corr_top1_rand16,f5,3
2025-05-01,244.82923899027335,234,gbm_corr_top1_2hop_rand16,f5,3
2025-06-01,384.4605096818847,234,gbm_corr_top1_2hop_rand16,f5,3
2025-07-01,256.6095211441372,234,gbm_corr_top1_2hop_rand16,f5,3
2025-08-01,273.4259407073635,234,gbm_corr_top1_2hop_rand16,f5,3
2025-09-01,246.99624510477358,234,gbm_corr_top1_2hop_rand16,f5,3
2025-10-01,292.89255221665314,234,gbm_corr_top1_2hop_rand16,f5,3
2025-11-01,339.0156095992871,234,gbm_corr_top1_2hop_rand16,f5,3
2025-12-01,283.9702845682079,234,gbm_corr_top1_2hop_rand16,f5,3
2026-01-01,293.5522612982076,234,gbm_corr_top1_2hop_rand16,f5,3
2026-02-01,399.00393374923783,234,gbm_corr_top1_2hop_rand16,f5,3
2026-03-01,351.5019711901929,234,gbm_corr_top1_2hop_rand16,f5,3
2026-04-01,325.8902704688899,234,gbm_corr_top1_2hop_rand16,f5,3
2026-05-01,345.66814874241373,234,gbm_corr_top1_2hop_rand16,f5,3
2025-05-01,243.45451458244185,234,gbm_corr_top1_rand17,f5,3
2025-06-01,392.19981252058477,234,gbm_corr_top1_rand17,f5,3
2025-07-01,256.26017306180063,234,gbm_corr_top1_rand17,f5,3
2025-08-01,270.76808603893295,234,gbm_corr_top1_rand17,f5,3
2025-09-01,243.60247587502508,234,gbm_corr_top1_rand17,f5,3
2025-10-01,289.87639991724427,234,gbm_corr_top1_rand17,f5,3
2025-11-01,332.3997786315477,234,gbm_corr_top1_rand17,f5,3
2025-12-01,285.02950903024777,234,gbm_corr_top1_rand17,f5,3
2026-01-01,297.4697668297203,234,gbm_corr_top1_rand17,f5,3
2026-02-01,405.2004575608614,234,gbm_corr_top1_rand17,f5,3
2026-03-01,358.439701442704,234,gbm_corr_top1_rand17,f5,3
2026-04-01,323.8128326825136,234,gbm_corr_top1_rand17,f5,3
2026-05-01,343.05063536474034,234,gbm_corr_top1_rand17,f5,3
2025-05-01,241.1990791765336,234,mlp_corr_top1_rand17,f5,3
2025-06-01,386.2142889612624,234,mlp_corr_top1_rand17,f5,3
2025-07-01,254.72264257083518,234,mlp_corr_top1_rand17,f5,3
2025-08-01,271.45799455568255,234,mlp_corr_top1_rand17,f5,3
2025-09-01,244.67329675362973,234,mlp_corr_top1_rand17,f5,3
2025-10-01,287.99234790667106,234,mlp_corr_top1_rand17,f5,3
2025-11-01,329.86567267667715,234,mlp_corr_top1_rand17,f5,3
2025-12-01,282.0471832770241,234,mlp_corr_top1_rand17,f5,3
2026-01-01,295.4897379892326,234,mlp_corr_top1_rand17,f5,3
2026-02-01,406.2961669938587,234,mlp_corr_top1_rand17,f5,3
2026-03-01,349.7352722698893,234,mlp_corr_top1_rand17,f5,3
2026-04-01,322.0668166808961,234,mlp_corr_top1_rand17,f5,3
2026-05-01,339.39559530450646,234,mlp_corr_top1_rand17,f5,3
2025-05-01,242.87455148998882,234,gbm_corr_top1_2hop_rand17,f5,3
2025-06-01,386.01530621434745,234,gbm_corr_top1_2hop_rand17,f5,3
2025-07-01,255.36943316401818,234,gbm_corr_top1_2hop_rand17,f5,3
2025-08-01,270.6654117087441,234,gbm_corr_top1_2hop_rand17,f5,3
2025-09-01,245.1311159070273,234,gbm_corr_top1_2hop_rand17,f5,3
2025-10-01,289.2591345392678,234,gbm_corr_top1_2hop_rand17,f5,3
2025-11-01,329.8978726317265,234,gbm_corr_top1_2hop_rand17,f5,3
2025-12-01,283.03201026384784,234,gbm_corr_top1_2hop_rand17,f5,3
2026-01-01,295.8341867235196,234,gbm_corr_top1_2hop_rand17,f5,3
2026-02-01,405.2798025912513,234,gbm_corr_top1_2hop_rand17,f5,3
2026-03-01,355.13208681232663,234,gbm_corr_top1_2hop_rand17,f5,3
2026-04-01,324.4507193765449,234,gbm_corr_top1_2hop_rand17,f5,3
2026-05-01,344.2566252469401,234,gbm_corr_top1_2hop_rand17,f5,3
2025-05-01,242.60950134617136,234,gbm_corr_top1_rand18,f5,3
2025-06-01,391.27458223378267,234,gbm_corr_top1_rand18,f5,3
2025-07-01,256.4974302286064,234,gbm_corr_top1_rand18,f5,3
2025-08-01,270.3401654573641,234,gbm_corr_top1_rand18,f5,3
2025-09-01,243.50883121252326,234,gbm_corr_top1_rand18,f5,3
2025-10-01,292.85177905635544,234,gbm_corr_top1_rand18,f5,3
2025-11-01,331.8267344284922,234,gbm_corr_top1_rand18,f5,3
2025-12-01,281.66931598080646,234,gbm_corr_top1_rand18,f5,3
2026-01-01,299.61058852633295,234,gbm_corr_top1_rand18,f5,3
2026-02-01,399.97078197549934,234,gbm_corr_top1_rand18,f5,3
2026-03-01,353.62982789826935,234,gbm_corr_top1_rand18,f5,3
2026-04-01,326.7246313536264,234,gbm_corr_top1_rand18,f5,3
2026-05-01,341.63944288903474,234,gbm_corr_top1_rand18,f5,3
2025-05-01,242.7348824685644,234,mlp_corr_top1_rand18,f5,3
2025-06-01,387.3747251774369,234,mlp_corr_top1_rand18,f5,3
2025-07-01,254.42551076859726,234,mlp_corr_top1_rand18,f5,3
2025-08-01,272.01623483244566,234,mlp_corr_top1_rand18,f5,3
2025-09-01,245.87234530137002,234,mlp_corr_top1_rand18,f5,3
2025-10-01,291.1798955023376,234,mlp_corr_top1_rand18,f5,3
2025-11-01,329.9516827951073,234,mlp_corr_top1_rand18,f5,3
2025-12-01,279.1409386587473,234,mlp_corr_top1_rand18,f5,3
2026-01-01,295.1397409283449,234,mlp_corr_top1_rand18,f5,3
2026-02-01,402.94559349044204,234,mlp_corr_top1_rand18,f5,3
2026-03-01,351.1333166957065,234,mlp_corr_top1_rand18,f5,3
2026-04-01,320.6531042417574,234,mlp_corr_top1_rand18,f5,3
2026-05-01,337.0587795186482,234,mlp_corr_top1_rand18,f5,3
2025-05-01,240.4464396653606,234,gbm_corr_top1_2hop_rand18,f5,3
2025-06-01,390.7874716003697,234,gbm_corr_top1_2hop_rand18,f5,3
2025-07-01,258.8367964465008,234,gbm_corr_top1_2hop_rand18,f5,3
2025-08-01,272.26428793255474,234,gbm_corr_top1_2hop_rand18,f5,3
2025-09-01,240.76328913851503,234,gbm_corr_top1_2hop_rand18,f5,3
2025-10-01,290.39926982223466,234,gbm_corr_top1_2hop_rand18,f5,3
2025-11-01,330.4095064581805,234,gbm_corr_top1_2hop_rand18,f5,3
2025-12-01,279.0770433108383,234,gbm_corr_top1_2hop_rand18,f5,3
2026-01-01,304.4434792390001,234,gbm_corr_top1_2hop_rand18,f5,3
2026-02-01,400.30969458685945,234,gbm_corr_top1_2hop_rand18,f5,3
2026-03-01,357.07195951674186,234,gbm_corr_top1_2hop_rand18,f5,3
2026-04-01,323.6198343448647,234,gbm_corr_top1_2hop_rand18,f5,3
2026-05-01,342.44240243830006,234,gbm_corr_top1_2hop_rand18,f5,3
2025-05-01,242.73751868511272,234,gbm_corr_top1_rand19,f5,3
2025-06-01,392.8544212174135,234,gbm_corr_top1_rand19,f5,3
2025-07-01,255.95235169480839,234,gbm_corr_top1_rand19,f5,3
2025-08-01,273.59182988741753,234,gbm_corr_top1_rand19,f5,3
2025-09-01,246.36303202383925,234,gbm_corr_top1_rand19,f5,3
2025-10-01,289.78200637385584,234,gbm_corr_top1_rand19,f5,3
2025-11-01,330.14962458453965,234,gbm_corr_top1_rand19,f5,3
2025-12-01,282.1380406622055,234,gbm_corr_top1_rand19,f5,3
2026-01-01,296.1178859893811,234,gbm_corr_top1_rand19,f5,3
2026-02-01,402.9723135522848,234,gbm_corr_top1_rand19,f5,3
2026-03-01,354.87606119229434,234,gbm_corr_top1_rand19,f5,3
2026-04-01,325.97597144883144,234,gbm_corr_top1_rand19,f5,3
2026-05-01,342.1063387739421,234,gbm_corr_top1_rand19,f5,3
2025-05-01,242.95676089695746,234,mlp_corr_top1_rand19,f5,3
2025-06-01,388.0208534849362,234,mlp_corr_top1_rand19,f5,3
2025-07-01,255.59061789149465,234,mlp_corr_top1_rand19,f5,3
2025-08-01,271.36297066072814,234,mlp_corr_top1_rand19,f5,3
2025-09-01,245.01606898687396,234,mlp_corr_top1_rand19,f5,3
2025-10-01,287.76618118094194,234,mlp_corr_top1_rand19,f5,3
2025-11-01,330.22865751224765,234,mlp_corr_top1_rand19,f5,3
2025-12-01,282.61612069531907,234,mlp_corr_top1_rand19,f5,3
2026-01-01,294.54116100272546,234,mlp_corr_top1_rand19,f5,3
2026-02-01,403.6710738436316,234,mlp_corr_top1_rand19,f5,3
2026-03-01,351.46935205023846,234,mlp_corr_top1_rand19,f5,3
2026-04-01,325.77086683944384,234,mlp_corr_top1_rand19,f5,3
2026-05-01,345.9627489879011,234,mlp_corr_top1_rand19,f5,3
2025-05-01,243.2316270603816,234,gbm_corr_top1_2hop_rand19,f5,3
2025-06-01,394.21047758039475,234,gbm_corr_top1_2hop_rand19,f5,3
2025-07-01,255.20631590840134,234,gbm_corr_top1_2hop_rand19,f5,3
2025-08-01,275.2297594234258,234,gbm_corr_top1_2hop_rand19,f5,3
2025-09-01,247.15772992728134,234,gbm_corr_top1_2hop_rand19,f5,3
2025-10-01,290.57704309091764,234,gbm_corr_top1_2hop_rand19,f5,3
2025-11-01,334.78426040537823,234,gbm_corr_top1_2hop_rand19,f5,3
2025-12-01,285.11532884218633,234,gbm_corr_top1_2hop_rand19,f5,3
2026-01-01,300.22655537307975,234,gbm_corr_top1_2hop_rand19,f5,3
2026-02-01,404.1601934547827,234,gbm_corr_top1_2hop_rand19,f5,3
2026-03-01,356.83669650364567,234,gbm_corr_top1_2hop_rand19,f5,3
2026-04-01,327.2715196583442,234,gbm_corr_top1_2hop_rand19,f5,3
2026-05-01,348.37376648475356,234,gbm_corr_top1_2hop_rand19,f5,3
