tile,n_cells,area_km2
0,8640,87590.1068687439
1,3456,140071.92846679688
2,3456,140071.92846679688
3,3456,140071.92846679688
4,3456,140071.92846679688
5,3456,140071.92846679688
6,1440,116566.64108276367
7,1440,116566.64108276367
8,1440,116566.64108276367
9,1440,116566.64108276367
10,1440,116566.64108276367
11,1440,116566.64108276367
12,1440,116566.64108276367
13,1440,116566.64108276367
14,1440,116566.64108276367
15,1440,116566.64108276367
16,1440,116566.64108276367
17,1440,116566.64108276367
18,960,116300.30151367188
19,960,116300.30151367188
20,960,116300.30151367188
21,960,116300.30151367188
22,960,116300.30151367188
23,960,116300.30151367188
24,960,116300.30151367188
25,960,116300.30151367188
26,960,116300.30151367188
27,960,116300.30151367188
28,960,116300.30151367188
29,960,116300.30151367188
30,960,116300.30151367188
31,960,116300.30151367188
32,960,116300.30151367188
33,960,116300.30151367188
34,960,116300.30151367188
35,960,116300.30151367188
36,720,115928.0648803711
37,720,115928.0648803711
38,720,115928.0648803711
39,720,115928.0648803711
40,720,115928.0648803711
41,720,115928.0648803711
42,720,115928.0648803711
43,720,115928.0648803711
44,720,115928.0648803711
45,720,115928.0648803711
46,720,115928.0648803711
47,720,115928.0648803711
48,720,115928.0648803711
49,720,115928.0648803711
50,720,115928.0648803711
51,720,115928.0648803711
52,720,115928.0648803711
53,720,115928.0648803711
54,720,115928.0648803711
55,720,115928.0648803711
56,720,115928.0648803711
57,720,115928.0648803711
58,720,115928.0648803711
59,720,115928.0648803711
60,552,110640.0863647461
61,552,110640.0863647461
62,576,115450.52490234375
63,552,110640.0863647461
64,552,110640.0863647461
65,552,110640.0863647461
66,576,115450.52490234375
67,552,110640.0863647461
68,552,110640.0863647461
69,552,110640.0863647461
70,552,110640.0863647461
71,576,115450.52490234375
72,552,110640.0863647461
73,552,110640.0863647461
74,552,110640.0863647461
75,576,115450.52490234375
76,552,110640.0863647461
77,552,110640.0863647461
78,552,110640.0863647461
79,552,110640.0863647461
80,576,115450.52490234375
81,552,110640.0863647461
82,552,110640.0863647461
83,552,110640.0863647461
84,576,115450.52490234375
85,552,110640.0863647461
86,552,110640.0863647461
87,552,110640.0863647461
88,576,115450.52490234375
89,552,110640.0863647461
90,552,110640.0863647461
91,456,109125.03244018555
92,480,114868.45520019531
93,456,109125.03244018555
94,480,114868.45520019531
95,456,109125.03244018555
96,480,114868.45520019531
97,456,109125.03244018555
98,480,114868.45520019531
99,456,109125.03244018555
100,480,114868.45520019531
101,456,109125.03244018555
102,480,114868.45520019531
103,456,109125.03244018555
104,456,109125.03244018555
105,480,114868.45520019531
106,456,109125.03244018555
107,480,114868.45520019531
108,456,109125.03244018555
109,480,114868.45520019531
110,456,109125.03244018555
111,480,114868.45520019531
112,456,109125.03244018555
113,480,114868.45520019531
114,456,109125.03244018555
115,456,109125.03244018555
116,480,114868.45520019531
117,456,109125.03244018555
118,480,114868.45520019531
119,456,109125.03244018555
120,480,114868.45520019531
121,456,109125.03244018555
122,480,114868.45520019531
123,456,109125.03244018555
124,480,114868.45520019531
125,456,109125.03244018555
126,480,114868.45520019531
127,456,109125.03244018555
128,408,113231.30358886719
129,408,113231.30358886719
130,408,113231.30358886719
131,432,119891.96850585938
132,408,113231.30358886719
133,408,113231.30358886719
134,408,113231.30358886719
135,408,113231.30358886719
136,408,113231.30358886719
137,408,113231.30358886719
138,432,119891.96850585938
139,408,113231.30358886719
140,408,113231.30358886719
141,408,113231.30358886719
142,408,113231.30358886719
143,408,113231.30358886719
144,408,113231.30358886719
145,432,119891.96850585938
146,408,113231.30358886719
147,408,113231.30358886719
148,408,113231.30358886719
149,408,113231.30358886719
150,408,113231.30358886719
151,408,113231.30358886719
152,432,119891.96850585938
153,408,113231.30358886719
154,408,113231.30358886719
155,408,113231.30358886719
156,408,113231.30358886719
157,408,113231.30358886719
158,408,113231.30358886719
159,432,119891.96850585938
160,408,113231.30358886719
161,408,113231.30358886719
162,408,113231.30358886719
163,408,113231.30358886719
164,408,113231.30358886719
165,408,113231.30358886719
166,432,119891.96850585938
167,408,113231.30358886719
168,408,113231.30358886719
169,408,113231.30358886719
170,360,113394.75402832031
171,360,113394.75402832031
172,360,113394.75402832031
173,360,113394.75402832031
174,360,113394.75402832031
175,360,113394.75402832031
176,360,113394.75402832031
177,360,113394.75402832031
178,360,113394.75402832031
179,360,113394.75402832031
180,360,113394.75402832031
181,360,113394.75402832031
182,360,113394.75402832031
183,360,113394.75402832031
184,360,113394.75402832031
185,360,113394.75402832031
186,360,113394.75402832031
187,360,113394.75402832031
188,360,113394.75402832031
189,360,113394.75402832031
190,360,113394.75402832031
191,360,113394.75402832031
192,360,113394.75402832031
193,360,113394.75402832031
194,360,113394.75402832031
195,360,113394.75402832031
196,360,113394.75402832031
197,360,113394.75402832031
198,360,113394.75402832031
199,360,113394.75402832031
200,360,113394.75402832031
201,360,113394.75402832031
202,360,113394.75402832031
203,360,113394.75402832031
204,360,113394.75402832031
205,360,113394.75402832031
206,360,113394.75402832031
207,360,113394.75402832031
208,360,113394.75402832031
209,360,113394.75402832031
210,360,113394.75402832031
211,360,113394.75402832031
212,360,113394.75402832031
213,360,113394.75402832031
214,360,113394.75402832031
215,360,113394.75402832031
216,360,113394.75402832031
217,360,113394.75402832031
218,312,109692.90661621094
219,336,118130.82250976562
220,312,109692.90661621094
221,312,109692.90661621094
222,336,118130.82250976562
223,312,109692.90661621094
224,312,109692.90661621094
225,336,118130.82250976562
226,312,109692.90661621094
227,312,109692.90661621094
228,336,118130.82250976562
229,312,109692.90661621094
230,312,109692.90661621094
231,336,118130.82250976562
232,312,109692.90661621094
233,312,109692.90661621094
234,336,118130.82250976562
235,312,109692.90661621094
236,312,109692.90661621094
237,336,118130.82250976562
238,312,109692.90661621094
239,312,109692.90661621094
240,336,118130.82250976562
241,312,109692.90661621094
242,312,109692.90661621094
243,336,118130.82250976562
244,312,109692.90661621094
245,312,109692.90661621094
246,336,118130.82250976562
247,312,109692.90661621094
248,312,109692.90661621094
249,336,118130.82250976562
250,312,109692.90661621094
251,312,109692.90661621094
252,336,118130.82250976562
253,312,109692.90661621094
254,312,109692.90661621094
255,336,118130.82250976562
256,312,109692.90661621094
257,312,109692.90661621094
258,336,118130.82250976562
259,312,109692.90661621094
260,312,109692.90661621094
261,336,118130.82250976562
262,312,109692.90661621094
263,312,109692.90661621094
264,336,118130.82250976562
265,312,109692.90661621094
266,312,109692.90661621094
267,336,118130.82250976562
268,312,109692.90661621094
269,312,109692.90661621094
270,336,118130.82250976562
271,312,109692.90661621094
272,288,111516.6298828125
273,288,111516.6298828125
274,312,120809.68237304688
275,288,111516.6298828125
276,288,111516.6298828125
277,288,111516.6298828125
278,288,111516.6298828125
279,312,120809.68237304688
280,288,111516.6298828125
281,288,111516.6298828125
282,288,111516.6298828125
283,288,111516.6298828125
284,312,120809.68237304688
285,288,111516.6298828125
286,288,111516.6298828125
287,288,111516.6298828125
288,288,111516.6298828125
289,312,120809.68237304688
290,288,111516.6298828125
291,288,111516.6298828125
292,288,111516.6298828125
293,288,111516.6298828125
294,312,120809.68237304688
295,288,111516.6298828125
296,288,111516.6298828125
297,288,111516.6298828125
298,288,111516.6298828125
299,312,120809.68237304688
300,288,111516.6298828125
301,288,111516.6298828125
302,288,111516.6298828125
303,312,120809.68237304688
304,288,111516.6298828125
305,288,111516.6298828125
306,288,111516.6298828125
307,288,111516.6298828125
308,312,120809.68237304688
309,288,111516.6298828125
310,288,111516.6298828125
311,288,111516.6298828125
312,288,111516.6298828125
313,312,120809.68237304688
314,288,111516.6298828125
315,288,111516.6298828125
316,288,111516.6298828125
317,288,111516.6298828125
318,312,120809.68237304688
319,288,111516.6298828125
320,288,111516.6298828125
321,288,111516.6298828125
322,288,111516.6298828125
323,312,120809.68237304688
324,288,111516.6298828125
325,288,111516.6298828125
326,288,111516.6298828125
327,288,111516.6298828125
328,312,120809.68237304688
329,288,111516.6298828125
330,288,111516.6298828125
331,264,111349.89953613281
332,264,111349.89953613281
333,264,111349.89953613281
334,264,111349.89953613281
335,264,111349.89953613281
336,264,111349.89953613281
337,288,121472.61767578125
338,264,111349.89953613281
339,264,111349.89953613281
340,264,111349.89953613281
341,264,111349.89953613281
342,264,111349.89953613281
343,264,111349.89953613281
344,264,111349.89953613281
345,264,111349.89953613281
346,264,111349.89953613281
347,264,111349.89953613281
348,264,111349.89953613281
349,264,111349.89953613281
350,288,121472.61767578125
351,264,111349.89953613281
352,264,111349.89953613281
353,264,111349.89953613281
354,264,111349.89953613281
355,264,111349.89953613281
356,264,111349.89953613281
357,264,111349.89953613281
358,264,111349.89953613281
359,264,111349.89953613281
360,264,111349.89953613281
361,264,111349.89953613281
362,264,111349.89953613281
363,288,121472.61767578125
364,264,111349.89953613281
365,264,111349.89953613281
366,264,111349.89953613281
367,264,111349.89953613281
368,264,111349.89953613281
369,264,111349.89953613281
370,264,111349.89953613281
371,264,111349.89953613281
372,264,111349.89953613281
373,264,111349.89953613281
374,264,111349.89953613281
375,264,111349.89953613281
376,288,121472.61767578125
377,264,111349.89953613281
378,264,111349.89953613281
379,264,111349.89953613281
380,264,111349.89953613281
381,264,111349.89953613281
382,264,111349.89953613281
383,264,111349.89953613281
384,264,111349.89953613281
385,264,111349.89953613281
386,264,111349.89953613281
387,264,111349.89953613281
388,264,111349.89953613281
389,288,121472.61767578125
390,264,111349.89953613281
391,264,111349.89953613281
392,264,111349.89953613281
393,264,111349.89953613281
394,264,111349.89953613281
395,264,111349.89953613281
396,240,109246.38488769531
397,264,120171.02337646484
398,240,109246.38488769531
399,240,109246.38488769531
400,240,109246.38488769531
401,264,120171.02337646484
402,240,109246.38488769531
403,240,109246.38488769531
404,264,120171.02337646484
405,240,109246.38488769531
406,240,109246.38488769531
407,240,109246.38488769531
408,264,120171.02337646484
409,240,109246.38488769531
410,240,109246.38488769531
411,264,120171.02337646484
412,240,109246.38488769531
413,240,109246.38488769531
414,240,109246.38488769531
415,264,120171.02337646484
416,240,109246.38488769531
417,240,109246.38488769531
418,264,120171.02337646484
419,240,109246.38488769531
420,240,109246.38488769531
421,240,109246.38488769531
422,264,120171.02337646484
423,240,109246.38488769531
424,240,109246.38488769531
425,264,120171.02337646484
426,240,109246.38488769531
427,240,109246.38488769531
428,240,109246.38488769531
429,264,120171.02337646484
430,240,109246.38488769531
431,240,109246.38488769531
432,264,120171.02337646484
433,240,109246.38488769531
434,240,109246.38488769531
435,240,109246.38488769531
436,264,120171.02337646484
437,240,109246.38488769531
438,240,109246.38488769531
439,264,120171.02337646484
440,240,109246.38488769531
441,240,109246.38488769531
442,240,109246.38488769531
443,264,120171.02337646484
444,240,109246.38488769531
445,240,109246.38488769531
446,264,120171.02337646484
447,240,109246.38488769531
448,240,109246.38488769531
449,240,109246.38488769531
450,264,120171.02337646484
451,240,109246.38488769531
452,240,109246.38488769531
453,264,120171.02337646484
454,240,109246.38488769531
455,240,109246.38488769531
456,240,109246.38488769531
457,264,120171.02337646484
458,240,109246.38488769531
459,240,109246.38488769531
460,264,120171.02337646484
461,240,109246.38488769531
462,240,109246.38488769531
463,240,109246.38488769531
464,264,120171.02337646484
465,240,109246.38488769531
466,240,116966.14990234375
467,216,105269.53491210938
468,240,116966.14990234375
469,216,105269.53491210938
470,240,116966.14990234375
471,240,116966.14990234375
472,216,105269.53491210938
473,240,116966.14990234375
474,216,105269.53491210938
475,240,116966.14990234375
476,240,116966.14990234375
477,216,105269.53491210938
478,240,116966.14990234375
479,216,105269.53491210938
480,240,116966.14990234375
481,240,116966.14990234375
482,216,105269.53491210938
483,240,116966.14990234375
484,216,105269.53491210938
485,240,116966.14990234375
486,240,116966.14990234375
487,216,105269.53491210938
488,240,116966.14990234375
489,216,105269.53491210938
490,240,116966.14990234375
491,240,116966.14990234375
492,216,105269.53491210938
493,240,116966.14990234375
494,216,105269.53491210938
495,240,116966.14990234375
496,240,116966.14990234375
497,216,105269.53491210938
498,240,116966.14990234375
499,216,105269.53491210938
500,240,116966.14990234375
501,240,116966.14990234375
502,216,105269.53491210938
503,240,116966.14990234375
504,216,105269.53491210938
505,240,116966.14990234375
506,240,116966.14990234375
507,216,105269.53491210938
508,240,116966.14990234375
509,216,105269.53491210938
510,240,116966.14990234375
511,240,116966.14990234375
512,216,105269.53491210938
513,240,116966.14990234375
514,216,105269.53491210938
515,240,116966.14990234375
516,240,116966.14990234375
517,216,105269.53491210938
518,240,116966.14990234375
519,216,105269.53491210938
520,240,116966.14990234375
521,240,116966.14990234375
522,216,105269.53491210938
523,240,116966.14990234375
524,216,105269.53491210938
525,240,116966.14990234375
526,240,116966.14990234375
527,216,105269.53491210938
528,240,116966.14990234375
529,216,105269.53491210938
530,240,116966.14990234375
531,240,116966.14990234375
532,216,105269.53491210938
533,240,116966.14990234375
534,216,105269.53491210938
535,240,116966.14990234375
536,240,116966.14990234375
537,216,105269.53491210938
538,240,116966.14990234375
539,216,105269.53491210938
540,240,116966.14990234375
541,216,111928.78619384766
542,216,111928.78619384766
543,216,111928.78619384766
544,216,111928.78619384766
545,216,111928.78619384766
546,216,111928.78619384766
547,216,111928.78619384766
548,216,111928.78619384766
549,216,111928.78619384766
550,216,111928.78619384766
551,216,111928.78619384766
552,216,111928.78619384766
553,216,111928.78619384766
554,216,111928.78619384766
555,216,111928.78619384766
556,216,111928.78619384766
557,216,111928.78619384766
558,216,111928.78619384766
559,216,111928.78619384766
560,216,111928.78619384766
561,216,111928.78619384766
562,216,111928.78619384766
563,216,111928.78619384766
564,216,111928.78619384766
565,216,111928.78619384766
566,216,111928.78619384766
567,216,111928.78619384766
568,216,111928.78619384766
569,216,111928.78619384766
570,216,111928.78619384766
571,216,111928.78619384766
572,216,111928.78619384766
573,216,111928.78619384766
574,216,111928.78619384766
575,216,111928.78619384766
576,216,111928.78619384766
577,216,111928.78619384766
578,216,111928.78619384766
579,216,111928.78619384766
580,216,111928.78619384766
581,216,111928.78619384766
582,216,111928.78619384766
583,216,111928.78619384766
584,216,111928.78619384766
585,216,111928.78619384766
586,216,111928.78619384766
587,216,111928.78619384766
588,216,111928.78619384766
589,216,111928.78619384766
590,216,111928.78619384766
591,216,111928.78619384766
592,216,111928.78619384766
593,216,111928.78619384766
594,216,111928.78619384766
595,216,111928.78619384766
596,216,111928.78619384766
597,216,111928.78619384766
598,216,111928.78619384766
599,216,111928.78619384766
600,216,111928.78619384766
601,216,111928.78619384766
602,216,111928.78619384766
603,216,111928.78619384766
604,216,111928.78619384766
605,216,111928.78619384766
606,216,111928.78619384766
607,216,111928.78619384766
608,216,111928.78619384766
609,216,111928.78619384766
610,216,111928.78619384766
611,216,111928.78619384766
612,216,111928.78619384766
613,216,111928.78619384766
614,216,111928.78619384766
615,216,111928.78619384766
616,216,111928.78619384766
617,216,111928.78619384766
618,216,111928.78619384766
619,216,111928.78619384766
620,216,111928.78619384766
621,216,118281.24865722656
622,192,105138.8876953125
623,216,118281.24865722656
624,192,105138.8876953125
625,216,118281.24865722656
626,192,105138.8876953125
627,216,118281.24865722656
628,216,118281.24865722656
629,192,105138.8876953125
630,216,118281.24865722656
631,192,105138.8876953125
632,216,118281.24865722656
633,192,105138.8876953125
634,216,118281.24865722656
635,216,118281.24865722656
636,192,105138.8876953125
637,216,118281.24865722656
638,192,105138.8876953125
639,216,118281.24865722656
640,192,105138.8876953125
641,216,118281.24865722656
642,216,118281.24865722656
643,192,105138.8876953125
644,216,118281.24865722656
645,192,105138.8876953125
646,216,118281.24865722656
647,192,105138.8876953125
648,216,118281.24865722656
649,216,118281.24865722656
650,192,105138.8876953125
651,216,118281.24865722656
652,192,105138.8876953125
653,216,118281.24865722656
654,192,105138.8876953125
655,216,118281.24865722656
656,216,118281.24865722656
657,192,105138.8876953125
658,216,118281.24865722656
659,192,105138.8876953125
660,216,118281.24865722656
661,192,105138.8876953125
662,216,118281.24865722656
663,216,118281.24865722656
664,192,105138.8876953125
665,216,118281.24865722656
666,192,105138.8876953125
667,216,118281.24865722656
668,192,105138.8876953125
669,216,118281.24865722656
670,216,118281.24865722656
671,192,105138.8876953125
672,216,118281.24865722656
673,192,105138.8876953125
674,216,118281.24865722656
675,192,105138.8876953125
676,216,118281.24865722656
677,216,118281.24865722656
678,192,105138.8876953125
679,216,118281.24865722656
680,192,105138.8876953125
681,216,118281.24865722656
682,192,105138.8876953125
683,216,118281.24865722656
684,216,118281.24865722656
685,192,105138.8876953125
686,216,118281.24865722656
687,192,105138.8876953125
688,216,118281.24865722656
689,192,105138.8876953125
690,216,118281.24865722656
691,216,118281.24865722656
692,192,105138.8876953125
693,216,118281.24865722656
694,192,105138.8876953125
695,216,118281.24865722656
696,192,105138.8876953125
697,216,118281.24865722656
698,216,118281.24865722656
699,192,105138.8876953125
700,216,118281.24865722656
701,192,105138.8876953125
702,216,118281.24865722656
703,192,105138.8876953125
704,216,118281.24865722656
705,192,110497.3447265625
706,192,110497.3447265625
707,192,110497.3447265625
708,192,110497.3447265625
709,192,110497.3447265625
710,216,124309.51281738281
711,192,110497.3447265625
712,192,110497.3447265625
713,192,110497.3447265625
714,192,110497.3447265625
715,192,110497.3447265625
716,192,110497.3447265625
717,192,110497.3447265625
718,192,110497.3447265625
719,192,110497.3447265625
720,192,110497.3447265625
721,216,124309.51281738281
722,192,110497.3447265625
723,192,110497.3447265625
724,192,110497.3447265625
725,192,110497.3447265625
726,192,110497.3447265625
727,192,110497.3447265625
728,192,110497.3447265625
729,192,110497.3447265625
730,192,110497.3447265625
731,192,110497.3447265625
732,216,124309.51281738281
733,192,110497.3447265625
734,192,110497.3447265625
735,192,110497.3447265625
736,192,110497.3447265625
737,192,110497.3447265625
738,192,110497.3447265625
739,192,110497.3447265625
740,192,110497.3447265625
741,192,110497.3447265625
742,192,110497.3447265625
743,216,124309.51281738281
744,192,110497.3447265625
745,192,110497.3447265625
746,192,110497.3447265625
747,192,110497.3447265625
748,192,110497.3447265625
749,192,110497.3447265625
750,192,110497.3447265625
751,192,110497.3447265625
752,192,110497.3447265625
753,192,110497.3447265625
754,192,110497.3447265625
755,216,124309.51281738281
756,192,110497.3447265625
757,192,110497.3447265625
758,192,110497.3447265625
759,192,110497.3447265625
760,192,110497.3447265625
761,192,110497.3447265625
762,192,110497.3447265625
763,192,110497.3447265625
764,192,110497.3447265625
765,192,110497.3447265625
766,216,124309.51281738281
767,192,110497.3447265625
768,192,110497.3447265625
769,192,110497.3447265625
770,192,110497.3447265625
771,192,110497.3447265625
772,192,110497.3447265625
773,192,110497.3447265625
774,192,110497.3447265625
775,192,110497.3447265625
776,192,110497.3447265625
777,216,124309.51281738281
778,192,110497.3447265625
779,192,110497.3447265625
780,192,110497.3447265625
781,192,110497.3447265625
782,192,110497.3447265625
783,192,110497.3447265625
784,192,110497.3447265625
785,192,110497.3447265625
786,192,110497.3447265625
787,192,110497.3447265625
788,216,124309.51281738281
789,192,110497.3447265625
790,192,110497.3447265625
791,192,110497.3447265625
792,192,110497.3447265625
793,192,110497.3447265625
794,192,115552.9345703125
795,168,101108.81774902344
796,192,115552.9345703125
797,192,115552.9345703125
798,192,115552.9345703125
799,168,101108.81774902344
800,192,115552.9345703125
801,192,115552.9345703125
802,192,115552.9345703125
803,168,101108.81774902344
804,192,115552.9345703125
805,192,115552.9345703125
806,192,115552.9345703125
807,168,101108.81774902344
808,192,115552.9345703125
809,192,115552.9345703125
810,192,115552.9345703125
811,168,101108.81774902344
812,192,115552.9345703125
813,192,115552.9345703125
814,192,115552.9345703125
815,168,101108.81774902344
816,192,115552.9345703125
817,192,115552.9345703125
818,192,115552.9345703125
819,168,101108.81774902344
820,192,115552.9345703125
821,192,115552.9345703125
822,168,101108.81774902344
823,192,115552.9345703125
824,192,115552.9345703125
825,192,115552.9345703125
826,168,101108.81774902344
827,192,115552.9345703125
828,192,115552.9345703125
829,192,115552.9345703125
830,168,101108.81774902344
831,192,115552.9345703125
832,192,115552.9345703125
833,192,115552.9345703125
834,168,101108.81774902344
835,192,115552.9345703125
836,192,115552.9345703125
837,192,115552.9345703125
838,168,101108.81774902344
839,192,115552.9345703125
840,192,115552.9345703125
841,192,115552.9345703125
842,168,101108.81774902344
843,192,115552.9345703125
844,192,115552.9345703125
845,192,115552.9345703125
846,168,101108.81774902344
847,192,115552.9345703125
848,192,115552.9345703125
849,192,115552.9345703125
850,168,101108.81774902344
851,192,115552.9345703125
852,192,115552.9345703125
853,168,101108.81774902344
854,192,115552.9345703125
855,192,115552.9345703125
856,192,115552.9345703125
857,168,101108.81774902344
858,192,115552.9345703125
859,192,115552.9345703125
860,192,115552.9345703125
861,168,101108.81774902344
862,192,115552.9345703125
863,192,115552.9345703125
864,192,115552.9345703125
865,168,101108.81774902344
866,192,115552.9345703125
867,192,115552.9345703125
868,192,115552.9345703125
869,168,101108.81774902344
870,192,115552.9345703125
871,192,115552.9345703125
872,192,115552.9345703125
873,168,101108.81774902344
874,192,115552.9345703125
875,192,115552.9345703125
876,192,115552.9345703125
877,168,101108.81774902344
878,192,115552.9345703125
879,192,115552.9345703125
880,192,115552.9345703125
881,168,101108.81774902344
882,192,115552.9345703125
883,192,115552.9345703125
884,168,101108.81774902344
885,192,115552.9345703125
886,192,115552.9345703125
887,168,105255.32482910156
888,192,120291.7998046875
889,168,105255.32482910156
890,192,120291.7998046875
891,168,105255.32482910156
892,192,120291.7998046875
893,168,105255.32482910156
894,168,105255.32482910156
895,192,120291.7998046875
896,168,105255.32482910156
897,192,120291.7998046875
898,168,105255.32482910156
899,168,105255.32482910156
900,192,120291.7998046875
901,168,105255.32482910156
902,192,120291.7998046875
903,168,105255.32482910156
904,192,120291.7998046875
905,168,105255.32482910156
906,168,105255.32482910156
907,192,120291.7998046875
908,168,105255.32482910156
909,192,120291.7998046875
910,168,105255.32482910156
911,192,120291.7998046875
912,168,105255.32482910156
913,168,105255.32482910156
914,192,120291.7998046875
915,168,105255.32482910156
916,192,120291.7998046875
917,168,105255.32482910156
918,192,120291.7998046875
919,168,105255.32482910156
920,168,105255.32482910156
921,192,120291.7998046875
922,168,105255.32482910156
923,192,120291.7998046875
924,168,105255.32482910156
925,168,105255.32482910156
926,192,120291.7998046875
927,168,105255.32482910156
928,192,120291.7998046875
929,168,105255.32482910156
930,192,120291.7998046875
931,168,105255.32482910156
932,168,105255.32482910156
933,192,120291.7998046875
934,168,105255.32482910156
935,192,120291.7998046875
936,168,105255.32482910156
937,192,120291.7998046875
938,168,105255.32482910156
939,168,105255.32482910156
940,192,120291.7998046875
941,168,105255.32482910156
942,192,120291.7998046875
943,168,105255.32482910156
944,168,105255.32482910156
945,192,120291.7998046875
946,168,105255.32482910156
947,192,120291.7998046875
948,168,105255.32482910156
949,192,120291.7998046875
950,168,105255.32482910156
951,168,105255.32482910156
952,192,120291.7998046875
953,168,105255.32482910156
954,192,120291.7998046875
955,168,105255.32482910156
956,192,120291.7998046875
957,168,105255.32482910156
958,168,105255.32482910156
959,192,120291.7998046875
960,168,105255.32482910156
961,192,120291.7998046875
962,168,105255.32482910156
963,192,120291.7998046875
964,168,105255.32482910156
965,168,105255.32482910156
966,192,120291.7998046875
967,168,105255.32482910156
968,192,120291.7998046875
969,168,105255.32482910156
970,168,105255.32482910156
971,192,120291.7998046875
972,168,105255.32482910156
973,192,120291.7998046875
974,168,105255.32482910156
975,192,120291.7998046875
976,168,105255.32482910156
977,168,105255.32482910156
978,192,120291.7998046875
979,168,105255.32482910156
980,192,120291.7998046875
981,168,105255.32482910156
982,192,120291.7998046875
983,168,105255.32482910156
984,168,109113.33654785156
985,168,109113.33654785156
986,192,124700.9560546875
987,168,109113.33654785156
988,168,109113.33654785156
989,168,109113.33654785156
990,168,109113.33654785156
991,192,124700.9560546875
992,168,109113.33654785156
993,168,109113.33654785156
994,168,109113.33654785156
995,168,109113.33654785156
996,192,124700.9560546875
997,168,109113.33654785156
998,168,109113.33654785156
999,168,109113.33654785156
1000,168,109113.33654785156
1001,192,124700.9560546875
1002,168,109113.33654785156
1003,168,109113.33654785156
1004,168,109113.33654785156
1005,168,109113.33654785156
1006,192,124700.9560546875
1007,168,109113.33654785156
1008,168,109113.33654785156
1009,168,109113.33654785156
1010,168,109113.33654785156
1011,192,124700.9560546875
1012,168,109113.33654785156
1013,168,109113.33654785156
1014,168,109113.33654785156
1015,168,109113.33654785156
1016,192,124700.9560546875
1017,168,109113.33654785156
1018,168,109113.33654785156
1019,168,109113.33654785156
1020,168,109113.33654785156
1021,192,124700.9560546875
1022,168,109113.33654785156
1023,168,109113.33654785156
1024,168,109113.33654785156
1025,168,109113.33654785156
1026,192,124700.9560546875
1027,168,109113.33654785156
1028,168,109113.33654785156
1029,168,109113.33654785156
1030,168,109113.33654785156
1031,192,124700.9560546875
1032,168,109113.33654785156
1033,168,109113.33654785156
1034,168,109113.33654785156
1035,168,109113.33654785156
1036,192,124700.9560546875
1037,168,109113.33654785156
1038,168,109113.33654785156
1039,168,109113.33654785156
1040,168,109113.33654785156
1041,192,124700.9560546875
1042,168,109113.33654785156
1043,168,109113.33654785156
1044,168,109113.33654785156
1045,168,109113.33654785156
1046,192,124700.9560546875
1047,168,109113.33654785156
1048,168,109113.33654785156
1049,168,109113.33654785156
1050,168,109113.33654785156
1051,192,124700.9560546875
1052,168,109113.33654785156
1053,168,109113.33654785156
1054,168,109113.33654785156
1055,168,109113.33654785156
1056,192,124700.9560546875
1057,168,109113.33654785156
1058,168,109113.33654785156
1059,168,109113.33654785156
1060,168,109113.33654785156
1061,192,124700.9560546875
1062,168,109113.33654785156
1063,168,109113.33654785156
1064,168,109113.33654785156
1065,168,109113.33654785156
1066,192,124700.9560546875
1067,168,109113.33654785156
1068,168,109113.33654785156
1069,168,109113.33654785156
1070,168,109113.33654785156
1071,192,124700.9560546875
1072,168,109113.33654785156
1073,168,109113.33654785156
1074,168,109113.33654785156
1075,168,109113.33654785156
1076,192,124700.9560546875
1077,168,109113.33654785156
1078,168,109113.33654785156
1079,168,109113.33654785156
1080,168,109113.33654785156
1081,192,124700.9560546875
1082,168,109113.33654785156
1083,168,109113.33654785156
1084,168,112672.27429199219
1085,168,112672.27429199219
1086,168,112672.27429199219
1087,168,112672.27429199219
1088,168,112672.27429199219
1089,168,112672.27429199219
1090,168,112672.27429199219
1091,168,112672.27429199219
1092,168,112672.27429199219
1093,168,112672.27429199219
1094,168,112672.27429199219
1095,168,112672.27429199219
1096,168,112672.27429199219
1097,168,112672.27429199219
1098,168,112672.27429199219
1099,168,112672.27429199219
1100,168,112672.27429199219
1101,168,112672.27429199219
1102,168,112672.27429199219
1103,168,112672.27429199219
1104,168,112672.27429199219
1105,168,112672.27429199219
1106,168,112672.27429199219
1107,168,112672.27429199219
1108,168,112672.27429199219
1109,168,112672.27429199219
1110,168,112672.27429199219
1111,168,112672.27429199219
1112,168,112672.27429199219
1113,168,112672.27429199219
1114,168,112672.27429199219
1115,168,112672.27429199219
1116,168,112672.27429199219
1117,168,112672.27429199219
1118,168,112672.27429199219
1119,168,112672.27429199219
1120,168,112672.27429199219
1121,168,112672.27429199219
1122,168,112672.27429199219
1123,168,112672.27429199219
1124,168,112672.27429199219
1125,168,112672.27429199219
1126,168,112672.27429199219
1127,168,112672.27429199219
1128,168,112672.27429199219
1129,168,112672.27429199219
1130,168,112672.27429199219
1131,168,112672.27429199219
1132,168,112672.27429199219
1133,144,96576.23510742188
1134,168,112672.27429199219
1135,168,112672.27429199219
1136,168,112672.27429199219
1137,168,112672.27429199219
1138,168,112672.27429199219
1139,168,112672.27429199219
1140,168,112672.27429199219
1141,168,112672.27429199219
1142,168,112672.27429199219
1143,168,112672.27429199219
1144,168,112672.27429199219
1145,168,112672.27429199219
1146,168,112672.27429199219
1147,168,112672.27429199219
1148,168,112672.27429199219
1149,168,112672.27429199219
1150,168,112672.27429199219
1151,168,112672.27429199219
1152,168,112672.27429199219
1153,168,112672.27429199219
1154,168,112672.27429199219
1155,168,112672.27429199219
1156,168,112672.27429199219
1157,168,112672.27429199219
1158,168,112672.27429199219
1159,168,112672.27429199219
1160,168,112672.27429199219
1161,168,112672.27429199219
1162,168,112672.27429199219
1163,168,112672.27429199219
1164,168,112672.27429199219
1165,168,112672.27429199219
1166,168,112672.27429199219
1167,168,112672.27429199219
1168,168,112672.27429199219
1169,168,112672.27429199219
1170,168,112672.27429199219
1171,168,112672.27429199219
1172,168,112672.27429199219
1173,168,112672.27429199219
1174,168,112672.27429199219
1175,168,112672.27429199219
1176,168,112672.27429199219
1177,168,112672.27429199219
1178,168,112672.27429199219
1179,168,112672.27429199219
1180,168,112672.27429199219
1181,168,112672.27429199219
1182,168,112672.27429199219
1183,168,112672.27429199219
1184,168,112672.27429199219
1185,168,112672.27429199219
1186,168,112672.27429199219
1187,168,115922.38916015625
1188,168,115922.38916015625
1189,144,99362.0478515625
1190,168,115922.38916015625
1191,168,115922.38916015625
1192,168,115922.38916015625
1193,168,115922.38916015625
1194,144,99362.0478515625
1195,168,115922.38916015625
1196,168,115922.38916015625
1197,168,115922.38916015625
1198,144,99362.0478515625
1199,168,115922.38916015625
1200,168,115922.38916015625
1201,168,115922.38916015625
1202,168,115922.38916015625
1203,144,99362.0478515625
1204,168,115922.38916015625
1205,168,115922.38916015625
1206,168,115922.38916015625
1207,168,115922.38916015625
1208,144,99362.0478515625
1209,168,115922.38916015625
1210,168,115922.38916015625
1211,168,115922.38916015625
1212,168,115922.38916015625
1213,144,99362.0478515625
1214,168,115922.38916015625
1215,168,115922.38916015625
1216,168,115922.38916015625
1217,168,115922.38916015625
1218,144,99362.0478515625
1219,168,115922.38916015625
1220,168,115922.38916015625
1221,168,115922.38916015625
1222,168,115922.38916015625
1223,144,99362.0478515625
1224,168,115922.38916015625
1225,168,115922.38916015625
1226,168,115922.38916015625
1227,144,99362.0478515625
1228,168,115922.38916015625
1229,168,115922.38916015625
1230,168,115922.38916015625
1231,168,115922.38916015625
1232,144,99362.0478515625
1233,168,115922.38916015625
1234,168,115922.38916015625
1235,168,115922.38916015625
1236,168,115922.38916015625
1237,144,99362.0478515625
1238,168,115922.38916015625
1239,168,115922.38916015625
1240,168,115922.38916015625
1241,168,115922.38916015625
1242,144,99362.0478515625
1243,168,115922.38916015625
1244,168,115922.38916015625
1245,168,115922.38916015625
1246,168,115922.38916015625
1247,144,99362.0478515625
1248,168,115922.38916015625
1249,168,115922.38916015625
1250,168,115922.38916015625
1251,144,99362.0478515625
1252,168,115922.38916015625
1253,168,115922.38916015625
1254,168,115922.38916015625
1255,168,115922.38916015625
1256,144,99362.0478515625
1257,168,115922.38916015625
1258,168,115922.38916015625
1259,168,115922.38916015625
1260,168,115922.38916015625
1261,144,99362.0478515625
1262,168,115922.38916015625
1263,168,115922.38916015625
1264,168,115922.38916015625
1265,168,115922.38916015625
1266,144,99362.0478515625
1267,168,115922.38916015625
1268,168,115922.38916015625
1269,168,115922.38916015625
1270,168,115922.38916015625
1271,144,99362.0478515625
1272,168,115922.38916015625
1273,168,115922.38916015625
1274,168,115922.38916015625
1275,168,115922.38916015625
1276,144,99362.0478515625
1277,168,115922.38916015625
1278,168,115922.38916015625
1279,168,115922.38916015625
1280,144,99362.0478515625
1281,168,115922.38916015625
1282,168,115922.38916015625
1283,168,115922.38916015625
1284,168,115922.38916015625
1285,144,99362.0478515625
1286,168,115922.38916015625
1287,168,115922.38916015625
1288,168,115922.38916015625
1289,168,115922.38916015625
1290,144,99362.0478515625
1291,168,115922.38916015625
1292,168,115922.38916015625
1293,168,118854.76623535156
1294,144,101875.51391601562
1295,168,118854.76623535156
1296,144,101875.51391601562
1297,168,118854.76623535156
1298,168,118854.76623535156
1299,144,101875.51391601562
1300,168,118854.76623535156
1301,144,101875.51391601562
1302,168,118854.76623535156
1303,168,118854.76623535156
1304,144,101875.51391601562
1305,168,118854.76623535156
1306,144,101875.51391601562
1307,168,118854.76623535156
1308,168,118854.76623535156
1309,144,101875.51391601562
1310,168,118854.76623535156
1311,144,101875.51391601562
1312,168,118854.76623535156
1313,168,118854.76623535156
1314,144,101875.51391601562
1315,168,118854.76623535156
1316,168,118854.76623535156
1317,144,101875.51391601562
1318,168,118854.76623535156
1319,144,101875.51391601562
1320,168,118854.76623535156
1321,168,118854.76623535156
1322,144,101875.51391601562
1323,168,118854.76623535156
1324,144,101875.51391601562
1325,168,118854.76623535156
1326,168,118854.76623535156
1327,144,101875.51391601562
1328,168,118854.76623535156
1329,144,101875.51391601562
1330,168,118854.76623535156
1331,168,118854.76623535156
1332,144,101875.51391601562
1333,168,118854.76623535156
1334,144,101875.51391601562
1335,168,118854.76623535156
1336,168,118854.76623535156
1337,144,101875.51391601562
1338,168,118854.76623535156
1339,144,101875.51391601562
1340,168,118854.76623535156
1341,168,118854.76623535156
1342,144,101875.51391601562
1343,168,118854.76623535156
1344,144,101875.51391601562
1345,168,118854.76623535156
1346,168,118854.76623535156
1347,144,101875.51391601562
1348,168,118854.76623535156
1349,168,118854.76623535156
1350,144,101875.51391601562
1351,168,118854.76623535156
1352,144,101875.51391601562
1353,168,118854.76623535156
1354,168,118854.76623535156
1355,144,101875.51391601562
1356,168,118854.76623535156
1357,144,101875.51391601562
1358,168,118854.76623535156
1359,168,118854.76623535156
1360,144,101875.51391601562
1361,168,118854.76623535156
1362,144,101875.51391601562
1363,168,118854.76623535156
1364,168,118854.76623535156
1365,144,101875.51391601562
1366,168,118854.76623535156
1367,144,101875.51391601562
1368,168,118854.76623535156
1369,168,118854.76623535156
1370,144,101875.51391601562
1371,168,118854.76623535156
1372,144,101875.51391601562
1373,168,118854.76623535156
1374,168,118854.76623535156
1375,144,101875.51391601562
1376,168,118854.76623535156
1377,144,101875.51391601562
1378,168,118854.76623535156
1379,168,118854.76623535156
1380,144,101875.51391601562
1381,168,118854.76623535156
1382,144,101875.51391601562
1383,168,118854.76623535156
1384,168,118854.76623535156
1385,144,101875.51391601562
1386,168,118854.76623535156
1387,168,118854.76623535156
1388,144,101875.51391601562
1389,168,118854.76623535156
1390,144,101875.51391601562
1391,168,118854.76623535156
1392,168,118854.76623535156
1393,144,101875.51391601562
1394,168,118854.76623535156
1395,144,101875.51391601562
1396,168,118854.76623535156
1397,168,118854.76623535156
1398,144,101875.51391601562
1399,168,118854.76623535156
1400,144,101875.51391601562
1401,168,118854.76623535156
1402,144,104109.74487304688
1403,168,121461.36901855469
1404,144,104109.74487304688
1405,168,121461.36901855469
1406,144,104109.74487304688
1407,168,121461.36901855469
1408,144,104109.74487304688
1409,144,104109.74487304688
1410,168,121461.36901855469
1411,144,104109.74487304688
1412,168,121461.36901855469
1413,144,104109.74487304688
1414,168,121461.36901855469
1415,144,104109.74487304688
1416,144,104109.74487304688
1417,168,121461.36901855469
1418,144,104109.74487304688
1419,168,121461.36901855469
1420,144,104109.74487304688
1421,168,121461.36901855469
1422,144,104109.74487304688
1423,144,104109.74487304688
1424,168,121461.36901855469
1425,144,104109.74487304688
1426,168,121461.36901855469
1427,144,104109.74487304688
1428,168,121461.36901855469
1429,144,104109.74487304688
1430,144,104109.74487304688
1431,168,121461.36901855469
1432,144,104109.74487304688
1433,168,121461.36901855469
1434,144,104109.74487304688
1435,168,121461.36901855469
1436,144,104109.74487304688
1437,144,104109.74487304688
1438,168,121461.36901855469
1439,144,104109.74487304688
1440,168,121461.36901855469
1441,144,104109.74487304688
1442,168,121461.36901855469
1443,144,104109.74487304688
1444,144,104109.74487304688
1445,168,121461.36901855469
1446,144,104109.74487304688
1447,168,121461.36901855469
1448,144,104109.74487304688
1449,168,121461.36901855469
1450,144,104109.74487304688
1451,144,104109.74487304688
1452,168,121461.36901855469
1453,144,104109.74487304688
1454,168,121461.36901855469
1455,144,104109.74487304688
1456,168,121461.36901855469
1457,144,104109.74487304688
1458,144,104109.74487304688
1459,168,121461.36901855469
1460,144,104109.74487304688
1461,168,121461.36901855469
1462,144,104109.74487304688
1463,168,121461.36901855469
1464,144,104109.74487304688
1465,144,104109.74487304688
1466,168,121461.36901855469
1467,144,104109.74487304688
1468,168,121461.36901855469
1469,144,104109.74487304688
1470,168,121461.36901855469
1471,144,104109.74487304688
1472,144,104109.74487304688
1473,168,121461.36901855469
1474,144,104109.74487304688
1475,168,121461.36901855469
1476,144,104109.74487304688
1477,168,121461.36901855469
1478,144,104109.74487304688
1479,144,104109.74487304688
1480,168,121461.36901855469
1481,144,104109.74487304688
1482,168,121461.36901855469
1483,144,104109.74487304688
1484,168,121461.36901855469
1485,144,104109.74487304688
1486,144,104109.74487304688
1487,168,121461.36901855469
1488,144,104109.74487304688
1489,168,121461.36901855469
1490,144,104109.74487304688
1491,168,121461.36901855469
1492,144,104109.74487304688
1493,144,104109.74487304688
1494,168,121461.36901855469
1495,144,104109.74487304688
1496,168,121461.36901855469
1497,144,104109.74487304688
1498,168,121461.36901855469
1499,144,104109.74487304688
1500,144,104109.74487304688
1501,168,121461.36901855469
1502,144,104109.74487304688
1503,168,121461.36901855469
1504,144,104109.74487304688
1505,168,121461.36901855469
1506,144,104109.74487304688
1507,144,104109.74487304688
1508,168,121461.36901855469
1509,144,104109.74487304688
1510,168,121461.36901855469
1511,144,104109.74487304688
1512,168,121461.36901855469
1513,144,104109.74487304688
1514,144,106058.61840820312
1515,168,123735.05480957031
1516,144,106058.61840820312
1517,144,106058.61840820312
1518,168,123735.05480957031
1519,144,106058.61840820312
1520,144,106058.61840820312
1521,168,123735.05480957031
1522,144,106058.61840820312
1523,144,106058.61840820312
1524,144,106058.61840820312
1525,168,123735.05480957031
1526,144,106058.61840820312
1527,144,106058.61840820312
1528,168,123735.05480957031
1529,144,106058.61840820312
1530,144,106058.61840820312
1531,168,123735.05480957031
1532,144,106058.61840820312
1533,144,106058.61840820312
1534,168,123735.05480957031
1535,144,106058.61840820312
1536,144,106058.61840820312
1537,168,123735.05480957031
1538,144,106058.61840820312
1539,144,106058.61840820312
1540,168,123735.05480957031
1541,144,106058.61840820312
1542,144,106058.61840820312
1543,144,106058.61840820312
1544,168,123735.05480957031
1545,144,106058.61840820312
1546,144,106058.61840820312
1547,168,123735.05480957031
1548,144,106058.61840820312
1549,144,106058.61840820312
1550,168,123735.05480957031
1551,144,106058.61840820312
1552,144,106058.61840820312
1553,168,123735.05480957031
1554,144,106058.61840820312
1555,144,106058.61840820312
1556,168,123735.05480957031
1557,144,106058.61840820312
1558,144,106058.61840820312
1559,168,123735.05480957031
1560,144,106058.61840820312
1561,144,106058.61840820312
1562,144,106058.61840820312
1563,168,123735.05480957031
1564,144,106058.61840820312
1565,144,106058.61840820312
1566,168,123735.05480957031
1567,144,106058.61840820312
1568,144,106058.61840820312
1569,168,123735.05480957031
1570,144,106058.61840820312
1571,144,106058.61840820312
1572,168,123735.05480957031
1573,144,106058.61840820312
1574,144,106058.61840820312
1575,168,123735.05480957031
1576,144,106058.61840820312
1577,144,106058.61840820312
1578,168,123735.05480957031
1579,144,106058.61840820312
1580,144,106058.61840820312
1581,144,106058.61840820312
1582,168,123735.05480957031
1583,144,106058.61840820312
1584,144,106058.61840820312
1585,168,123735.05480957031
1586,144,106058.61840820312
1587,144,106058.61840820312
1588,168,123735.05480957031
1589,144,106058.61840820312
1590,144,106058.61840820312
1591,168,123735.05480957031
1592,144,106058.61840820312
1593,144,106058.61840820312
1594,168,123735.05480957031
1595,144,106058.61840820312
1596,144,106058.61840820312
1597,168,123735.05480957031
1598,144,106058.61840820312
1599,144,106058.61840820312
1600,144,106058.61840820312
1601,168,123735.05480957031
1602,144,106058.61840820312
1603,144,106058.61840820312
1604,168,123735.05480957031
1605,144,106058.61840820312
1606,144,106058.61840820312
1607,168,123735.05480957031
1608,144,106058.61840820312
1609,144,106058.61840820312
1610,168,123735.05480957031
1611,144,106058.61840820312
1612,144,106058.61840820312
1613,168,123735.05480957031
1614,144,106058.61840820312
1615,144,106058.61840820312
1616,168,123735.05480957031
1617,144,106058.61840820312
1618,144,106058.61840820312
1619,144,106058.61840820312
1620,168,123735.05480957031
1621,144,106058.61840820312
1622,144,106058.61840820312
1623,168,123735.05480957031
1624,144,106058.61840820312
1625,144,106058.61840820312
1626,168,123735.05480957031
1627,144,106058.61840820312
1628,144,107716.79443359375
1629,168,125669.59350585938
1630,144,107716.79443359375
1631,144,107716.79443359375
1632,144,107716.79443359375
1633,168,125669.59350585938
1634,144,107716.79443359375
1635,144,107716.79443359375
1636,144,107716.79443359375
1637,168,125669.59350585938
1638,144,107716.79443359375
1639,144,107716.79443359375
1640,144,107716.79443359375
1641,168,125669.59350585938
1642,144,107716.79443359375
1643,144,107716.79443359375
1644,144,107716.79443359375
1645,168,125669.59350585938
1646,144,107716.79443359375
1647,144,107716.79443359375
1648,144,107716.79443359375
1649,168,125669.59350585938
1650,144,107716.79443359375
1651,144,107716.79443359375
1652,168,125669.59350585938
1653,144,107716.79443359375
1654,144,107716.79443359375
1655,144,107716.79443359375
1656,168,125669.59350585938
1657,144,107716.79443359375
1658,144,107716.79443359375
1659,144,107716.79443359375
1660,168,125669.59350585938
1661,144,107716.79443359375
1662,144,107716.79443359375
1663,144,107716.79443359375
1664,168,125669.59350585938
1665,144,107716.79443359375
1666,144,107716.79443359375
1667,144,107716.79443359375
1668,168,125669.59350585938
1669,144,107716.79443359375
1670,144,107716.79443359375
1671,144,107716.79443359375
1672,168,125669.59350585938
1673,144,107716.79443359375
1674,144,107716.79443359375
1675,168,125669.59350585938
1676,144,107716.79443359375
1677,144,107716.79443359375
1678,144,107716.79443359375
1679,168,125669.59350585938
1680,144,107716.79443359375
1681,144,107716.79443359375
1682,144,107716.79443359375
1683,168,125669.59350585938
1684,144,107716.79443359375
1685,144,107716.79443359375
1686,144,107716.79443359375
1687,168,125669.59350585938
1688,144,107716.79443359375
1689,144,107716.79443359375
1690,144,107716.79443359375
1691,168,125669.59350585938
1692,144,107716.79443359375
1693,144,107716.79443359375
1694,144,107716.79443359375
1695,168,125669.59350585938
1696,144,107716.79443359375
1697,144,107716.79443359375
1698,168,125669.59350585938
1699,144,107716.79443359375
1700,144,107716.79443359375
1701,144,107716.79443359375
1702,168,125669.59350585938
1703,144,107716.79443359375
1704,144,107716.79443359375
1705,144,107716.79443359375
1706,168,125669.59350585938
1707,144,107716.79443359375
1708,144,107716.79443359375
1709,144,107716.79443359375
1710,168,125669.59350585938
1711,144,107716.79443359375
1712,144,107716.79443359375
1713,144,107716.79443359375
1714,168,125669.59350585938
1715,144,107716.79443359375
1716,144,107716.79443359375
1717,144,107716.79443359375
1718,168,125669.59350585938
1719,144,107716.79443359375
1720,144,107716.79443359375
1721,168,125669.59350585938
1722,144,107716.79443359375
1723,144,107716.79443359375
1724,144,107716.79443359375
1725,168,125669.59350585938
1726,144,107716.79443359375
1727,144,107716.79443359375
1728,144,107716.79443359375
1729,168,125669.59350585938
1730,144,107716.79443359375
1731,144,107716.79443359375
1732,144,107716.79443359375
1733,168,125669.59350585938
1734,144,107716.79443359375
1735,144,107716.79443359375
1736,144,107716.79443359375
1737,168,125669.59350585938
1738,144,107716.79443359375
1739,144,107716.79443359375
1740,144,107716.79443359375
1741,168,125669.59350585938
1742,144,107716.79443359375
1743,144,109079.72607421875
1744,144,109079.72607421875
1745,144,109079.72607421875
1746,168,127259.68041992188
1747,144,109079.72607421875
1748,144,109079.72607421875
1749,144,109079.72607421875
1750,144,109079.72607421875
1751,144,109079.72607421875
1752,168,127259.68041992188
1753,144,109079.72607421875
1754,144,109079.72607421875
1755,144,109079.72607421875
1756,144,109079.72607421875
1757,144,109079.72607421875
1758,144,109079.72607421875
1759,168,127259.68041992188
1760,144,109079.72607421875
1761,144,109079.72607421875
1762,144,109079.72607421875
1763,144,109079.72607421875
1764,144,109079.72607421875
1765,168,127259.68041992188
1766,144,109079.72607421875
1767,144,109079.72607421875
1768,144,109079.72607421875
1769,144,109079.72607421875
1770,144,109079.72607421875
1771,144,109079.72607421875
1772,168,127259.68041992188
1773,144,109079.72607421875
1774,144,109079.72607421875
1775,144,109079.72607421875
1776,144,109079.72607421875
1777,144,109079.72607421875
1778,168,127259.68041992188
1779,144,109079.72607421875
1780,144,109079.72607421875
1781,144,109079.72607421875
1782,144,109079.72607421875
1783,144,109079.72607421875
1784,144,109079.72607421875
1785,168,127259.68041992188
1786,144,109079.72607421875
1787,144,109079.72607421875
1788,144,109079.72607421875
1789,144,109079.72607421875
1790,144,109079.72607421875
1791,168,127259.68041992188
1792,144,109079.72607421875
1793,144,109079.72607421875
1794,144,109079.72607421875
1795,144,109079.72607421875
1796,144,109079.72607421875
1797,144,109079.72607421875
1798,168,127259.68041992188
1799,144,109079.72607421875
1800,144,109079.72607421875
1801,144,109079.72607421875
1802,144,109079.72607421875
1803,144,109079.72607421875
1804,168,127259.68041992188
1805,144,109079.72607421875
1806,144,109079.72607421875
1807,144,109079.72607421875
1808,144,109079.72607421875
1809,144,109079.72607421875
1810,144,109079.72607421875
1811,168,127259.68041992188
1812,144,109079.72607421875
1813,144,109079.72607421875
1814,144,109079.72607421875
1815,144,109079.72607421875
1816,144,109079.72607421875
1817,168,127259.68041992188
1818,144,109079.72607421875
1819,144,109079.72607421875
1820,144,109079.72607421875
1821,144,109079.72607421875
1822,144,109079.72607421875
1823,144,109079.72607421875
1824,168,127259.68041992188
1825,144,109079.72607421875
1826,144,109079.72607421875
1827,144,109079.72607421875
1828,144,109079.72607421875
1829,144,109079.72607421875
1830,168,127259.68041992188
1831,144,109079.72607421875
1832,144,109079.72607421875
1833,144,109079.72607421875
1834,144,109079.72607421875
1835,144,109079.72607421875
1836,144,109079.72607421875
1837,168,127259.68041992188
1838,144,109079.72607421875
1839,144,109079.72607421875
1840,144,109079.72607421875
1841,144,109079.72607421875
1842,144,109079.72607421875
1843,168,127259.68041992188
1844,144,109079.72607421875
1845,144,109079.72607421875
1846,144,109079.72607421875
1847,144,109079.72607421875
1848,144,109079.72607421875
1849,144,109079.72607421875
1850,168,127259.68041992188
1851,144,109079.72607421875
1852,144,109079.72607421875
1853,144,109079.72607421875
1854,144,109079.72607421875
1855,144,109079.72607421875
1856,168,127259.68041992188
1857,144,109079.72607421875
1858,144,109079.72607421875
1859,144,109079.72607421875
1860,144,110143.67651367188
1861,144,110143.67651367188
1862,144,110143.67651367188
1863,144,110143.67651367188
1864,144,110143.67651367188
1865,168,128500.95593261719
1866,144,110143.67651367188
1867,144,110143.67651367188
1868,144,110143.67651367188
1869,144,110143.67651367188
1870,144,110143.67651367188
1871,144,110143.67651367188
1872,144,110143.67651367188
1873,144,110143.67651367188
1874,168,128500.95593261719
1875,144,110143.67651367188
1876,144,110143.67651367188
1877,144,110143.67651367188
1878,144,110143.67651367188
1879,144,110143.67651367188
1880,144,110143.67651367188
1881,144,110143.67651367188
1882,144,110143.67651367188
1883,144,110143.67651367188
1884,168,128500.95593261719
1885,144,110143.67651367188
1886,144,110143.67651367188
1887,144,110143.67651367188
1888,144,110143.67651367188
1889,144,110143.67651367188
1890,144,110143.67651367188
1891,144,110143.67651367188
1892,144,110143.67651367188
1893,144,110143.67651367188
1894,168,128500.95593261719
1895,144,110143.67651367188
1896,144,110143.67651367188
1897,144,110143.67651367188
1898,144,110143.67651367188
1899,144,110143.67651367188
1900,144,110143.67651367188
1901,144,110143.67651367188
1902,144,110143.67651367188
1903,144,110143.67651367188
1904,168,128500.95593261719
1905,144,110143.67651367188
1906,144,110143.67651367188
1907,144,110143.67651367188
1908,144,110143.67651367188
1909,144,110143.67651367188
1910,144,110143.67651367188
1911,144,110143.67651367188
1912,144,110143.67651367188
1913,144,110143.67651367188
1914,168,128500.95593261719
1915,144,110143.67651367188
1916,144,110143.67651367188
1917,144,110143.67651367188
1918,144,110143.67651367188
1919,144,110143.67651367188
1920,144,110143.67651367188
1921,144,110143.67651367188
1922,144,110143.67651367188
1923,144,110143.67651367188
1924,168,128500.95593261719
1925,144,110143.67651367188
1926,144,110143.67651367188
1927,144,110143.67651367188
1928,144,110143.67651367188
1929,144,110143.67651367188
1930,144,110143.67651367188
1931,144,110143.67651367188
1932,144,110143.67651367188
1933,168,128500.95593261719
1934,144,110143.67651367188
1935,144,110143.67651367188
1936,144,110143.67651367188
1937,144,110143.67651367188
1938,144,110143.67651367188
1939,144,110143.67651367188
1940,144,110143.67651367188
1941,144,110143.67651367188
1942,144,110143.67651367188
1943,168,128500.95593261719
1944,144,110143.67651367188
1945,144,110143.67651367188
1946,144,110143.67651367188
1947,144,110143.67651367188
1948,144,110143.67651367188
1949,144,110143.67651367188
1950,144,110143.67651367188
1951,144,110143.67651367188
1952,144,110143.67651367188
1953,168,128500.95593261719
1954,144,110143.67651367188
1955,144,110143.67651367188
1956,144,110143.67651367188
1957,144,110143.67651367188
1958,144,110143.67651367188
1959,144,110143.67651367188
1960,144,110143.67651367188
1961,144,110143.67651367188
1962,144,110143.67651367188
1963,168,128500.95593261719
1964,144,110143.67651367188
1965,144,110143.67651367188
1966,144,110143.67651367188
1967,144,110143.67651367188
1968,144,110143.67651367188
1969,144,110143.67651367188
1970,144,110143.67651367188
1971,144,110143.67651367188
1972,144,110143.67651367188
1973,168,128500.95593261719
1974,144,110143.67651367188
1975,144,110143.67651367188
1976,144,110143.67651367188
1977,144,110143.67651367188
1978,144,110905.73071289062
1979,144,110905.73071289062
1980,144,110905.73071289062
1981,144,110905.73071289062
1982,144,110905.73071289062
1983,144,110905.73071289062
1984,144,110905.73071289062
1985,144,110905.73071289062
1986,144,110905.73071289062
1987,144,110905.73071289062
1988,168,129390.01916503906
1989,144,110905.73071289062
1990,144,110905.73071289062
1991,144,110905.73071289062
1992,144,110905.73071289062
1993,144,110905.73071289062
1994,144,110905.73071289062
1995,144,110905.73071289062
1996,144,110905.73071289062
1997,144,110905.73071289062
1998,144,110905.73071289062
1999,144,110905.73071289062
2000,144,110905.73071289062
2001,144,110905.73071289062
2002,144,110905.73071289062
2003,144,110905.73071289062
2004,144,110905.73071289062
2005,144,110905.73071289062
2006,144,110905.73071289062
2007,168,129390.01916503906
2008,144,110905.73071289062
2009,144,110905.73071289062
2010,144,110905.73071289062
2011,144,110905.73071289062
2012,144,110905.73071289062
2013,144,110905.73071289062
2014,144,110905.73071289062
2015,144,110905.73071289062
2016,144,110905.73071289062
2017,144,110905.73071289062
2018,144,110905.73071289062
2019,144,110905.73071289062
2020,144,110905.73071289062
2021,144,110905.73071289062
2022,144,110905.73071289062
2023,144,110905.73071289062
2024,144,110905.73071289062
2025,144,110905.73071289062
2026,144,110905.73071289062
2027,168,129390.01916503906
2028,144,110905.73071289062
2029,144,110905.73071289062
2030,144,110905.73071289062
2031,144,110905.73071289062
2032,144,110905.73071289062
2033,144,110905.73071289062
2034,144,110905.73071289062
2035,144,110905.73071289062
2036,144,110905.73071289062
2037,144,110905.73071289062
2038,144,110905.73071289062
2039,144,110905.73071289062
2040,144,110905.73071289062
2041,144,110905.73071289062
2042,144,110905.73071289062
2043,144,110905.73071289062
2044,144,110905.73071289062
2045,144,110905.73071289062
2046,144,110905.73071289062
2047,168,129390.01916503906
2048,144,110905.73071289062
2049,144,110905.73071289062
2050,144,110905.73071289062
2051,144,110905.73071289062
2052,144,110905.73071289062
2053,144,110905.73071289062
2054,144,110905.73071289062
2055,144,110905.73071289062
2056,144,110905.73071289062
2057,144,110905.73071289062
2058,144,110905.73071289062
2059,144,110905.73071289062
2060,144,110905.73071289062
2061,144,110905.73071289062
2062,144,110905.73071289062
2063,144,110905.73071289062
2064,144,110905.73071289062
2065,144,110905.73071289062
2066,144,110905.73071289062
2067,168,129390.01916503906
2068,144,110905.73071289062
2069,144,110905.73071289062
2070,144,110905.73071289062
2071,144,110905.73071289062
2072,144,110905.73071289062
2073,144,110905.73071289062
2074,144,110905.73071289062
2075,144,110905.73071289062
2076,144,110905.73071289062
2077,144,110905.73071289062
2078,144,110905.73071289062
2079,144,110905.73071289062
2080,144,110905.73071289062
2081,144,110905.73071289062
2082,144,110905.73071289062
2083,144,110905.73071289062
2084,144,110905.73071289062
2085,144,110905.73071289062
2086,144,110905.73071289062
2087,168,129390.01916503906
2088,144,110905.73071289062
2089,144,110905.73071289062
2090,144,110905.73071289062
2091,144,110905.73071289062
2092,144,110905.73071289062
2093,144,110905.73071289062
2094,144,110905.73071289062
2095,144,110905.73071289062
2096,144,110905.73071289062
2097,144,111363.80053710938
2098,144,111363.80053710938
2099,144,111363.80053710938
2100,144,111363.80053710938
2101,144,111363.80053710938
2102,144,111363.80053710938
2103,144,111363.80053710938
2104,144,111363.80053710938
2105,144,111363.80053710938
2106,144,111363.80053710938
2107,168,129924.43395996094
2108,144,111363.80053710938
2109,144,111363.80053710938
2110,144,111363.80053710938
2111,144,111363.80053710938
2112,144,111363.80053710938
2113,144,111363.80053710938
2114,144,111363.80053710938
2115,144,111363.80053710938
2116,144,111363.80053710938
2117,144,111363.80053710938
2118,144,111363.80053710938
2119,144,111363.80053710938
2120,144,111363.80053710938
2121,144,111363.80053710938
2122,144,111363.80053710938
2123,144,111363.80053710938
2124,144,111363.80053710938
2125,144,111363.80053710938
2126,168,129924.43395996094
2127,144,111363.80053710938
2128,144,111363.80053710938
2129,144,111363.80053710938
2130,144,111363.80053710938
2131,144,111363.80053710938
2132,144,111363.80053710938
2133,144,111363.80053710938
2134,144,111363.80053710938
2135,144,111363.80053710938
2136,144,111363.80053710938
2137,144,111363.80053710938
2138,144,111363.80053710938
2139,144,111363.80053710938
2140,144,111363.80053710938
2141,144,111363.80053710938
2142,144,111363.80053710938
2143,144,111363.80053710938
2144,144,111363.80053710938
2145,144,111363.80053710938
2146,168,129924.43395996094
2147,144,111363.80053710938
2148,144,111363.80053710938
2149,144,111363.80053710938
2150,144,111363.80053710938
2151,144,111363.80053710938
2152,144,111363.80053710938
2153,144,111363.80053710938
2154,144,111363.80053710938
2155,144,111363.80053710938
2156,144,111363.80053710938
2157,144,111363.80053710938
2158,144,111363.80053710938
2159,144,111363.80053710938
2160,144,111363.80053710938
2161,144,111363.80053710938
2162,144,111363.80053710938
2163,144,111363.80053710938
2164,144,111363.80053710938
2165,144,111363.80053710938
2166,168,129924.43395996094
2167,144,111363.80053710938
2168,144,111363.80053710938
2169,144,111363.80053710938
2170,144,111363.80053710938
2171,144,111363.80053710938
2172,144,111363.80053710938
2173,144,111363.80053710938
2174,144,111363.80053710938
2175,144,111363.80053710938
2176,144,111363.80053710938
2177,144,111363.80053710938
2178,144,111363.80053710938
2179,144,111363.80053710938
2180,144,111363.80053710938
2181,144,111363.80053710938
2182,144,111363.80053710938
2183,144,111363.80053710938
2184,144,111363.80053710938
2185,144,111363.80053710938
2186,168,129924.43395996094
2187,144,111363.80053710938
2188,144,111363.80053710938
2189,144,111363.80053710938
2190,144,111363.80053710938
2191,144,111363.80053710938
2192,144,111363.80053710938
2193,144,111363.80053710938
2194,144,111363.80053710938
2195,144,111363.80053710938
2196,144,111363.80053710938
2197,144,111363.80053710938
2198,144,111363.80053710938
2199,144,111363.80053710938
2200,144,111363.80053710938
2201,144,111363.80053710938
2202,144,111363.80053710938
2203,144,111363.80053710938
2204,144,111363.80053710938
2205,144,111363.80053710938
2206,168,129924.43395996094
2207,144,111363.80053710938
2208,144,111363.80053710938
2209,144,111363.80053710938
2210,144,111363.80053710938
2211,144,111363.80053710938
2212,144,111363.80053710938
2213,144,111363.80053710938
2214,144,111363.80053710938
2215,144,111363.80053710938
2216,144,111516.6328125
2217,144,111516.6328125
2218,144,111516.6328125
2219,144,111516.6328125
2220,144,111516.6328125
2221,144,111516.6328125
2222,144,111516.6328125
2223,144,111516.6328125
2224,144,111516.6328125
2225,144,111516.6328125
2226,168,130102.73828125
2227,144,111516.6328125
2228,144,111516.6328125
2229,144,111516.6328125
2230,144,111516.6328125
2231,144,111516.6328125
2232,144,111516.6328125
2233,144,111516.6328125
2234,144,111516.6328125
2235,144,111516.6328125
2236,144,111516.6328125
2237,144,111516.6328125
2238,144,111516.6328125
2239,144,111516.6328125
2240,144,111516.6328125
2241,144,111516.6328125
2242,144,111516.6328125
2243,144,111516.6328125
2244,144,111516.6328125
2245,168,130102.73828125
2246,144,111516.6328125
2247,144,111516.6328125
2248,144,111516.6328125
2249,144,111516.6328125
2250,144,111516.6328125
2251,144,111516.6328125
2252,144,111516.6328125
2253,144,111516.6328125
2254,144,111516.6328125
2255,144,111516.6328125
2256,144,111516.6328125
2257,144,111516.6328125
2258,144,111516.6328125
2259,144,111516.6328125
2260,144,111516.6328125
2261,144,111516.6328125
2262,144,111516.6328125
2263,144,111516.6328125
2264,144,111516.6328125
2265,168,130102.73828125
2266,144,111516.6328125
2267,144,111516.6328125
2268,144,111516.6328125
2269,144,111516.6328125
2270,144,111516.6328125
2271,144,111516.6328125
2272,144,111516.6328125
2273,144,111516.6328125
2274,144,111516.6328125
2275,144,111516.6328125
2276,144,111516.6328125
2277,144,111516.6328125
2278,144,111516.6328125
2279,144,111516.6328125
2280,144,111516.6328125
2281,144,111516.6328125
2282,144,111516.6328125
2283,144,111516.6328125
2284,144,111516.6328125
2285,168,130102.73828125
2286,144,111516.6328125
2287,144,111516.6328125
2288,144,111516.6328125
2289,144,111516.6328125
2290,144,111516.6328125
2291,144,111516.6328125
2292,144,111516.6328125
2293,144,111516.6328125
2294,144,111516.6328125
2295,144,111516.6328125
2296,144,111516.6328125
2297,144,111516.6328125
2298,144,111516.6328125
2299,144,111516.6328125
2300,144,111516.6328125
2301,144,111516.6328125
2302,144,111516.6328125
2303,144,111516.6328125
2304,144,111516.6328125
2305,168,130102.73828125
2306,144,111516.6328125
2307,144,111516.6328125
2308,144,111516.6328125
2309,144,111516.6328125
2310,144,111516.6328125
2311,144,111516.6328125
2312,144,111516.6328125
2313,144,111516.6328125
2314,144,111516.6328125
2315,144,111516.6328125
2316,144,111516.6328125
2317,144,111516.6328125
2318,144,111516.6328125
2319,144,111516.6328125
2320,144,111516.6328125
2321,144,111516.6328125
2322,144,111516.6328125
2323,144,111516.6328125
2324,144,111516.6328125
2325,168,130102.73828125
2326,144,111516.6328125
2327,144,111516.6328125
2328,144,111516.6328125
2329,144,111516.6328125
2330,144,111516.6328125
2331,144,111516.6328125
2332,144,111516.6328125
2333,144,111516.6328125
2334,144,111516.6328125
2335,144,111363.80053710938
2336,144,111363.80053710938
2337,144,111363.80053710938
2338,144,111363.80053710938
2339,144,111363.80053710938
2340,144,111363.80053710938
2341,144,111363.80053710938
2342,144,111363.80053710938
2343,144,111363.80053710938
2344,144,111363.80053710938
2345,168,129924.43395996094
2346,144,111363.80053710938
2347,144,111363.80053710938
2348,144,111363.80053710938
2349,144,111363.80053710938
2350,144,111363.80053710938
2351,144,111363.80053710938
2352,144,111363.80053710938
2353,144,111363.80053710938
2354,144,111363.80053710938
2355,144,111363.80053710938
2356,144,111363.80053710938
2357,144,111363.80053710938
2358,144,111363.80053710938
2359,144,111363.80053710938
2360,144,111363.80053710938
2361,144,111363.80053710938
2362,144,111363.80053710938
2363,144,111363.80053710938
2364,168,129924.43395996094
2365,144,111363.80053710938
2366,144,111363.80053710938
2367,144,111363.80053710938
2368,144,111363.80053710938
2369,144,111363.80053710938
2370,144,111363.80053710938
2371,144,111363.80053710938
2372,144,111363.80053710938
2373,144,111363.80053710938
2374,144,111363.80053710938
2375,144,111363.80053710938
2376,144,111363.80053710938
2377,144,111363.80053710938
2378,144,111363.80053710938
2379,144,111363.80053710938
2380,144,111363.80053710938
2381,144,111363.80053710938
2382,144,111363.80053710938
2383,144,111363.80053710938
2384,168,129924.43395996094
2385,144,111363.80053710938
2386,144,111363.80053710938
2387,144,111363.80053710938
2388,144,111363.80053710938
2389,144,111363.80053710938
2390,144,111363.80053710938
2391,144,111363.80053710938
2392,144,111363.80053710938
2393,144,111363.80053710938
2394,144,111363.80053710938
2395,144,111363.80053710938
2396,144,111363.80053710938
2397,144,111363.80053710938
2398,144,111363.80053710938
2399,144,111363.80053710938
2400,144,111363.80053710938
2401,144,111363.80053710938
2402,144,111363.80053710938
2403,144,111363.80053710938
2404,168,129924.43395996094
2405,144,111363.80053710938
2406,144,111363.80053710938
2407,144,111363.80053710938
2408,144,111363.80053710938
2409,144,111363.80053710938
2410,144,111363.80053710938
2411,144,111363.80053710938
2412,144,111363.80053710938
2413,144,111363.80053710938
2414,144,111363.80053710938
2415,144,111363.80053710938
2416,144,111363.80053710938
2417,144,111363.80053710938
2418,144,111363.80053710938
2419,144,111363.80053710938
2420,144,111363.80053710938
2421,144,111363.80053710938
2422,144,111363.80053710938
2423,144,111363.80053710938
2424,168,129924.43395996094
2425,144,111363.80053710938
2426,144,111363.80053710938
2427,144,111363.80053710938
2428,144,111363.80053710938
2429,144,111363.80053710938
2430,144,111363.80053710938
2431,144,111363.80053710938
2432,144,111363.80053710938
2433,144,111363.80053710938
2434,144,111363.80053710938
2435,144,111363.80053710938
2436,144,111363.80053710938
2437,144,111363.80053710938
2438,144,111363.80053710938
2439,144,111363.80053710938
2440,144,111363.80053710938
2441,144,111363.80053710938
2442,144,111363.80053710938
2443,144,111363.80053710938
2444,168,129924.43395996094
2445,144,111363.80053710938
2446,144,111363.80053710938
2447,144,111363.80053710938
2448,144,111363.80053710938
2449,144,111363.80053710938
2450,144,111363.80053710938
2451,144,111363.80053710938
2452,144,111363.80053710938
2453,144,111363.80053710938
2454,144,110905.73071289062
2455,144,110905.73071289062
2456,144,110905.73071289062
2457,144,110905.73071289062
2458,144,110905.73071289062
2459,144,110905.73071289062
2460,144,110905.73071289062
2461,144,110905.73071289062
2462,144,110905.73071289062
2463,144,110905.73071289062
2464,168,129390.01916503906
2465,144,110905.73071289062
2466,144,110905.73071289062
2467,144,110905.73071289062
2468,144,110905.73071289062
2469,144,110905.73071289062
2470,144,110905.73071289062
2471,144,110905.73071289062
2472,144,110905.73071289062
2473,144,110905.73071289062
2474,144,110905.73071289062
2475,144,110905.73071289062
2476,144,110905.73071289062
2477,144,110905.73071289062
2478,144,110905.73071289062
2479,144,110905.73071289062
2480,144,110905.73071289062
2481,144,110905.73071289062
2482,144,110905.73071289062
2483,168,129390.01916503906
2484,144,110905.73071289062
2485,144,110905.73071289062
2486,144,110905.73071289062
2487,144,110905.73071289062
2488,144,110905.73071289062
2489,144,110905.73071289062
2490,144,110905.73071289062
2491,144,110905.73071289062
2492,144,110905.73071289062
2493,144,110905.73071289062
2494,144,110905.73071289062
2495,144,110905.73071289062
2496,144,110905.73071289062
2497,144,110905.73071289062
2498,144,110905.73071289062
2499,144,110905.73071289062
2500,144,110905.73071289062
2501,144,110905.73071289062
2502,144,110905.73071289062
2503,168,129390.01916503906
2504,144,110905.73071289062
2505,144,110905.73071289062
2506,144,110905.73071289062
2507,144,110905.73071289062
2508,144,110905.73071289062
2509,144,110905.73071289062
2510,144,110905.73071289062
2511,144,110905.73071289062
2512,144,110905.73071289062
2513,144,110905.73071289062
2514,144,110905.73071289062
2515,144,110905.73071289062
2516,144,110905.73071289062
2517,144,110905.73071289062
2518,144,110905.73071289062
2519,144,110905.73071289062
2520,144,110905.73071289062
2521,144,110905.73071289062
2522,144,110905.73071289062
2523,168,129390.01916503906
2524,144,110905.73071289062
2525,144,110905.73071289062
2526,144,110905.73071289062
2527,144,110905.73071289062
2528,144,110905.73071289062
2529,144,110905.73071289062
2530,144,110905.73071289062
2531,144,110905.73071289062
2532,144,110905.73071289062
2533,144,110905.73071289062
2534,144,110905.73071289062
2535,144,110905.73071289062
2536,144,110905.73071289062
2537,144,110905.73071289062
2538,144,110905.73071289062
2539,144,110905.73071289062
2540,144,110905.73071289062
2541,144,110905.73071289062
2542,144,110905.73071289062
2543,168,129390.01916503906
2544,144,110905.73071289062
2545,144,110905.73071289062
2546,144,110905.73071289062
2547,144,110905.73071289062
2548,144,110905.73071289062
2549,144,110905.73071289062
2550,144,110905.73071289062
2551,144,110905.73071289062
2552,144,110905.73071289062
2553,144,110905.73071289062
2554,144,110905.73071289062
2555,144,110905.73071289062
2556,144,110905.73071289062
2557,144,110905.73071289062
2558,144,110905.73071289062
2559,144,110905.73071289062
2560,144,110905.73071289062
2561,144,110905.73071289062
2562,144,110905.73071289062
2563,168,129390.01916503906
2564,144,110905.73071289062
2565,144,110905.73071289062
2566,144,110905.73071289062
2567,144,110905.73071289062
2568,144,110905.73071289062
2569,144,110905.73071289062
2570,144,110905.73071289062
2571,144,110905.73071289062
2572,144,110905.73071289062
2573,144,110143.67651367188
2574,144,110143.67651367188
2575,144,110143.67651367188
2576,144,110143.67651367188
2577,144,110143.67651367188
2578,168,128500.95593261719
2579,144,110143.67651367188
2580,144,110143.67651367188
2581,144,110143.67651367188
2582,144,110143.67651367188
2583,144,110143.67651367188
2584,144,110143.67651367188
2585,144,110143.67651367188
2586,144,110143.67651367188
2587,168,128500.95593261719
2588,144,110143.67651367188
2589,144,110143.67651367188
2590,144,110143.67651367188
2591,144,110143.67651367188
2592,144,110143.67651367188
2593,144,110143.67651367188
2594,144,110143.67651367188
2595,144,110143.67651367188
2596,144,110143.67651367188
2597,168,128500.95593261719
2598,144,110143.67651367188
2599,144,110143.67651367188
2600,144,110143.67651367188
2601,144,110143.67651367188
2602,144,110143.67651367188
2603,144,110143.67651367188
2604,144,110143.67651367188
2605,144,110143.67651367188
2606,144,110143.67651367188
2607,168,128500.95593261719
2608,144,110143.67651367188
2609,144,110143.67651367188
2610,144,110143.67651367188
2611,144,110143.67651367188
2612,144,110143.67651367188
2613,144,110143.67651367188
2614,144,110143.67651367188
2615,144,110143.67651367188
2616,144,110143.67651367188
2617,168,128500.95593261719
2618,144,110143.67651367188
2619,144,110143.67651367188
2620,144,110143.67651367188
2621,144,110143.67651367188
2622,144,110143.67651367188
2623,144,110143.67651367188
2624,144,110143.67651367188
2625,144,110143.67651367188
2626,144,110143.67651367188
2627,168,128500.95593261719
2628,144,110143.67651367188
2629,144,110143.67651367188
2630,144,110143.67651367188
2631,144,110143.67651367188
2632,144,110143.67651367188
2633,144,110143.67651367188
2634,144,110143.67651367188
2635,144,110143.67651367188
2636,144,110143.67651367188
2637,168,128500.95593261719
2638,144,110143.67651367188
2639,144,110143.67651367188
2640,144,110143.67651367188
2641,144,110143.67651367188
2642,144,110143.67651367188
2643,144,110143.67651367188
2644,144,110143.67651367188
2645,144,110143.67651367188
2646,168,128500.95593261719
2647,144,110143.67651367188
2648,144,110143.67651367188
2649,144,110143.67651367188
2650,144,110143.67651367188
2651,144,110143.67651367188
2652,144,110143.67651367188
2653,144,110143.67651367188
2654,144,110143.67651367188
2655,144,110143.67651367188
2656,168,128500.95593261719
2657,144,110143.67651367188
2658,144,110143.67651367188
2659,144,110143.67651367188
2660,144,110143.67651367188
2661,144,110143.67651367188
2662,144,110143.67651367188
2663,144,110143.67651367188
2664,144,110143.67651367188
2665,144,110143.67651367188
2666,168,128500.95593261719
2667,144,110143.67651367188
2668,144,110143.67651367188
2669,144,110143.67651367188
2670,144,110143.67651367188
2671,144,110143.67651367188
2672,144,110143.67651367188
2673,144,110143.67651367188
2674,144,110143.67651367188
2675,144,110143.67651367188
2676,168,128500.95593261719
2677,144,110143.67651367188
2678,144,110143.67651367188
2679,144,110143.67651367188
2680,144,110143.67651367188
2681,144,110143.67651367188
2682,144,110143.67651367188
2683,144,110143.67651367188
2684,144,110143.67651367188
2685,144,110143.67651367188
2686,168,128500.95593261719
2687,144,110143.67651367188
2688,144,110143.67651367188
2689,144,110143.67651367188
2690,144,110143.67651367188
2691,144,109079.72607421875
2692,144,109079.72607421875
2693,144,109079.72607421875
2694,168,127259.68041992188
2695,144,109079.72607421875
2696,144,109079.72607421875
2697,144,109079.72607421875
2698,144,109079.72607421875
2699,144,109079.72607421875
2700,168,127259.68041992188
2701,144,109079.72607421875
2702,144,109079.72607421875
2703,144,109079.72607421875
2704,144,109079.72607421875
2705,144,109079.72607421875
2706,144,109079.72607421875
2707,168,127259.68041992188
2708,144,109079.72607421875
2709,144,109079.72607421875
2710,144,109079.72607421875
2711,144,109079.72607421875
2712,144,109079.72607421875
2713,168,127259.68041992188
2714,144,109079.72607421875
2715,144,109079.72607421875
2716,144,109079.72607421875
2717,144,109079.72607421875
2718,144,109079.72607421875
2719,144,109079.72607421875
2720,168,127259.68041992188
2721,144,109079.72607421875
2722,144,109079.72607421875
2723,144,109079.72607421875
2724,144,109079.72607421875
2725,144,109079.72607421875
2726,168,127259.68041992188
2727,144,109079.72607421875
2728,144,109079.72607421875
2729,144,109079.72607421875
2730,144,109079.72607421875
2731,144,109079.72607421875
2732,144,109079.72607421875
2733,168,127259.68041992188
2734,144,109079.72607421875
2735,144,109079.72607421875
2736,144,109079.72607421875
2737,144,109079.72607421875
2738,144,109079.72607421875
2739,168,127259.68041992188
2740,144,109079.72607421875
2741,144,109079.72607421875
2742,144,109079.72607421875
2743,144,109079.72607421875
2744,144,109079.72607421875
2745,144,109079.72607421875
2746,168,127259.68041992188
2747,144,109079.72607421875
2748,144,109079.72607421875
2749,144,109079.72607421875
2750,144,109079.72607421875
2751,144,109079.72607421875
2752,168,127259.68041992188
2753,144,109079.72607421875
2754,144,109079.72607421875
2755,144,109079.72607421875
2756,144,109079.72607421875
2757,144,109079.72607421875
2758,144,109079.72607421875
2759,168,127259.68041992188
2760,144,109079.72607421875
2761,144,109079.72607421875
2762,144,109079.72607421875
2763,144,109079.72607421875
2764,144,109079.72607421875
2765,168,127259.68041992188
2766,144,109079.72607421875
2767,144,109079.72607421875
2768,144,109079.72607421875
2769,144,109079.72607421875
2770,144,109079.72607421875
2771,144,109079.72607421875
2772,168,127259.68041992188
2773,144,109079.72607421875
2774,144,109079.72607421875
2775,144,109079.72607421875
2776,144,109079.72607421875
2777,144,109079.72607421875
2778,168,127259.68041992188
2779,144,109079.72607421875
2780,144,109079.72607421875
2781,144,109079.72607421875
2782,144,109079.72607421875
2783,144,109079.72607421875
2784,144,109079.72607421875
2785,168,127259.68041992188
2786,144,109079.72607421875
2787,144,109079.72607421875
2788,144,109079.72607421875
2789,144,109079.72607421875
2790,144,109079.72607421875
2791,168,127259.68041992188
2792,144,109079.72607421875
2793,144,109079.72607421875
2794,144,109079.72607421875
2795,144,109079.72607421875
2796,144,109079.72607421875
2797,144,109079.72607421875
2798,168,127259.68041992188
2799,144,109079.72607421875
2800,144,109079.72607421875
2801,144,109079.72607421875
2802,144,109079.72607421875
2803,144,109079.72607421875
2804,168,127259.68041992188
2805,144,109079.72607421875
2806,144,109079.72607421875
2807,144,109079.72607421875
2808,144,107716.79443359375
2809,168,125669.59350585938
2810,144,107716.79443359375
2811,144,107716.79443359375
2812,144,107716.79443359375
2813,168,125669.59350585938
2814,144,107716.79443359375
2815,144,107716.79443359375
2816,144,107716.79443359375
2817,168,125669.59350585938
2818,144,107716.79443359375
2819,144,107716.79443359375
2820,144,107716.79443359375
2821,168,125669.59350585938
2822,144,107716.79443359375
2823,144,107716.79443359375
2824,144,107716.79443359375
2825,168,125669.59350585938
2826,144,107716.79443359375
2827,144,107716.79443359375
2828,144,107716.79443359375
2829,168,125669.59350585938
2830,144,107716.79443359375
2831,144,107716.79443359375
2832,168,125669.59350585938
2833,144,107716.79443359375
2834,144,107716.79443359375
2835,144,107716.79443359375
2836,168,125669.59350585938
2837,144,107716.79443359375
2838,144,107716.79443359375
2839,144,107716.79443359375
2840,168,125669.59350585938
2841,144,107716.79443359375
2842,144,107716.79443359375
2843,144,107716.79443359375
2844,168,125669.59350585938
2845,144,107716.79443359375
2846,144,107716.79443359375
2847,144,107716.79443359375
2848,168,125669.59350585938
2849,144,107716.79443359375
2850,144,107716.79443359375
2851,144,107716.79443359375
2852,168,125669.59350585938
2853,144,107716.79443359375
2854,144,107716.79443359375
2855,168,125669.59350585938
2856,144,107716.79443359375
2857,144,107716.79443359375
2858,144,107716.79443359375
2859,168,125669.59350585938
2860,144,107716.79443359375
2861,144,107716.79443359375
2862,144,107716.79443359375
2863,168,125669.59350585938
2864,144,107716.79443359375
2865,144,107716.79443359375
2866,144,107716.79443359375
2867,168,125669.59350585938
2868,144,107716.79443359375
2869,144,107716.79443359375
2870,144,107716.79443359375
2871,168,125669.59350585938
2872,144,107716.79443359375
2873,144,107716.79443359375
2874,144,107716.79443359375
2875,168,125669.59350585938
2876,144,107716.79443359375
2877,144,107716.79443359375
2878,168,125669.59350585938
2879,144,107716.79443359375
2880,144,107716.79443359375
2881,144,107716.79443359375
2882,168,125669.59350585938
2883,144,107716.79443359375
2884,144,107716.79443359375
2885,144,107716.79443359375
2886,168,125669.59350585938
2887,144,107716.79443359375
2888,144,107716.79443359375
2889,144,107716.79443359375
2890,168,125669.59350585938
2891,144,107716.79443359375
2892,144,107716.79443359375
2893,144,107716.79443359375
2894,168,125669.59350585938
2895,144,107716.79443359375
2896,144,107716.79443359375
2897,144,107716.79443359375
2898,168,125669.59350585938
2899,144,107716.79443359375
2900,144,107716.79443359375
2901,168,125669.59350585938
2902,144,107716.79443359375
2903,144,107716.79443359375
2904,144,107716.79443359375
2905,168,125669.59350585938
2906,144,107716.79443359375
2907,144,107716.79443359375
2908,144,107716.79443359375
2909,168,125669.59350585938
2910,144,107716.79443359375
2911,144,107716.79443359375
2912,144,107716.79443359375
2913,168,125669.59350585938
2914,144,107716.79443359375
2915,144,107716.79443359375
2916,144,107716.79443359375
2917,168,125669.59350585938
2918,144,107716.79443359375
2919,144,107716.79443359375
2920,144,107716.79443359375
2921,168,125669.59350585938
2922,144,107716.79443359375
2923,144,106058.61840820312
2924,168,123735.05480957031
2925,144,106058.61840820312
2926,144,106058.61840820312
2927,168,123735.05480957031
2928,144,106058.61840820312
2929,144,106058.61840820312
2930,168,123735.05480957031
2931,144,106058.61840820312
2932,144,106058.61840820312
2933,144,106058.61840820312
2934,168,123735.05480957031
2935,144,106058.61840820312
2936,144,106058.61840820312
2937,168,123735.05480957031
2938,144,106058.61840820312
2939,144,106058.61840820312
2940,168,123735.05480957031
2941,144,106058.61840820312
2942,144,106058.61840820312
2943,168,123735.05480957031
2944,144,106058.61840820312
2945,144,106058.61840820312
2946,168,123735.05480957031
2947,144,106058.61840820312
2948,144,106058.61840820312
2949,168,123735.05480957031
2950,144,106058.61840820312
2951,144,106058.61840820312
2952,144,106058.61840820312
2953,168,123735.05480957031
2954,144,106058.61840820312
2955,144,106058.61840820312
2956,168,123735.05480957031
2957,144,106058.61840820312
2958,144,106058.61840820312
2959,168,123735.05480957031
2960,144,106058.61840820312
2961,144,106058.61840820312
2962,168,123735.05480957031
2963,144,106058.61840820312
2964,144,106058.61840820312
2965,168,123735.05480957031
2966,144,106058.61840820312
2967,144,106058.61840820312
2968,168,123735.05480957031
2969,144,106058.61840820312
2970,144,106058.61840820312
2971,144,106058.61840820312
2972,168,123735.05480957031
2973,144,106058.61840820312
2974,144,106058.61840820312
2975,168,123735.05480957031
2976,144,106058.61840820312
2977,144,106058.61840820312
2978,168,123735.05480957031
2979,144,106058.61840820312
2980,144,106058.61840820312
2981,168,123735.05480957031
2982,144,106058.61840820312
2983,144,106058.61840820312
2984,168,123735.05480957031
2985,144,106058.61840820312
2986,144,106058.61840820312
2987,168,123735.05480957031
2988,144,106058.61840820312
2989,144,106058.61840820312
2990,144,106058.61840820312
2991,168,123735.05480957031
2992,144,106058.61840820312
2993,144,106058.61840820312
2994,168,123735.05480957031
2995,144,106058.61840820312
2996,144,106058.61840820312
2997,168,123735.05480957031
2998,144,106058.61840820312
2999,144,106058.61840820312
3000,168,123735.05480957031
3001,144,106058.61840820312
3002,144,106058.61840820312
3003,168,123735.05480957031
3004,144,106058.61840820312
3005,144,106058.61840820312
3006,168,123735.05480957031
3007,144,106058.61840820312
3008,144,106058.61840820312
3009,144,106058.61840820312
3010,168,123735.05480957031
3011,144,106058.61840820312
3012,144,106058.61840820312
3013,168,123735.05480957031
3014,144,106058.61840820312
3015,144,106058.61840820312
3016,168,123735.05480957031
3017,144,106058.61840820312
3018,144,106058.61840820312
3019,168,123735.05480957031
3020,144,106058.61840820312
3021,144,106058.61840820312
3022,168,123735.05480957031
3023,144,106058.61840820312
3024,144,106058.61840820312
3025,168,123735.05480957031
3026,144,106058.61840820312
3027,144,106058.61840820312
3028,144,106058.61840820312
3029,168,123735.05480957031
3030,144,106058.61840820312
3031,144,106058.61840820312
3032,168,123735.05480957031
3033,144,106058.61840820312
3034,144,106058.61840820312
3035,168,123735.05480957031
3036,144,106058.61840820312
3037,144,104109.74487304688
3038,168,121461.36901855469
3039,144,104109.74487304688
3040,168,121461.36901855469
3041,144,104109.74487304688
3042,168,121461.36901855469
3043,144,104109.74487304688
3044,144,104109.74487304688
3045,168,121461.36901855469
3046,144,104109.74487304688
3047,168,121461.36901855469
3048,144,104109.74487304688
3049,168,121461.36901855469
3050,144,104109.74487304688
3051,144,104109.74487304688
3052,168,121461.36901855469
3053,144,104109.74487304688
3054,168,121461.36901855469
3055,144,104109.74487304688
3056,168,121461.36901855469
3057,144,104109.74487304688
3058,144,104109.74487304688
3059,168,121461.36901855469
3060,144,104109.74487304688
3061,168,121461.36901855469
3062,144,104109.74487304688
3063,168,121461.36901855469
3064,144,104109.74487304688
3065,144,104109.74487304688
3066,168,121461.36901855469
3067,144,104109.74487304688
3068,168,121461.36901855469
3069,144,104109.74487304688
3070,168,121461.36901855469
3071,144,104109.74487304688
3072,144,104109.74487304688
3073,168,121461.36901855469
3074,144,104109.74487304688
3075,168,121461.36901855469
3076,144,104109.74487304688
3077,168,121461.36901855469
3078,144,104109.74487304688
3079,144,104109.74487304688
3080,168,121461.36901855469
3081,144,104109.74487304688
3082,168,121461.36901855469
3083,144,104109.74487304688
3084,168,121461.36901855469
3085,144,104109.74487304688
3086,144,104109.74487304688
3087,168,121461.36901855469
3088,144,104109.74487304688
3089,168,121461.36901855469
3090,144,104109.74487304688
3091,168,121461.36901855469
3092,144,104109.74487304688
3093,144,104109.74487304688
3094,168,121461.36901855469
3095,144,104109.74487304688
3096,168,121461.36901855469
3097,144,104109.74487304688
3098,168,121461.36901855469
3099,144,104109.74487304688
3100,144,104109.74487304688
3101,168,121461.36901855469
3102,144,104109.74487304688
3103,168,121461.36901855469
3104,144,104109.74487304688
3105,168,121461.36901855469
3106,144,104109.74487304688
3107,144,104109.74487304688
3108,168,121461.36901855469
3109,144,104109.74487304688
3110,168,121461.36901855469
3111,144,104109.74487304688
3112,168,121461.36901855469
3113,144,104109.74487304688
3114,144,104109.74487304688
3115,168,121461.36901855469
3116,144,104109.74487304688
3117,168,121461.36901855469
3118,144,104109.74487304688
3119,168,121461.36901855469
3120,144,104109.74487304688
3121,144,104109.74487304688
3122,168,121461.36901855469
3123,144,104109.74487304688
3124,168,121461.36901855469
3125,144,104109.74487304688
3126,168,121461.36901855469
3127,144,104109.74487304688
3128,144,104109.74487304688
3129,168,121461.36901855469
3130,144,104109.74487304688
3131,168,121461.36901855469
3132,144,104109.74487304688
3133,168,121461.36901855469
3134,144,104109.74487304688
3135,144,104109.74487304688
3136,168,121461.36901855469
3137,144,104109.74487304688
3138,168,121461.36901855469
3139,144,104109.74487304688
3140,168,121461.36901855469
3141,144,104109.74487304688
3142,144,104109.74487304688
3143,168,121461.36901855469
3144,144,104109.74487304688
3145,168,121461.36901855469
3146,144,104109.74487304688
3147,168,121461.36901855469
3148,144,104109.74487304688
3149,168,118854.76623535156
3150,144,101875.51391601562
3151,168,118854.76623535156
3152,144,101875.51391601562
3153,168,118854.76623535156
3154,168,118854.76623535156
3155,144,101875.51391601562
3156,168,118854.76623535156
3157,144,101875.51391601562
3158,168,118854.76623535156
3159,168,118854.76623535156
3160,144,101875.51391601562
3161,168,118854.76623535156
3162,144,101875.51391601562
3163,168,118854.76623535156
3164,168,118854.76623535156
3165,144,101875.51391601562
3166,168,118854.76623535156
3167,144,101875.51391601562
3168,168,118854.76623535156
3169,168,118854.76623535156
3170,144,101875.51391601562
3171,168,118854.76623535156
3172,168,118854.76623535156
3173,144,101875.51391601562
3174,168,118854.76623535156
3175,144,101875.51391601562
3176,168,118854.76623535156
3177,168,118854.76623535156
3178,144,101875.51391601562
3179,168,118854.76623535156
3180,144,101875.51391601562
3181,168,118854.76623535156
3182,168,118854.76623535156
3183,144,101875.51391601562
3184,168,118854.76623535156
3185,144,101875.51391601562
3186,168,118854.76623535156
3187,168,118854.76623535156
3188,144,101875.51391601562
3189,168,118854.76623535156
3190,144,101875.51391601562
3191,168,118854.76623535156
3192,168,118854.76623535156
3193,144,101875.51391601562
3194,168,118854.76623535156
3195,144,101875.51391601562
3196,168,118854.76623535156
3197,168,118854.76623535156
3198,144,101875.51391601562
3199,168,118854.76623535156
3200,144,101875.51391601562
3201,168,118854.76623535156
3202,168,118854.76623535156
3203,144,101875.51391601562
3204,168,118854.76623535156
3205,168,118854.76623535156
3206,144,101875.51391601562
3207,168,118854.76623535156
3208,144,101875.51391601562
3209,168,118854.76623535156
3210,168,118854.76623535156
3211,144,101875.51391601562
3212,168,118854.76623535156
3213,144,101875.51391601562
3214,168,118854.76623535156
3215,168,118854.76623535156
3216,144,101875.51391601562
3217,168,118854.76623535156
3218,144,101875.51391601562
3219,168,118854.76623535156
3220,168,118854.76623535156
3221,144,101875.51391601562
3222,168,118854.76623535156
3223,144,101875.51391601562
3224,168,118854.76623535156
3225,168,118854.76623535156
3226,144,101875.51391601562
3227,168,118854.76623535156
3228,144,101875.51391601562
3229,168,118854.76623535156
3230,168,118854.76623535156
3231,144,101875.51391601562
3232,168,118854.76623535156
3233,144,101875.51391601562
3234,168,118854.76623535156
3235,168,118854.76623535156
3236,144,101875.51391601562
3237,168,118854.76623535156
3238,144,101875.51391601562
3239,168,118854.76623535156
3240,168,118854.76623535156
3241,144,101875.51391601562
3242,168,118854.76623535156
3243,168,118854.76623535156
3244,144,101875.51391601562
3245,168,118854.76623535156
3246,144,101875.51391601562
3247,168,118854.76623535156
3248,168,118854.76623535156
3249,144,101875.51391601562
3250,168,118854.76623535156
3251,144,101875.51391601562
3252,168,118854.76623535156
3253,168,118854.76623535156
3254,144,101875.51391601562
3255,168,118854.76623535156
3256,144,101875.51391601562
3257,168,118854.76623535156
3258,168,115922.38916015625
3259,168,115922.38916015625
3260,144,99362.0478515625
3261,168,115922.38916015625
3262,168,115922.38916015625
3263,168,115922.38916015625
3264,168,115922.38916015625
3265,144,99362.0478515625
3266,168,115922.38916015625
3267,168,115922.38916015625
3268,168,115922.38916015625
3269,144,99362.0478515625
3270,168,115922.38916015625
3271,168,115922.38916015625
3272,168,115922.38916015625
3273,168,115922.38916015625
3274,144,99362.0478515625
3275,168,115922.38916015625
3276,168,115922.38916015625
3277,168,115922.38916015625
3278,168,115922.38916015625
3279,144,99362.0478515625
3280,168,115922.38916015625
3281,168,115922.38916015625
3282,168,115922.38916015625
3283,168,115922.38916015625
3284,144,99362.0478515625
3285,168,115922.38916015625
3286,168,115922.38916015625
3287,168,115922.38916015625
3288,168,115922.38916015625
3289,144,99362.0478515625
3290,168,115922.38916015625
3291,168,115922.38916015625
3292,168,115922.38916015625
3293,168,115922.38916015625
3294,144,99362.0478515625
3295,168,115922.38916015625
3296,168,115922.38916015625
3297,168,115922.38916015625
3298,144,99362.0478515625
3299,168,115922.38916015625
3300,168,115922.38916015625
3301,168,115922.38916015625
3302,168,115922.38916015625
3303,144,99362.0478515625
3304,168,115922.38916015625
3305,168,115922.38916015625
3306,168,115922.38916015625
3307,168,115922.38916015625
3308,144,99362.0478515625
3309,168,115922.38916015625
3310,168,115922.38916015625
3311,168,115922.38916015625
3312,168,115922.38916015625
3313,144,99362.0478515625
3314,168,115922.38916015625
3315,168,115922.38916015625
3316,168,115922.38916015625
3317,168,115922.38916015625
3318,144,99362.0478515625
3319,168,115922.38916015625
3320,168,115922.38916015625
3321,168,115922.38916015625
3322,144,99362.0478515625
3323,168,115922.38916015625
3324,168,115922.38916015625
3325,168,115922.38916015625
3326,168,115922.38916015625
3327,144,99362.0478515625
3328,168,115922.38916015625
3329,168,115922.38916015625
3330,168,115922.38916015625
3331,168,115922.38916015625
3332,144,99362.0478515625
3333,168,115922.38916015625
3334,168,115922.38916015625
3335,168,115922.38916015625
3336,168,115922.38916015625
3337,144,99362.0478515625
3338,168,115922.38916015625
3339,168,115922.38916015625
3340,168,115922.38916015625
3341,168,115922.38916015625
3342,144,99362.0478515625
3343,168,115922.38916015625
3344,168,115922.38916015625
3345,168,115922.38916015625
3346,168,115922.38916015625
3347,144,99362.0478515625
3348,168,115922.38916015625
3349,168,115922.38916015625
3350,168,115922.38916015625
3351,144,99362.0478515625
3352,168,115922.38916015625
3353,168,115922.38916015625
3354,168,115922.38916015625
3355,168,115922.38916015625
3356,144,99362.0478515625
3357,168,115922.38916015625
3358,168,115922.38916015625
3359,168,115922.38916015625
3360,168,115922.38916015625
3361,144,99362.0478515625
3362,168,115922.38916015625
3363,168,115922.38916015625
3364,168,112672.27429199219
3365,168,112672.27429199219
3366,168,112672.27429199219
3367,168,112672.27429199219
3368,168,112672.27429199219
3369,168,112672.27429199219
3370,168,112672.27429199219
3371,168,112672.27429199219
3372,168,112672.27429199219
3373,168,112672.27429199219
3374,168,112672.27429199219
3375,168,112672.27429199219
3376,168,112672.27429199219
3377,168,112672.27429199219
3378,168,112672.27429199219
3379,168,112672.27429199219
3380,168,112672.27429199219
3381,168,112672.27429199219
3382,168,112672.27429199219
3383,168,112672.27429199219
3384,168,112672.27429199219
3385,168,112672.27429199219
3386,168,112672.27429199219
3387,168,112672.27429199219
3388,168,112672.27429199219
3389,168,112672.27429199219
3390,168,112672.27429199219
3391,168,112672.27429199219
3392,168,112672.27429199219
3393,168,112672.27429199219
3394,168,112672.27429199219
3395,168,112672.27429199219
3396,168,112672.27429199219
3397,168,112672.27429199219
3398,168,112672.27429199219
3399,168,112672.27429199219
3400,168,112672.27429199219
3401,168,112672.27429199219
3402,168,112672.27429199219
3403,168,112672.27429199219
3404,168,112672.27429199219
3405,168,112672.27429199219
3406,168,112672.27429199219
3407,168,112672.27429199219
3408,168,112672.27429199219
3409,168,112672.27429199219
3410,168,112672.27429199219
3411,168,112672.27429199219
3412,168,112672.27429199219
3413,144,96576.23510742188
3414,168,112672.27429199219
3415,168,112672.27429199219
3416,168,112672.27429199219
3417,168,112672.27429199219
3418,168,112672.27429199219
3419,168,112672.27429199219
3420,168,112672.27429199219
3421,168,112672.27429199219
3422,168,112672.27429199219
3423,168,112672.27429199219
3424,168,112672.27429199219
3425,168,112672.27429199219
3426,168,112672.27429199219
3427,168,112672.27429199219
3428,168,112672.27429199219
3429,168,112672.27429199219
3430,168,112672.27429199219
3431,168,112672.27429199219
3432,168,112672.27429199219
3433,168,112672.27429199219
3434,168,112672.27429199219
3435,168,112672.27429199219
3436,168,112672.27429199219
3437,168,112672.27429199219
3438,168,112672.27429199219
3439,168,112672.27429199219
3440,168,112672.27429199219
3441,168,112672.27429199219
3442,168,112672.27429199219
3443,168,112672.27429199219
3444,168,112672.27429199219
3445,168,112672.27429199219
3446,168,112672.27429199219
3447,168,112672.27429199219
3448,168,112672.27429199219
3449,168,112672.27429199219
3450,168,112672.27429199219
3451,168,112672.27429199219
3452,168,112672.27429199219
3453,168,112672.27429199219
3454,168,112672.27429199219
3455,168,112672.27429199219
3456,168,112672.27429199219
3457,168,112672.27429199219
3458,168,112672.27429199219
3459,168,112672.27429199219
3460,168,112672.27429199219
3461,168,112672.27429199219
3462,168,112672.27429199219
3463,168,112672.27429199219
3464,168,112672.27429199219
3465,168,112672.27429199219
3466,168,112672.27429199219
3467,168,109113.33654785156
3468,168,109113.33654785156
3469,192,124700.9560546875
3470,168,109113.33654785156
3471,168,109113.33654785156
3472,168,109113.33654785156
3473,168,109113.33654785156
3474,192,124700.9560546875
3475,168,109113.33654785156
3476,168,109113.33654785156
3477,168,109113.33654785156
3478,168,109113.33654785156
3479,192,124700.9560546875
3480,168,109113.33654785156
3481,168,109113.33654785156
3482,168,109113.33654785156
3483,168,109113.33654785156
3484,192,124700.9560546875
3485,168,109113.33654785156
3486,168,109113.33654785156
3487,168,109113.33654785156
3488,168,109113.33654785156
3489,192,124700.9560546875
3490,168,109113.33654785156
3491,168,109113.33654785156
3492,168,109113.33654785156
3493,168,109113.33654785156
3494,192,124700.9560546875
3495,168,109113.33654785156
3496,168,109113.33654785156
3497,168,109113.33654785156
3498,168,109113.33654785156
3499,192,124700.9560546875
3500,168,109113.33654785156
3501,168,109113.33654785156
3502,168,109113.33654785156
3503,168,109113.33654785156
3504,192,124700.9560546875
3505,168,109113.33654785156
3506,168,109113.33654785156
3507,168,109113.33654785156
3508,168,109113.33654785156
3509,192,124700.9560546875
3510,168,109113.33654785156
3511,168,109113.33654785156
3512,168,109113.33654785156
3513,168,109113.33654785156
3514,192,124700.9560546875
3515,168,109113.33654785156
3516,168,109113.33654785156
3517,168,109113.33654785156
3518,168,109113.33654785156
3519,192,124700.9560546875
3520,168,109113.33654785156
3521,168,109113.33654785156
3522,168,109113.33654785156
3523,168,109113.33654785156
3524,192,124700.9560546875
3525,168,109113.33654785156
3526,168,109113.33654785156
3527,168,109113.33654785156
3528,168,109113.33654785156
3529,192,124700.9560546875
3530,168,109113.33654785156
3531,168,109113.33654785156
3532,168,109113.33654785156
3533,168,109113.33654785156
3534,192,124700.9560546875
3535,168,109113.33654785156
3536,168,109113.33654785156
3537,168,109113.33654785156
3538,168,109113.33654785156
3539,192,124700.9560546875
3540,168,109113.33654785156
3541,168,109113.33654785156
3542,168,109113.33654785156
3543,168,109113.33654785156
3544,192,124700.9560546875
3545,168,109113.33654785156
3546,168,109113.33654785156
3547,168,109113.33654785156
3548,168,109113.33654785156
3549,192,124700.9560546875
3550,168,109113.33654785156
3551,168,109113.33654785156
3552,168,109113.33654785156
3553,168,109113.33654785156
3554,192,124700.9560546875
3555,168,109113.33654785156
3556,168,109113.33654785156
3557,168,109113.33654785156
3558,168,109113.33654785156
3559,192,124700.9560546875
3560,168,109113.33654785156
3561,168,109113.33654785156
3562,168,109113.33654785156
3563,168,109113.33654785156
3564,192,124700.9560546875
3565,168,109113.33654785156
3566,168,109113.33654785156
3567,168,105255.32482910156
3568,192,120291.7998046875
3569,168,105255.32482910156
3570,192,120291.7998046875
3571,168,105255.32482910156
3572,192,120291.7998046875
3573,168,105255.32482910156
3574,168,105255.32482910156
3575,192,120291.7998046875
3576,168,105255.32482910156
3577,192,120291.7998046875
3578,168,105255.32482910156
3579,168,105255.32482910156
3580,192,120291.7998046875
3581,168,105255.32482910156
3582,192,120291.7998046875
3583,168,105255.32482910156
3584,192,120291.7998046875
3585,168,105255.32482910156
3586,168,105255.32482910156
3587,192,120291.7998046875
3588,168,105255.32482910156
3589,192,120291.7998046875
3590,168,105255.32482910156
3591,192,120291.7998046875
3592,168,105255.32482910156
3593,168,105255.32482910156
3594,192,120291.7998046875
3595,168,105255.32482910156
3596,192,120291.7998046875
3597,168,105255.32482910156
3598,192,120291.7998046875
3599,168,105255.32482910156
3600,168,105255.32482910156
3601,192,120291.7998046875
3602,168,105255.32482910156
3603,192,120291.7998046875
3604,168,105255.32482910156
3605,168,105255.32482910156
3606,192,120291.7998046875
3607,168,105255.32482910156
3608,192,120291.7998046875
3609,168,105255.32482910156
3610,192,120291.7998046875
3611,168,105255.32482910156
3612,168,105255.32482910156
3613,192,120291.7998046875
3614,168,105255.32482910156
3615,192,120291.7998046875
3616,168,105255.32482910156
3617,192,120291.7998046875
3618,168,105255.32482910156
3619,168,105255.32482910156
3620,192,120291.7998046875
3621,168,105255.32482910156
3622,192,120291.7998046875
3623,168,105255.32482910156
3624,168,105255.32482910156
3625,192,120291.7998046875
3626,168,105255.32482910156
3627,192,120291.7998046875
3628,168,105255.32482910156
3629,192,120291.7998046875
3630,168,105255.32482910156
3631,168,105255.32482910156
3632,192,120291.7998046875
3633,168,105255.32482910156
3634,192,120291.7998046875
3635,168,105255.32482910156
3636,192,120291.7998046875
3637,168,105255.32482910156
3638,168,105255.32482910156
3639,192,120291.7998046875
3640,168,105255.32482910156
3641,192,120291.7998046875
3642,168,105255.32482910156
3643,192,120291.7998046875
3644,168,105255.32482910156
3645,168,105255.32482910156
3646,192,120291.7998046875
3647,168,105255.32482910156
3648,192,120291.7998046875
3649,168,105255.32482910156
3650,168,105255.32482910156
3651,192,120291.7998046875
3652,168,105255.32482910156
3653,192,120291.7998046875
3654,168,105255.32482910156
3655,192,120291.7998046875
3656,168,105255.32482910156
3657,168,105255.32482910156
3658,192,120291.7998046875
3659,168,105255.32482910156
3660,192,120291.7998046875
3661,168,105255.32482910156
3662,192,120291.7998046875
3663,168,105255.32482910156
3664,192,115552.9345703125
3665,168,101108.81774902344
3666,192,115552.9345703125
3667,192,115552.9345703125
3668,192,115552.9345703125
3669,168,101108.81774902344
3670,192,115552.9345703125
3671,192,115552.9345703125
3672,192,115552.9345703125
3673,168,101108.81774902344
3674,192,115552.9345703125
3675,192,115552.9345703125
3676,192,115552.9345703125
3677,168,101108.81774902344
3678,192,115552.9345703125
3679,192,115552.9345703125
3680,192,115552.9345703125
3681,168,101108.81774902344
3682,192,115552.9345703125
3683,192,115552.9345703125
3684,192,115552.9345703125
3685,168,101108.81774902344
3686,192,115552.9345703125
3687,192,115552.9345703125
3688,192,115552.9345703125
3689,168,101108.81774902344
3690,192,115552.9345703125
3691,192,115552.9345703125
3692,168,101108.81774902344
3693,192,115552.9345703125
3694,192,115552.9345703125
3695,192,115552.9345703125
3696,168,101108.81774902344
3697,192,115552.9345703125
3698,192,115552.9345703125
3699,192,115552.9345703125
3700,168,101108.81774902344
3701,192,115552.9345703125
3702,192,115552.9345703125
3703,192,115552.9345703125
3704,168,101108.81774902344
3705,192,115552.9345703125
3706,192,115552.9345703125
3707,192,115552.9345703125
3708,168,101108.81774902344
3709,192,115552.9345703125
3710,192,115552.9345703125
3711,192,115552.9345703125
3712,168,101108.81774902344
3713,192,115552.9345703125
3714,192,115552.9345703125
3715,192,115552.9345703125
3716,168,101108.81774902344
3717,192,115552.9345703125
3718,192,115552.9345703125
3719,192,115552.9345703125
3720,168,101108.81774902344
3721,192,115552.9345703125
3722,192,115552.9345703125
3723,168,101108.81774902344
3724,192,115552.9345703125
3725,192,115552.9345703125
3726,192,115552.9345703125
3727,168,101108.81774902344
3728,192,115552.9345703125
3729,192,115552.9345703125
3730,192,115552.9345703125
3731,168,101108.81774902344
3732,192,115552.9345703125
3733,192,115552.9345703125
3734,192,115552.9345703125
3735,168,101108.81774902344
3736,192,115552.9345703125
3737,192,115552.9345703125
3738,192,115552.9345703125
3739,168,101108.81774902344
3740,192,115552.9345703125
3741,192,115552.9345703125
3742,192,115552.9345703125
3743,168,101108.81774902344
3744,192,115552.9345703125
3745,192,115552.9345703125
3746,192,115552.9345703125
3747,168,101108.81774902344
3748,192,115552.9345703125
3749,192,115552.9345703125
3750,192,115552.9345703125
3751,168,101108.81774902344
3752,192,115552.9345703125
3753,192,115552.9345703125
3754,168,101108.81774902344
3755,192,115552.9345703125
3756,192,115552.9345703125
3757,192,110497.3447265625
3758,192,110497.3447265625
3759,192,110497.3447265625
3760,192,110497.3447265625
3761,192,110497.3447265625
3762,216,124309.51281738281
3763,192,110497.3447265625
3764,192,110497.3447265625
3765,192,110497.3447265625
3766,192,110497.3447265625
3767,192,110497.3447265625
3768,192,110497.3447265625
3769,192,110497.3447265625
3770,192,110497.3447265625
3771,192,110497.3447265625
3772,192,110497.3447265625
3773,216,124309.51281738281
3774,192,110497.3447265625
3775,192,110497.3447265625
3776,192,110497.3447265625
3777,192,110497.3447265625
3778,192,110497.3447265625
3779,192,110497.3447265625
3780,192,110497.3447265625
3781,192,110497.3447265625
3782,192,110497.3447265625
3783,192,110497.3447265625
3784,216,124309.51281738281
3785,192,110497.3447265625
3786,192,110497.3447265625
3787,192,110497.3447265625
3788,192,110497.3447265625
3789,192,110497.3447265625
3790,192,110497.3447265625
3791,192,110497.3447265625
3792,192,110497.3447265625
3793,192,110497.3447265625
3794,192,110497.3447265625
3795,216,124309.51281738281
3796,192,110497.3447265625
3797,192,110497.3447265625
3798,192,110497.3447265625
3799,192,110497.3447265625
3800,192,110497.3447265625
3801,192,110497.3447265625
3802,192,110497.3447265625
3803,192,110497.3447265625
3804,192,110497.3447265625
3805,192,110497.3447265625
3806,192,110497.3447265625
3807,216,124309.51281738281
3808,192,110497.3447265625
3809,192,110497.3447265625
3810,192,110497.3447265625
3811,192,110497.3447265625
3812,192,110497.3447265625
3813,192,110497.3447265625
3814,192,110497.3447265625
3815,192,110497.3447265625
3816,192,110497.3447265625
3817,192,110497.3447265625
3818,216,124309.51281738281
3819,192,110497.3447265625
3820,192,110497.3447265625
3821,192,110497.3447265625
3822,192,110497.3447265625
3823,192,110497.3447265625
3824,192,110497.3447265625
3825,192,110497.3447265625
3826,192,110497.3447265625
3827,192,110497.3447265625
3828,192,110497.3447265625
3829,216,124309.51281738281
3830,192,110497.3447265625
3831,192,110497.3447265625
3832,192,110497.3447265625
3833,192,110497.3447265625
3834,192,110497.3447265625
3835,192,110497.3447265625
3836,192,110497.3447265625
3837,192,110497.3447265625
3838,192,110497.3447265625
3839,192,110497.3447265625
3840,216,124309.51281738281
3841,192,110497.3447265625
3842,192,110497.3447265625
3843,192,110497.3447265625
3844,192,110497.3447265625
3845,192,110497.3447265625
3846,216,118281.24865722656
3847,192,105138.8876953125
3848,216,118281.24865722656
3849,192,105138.8876953125
3850,216,118281.24865722656
3851,192,105138.8876953125
3852,216,118281.24865722656
3853,216,118281.24865722656
3854,192,105138.8876953125
3855,216,118281.24865722656
3856,192,105138.8876953125
3857,216,118281.24865722656
3858,192,105138.8876953125
3859,216,118281.24865722656
3860,216,118281.24865722656
3861,192,105138.8876953125
3862,216,118281.24865722656
3863,192,105138.8876953125
3864,216,118281.24865722656
3865,192,105138.8876953125
3866,216,118281.24865722656
3867,216,118281.24865722656
3868,192,105138.8876953125
3869,216,118281.24865722656
3870,192,105138.8876953125
3871,216,118281.24865722656
3872,192,105138.8876953125
3873,216,118281.24865722656
3874,216,118281.24865722656
3875,192,105138.8876953125
3876,216,118281.24865722656
3877,192,105138.8876953125
3878,216,118281.24865722656
3879,192,105138.8876953125
3880,216,118281.24865722656
3881,216,118281.24865722656
3882,192,105138.8876953125
3883,216,118281.24865722656
3884,192,105138.8876953125
3885,216,118281.24865722656
3886,192,105138.8876953125
3887,216,118281.24865722656
3888,216,118281.24865722656
3889,192,105138.8876953125
3890,216,118281.24865722656
3891,192,105138.8876953125
3892,216,118281.24865722656
3893,192,105138.8876953125
3894,216,118281.24865722656
3895,216,118281.24865722656
3896,192,105138.8876953125
3897,216,118281.24865722656
3898,192,105138.8876953125
3899,216,118281.24865722656
3900,192,105138.8876953125
3901,216,118281.24865722656
3902,216,118281.24865722656
3903,192,105138.8876953125
3904,216,118281.24865722656
3905,192,105138.8876953125
3906,216,118281.24865722656
3907,192,105138.8876953125
3908,216,118281.24865722656
3909,216,118281.24865722656
3910,192,105138.8876953125
3911,216,118281.24865722656
3912,192,105138.8876953125
3913,216,118281.24865722656
3914,192,105138.8876953125
3915,216,118281.24865722656
3916,216,118281.24865722656
3917,192,105138.8876953125
3918,216,118281.24865722656
3919,192,105138.8876953125
3920,216,118281.24865722656
3921,192,105138.8876953125
3922,216,118281.24865722656
3923,216,118281.24865722656
3924,192,105138.8876953125
3925,216,118281.24865722656
3926,192,105138.8876953125
3927,216,118281.24865722656
3928,192,105138.8876953125
3929,216,118281.24865722656
3930,216,111928.78619384766
3931,216,111928.78619384766
3932,216,111928.78619384766
3933,216,111928.78619384766
3934,216,111928.78619384766
3935,216,111928.78619384766
3936,216,111928.78619384766
3937,216,111928.78619384766
3938,216,111928.78619384766
3939,216,111928.78619384766
3940,216,111928.78619384766
3941,216,111928.78619384766
3942,216,111928.78619384766
3943,216,111928.78619384766
3944,216,111928.78619384766
3945,216,111928.78619384766
3946,216,111928.78619384766
3947,216,111928.78619384766
3948,216,111928.78619384766
3949,216,111928.78619384766
3950,216,111928.78619384766
3951,216,111928.78619384766
3952,216,111928.78619384766
3953,216,111928.78619384766
3954,216,111928.78619384766
3955,216,111928.78619384766
3956,216,111928.78619384766
3957,216,111928.78619384766
3958,216,111928.78619384766
3959,216,111928.78619384766
3960,216,111928.78619384766
3961,216,111928.78619384766
3962,216,111928.78619384766
3963,216,111928.78619384766
3964,216,111928.78619384766
3965,216,111928.78619384766
3966,216,111928.78619384766
3967,216,111928.78619384766
3968,216,111928.78619384766
3969,216,111928.78619384766
3970,216,111928.78619384766
3971,216,111928.78619384766
3972,216,111928.78619384766
3973,216,111928.78619384766
3974,216,111928.78619384766
3975,216,111928.78619384766
3976,216,111928.78619384766
3977,216,111928.78619384766
3978,216,111928.78619384766
3979,216,111928.78619384766
3980,216,111928.78619384766
3981,216,111928.78619384766
3982,216,111928.78619384766
3983,216,111928.78619384766
3984,216,111928.78619384766
3985,216,111928.78619384766
3986,216,111928.78619384766
3987,216,111928.78619384766
3988,216,111928.78619384766
3989,216,111928.78619384766
3990,216,111928.78619384766
3991,216,111928.78619384766
3992,216,111928.78619384766
3993,216,111928.78619384766
3994,216,111928.78619384766
3995,216,111928.78619384766
3996,216,111928.78619384766
3997,216,111928.78619384766
3998,216,111928.78619384766
3999,216,111928.78619384766
4000,216,111928.78619384766
4001,216,111928.78619384766
4002,216,111928.78619384766
4003,216,111928.78619384766
4004,216,111928.78619384766
4005,216,111928.78619384766
4006,216,111928.78619384766
4007,216,111928.78619384766
4008,216,111928.78619384766
4009,216,111928.78619384766
4010,240,116966.14990234375
4011,216,105269.53491210938
4012,240,116966.14990234375
4013,216,105269.53491210938
4014,240,116966.14990234375
4015,240,116966.14990234375
4016,216,105269.53491210938
4017,240,116966.14990234375
4018,216,105269.53491210938
4019,240,116966.14990234375
4020,240,116966.14990234375
4021,216,105269.53491210938
4022,240,116966.14990234375
4023,216,105269.53491210938
4024,240,116966.14990234375
4025,240,116966.14990234375
4026,216,105269.53491210938
4027,240,116966.14990234375
4028,216,105269.53491210938
4029,240,116966.14990234375
4030,240,116966.14990234375
4031,216,105269.53491210938
4032,240,116966.14990234375
4033,216,105269.53491210938
4034,240,116966.14990234375
4035,240,116966.14990234375
4036,216,105269.53491210938
4037,240,116966.14990234375
4038,216,105269.53491210938
4039,240,116966.14990234375
4040,240,116966.14990234375
4041,216,105269.53491210938
4042,240,116966.14990234375
4043,216,105269.53491210938
4044,240,116966.14990234375
4045,240,116966.14990234375
4046,216,105269.53491210938
4047,240,116966.14990234375
4048,216,105269.53491210938
4049,240,116966.14990234375
4050,240,116966.14990234375
4051,216,105269.53491210938
4052,240,116966.14990234375
4053,216,105269.53491210938
4054,240,116966.14990234375
4055,240,116966.14990234375
4056,216,105269.53491210938
4057,240,116966.14990234375
4058,216,105269.53491210938
4059,240,116966.14990234375
4060,240,116966.14990234375
4061,216,105269.53491210938
4062,240,116966.14990234375
4063,216,105269.53491210938
4064,240,116966.14990234375
4065,240,116966.14990234375
4066,216,105269.53491210938
4067,240,116966.14990234375
4068,216,105269.53491210938
4069,240,116966.14990234375
4070,240,116966.14990234375
4071,216,105269.53491210938
4072,240,116966.14990234375
4073,216,105269.53491210938
4074,240,116966.14990234375
4075,240,116966.14990234375
4076,216,105269.53491210938
4077,240,116966.14990234375
4078,216,105269.53491210938
4079,240,116966.14990234375
4080,240,116966.14990234375
4081,216,105269.53491210938
4082,240,116966.14990234375
4083,216,105269.53491210938
4084,240,116966.14990234375
4085,240,109246.38488769531
4086,264,120171.02337646484
4087,240,109246.38488769531
4088,240,109246.38488769531
4089,240,109246.38488769531
4090,264,120171.02337646484
4091,240,109246.38488769531
4092,240,109246.38488769531
4093,264,120171.02337646484
4094,240,109246.38488769531
4095,240,109246.38488769531
4096,240,109246.38488769531
4097,264,120171.02337646484
4098,240,109246.38488769531
4099,240,109246.38488769531
4100,264,120171.02337646484
4101,240,109246.38488769531
4102,240,109246.38488769531
4103,240,109246.38488769531
4104,264,120171.02337646484
4105,240,109246.38488769531
4106,240,109246.38488769531
4107,264,120171.02337646484
4108,240,109246.38488769531
4109,240,109246.38488769531
4110,240,109246.38488769531
4111,264,120171.02337646484
4112,240,109246.38488769531
4113,240,109246.38488769531
4114,264,120171.02337646484
4115,240,109246.38488769531
4116,240,109246.38488769531
4117,240,109246.38488769531
4118,264,120171.02337646484
4119,240,109246.38488769531
4120,240,109246.38488769531
4121,264,120171.02337646484
4122,240,109246.38488769531
4123,240,109246.38488769531
4124,240,109246.38488769531
4125,264,120171.02337646484
4126,240,109246.38488769531
4127,240,109246.38488769531
4128,264,120171.02337646484
4129,240,109246.38488769531
4130,240,109246.38488769531
4131,240,109246.38488769531
4132,264,120171.02337646484
4133,240,109246.38488769531
4134,240,109246.38488769531
4135,264,120171.02337646484
4136,240,109246.38488769531
4137,240,109246.38488769531
4138,240,109246.38488769531
4139,264,120171.02337646484
4140,240,109246.38488769531
4141,240,109246.38488769531
4142,264,120171.02337646484
4143,240,109246.38488769531
4144,240,109246.38488769531
4145,240,109246.38488769531
4146,264,120171.02337646484
4147,240,109246.38488769531
4148,240,109246.38488769531
4149,264,120171.02337646484
4150,240,109246.38488769531
4151,240,109246.38488769531
4152,240,109246.38488769531
4153,264,120171.02337646484
4154,240,109246.38488769531
4155,264,111349.89953613281
4156,264,111349.89953613281
4157,264,111349.89953613281
4158,264,111349.89953613281
4159,264,111349.89953613281
4160,264,111349.89953613281
4161,288,121472.61767578125
4162,264,111349.89953613281
4163,264,111349.89953613281
4164,264,111349.89953613281
4165,264,111349.89953613281
4166,264,111349.89953613281
4167,264,111349.89953613281
4168,264,111349.89953613281
4169,264,111349.89953613281
4170,264,111349.89953613281
4171,264,111349.89953613281
4172,264,111349.89953613281
4173,264,111349.89953613281
4174,288,121472.61767578125
4175,264,111349.89953613281
4176,264,111349.89953613281
4177,264,111349.89953613281
4178,264,111349.89953613281
4179,264,111349.89953613281
4180,264,111349.89953613281
4181,264,111349.89953613281
4182,264,111349.89953613281
4183,264,111349.89953613281
4184,264,111349.89953613281
4185,264,111349.89953613281
4186,264,111349.89953613281
4187,288,121472.61767578125
4188,264,111349.89953613281
4189,264,111349.89953613281
4190,264,111349.89953613281
4191,264,111349.89953613281
4192,264,111349.89953613281
4193,264,111349.89953613281
4194,264,111349.89953613281
4195,264,111349.89953613281
4196,264,111349.89953613281
4197,264,111349.89953613281
4198,264,111349.89953613281
4199,264,111349.89953613281
4200,288,121472.61767578125
4201,264,111349.89953613281
4202,264,111349.89953613281
4203,264,111349.89953613281
4204,264,111349.89953613281
4205,264,111349.89953613281
4206,264,111349.89953613281
4207,264,111349.89953613281
4208,264,111349.89953613281
4209,264,111349.89953613281
4210,264,111349.89953613281
4211,264,111349.89953613281
4212,264,111349.89953613281
4213,288,121472.61767578125
4214,264,111349.89953613281
4215,264,111349.89953613281
4216,264,111349.89953613281
4217,264,111349.89953613281
4218,264,111349.89953613281
4219,264,111349.89953613281
4220,288,111516.6298828125
4221,288,111516.6298828125
4222,312,120809.68237304688
4223,288,111516.6298828125
4224,288,111516.6298828125
4225,288,111516.6298828125
4226,288,111516.6298828125
4227,312,120809.68237304688
4228,288,111516.6298828125
4229,288,111516.6298828125
4230,288,111516.6298828125
4231,288,111516.6298828125
4232,312,120809.68237304688
4233,288,111516.6298828125
4234,288,111516.6298828125
4235,288,111516.6298828125
4236,288,111516.6298828125
4237,312,120809.68237304688
4238,288,111516.6298828125
4239,288,111516.6298828125
4240,288,111516.6298828125
4241,288,111516.6298828125
4242,312,120809.68237304688
4243,288,111516.6298828125
4244,288,111516.6298828125
4245,288,111516.6298828125
4246,288,111516.6298828125
4247,312,120809.68237304688
4248,288,111516.6298828125
4249,288,111516.6298828125
4250,288,111516.6298828125
4251,312,120809.68237304688
4252,288,111516.6298828125
4253,288,111516.6298828125
4254,288,111516.6298828125
4255,288,111516.6298828125
4256,312,120809.68237304688
4257,288,111516.6298828125
4258,288,111516.6298828125
4259,288,111516.6298828125
4260,288,111516.6298828125
4261,312,120809.68237304688
4262,288,111516.6298828125
4263,288,111516.6298828125
4264,288,111516.6298828125
4265,288,111516.6298828125
4266,312,120809.68237304688
4267,288,111516.6298828125
4268,288,111516.6298828125
4269,288,111516.6298828125
4270,288,111516.6298828125
4271,312,120809.68237304688
4272,288,111516.6298828125
4273,288,111516.6298828125
4274,288,111516.6298828125
4275,288,111516.6298828125
4276,312,120809.68237304688
4277,288,111516.6298828125
4278,288,111516.6298828125
4279,312,109692.90661621094
4280,336,118130.82250976562
4281,312,109692.90661621094
4282,312,109692.90661621094
4283,336,118130.82250976562
4284,312,109692.90661621094
4285,312,109692.90661621094
4286,336,118130.82250976562
4287,312,109692.90661621094
4288,312,109692.90661621094
4289,336,118130.82250976562
4290,312,109692.90661621094
4291,312,109692.90661621094
4292,336,118130.82250976562
4293,312,109692.90661621094
4294,312,109692.90661621094
4295,336,118130.82250976562
4296,312,109692.90661621094
4297,312,109692.90661621094
4298,336,118130.82250976562
4299,312,109692.90661621094
4300,312,109692.90661621094
4301,336,118130.82250976562
4302,312,109692.90661621094
4303,312,109692.90661621094
4304,336,118130.82250976562
4305,312,109692.90661621094
4306,312,109692.90661621094
4307,336,118130.82250976562
4308,312,109692.90661621094
4309,312,109692.90661621094
4310,336,118130.82250976562
4311,312,109692.90661621094
4312,312,109692.90661621094
4313,336,118130.82250976562
4314,312,109692.90661621094
4315,312,109692.90661621094
4316,336,118130.82250976562
4317,312,109692.90661621094
4318,312,109692.90661621094
4319,336,118130.82250976562
4320,312,109692.90661621094
4321,312,109692.90661621094
4322,336,118130.82250976562
4323,312,109692.90661621094
4324,312,109692.90661621094
4325,336,118130.82250976562
4326,312,109692.90661621094
4327,312,109692.90661621094
4328,336,118130.82250976562
4329,312,109692.90661621094
4330,312,109692.90661621094
4331,336,118130.82250976562
4332,312,109692.90661621094
4333,360,113394.75402832031
4334,360,113394.75402832031
4335,360,113394.75402832031
4336,360,113394.75402832031
4337,360,113394.75402832031
4338,360,113394.75402832031
4339,360,113394.75402832031
4340,360,113394.75402832031
4341,360,113394.75402832031
4342,360,113394.75402832031
4343,360,113394.75402832031
4344,360,113394.75402832031
4345,360,113394.75402832031
4346,360,113394.75402832031
4347,360,113394.75402832031
4348,360,113394.75402832031
4349,360,113394.75402832031
4350,360,113394.75402832031
4351,360,113394.75402832031
4352,360,113394.75402832031
4353,360,113394.75402832031
4354,360,113394.75402832031
4355,360,113394.75402832031
4356,360,113394.75402832031
4357,360,113394.75402832031
4358,360,113394.75402832031
4359,360,113394.75402832031
4360,360,113394.75402832031
4361,360,113394.75402832031
4362,360,113394.75402832031
4363,360,113394.75402832031
4364,360,113394.75402832031
4365,360,113394.75402832031
4366,360,113394.75402832031
4367,360,113394.75402832031
4368,360,113394.75402832031
4369,360,113394.75402832031
4370,360,113394.75402832031
4371,360,113394.75402832031
4372,360,113394.75402832031
4373,360,113394.75402832031
4374,360,113394.75402832031
4375,360,113394.75402832031
4376,360,113394.75402832031
4377,360,113394.75402832031
4378,360,113394.75402832031
4379,360,113394.75402832031
4380,360,113394.75402832031
4381,408,113231.30358886719
4382,408,113231.30358886719
4383,408,113231.30358886719
4384,432,119891.96850585938
4385,408,113231.30358886719
4386,408,113231.30358886719
4387,408,113231.30358886719
4388,408,113231.30358886719
4389,408,113231.30358886719
4390,408,113231.30358886719
4391,432,119891.96850585938
4392,408,113231.30358886719
4393,408,113231.30358886719
4394,408,113231.30358886719
4395,408,113231.30358886719
4396,408,113231.30358886719
4397,408,113231.30358886719
4398,432,119891.96850585938
4399,408,113231.30358886719
4400,408,113231.30358886719
4401,408,113231.30358886719
4402,408,113231.30358886719
4403,408,113231.30358886719
4404,408,113231.30358886719
4405,432,119891.96850585938
4406,408,113231.30358886719
4407,408,113231.30358886719
4408,408,113231.30358886719
4409,408,113231.30358886719
4410,408,113231.30358886719
4411,408,113231.30358886719
4412,432,119891.96850585938
4413,408,113231.30358886719
4414,408,113231.30358886719
4415,408,113231.30358886719
4416,408,113231.30358886719
4417,408,113231.30358886719
4418,408,113231.30358886719
4419,432,119891.96850585938
4420,408,113231.30358886719
4421,408,113231.30358886719
4422,408,113231.30358886719
4423,456,109125.03244018555
4424,480,114868.45520019531
4425,456,109125.03244018555
4426,480,114868.45520019531
4427,456,109125.03244018555
4428,480,114868.45520019531
4429,456,109125.03244018555
4430,480,114868.45520019531
4431,456,109125.03244018555
4432,480,114868.45520019531
4433,456,109125.03244018555
4434,480,114868.45520019531
4435,456,109125.03244018555
4436,456,109125.03244018555
4437,480,114868.45520019531
4438,456,109125.03244018555
4439,480,114868.45520019531
4440,456,109125.03244018555
4441,480,114868.45520019531
4442,456,109125.03244018555
4443,480,114868.45520019531
4444,456,109125.03244018555
4445,480,114868.45520019531
4446,456,109125.03244018555
4447,456,109125.03244018555
4448,480,114868.45520019531
4449,456,109125.03244018555
4450,480,114868.45520019531
4451,456,109125.03244018555
4452,480,114868.45520019531
4453,456,109125.03244018555
4454,480,114868.45520019531
4455,456,109125.03244018555
4456,480,114868.45520019531
4457,456,109125.03244018555
4458,480,114868.45520019531
4459,456,109125.03244018555
4460,552,110640.0863647461
4461,552,110640.0863647461
4462,576,115450.52490234375
4463,552,110640.0863647461
4464,552,110640.0863647461
4465,552,110640.0863647461
4466,576,115450.52490234375
4467,552,110640.0863647461
4468,552,110640.0863647461
4469,552,110640.0863647461
4470,552,110640.0863647461
4471,576,115450.52490234375
4472,552,110640.0863647461
4473,552,110640.0863647461
4474,552,110640.0863647461
4475,576,115450.52490234375
4476,552,110640.0863647461
4477,552,110640.0863647461
4478,552,110640.0863647461
4479,552,110640.0863647461
4480,576,115450.52490234375
4481,552,110640.0863647461
4482,552,110640.0863647461
4483,552,110640.0863647461
4484,576,115450.52490234375
4485,552,110640.0863647461
4486,552,110640.0863647461
4487,552,110640.0863647461
4488,576,115450.52490234375
4489,552,110640.0863647461
4490,552,110640.0863647461
4491,720,115928.0648803711
4492,720,115928.0648803711
4493,720,115928.0648803711
4494,720,115928.0648803711
4495,720,115928.0648803711
4496,720,115928.0648803711
4497,720,115928.0648803711
4498,720,115928.0648803711
4499,720,115928.0648803711
4500,720,115928.0648803711
4501,720,115928.0648803711
4502,720,115928.0648803711
4503,720,115928.0648803711
4504,720,115928.0648803711
4505,720,115928.0648803711
4506,720,115928.0648803711
4507,720,115928.0648803711
4508,720,115928.0648803711
4509,720,115928.0648803711
4510,720,115928.0648803711
4511,720,115928.0648803711
4512,720,115928.0648803711
4513,720,115928.0648803711
4514,720,115928.0648803711
4515,960,116300.30151367188
4516,960,116300.30151367188
4517,960,116300.30151367188
4518,960,116300.30151367188
4519,960,116300.30151367188
4520,960,116300.30151367188
4521,960,116300.30151367188
4522,960,116300.30151367188
4523,960,116300.30151367188
4524,960,116300.30151367188
4525,960,116300.30151367188
4526,960,116300.30151367188
4527,960,116300.30151367188
4528,960,116300.30151367188
4529,960,116300.30151367188
4530,960,116300.30151367188
4531,960,116300.30151367188
4532,960,116300.30151367188
4533,1440,116566.64108276367
4534,1440,116566.64108276367
4535,1440,116566.64108276367
4536,1440,116566.64108276367
4537,1440,116566.64108276367
4538,1440,116566.64108276367
4539,1440,116566.64108276367
4540,1440,116566.64108276367
4541,1440,116566.64108276367
4542,1440,116566.64108276367
4543,1440,116566.64108276367
4544,1440,116566.64108276367
4545,3456,140071.92846679688
4546,3456,140071.92846679688
4547,3456,140071.92846679688
4548,3456,140071.92846679688
4549,3456,140071.92846679688
4550,8640,87590.1068687439
