name,continent,centroid_lat,centroid_lon,area_km2,glaciated,abs_lat,log10_area,stratum,era5_coverage,nbr_corr,nbr_dist_km,nbr_n_unique,nbr_modal,nbr_stable,rho,log_qr,coupling,skill_p3b,dm_p3b,dm_p_p3b,n_p3b,skill_p4cond,dm_p4cond,dm_p_p4cond,n_p4cond,skill_era5r,dm_era5r,dm_p_era5r,n_era5r,skill_era5c,dm_era5c,dm_p_era5c,n_era5c,li_dm_h4,dist_band,corr_band,lat_band
C_West_Red_Sea_Coast,africa,20.37064552307129,36.37029266357422,243098.421875,0,20.37064552307129,5.385782139537684,sub_noise,0.9270779320785844,0.5299204051266168,6607.952515337905,2,E_Farahrud_Helmand_Hamun_i_Mashkel,0,0.9091076962080494,-0.43957907092068177,0.520802243426634,-0.02321146977414079,1.436476223890239,0.15462555955865454,84,-0.02297024813132098,1.4403324756532312,0.1535349225017118,84,-0.02321146977414079,1.436476223890239,0.15462555955865454,84,-0.030899749992151726,1.6955406922176284,0.09372127848637025,84,1.6282674810977962,>1000,low_corr,tropics
C_South_Gulf_of_Aden_Coast,africa,8.431546211242676,46.7910041809082,532753.375,0,8.431546211242676,5.726526209656504,sub_noise,0.941286225668548,0.771389918369576,1597.8919977324645,3,E_Northern_Kordofan,0,0.9416375009209844,-0.044997291518609116,0.8460596780090587,0.007234479457348897,-0.1899344320416012,0.8498242587463786,84,0.009581743489647798,-0.2571088967959492,0.7977310178847485,84,0.007234479457348897,-0.1899344320416012,0.8498242587463786,84,0.013757074968058003,-0.3711058247194567,0.7115042733992892,84,-0.5125624742145098,>1000,mid_corr,tropics
R_Shebelli_Juba_Rivers,africa,4.114995956420898,41.25597381591797,807317.9375,0,4.114995956420898,5.907044602019804,sub_noise,0.9952040018984866,0.8164003702071811,424.4605547439829,1,E_Rift_Valley,1,0.8685827946357859,0.6313038522959161,0.9043896784338029,-0.016457600590264354,1.0379823626782254,0.30229275781627823,84,-0.014802480171282717,0.974777642125328,0.33250302592522185,84,-0.016457600590264354,1.0379823626782254,0.30229275781627823,84,-0.013173173653526993,0.7458217648714134,0.4578821671328723,84,-2.4020036523916635,300-600,mid_corr,tropics
C_East_Central_Africa_Coast,africa,-8.842026710510254,37.68485641479492,1026780.125,0,8.842026710510254,6.011477453604424,low,0.988106532889832,0.7745737104988726,597.8003552982154,1,E_Lake_Rukwa_Basin,1,0.9026331228741963,0.58746183788954,0.6914979109267978,0.007064078378788863,-0.25991351659680856,0.7955741408550417,84,0.007386003295499877,-0.28286094594318567,0.7779876783969573,84,0.007064078378788863,-0.25991351659680856,0.7955741408550417,84,0.03425870108987117,-1.412307985644474,0.16159782341714496,84,-2.017134500227042,300-600,mid_corr,tropics
C_South_Zambezia_Coast,africa,-18.405845642089844,36.37495422363281,5879.02783203125,0,18.405845642089844,3.7693055161967326,sub_noise,0.8753431723165233,0.4837773150312554,9625.774917513847,4,C_Svalbard,0,0.8075155440574452,0.8280506260251729,0.13983651705923866,-0.024282734690502128,0.6622081857870896,0.5096723554189524,84,-0.023575692424699923,0.6506698213218267,0.5170568555912108,84,-0.024282734690502128,0.6622081857870896,0.5096723554189524,84,-0.0416298056602038,1.1524079754653127,0.252461831007549,84,4.91291616936283,>1000,low_corr,tropics
R_Zambezi_River,africa,-14.893959999084473,27.693653106689453,1376693.75,0,14.893959999084473,6.138837340781669,mid,0.9999999519140386,0.7774877091004674,903.6191005892949,1,E_South_Interior_Africa,1,0.9395016516365542,7.0592299727567305,0.4919285237568724,0.04490373421754623,-1.561167883311955,0.12228917609205725,84,0.038846977903887026,-1.3972194330490262,0.16607172091344596,84,0.04490373421754623,-1.561167883311955,0.12228917609205725,84,-0.00781973664659108,0.16484049256364242,0.8694703354791871,84,0.4683375616285763,600-1000,mid_corr,tropics
C_Indian_Ocean_Africa_Coast,africa,-20.424480438232425,33.196754455566406,243745.15625,0,20.424480438232425,5.3869359940739665,mid,0.979470357730162,0.702578810927933,497.9907588101766,1,R_Limpopo_River,1,0.8245884152291347,6.999836036247963,0.6787138787989389,0.05223748176449616,-2.3407527325685433,0.02164417999964583,84,0.04867848152900822,-2.188591444758927,0.03143625658527406,84,0.05223748176449616,-2.3407527325685433,0.02164417999964583,84,0.06159443228793393,-2.5168381447211123,0.013765645649072423,84,-1.6506247029696308,300-600,mid_corr,tropics
R_Limpopo_River,africa,-23.307178497314453,29.50295639038086,413093.1875,0,23.307178497314453,5.616048032895845,low,1.0000000333023396,0.702578810927933,497.9907588101766,1,C_Indian_Ocean_Africa_Coast,1,0.8611016208456805,7.272177171491585,0.6787138787989391,-0.023792803773138527,1.4281459563784034,0.15700199410708857,84,-0.024396994419865647,1.5124944394761433,0.1342065818657636,84,-0.023792803773138527,1.4281459563784034,0.15700199410708857,84,-0.04003781110717308,2.2458837141470647,0.027368623476692038,84,-1.912121654044414,300-600,mid_corr,tropics
C_South_Africa_South_Coast,africa,-30.293731689453125,27.534839630126957,388384.71875,0,30.293731689453125,5.589262133972554,low,0.9860938834111194,0.8706580790280094,595.4114400456673,1,R_Orange_River,1,0.9426590876264314,1.3874674635521014,0.8942929873623688,0.035437960877378716,-1.7358980679136233,0.086292757794252,84,0.02956956280742562,-1.4982175302591287,0.13787047400166824,84,0.035437960877378716,-1.7358980679136233,0.086292757794252,84,0.02828196680228301,-1.4212228245943135,0.15899837174888867,84,3.621793938086137,300-600,high_corr,S_extratropics
C_South_Africa_West_Coast,africa,-31.5205020904541,18.84754943847656,109535.5078125,0,31.5205020904541,5.039554926000768,sub_noise,0.9450033161121492,0.6967402126186938,9481.886350787816,3,C_Aleutians_South_Alaska_Coast,0,0.9435284539814702,0.29096131592727037,0.4132163142185202,0.025832364568380006,-0.5960829303980146,0.5527419963845466,84,0.02526497946539863,-0.5913409777961394,0.555899091561372,84,0.025832364568380006,-0.5960829303980146,0.5527419963845466,84,-0.055890610171847044,1.2928827965686065,0.1996388992968931,84,-0.3058264637705016,>1000,low_corr,S_extratropics
R_Orange_River,africa,-27.33736228942871,22.437862396240234,983929.4375,0,27.33736228942871,5.992963954119143,low,1.0000000768991553,0.8892983561027938,729.2450636044107,2,C_South_Africa_South_Coast,0,0.9293501075150197,4.724061515015597,0.8034796553206334,-0.06563906123071139,1.6319392168729288,0.10648090296998713,84,-0.06591850244889863,1.6238517599638445,0.1081994721808999,84,-0.06563906123071139,1.6319392168729288,0.10648090296998713,84,-0.033242621550557905,0.7697617148654616,0.44362652756505616,84,3.3123329072451684,600-1000,high_corr,S_extratropics
C_Namibia_Coast,africa,-22.32147979736328,15.058770179748535,268245.71875,0,22.32147979736328,5.428532799275125,low,0.9627992756468408,0.9319723847915267,661.955572336702,1,E_South_Interior_Africa,1,0.9487854518506668,5.973243882904248,0.8177348961783204,0.016419240562044468,-0.7282839614348382,0.46848954110615687,84,0.009846427905606747,-0.4371617988889663,0.6631293390925559,84,0.016419240562044468,-0.7282839614348382,0.46848954110615687,84,-0.004565548087773985,0.18070759026713923,0.857037618273499,84,0.5721136906328568,600-1000,high_corr,tropics
C_Angola_Coast,africa,-12.190860748291016,14.83316707611084,521596.40625,0,12.190860748291016,5.717334590486189,low,0.97243504194704,0.5359515576207036,7078.250480091638,2,E_Farahrud_Helmand_Hamun_i_Mashkel,0,0.859855881730392,0.4457920902399438,0.2535941837811717,-0.03156142245924243,1.3511824740855172,0.18030865409236915,84,-0.030934313176786077,1.3525480820553506,0.1798734536426359,84,-0.03156142245924243,1.3511824740855172,0.18030865409236915,84,-0.04763156941976465,1.5895682454156135,0.11573426447290949,84,-0.5594221199319872,>1000,low_corr,tropics
R_Congo_River,africa,-2.5096843242645264,22.90906143188477,3715698.25,0,2.5096843242645264,6.570040437915534,low,1.0000000494356305,0.7869004395560195,1197.777500610139,1,E_Lake_Rukwa_Basin,1,0.905402995548453,7.08959685102684,0.5003023899561165,0.008614752858198682,-0.27423596603303463,0.7845846634663171,84,0.008938180270891105,-0.288855897972953,0.7734118688359629,84,0.008614752858198682,-0.27423596603303463,0.7845846634663171,84,0.03356160600892899,-1.2739075661932322,0.20625184657264653,84,-1.814008666250964,>1000,mid_corr,tropics
C_Gulf_of_Guinea_Coast,africa,1.326582431793213,11.635783195495604,700958.5,0,1.326582431793213,5.845692306476619,low,0.9669125802672044,0.4749636553972446,920.0664195216754,2,C_Nigerian_Delta,0,0.8477965617702605,0.26312421577644535,0.4904944761214714,-0.037361999275976165,1.1292575938123084,0.2620423846393143,84,-0.03574214100239037,1.0944588671235322,0.27691976615943376,84,-0.037361999275976165,1.1292575938123084,0.2620423846393143,84,-0.035816557658830295,1.29343804979011,0.19944779355379091,84,-0.66141666899815,600-1000,low_corr,tropics
C_Nigerian_Delta,africa,5.011028289794922,7.079521179199219,25460.255859375,0,5.011028289794922,4.405862763722836,low,0.9393371985749762,0.4473003338320295,650.8846008829457,1,C_Gulf_of_Guinea_Coast,1,0.779681423535948,-0.2525705358367322,0.700332663227311,0.001261910516508924,-0.1501692809001467,0.8809953926702868,84,0.0019096058234177038,-0.23374511025585584,0.815758427110516,84,0.001261910516508924,-0.1501692809001467,0.8809953926702868,84,0.005348482472728011,-0.6179802195758352,0.5382804050344996,84,-0.4318925425247288,600-1000,low_corr,tropics
R_Niger_River,africa,13.760977745056152,3.548226833343506,2137806.0,0,13.760977745056152,6.3299682916341045,sub_noise,0.9996386962272727,0.8229526423599864,1476.8570874381355,1,E_Lower_Lake_Chad,1,0.7874147778931813,0.6968053986625468,0.8505521651495863,0.09196304201909378,-3.5634807804681174,0.0006097951447125721,84,0.09049884434463518,-3.576472564977747,0.000584163109211035,84,0.09196304201909378,-3.5634807804681174,0.0006097951447125721,84,0.11620971657248336,-4.554312979227333,1.7856947544961764e-05,84,-1.955477754998888,>1000,mid_corr,tropics
C_Bight_of_Benin_Coast,africa,7.379095077514648,3.409212112426758,209642.9375,0,7.379095077514648,5.321480236372584,mid,0.9412098819053056,0.8127955258551987,631.6263752483499,1,R_Volta_River,1,0.949170118479248,-0.3188860047340673,0.885635190947613,0.014042834109236568,-1.102380614800791,0.2734825122393499,84,0.01359347663991528,-1.0889033308273963,0.27934812914049456,84,0.014042834109236568,-1.102380614800791,0.2734825122393499,84,0.04100331084673481,-2.3808573497990753,0.019562142148455315,84,4.0488889202036855,600-1000,mid_corr,tropics
R_Volta_River,africa,10.47368335723877,-1.4132455587387085,410240.78125,0,10.47368335723877,5.613038830560624,mid,0.999999933944994,0.8127955258551987,631.6263752483499,1,C_Bight_of_Benin_Coast,1,0.9445951851011021,-0.12528799456790746,0.8856351909476181,-0.00710539290786949,0.32648613361420065,0.7448784195835046,84,-0.004290839553900305,0.19404182851736942,0.8466172529460457,84,-0.00710539290786949,0.32648613361420065,0.7448784195835046,84,-0.013585956386442,0.6557565246051557,0.5137944495878789,84,3.356265778274901,600-1000,mid_corr,tropics
C_West_Africa_Coast,africa,8.892885208129883,-8.912860870361328,855164.875,0,8.892885208129883,5.9320498543768725,low,0.9667636280337176,0.7729060235491606,840.5771435993058,1,R_Volta_River,1,0.9199681960186814,-0.20761030237142225,0.872515177509754,0.01565715605953244,-0.8695937658965174,0.3870302982939534,84,0.015128611713597251,-0.8656674246222716,0.3891679231817298,84,0.01565715605953244,-0.8695937658965174,0.3870302982939534,84,0.04899623601598302,-2.148259694958446,0.03460762994263231,84,1.2607875287154382,600-1000,mid_corr,tropics
R_Senegal_River,africa,15.055135726928713,-10.95368480682373,457495.84375,0,15.055135726928713,5.660387152949703,low,0.9999999606464453,0.6497888210869649,976.3519338279168,3,C_West_Africa_Coast,0,0.8256088921391846,0.5630735974263329,0.7320317619339485,-0.0009196532448707551,0.06997764213791288,0.944379781661332,84,0.00022482668240508819,-0.01689777820030801,0.9865587188215041,84,-0.0009196532448707551,0.06997764213791288,0.944379781661332,84,-0.002418916294758988,0.16553237514602728,0.8689274993272976,84,-1.5278227115940424,600-1000,low_corr,tropics
C_North_West_Africa_Coast,africa,25.009010314941406,-11.437515258789062,832119.0625,0,25.009010314941406,5.9201854711071675,sub_noise,0.966235015676299,0.9152467323970603,1790.3848973371253,1,C_Southwest_Mediterranean_Coast,1,0.9695450157806359,0.33843285345701946,0.8919206742808468,0.06791110369329878,-1.4455436663604244,0.1520705508763727,84,0.07020163174679017,-1.4870184394861814,0.14079907714786272,84,0.06791110369329878,-1.4455436663604244,0.1520705508763727,84,0.028833949033915562,-0.619683994433607,0.5371633396713771,84,-0.279244989643066,>1000,high_corr,N_midlat
C_Southwest_Mediterranean_Coast,africa,35.3536376953125,2.8848717212677,296790.0625,0,35.3536376953125,5.472449355253665,low,0.9093123329442624,0.923045692564003,1123.9150230044063,2,E_Saharan_and_Algerian_Atlas,0,0.9842640620639955,0.47831443837993415,0.9198886300437957,0.0059421059364900275,-0.2798263169145512,0.780306944119,84,0.006205688406202059,-0.29337884757527366,0.7699648942561655,84,0.0059421059364900275,-0.2798263169145512,0.780306944119,84,-0.013843829472311331,0.5695734260118585,0.5705054104925023,84,4.314511184695068,>1000,high_corr,N_midlat
C_South_Mediterranean_Coast,africa,30.94673156738281,16.09575080871582,282865.53125,0,30.94673156738281,5.451580029464943,sub_noise,0.9415755850382386,0.8297523402874608,545.717534162986,1,E_Libyian_Desert,1,0.9263573953374957,-0.3926461954561203,0.9060456913772985,-0.010491555024759736,0.6969089116131583,0.48780714834794653,84,-0.010078937435323398,0.6797164432307101,0.49857539998463263,84,-0.010491555024759736,0.6969089116131583,0.48780714834794653,84,0.013051563819426293,-0.7500692088444272,0.45533397989866453,84,-2.8637204111150028,300-600,mid_corr,N_midlat
C_West_Nile_Delta,africa,30.55795669555664,30.14198875427246,20673.873046875,0,30.55795669555664,4.315421845051044,sub_noise,0.8074967825450631,0.9119864873457537,128.55923318611988,1,C_East_Nile_Delta,1,0.8888925294544752,-0.21940247745782612,0.9412185048923218,-0.02020243715865333,1.6941623662747503,0.0939839341439907,84,-0.01957495565986611,1.6637010204951805,0.09994365726012575,84,-0.02020243715865333,1.6941623662747503,0.0939839341439907,84,-0.03394580720519147,2.0736041061292574,0.041216558075828934,84,0.377325305484364,<300km,high_corr,N_midlat
R_Nile_River,africa,11.534171104431152,31.847883224487305,3062504.25,0,11.534171104431152,6.486076700066554,low,1.000000049277057,0.8566542579321151,944.0074449780201,1,E_Rift_Valley,1,0.9019146779478998,7.147284601053952,0.8390136998277974,0.030032861284165935,-1.0207923349185832,0.31031901680856716,84,0.031806049863935426,-1.090175059911734,0.2787909506730707,84,0.030032861284165935,-1.0207923349185832,0.31031901680856716,84,-0.0017416699132128954,0.05922799703346823,0.9529128815894665,84,-1.9691339766057816,600-1000,high_corr,tropics
C_East_Nile_Delta,africa,30.81274032592773,31.45334815979004,19289.41015625,0,30.81274032592773,4.2853189477163385,sub_noise,0.9657190072358016,0.9119864873457537,128.55923318611988,1,C_West_Nile_Delta,1,0.9137242701759778,-0.2517565296015202,0.9412185048923218,-0.013037194516565487,0.9036767428244931,0.36878220381638205,84,-0.013049516223077262,0.9024833413365267,0.36941180347758235,84,-0.013037194516565487,0.9036767428244931,0.36878220381638205,84,-0.007557951138916552,0.5881907341290126,0.5580014016199458,84,6.373861721267088,<300km,high_corr,N_midlat
C_Madagascar,africa,-19.17742919921875,46.77520751953125,611052.1875,0,19.17742919921875,5.786078303164641,mid,0.9275915645727963,0.31160120206484915,12759.00104611799,3,R_Rio_Grande_Rio_Bravo,0,0.6900581606056436,6.741704820519436,0.04132297060320098,-0.04659352812023143,1.0256495661173484,0.3080367223204251,84,-0.04439243005279203,0.9920239264013028,0.32406913753775085,84,-0.04659352812023143,1.0256495661173484,0.3080367223204251,84,-0.07832469256859431,1.6269673374078664,0.10753478946405154,84,-2.842260967311418,>1000,low_corr,tropics
E_Lower_Lake_Chad,africa,11.152617454528809,16.887977600097656,1125897.125,0,11.152617454528809,6.051498710154834,low,0.999999985034176,0.8237069481211938,1507.7535574400536,2,R_Niger_River,0,0.8838315541950343,3.336626160328032,0.8045330181318185,-0.061444746142631734,3.2639302953636897,0.0015968629789020247,84,-0.06062334706999284,3.222381566999008,0.0018172075111880855,84,-0.061444746142631734,3.2639302953636897,0.0015968629789020247,84,-0.08029449182473236,4.180870662728931,7.157349625247618e-05,84,-2.838551380089629,>1000,mid_corr,tropics
E_South_Interior_Africa,africa,-19.246938705444336,20.51251602172852,865424.625,0,19.246938705444336,5.937229248557949,mid,0.9999999610062869,0.9319723847915267,661.955572336702,1,C_Namibia_Coast,1,0.951159274055725,6.999199202710156,0.8177348961783206,-0.015783377398367326,1.1976063751294623,0.2344792816870853,84,-0.017327785249716898,1.3054715252999722,0.1953395095281387,84,-0.015783377398367326,1.1976063751294623,0.2344792816870853,84,-0.009117045843058946,0.5897921786857414,0.5569321882392634,84,-2.174709873527188,600-1000,high_corr,tropics
E_Upper_Lake_Chad,africa,18.530920028686523,15.589140892028809,1353182.375,0,18.530920028686523,6.131356332531483,sub_noise,0.9999999365454026,0.8762968994618809,1021.6790397192177,1,E_Northern_Kordofan,1,0.9260812374480457,-0.2680327975955251,0.9263013464838791,0.02258456776477802,-1.9870584043552075,0.05021438778387243,84,0.02241601117886738,-1.9923663478051659,0.049617849391181856,84,0.02258456776477802,-1.9870584043552075,0.05021438778387243,84,0.021524432734903565,-1.6906674694802712,0.09465262093387923,84,-2.172448992470013,>1000,high_corr,tropics
E_Libyian_Desert,africa,26.2124080657959,17.569135665893555,1124732.75,0,26.2124080657959,6.051049341124324,sub_noise,1.000000052290965,0.8474407518140066,1783.2250174227433,1,E_Sahara,1,0.8677574881286508,-0.4419156026884237,0.8976483823479044,-0.006634087779287423,0.9115033452881712,0.3646700064487585,84,-0.006279921285251344,0.8739863302362628,0.3846475073985662,84,-0.006634087779287423,0.9115033452881712,0.3646700064487585,84,-0.006268030410008452,0.8181471862289686,0.4156157941913049,84,-3.1979880201671858,>1000,high_corr,N_midlat
E_Egyptian_Western_Desert,africa,25.169008255004883,26.742637634277344,927035.0,0,25.169008255004883,5.967096131145491,sub_noise,0.9999999591657808,0.8446726985779179,2108.9794109578042,2,C_East_Red_Sea_North_Gulf_of_Aden_Coast,0,0.973823522789034,-0.42056634629681067,0.8723959117593747,-0.0051443593800590826,0.21734444524738647,0.8284733207039822,84,-0.0032971567231159238,0.14030639905669937,0.8887578451959514,84,-0.0051443593800590826,0.21734444524738647,0.8284733207039822,84,0.0035274487340232197,-0.16598810747350215,0.8685699759143513,84,-3.0121162702111497,>1000,high_corr,N_midlat
E_Rift_Valley,africa,5.223244667053223,37.59090042114258,578629.4375,0,5.223244667053223,5.762400524401148,low,1.000000042284568,0.8566542579321151,944.0074449780201,1,R_Nile_River,1,0.8831064317618431,0.8836823888924948,0.8390136998277976,-0.006897521352946301,0.4058870925356562,0.6858700565438592,84,-0.006094494682782559,0.3712465056938768,0.7113998938906249,84,-0.006897521352946301,0.4058870925356562,0.6858700565438592,84,0.02473350727691126,-1.2535395343207771,0.21352893675287396,84,-1.8459964010951,600-1000,high_corr,tropics
E_Northern_Kordofan,africa,17.22397804260254,25.146631240844727,254361.15625,0,17.22397804260254,5.405450790489329,sub_noise,0.99999998856605,0.8762968994618809,1021.6790397192177,1,E_Upper_Lake_Chad,1,0.9346004407036188,-0.3151545425436436,0.9263013464838791,0.033540200629315065,-2.0907551454340925,0.03960883655472517,84,0.03329511884839598,-2.096469399669444,0.039085360229846856,84,0.033540200629315065,-2.0907551454340925,0.03960883655472517,84,0.037623376410461096,-2.174829944430652,0.03248860760078689,84,-1.4744509187299593,>1000,high_corr,tropics
E_Saharan_and_Algerian_Atlas,africa,30.64778709411621,-1.768595814704895,788742.8125,0,30.64778709411621,5.896935414717089,sub_noise,0.9999999976588402,0.914595858299446,679.6017734492602,1,C_Southwest_Mediterranean_Coast,1,0.9694816323759102,0.1317867891475965,0.9329765345424255,0.07571387918100925,-2.983538991951631,0.003741034494755502,84,0.07663066974343657,-2.9925587352962513,0.0036428096557658773,84,0.07571387918100925,-2.983538991951631,0.003741034494755502,84,0.07150538463161382,-2.4986960025965295,0.014437284460323023,84,1.1862377827540962,600-1000,high_corr,N_midlat
E_Sahara,africa,24.56203269958496,-0.1017521992325782,2437994.0,0,24.56203269958496,6.3870326324677205,sub_noise,1.0000000340268662,0.8474407518140066,1783.2250174227433,1,E_Libyian_Desert,1,0.9120338696625684,-0.43625263243969437,0.8976483823479044,0.0031825687127000624,-0.3911493974548484,0.696689114460176,84,0.0032910831952499553,-0.40270428167262984,0.6882011331197851,84,0.0031825687127000624,-0.3911493974548484,0.696689114460176,84,0.01065867327475356,-1.244230640639893,0.21691693846412685,84,-2.58735625931195,>1000,high_corr,N_midlat
E_Lake_Rukwa_Basin,africa,-7.73997163772583,32.36717224121094,77505.734375,0,7.73997163772583,4.8893338356068154,mid,0.9999999166125492,0.796253385972776,1077.7820715477542,2,R_Congo_River,0,0.908906341787483,0.9962232214296429,0.5451305130542705,0.022561222192405972,-0.9685575985490327,0.33557989891169127,84,0.02480065649184482,-1.0609528674657078,0.2917888239542579,84,0.022561222192405972,-0.9685575985490327,0.33557989891169127,84,0.024501249259383462,-0.9247097170064721,0.3577976379461614,84,0.9205164178645006,>1000,mid_corr,tropics
C_East_Mediterranean_Coast,asia,36.52043533325195,32.11308670043945,330882.1875,0,36.52043533325195,5.519673388257831,mid,0.9156200260666444,0.7359600367714549,487.10509105857807,1,C_South_Black_Sea_Coast,1,0.9276719487491445,4.85207029856157,0.6216636624048512,0.013152450096103774,-0.4485797270465053,0.6549037875050172,84,0.017006139674734078,-0.5831835971564246,0.5613509878365512,84,0.013152450096103774,-0.4485797270465053,0.6549037875050172,84,0.013364261917585663,-0.4626590883018184,0.6448194226274273,84,1.0176668440694667,300-600,mid_corr,N_midlat
C_South_Black_Sea_Coast,europe,40.133785247802734,35.27177429199219,359180.5,0,40.133785247802734,5.555312750678234,low,0.9629355073445132,0.7359600367714549,487.10509105857807,1,C_East_Mediterranean_Coast,1,0.8578652608906401,0.5595912123171904,0.6216636624048563,-0.005555880139131775,0.28417088967897974,0.7769871526458554,84,-0.0036868219279608816,0.1932609450702639,0.8472267599850024,84,-0.005555880139131775,0.28417088967897974,0.7769871526458554,84,-0.012628845965307889,0.6387705167690443,0.524731040717827,84,-2.7159993990192706,300-600,mid_corr,N_midlat
C_East_Azov_Sea_Northeast_Black_Sea_Coast,europe,45.121726989746094,39.69782257080078,113622.0,0,45.121726989746094,5.055462429557673,mid,0.9515909426111898,0.9177906332431773,374.7825322033692,1,C_Crimea_West_Azov_Sea_Coast,1,0.9426669047548918,-0.2105614230556952,0.9412185048923218,0.019666487344283667,-1.876033890557692,0.06416578526071337,84,0.020407892772687175,-2.0387924213916606,0.04465344750372913,84,0.019666487344283667,-1.876033890557692,0.06416578526071337,84,0.02346531348141423,-2.3963839563128224,0.018805165773153647,84,-0.7361598145881817,300-600,high_corr,N_midlat
R_Don_River,europe,49.75143432617188,41.11557769775391,439711.84375,0,49.75143432617188,5.643168163609237,mid,1.000000004934421,0.7959364707743787,574.2847337831384,2,C_Crimea_West_Azov_Sea_Coast,0,0.9435993286673154,0.5183380246259836,0.8262864076621531,-0.018278896517378573,0.611840776622332,0.5423154964783568,84,-0.018657392781131765,0.6550965581870524,0.5142171088794241,84,-0.018278896517378573,0.611840776622332,0.5423154964783568,84,-0.07503135850054043,2.4047644570729707,0.01840752166909122,84,-1.325505365144398,300-600,mid_corr,N_midlat
C_Crimea_West_Azov_Sea_Coast,europe,46.28525924682617,35.1673583984375,94162.234375,0,46.28525924682617,4.973876755328368,mid,0.7870433125761164,0.9177906332431773,374.7825322033692,1,C_East_Azov_Sea_Northeast_Black_Sea_Coast,1,0.9413114833793379,0.18553418441022532,0.9412185048923218,-0.0221079460521314,1.1563013229317847,0.25087533612939794,84,-0.021388877603272904,1.0678053971217618,0.28870424280282136,84,-0.0221079460521314,1.1563013229317847,0.25087533612939794,84,-0.019060027124344847,1.1856393119458506,0.23914806315306925,84,-0.7144885334608501,300-600,high_corr,N_midlat
R_Dnieper_River,europe,51.23007583618164,31.480995178222656,510859.21875,0,51.23007583618164,5.708301234882796,low,1.000000031989582,0.6871303419694665,452.8796510783861,2,C_Greater_Dniester_Basin,0,0.9313519150573789,0.10064832230054202,0.7697366721135244,-0.05018241427357384,1.3892374332022492,0.1684765089184767,84,-0.05129914081127218,1.4401142832133567,0.15359647299706247,84,-0.05018241427357384,1.3892374332022492,0.1684765089184767,84,-0.10509731637398567,2.3737848612819215,0.019915846350143956,84,1.357572644955632,300-600,low_corr,N_high
C_Greater_Dniester_Basin,europe,48.228153228759766,28.64737892150879,165012.75,0,48.228153228759766,5.217517502036427,low,0.983823740365617,0.7991399385940088,661.9773666909638,1,R_Danube_River,1,0.9159569942697221,0.3087930612639009,0.8622188497468676,0.0009784077666147306,-0.07189080196456081,0.9428617619148353,84,0.0011161273498779822,-0.08136472879216904,0.9353477824296159,84,0.0009784077666147306,-0.07189080196456081,0.9428617619148353,84,-0.007800438549433908,0.482391973761796,0.630797288639875,84,0.2239495328209265,600-1000,mid_corr,N_midlat
R_Danube_River,europe,46.30460357666016,20.33920669555664,800229.75,0,46.30460357666016,5.903214693032314,mid,0.9999998556625324,0.7991399385940088,661.9773666909638,1,C_Greater_Dniester_Basin,1,0.8776761321939963,0.9785661774738932,0.8622188497468676,0.031012194701615647,-1.2801175013685324,0.20407005609761752,84,0.02947968022394154,-1.2561317770554634,0.21259243867141694,84,0.031012194701615647,-1.2801175013685324,0.20407005609761752,84,0.04995036735187297,-2.0379435508630106,0.044740241194932556,84,-1.62704705745294,600-1000,mid_corr,N_midlat
C_West_Black_Sea_Coast,europe,43.19564437866211,27.758071899414062,27089.95703125,0,43.19564437866211,4.4328083161772875,mid,0.7285505761289921,0.8654262154264021,527.1990338032531,1,C_Balkan_Peninsula_and_Adriatic_Coast,1,0.8695346769210482,0.06118384166557918,0.9412185048923218,0.03808419023628051,-3.7602162132514003,0.0003150204033944598,84,0.037629805601169686,-3.7065335120642597,0.0003780424895221577,84,0.03808419023628051,-3.7602162132514003,0.0003150204033944598,84,0.03914993772869457,-3.4283832416278273,0.00094754828210942,84,-0.1875847156920051,300-600,high_corr,N_midlat
C_Balkan_Peninsula_and_Adriatic_Coast,europe,41.0028190612793,22.09043312072754,328025.6875,0,41.0028190612793,5.515907854390597,mid,0.8584378403114008,0.8654262154264021,527.1990338032531,1,C_West_Black_Sea_Coast,1,0.8651910720003728,0.5392122811797462,0.9412185048923218,0.008465627072759219,-0.8421860307331326,0.40210403193064415,84,0.0076421543153653015,-0.7533824116809129,0.4533519315341338,84,0.008465627072759219,-0.8421860307331326,0.40210403193064415,84,0.010806442195075427,-0.8515797888854411,0.39689770643004946,84,-1.1144108898815732,300-600,high_corr,N_midlat
C_Po_River_and_East_Italy_Coast,europe,44.14605712890625,12.010080337524414,180304.53125,0,44.14605712890625,5.256006641154699,mid,0.8787633477068442,0.8503899602466317,292.15925026781485,1,C_West_Italy_Coast,1,0.8707386243093425,1.0353752689165714,0.931489997982682,-0.003968669707020478,0.36249546174188824,0.7179032221992738,84,-0.0028170931368312058,0.26111091844390266,0.7946537689188788,84,-0.003968669707020478,0.36249546174188824,0.7179032221992738,84,0.0003614814407321143,-0.026935136654569498,0.9785761254321148,84,0.2855729229649501,<300km,high_corr,N_midlat
C_West_Italy_Coast,europe,41.67490005493164,13.229246139526367,102275.0703125,0,41.67490005493164,5.00976978674113,mid,0.8278253426413565,0.9038991206539958,372.38841105793955,1,C_Sardinia_and_Corsica,1,0.916639565962916,0.05271947269180292,0.9412185048923218,-0.01960598772612654,2.3476790258217615,0.021271137982398207,84,-0.019223665202559692,2.379938407323609,0.019607781646573876,84,-0.01960598772612654,2.3476790258217615,0.021271137982398207,84,-0.026565987801047575,2.9024823507982234,0.0047402554688390185,84,-0.5560652475395258,300-600,high_corr,N_midlat
C_Northwest_Mediterranean_Coast,europe,42.14854431152344,1.569547176361084,335345.25,0,42.14854431152344,5.525492159153191,low,0.8920611337698022,0.7813285491664492,649.8019071283557,1,C_Iberian_Atlantic_Coast,1,0.7817397890783238,7.148693057858537,0.7234566838648973,-0.014652906970491708,0.8803089524700767,0.3812338136798881,84,-0.013394937786042505,0.8162108920709348,0.41671590518092216,84,-0.014652906970491708,0.8803089524700767,0.3812338136798881,84,0.0013643731292710681,-0.0832496796425295,0.9338534637629492,84,-2.831127757667553,600-1000,mid_corr,N_midlat
C_Iberian_Atlantic_Coast,europe,40.14402770996094,-5.723358631134033,413294.96875,0,40.14402770996094,5.616260118426126,mid,0.9534605664910916,0.7813285491664492,649.8019071283557,1,C_Northwest_Mediterranean_Coast,1,0.814309472336453,7.321128095823161,0.7234566838649096,0.007816709091028495,-0.41054501082848577,0.682464102625509,84,0.009311240446772007,-0.4914886915591098,0.6243780793548687,84,0.007816709091028495,-0.41054501082848577,0.682464102625509,84,0.002282295978224713,-0.10095620146566976,0.9198287050589009,84,-1.5481102936576188,600-1000,mid_corr,N_midlat
C_West_Continental_Europe,europe,48.84905624389648,5.234267234802246,879398.125,0,48.84905624389648,5.944185535307998,low,0.936098863794766,0.773513927586643,780.0550053402544,1,C_Great_Britain,1,0.7849087665947161,7.051047370565167,0.8162086613904883,-0.000399204897245653,0.020237557291826754,0.9839024394510649,84,0.0006482468255972762,-0.033372151941384764,0.9734579408705774,84,-0.000399204897245653,0.020237557291826754,0.9839024394510649,84,-0.011216106730154607,0.48668558993960964,0.6277638711605302,84,-2.623075273130127,600-1000,mid_corr,N_midlat
C_Denmark_Germany_Coast,europe,55.269378662109375,10.729411125183104,112410.109375,0,55.269378662109375,5.050805370382056,sub_noise,0.6096133754032,0.7085310600261538,6664.896683305534,2,C_West_Continental_Europe,0,0.9241530625939787,0.11537425847279366,0.5163729381984385,-0.0014600315270196784,0.05621589911675865,0.9553049230286651,84,0.0011139619476477902,-0.042648270557371054,0.9660843473822521,84,-0.0014600315270196784,0.05621589911675865,0.9553049230286651,84,0.016491840364748156,-0.6356340944292621,0.5267636509093562,84,5.057530376049652,>1000,mid_corr,N_high
C_South_Baltic_Coast,europe,54.15943145751953,22.931365966796875,696030.8125,0,54.15943145751953,5.842628465763612,low,0.9694830399091264,0.6566201767267916,2870.2988651398095,4,C_Southwest_Mediterranean_Coast,0,0.9623734804615051,-0.17057912372002354,0.4413339416269312,-0.09808219691997055,1.3608249059434534,0.17725273558901228,84,-0.09582836507696268,1.3625241417569982,0.17671830135468558,84,-0.09808219691997055,1.3608249059434534,0.17725273558901228,84,-0.0722003716620303,0.9372105039465113,0.351369421585254,84,0.0743344366833651,>1000,low_corr,N_high
C_Neva_River_Finland_Coast,europe,62.06149673461914,29.044687271118164,532684.4375,0,62.06149673461914,5.726470008955653,mid,0.9664884207474642,0.5715362232961679,653.6725601285264,1,C_Sweden_Coast,1,0.8738633194839688,0.3681533865327838,0.7405370961514259,-0.02453869995323754,1.4305331289695655,0.15631812452810512,84,-0.021703635947729394,1.281895771940736,0.20344844111178842,84,-0.02453869995323754,1.4305331289695655,0.15631812452810512,84,-0.05544673809784073,2.4880268146082063,0.014845870468997213,84,1.6040041917090182,600-1000,low_corr,N_high
C_Sweden_Coast,europe,62.442989349365234,16.424589157104492,484086.40625,0,62.442989349365234,5.684922887281451,low,0.9574141392110368,0.9379765457671889,340.13371775029395,1,C_Norway_Coast,1,0.8381378884343921,0.35182632816998566,0.9412185048923218,0.01485923897307695,-1.9478689716301667,0.05481094475950606,84,0.015895973551590337,-2.054513383765614,0.04307198991246888,84,0.01485923897307695,-1.9478689716301667,0.05481094475950606,84,0.012222535151298453,-1.4098251534073465,0.162327570783158,84,-2.321400403376109,300-600,high_corr,N_high
C_Norway_Coast,europe,62.25550079345703,9.84280776977539,246138.140625,0,62.25550079345703,5.3911789155294585,low,0.9029454068391792,0.9379765457671889,340.13371775029395,1,C_Sweden_Coast,1,0.8799118726243504,0.43941198489510513,0.9412185048923218,-0.022452095426567897,2.3250663146753743,0.022510539606787307,84,-0.020519739996484043,2.1709179878437723,0.03279331111426005,84,-0.022452095426567897,2.3250663146753743,0.022510539606787307,84,-0.042107059617248366,3.8263807749259886,0.00025106173349609797,84,-2.69587709544948,300-600,high_corr,N_high
C_West_Barents_Sea_Coast,europe,67.25116729736328,31.935346603393555,378167.46875,0,67.25116729736328,5.577684166629533,low,0.8552677313207341,0.6417290267409129,886.5623557608603,1,C_East_Barents_Sea_Coast,1,0.7311779424585021,0.7511976368441846,0.7400022036525665,0.022702569443300735,-1.5048751712966764,0.1361522654103563,84,0.02471551839105912,-1.62253990169722,0.10848033500291064,84,0.022702569443300735,-1.5048751712966764,0.1361522654103563,84,0.013960435394529513,-0.9331822490982763,0.3534326677328448,84,-1.5681685131048666,600-1000,low_corr,N_high
C_East_Barents_Sea_Coast,europe,64.14629364013672,49.87527847290039,1004636.5625,0,64.14629364013672,6.002008979719454,low,0.9614373126987552,0.6417290267409129,886.5623557608603,1,C_West_Barents_Sea_Coast,1,0.735546228490702,3.863727445325787,0.7400022036525705,-0.021716035266650335,1.3887511833112824,0.1686238600215554,84,-0.02061154056404879,1.355056162363745,0.17907623401048384,84,-0.021716035266650335,1.3887511833112824,0.1686238600215554,84,-0.009831836916190717,0.5284188225289,0.5986187919612788,84,-1.008476199941748,600-1000,low_corr,N_high
C_Sicily,europe,37.72762680053711,14.177642822265623,34914.8515625,0,37.72762680053711,4.543010200015179,sub_noise,0.7202662326079201,0.7216172840705479,1289.8011282725724,2,C_Southwest_Mediterranean_Coast,0,0.9834651075746075,-0.5937835494222774,0.7754715021936647,0.027588946780101375,-0.5866784998671701,0.5590119855346466,84,0.027861207334885174,-0.5898926133939811,0.5568651663292743,84,0.027588946780101375,-0.5866784998671701,0.5590119855346466,84,0.011336396128681092,-0.2379654543861314,0.8124943629244982,84,0.5130834382693222,>1000,mid_corr,N_midlat
C_Sardinia_and_Corsica,europe,40.48616409301758,9.075053215026855,84190.1171875,0,40.48616409301758,4.925261114031244,low,0.4183278971331297,0.9038991206539958,372.38841105793955,1,C_West_Italy_Coast,1,0.8531234642821988,-0.16519233061004696,0.9412185048923218,0.016400171596141155,-1.7479033881968,0.08417878351335031,84,0.016997128904350123,-1.738108150307654,0.08590034594020808,84,0.016400171596141155,-1.7479033881968,0.08417878351335031,84,0.0153654217387732,-1.617398110733589,0.10958683572228461,84,,300-600,high_corr,N_midlat
C_Great_Britain,europe,53.88020706176758,-2.613974094390869,276127.28125,0,53.88020706176758,5.441109316856655,sub_noise,0.7514575750491979,0.773513927586643,780.0550053402544,1,C_West_Continental_Europe,1,0.838528349694144,0.5818032739305667,0.816208661390489,-0.029376654804095015,1.8089137222458658,0.07408536149239785,84,-0.02781164654490942,1.7052725757238636,0.09188377160083253,84,-0.029376654804095015,1.8089137222458658,0.07408536149239785,84,-0.025352283910357265,1.5923784704825106,0.11510123745941903,84,-0.8410229595514118,600-1000,mid_corr,N_high
C_Ireland,europe,53.56654739379883,-7.68958044052124,74015.21875,0,53.56654739379883,4.869321027022829,sub_noise,0.896611666160111,0.6965763446954388,335.6788731876807,1,C_Great_Britain,1,0.48176084132626207,7.062050797412175,0.6338260095301174,0.030525336322897778,-2.364090381761004,0.02040991191732808,84,0.030437741225896153,-2.3727825708955645,0.019966429346100073,84,0.030525336322897778,-2.364090381761004,0.02040991191732808,84,0.02826152161145512,-2.0990841455385847,0.038847828142763476,84,-1.4494863975560084,300-600,low_corr,N_high
C_Iceland,europe,65.02053833007812,-19.04302024841309,114385.3828125,1,65.02053833007812,5.058370529968653,glaciated,0.8749873491931482,0.7222632852286537,5482.461976134905,1,E_Egyptian_Western_Desert,1,0.9621365957006442,-0.5367118664173542,0.4997092056770501,0.04636185116340463,-1.6909106093521864,0.09460597511405108,84,0.04630373683586231,-1.7160930969818462,0.0898754256023434,84,0.04636185116340463,-1.6909106093521864,0.09460597511405108,84,0.10220015743916289,-3.8552913358457026,0.0002271922712032542,84,3.390305719948343,>1000,mid_corr,N_high
C_Svalbard,europe,78.96168518066406,19.435562133789062,97022.8046875,1,78.96168518066406,4.986873824842704,glaciated,0.5682971694058239,0.7909011617092018,6554.435965599904,3,C_Southwest_Mediterranean_Coast,0,0.9928808447293674,0.1875118115541458,0.05484508308267616,-0.028581116930529227,0.4557338920223743,0.6497714439420825,84,-0.03648889486043472,0.5775676611207704,0.5651195816734926,84,-0.028581116930529227,0.4557338920223743,0.6497714439420825,84,-0.15276148953382296,3.097373661475901,0.00266373687483155,84,7.86113765081174,>1000,mid_corr,N_high
C_Novaya_Zemlya,asia,74.09131622314453,58.34560394287109,93869.828125,1,74.09131622314453,4.972526022676419,glaciated,0.7718357856743084,0.7733011835237351,1114.234522590751,1,C_Svalbard,1,0.978782975289491,0.603262061993892,-0.01666535855027854,0.1523724817282457,-2.365030583718046,0.020361523703460668,84,0.15207743819903619,-2.3547807928579645,0.02089457595664311,84,0.1523724817282457,-2.365030583718046,0.020361523703460668,84,0.1713316203748244,-3.5837785548520356,0.0005702008726967848,84,8.709770357597838,>1000,mid_corr,N_high
C_East_Caspian_Sea_Coast,asia,38.98503875732422,58.36118316650391,706300.6875,0,38.98503875732422,5.848989628985573,sub_noise,0.9999999728752992,0.8785451128872562,1032.9271625918072,1,C_West_Caspian_Sea_Coast,1,0.9770127452502535,0.37049059942002505,0.7616038498886454,-0.003879166459816341,0.23525132799761164,0.8145931236568984,84,-0.0012794403213118866,0.07862843129775635,0.9375174282397569,84,-0.003879166459816341,0.23525132799761164,0.8145931236568984,84,0.02006160479055119,-0.9820571769027582,0.3289256889008946,84,3.9207062333696494,>1000,high_corr,N_midlat
C_North_Caspian_Sea_Coast,europe,48.40042495727539,53.8274040222168,763986.8125,0,48.40042495727539,5.883085862099367,low,1.000000048521725,0.7094582918210043,936.8484619784755,1,R_Don_River,1,0.9028352325956499,0.4494576642576127,0.5199862959430934,0.06650291434118283,-2.402133958030069,0.018531521119287454,84,0.06784100020463846,-2.414058875004793,0.017975291613164027,84,0.06650291434118283,-2.402133958030069,0.018531521119287454,84,0.07043172091094219,-2.326856942278628,0.02241011529875589,84,-1.5605019325472682,600-1000,mid_corr,N_midlat
R_Volga_River,europe,55.84633255004883,47.36979293823242,1408949.375,0,55.84633255004883,6.148895388742334,low,1.0000000025065283,0.6069499666698459,937.0662281219298,1,C_North_Caspian_Sea_Coast,1,0.848701289056059,6.644392266044628,0.6117502881973109,-0.02374652214480566,0.8034672249059349,0.4239997781711608,84,-0.020478490489041823,0.6933155882210353,0.4900471611658879,84,-0.02374652214480566,0.8034672249059349,0.4239997781711608,84,0.003613808387936901,-0.11008470096500465,0.9126079425986465,84,-1.4435029415065723,600-1000,low_corr,N_high
C_West_Caspian_Sea_Coast,europe,40.75968170166016,46.47007369995117,576202.375,0,40.75968170166016,5.760575044029901,mid,1.0000000087328895,0.8785451128872562,1032.9271625918072,1,C_East_Caspian_Sea_Coast,1,0.9603184154488705,0.4534715833121753,0.7616038498886445,0.05956504422438047,-1.3626001235638387,0.17669443256447956,84,0.0623507567625764,-1.4210414835571286,0.15905092553173839,84,0.05956504422438047,-1.3626001235638387,0.17669443256447956,84,0.02435603109790052,-0.6291398751497331,0.5309853102875527,84,4.911037512001779,>1000,high_corr,N_midlat
C_North_Gulf_of_Oman_Coast,asia,27.51263427734375,57.23703002929688,355618.8125,0,27.51263427734375,5.55098472740738,sub_noise,0.9206085385610984,0.9058422613659693,568.3628415939165,1,E_Central_Iran,1,0.8953472568009758,0.8152924093531639,0.9412185048923218,-0.0050414757383638875,0.30343207399003896,0.7623198987639425,84,-0.004582990697610478,0.27815539204451784,0.7815848279702421,84,-0.0050414757383638875,0.30343207399003896,0.7623198987639425,84,-0.010189395222705011,0.4822967629632814,0.6308646266689247,84,-0.7532040188208353,300-600,high_corr,N_midlat
R_Tigris_Euphrates_River,asia,34.301055908203125,43.343482971191406,940210.625,0,34.301055908203125,5.973225154693967,mid,1.0000000125204966,0.7278354304292294,881.5058959924639,2,E_Jordan_Northwest_Saudi_Arabia,0,0.9480612494226668,1.2704343168333319,0.6923272815266317,-0.05698762363119658,2.2600385103878904,0.026437847625947367,84,-0.05653513498483864,2.2815184676272486,0.025078568852526545,84,-0.05698762363119658,2.2600385103878904,0.026437847625947367,84,0.005003788055244929,-0.10916074063033838,0.9133384835263872,84,3.057981371812709,600-1000,mid_corr,N_midlat
C_South_Gulf_of_Oman_West_Arabian_Sea_Coast,asia,23.240482330322266,53.53352355957031,332875.21875,0,23.240482330322266,5.52228146484508,sub_noise,0.8980874258854963,0.8563554837556436,572.3365104589635,1,E_Rub_al_Khali_Desert,1,0.8640854093943773,0.15506213874475766,0.9328233340600216,-0.00030128806442153433,0.01668982345628558,0.9867241200871836,84,0.00011261118788230551,-0.0063243716494883985,0.9949690913638464,84,-0.00030128806442153433,0.01668982345628558,0.9867241200871836,84,-0.01454008734710266,0.8085775758658732,0.4210698010965782,84,-1.0419361022279154,300-600,high_corr,tropics
C_East_Red_Sea_North_Gulf_of_Aden_Coast,asia,19.81662940979004,42.26737594604492,581843.875,0,19.81662940979004,5.764806466914391,sub_noise,0.9131566553109404,0.8651090099056026,1107.7920094700798,2,E_Rub_al_Khali_Desert,0,0.9134268133682152,-0.2137516640976135,0.9264908632882138,-0.020188145577493932,1.079920346872075,0.28330576535114793,84,-0.01918383550360092,1.039334691947349,0.3016673567616859,84,-0.020188145577493932,1.079920346872075,0.28330576535114793,84,-0.019385963433993902,1.0988714890110007,0.27500144448064795,84,-1.516760882626814,>1000,high_corr,tropics
E_Rub_al_Khali_Desert,asia,20.60033226013184,48.76992034912109,1270494.0,0,20.60033226013184,6.103972618404063,sub_noise,0.999417400830428,0.8743831513749086,617.0270329234638,2,C_South_Gulf_of_Oman_West_Arabian_Sea_Coast,0,0.8519791487131968,0.09560910473345327,0.93164319848259,0.000202952343780316,-0.0170969071976852,0.9864003378539082,84,0.0011778279590249907,-0.09894443689488863,0.9214209641596859,84,0.000202952343780316,-0.0170969071976852,0.9864003378539082,84,0.0017186507194068001,-0.13553474153521175,0.8925172661143289,84,-1.5614735598078622,600-1000,high_corr,tropics
E_Farahrud_Helmand_Hamun_i_Mashkel,asia,31.083477020263672,63.8124885559082,567806.625,0,31.083477020263672,5.754200455439147,low,1.0000000453670272,0.8094204842833557,651.361386810464,1,C_Hub_Porali_Basin,1,0.9229139555845594,7.056795983546403,0.7056652558805507,-0.011521173287979858,0.440827138340981,0.660484232942469,84,-0.011114968308596929,0.4209019580094705,0.6749145577480871,84,-0.011521173287979858,0.440827138340981,0.660484232942469,84,0.004713085910058923,-0.17040993976442897,0.865102466514991,84,0.4002153684745653,600-1000,mid_corr,N_midlat
E_Central_Iran,asia,32.415531158447266,55.56802368164063,821598.8125,0,32.415531158447266,5.9146598028810065,sub_noise,0.9999999384737008,0.9058422613659693,568.3628415939165,1,C_North_Gulf_of_Oman_Coast,1,0.9122504648866464,0.4870235346961761,0.9412185048923218,0.0007350209615260006,-0.058171433793623474,0.9537518975832389,84,0.0022467892451227822,-0.1748032207096138,0.8616599632065952,84,0.0007350209615260006,-0.058171433793623474,0.9537518975832389,84,0.003734247217551334,-0.24871998519418254,0.8041917908382498,84,1.9916551780442435,300-600,high_corr,N_midlat
E_North_Central_Arabia,asia,27.356037139892575,43.16742706298828,549897.3125,0,27.356037139892575,5.740281597170019,sub_noise,1.0000000125926225,0.7959292249229314,759.3346309731586,2,E_Jordan_Northwest_Saudi_Arabia,0,0.9638997947413056,0.13176072621359358,0.8784104804886826,-0.016823899532987463,0.6453863034447445,0.520457020625584,84,-0.015075994132575765,0.581997466514837,0.5621459130685665,84,-0.016823899532987463,0.6453863034447445,0.520457020625584,84,-0.023321208887780775,0.8919845038052405,0.3749799338819956,84,-1.3022348362187013,600-1000,mid_corr,N_midlat
E_Jordan_Northwest_Saudi_Arabia,asia,30.825593948364254,37.11274337768555,227305.75,0,30.825593948364254,5.356610421918045,sub_noise,1.0000000192938865,0.7959677522166347,1544.019934542616,2,E_Central_Iran,0,0.9686217368227329,-0.12004613336731193,0.7691048587840742,0.029575962749814555,-0.8099276892708789,0.420297749776707,84,0.029939553068933478,-0.8281401955096401,0.4099660594296089,84,0.029575962749814555,-0.8099276892708789,0.420297749776707,84,-0.005180439504796075,0.14622805639459543,0.8840959294042026,84,1.7029481075207844,>1000,mid_corr,N_midlat
C_Yamal_Peninsula,asia,69.67227172851562,70.39633178710938,140921.625,0,69.67227172851562,5.148977642488655,low,0.783806076110191,0.9281372021546572,410.17203685116857,1,C_Gydan_Bay_Coast,1,0.8855205195513942,-0.867102389969012,0.9412185048923218,-0.005752949944349828,1.6239050996074693,0.10818806481698512,84,-0.00583603815334377,1.569502608888645,0.12033555841454636,84,-0.005752949944349828,1.6239050996074693,0.10818806481698512,84,-0.009501734727947131,1.8499063666229612,0.06788585872303109,84,-0.6409833476041121,300-600,high_corr,N_high
R_Ob_River,asia,55.872745513916016,75.04949951171875,3094179.75,0,55.872745513916016,6.490545539539684,low,0.9995927021706056,0.7057274958470472,16068.442540936801,2,C_North_Argentina_South_Atlantic_Coast,0,0.9496512964595285,1.9435539198729093,-0.06590746809883485,0.006355801061572075,-0.25408322687962537,0.8000596560513138,84,0.005316497237764728,-0.22060847294976224,0.8259390625026235,84,0.006355801061572075,-0.25408322687962537,0.8000596560513138,84,0.027097650091687298,-1.0914870803140682,0.27821692670503984,84,2.555469519865627,>1000,mid_corr,N_high
C_East_Ob_Bay_Coast,asia,66.16099548339844,77.90296173095703,471574.84375,0,66.16099548339844,5.673550629518982,mid,0.9210184326688632,0.8083194305297393,500.20373455197193,1,C_Yamal_Peninsula,1,0.8720520635564079,-0.13278665615437163,0.9412185048923218,-0.014666789249389023,1.6741618302194186,0.0978633231738082,84,-0.01429247987543425,1.6490245505515992,0.10292273227067622,84,-0.014666789249389023,1.6741618302194186,0.0978633231738082,84,0.002228151022001912,-0.24808293312986213,0.8046829834291531,84,-1.7033339580819866,300-600,mid_corr,N_high
C_Gydan_Bay_Coast,asia,70.09961700439453,81.06485748291016,101067.84375,0,70.09961700439453,5.004613000266272,mid,0.8982275295908917,0.9862115713258449,191.62245207957997,1,C_Yenisey_Gulf_Coast,1,0.8765949147133435,-0.856497021049095,0.9412185048923218,-0.005263685779681282,1.3282749160450558,0.18772816750018662,84,-0.005234609169801896,1.29711952033576,0.1981841547080398,84,-0.005263685779681282,1.3282749160450558,0.18772816750018662,84,0.0006726634848049917,-0.12987236547106218,0.8969816387230829,84,-1.881638197875396,<300km,high_corr,N_high
R_Yenisey_River,asia,57.42755508422852,98.65430450439452,2509586.5,0,57.42755508422852,6.399602169464284,low,0.99999999288106,0.5834938819151936,1417.2324034984074,2,C_East_Ob_Bay_Coast,0,0.827035956691603,2.0421441186972045,0.7414413524748719,-0.046463934627285264,2.6189056578711005,0.010484447384185771,84,-0.045206218684896715,2.5533142584632436,0.012499647590601981,84,-0.046463934627285264,2.6189056578711005,0.010484447384185771,84,-0.12056350649230807,3.41560497867349,0.0009873384132027272,84,-2.9425329883263345,>1000,low_corr,N_high
C_Yenisey_Gulf_Coast,asia,71.72734832763672,82.79708862304688,28055.921875,0,71.72734832763672,4.448024543531286,mid,0.7739922154527238,0.9862115713258449,191.62245207957997,1,C_Gydan_Bay_Coast,1,0.8847564149400169,-0.9015458676609649,0.9412185048923218,-0.00574753950513518,1.3919693285470276,0.16765047572100383,84,-0.0057730446374844036,1.3953035739448723,0.1666465130737738,84,-0.00574753950513518,1.3919693285470276,0.16765047572100383,84,-0.01147946349481721,2.288630356604993,0.024642293624387447,84,-0.3124814087898734,<300km,high_corr,N_high
C_North_Siberia_Coast,asia,71.36978912353516,103.69770050048828,1154505.5,0,71.36978912353516,6.062396006212884,low,0.9751734379453828,0.7748081847882142,743.5668418436675,1,C_Olenyok_Delta,1,0.9311662183416851,-0.4889472935390611,0.8334803212721349,-0.003988608841623442,0.2087903555880568,0.835123455774601,84,-0.004118123480846281,0.21785391209523472,0.8280776397015623,84,-0.003988608841623442,0.2087903555880568,0.835123455774601,84,0.021192678543983434,-0.923937782395392,0.35819704156522114,84,-3.343895028193395,600-1000,mid_corr,N_high
C_Olenyok_Delta,asia,72.90956115722656,125.04621887207033,20929.328125,0,72.90956115722656,4.32075528680555,sub_noise,0.9027038219053962,0.7748081847882142,743.5668418436675,1,C_North_Siberia_Coast,1,0.9620571927867492,-0.8671246581624616,0.8334803212721352,-0.022300654304516554,1.7479049454125593,0.08417851210184407,84,-0.021519116266260685,1.696550603201389,0.09352920924055438,84,-0.022300654304516554,1.7479049454125593,0.08417851210184407,84,-0.031572532693251,2.5247955849652746,0.013480020048812552,84,2.2905958020566675,600-1000,mid_corr,N_high
R_Lena_River,asia,60.77709197998047,121.91783142089844,2464042.5,0,60.77709197998047,6.391648194302575,low,0.9981815949263242,0.5919729157636716,4148.703267842781,2,C_North_Gulf_of_Oman_Coast,0,0.8989434252832289,0.1965528152828377,0.4368580664004133,-0.0333987023680673,1.1954963656080646,0.23529766410829112,84,-0.03259881797975983,1.1603573968250371,0.24923008087428536,84,-0.0333987023680673,1.1954963656080646,0.23529766410829112,84,-0.023550660879465113,0.7530253423932811,0.4535653014942549,84,-0.3046711495558766,>1000,low_corr,N_high
C_Buor_Khaya_Gulf_Coast,asia,70.8240966796875,129.2813262939453,10676.2705078125,0,70.8240966796875,4.028419569102165,mid,0.9542631656688574,0.7594194867568771,671.5908587723795,1,C_New_Siberian_Islands,1,0.937107140500767,-0.5013714632200165,0.8886787490073964,-0.008528922531878091,0.39901711448795635,0.6909053723037973,84,-0.008529488773603822,0.40613826842205497,0.6856862255847649,84,-0.008528922531878091,0.39901711448795635,0.6909053723037973,84,-0.04365134734238518,2.0842392110720676,0.04021313649846995,84,-1.9596294839258737,600-1000,mid_corr,N_high
C_North_East_Siberian_Sea_Coast,asia,66.85862731933594,149.4497833251953,1621477.375,0,66.85862731933594,6.20991089319943,low,0.9800129197192878,0.8870308582214254,961.8111977558085,1,C_New_Siberian_Islands,1,0.9250004641728712,0.3074503539022042,0.9412185048923218,-0.02010290067403253,0.9280428974306925,0.356076308502042,84,-0.019441434489079645,0.9143454378291794,0.3631839819948618,84,-0.02010290067403253,0.9280428974306925,0.356076308502042,84,-0.07952798998881039,4.193057566562382,6.847396005959563e-05,84,2.5840295079267124,600-1000,high_corr,N_high
C_Chukchi_Peninsula,asia,66.79141998291016,-177.269287109375,172531.484375,0,66.79141998291016,5.236868358786978,mid,0.7799748755041798,0.5914477098850901,837.556242258547,1,C_Seward_Peninsula_Alaskan_North_Slope,1,0.7432190067574613,0.38047547373838025,0.6476140901063795,-0.013482583032469408,1.3988436777223845,0.1655856084918057,84,-0.012803014750426778,1.335921824899331,0.1852263152769559,84,-0.013482583032469408,1.3988436777223845,0.1655856084918057,84,-0.02052717292664874,1.8653848451672759,0.06566079874041038,84,-2.7613513710646744,600-1000,low_corr,N_high
C_Kamchatka_Peninsula,asia,60.9569206237793,166.73587036132812,787367.0,0,60.9569206237793,5.896177208754652,low,0.9098999251667048,0.5454011630269273,1011.8943214573349,1,C_Chukchi_Peninsula,1,0.7021402129572473,4.38074685593377,0.6895639649037911,0.017350032438024687,-1.6163660996486209,0.10981001279359139,84,0.01714145266836342,-1.5932169130389395,0.11491290914072738,84,0.017350032438024687,-1.6163660996486209,0.10981001279359139,84,0.004115842257209401,-0.3079758546489807,0.7588722535144244,84,-2.24205629095298,>1000,low_corr,N_high
C_Shelikhov_Gulf_Sea_of_Okhotsk_Coast,asia,60.50090408325195,150.12930297851562,307016.5,0,60.50090408325195,5.487161716410054,low,0.8856982278145507,0.5412814292366726,1526.5411124078148,1,R_Lena_River,1,0.7630408651232414,2.2130586795569487,0.6295560995179671,-0.02661073256647728,1.393952821459808,0.16705267743418548,84,-0.025744696673392964,1.3750480213014076,0.17281701012495984,84,-0.02661073256647728,1.393952821459808,0.16705267743418548,84,-0.030278971891112505,1.5727126103148226,0.11958981795306112,84,-2.572586058052436,>1000,low_corr,N_high
C_Severnaya_Zemlya,asia,79.39820098876953,98.24091339111328,47847.15234375,1,79.39820098876953,4.679856095546568,glaciated,0.6448090503462023,0.5697313761842585,5010.272686906958,4,E_Saharan_and_Algerian_Atlas,0,0.8979537555705784,0.5177074492244501,0.4063999700276021,-0.0990819538768315,2.7914108533959077,0.0065107228665177595,84,-0.09593992146546393,2.7555345652836203,0.007200847688130958,84,-0.0990819538768315,2.7914108533959077,0.0065107228665177595,84,-0.12753582490565152,3.4390158526793946,0.0009155970886079068,84,1.3353479212196249,>1000,low_corr,N_high
C_New_Siberian_Islands,asia,75.29249572753906,143.3781280517578,36947.1171875,1,75.29249572753906,4.56758055806499,glaciated,0.6815497438315744,0.8870308582214254,961.8111977558085,1,C_North_East_Siberian_Sea_Coast,1,0.9600428808538795,0.336225965694363,0.9412185048923218,-0.007681374518888173,0.31944588267118235,0.7501910648909751,84,-0.006299102691712299,0.2630458979020776,0.7931670802196156,84,-0.007681374518888173,0.31944588267118235,0.7501910648909751,84,-0.004360707827890886,0.22110060357196396,0.8255571216019741,84,4.276702038456183,600-1000,high_corr,N_high
E_Dayan_Khyargas_Uvs_Nuur_Basins,asia,48.46930313110352,93.7804718017578,302705.0,0,48.46930313110352,5.481019594575587,sub_noise,0.999999994814796,0.6841641789999084,2278.10476733033,1,R_Amur_River,1,0.9140529940279318,1.9999077692826162,0.6375479451013296,-0.0014829403415008713,0.05790916175235996,0.9539601757159382,84,-0.002985646491983074,0.12077660219108781,0.9041598842321029,84,-0.0014829403415008713,0.05790916175235996,0.9539601757159382,84,-0.017675572364327374,0.81988350193589,0.41463078823362237,84,1.983945363759872,>1000,low_corr,N_midlat
C_Uda_Basin,asia,54.20737838745117,135.0440673828125,115917.71875,0,54.20737838745117,5.0641498256719215,low,0.8936483537143897,0.7158813387010348,699.7947366235683,1,C_Sakhalin_Island,1,0.7890910991576309,6.4420222252223756,0.7960753206573778,0.02322375727832615,-1.408009173929844,0.16286291970757347,84,0.02295216090700747,-1.4138357014066316,0.1611500562045556,84,0.02322375727832615,-1.408009173929844,0.16286291970757347,84,0.036438368621816264,-2.1785475057832904,0.0322013366949163,84,-1.7546832629575104,600-1000,mid_corr,N_high
R_Amur_River,asia,49.05568313598633,125.07086181640624,2242283.5,0,49.05568313598633,6.35069052115007,low,0.999785548406128,0.7329232923743898,832.005720587926,1,C_South_East_Russia_Coast,1,0.8821481986255826,6.734939158534448,0.7504255333274189,0.0007148515201453876,-0.03378636078222222,0.9731286319146178,84,0.0018625144271838812,-0.08962156395518989,0.9288038598117749,84,0.0007148515201453876,-0.03378636078222222,0.9731286319146178,84,0.01714698077404775,-0.729578172361156,0.4677020603226491,84,-1.307998587943178,600-1000,mid_corr,N_midlat
C_South_East_Russia_Coast,asia,45.92216110229492,135.13890075683594,172088.890625,0,45.92216110229492,5.2357528349063545,sub_noise,0.8997321390677986,0.7762405203995485,711.8693238142906,1,C_Sakhalin_Island,1,0.7745064903616854,2.7061903319577576,0.7999297139562819,-0.004992933690093793,0.3445034917259626,0.7313390409720305,84,-0.004976411751542065,0.34829259419536673,0.7285023151069461,84,-0.004992933690093793,0.3445034917259626,0.7313390409720305,84,-0.01422697302081466,0.890239902322233,0.3759102867874139,84,-2.758262271109762,600-1000,mid_corr,N_midlat
C_North_Korea_Bay_Korean_Peninsula,asia,40.68916320800781,123.9022445678711,529614.5,0,40.68916320800781,5.723959866884404,low,0.9420984936489228,0.8032060525381934,738.5840331192431,1,C_Ziya_He_Interior_Coast,1,0.9333615707597994,0.43995145682810144,0.7768382530674716,0.015244500275853112,-0.5246555488538522,0.6012211772273334,84,0.014665563014284233,-0.512882453627729,0.6093959079799462,84,0.015244500275853112,-0.5246555488538522,0.6012211772273334,84,0.040681065844301756,-1.1926447809735148,0.23640693969801033,84,1.4116844067596193,600-1000,mid_corr,N_midlat
C_Ziya_He_Interior_Coast,asia,39.09107208251953,115.49566650390624,343454.4375,0,39.09107208251953,5.535869131920237,low,0.9929411716570647,0.8126617260028762,609.6358951773964,2,C_Yellow_Sea_Coast,0,0.9401405964412424,0.3782417168775287,0.8339949608132111,-0.0018750971809315953,0.08356110805760503,0.9336065976383792,84,-0.0036217560100249013,0.16397485519365443,0.8701495840710781,84,-0.0018750971809315953,0.08356110805760503,0.9336065976383792,84,-0.01582707517361248,0.6596775415816258,0.5112871306656629,84,0.6345159284398578,600-1000,mid_corr,N_midlat
R_Yellow_River_Huang_He,asia,36.94654846191406,106.25562286376952,965472.1875,0,36.94654846191406,5.984739767510282,sub_noise,0.9999999177098988,0.7020653883086094,843.3772803773979,1,C_Ziya_He_Interior_Coast,1,0.8774908957736229,1.034363824349893,0.7902808589228304,0.07705048237844381,-1.3730586456901308,0.17343229919262507,84,0.07396476093046633,-1.3428171120406056,0.18299197666019512,84,0.07705048237844381,-1.3730586456901308,0.17343229919262507,84,0.08224791623682581,-1.5966144098843744,0.11415229917208312,84,-1.7341258941011166,600-1000,mid_corr,N_midlat
C_Yellow_Sea_Coast,asia,35.34000396728516,119.0733413696289,167307.140625,0,35.34000396728516,5.223514476932843,mid,0.8950812075582252,0.8018892517374532,2613.6162616771535,3,C_Ziya_He_Interior_Coast,0,0.9132574022222082,0.4576023756248334,0.6955554505423066,-0.16217388969738344,1.9334230829841852,0.05659316512847187,84,-0.15893237179251862,1.9110555203169945,0.0594494592935521,84,-0.16217388969738344,1.9334230829841852,0.05659316512847187,84,-0.18367806201548365,1.9013413082575414,0.06072736311239548,84,1.02775117836743,>1000,mid_corr,N_midlat
R_Yangtze_River,asia,30.326187133789062,107.59198760986328,1929324.75,0,30.326187133789062,6.285405335607817,low,0.9999999552791096,0.6181255892526794,1167.2705458831254,1,C_East_China_Coast,1,0.7112197461520979,0.6614311076970473,0.7526733247451837,-0.02638246666537336,2.511339788610656,0.013966171309858357,84,-0.02555120380447895,2.458585642741521,0.01602767625698228,84,-0.02638246666537336,2.511339788610656,0.013966171309858357,84,-0.020678308998569817,1.7423138096183703,0.08515766377002428,84,-2.119232063109899,>1000,low_corr,N_midlat
C_East_China_Coast,asia,28.50093078613281,119.4654541015625,221048.21875,0,28.50093078613281,5.344487019625685,mid,0.9267365723520335,0.6181255892526794,1167.2705458831254,1,R_Yangtze_River,1,0.7985439196131915,0.5971441619662803,0.7526733247451819,-0.002534627096689279,0.20566002280239887,0.8375600746924856,84,-0.0016116565714716646,0.13260441818046714,0.8948271897624998,84,-0.002534627096689279,0.20566002280239887,0.8375600746924856,84,-0.00945195556110745,0.7675041459319828,0.44495973386726545,84,-0.7434749653026216,>1000,low_corr,N_midlat
C_North_Vietnam_South_China_Coast,asia,23.63999938964844,108.84123229980467,778027.125,0,23.63999938964844,5.890994738419596,mid,0.964111339650847,0.48186587199011194,1055.8080702085722,2,C_East_China_Coast,0,0.8342671699679896,6.848406902446817,0.4073096236886635,-0.022661691049738586,0.7370388938855824,0.4631770704574461,84,-0.02007816855886535,0.6576631656191766,0.5125744228797388,84,-0.022661691049738586,0.7370388938855824,0.4631770704574461,84,-0.003966443369066264,0.12806563778366492,0.8984068185228267,84,1.8023258960995383,>1000,low_corr,N_midlat
C_Vietnam_Coast,asia,15.238595008850098,106.55034637451172,196801.625,0,15.238595008850098,5.294028680099487,mid,0.9505596807205798,0.8892514881669099,549.6785134325813,1,R_Mekong_River,1,0.7980196572447487,1.0671149366066062,0.8706223531561909,0.03887773110036963,-2.8135019407071034,0.006116466167226369,84,0.03697805839672719,-2.7357126018039657,0.0076102130350308205,84,0.03887773110036963,-2.8135019407071034,0.006116466167226369,84,0.034119634088119355,-2.5769941587831173,0.011734976637190093,84,-1.5786455559704269,300-600,high_corr,tropics
R_Mekong_River,asia,18.58339500427246,102.74512481689452,777523.0,0,18.58339500427246,5.890713244805426,mid,1.0000000181683175,0.8892514881669099,549.6785134325813,1,C_Vietnam_Coast,1,0.8058132343363249,4.495951794986125,0.8706223531561917,-0.03134201630813305,2.44699148301264,0.016515730216494634,84,-0.032464579922911074,2.4915697570455024,0.014709054089413984,84,-0.03134201630813305,2.44699148301264,0.016515730216494634,84,-0.042948504379733965,2.83315584073855,0.005784234676640488,84,-1.751341116061392,300-600,high_corr,tropics
C_Chao_Phraya_River_Gulf_of_Thailand_Coast,asia,15.146402359008787,101.001220703125,247108.328125,0,15.146402359008787,5.392887382382181,mid,0.907866694079616,0.8576651417082332,424.83253420565995,1,R_Mekong_River,1,0.8180481070403337,0.8405639456191472,0.8208073980661782,0.03584035978325295,-2.6559865658401125,0.009480055862836572,84,0.03288062981264872,-2.499814187222216,0.014395052510030362,84,0.03584035978325295,-2.6559865658401125,0.009480055862836572,84,0.020360416521514768,-1.6126273968407563,0.11062158807378858,84,-2.9183249354736605,300-600,high_corr,tropics
C_Malaysian_Peninsula_Coast,asia,7.784571170806885,100.55182647705078,335192.5,0,7.784571170806885,5.525294292640058,mid,0.8012970501154579,0.686608281794556,14046.816059901597,2,C_North_Argentina_South_Atlantic_Coast,0,0.948975201450005,0.8065414560385061,0.33148584036523826,-0.11480194501782681,2.224581341038842,0.02882365485401439,84,-0.10556305397904286,2.067204446111614,0.041830713484140934,84,-0.11480194501782681,2.224581341038842,0.02882365485401439,84,-0.17406122240248068,3.060847716110899,0.002973118303541008,84,6.014504000660095,>1000,low_corr,tropics
C_Irrawaddy_Sittang_Salween_Basin,asia,23.22297477722168,96.41482543945312,752115.6875,0,23.22297477722168,5.8762846472121595,mid,0.990127911085708,0.8354091177239482,411.6378278731869,1,C_North_East_Bay_of_Bengal_Coast,1,0.8484917095767944,0.10412597853715622,0.9312202354467406,-0.0184878620135851,2.545613632038213,0.012757828019988792,84,-0.017316700580496613,2.4181904483324423,0.017786078876789093,84,-0.0184878620135851,2.545613632038213,0.012757828019988792,84,-0.023252893882233172,2.5792457681645273,0.011664513180578269,84,-1.7072602868717663,300-600,mid_corr,tropics
C_North_East_Bay_of_Bengal_Coast,asia,21.3402042388916,92.96990203857422,103108.09375,0,21.3402042388916,5.013292757747113,mid,0.8444061985184902,0.8354091177239482,411.6378278731869,1,C_Irrawaddy_Sittang_Salween_Basin,1,0.7670605914535403,0.7314883856928954,0.9312202354467406,0.012660852452693883,-1.5535492334058651,0.12409694872687775,84,0.013072030760042042,-1.6058696139856474,0.11210075884782236,84,0.012660852452693883,-1.5535492334058651,0.12409694872687775,84,0.010831304872358505,-1.1661261491948747,0.24690336590017972,84,-0.352580789375556,300-600,mid_corr,tropics
R_Ganges_Bramaputra_Basin,asia,27.02722549438477,85.1792221069336,1590077.375,0,27.02722549438477,6.201418258105313,low,0.999999999041919,0.4672876236736089,2674.7235288324346,3,C_Deccan_Plateau_East_Indian_Subcontinent_Coast,0,0.8393653732418244,0.9546986701611486,0.47282276619312125,-0.07540817302484282,1.487618907016306,0.1406408268565387,84,-0.07890035002561979,1.5856518278022484,0.11662111484791962,84,-0.07540817302484282,1.487618907016306,0.1406408268565387,84,0.003735445729396214,-0.08217930923080972,0.9347019846957093,84,-2.0695942292321896,>1000,low_corr,N_midlat
C_Deccan_Plateau_East_Indian_Subcontinent_Coast,asia,18.049001693725582,80.298828125,1247180.375,0,18.049001693725582,6.095929268396096,mid,0.9852002162252104,0.7803727108394394,504.0334483224983,1,C_India_West_Coast,1,0.9114392090154493,0.5233267915467634,0.8919983311232704,-0.05397382112384319,2.882531628090051,0.005021344042168411,84,-0.05254372316247746,2.784626175300715,0.006636399802670196,84,-0.05397382112384319,2.882531628090051,0.005021344042168411,84,-0.06748940106670798,3.2005588123912037,0.0019440343896624948,84,2.626145932934416,300-600,mid_corr,tropics
C_India_West_Coast,asia,19.4130802154541,75.73403930664062,318076.40625,0,19.4130802154541,5.502531455918265,mid,0.9623910399426214,0.7803727108394394,504.0334483224983,1,C_Deccan_Plateau_East_Indian_Subcontinent_Coast,1,0.8892292683239706,-0.12972399209551236,0.8919983311232699,0.030614671251830816,-1.6009869690929797,0.11317934275972835,84,0.028607384306775452,-1.5427106553074377,0.12670526383280803,84,0.030614671251830816,-1.6009869690929797,0.11317934275972835,84,0.04892133897332285,-2.254865794141425,0.026774710926512364,84,1.4401600548234004,300-600,mid_corr,tropics
C_Thar_Desert_Sabarmati_River_Gulf_of_Cambay_Luni_Delta,asia,26.01116371154785,71.97637939453125,530357.4375,0,26.01116371154785,5.724568663585657,mid,0.9905138526474064,0.8024408621393648,510.5060899982498,1,C_Hub_Porali_Basin,1,0.8982444826527107,0.6800947008915953,0.8996648270402089,-0.05345182973242535,2.047459750810292,0.043775492771570515,84,-0.05398632504951828,2.0391036169391157,0.04462166522062023,84,-0.05345182973242535,2.047459750810292,0.043775492771570515,84,-0.09285542100223787,3.294166049248198,0.0014525349254580892,84,2.716041105636229,300-600,mid_corr,N_midlat
R_Indus_River,asia,32.24281692504883,73.24103546142578,865917.4375,0,32.24281692504883,5.937476485380502,low,0.9999998971599616,0.6408012336832121,901.306307943508,1,E_Farahrud_Helmand_Hamun_i_Mashkel,1,0.8819974690584236,0.9644316499369395,0.6962387469701568,-0.0327849981830044,2.070761989098617,0.04148834071207361,84,-0.031472517738290406,2.0753202378307174,0.041053194428118014,84,-0.0327849981830044,2.070761989098617,0.04148834071207361,84,-0.06615973897365479,3.336723387641252,0.0012700191387574188,84,-2.9815447688397585,600-1000,low_corr,N_midlat
C_Hub_Porali_Basin,asia,25.878711700439453,66.87251281738281,36926.984375,0,25.878711700439453,4.567343842642251,low,1.0000001125136546,0.8117776780728183,623.1903274480212,2,E_Farahrud_Helmand_Hamun_i_Mashkel,0,0.9592860896429709,1.3640757207700474,0.7445851778195617,-0.08356910689715291,2.120330665745274,0.0369635999747399,84,-0.08160300029986067,2.084636011129526,0.04017611017806286,84,-0.08356910689715291,2.120330665745274,0.0369635999747399,84,-0.0393795956456664,0.8802572399781332,0.381261657135036,84,6.561679243412591,600-1000,mid_corr,N_midlat
C_Sakhalin_Island,asia,49.94160079956055,142.5860137939453,118719.125,0,49.94160079956055,5.074520687049911,high,0.538187982738145,0.7762405203995485,711.8693238142906,1,C_South_East_Russia_Coast,1,0.7254044668285149,6.774174682819305,0.7999297139562815,0.002917770470376113,-0.2042489749582577,0.8386589402381573,84,0.0026818718096609517,-0.192594634081814,0.8477469127761097,84,0.002917770470376113,-0.2042489749582577,0.8386589402381573,84,0.011937962420470072,-0.8812001949324174,0.3807541434683762,84,-2.0676774980401165,600-1000,mid_corr,N_midlat
C_Hokkaido,asia,43.259254455566406,142.40528869628906,94165.234375,0,43.259254455566406,4.973890591689622,low,0.7352007386446925,0.6845990443095413,834.8538596083542,2,C_Sakhalin_Island,0,0.8786986602478131,0.32346844156927573,0.6922993956979404,-0.04157880785531565,1.566094167247099,0.12113145261686625,84,-0.03864211233812487,1.4788871689051297,0.14295578299211023,84,-0.04157880785531565,1.566094167247099,0.12113145261686625,84,-0.01806376878676219,0.8452940541714057,0.4003768649490758,84,-3.6187816557252055,600-1000,low_corr,N_midlat
C_Japan,asia,35.84126663208008,136.385498046875,349121.34375,0,35.84126663208008,5.542976400488469,mid,0.7443876337774604,0.7493145386791479,6704.825808307918,2,C_Banks_Island,0,0.9534505803318808,-0.09840927122833339,0.18825296787282877,-0.009599380358516596,0.4697994867720249,0.6397302613244477,84,-0.011012017708016186,0.5455253048911642,0.5868554052786659,84,-0.009599380358516596,0.4697994867720249,0.6397302613244477,84,-0.008607789867615123,0.5785762924905953,0.5644418244916537,84,-1.6898989194190972,>1000,mid_corr,N_midlat
C_Taiwan,asia,23.437152862548828,121.0577621459961,54702.77734375,0,23.437152862548828,4.738009376688907,sub_noise,0.5699978483627033,0.4599238161342205,1279.9446619912214,1,C_Hainan,1,0.4310550105075083,3.485828855378177,0.44052049823854683,0.007456709649950155,-0.5439762120118493,0.5879161482335586,84,0.007771160783748843,-0.5747184507543749,0.5670362784447511,84,0.007456709649950155,-0.5439762120118493,0.5879161482335586,84,0.0033833740822516445,-0.2260070429319008,0.8217515637151507,84,-0.5383019548239135,>1000,low_corr,tropics
C_Hainan,asia,19.03677749633789,109.63971710205078,46854.28515625,0,19.03677749633789,4.670749316346725,low,0.7340341117789958,0.5376393645955935,1589.9553342078202,1,C_Malaysian_Peninsula_Coast,1,0.8727138614574426,-0.024503346618373615,0.28554427311705716,0.01571398740796892,-0.6987662781508501,0.48665150860518613,84,0.0155187526868511,-0.7095354768994035,0.47998077601537714,84,0.01571398740796892,-0.6987662781508501,0.48665150860518613,84,0.03960999817498867,-1.683223415920593,0.09608985060052565,84,1.997358792556977,>1000,low_corr,tropics
C_Sri_Lanka,asia,7.6171674728393555,80.72770690917969,63709.2734375,0,7.6171674728393555,4.804202652266412,mid,0.8677363660447008,0.5117817009594414,4758.231944616757,2,C_West_Nile_Delta,0,0.7139510164569411,3.7664481731197825,0.2942595644989935,0.004313221127323352,-0.22351438707891108,0.8236844027773328,84,0.00471345561069525,-0.24386743752789117,0.8079352687090624,84,0.004313221127323352,-0.22351438707891108,0.8236844027773328,84,0.010655639919721294,-0.5610023332607613,0.5763073955953482,84,2.8420664126270125,>1000,low_corr,tropics
E_Tarim_He_Lop_Nur,asia,39.20248031616211,83.96000671386719,1094548.0,0,39.20248031616211,6.039234811749574,sub_noise,1.0000000475752182,0.6282418991218528,874.5712943085193,1,E_Qinghai_Lake,1,0.8509567359971537,0.652853776490471,0.7733077944424251,0.007592882148644842,-0.34884096999701714,0.7280920838194079,84,0.008619185014458797,-0.3979099224478385,0.6917181947719115,84,0.007592882148644842,-0.34884096999701714,0.7280920838194079,84,-0.008071343058426272,0.34985309527496183,0.7273351371865838,84,-1.569900396215361,600-1000,low_corr,N_midlat
E_Amu_Darya,asia,40.14746856689453,65.77243041992188,805370.5,0,40.14746856689453,5.9059957177449,low,0.9999999735178788,0.733931932520183,617.8123709481239,1,E_Syr_Darya,1,0.8780504705918455,6.511146458513767,0.7850858756736151,-0.06009504963832657,2.0433155854054994,0.044193405998090136,84,-0.05593516784723329,1.90067623631616,0.06081569456483409,84,-0.06009504963832657,2.0433155854054994,0.044193405998090136,84,-0.05379622645468651,1.700495712175189,0.0927819900888253,84,-1.2075066261115246,600-1000,mid_corr,N_midlat
E_Lakes_Balkash_Alakol,asia,45.66504669189453,78.27720642089844,478919.28125,0,45.66504669189453,5.680262322053912,low,1.0000000227486807,0.8175187696745677,846.3195889367801,1,E_Junggar_Pendi,1,0.9323007702880041,1.0384102148210168,0.8996415496503184,-0.013651357149155885,0.8788034373471241,0.3820449452483755,84,-0.010871909975666005,0.6963555185261686,0.48815175674205535,84,-0.013651357149155885,0.8788034373471241,0.3820449452483755,84,-0.02659475825343871,1.5310962216276878,0.12954831939084982,84,3.278912459705078,600-1000,mid_corr,N_midlat
E_Syr_Darya,asia,45.45506286621094,68.01484680175781,1040406.9375,0,45.45506286621094,6.0172032394368715,low,1.0000000437058445,0.7921716037102853,798.7639874422989,1,E_Lakes_Balkash_Alakol,1,0.9176707073697198,0.45621760795228894,0.828041861932576,0.017807004892949285,-0.6082660609001774,0.5446719986960168,84,0.020140800181325358,-0.6906806337245625,0.49169331798325727,84,0.017807004892949285,-0.6082660609001774,0.5446719986960168,84,0.013913408133924388,-0.3883438931681985,0.6987558775339577,84,2.8297402075364544,600-1000,mid_corr,N_midlat
E_Qinghai_Lake,asia,37.1439094543457,93.62187957763672,329574.34375,0,37.1439094543457,5.517953395981729,sub_noise,0.999999852223438,0.9053497241323193,695.9763047938867,1,E_North_Plateau_of_Tibet,1,0.9433658603567958,0.10450112158264994,0.930732825321124,-0.008285497365710937,0.5785630039574323,0.5644507512282398,84,-0.004322106988559948,0.29262973934401487,0.7705354778243976,84,-0.008285497365710937,0.5785630039574323,0.5644507512282398,84,-0.005538799468064903,0.3403508036510576,0.7344522661402613,84,-1.9039816870490225,600-1000,high_corr,N_midlat
E_Junggar_Pendi,asia,44.74867248535156,89.00984191894531,339253.5625,0,44.74867248535156,5.53052441687995,sub_noise,0.9999998882814612,0.8175187696745677,846.3195889367801,1,E_Lakes_Balkash_Alakol,1,0.8957172129832844,0.7572381756236193,0.8996415496503152,0.021042958439598913,-1.3127039606033226,0.19290090444703664,84,0.02189941529589512,-1.376286829603326,0.17243470262418406,84,0.021042958439598913,-1.3127039606033226,0.19290090444703664,84,0.023528948455709076,-1.2379916082494857,0.21920959120760156,84,1.2121722438153744,600-1000,mid_corr,N_midlat
E_Badain_Jaran_Desert,asia,41.1401596069336,101.04438018798828,347985.59375,0,41.1401596069336,5.541561264968461,sub_noise,0.9999999875298096,0.6945903171896672,778.7755944731394,1,E_Qinghai_Lake,1,0.8720997571830204,0.38000000623747876,0.8275085673703193,-0.01581742870419922,0.7200018563906129,0.4735465582832332,84,-0.01412541562965619,0.6466398110753683,0.519649275720599,84,-0.01581742870419922,0.7200018563906129,0.4735465582832332,84,-0.015718082503838327,0.659779382042095,0.511222094933778,84,-1.6932532545163546,600-1000,low_corr,N_midlat
E_Central_Mongolia,asia,45.302730560302734,105.50830078125,175880.75,0,45.302730560302734,5.245218308893126,sub_noise,0.9999999627285256,0.6782628070085568,510.10350835900283,1,E_Altai_Mountains,1,0.9015044821079494,0.33942137862700505,0.9018054956369348,-0.05677419844174314,1.9561306730288357,0.05381326496651605,84,-0.05524084822424147,1.925502689258544,0.05759099767289117,84,-0.05677419844174314,1.9561306730288357,0.05381326496651605,84,-0.03145494678393845,1.0632129741685492,0.29076898230562065,84,-0.4291382631796697,300-600,low_corr,N_midlat
E_Turpan_Pendi,asia,42.51784896850586,91.4890594482422,144409.0,0,42.51784896850586,5.159594260605748,sub_noise,1.000000081517803,0.5659858145487439,3277.8083398314257,1,C_North_Siberia_Coast,1,0.9050144674325411,0.32195318777235793,0.5063379193746891,0.003907674211369394,-0.34901576877936774,0.7279613362690885,84,0.004688470845800485,-0.41274124672182444,0.6808604514170021,84,0.003907674211369394,-0.34901576877936774,0.7279613362690885,84,0.0035648326739746716,-0.26725062106987124,0.7899391401600522,84,-2.665872116898042,>1000,low_corr,N_midlat
E_Altai_Mountains,asia,44.98558044433594,99.01803588867188,204224.875,0,44.98558044433594,5.310108638912951,sub_noise,1.0000001216130767,0.6782628070085568,510.10350835900283,1,E_Central_Mongolia,1,0.9309576122721724,0.42006722788655904,0.9018054956369349,-0.09754381954191649,2.0858387526243147,0.040064059419294855,84,-0.09704677117207239,2.0995794348214556,0.03880297536818066,84,-0.09754381954191649,2.0858387526243147,0.040064059419294855,84,-0.13271158866292043,2.616922076207723,0.01054079789421546,84,4.176504487668899,300-600,low_corr,N_midlat
E_East_Gobi_Desert,asia,43.72527313232422,111.0769271850586,361251.59375,0,43.72527313232422,5.557809771765445,sub_noise,0.9999999329102756,0.5731081984525809,2406.1921772494593,3,C_Ziya_He_Interior_Coast,0,0.8624158854705859,0.39149074447825505,0.7296129110190434,-0.10959179446543676,3.003430483560242,0.0035275912387639505,84,-0.10703233949413349,2.972171450234882,0.0038683174175620128,84,-0.10959179446543676,3.003430483560242,0.0035275912387639505,84,-0.10058852916291428,2.3909116592300337,0.019068930172919576,84,-0.6538507165576201,>1000,low_corr,N_midlat
E_Plateau_of_Tibet,asia,32.225486755371094,86.40540313720703,400840.21875,0,32.225486755371094,5.602971290466201,low,0.9999999391908196,0.7903850568901769,319.38095197192905,1,E_North_Plateau_of_Tibet,1,0.9557171492608856,0.6050555087305982,0.857791733556939,0.006317454725978333,-0.30456866433410285,0.7614570443877053,84,0.012267455209736156,-0.5848985398481393,0.5602026412703249,84,0.006317454725978333,-0.30456866433410285,0.7614570443877053,84,0.01297270512109272,-0.5768028261749367,0.5656337834947834,84,1.6868780468555185,300-600,mid_corr,N_midlat
E_North_Plateau_of_Tibet,asia,35.09633255004883,86.29702758789062,192619.6875,0,35.09633255004883,5.284700673939318,sub_noise,1.0000000510487923,0.9053497241323193,695.9763047938867,1,E_Qinghai_Lake,1,0.9438889390053562,0.21237246729720644,0.930732825321124,0.010797568435009341,-0.38411078097485674,0.701878636355836,84,0.012991632171788003,-0.4696374857463994,0.6398455340227216,84,0.010797568435009341,-0.38411078097485674,0.701878636355836,84,0.007344327097798198,-0.23867344723578596,0.8119471159272422,84,2.018868705125007,600-1000,high_corr,N_midlat
C_Sumatra,asia,-0.4414541125297546,101.71015167236328,492732.78125,0,0.4414541125297546,5.692611456617093,low,0.8697170376162097,0.5379742856410072,9844.786660117252,2,C_La_Plata_Delta,0,0.8060219167151195,3.583462624693914,0.16904777792258524,-0.04909551029996129,1.4249238753253701,0.1579287045141601,84,-0.04696698699253221,1.3540512140665009,0.17939534556046188,84,-0.04909551029996129,1.4249238753253701,0.1579287045141601,84,-0.06376919831913574,1.8688927568671363,0.0651651280423966,84,0.5524602542694619,>1000,low_corr,tropics
C_Java,asia,-7.304895877838135,110.38360595703124,175142.140625,0,7.304895877838135,5.243390653444879,low,0.6973757419328376,0.6564331414394166,1007.1863572759578,1,C_Borneo,1,0.7038276529911008,0.9608287558090336,0.5717146936409085,0.016659338059518025,-1.2192117901951156,0.2262174034532442,84,0.015192635242923913,-1.130267523175726,0.26161917086578135,84,0.016659338059518025,-1.2192117901951156,0.2262174034532442,84,0.01283041594390566,-0.8048154316291417,0.4232256183997063,84,-0.2583647226993298,>1000,low_corr,tropics
C_East_Timor_Islands,asia,-8.975043296813965,125.4461669921875,82614.203125,0,8.975043296813965,4.917054718126061,sub_noise,0.323872837771058,0.5778538066203653,3223.1453543593843,2,C_East_Australia_Coast,0,0.6465511078125679,4.169001365126962,0.16922143568750064,0.0009479974716515294,-0.046259820831172103,0.9632142864271613,84,-0.0002329728359466987,0.011428176247274194,0.9909092578508737,84,0.0009479974716515294,-0.046259820831172103,0.9632142864271613,84,-0.0033820450861434814,0.1591864723218944,0.8739086824055036,84,3.88389330191515,>1000,low_corr,tropics
C_Borneo,asia,0.8877425193786621,114.2563247680664,758966.4375,0,0.8877425193786621,5.880222571243531,low,0.9409146658165428,0.7586112808344717,867.1718978860599,1,C_Sulawesi,1,0.7470027780466413,2.131806218698305,0.8143187690734074,0.00016327456025977405,-0.01703533036487559,0.9864493140800908,84,-0.0009218481364625664,0.09671101708999208,0.9231890330247295,84,0.00016327456025977405,-0.01703533036487559,0.9864493140800908,84,0.006046415124035254,-0.5989476142904945,0.550839096620825,84,-1.9753526173162512,600-1000,mid_corr,tropics
C_Philippines,asia,11.627100944519045,122.5772705078125,505703.75,0,11.627100944519045,5.703896174115576,sub_noise,0.5201809348940911,0.4545422584003284,5257.4037693359,3,C_Chao_Phraya_River_Gulf_of_Thailand_Coast,0,0.706843500989889,0.7907526954500617,0.190733686425489,-0.008321122021530236,0.4486946237276838,0.6548212293374485,84,-0.00959388022833485,0.5179100071975362,0.6058988319565068,84,-0.008321122021530236,0.4486946237276838,0.6548212293374485,84,0.005646732230035423,-0.25912109090003155,0.7961833909671777,84,-0.6116926755419427,>1000,low_corr,tropics
C_Sulawesi,asia,-2.2050254344940186,121.41685485839844,328683.25,0,2.2050254344940186,5.51677757260026,low,0.4942262361769731,0.7586112808344717,867.1718978860599,1,C_Borneo,1,0.8320177780614667,7.045100348618078,0.8143187690734071,0.020859992536696348,-1.5424453620754819,0.1267696476180902,84,0.01916979870545077,-1.4559039197487034,0.14919144899202802,84,0.020859992536696348,-1.5424453620754819,0.1267696476180902,84,-0.0032855624691716656,0.23354143225497292,0.8159160369534393,84,-1.2468161447726065,600-1000,mid_corr,tropics
C_Papua_New_Guinea_Island,australia,-5.330036163330078,140.50607299804688,1041547.0625,0,5.330036163330078,6.017678898405011,low,0.765634575240668,0.48262073979704245,15231.451205811978,3,C_Carribean_Coast,0,0.9194107888304666,0.6943280916411094,0.10778308085086374,-0.10003866564512554,1.7679235647278009,0.08074853364034405,84,-0.10446418399659829,1.8862969852885667,0.0627521353736604,84,-0.10003866564512554,1.7679235647278009,0.08074853364034405,84,0.026864932424579102,-0.4288302237150434,0.6691577391131521,84,-0.900787486318018,>1000,low_corr,tropics
C_North_Australia_Coast,australia,-16.456905364990234,134.90902709960938,1301614.0,0,16.456905364990234,6.114482211171925,mid,0.94527437437182,0.710161406540935,9774.170500200866,3,C_Namibia_Coast,0,0.8388438146017162,7.185507388626692,0.34908942612429283,-0.09183604644030874,1.9913214721378385,0.04973479805198499,84,-0.09290799768672575,2.048479394351003,0.043673190445014554,84,-0.09183604644030874,1.9913214721378385,0.04973479805198499,84,-0.1405195989318193,2.353455907838274,0.020964374207150544,84,-0.8683292674181076,>1000,mid_corr,tropics
C_Bismark_Sea_Islands,australia,-5.053763389587402,150.77378845214844,105673.859375,0,5.053763389587402,5.023967568828316,sub_noise,0.4232200282319813,0.3376208805512916,11299.197042220032,3,C_Melville_Prince_Patrick_Islands,0,0.763165953023504,0.6622339824898587,0.1440217623624802,0.01765666370752761,-0.7604457109396467,0.44914306533151827,84,0.017928061688999075,-0.780996756378651,0.43702632352880283,84,0.01765666370752761,-0.7604457109396467,0.44914306533151827,84,0.03805506504040013,-1.6280320999395383,0.10730838744536715,84,0.2215006804666663,>1000,low_corr,tropics
C_West_Australia_Coast,australia,-26.510242462158203,117.36813354492188,840925.6875,0,26.510242462158203,5.924757618943397,sub_noise,0.9690569313814108,0.7187541703275693,935.3381892109107,2,E_Great_Victoria_Desert,0,0.8641754232285548,4.493917533018852,0.7567279342383924,0.007499861024783172,-0.745561508279244,0.458038568460524,84,0.007903311645603206,-0.7751178427876045,0.4404727794808475,84,0.007499861024783172,-0.745561508279244,0.458038568460524,84,0.013099450183566619,-1.2288782329008698,0.2225902360878179,84,2.41405162344795,600-1000,mid_corr,S_extratropics
C_East_Australia_Coast,australia,-27.772510528564453,148.19471740722656,689676.625,0,27.772510528564453,5.838645506827646,mid,0.9572903301650086,0.9336140480879876,467.727574035115,1,R_Murray_Darling_River,1,0.945884323487566,1.2154598392074025,0.9065641160438327,-0.013145687793251204,0.4528580166456784,0.6518325596545689,84,-0.01542552453343693,0.5492622251801983,0.5843002676328243,84,-0.013145687793251204,0.4528580166456784,0.6518325596545689,84,-0.008819511798780155,0.2948603229779188,0.7688368520367169,84,-0.5356225857842031,300-600,high_corr,S_extratropics
R_Murray_Darling_River,australia,-31.590456008911133,146.16184997558594,1057959.0,0,31.590456008911133,6.024468837435669,mid,0.9999999920583807,0.9336140480879876,467.727574035115,1,C_East_Australia_Coast,1,0.9398202790454755,5.849688042952886,0.9065641160438327,-0.018852981098092414,1.0855110023752321,0.28083816776577397,84,-0.018349781142894983,1.0267778733179465,0.30750818073836583,84,-0.018852981098092414,1.0855110023752321,0.28083816776577397,84,-0.01677810675294822,0.7692632007639496,0.4439207248217845,84,-1.9661180136252945,300-600,high_corr,S_extratropics
C_South_Australia_Coast,australia,-31.97826385498047,131.42381286621094,514093.8125,0,31.97826385498047,5.711042376842568,sub_noise,0.8975030395833519,0.9519729904216883,673.6770028171729,1,E_Great_Victoria_Desert,1,0.9505834839921625,0.40832125545331743,0.9412185048923218,-0.010724684555201813,0.7737382300543878,0.4412838570283389,84,-0.010546103465678858,0.7601963858364648,0.4492912474207515,84,-0.010724684555201813,0.7737382300543878,0.4412838570283389,84,-0.02664183424343225,1.6433750034711903,0.10408849257728985,84,1.977786442342384,600-1000,high_corr,S_extratropics
C_Tasmania,australia,-41.914344787597656,146.72601318359375,69723.453125,0,41.914344787597656,4.84337888784696,low,0.8758852054283295,0.7292371688412083,1508.0576277700375,2,C_South_Australia_Coast,0,0.9534256210448477,-0.47542067010297684,0.7232832414858068,-0.0012918839470135168,0.09580637142947697,0.9239052989810937,84,-0.0013189422782482474,0.0972533699127963,0.9227596478965959,84,-0.0012918839470135168,0.09580637142947697,0.9239052989810937,84,-0.002870391854886023,0.19303300270823004,0.8474046945908227,84,-2.673440796640035,>1000,mid_corr,S_extratropics
C_New_Zealand_South_Island,australia,-43.64261245727539,170.8855438232422,169056.1875,0,43.64261245727539,5.2280310706825635,sub_noise,0.8435612134994598,0.637213909936148,723.7853145766101,1,C_New_Zealand_North_Island,1,0.5050404337923302,3.725348529517573,0.6107555501722801,-0.029970880659246024,1.6020858170016872,0.11293588238507221,84,-0.029070992739825607,1.57383460424043,0.11933002983380327,84,-0.029970880659246024,1.6020858170016872,0.11293588238507221,84,-0.033480287573209866,1.7529847905879945,0.0832969619781491,84,0.01256463338436,600-1000,low_corr,S_extratropics
C_New_Zealand_North_Island,australia,-38.14042663574219,175.49240112304688,182538.59375,0,38.14042663574219,5.261354700467337,sub_noise,0.560088534850459,0.637213909936148,723.7853145766101,1,C_New_Zealand_South_Island,1,0.34023301084160706,7.143362759070004,0.6107555501722801,-0.0027272684685044624,0.2776447385119593,0.781975483712926,84,-0.001990268526680161,0.20537240590809647,0.837784032701607,84,-0.0027272684685044624,0.2776447385119593,0.781975483712926,84,-0.001771937736717577,0.17423656660446307,0.8621038353190913,84,-2.3052750967641296,600-1000,low_corr,S_extratropics
E_Lake_Eyre_Basin,australia,-25.518882751464844,139.3301239013672,1305958.5,0,25.518882751464844,6.115929376397431,low,0.9999999572984112,0.8743187992016704,915.6929633724719,1,C_East_Australia_Coast,1,0.9467091687836289,0.6243297073129833,0.8131977716205233,-0.01973446874478979,0.733093785449084,0.46556671044242975,84,-0.02144312367195189,0.8151870478833151,0.4172983113134534,84,-0.01973446874478979,0.733093785449084,0.46556671044242975,84,-0.02108411236356411,0.6312224395119722,0.5296296084130817,84,-0.98843689106101,600-1000,high_corr,S_extratropics
E_Australia_Northwest_Plateau,australia,-21.514141082763672,128.49734497070312,1149551.75,0,21.514141082763672,6.060528526917653,mid,0.9999999071936164,0.7612599593362855,826.5806125842042,2,E_Great_Victoria_Desert,0,0.9026242979050041,7.127420626897906,0.6279815659511823,-0.09864525329641172,2.0261542788161773,0.045960705328943245,84,-0.09880082649714406,2.067866142066692,0.041766849120597103,84,-0.09864525329641172,2.0261542788161773,0.045960705328943245,84,-0.15948151530274313,2.688603915227584,0.008669668915586338,84,-1.4137637831438363,600-1000,mid_corr,tropics
E_Great_Victoria_Desert,australia,-28.40152740478516,125.76396942138672,848857.6875,0,28.40152740478516,5.928834886104883,sub_noise,1.0000000448668498,0.9519729904216883,673.6770028171729,1,C_South_Australia_Coast,1,0.9245809430653154,1.292976005923406,0.9412185048923218,0.002222794974071407,-0.140848297492155,0.8883310618909206,84,0.0024000505520009874,-0.15283007589284509,0.8789032084713219,84,0.002222794974071407,-0.140848297492155,0.8883310618909206,84,0.010929347363602182,-0.6887129848426097,0.492924551707194,84,1.9067049833450485,600-1000,high_corr,S_extratropics
C_Gulf_of_Darien_Coast,south_america,7.8939032554626465,-76.5601806640625,82063.359375,0,7.8939032554626465,4.914149291428878,mid,0.8415865295819821,0.9751469057751005,263.6624526469131,1,R_Magdalena_River,1,0.9293001737412696,0.6653048934108389,0.9412185048923218,-0.0015777465489124065,0.14789839167252367,0.8827816634874699,84,-0.006102488703832787,0.5932511324446298,0.5546262724168242,84,-0.0015777465489124065,0.14789839167252367,0.8827816634874699,84,-0.005012811496466485,0.6176592559748869,0.5384909748256084,84,5.3290082850519775,<300km,high_corr,tropics
R_Magdalena_River,south_america,6.395747184753418,-74.70780944824219,259939.546875,0,6.395747184753418,5.4148723575426905,mid,0.9970739033217336,0.9751469057751005,263.6624526469131,1,C_Gulf_of_Darien_Coast,1,0.9260820413583701,0.5429199676215715,0.9412185048923218,0.0015868824302015527,-0.21380591954577619,0.8312227590067877,84,-0.0021234731219370584,0.3004750711062936,0.7645661453612083,84,0.0015868824302015527,-0.21380591954577619,0.8312227590067877,84,-0.010190448200514401,1.1382490967081498,0.25829138923670275,84,3.392547609738797,<300km,high_corr,tropics
C_Carribean_Coast,south_america,10.040581703186035,-68.32926940917969,321023.03125,0,10.040581703186035,5.506536191239692,mid,0.8080930312318279,0.874895271670645,810.4588286749686,1,R_Magdalena_River,1,0.9226918244275348,7.164698266575122,0.8398729946704847,0.03613044465996884,-1.7192744444188892,0.08929184150246001,84,0.03202235121449459,-1.5314137604226232,0.1294699251153657,84,0.03613044465996884,-1.7192744444188892,0.08929184150246001,84,0.008135316278125138,-0.3326292658846999,0.740252812906062,84,2.5088112356457,600-1000,high_corr,tropics
R_Orinoco_River,south_america,5.705295562744141,-67.9323959350586,938819.375,0,5.705295562744141,5.972582043824679,mid,0.9999999734467164,0.8692341612247677,484.0388240620129,1,C_Carribean_Coast,1,0.8513158561658878,7.33690574394478,0.6960466219455177,-0.009807844814378353,0.5912929270439593,0.555931128573908,84,-0.013377373413601346,0.8013104330309679,0.4252399912051343,84,-0.009807844814378353,0.5912929270439593,0.555931128573908,84,0.02595739998046287,-1.1237816910514062,0.2643454612567572,84,-0.3542373404113862,300-600,high_corr,tropics
C_Northeast_South_America_Coast,south_america,4.312986373901367,-56.431583404541016,558093.25,0,4.312986373901367,5.746706769863945,high,0.970998425023089,0.7474787404686397,1735.1359605512237,2,R_Magdalena_River,0,0.8957390139477305,7.264278497450048,0.39909961545487016,-0.07943804388771891,2.1965782430749194,0.0308392545041942,84,-0.08316178406703956,2.2597687391188397,0.026455323388542326,84,-0.07943804388771891,2.1965782430749194,0.0308392545041942,84,-0.05913723830825357,1.4608016669991977,0.1478452002693453,84,2.328111770499118,>1000,mid_corr,tropics
C_South_Amapa_Coast,south_america,-0.0380395054817199,-51.38043594360352,35625.94921875,0,0.0380395054817199,4.551766444524589,high,0.7608664624946498,0.8651017811252693,257.8514886756872,1,C_Amazon_River_Delta,1,0.7796874294257661,0.8183206829331823,0.9412185048923218,-0.005303296702400706,0.650926978507302,0.5168916635898622,84,-0.007722782554537844,0.9843087908396905,0.3278243541746338,84,-0.005303296702400706,0.650926978507302,0.5168916635898622,84,-0.013530503001776717,1.4663412401122666,0.14633394327358665,84,-0.6345424195638307,<300km,high_corr,tropics
R_Amazon_River,south_america,-6.646708488464356,-64.56704711914062,5935067.5,0,6.646708488464356,6.773425662584768,mid,0.9999999745185136,0.5845845060912117,1656.6220218645224,2,C_Amazon_River_Delta,0,0.9053525253197368,7.240821819795785,0.4447128736691778,-0.07050817910052198,1.5385612281456975,0.12771525640008977,84,-0.0737793608547832,1.6179795965985528,0.10946124764732153,84,-0.07050817910052198,1.5385612281456975,0.12771525640008977,84,0.1231760363301716,-2.0908883671987097,0.0395965636221073,84,-2.1739064763568936,>1000,low_corr,tropics
C_Amazon_River_Delta,south_america,-2.0860137939453125,-50.292457580566406,117618.3203125,0,2.0860137939453125,5.070474973023668,high,0.9473234362275388,0.911244997924878,239.42666957798292,1,C_Capim_River_Delta,1,0.8594938640214738,0.27393404439340313,0.9412185048923218,0.004453109136098199,-0.3552179514860987,0.723327415597829,84,0.0031366358980764453,-0.2592084387783472,0.7961162280438696,84,0.004453109136098199,-0.3552179514860987,0.723327415597829,84,0.010898440568954393,-0.8148233269806188,0.41750532878044455,84,0.7633540642744465,<300km,high_corr,tropics
R_Tocantins_River,south_america,-11.239239692687988,-49.48603439331055,769437.8125,0,11.239239692687988,5.886173525038879,mid,1.000000025258938,0.7522109050790718,721.3335143899138,1,R_Sao_Francisco_River,1,0.8140859561047755,6.748574757627563,0.5993395203525076,0.03923217744857521,-1.3702479402251226,0.17430445455410237,84,0.03787698638102355,-1.3459976327526262,0.18196824514351664,84,0.03923217744857521,-1.3702479402251226,0.17430445455410237,84,0.09123914040103809,-2.43727984681137,0.016934722308702646,84,0.9219812969682748,600-1000,mid_corr,tropics
C_Capim_River_Delta,south_america,-2.851447582244873,-48.27799987792969,85848.671875,0,2.851447582244873,4.9337335807803315,high,0.9729374091218048,0.9156755590753821,326.5443578612905,2,C_North_Brazil_South_Atlantic_Coast,0,0.8917782331080039,0.6128847053585378,0.9333994975324481,0.021853025880421706,-1.1927613520496332,0.23636151948966463,84,0.021093539941836825,-1.1665182946686876,0.24674576576460358,84,0.021853025880421706,-1.1927613520496332,0.23636151948966463,84,0.03589674322658187,-1.7617396504113256,0.0817955299233172,84,1.24352081038169,300-600,high_corr,tropics
C_North_Brazil_South_Atlantic_Coast,south_america,-3.966259717941284,-45.34529495239258,277285.0,0,3.966259717941284,5.442926376633659,high,0.9609318396097196,0.9142715619221811,348.3237799321174,1,C_Capim_River_Delta,1,0.9113181464593276,1.4117949371787613,0.9301566619053423,0.014631931374771256,-0.5494470718532334,0.5841740147323673,84,0.011357193666985954,-0.4387596776975525,0.6619756954875357,84,0.014631931374771256,-0.5494470718532334,0.5841740147323673,84,-0.013116202548255185,0.570557721312001,0.5698409345768386,84,1.927091834201378,300-600,high_corr,tropics
R_Parnaiba_River,south_america,-7.258980274200439,-43.27925491333008,333266.21875,0,7.258980274200439,5.522791293996566,high,1.0000000418333057,0.9131095873435029,606.5144536058127,1,C_East_Brazil_South_Atlantic_Coast,1,0.8731886086592453,3.5784828429226763,0.7601412626737176,-0.008661076506906173,0.5100526646942758,0.6113682689680552,84,-0.007211947405973529,0.41161411039230483,0.6816832828086412,84,-0.008661076506906173,0.5100526646942758,0.6113682689680552,84,-0.021823918929529063,1.2430670068158356,0.2173432004043844,84,2.538676603789407,600-1000,high_corr,tropics
C_East_Brazil_South_Atlantic_Coast,south_america,-6.203597068786621,-37.89056396484375,283236.125,0,6.203597068786621,5.452148644101087,mid,0.9755243727879416,0.9131095873435029,606.5144536058127,1,R_Parnaiba_River,1,0.9069126943705799,3.961025999334062,0.760141262673716,0.05932997275232166,-1.8887026698027867,0.06242459353036727,84,0.055806697767848745,-1.831944958105418,0.07054664146122681,84,0.05932997275232166,-1.8887026698027867,0.06242459353036727,84,0.10519030111035832,-2.9970452029534456,0.003594846326809016,84,3.953885082037506,600-1000,high_corr,tropics
R_Sao_Francisco_River,south_america,-13.403438568115234,-43.22582626342773,644986.375,0,13.403438568115234,5.809550540488268,high,0.9999999031602388,0.9434550381918505,408.77370964884534,1,C_South_East_Brazil_Coast,1,0.8853714240982493,7.2545186595989035,0.8366640294266311,0.04808403760835278,-2.1796193924781155,0.03211892038369486,84,0.04691254545845014,-2.1823207316184994,0.03191203301283109,84,0.04808403760835278,-2.1796193924781155,0.03211892038369486,84,0.0543922433463333,-2.3963976822965347,0.018804508286700047,84,3.638606238959418,300-600,high_corr,tropics
C_South_East_Brazil_Coast,south_america,-16.454879760742188,-41.10375213623047,581624.125,0,16.454879760742188,5.7646424121857125,mid,0.9585661804970536,0.9434550381918505,408.77370964884534,1,R_Sao_Francisco_River,1,0.8883516183732991,7.2791516971403665,0.836664029426631,0.0019625512920190546,-0.1143330866201216,0.9092498799911563,84,0.00041958512024364847,-0.025069286030345788,0.9800598736177644,84,0.0019625512920190546,-0.1143330866201216,0.9092498799911563,84,-0.002633741332628725,0.13847795530922988,0.890198115402765,84,3.2516383589691067,300-600,high_corr,tropics
C_Uruguay_South_Brazil_Coast,south_america,-29.99686813354492,-53.76016616821289,654270.6875,0,29.99686813354492,5.815757463562667,mid,0.951294575725815,0.7540984623646929,691.9976707804235,1,C_La_Plata_Delta,1,0.8528243129113756,5.669750673257143,0.5725563246960407,-0.010979980772011233,0.44485970827956534,0.65757909603471,84,-0.010023358128861348,0.41708352848571906,0.6776941220385645,84,-0.010979980772011233,0.44485970827956534,0.65757909603471,84,0.0006902409243232377,-0.02437503812648116,0.9806119666039151,84,0.9681054267557324,600-1000,mid_corr,S_extratropics
R_Parana_River,south_america,-22.868391036987305,-56.68667221069336,2644143.25,0,22.868391036987305,6.42228497993587,mid,0.999999957382372,0.6322500533074378,964.9502288403212,2,C_Uruguay_South_Brazil_Coast,0,0.9059648188264207,7.273919311295558,0.4377565778013347,-0.2705205575575538,4.314083765165634,4.394416440025512e-05,84,-0.261906307209095,4.263033859936362,5.303009491956595e-05,84,-0.2705205575575538,4.314083765165634,4.394416440025512e-05,84,-0.23707548014472368,3.6922069641300856,0.00039678997505467707,84,2.751599937435288,600-1000,low_corr,tropics
C_La_Plata_Delta,south_america,-34.782127380371094,-58.475372314453125,20991.11328125,0,34.782127380371094,4.322035472364309,high,0.7875587762340225,0.9038971758026332,362.3911096447677,1,C_North_Argentina_South_Atlantic_Coast,1,0.9662343028926902,6.894735923574165,0.8065545574951889,-0.07210586545246667,2.561206048896859,0.01223995421894104,84,-0.06718839051084213,2.540092573831641,0.012945880576982309,84,-0.07210586545246667,2.561206048896859,0.01223995421894104,84,-0.0868381466934518,2.6417101833239487,0.009855928949991502,84,7.925174910497255,300-600,high_corr,S_extratropics
C_North_Argentina_South_Atlantic_Coast,south_america,-36.31681823730469,-62.00957107543945,391633.9375,0,36.31681823730469,5.592880319061525,mid,0.9953869605869556,0.9038971758026332,362.3911096447677,1,C_La_Plata_Delta,1,0.9692540438473873,3.795856270521586,0.8065545574951887,-0.0021281145040119576,0.05910621253068745,0.9530095878709668,84,0.005081223106321087,-0.14151484876354645,0.8878061508850797,84,-0.0021281145040119576,0.05910621253068745,0.9530095878709668,84,-0.08321490168744061,1.8199573868683263,0.07237049536645854,84,8.481041513690728,300-600,high_corr,S_extratropics
R_Colorado_River_Argentina,south_america,-34.40580749511719,-67.86532592773438,403958.625,0,34.40580749511719,5.606336885273028,mid,0.9999999658303316,0.7325785491765642,568.0227072049927,2,C_North_Argentina_South_Atlantic_Coast,0,0.9560260984841348,1.4740095433022264,0.6891873632684464,-0.09214964410383719,1.9314682826706588,0.056838064589574314,84,-0.08953640511781957,1.8932320067146957,0.06181181604095567,84,-0.09214964410383719,1.9314682826706588,0.056838064589574314,84,-0.16132376388172043,3.1843205385726425,0.0020437239521619555,84,4.034168102843624,300-600,mid_corr,S_extratropics
C_Patagonia,south_america,-44.17690658569336,-68.73529815673828,717876.875,1,44.17690658569336,5.856049963610784,glaciated,0.9641170310565962,0.5427390131959704,1577.6068960378277,1,C_North_Chile_South_Pacific_Coast,1,0.7848106607702443,0.6067557357648606,0.6676220609238207,0.006766366376648847,-0.3336634574580437,0.739475029865146,84,0.007957665279607062,-0.3961636569618552,0.6930009149794882,84,0.006766366376648847,-0.3336634574580437,0.739475029865146,84,0.007355120725985098,-0.3200480930582913,0.7497361545260494,84,1.9579154662302536,>1000,low_corr,S_extratropics
C_South_Chile_South_Pacific_Coast,south_america,-48.886478424072266,-72.27598571777344,401330.78125,0,48.886478424072266,5.603502470509702,mid,0.7620723797945487,0.7357712113387884,16383.58995250906,1,C_Novaya_Zemlya,1,0.9265796127653626,0.3984285644323887,0.23803382942572765,0.06267617147492954,-1.711643843140577,0.09069683286717498,84,0.05988150042188756,-1.661522212936852,0.10038144208360324,84,0.06267617147492954,-1.711643843140577,0.09069683286717498,84,0.09635899892544841,-2.6435177059466906,0.009807603773902183,84,4.412873715105831,>1000,mid_corr,S_extratropics
C_North_Chile_South_Pacific_Coast,south_america,-30.08050537109375,-70.76556396484375,417490.5,0,30.08050537109375,5.6206465975573,low,0.9505524223607018,0.7040670499871109,552.8389382299821,1,R_Colorado_River_Argentina,1,0.8891076361800498,7.092521328705163,0.6809923515604417,-0.05938091279528046,2.1137773790195262,0.03753613911939858,84,-0.05787506798139774,2.1223437901528306,0.036789246923391854,84,-0.05938091279528046,2.1137773790195262,0.03753613911939858,84,-0.032703405534462604,0.8796767546542572,0.38157429390277625,84,0.9433439244508968,300-600,mid_corr,S_extratropics
C_Peru_Pacific_Coast,south_america,-11.67129611968994,-75.93858337402344,316791.9375,0,11.67129611968994,5.500774120064497,sub_noise,0.909253386755816,0.6757377488835158,1299.0380866931775,1,E_La_Puna_Altiplano,1,0.8454859422618821,0.3165626067798618,0.729581892850422,-0.007288634041920927,0.6137792118737047,0.5410398208432867,84,-0.006572959367745268,0.5686066685851645,0.5711584126518505,84,-0.007288634041920927,0.6137792118737047,0.5410398208432867,84,0.001241506657553182,-0.10115444581842035,0.9196718174386428,84,1.5698855006189505,>1000,low_corr,tropics
C_Columbia_Ecuador_Pacific_Coast,south_america,1.4979541301727295,-78.60574340820312,225672.5625,0,1.4979541301727295,5.353478760321915,low,0.8972725043009357,0.6659056414673347,746.4156884897017,1,C_Gulf_of_Darien_Coast,1,0.9089782843394346,0.0643298421486653,0.6988444288959604,0.006132772686795462,-0.3767964083803957,0.7072865068086804,84,0.003846772270024612,-0.24441552620006676,0.8075122218414048,84,0.006132772686795462,-0.3767964083803957,0.7072865068086804,84,0.022060029916554313,-1.2133261919439216,0.22844680189592056,84,4.023469121350203,600-1000,low_corr,tropics
E_Salinas_Grande_Mar_Chiquita,south_america,-29.59704971313477,-65.39700317382812,308226.875,0,29.59704971313477,5.488870503153805,low,0.9999999875687694,0.827018786086881,811.1321391320579,1,C_North_Argentina_South_Atlantic_Coast,1,0.9694363483624173,0.8050909018738815,0.5955721013276716,0.007353935418726643,-0.2762127355771606,0.7830712806333501,84,0.005924072458741936,-0.23252674935854084,0.8167013303963093,84,0.007353935418726643,-0.2762127355771606,0.7830712806333501,84,-0.009676974506720226,0.2860987523955585,0.7755153499838724,84,8.815741591114303,600-1000,mid_corr,S_extratropics
E_La_Puna_Altiplano,south_america,-20.684783935546875,-68.18938446044922,328865.3125,0,20.684783935546875,5.5170180681184355,sub_noise,0.9999999327605864,0.6757377488835158,1299.0380866931775,1,C_Peru_Pacific_Coast,1,0.9422575532085095,0.13290075931893952,0.7295818928504532,0.02449860762973677,-1.2241523945764563,0.22435819584715383,84,0.02476220401190432,-1.238430638027409,0.2190476840659805,84,0.02449860762973677,-1.2241523945764563,0.22435819584715383,84,0.002617933506381398,-0.13470958763545357,0.893167627760151,84,6.753279585149104,>1000,low_corr,tropics
C_Central_American_Pacific_Coast,north_america,22.00570297241211,-102.5875015258789,971080.625,0,22.00570297241211,5.987255289165455,low,0.9115440555039142,0.7553647139831299,854.1276413399271,1,R_Rio_Grande_Rio_Bravo,1,0.844229304394658,3.436525979932052,0.6776448309962111,-0.0026826170275811023,0.1364585831306475,0.8917892091153398,84,-0.00022178388728111287,0.01112172513752653,0.9911530194198624,84,-0.0026826170275811023,0.1364585831306475,0.8917892091153398,84,0.00010970402935528423,-0.004603440947630882,0.9963380450158555,84,-1.9731844846210576,600-1000,mid_corr,tropics
R_Colorado_River_of_the_West_North_America,north_america,36.383766174316406,-110.81399536132812,658562.125,0,36.383766174316406,5.8185967500981866,low,0.9999999510010376,0.6900489758021771,567.9307259182872,1,E_Great_Basin_Great_Salt_Lake,1,0.9124167152062196,0.9093236533349476,0.6335796969702955,-0.03851460576151111,1.435815713829416,0.15481296666145744,84,-0.03369583150683342,1.273586288569802,0.20636519131892558,84,-0.03851460576151111,1.435815713829416,0.15481296666145744,84,-0.010697108993885207,0.4049543539625374,0.686552876154171,84,1.6249567401306024,300-600,low_corr,N_midlat
C_California_and_Baja_California,north_america,34.222713470458984,-117.95186614990234,489988.40625,0,34.222713470458984,5.690185804189294,mid,0.8625249138737984,0.9276251232406405,577.5329838574391,1,E_Great_Basin_Great_Salt_Lake,1,0.9023386070575213,2.36136396900604,0.7767955504276209,0.02690636353242659,-1.6855984387141412,0.09562938361320794,84,0.029866638765993492,-1.8137225248084794,0.07333453538344802,84,0.02690636353242659,-1.6855984387141412,0.09562938361320794,84,0.01056788858325719,-0.6244507678071359,0.5340443605447175,84,-1.5132665524950948,300-600,high_corr,N_midlat
C_Oregon_Coast,north_america,43.45151901245117,-123.41675567626952,44393.984375,0,43.45151901245117,4.647324124850155,mid,0.9129495083923628,0.6962240522496873,1129.4364529241145,1,C_California_and_Baja_California,1,0.7427899432736629,0.5741726400701561,0.8168443400178538,0.029599234568867816,-1.6184552392704508,0.1093586055161475,84,0.03235802435258406,-1.7521896270089898,0.0834344489756663,84,0.029599234568867816,-1.6184552392704508,0.1093586055161475,84,0.037618276378720505,-1.7673437642459424,0.08084622639969799,84,0.0155241641417437,>1000,low_corr,N_midlat
R_Columbia_River,north_america,46.08155822753906,-117.04254913330078,672088.0,0,46.08155822753906,5.827426141226835,low,1.000000054194771,0.6434657790476421,581.7654761160054,1,C_Oregon_Coast,1,0.807046986254891,6.444619994818069,0.612107559169281,-0.03962451984617532,1.5809390770735108,0.11769548577068387,84,-0.037513277099505915,1.5146744381587598,0.13365393613052104,84,-0.03962451984617532,1.5809390770735108,0.11769548577068387,84,-0.0364284321293904,1.2976951326659276,0.1979871199558084,84,-2.582271453436093,300-600,low_corr,N_midlat
C_South_Alaska_Coast_Frazer_River,north_america,53.06808853149414,-125.9711685180664,669314.1875,0,53.06808853149414,5.825630030871808,high,0.9303070078623358,0.7475530732100014,11975.445570500262,2,C_Hub_Porali_Basin,0,0.9339627115134901,2.8952168290830125,0.10448261702669519,-0.10595466075579685,1.9715820828238768,0.051988758511145546,84,-0.09923948248927683,1.8592685463747038,0.06653260459063967,84,-0.10595466075579685,1.9715820828238768,0.051988758511145546,84,0.06829902192453363,-1.5768370944353505,0.11863704298597963,84,-0.6431522262627298,>1000,mid_corr,N_high
C_Churchill_Seal_Rivers,north_america,56.80511093139648,-102.22174072265624,407489.90625,0,56.80511093139648,5.6101168554950895,low,0.9871854186951832,0.7492767816806569,1078.9886086656013,1,R_Mackenzie_River,1,0.9163928183461376,7.190773142287012,0.5658097694580828,0.027084072018050187,-0.6935564451713176,0.4898968393365374,84,0.025125978084829192,-0.6514409552057583,0.5165615799359564,84,0.027084072018050187,-0.6935564451713176,0.4898968393365374,84,0.04534350651644803,-1.065780904937787,0.2896132051696835,84,-1.7541153089113417,>1000,mid_corr,N_high
R_Saskatchewan_Nelson_Rivers,north_america,51.28512573242188,-102.26946258544922,1110230.125,0,51.28512573242188,6.045413007308368,low,1.000000028191825,0.608280391327253,7969.31141520278,2,C_Southwest_Mediterranean_Coast,0,0.9545307219955046,6.969577633768123,0.0704352752540395,-0.05879394372501223,0.6616657469016763,0.5100182504941645,84,-0.06273784909545177,0.7172165629610652,0.47525408993669144,84,-0.05879394372501223,0.6616657469016763,0.5100182504941645,84,-0.12380681817722627,1.4126893174343877,0.1614859671630081,84,-3.439278412593544,>1000,low_corr,N_high
C_Southwest_Hudson_Bay_Coast,north_america,52.69977569580078,-87.50457763671875,716985.5,0,52.69977569580078,5.855510372775661,low,0.9720054284285264,0.5679052807889323,802.5437206735478,1,C_East_Hudson_Bay_Coast,1,0.7118961786726782,3.318419271731872,0.5294370819078787,0.011139781788232384,-0.76193498312948,0.4482585301460082,84,0.010262240456975102,-0.7044812373583943,0.4831051706715502,84,0.011139781788232384,-0.76193498312948,0.4482585301460082,84,0.01695740902435139,-0.9328414754628617,0.35360756687290656,84,-1.7566925748972406,600-1000,low_corr,N_high
C_East_Hudson_Bay_Coast,north_america,54.16206359863281,-75.62594604492188,596505.125,0,54.16206359863281,5.775614179355327,low,0.9508216114857192,0.6885747126528111,594.781243369518,1,C_North_St_Lawrence_Seaway_Coast,1,0.7353982447598923,0.5315027788633008,0.7258409685496947,0.018308303134101145,-1.4176139702273096,0.16004675943891195,84,0.018316177031839964,-1.4143824841464234,0.16099002849627148,84,0.018308303134101145,-1.4176139702273096,0.16004675943891195,84,0.02279650527841992,-1.5940068569548684,0.1147357003153757,84,-1.4187371246989309,300-600,low_corr,N_high
C_South_Hudson_Strait_Ungava_Bay_Coast,north_america,57.4619369506836,-69.269775390625,395857.71875,0,57.4619369506836,5.597539117579002,low,0.922663323004456,0.6678999246964914,818.6534558648336,1,C_Labrador_Sea_Coast,1,0.729175771793841,6.277719738296886,0.7688930892390313,0.031528694355241305,-2.045523716454776,0.04397030499533685,84,0.03061337841898948,-1.9800233110876682,0.05101445642814486,84,0.031528694355241305,-2.045523716454776,0.04397030499533685,84,0.04938132199271417,-2.836368384335116,0.005731531863093044,84,-0.7999073102234893,600-1000,low_corr,N_high
C_Labrador_Sea_Coast,north_america,52.221473693847656,-60.26107025146485,543283.375,0,52.221473693847656,5.735026415403254,low,0.8819296524979944,0.6678999246964914,818.6534558648336,1,C_South_Hudson_Strait_Ungava_Bay_Coast,1,0.9322162365676654,-0.5571770744079017,0.7688930892390373,-0.014813945141370022,1.2036914747116323,0.23213063381303034,84,-0.015612967006789713,1.280612005708684,0.20389705533453273,84,-0.014813945141370022,1.2036914747116323,0.23213063381303034,84,-0.019313834952331632,1.2437603835931204,0.21708912907120073,84,2.422187405491168,600-1000,low_corr,N_high
C_North_St_Lawrence_Seaway_Coast,north_america,50.23321914672852,-69.69526672363281,241012.71875,0,50.23321914672852,5.382039961816324,low,0.9622019502813508,0.6885747126528111,594.781243369518,1,C_East_Hudson_Bay_Coast,1,0.670556786375972,6.792152872563375,0.7258409685496894,-0.0347003803720658,2.481278895735648,0.015109613782503209,84,-0.03442209364106752,2.5218305321033005,0.013585818993220044,84,-0.0347003803720658,2.481278895735648,0.015109613782503209,84,-0.03423187809498529,2.536893369836074,0.013055987505326236,84,-1.429938541500769,300-600,low_corr,N_high
R_Saint_Lawrence_River,north_america,45.42601776123047,-81.75093078613281,1057761.375,0,45.42601776123047,6.0243877043632175,mid,0.999999885043227,0.6626394353925713,2045.684665623045,2,R_Mississippi_River,0,0.9521881063106953,5.097561521469199,0.38885172297080706,-0.018839490940406156,0.40208706812334527,0.6886535277962184,84,-0.018700355453955764,0.4104181397668359,0.6825567862507164,84,-0.018839490940406156,0.40208706812334527,0.6886535277962184,84,-0.04750603825338229,0.9013578877876974,0.37000617901973665,84,6.28938111901422,>1000,low_corr,N_midlat
C_New_Brunswick_and_Nova_Scotia_Coast,north_america,46.55769729614258,-65.70494842529297,229353.171875,0,46.55769729614258,5.360504750651931,mid,0.7975353182155935,0.43691003739344164,658.1089612073131,2,C_North_St_Lawrence_Seaway_Coast,0,0.5872983809732173,0.7666960084748716,0.4837321747618616,-0.022447060141463915,1.0828673285250383,0.28200317197204644,84,-0.02089151483739715,1.0334314408203207,0.3044038340344376,84,-0.022447060141463915,1.0828673285250383,0.28200317197204644,84,-0.04393047033510089,2.0747843929871466,0.04110414300876961,84,-1.7948303520984286,600-1000,low_corr,N_midlat
C_US_North_Atlantic_Coast,north_america,41.448856353759766,-74.28205871582031,418173.34375,0,41.448856353759766,5.621356345480099,low,0.8968384593015493,0.4920373303891261,1246.867366529302,1,C_US_East_Gulf_of_Mexico_North_Atlantic_Coast,1,0.7733811643829027,4.415730782326845,0.3203960162228323,0.019660756030233095,-1.3648112196858115,0.17600091357064807,84,0.019147124057458664,-1.372895226977388,0.17348291655446815,84,0.019660756030233095,-1.3648112196858115,0.17600091357064807,84,0.021444001964714965,-1.4840965444986698,0.14157111850969023,84,-1.918422094964929,>1000,low_corr,N_midlat
C_US_East_Gulf_of_Mexico_North_Atlantic_Coast,north_america,32.509613037109375,-82.78253936767578,688364.1875,0,32.509613037109375,5.837818267850022,mid,0.958939313956334,0.8868430052159486,690.1338076778716,1,C_East_Mississippi_Delta,1,0.9083316400226822,6.5744230458227575,0.7520281241873072,0.04484181854210589,-1.9985442100335176,0.048931174976859566,84,0.04653639455592151,-2.111085171335868,0.03777356582185918,84,0.04484181854210589,-1.9985442100335176,0.048931174976859566,84,0.017655845201089093,-0.8230188627116465,0.41285567299538883,84,0.2859656554502564,600-1000,high_corr,N_midlat
C_East_Mississippi_Delta,north_america,31.194225311279297,-89.92500305175781,44379.26953125,0,31.194225311279297,4.647180149604909,mid,0.9848292579407932,0.9170091704647095,232.97162722283315,1,C_West_Mississippi_Delta,1,0.8499008922379353,1.1634258129793857,0.9412185048923218,-0.012229113488558596,1.1437151774724261,0.25602970605867204,84,-0.011680607287958056,1.1014514616955204,0.27388412849937777,84,-0.012229113488558596,1.1437151774724261,0.25602970605867204,84,-0.021716713793383136,1.82880775384501,0.07102020478231787,84,0.5758401633549212,<300km,high_corr,N_midlat
R_Mississippi_River,north_america,40.5298957824707,-96.48865509033205,3252721.75,0,40.5298957824707,6.512246913694365,low,0.9993779565806272,0.6232983409492328,1738.9899893269376,2,R_Saint_Lawrence_River,0,0.9171441879212807,7.092056339054925,0.456916529768702,0.025572782248291515,-0.9598810363442417,0.33990301800083067,84,0.025835877292094023,-0.9942333356852107,0.3229990182170476,84,0.025572782248291515,-0.9598810363442417,0.33990301800083067,84,0.014949375364220585,-0.5464240011139537,0.5862404361526947,84,-0.7954754872418222,>1000,low_corr,N_midlat
C_West_Mississippi_Delta,north_america,30.164155960083008,-92.04647064208984,44192.92578125,0,30.164155960083008,4.645352754868237,mid,0.8477300853082793,0.9170091704647095,232.97162722283315,1,C_East_Mississippi_Delta,1,0.7757507685812728,0.981464836094348,0.9412185048923218,0.01881331254461549,-1.7353772844751931,0.08638543995992136,84,0.01919701158718301,-1.7500083012511443,0.08381257005418358,84,0.01881331254461549,-1.7353772844751931,0.08638543995992136,84,0.0206192684110188,-1.6755439472507283,0.09759111596833021,84,3.5734671779234435,<300km,high_corr,N_midlat
C_Texas_Gulf_Coast,north_america,30.991107940673828,-98.30638122558594,470307.78125,0,30.991107940673828,5.6723821642148895,mid,0.9855733283230398,0.5812794692645845,2551.8986389495194,3,C_Ellesmere_Island,0,0.9138984518011453,7.196704699196053,0.4112035372128343,0.0069455503279197695,-0.1435221799047539,0.8862256754810514,84,0.0014496205053715627,-0.030352823599654473,0.9758585367018289,84,0.0069455503279197695,-0.1435221799047539,0.8862256754810514,84,0.035232704564535644,-0.703040400976911,0.48399791230876105,84,0.0100982646100047,>1000,low_corr,N_midlat
R_Rio_Grande_Rio_Bravo,north_america,29.54802131652832,-104.20513153076172,849694.25,0,29.54802131652832,5.929262679331422,low,0.9999999995110254,0.7553647139831299,854.1276413399271,1,C_Central_American_Pacific_Coast,1,0.9123576592226101,5.889657398317531,0.6776448309962001,0.011267862190804223,-0.3508179603176214,0.7266137875927147,84,0.008226839930729701,-0.2635820225036916,0.7927552986205315,84,0.011267862190804223,-0.3508179603176214,0.7266137875927147,84,0.00039020792447752584,-0.011396600046669486,0.9909343745883983,84,-2.032473228683136,600-1000,mid_corr,N_midlat
C_Central_America_Gulf_of_Mexico_Caribbean_Coast,north_america,17.823068618774414,-91.68639373779295,920594.4375,0,17.823068618774414,5.964068346432001,mid,0.9558123764348913,0.5923169331161569,1230.3988788442873,1,C_Central_American_Pacific_Coast,1,0.8095158459281896,7.2295020323771535,0.6000214027856008,-0.005364242718362444,0.2274318057135525,0.8206472771597715,84,-0.005433858499949595,0.2338222649684164,0.8156987253337513,84,-0.005364242718362444,0.2274318057135525,0.8206472771597715,84,-0.018614991598790542,0.6644857626761446,0.5082213866654217,84,-0.1337866267953728,>1000,low_corr,tropics
C_Cuba,north_america,21.59516906738281,-79.1902847290039,146156.640625,0,21.59516906738281,5.164818552305675,low,0.6013453511532181,0.48253751217766216,836.0966207492322,1,C_Hispaniola,1,0.7759850760269946,-0.06613867783445908,0.7162327662129371,-0.003149151076359713,0.36406404028612466,0.7167359864572682,84,-0.0030599577691345914,0.3616618862829072,0.7185237888215914,84,-0.003149151076359713,0.36406404028612466,0.7167359864572682,84,-0.009971079859507403,1.1427027261902138,0.25644756448322803,84,-1.23657428271376,600-1000,low_corr,tropics
C_Hispaniola,north_america,18.862016677856445,-71.72332763671875,117991.921875,0,18.862016677856445,5.071852275058639,low,0.5839021319226068,0.48253751217766216,836.0966207492322,1,C_Cuba,1,0.8702070766572622,-0.7278094935064197,0.7162327662129382,0.008711668112430404,-1.1378797595553778,0.25844471578973516,84,0.009645860902245396,-1.2383300980773415,0.2190847538664073,84,0.008711668112430404,-1.1378797595553778,0.25844471578973516,84,0.01123483557042737,-1.3991286178270244,0.1655004426311407,84,-0.1899358777202295,600-1000,low_corr,tropics
E_Great_Basin_Great_Salt_Lake,north_america,39.221473693847656,-116.19094848632812,522788.59375,0,39.221473693847656,5.718326103534609,low,1.0000000421210118,0.9276251232406405,577.5329838574391,1,C_California_and_Baja_California,1,0.9249285008772137,6.772522548610238,0.7767955504276208,-0.02626322351449284,1.308509818221543,0.19431228050864013,84,-0.023014969832704457,1.171213889401241,0.2448642158173202,84,-0.02626322351449284,1.308509818221543,0.19431228050864013,84,-0.025818522350719686,1.3323969217009222,0.18637642680123365,84,-1.0256209097616706,300-600,high_corr,N_midlat
C_Aleutians_South_Alaska_Coast,north_america,60.5840950012207,-152.5723114013672,573790.1875,1,60.5840950012207,5.758753117017261,glaciated,0.8731830216822309,0.6832697799566005,7040.30157929013,2,R_Yukon_River,0,0.9090789780933761,6.106132620672147,0.3772239842783641,-0.009931845427230357,0.2928689744266494,0.7703532425897289,84,-0.010444912393989148,0.31137819867699534,0.7562938737075947,84,-0.009931845427230357,0.2928689744266494,0.7703532425897289,84,-0.046001079256595245,1.4159078916072376,0.16054423138543047,84,2.7428141575353884,>1000,low_corr,N_high
R_Yukon_River,north_america,64.30769348144531,-144.50045776367188,834606.0625,0,64.30769348144531,5.9214815350614485,low,0.9999999974556152,0.6806465502091704,635.8713630587124,2,C_Aleutians_South_Alaska_Coast,0,0.7974035508941677,6.7675813400865765,0.6720795551608295,0.00856368634247684,-0.3845873376008418,0.7015268241046045,84,0.008697640880065416,-0.38723534483117267,0.6995731526787522,84,0.00856368634247684,-0.3845873376008418,0.7015268241046045,84,0.03939662940816513,-1.370279617636481,0.17429460658184412,84,2.3818474852008618,600-1000,low_corr,N_high
C_Seward_Peninsula_Alaskan_North_Slope,north_america,67.73402404785156,-157.85121154785156,405072.3125,0,67.73402404785156,5.607532559304524,low,0.88230566041332,0.6738025413486352,711.3564784926851,1,R_Yukon_River,1,0.926573774723557,-0.0012403794232425116,0.8541844946626208,-0.021779235022461707,0.9321928690291119,0.3539406124305373,84,-0.02432730747998324,1.0488840932111358,0.29727609102580294,84,-0.021779235022461707,0.9321928690291119,0.3539406124305373,84,-0.007374958396405562,0.28779587935056217,0.7742203785821379,84,6.358020110473855,600-1000,low_corr,N_high
C_Beaufort_Sea_Coast,north_america,68.83226776123047,-138.88400268554688,40808.94140625,0,68.83226776123047,4.6107553292161265,low,0.9388261415908266,0.9285521649563695,491.429579018812,1,C_East_Beaufort_Sea_Amundsen_Gulf_Coast,1,0.7880043991845966,0.07113726715989035,0.9412185048923218,-0.01234001329938983,1.7264695477398238,0.08798343398592469,84,-0.012074431928197793,1.7441770418148306,0.08483032736239668,84,-0.01234001329938983,1.7264695477398238,0.08798343398592469,84,-0.01353498460112501,1.6664396206422418,0.09939559421116587,84,-2.580074146279559,300-600,high_corr,N_high
R_Mackenzie_River,north_america,60.67934799194336,-119.4447021484375,1796235.0,0,60.67934799194336,6.254363154450881,sub_noise,1.000000033976202,0.7492767816806569,1078.9886086656013,1,C_Churchill_Seal_Rivers,1,0.8726250421603989,7.1667471440251775,0.5658097694580817,-0.018427591143777455,0.9919874935694155,0.3240868033291747,84,-0.017797314040584045,0.9666826261334599,0.336511042610878,84,-0.018427591143777455,0.9919874935694155,0.3240868033291747,84,-0.03662489393018764,1.9222305016386256,0.05800756270927019,84,-2.1231050658875814,>1000,mid_corr,N_high
C_East_Beaufort_Sea_Amundsen_Gulf_Coast,north_america,68.54082489013672,-126.73114776611328,159576.46875,0,68.54082489013672,5.202968850388917,low,0.9066440103045176,0.9285521649563695,491.429579018812,1,C_Beaufort_Sea_Coast,1,0.8067782067309608,0.06490305253878961,0.9412185048923218,-0.004971834282285759,0.5407385209830478,0.5901360704959708,84,-0.0046559596611652765,0.5003576467931439,0.6181474099993565,84,-0.004971834282285759,0.5407385209830478,0.5901360704959708,84,8.840460498049652e-05,-0.00783503826680505,0.9937674093728174,84,-1.1464953869122414,300-600,high_corr,N_high
C_Canadian_South_Arctic_Ocean_Coast,north_america,67.50762176513672,-99.69764709472656,668227.875,0,67.50762176513672,5.824924588192536,low,0.8093733293037862,0.7784819811970219,531.1720372180285,1,C_Victoria_Island,1,0.899573773915191,-0.32649087623003414,0.803975517419544,0.0001239302074911297,-0.012724576552901126,0.9898780670711654,84,1.2129551754114232e-05,-0.001270259265600042,0.9989895281240769,84,0.0001239302074911297,-0.012724576552901126,0.9898780670711654,84,-0.0017321181386786844,0.1741837221844046,0.8621452317303051,84,-1.540247185836738,300-600,mid_corr,N_high
C_Northwest_Hudson_Bay_Coast,north_america,63.00089263916016,-97.51946258544922,518164.71875,0,63.00089263916016,5.714467839036101,low,0.9409666258094572,0.6874659718255918,511.1988586778074,1,C_Canadian_South_Arctic_Ocean_Coast,1,0.8739327368325863,0.3791595331152763,0.8255629650104961,-0.015460334105073414,0.9172335703568545,0.3616778435381187,84,-0.013898651852388033,0.8050523371465639,0.4230896709059509,84,-0.015460334105073414,0.9172335703568545,0.3616778435381187,84,-0.005694047959255322,0.26888037026611245,0.7886889745949641,84,-1.9776605191156,300-600,low_corr,N_high
C_Banks_Island,north_america,72.93749237060547,-121.17345428466795,86098.78125,1,72.93749237060547,4.934997003949056,glaciated,0.8364752622629978,0.9177877526542684,433.27342847213174,1,C_Melville_Prince_Patrick_Islands,1,0.9811754931609229,0.06751337281429629,0.9398851687866598,-0.011146910238800434,0.871800119196643,0.38583229583534356,84,-0.010372085688676869,0.8138983758422572,0.41803205678309274,84,-0.011146910238800434,0.871800119196643,0.38583229583534356,84,-0.0173381698026267,1.4853926779838538,0.141228238292748,84,4.979007253745222,300-600,high_corr,N_high
C_Victoria_Island,north_america,70.7026596069336,-109.69364166259766,350294.0,0,70.7026596069336,5.54443269858173,sub_noise,0.6352690724069525,0.8512006922431666,412.9586609119201,1,C_Prince_of_Wales_Island,1,0.9491223928415742,-0.3370234509925677,0.8958234066353359,-0.011633003317815804,0.586191383611861,0.5593377042988485,84,-0.01151681989424258,0.586937509637035,0.5588388323386261,84,-0.011633003317815804,0.586191383611861,0.5593377042988485,84,-0.03809191171723514,2.0923445657264734,0.03946262680267067,84,-2.6870726819277517,300-600,high_corr,N_high
C_Prince_of_Wales_Island,north_america,72.47266387939453,-99.33260345458984,79544.0859375,0,72.47266387939453,4.9006078956081405,low,0.4616237950577925,0.8892583634841638,630.6008327117313,2,C_Melville_Prince_Patrick_Islands,0,0.9715708670006009,-0.28767224074959047,0.9214917285654233,0.02463399161069124,-1.2613092373690415,0.2107310273267565,84,0.02455085127676182,-1.2736042589326366,0.20635885027106818,84,0.02463399161069124,-1.2613092373690415,0.2107310273267565,84,0.007725589092795526,-0.3838700754749102,0.702056359059458,84,3.748734864903668,600-1000,high_corr,N_high
C_Somerset_Island,north_america,73.13370513916016,-92.79403686523438,55200.7421875,0,73.13370513916016,4.741944916964142,sub_noise,0.5228889007267962,0.5915217851464625,7662.291757351239,2,C_Hub_Porali_Basin,0,0.9451191620484239,-0.5810471158337787,0.30784414847363,-0.014981606864430619,0.6528552516167585,0.5156538717282624,84,-0.01502864465518483,0.6726620819658693,0.5030307525732838,84,-0.014981606864430619,0.6528552516167585,0.5156538717282624,84,0.0035634585433278465,-0.15240003897421409,0.8792412887549556,84,3.986128667613458,>1000,low_corr,N_high
C_Southhampton_Coats_Islands,north_america,63.977989196777344,-83.69200897216797,80740.9296875,0,63.977989196777344,4.907093745765732,sub_noise,0.6192579375836414,0.6174138653179501,826.5091419429139,1,C_Canadian_South_Arctic_Ocean_Coast,1,0.7593062443865761,0.023651342546200917,0.8456114811062487,0.010321060917622304,-0.9506147930092845,0.344559908625347,84,0.01043452933365241,-0.9633493651434006,0.338170571672761,84,0.010321060917622304,-0.9506147930092845,0.344559908625347,84,0.009955486281289727,-0.8016342866361821,0.4250536292058828,84,1.8901812446206996,600-1000,low_corr,N_high
C_North_Baffin_Island_Coast,north_america,70.57732391357422,-76.80683135986328,279272.1875,0,70.57732391357422,5.446027686804772,high,0.8121504773893439,0.8890003281259637,805.2080066936711,1,C_Ellef_Ringnes_Bathurst_Devon_Islands,1,0.9809879216827528,0.18822892698875435,0.8103149978542941,0.011609915613974398,-0.3528861553917627,0.7250684015375316,84,0.013191109299471093,-0.40923786481321023,0.6834192506803184,84,0.011609915613974398,-0.3528861553917627,0.7250684015375316,84,0.005068362104138746,-0.19723430861641617,0.8441263852945964,84,-0.7714104070890628,600-1000,high_corr,N_high
C_South_Baffin_Island_Coast,north_america,66.51454162597656,-72.35203552246094,377717.78125,0,66.51454162597656,5.577167429934721,low,0.7966189124114954,0.627873601228953,486.43363513534706,1,C_North_Baffin_Island_Coast,1,0.7710525526116857,7.43974988738851,0.8388491726953837,0.04088999263640325,-1.0385707600070806,0.3020205384883471,84,0.04302742949107452,-1.0982454887863544,0.2752730251214403,84,0.04088999263640325,-1.0385707600070806,0.3020205384883471,84,0.06179749795363976,-1.3786017439644296,0.17172202579392884,84,1.9733843848257748,300-600,low_corr,N_high
C_Melville_Prince_Patrick_Islands,north_america,76.13394927978516,-112.76529693603516,142082.484375,0,76.13394927978516,5.15254054233177,mid,0.4384187455271299,0.9177877526542684,433.27342847213174,1,C_Banks_Island,1,0.9657105295431079,-0.13061080537145492,0.9398851687866598,0.010149381821551673,-0.44732408140463314,0.6558063022994118,84,0.011493990612274851,-0.5113280764021625,0.6104789513851889,84,0.010149381821551673,-0.44732408140463314,0.6558063022994118,84,-0.0004908425862144572,0.02650456617449894,0.9789185140552418,84,4.300263044830464,300-600,high_corr,N_high
C_Ellef_Ringnes_Bathurst_Devon_Islands,north_america,75.89405822753906,-94.1245574951172,225847.578125,0,75.89405822753906,5.353815437768398,high,0.4381912558951329,0.8890003281259637,805.2080066936711,1,C_North_Baffin_Island_Coast,1,0.9821514440109789,0.02325854385434738,0.8103149978542934,0.08813914851658966,-2.9699917404750056,0.0038931767656798246,84,0.09042266348019778,-2.9754188221840163,0.003831553674191894,84,0.08813914851658966,-2.9699917404750056,0.0038931767656798246,84,0.08301925167829394,-2.5834648234943915,0.011533507189220702,84,2.72964429657282,600-1000,high_corr,N_high
C_Ellesmere_Island,north_america,79.81450653076172,-82.18451690673828,332661.71875,0,79.81450653076172,5.522002827042,high,0.7526514185489707,0.8636365861148366,515.5612763301215,1,C_Ellef_Ringnes_Bathurst_Devon_Islands,1,0.9755425454176532,6.747895336845419,0.7777079059605146,0.0747098475220287,-1.0955876921763472,0.27642814470092564,84,0.08039896508254951,-1.1728446756440334,0.24421315555664444,84,0.0747098475220287,-1.0955876921763472,0.27642814470092564,84,-0.09715556784431456,1.5635576335351702,0.12172646718441996,84,0.556120585523153,300-600,high_corr,N_high
