name,dm_stat,p,a_better,bh_threshold,significant,model,vs,horizon
E_Salinas_Grande_Mar_Chiquita,13.336939498422666,2.5644841180891064e-19,False,0.0014925373134328358,True,li_lstm_full,kalman_corr_top1,1
R_Saint_Lawrence_River,7.52494266193915,3.843223811970118e-10,False,0.0029850746268656717,True,li_lstm_full,kalman_corr_top1,1
C_East_Caspian_Sea_Coast,6.885930156081506,4.5551959430523385e-09,False,0.004477611940298508,True,li_lstm_full,kalman_corr_top1,1
R_Tigris_Euphrates_River,6.685259347545713,9.881501783274794e-09,False,0.005970149253731343,True,li_lstm_full,kalman_corr_top1,1
R_Ob_River,6.260768316983645,5.045055186905422e-08,False,0.007462686567164179,True,li_lstm_full,kalman_corr_top1,1
R_Orange_River,5.679072295334378,4.5793059923837384e-07,False,0.008955223880597015,True,li_lstm_full,kalman_corr_top1,1
R_Parana_River,4.999670277463169,5.625131792649875e-06,False,0.010447761194029851,True,li_lstm_full,kalman_corr_top1,1
E_Syr_Darya,4.7138824560509205,1.5667362178126954e-05,False,0.011940298507462687,True,li_lstm_full,kalman_corr_top1,1
C_North_Vietnam_South_China_Coast,4.526495305994034,3.0294977194192123e-05,False,0.013432835820895522,True,li_lstm_full,kalman_corr_top1,1
R_Mississippi_River,4.340961789167118,5.758096203806426e-05,False,0.014925373134328358,True,li_lstm_full,kalman_corr_top1,1
R_Dnieper_River,4.240679175963518,8.108920305243948e-05,False,0.016417910447761194,True,li_lstm_full,kalman_corr_top1,1
C_Thar_Desert_Sabarmati_River_Gulf_of_Cambay_Luni_Delta,4.122854415281605,0.00012069388775796288,False,0.01791044776119403,True,li_lstm_full,kalman_corr_top1,1
C_West_Australia_Coast,3.858775984125776,0.00028874543271216805,False,0.019402985074626868,True,li_lstm_full,kalman_corr_top1,1
E_Central_Iran,3.7846928014515497,0.0003669432695862559,False,0.020895522388059702,True,li_lstm_full,kalman_corr_top1,1
R_Mackenzie_River,3.721475356977372,0.0004493833873702253,False,0.02238805970149254,True,li_lstm_full,kalman_corr_top1,1
C_Deccan_Plateau_East_Indian_Subcontinent_Coast,3.601591245912586,0.0006568157444907071,False,0.023880597014925373,True,li_lstm_full,kalman_corr_top1,1
C_North_East_Siberian_Sea_Coast,3.476525489915068,0.0009690984066186546,False,0.02537313432835821,True,li_lstm_full,kalman_corr_top1,1
R_Saskatchewan_Nelson_Rivers,3.4598625507514824,0.0010200786909554016,False,0.026865671641791045,True,li_lstm_full,kalman_corr_top1,1
C_Kamchatka_Peninsula,-3.417965518466644,0.0011597468875530327,True,0.028358208955223882,True,li_lstm_full,kalman_corr_top1,1
C_North_Siberia_Coast,-3.1988674429685036,0.002236984296607764,True,0.029850746268656716,True,li_lstm_full,kalman_corr_top1,1
E_Libyian_Desert,-2.8224858462691627,0.0065173606948382016,True,0.03134328358208956,True,li_lstm_full,kalman_corr_top1,1
C_South_Gulf_of_Aden_Coast,2.694327839653977,0.009209995980632033,False,0.03283582089552239,True,li_lstm_full,kalman_corr_top1,1
R_Zambezi_River,2.5408587207669067,0.013755929476688945,False,0.034328358208955224,True,li_lstm_full,kalman_corr_top1,1
E_Lower_Lake_Chad,2.5378549887630864,0.013862371002626231,False,0.03582089552238806,True,li_lstm_full,kalman_corr_top1,1
R_Rio_Grande_Rio_Bravo,2.509880951088839,0.014890077289450203,False,0.0373134328358209,True,li_lstm_full,kalman_corr_top1,1
R_Yukon_River,2.2098684963407185,0.031075065325581422,False,0.038805970149253737,True,li_lstm_full,kalman_corr_top1,1
R_Orinoco_River,2.1346057011589763,0.03703065743452295,False,0.04029850746268657,True,li_lstm_full,kalman_corr_top1,1
R_Volga_River,2.0552549455436826,0.044366797311752575,False,0.041791044776119404,False,li_lstm_full,kalman_corr_top1,1
C_Uruguay_South_Brazil_Coast,1.986780624799989,0.05167747944290711,False,0.04328358208955224,False,li_lstm_full,kalman_corr_top1,1
R_Nile_River,1.863603109398089,0.06744234618911496,False,0.04477611940298508,False,li_lstm_full,kalman_corr_top1,1
C_Papua_New_Guinea_Island,1.856606529645151,0.06844835911682819,False,0.046268656716417916,False,li_lstm_full,kalman_corr_top1,1
R_Lena_River,1.7252583312255623,0.08980604232417876,False,0.04776119402985075,False,li_lstm_full,kalman_corr_top1,1
C_North_West_Africa_Coast,1.6108897295107285,0.1126331483855582,False,0.049253731343283584,False,li_lstm_full,kalman_corr_top1,1
C_Northwest_Hudson_Bay_Coast,1.508110339234251,0.13695447402116934,False,0.05074626865671642,False,li_lstm_full,kalman_corr_top1,1
E_Sahara,-1.4944031024403879,0.14049129574758754,True,0.05223880597014925,False,li_lstm_full,kalman_corr_top1,1
C_West_Continental_Europe,1.4761549663397273,0.14531116235043054,False,0.05373134328358209,False,li_lstm_full,kalman_corr_top1,1
R_Ganges_Bramaputra_Basin,1.2700892607898508,0.209124601740668,False,0.055223880597014934,False,li_lstm_full,kalman_corr_top1,1
R_Yangtze_River,1.1850961543494936,0.240812547176777,False,0.056716417910447764,False,li_lstm_full,kalman_corr_top1,1
E_Tarim_He_Lop_Nur,-1.1802992586933205,0.24269931643777448,True,0.0582089552238806,False,li_lstm_full,kalman_corr_top1,1
R_Congo_River,1.1324471833799916,0.2621064984799277,False,0.05970149253731343,False,li_lstm_full,kalman_corr_top1,1
E_Australia_Northwest_Plateau,1.0910635492118006,0.27975680208115744,False,0.06119402985074627,False,li_lstm_full,kalman_corr_top1,1
R_Murray_Darling_River,0.9179534274562493,0.3624448485231666,False,0.06268656716417911,False,li_lstm_full,kalman_corr_top1,1
R_Amur_River,-0.9138539808102641,0.36457700744080285,True,0.06417910447761194,False,li_lstm_full,kalman_corr_top1,1
E_South_Interior_Africa,0.8906680812378611,0.3767870997727347,False,0.06567164179104477,False,li_lstm_full,kalman_corr_top1,1
C_East_Central_Africa_Coast,0.8791178298853649,0.3829651397678765,False,0.06716417910447763,False,li_lstm_full,kalman_corr_top1,1
C_Irrawaddy_Sittang_Salween_Basin,-0.8384611949243784,0.4052140197380605,True,0.06865671641791045,False,li_lstm_full,kalman_corr_top1,1
R_Niger_River,0.8365104730469218,0.406301105012289,False,0.07014925373134329,False,li_lstm_full,kalman_corr_top1,1
C_Southwest_Hudson_Bay_Coast,0.6638552296824082,0.5094133703836241,False,0.07164179104477612,False,li_lstm_full,kalman_corr_top1,1
C_Iberian_Atlantic_Coast,0.6251669202231933,0.534313551171074,False,0.07313432835820896,False,li_lstm_full,kalman_corr_top1,1
R_Limpopo_River,-0.5895916833167275,0.5577542719049655,True,0.0746268656716418,False,li_lstm_full,kalman_corr_top1,1
E_Upper_Lake_Chad,-0.5894629777613073,0.5578400004628422,True,0.07611940298507464,False,li_lstm_full,kalman_corr_top1,1
E_Egyptian_Western_Desert,-0.5450589196556301,0.5878029044172338,True,0.07761194029850747,False,li_lstm_full,kalman_corr_top1,1
R_Yellow_River_Huang_He,-0.511153172021433,0.6111842010898367,True,0.0791044776119403,False,li_lstm_full,kalman_corr_top1,1
E_Rub_al_Khali_Desert,0.5095909681688499,0.6122716203766762,False,0.08059701492537313,False,li_lstm_full,kalman_corr_top1,1
E_Lake_Eyre_Basin,0.4984219723177542,0.6200715706720027,False,0.08208955223880599,False,li_lstm_full,kalman_corr_top1,1
R_Yenisey_River,0.46053401582090775,0.6468550558235948,False,0.08358208955223881,False,li_lstm_full,kalman_corr_top1,1
C_East_Hudson_Bay_Coast,-0.45071638036255546,0.6538744532534487,True,0.08507462686567165,False,li_lstm_full,kalman_corr_top1,1
C_East_Barents_Sea_Coast,-0.41393314029838296,0.6804498036361658,True,0.08656716417910448,False,li_lstm_full,kalman_corr_top1,1
R_Indus_River,-0.41354184758010254,0.6807347832430597,True,0.08805970149253732,False,li_lstm_full,kalman_corr_top1,1
R_Amazon_River,0.3980500524056987,0.692054709828158,False,0.08955223880597016,False,li_lstm_full,kalman_corr_top1,1
R_Danube_River,-0.3767572969577317,0.7077288658603254,True,0.09104477611940298,False,li_lstm_full,kalman_corr_top1,1
R_Mekong_River,0.2986950345432767,0.7662403231676269,False,0.09253731343283583,False,li_lstm_full,kalman_corr_top1,1
C_Borneo,0.2976441119948619,0.7670383464712939,False,0.09402985074626867,False,li_lstm_full,kalman_corr_top1,1
E_North_Central_Arabia,0.2800602248790128,0.7804277416505476,False,0.0955223880597015,False,li_lstm_full,kalman_corr_top1,1
R_Shebelli_Juba_Rivers,-0.19591411048234983,0.8453621833364603,True,0.09701492537313433,False,li_lstm_full,kalman_corr_top1,1
C_East_Ob_Bay_Coast,-0.12520288974238877,0.9007958923184468,True,0.09850746268656717,False,li_lstm_full,kalman_corr_top1,1
C_Madagascar,0.10402182498547359,0.9175108986250728,False,0.1,False,li_lstm_full,kalman_corr_top1,1
E_Salinas_Grande_Mar_Chiquita,13.66111344343363,8.86609170478223e-20,False,0.0014925373134328358,True,li_lstm_full,kalman_corr_top1,2
R_Saint_Lawrence_River,7.721512716082926,1.7963027742644945e-10,False,0.0029850746268656717,True,li_lstm_full,kalman_corr_top1,2
C_East_Caspian_Sea_Coast,6.3592342221034635,3.4605583586439266e-08,False,0.004477611940298508,True,li_lstm_full,kalman_corr_top1,2
R_Orange_River,5.55578603142687,7.265219195456369e-07,False,0.005970149253731343,True,li_lstm_full,kalman_corr_top1,2
R_Tigris_Euphrates_River,5.257319548078641,2.196449464938799e-06,False,0.007462686567164179,True,li_lstm_full,kalman_corr_top1,2
R_Ob_River,5.196385662392725,2.7471497969499823e-06,False,0.008955223880597015,True,li_lstm_full,kalman_corr_top1,2
R_Parana_River,4.394855212995938,4.7836786932236395e-05,False,0.010447761194029851,True,li_lstm_full,kalman_corr_top1,2
E_Syr_Darya,3.962402038406125,0.0002057215563453301,False,0.011940298507462687,True,li_lstm_full,kalman_corr_top1,2
C_Deccan_Plateau_East_Indian_Subcontinent_Coast,3.9491734280697357,0.0002148720745143666,False,0.013432835820895522,True,li_lstm_full,kalman_corr_top1,2
C_North_Vietnam_South_China_Coast,3.6040107273388835,0.0006518455456771537,False,0.014925373134328358,True,li_lstm_full,kalman_corr_top1,2
C_Kamchatka_Peninsula,-3.2986300274844216,0.0016636278975314617,True,0.016417910447761194,True,li_lstm_full,kalman_corr_top1,2
C_North_East_Siberian_Sea_Coast,3.273386803611238,0.0017939340149499203,False,0.01791044776119403,True,li_lstm_full,kalman_corr_top1,2
C_North_Siberia_Coast,-3.2480857357659074,0.0019341526775556411,True,0.019402985074626868,True,li_lstm_full,kalman_corr_top1,2
C_West_Australia_Coast,3.224837655185792,0.0020720370891588323,False,0.020895522388059702,True,li_lstm_full,kalman_corr_top1,2
C_Iberian_Atlantic_Coast,-3.2053264909073986,0.0021948440973108617,True,0.02238805970149254,True,li_lstm_full,kalman_corr_top1,2
E_Central_Iran,3.176732566031537,0.0023872367947155347,False,0.023880597014925373,True,li_lstm_full,kalman_corr_top1,2
E_Libyian_Desert,-3.138702014350648,0.002667732092632905,True,0.02537313432835821,True,li_lstm_full,kalman_corr_top1,2
R_Dnieper_River,3.0351510601404867,0.0035959507060030088,False,0.026865671641791045,True,li_lstm_full,kalman_corr_top1,2
C_Southwest_Hudson_Bay_Coast,-3.0254282516097293,0.0036970877797038357,True,0.028358208955223882,True,li_lstm_full,kalman_corr_top1,2
R_Indus_River,-2.8281604370065003,0.006416900779723949,True,0.029850746268656716,True,li_lstm_full,kalman_corr_top1,2
R_Yellow_River_Huang_He,-2.6546420681758147,0.010230785319263951,True,0.03134328358208956,True,li_lstm_full,kalman_corr_top1,2
C_Madagascar,-2.6139496387317713,0.01138381690497307,True,0.03283582089552239,True,li_lstm_full,kalman_corr_top1,2
E_Egyptian_Western_Desert,-2.474903560649707,0.016271731819659394,True,0.034328358208955224,True,li_lstm_full,kalman_corr_top1,2
C_East_Central_Africa_Coast,-2.3603133334601942,0.021643754758066024,True,0.03582089552238806,True,li_lstm_full,kalman_corr_top1,2
E_Sahara,-2.3366185536163386,0.022934906702400084,True,0.0373134328358209,True,li_lstm_full,kalman_corr_top1,2
C_Irrawaddy_Sittang_Salween_Basin,-2.297817923779965,0.025197831686380658,True,0.038805970149253737,True,li_lstm_full,kalman_corr_top1,2
R_Limpopo_River,-2.2510932994178328,0.02818443699480463,True,0.04029850746268657,True,li_lstm_full,kalman_corr_top1,2
E_Tarim_He_Lop_Nur,-2.1952335051265446,0.0321623499093519,True,0.041791044776119404,True,li_lstm_full,kalman_corr_top1,2
C_West_Continental_Europe,-2.1869379677084684,0.03279339232887764,True,0.04328358208955224,True,li_lstm_full,kalman_corr_top1,2
C_Thar_Desert_Sabarmati_River_Gulf_of_Cambay_Luni_Delta,2.119754930402863,0.03831710765799664,False,0.04477611940298508,True,li_lstm_full,kalman_corr_top1,2
R_Mekong_River,-2.1115391207996077,0.039045417373615124,True,0.046268656716417916,True,li_lstm_full,kalman_corr_top1,2
R_Danube_River,-2.0908246224557927,0.040935475361235395,True,0.04776119402985075,True,li_lstm_full,kalman_corr_top1,2
R_Mackenzie_River,2.0492159326871957,0.044973452614215835,False,0.049253731343283584,True,li_lstm_full,kalman_corr_top1,2
R_Yukon_River,1.9538659019566533,0.05554518133300553,False,0.05074626865671642,False,li_lstm_full,kalman_corr_top1,2
R_Shebelli_Juba_Rivers,-1.9210347640420773,0.059646934475814366,True,0.05223880597014925,False,li_lstm_full,kalman_corr_top1,2
R_Amazon_River,-1.8562822240217054,0.06849529514946731,True,0.05373134328358209,False,li_lstm_full,kalman_corr_top1,2
R_Amur_River,-1.743834585832736,0.08648620161312652,True,0.055223880597014934,False,li_lstm_full,kalman_corr_top1,2
C_East_Hudson_Bay_Coast,-1.6111638557420656,0.1125732833586279,True,0.056716417910447764,False,li_lstm_full,kalman_corr_top1,2
E_Upper_Lake_Chad,-1.5652810821768006,0.12295726827445982,True,0.0582089552238806,False,li_lstm_full,kalman_corr_top1,2
R_Ganges_Bramaputra_Basin,-1.5238409446914547,0.132982825771714,True,0.05970149253731343,False,li_lstm_full,kalman_corr_top1,2
C_East_Barents_Sea_Coast,-1.5199254986344959,0.1339627412139413,True,0.06119402985074627,False,li_lstm_full,kalman_corr_top1,2
R_Murray_Darling_River,-1.5064403615509547,0.13738156478232277,True,0.06268656716417911,False,li_lstm_full,kalman_corr_top1,2
E_North_Central_Arabia,-1.377705300138882,0.17358716920613576,True,0.06417910447761194,False,li_lstm_full,kalman_corr_top1,2
C_Northwest_Hudson_Bay_Coast,-1.346118756442072,0.1835021297672616,True,0.06567164179104477,False,li_lstm_full,kalman_corr_top1,2
R_Niger_River,-1.3186741576934917,0.19246142766076213,True,0.06716417910447763,False,li_lstm_full,kalman_corr_top1,2
R_Yenisey_River,-1.3139694517369518,0.1940298673643367,True,0.06865671641791045,False,li_lstm_full,kalman_corr_top1,2
C_Borneo,-1.2027024670751694,0.23397833278898839,True,0.07014925373134329,False,li_lstm_full,kalman_corr_top1,2
E_Lake_Eyre_Basin,-1.1987662573528381,0.2354938740106053,True,0.07164179104477612,False,li_lstm_full,kalman_corr_top1,2
R_Rio_Grande_Rio_Bravo,-1.1508343308939946,0.25452291240273545,True,0.07313432835820896,False,li_lstm_full,kalman_corr_top1,2
E_South_Interior_Africa,-1.1448730051258569,0.2569642545165381,True,0.0746268656716418,False,li_lstm_full,kalman_corr_top1,2
C_East_Ob_Bay_Coast,-1.0796155136332455,0.2847826039976972,True,0.07611940298507464,False,li_lstm_full,kalman_corr_top1,2
C_Uruguay_South_Brazil_Coast,1.0701394457813769,0.28898983281063306,False,0.07761194029850747,False,li_lstm_full,kalman_corr_top1,2
R_Mississippi_River,0.9024767283336018,0.37053644515524714,False,0.0791044776119403,False,li_lstm_full,kalman_corr_top1,2
E_Rub_al_Khali_Desert,-0.8262436393139825,0.4120519210367839,True,0.08059701492537313,False,li_lstm_full,kalman_corr_top1,2
E_Australia_Northwest_Plateau,-0.7807632079659007,0.43811687925010334,True,0.08208955223880599,False,li_lstm_full,kalman_corr_top1,2
R_Congo_River,-0.7582617628839513,0.45136449363062386,True,0.08358208955223881,False,li_lstm_full,kalman_corr_top1,2
R_Yangtze_River,-0.6898478547508039,0.4930409442024093,True,0.08507462686567165,False,li_lstm_full,kalman_corr_top1,2
C_South_Gulf_of_Aden_Coast,0.6200977342037797,0.537622255506885,False,0.08656716417910448,False,li_lstm_full,kalman_corr_top1,2
R_Nile_River,-0.6125648574044937,0.5425584624335243,True,0.08805970149253732,False,li_lstm_full,kalman_corr_top1,2
R_Zambezi_River,0.537302359340923,0.593114262353616,False,0.08955223880597016,False,li_lstm_full,kalman_corr_top1,2
R_Saskatchewan_Nelson_Rivers,0.5165856121383503,0.6074096420468253,False,0.09104477611940298,False,li_lstm_full,kalman_corr_top1,2
R_Volga_River,-0.46235784449771056,0.6455545765270991,True,0.09253731343283583,False,li_lstm_full,kalman_corr_top1,2
E_Lower_Lake_Chad,-0.3424367570099612,0.7332601090247193,True,0.09402985074626867,False,li_lstm_full,kalman_corr_top1,2
C_Papua_New_Guinea_Island,0.22281561331376704,0.824461849087158,False,0.0955223880597015,False,li_lstm_full,kalman_corr_top1,2
C_North_West_Africa_Coast,0.21172566450530383,0.833063312033102,False,0.09701492537313433,False,li_lstm_full,kalman_corr_top1,2
R_Lena_River,0.028069437035250094,0.9777031306993892,False,0.09850746268656717,False,li_lstm_full,kalman_corr_top1,2
R_Orinoco_River,-0.009406439875778619,0.9925271379658529,True,0.1,False,li_lstm_full,kalman_corr_top1,2
E_Salinas_Grande_Mar_Chiquita,10.995573142196971,8.195276085328958e-16,False,0.0014925373134328358,True,li_lstm_full,kalman_corr_top1,3
R_Saint_Lawrence_River,6.294282205940607,4.4379585916907337e-08,False,0.0029850746268656717,True,li_lstm_full,kalman_corr_top1,3
C_East_Caspian_Sea_Coast,5.023008222508725,5.169027701443846e-06,False,0.004477611940298508,True,li_lstm_full,kalman_corr_top1,3
R_Orange_River,4.655917741242977,1.9233460716863714e-05,False,0.005970149253731343,True,li_lstm_full,kalman_corr_top1,3
R_Tigris_Euphrates_River,3.925120699826419,0.00023252371609957623,False,0.007462686567164179,True,li_lstm_full,kalman_corr_top1,3
C_Deccan_Plateau_East_Indian_Subcontinent_Coast,3.6756835721044627,0.0005198793273181432,False,0.008955223880597015,True,li_lstm_full,kalman_corr_top1,3
R_Ob_River,3.4780610818925406,0.0009645240534339633,False,0.010447761194029851,True,li_lstm_full,kalman_corr_top1,3
C_West_Australia_Coast,3.419280125033867,0.0011551015617365162,False,0.011940298507462687,True,li_lstm_full,kalman_corr_top1,3
C_West_Continental_Europe,-3.3820165692604416,0.0012938581433821893,True,0.013432835820895522,True,li_lstm_full,kalman_corr_top1,3
R_Indus_River,-3.33089418898276,0.0015100600429971028,True,0.014925373134328358,True,li_lstm_full,kalman_corr_top1,3
R_Parana_River,3.290020665657352,0.0017070317737421091,False,0.016417910447761194,True,li_lstm_full,kalman_corr_top1,3
C_North_Siberia_Coast,-3.258605356628923,0.0018746429972398221,True,0.01791044776119403,True,li_lstm_full,kalman_corr_top1,3
E_Syr_Darya,3.1258052144952777,0.0027696709273826448,False,0.019402985074626868,True,li_lstm_full,kalman_corr_top1,3
E_Libyian_Desert,-2.9261885880386966,0.004892336888883831,True,0.020895522388059702,True,li_lstm_full,kalman_corr_top1,3
C_North_East_Siberian_Sea_Coast,2.785807455542648,0.007202486595256822,False,0.02238805970149254,True,li_lstm_full,kalman_corr_top1,3
C_North_Vietnam_South_China_Coast,2.7273878680621095,0.008431776869633579,False,0.023880597014925373,True,li_lstm_full,kalman_corr_top1,3
C_Southwest_Hudson_Bay_Coast,-2.667626431778497,0.009885954758108294,True,0.02537313432835821,True,li_lstm_full,kalman_corr_top1,3
C_Iberian_Atlantic_Coast,-2.662503607108358,0.01002071466298306,True,0.026865671641791045,True,li_lstm_full,kalman_corr_top1,3
E_Central_Iran,2.6460211025398466,0.010465766123297852,False,0.028358208955223882,True,li_lstm_full,kalman_corr_top1,3
R_Saskatchewan_Nelson_Rivers,-2.6266478164465954,0.011011895011355044,True,0.029850746268656716,True,li_lstm_full,kalman_corr_top1,3
C_East_Central_Africa_Coast,-2.5980276363346957,0.011866315571253066,True,0.03134328358208956,True,li_lstm_full,kalman_corr_top1,3
E_Egyptian_Western_Desert,-2.5810069138405565,0.012402621210459376,True,0.03283582089552239,True,li_lstm_full,kalman_corr_top1,3
C_Madagascar,-2.5281767731165123,0.014210425907226218,True,0.034328358208955224,True,li_lstm_full,kalman_corr_top1,3
E_Tarim_He_Lop_Nur,-2.507555431828319,0.014978538443782207,True,0.03582089552238806,True,li_lstm_full,kalman_corr_top1,3
R_Yukon_River,2.437239342998243,0.017887817270342863,False,0.0373134328358209,True,li_lstm_full,kalman_corr_top1,3
C_Kamchatka_Peninsula,-2.398890772574169,0.01968008786537501,True,0.038805970149253737,True,li_lstm_full,kalman_corr_top1,3
R_Amazon_River,-2.3696376251780538,0.021153728307184254,True,0.04029850746268657,True,li_lstm_full,kalman_corr_top1,3
R_Shebelli_Juba_Rivers,-2.3528305912834457,0.022044306141430697,True,0.041791044776119404,True,li_lstm_full,kalman_corr_top1,3
R_Yellow_River_Huang_He,-2.280259997762515,0.026285482070941998,True,0.04328358208955224,True,li_lstm_full,kalman_corr_top1,3
E_Sahara,-2.2277816507098733,0.02978838368860253,True,0.04477611940298508,True,li_lstm_full,kalman_corr_top1,3
R_Ganges_Bramaputra_Basin,-2.223105585515126,0.030119646591425468,True,0.046268656716417916,True,li_lstm_full,kalman_corr_top1,3
C_Thar_Desert_Sabarmati_River_Gulf_of_Cambay_Luni_Delta,2.18107427588837,0.033245980716143084,False,0.04776119402985075,True,li_lstm_full,kalman_corr_top1,3
E_Lower_Lake_Chad,-2.1446623033415038,0.036181076358595236,True,0.049253731343283584,True,li_lstm_full,kalman_corr_top1,3
R_Rio_Grande_Rio_Bravo,-2.0796757963387877,0.04198528456315409,True,0.05074626865671642,True,li_lstm_full,kalman_corr_top1,3
C_Irrawaddy_Sittang_Salween_Basin,-2.046955803485726,0.04520233482248137,True,0.05223880597014925,True,li_lstm_full,kalman_corr_top1,3
C_Borneo,-2.0428873433600083,0.045616885508467944,True,0.05373134328358209,True,li_lstm_full,kalman_corr_top1,3
R_Mekong_River,-2.0367473875082056,0.04624873025911228,True,0.055223880597014934,True,li_lstm_full,kalman_corr_top1,3
E_South_Interior_Africa,-1.8885236673903296,0.06395995639913343,True,0.056716417910447764,False,li_lstm_full,kalman_corr_top1,3
R_Murray_Darling_River,-1.8708142136642822,0.06641857867493892,True,0.0582089552238806,False,li_lstm_full,kalman_corr_top1,3
C_East_Ob_Bay_Coast,-1.849503745165508,0.06948255850514765,True,0.05970149253731343,False,li_lstm_full,kalman_corr_top1,3
R_Yenisey_River,-1.8405250980027879,0.0708087015455188,True,0.06119402985074627,False,li_lstm_full,kalman_corr_top1,3
E_Upper_Lake_Chad,-1.7983792566966084,0.07732139979239873,True,0.06268656716417911,False,li_lstm_full,kalman_corr_top1,3
R_Niger_River,-1.7699514439465662,0.08199131435051502,True,0.06417910447761194,False,li_lstm_full,kalman_corr_top1,3
R_Yangtze_River,-1.735320801267646,0.0879948989827934,True,0.06567164179104477,False,li_lstm_full,kalman_corr_top1,3
R_Dnieper_River,1.6634281622652909,0.10162161222613572,False,0.06716417910447763,False,li_lstm_full,kalman_corr_top1,3
R_Limpopo_River,-1.654879130138863,0.10335106753859472,True,0.06865671641791045,False,li_lstm_full,kalman_corr_top1,3
C_East_Hudson_Bay_Coast,-1.5435736950342598,0.12813069890820686,True,0.07014925373134329,False,li_lstm_full,kalman_corr_top1,3
R_Nile_River,-1.4664861352108927,0.14791713739760368,True,0.07164179104477612,False,li_lstm_full,kalman_corr_top1,3
R_Amur_River,-1.4261671019787892,0.15918067551578566,True,0.07313432835820896,False,li_lstm_full,kalman_corr_top1,3
C_East_Barents_Sea_Coast,-1.3797508578802553,0.1729595099132079,True,0.0746268656716418,False,li_lstm_full,kalman_corr_top1,3
R_Danube_River,-1.2891246685474276,0.20247248029236561,True,0.07611940298507464,False,li_lstm_full,kalman_corr_top1,3
R_Congo_River,-1.25943046866431,0.212919681011662,True,0.07761194029850747,False,li_lstm_full,kalman_corr_top1,3
E_Rub_al_Khali_Desert,-1.2006174154094766,0.23478024531311328,True,0.0791044776119403,False,li_lstm_full,kalman_corr_top1,3
E_Lake_Eyre_Basin,-1.167634215096856,0.24773206247317345,True,0.08059701492537313,False,li_lstm_full,kalman_corr_top1,3
E_Australia_Northwest_Plateau,-1.1560979981052364,0.2523810834710383,True,0.08208955223880599,False,li_lstm_full,kalman_corr_top1,3
C_Northwest_Hudson_Bay_Coast,-1.139298088486229,0.25926239891405195,True,0.08358208955223881,False,li_lstm_full,kalman_corr_top1,3
R_Volga_River,-1.0210814859632422,0.31145608484408444,True,0.08507462686567165,False,li_lstm_full,kalman_corr_top1,3
E_North_Central_Arabia,-1.014317977124229,0.31464379777547175,True,0.08656716417910448,False,li_lstm_full,kalman_corr_top1,3
R_Mackenzie_River,-0.7488257224715473,0.45698841322772715,True,0.08805970149253732,False,li_lstm_full,kalman_corr_top1,3
C_Uruguay_South_Brazil_Coast,0.627539069303208,0.5327688577673763,False,0.08955223880597016,False,li_lstm_full,kalman_corr_top1,3
C_Papua_New_Guinea_Island,-0.6051655182203226,0.5474296296825344,True,0.09104477611940298,False,li_lstm_full,kalman_corr_top1,3
C_North_West_Africa_Coast,0.5124080111970845,0.6103113687868499,False,0.09253731343283583,False,li_lstm_full,kalman_corr_top1,3
R_Orinoco_River,-0.39631557463084577,0.6933265650777883,True,0.09402985074626867,False,li_lstm_full,kalman_corr_top1,3
R_Mississippi_River,-0.37736331068445245,0.7072809628354179,True,0.0955223880597015,False,li_lstm_full,kalman_corr_top1,3
R_Lena_River,-0.14734639841766675,0.8833696270424164,True,0.09701492537313433,False,li_lstm_full,kalman_corr_top1,3
C_South_Gulf_of_Aden_Coast,0.03573583327192926,0.9716157065864556,False,0.09850746268656717,False,li_lstm_full,kalman_corr_top1,3
R_Zambezi_River,0.030658446747323487,0.9756471866501624,False,0.1,False,li_lstm_full,kalman_corr_top1,3
E_Salinas_Grande_Mar_Chiquita,8.815741591114303,2.673958877770566e-12,False,0.0014925373134328358,True,li_lstm_full,kalman_corr_top1,4
R_Saint_Lawrence_River,6.2893811190142195,4.521983973361177e-08,False,0.0029850746268656717,True,li_lstm_full,kalman_corr_top1,4
C_East_Caspian_Sea_Coast,3.9207062333696494,0.00023591152027308736,False,0.004477611940298508,True,li_lstm_full,kalman_corr_top1,4
R_Saskatchewan_Nelson_Rivers,-3.439278412593544,0.0010865747169996436,True,0.005970149253731343,True,li_lstm_full,kalman_corr_top1,4
C_North_Siberia_Coast,-3.343895028193395,0.001452049771986092,True,0.007462686567164179,True,li_lstm_full,kalman_corr_top1,4
R_Orange_River,3.3123329072451684,0.001596686970553359,False,0.008955223880597015,True,li_lstm_full,kalman_corr_top1,4
E_Libyian_Desert,-3.1979880201671858,0.0022427803135695733,True,0.010447761194029851,True,li_lstm_full,kalman_corr_top1,4
R_Tigris_Euphrates_River,3.057981371812709,0.003368528674172247,False,0.011940298507462687,True,li_lstm_full,kalman_corr_top1,4
E_Egyptian_Western_Desert,-3.0121162702111497,0.003839866560131279,True,0.013432835820895522,True,li_lstm_full,kalman_corr_top1,4
R_Indus_River,-2.9815447688397585,0.004187439550539575,True,0.014925373134328358,True,li_lstm_full,kalman_corr_top1,4
R_Yenisey_River,-2.9425329883263345,0.004673516310643504,True,0.016417910447761194,True,li_lstm_full,kalman_corr_top1,4
C_Madagascar,-2.842260967311418,0.006173429199847075,True,0.01791044776119403,True,li_lstm_full,kalman_corr_top1,4
E_Lower_Lake_Chad,-2.838551380089629,0.006236641237820985,True,0.019402985074626868,True,li_lstm_full,kalman_corr_top1,4
E_Syr_Darya,2.8297402075364544,0.0063891887959829936,False,0.020895522388059702,True,li_lstm_full,kalman_corr_top1,4
R_Parana_River,2.7515999374352877,0.007900622577809062,False,0.02238805970149254,True,li_lstm_full,kalman_corr_top1,4
C_Thar_Desert_Sabarmati_River_Gulf_of_Cambay_Luni_Delta,2.716041105636229,0.008691805196084952,False,0.023880597014925373,True,li_lstm_full,kalman_corr_top1,4
C_Deccan_Plateau_East_Indian_Subcontinent_Coast,2.6261459329344157,0.011026382096394767,False,0.02537313432835821,True,li_lstm_full,kalman_corr_top1,4
C_West_Continental_Europe,-2.623075273130127,0.011115396937992373,True,0.026865671641791045,True,li_lstm_full,kalman_corr_top1,4
E_Sahara,-2.58735625931195,0.012200035683815032,True,0.028358208955223882,True,li_lstm_full,kalman_corr_top1,4
C_North_East_Siberian_Sea_Coast,2.5840295079267124,0.012305802557021073,False,0.029850746268656716,True,li_lstm_full,kalman_corr_top1,4
R_Ob_River,2.555469519865627,0.013248661828287888,False,0.03134328358208956,True,li_lstm_full,kalman_corr_top1,4
C_West_Australia_Coast,2.41405162344795,0.018953126013445412,False,0.03283582089552239,True,li_lstm_full,kalman_corr_top1,4
R_Shebelli_Juba_Rivers,-2.4020036523916635,0.01952881862454013,True,0.034328358208955224,True,li_lstm_full,kalman_corr_top1,4
R_Yukon_River,2.3818474852008618,0.020527057154855404,False,0.03582089552238806,True,li_lstm_full,kalman_corr_top1,4
C_Kamchatka_Peninsula,-2.2420562909529798,0.028796933360964165,True,0.0373134328358209,True,li_lstm_full,kalman_corr_top1,4
E_South_Interior_Africa,-2.174709873527188,0.033743413816063474,True,0.038805970149253737,True,li_lstm_full,kalman_corr_top1,4
R_Amazon_River,-2.1739064763568936,0.03380666814586433,True,0.04029850746268657,True,li_lstm_full,kalman_corr_top1,4
E_Upper_Lake_Chad,-2.1724489924700134,0.03392168662506666,True,0.041791044776119404,True,li_lstm_full,kalman_corr_top1,4
R_Mackenzie_River,-2.1231050658875814,0.03802354477250121,True,0.04328358208955224,True,li_lstm_full,kalman_corr_top1,4
R_Yangtze_River,-2.119232063109899,0.038363102929138145,True,0.04477611940298508,True,li_lstm_full,kalman_corr_top1,4
R_Ganges_Bramaputra_Basin,-2.0695942292321896,0.04295464437111433,True,0.046268656716417916,True,li_lstm_full,kalman_corr_top1,4
R_Rio_Grande_Rio_Bravo,-2.032473228683136,0.04669302194624625,True,0.04776119402985075,True,li_lstm_full,kalman_corr_top1,4
C_East_Central_Africa_Coast,-2.017134500227042,0.04831792828939767,True,0.049253731343283584,True,li_lstm_full,kalman_corr_top1,4
E_Central_Iran,1.9916551780442433,0.051124808938110756,False,0.05074626865671642,True,li_lstm_full,kalman_corr_top1,4
C_Northwest_Hudson_Bay_Coast,-1.9776605191156,0.052725288054915394,True,0.05223880597014925,True,li_lstm_full,kalman_corr_top1,4
C_Borneo,-1.9753526173162512,0.05299331348410705,True,0.05373134328358209,True,li_lstm_full,kalman_corr_top1,4
R_Nile_River,-1.9691339766057816,0.05372132826044167,True,0.055223880597014934,True,li_lstm_full,kalman_corr_top1,4
R_Murray_Darling_River,-1.9661180136252945,0.05407748047107117,True,0.056716417910447764,True,li_lstm_full,kalman_corr_top1,4
R_Niger_River,-1.9554777549988878,0.05535016980381844,True,0.0582089552238806,True,li_lstm_full,kalman_corr_top1,4
R_Limpopo_River,-1.9121216540444141,0.060804020588780566,True,0.05970149253731343,False,li_lstm_full,kalman_corr_top1,4
R_Congo_River,-1.8140086662509642,0.0748500386923515,True,0.06119402985074627,False,li_lstm_full,kalman_corr_top1,4
C_North_Vietnam_South_China_Coast,1.8023258960995383,0.07669099627621603,False,0.06268656716417911,False,li_lstm_full,kalman_corr_top1,4
C_Southwest_Hudson_Bay_Coast,-1.7566925748972406,0.08424836023670466,True,0.06417910447761194,False,li_lstm_full,kalman_corr_top1,4
R_Mekong_River,-1.7513411160613919,0.08517383439727413,True,0.06567164179104477,False,li_lstm_full,kalman_corr_top1,4
R_Yellow_River_Huang_He,-1.7341258941011166,0.08820837658223794,True,0.06716417910447763,False,li_lstm_full,kalman_corr_top1,4
C_Irrawaddy_Sittang_Salween_Basin,-1.7072602868717663,0.09312225363084989,True,0.06865671641791045,False,li_lstm_full,kalman_corr_top1,4
C_East_Ob_Bay_Coast,-1.7033339580819866,0.09385893575736445,True,0.07014925373134329,False,li_lstm_full,kalman_corr_top1,4
R_Danube_River,-1.62704705745294,0.10914835255031867,True,0.07164179104477612,False,li_lstm_full,kalman_corr_top1,4
E_Tarim_He_Lop_Nur,-1.569900396215361,0.12187825854880259,True,0.07313432835820896,False,li_lstm_full,kalman_corr_top1,4
E_Rub_al_Khali_Desert,-1.5614735598078622,0.1238523981007872,True,0.0746268656716418,False,li_lstm_full,kalman_corr_top1,4
C_Iberian_Atlantic_Coast,-1.5481102936576188,0.1270353927364764,True,0.07611940298507464,False,li_lstm_full,kalman_corr_top1,4
R_Volga_River,-1.4435029415065723,0.15425865003165384,True,0.07761194029850747,False,li_lstm_full,kalman_corr_top1,4
C_East_Hudson_Bay_Coast,-1.4187371246989309,0.16132717831022553,True,0.0791044776119403,False,li_lstm_full,kalman_corr_top1,4
E_Australia_Northwest_Plateau,-1.4137637831438363,0.16277645016373538,True,0.08059701492537313,False,li_lstm_full,kalman_corr_top1,4
R_Dnieper_River,1.357572644955632,0.17985814486048277,False,0.08208955223880599,False,li_lstm_full,kalman_corr_top1,4
R_Amur_River,-1.3079985879431781,0.19603425148674755,True,0.08358208955223881,False,li_lstm_full,kalman_corr_top1,4
E_North_Central_Arabia,-1.3022348362187013,0.1979838375836358,True,0.08507462686567165,False,li_lstm_full,kalman_corr_top1,4
C_East_Barents_Sea_Coast,-1.008476199941748,0.3174147418039195,True,0.08656716417910448,False,li_lstm_full,kalman_corr_top1,4
E_Lake_Eyre_Basin,-0.9884368910610101,0.3270444347368764,True,0.08805970149253732,False,li_lstm_full,kalman_corr_top1,4
C_Uruguay_South_Brazil_Coast,0.9681054267557323,0.3370114664458706,False,0.08955223880597016,False,li_lstm_full,kalman_corr_top1,4
C_Papua_New_Guinea_Island,-0.9007874863180179,0.3714265384321794,True,0.09104477611940298,False,li_lstm_full,kalman_corr_top1,4
R_Mississippi_River,-0.7954754872418222,0.4295805013948577,True,0.09253731343283583,False,li_lstm_full,kalman_corr_top1,4
C_South_Gulf_of_Aden_Coast,-0.5125624742145098,0.6102039677270887,True,0.09402985074626867,False,li_lstm_full,kalman_corr_top1,4
R_Zambezi_River,0.46833756162857637,0.6412985555792454,False,0.0955223880597015,False,li_lstm_full,kalman_corr_top1,4
R_Orinoco_River,-0.3542373404113862,0.7244456676653026,True,0.09701492537313433,False,li_lstm_full,kalman_corr_top1,4
R_Lena_River,-0.3046711495558766,0.7617071907299329,True,0.09850746268656717,False,li_lstm_full,kalman_corr_top1,4
C_North_West_Africa_Coast,-0.27924498964306604,0.7810501678158988,True,0.1,False,li_lstm_full,kalman_corr_top1,4
E_Salinas_Grande_Mar_Chiquita,9.519436223656198,1.8640662471046768e-13,False,0.0014925373134328358,True,li_lstm_full,kalman_corr_top1,5
R_Saint_Lawrence_River,6.015338684684238,1.2858273477991543e-07,False,0.0029850746268656717,True,li_lstm_full,kalman_corr_top1,5
C_Thar_Desert_Sabarmati_River_Gulf_of_Cambay_Luni_Delta,3.8148624881515873,0.00033291425873860966,False,0.004477611940298508,True,li_lstm_full,kalman_corr_top1,5
C_North_Siberia_Coast,-3.601997630679769,0.0006559784138022341,True,0.005970149253731343,True,li_lstm_full,kalman_corr_top1,5
R_Yenisey_River,-3.5232222614980278,0.0008388133930134494,True,0.007462686567164179,True,li_lstm_full,kalman_corr_top1,5
C_East_Caspian_Sea_Coast,3.4055759196550794,0.0012044056193671647,False,0.008955223880597015,True,li_lstm_full,kalman_corr_top1,5
E_Egyptian_Western_Desert,-3.362814873055747,0.001371381211569149,True,0.010447761194029851,True,li_lstm_full,kalman_corr_top1,5
E_Libyian_Desert,-3.3535353327702264,0.0014104016186174953,True,0.011940298507462687,True,li_lstm_full,kalman_corr_top1,5
R_Saskatchewan_Nelson_Rivers,-3.311328814472301,0.0016015044657449007,True,0.013432835820895522,True,li_lstm_full,kalman_corr_top1,5
C_Madagascar,-3.113908087010778,0.002866934145517968,True,0.014925373134328358,True,li_lstm_full,kalman_corr_top1,5
E_Lower_Lake_Chad,-3.1135968716253735,0.0028695208664530794,True,0.016417910447761194,True,li_lstm_full,kalman_corr_top1,5
C_West_Continental_Europe,-2.8698191417367065,0.005722046414587758,True,0.01791044776119403,True,li_lstm_full,kalman_corr_top1,5
E_Syr_Darya,2.828728359117473,0.006406925668427808,False,0.019402985074626868,True,li_lstm_full,kalman_corr_top1,5
R_Indus_River,-2.8034306008730003,0.0068654178957600785,True,0.020895522388059702,True,li_lstm_full,kalman_corr_top1,5
R_Orange_River,2.694668085583632,0.009201662321597635,False,0.02238805970149254,True,li_lstm_full,kalman_corr_top1,5
E_South_Interior_Africa,-2.5940465522643334,0.011989830452291255,True,0.023880597014925373,True,li_lstm_full,kalman_corr_top1,5
R_Yukon_River,2.5808674808712744,0.01240710413331312,False,0.02537313432835821,True,li_lstm_full,kalman_corr_top1,5
R_Limpopo_River,-2.5670783701082693,0.012857779301181196,True,0.026865671641791045,True,li_lstm_full,kalman_corr_top1,5
E_Upper_Lake_Chad,-2.5070668239576523,0.01499718502341397,True,0.028358208955223882,True,li_lstm_full,kalman_corr_top1,5
R_Nile_River,-2.4655370757843778,0.016660838219217416,True,0.029850746268656716,True,li_lstm_full,kalman_corr_top1,5
R_Ob_River,2.4140311216479313,0.01895409258868976,False,0.03134328358208956,True,li_lstm_full,kalman_corr_top1,5
R_Congo_River,-2.345832244114457,0.022424901122832068,True,0.03283582089552239,True,li_lstm_full,kalman_corr_top1,5
C_Kamchatka_Peninsula,-2.320603560122643,0.023846023779299345,True,0.034328358208955224,True,li_lstm_full,kalman_corr_top1,5
R_Mackenzie_River,-2.289700687029349,0.025695598576100317,True,0.03582089552238806,True,li_lstm_full,kalman_corr_top1,5
R_Danube_River,-2.269368507505648,0.02698090510457615,True,0.0373134328358209,True,li_lstm_full,kalman_corr_top1,5
R_Niger_River,-2.264784722735259,0.027278419768342284,True,0.038805970149253737,True,li_lstm_full,kalman_corr_top1,5
E_Sahara,-2.2622448691581547,0.027444518636906813,True,0.04029850746268657,True,li_lstm_full,kalman_corr_top1,5
R_Shebelli_Juba_Rivers,-2.2454085454668706,0.02856837084044385,True,0.041791044776119404,True,li_lstm_full,kalman_corr_top1,5
R_Parana_River,2.1492311115640055,0.035800768105119035,False,0.04328358208955224,True,li_lstm_full,kalman_corr_top1,5
C_East_Ob_Bay_Coast,-2.1398618454797744,0.03658446897960486,True,0.04477611940298508,True,li_lstm_full,kalman_corr_top1,5
R_Tigris_Euphrates_River,2.1250939812602847,0.03785019165402787,False,0.046268656716417916,True,li_lstm_full,kalman_corr_top1,5
R_Yangtze_River,-2.113072042555665,0.03890861949539265,True,0.04776119402985075,True,li_lstm_full,kalman_corr_top1,5
C_West_Australia_Coast,2.088688980840801,0.04113478912619691,False,0.049253731343283584,True,li_lstm_full,kalman_corr_top1,5
C_East_Central_Africa_Coast,-2.0428340778298906,0.04562233465877523,True,0.05074626865671642,True,li_lstm_full,kalman_corr_top1,5
R_Amazon_River,-2.006455479618958,0.04947777913730582,True,0.05223880597014925,True,li_lstm_full,kalman_corr_top1,5
C_Borneo,-1.9480822090133572,0.05624976874631769,True,0.05373134328358209,False,li_lstm_full,kalman_corr_top1,5
C_Irrawaddy_Sittang_Salween_Basin,-1.9436100216091465,0.056799805651812016,True,0.055223880597014934,False,li_lstm_full,kalman_corr_top1,5
C_North_East_Siberian_Sea_Coast,1.8999229489369371,0.062418521419470886,False,0.056716417910447764,False,li_lstm_full,kalman_corr_top1,5
C_Southwest_Hudson_Bay_Coast,-1.8893510633029287,0.06384699865974232,True,0.0582089552238806,False,li_lstm_full,kalman_corr_top1,5
E_Rub_al_Khali_Desert,-1.8310696277662233,0.07222822780995057,True,0.05970149253731343,False,li_lstm_full,kalman_corr_top1,5
R_Rio_Grande_Rio_Bravo,-1.816518215082624,0.07445945595718546,True,0.06119402985074627,False,li_lstm_full,kalman_corr_top1,5
C_Northwest_Hudson_Bay_Coast,-1.7279109099655352,0.08932564154338872,True,0.06268656716417911,False,li_lstm_full,kalman_corr_top1,5
R_Murray_Darling_River,-1.7278762232017362,0.0893319098324019,True,0.06417910447761194,False,li_lstm_full,kalman_corr_top1,5
E_North_Central_Arabia,-1.662732808345714,0.10176139227975343,True,0.06567164179104477,False,li_lstm_full,kalman_corr_top1,5
E_Central_Iran,1.6320263929462464,0.10809221897054602,False,0.06716417910447763,False,li_lstm_full,kalman_corr_top1,5
R_Ganges_Bramaputra_Basin,-1.6110980901885166,0.11258764321482657,True,0.06865671641791045,False,li_lstm_full,kalman_corr_top1,5
R_Mekong_River,-1.599073223441582,0.11523826294623458,True,0.07014925373134329,False,li_lstm_full,kalman_corr_top1,5
C_East_Hudson_Bay_Coast,-1.5496758700464013,0.12665914321609756,True,0.07164179104477612,False,li_lstm_full,kalman_corr_top1,5
R_Yellow_River_Huang_He,-1.4897515290031897,0.14170777047342656,True,0.07313432835820896,False,li_lstm_full,kalman_corr_top1,5
C_North_Vietnam_South_China_Coast,1.372881300298131,0.17507427950266397,False,0.0746268656716418,False,li_lstm_full,kalman_corr_top1,5
E_Australia_Northwest_Plateau,-1.3487657597651466,0.18265505491165798,True,0.07611940298507464,False,li_lstm_full,kalman_corr_top1,5
R_Amur_River,-1.333513867299302,0.18757685788379752,True,0.07761194029850747,False,li_lstm_full,kalman_corr_top1,5
R_Mississippi_River,-1.2544889710550933,0.21469632080986983,True,0.0791044776119403,False,li_lstm_full,kalman_corr_top1,5
C_Uruguay_South_Brazil_Coast,1.2520459213972133,0.21557872196514338,False,0.08059701492537313,False,li_lstm_full,kalman_corr_top1,5
C_Deccan_Plateau_East_Indian_Subcontinent_Coast,1.2313161300882207,0.2231741397400376,False,0.08208955223880599,False,li_lstm_full,kalman_corr_top1,5
E_Tarim_He_Lop_Nur,-1.1863883198677316,0.24030611498444415,True,0.08358208955223881,False,li_lstm_full,kalman_corr_top1,5
C_East_Barents_Sea_Coast,-1.1254584840279296,0.26503051722552995,True,0.08507462686567165,False,li_lstm_full,kalman_corr_top1,5
R_Lena_River,-1.096921460922048,0.2772091804758291,True,0.08656716417910448,False,li_lstm_full,kalman_corr_top1,5
C_Papua_New_Guinea_Island,-1.0307817965248542,0.3069224917751503,True,0.08805970149253732,False,li_lstm_full,kalman_corr_top1,5
R_Volga_River,-0.8674258162994674,0.38928347116861634,True,0.08955223880597016,False,li_lstm_full,kalman_corr_top1,5
C_South_Gulf_of_Aden_Coast,-0.8590648520364802,0.3938413871073601,True,0.09104477611940298,False,li_lstm_full,kalman_corr_top1,5
C_Iberian_Atlantic_Coast,-0.8431790269889743,0.40259228117781726,True,0.09253731343283583,False,li_lstm_full,kalman_corr_top1,5
E_Lake_Eyre_Basin,-0.7152433708923321,0.4773280755105783,True,0.09402985074626867,False,li_lstm_full,kalman_corr_top1,5
C_North_West_Africa_Coast,-0.659357303288118,0.5122759281469812,True,0.0955223880597015,False,li_lstm_full,kalman_corr_top1,5
R_Orinoco_River,-0.4619391065710757,0.6458530590740992,True,0.09701492537313433,False,li_lstm_full,kalman_corr_top1,5
R_Zambezi_River,0.38351755487565087,0.7027382896962756,False,0.09850746268656717,False,li_lstm_full,kalman_corr_top1,5
R_Dnieper_River,-0.2189473690641749,0.8274596954729733,True,0.1,False,li_lstm_full,kalman_corr_top1,5
E_Salinas_Grande_Mar_Chiquita,8.223318512432241,2.5896630432353556e-11,False,0.0014925373134328358,True,li_lstm_full,kalman_corr_top1,6
R_Saint_Lawrence_River,5.582039390912647,6.586484146726095e-07,False,0.0029850746268656717,True,li_lstm_full,kalman_corr_top1,6
C_Thar_Desert_Sabarmati_River_Gulf_of_Cambay_Luni_Delta,4.139556921502125,0.00011411271511185425,False,0.004477611940298508,True,li_lstm_full,kalman_corr_top1,6
R_Yenisey_River,-3.9010043882862204,0.00025161915365468567,True,0.005970149253731343,True,li_lstm_full,kalman_corr_top1,6
C_North_Siberia_Coast,-3.7970382582678246,0.00035263354864966957,True,0.007462686567164179,True,li_lstm_full,kalman_corr_top1,6
E_Egyptian_Western_Desert,-3.5693623754416355,0.0007265667354906019,True,0.008955223880597015,True,li_lstm_full,kalman_corr_top1,6
C_Madagascar,-3.3679290323922895,0.0013503150284735798,True,0.010447761194029851,True,li_lstm_full,kalman_corr_top1,6
E_Lower_Lake_Chad,-3.3379713599939485,0.0014782151867790087,True,0.011940298507462687,True,li_lstm_full,kalman_corr_top1,6
E_Libyian_Desert,-3.258876915108107,0.0018731298732709777,True,0.013432835820895522,True,li_lstm_full,kalman_corr_top1,6
R_Limpopo_River,-3.0428060678844417,0.0035181457101997058,True,0.014925373134328358,True,li_lstm_full,kalman_corr_top1,6
R_Indus_River,-2.9141125782719874,0.005060078337224574,True,0.016417910447761194,True,li_lstm_full,kalman_corr_top1,6
C_West_Continental_Europe,-2.9104324232857386,0.0051122482664575876,True,0.01791044776119403,True,li_lstm_full,kalman_corr_top1,6
R_Congo_River,-2.8414522097909605,0.006187159912478934,True,0.019402985074626868,True,li_lstm_full,kalman_corr_top1,6
E_Upper_Lake_Chad,-2.668130803065687,0.009872776844168459,True,0.020895522388059702,True,li_lstm_full,kalman_corr_top1,6
C_East_Caspian_Sea_Coast,2.639732366688717,0.010640273491083412,False,0.02238805970149254,True,li_lstm_full,kalman_corr_top1,6
R_Saskatchewan_Nelson_Rivers,-2.618665388014032,0.011244380148901542,True,0.023880597014925373,True,li_lstm_full,kalman_corr_top1,6
E_Syr_Darya,2.612381250926618,0.011430539296754937,False,0.02537313432835821,True,li_lstm_full,kalman_corr_top1,6
R_Nile_River,-2.5472859818642912,0.013530653798313926,True,0.026865671641791045,True,li_lstm_full,kalman_corr_top1,6
E_South_Interior_Africa,-2.46866471368046,0.016529986160939193,True,0.028358208955223882,True,li_lstm_full,kalman_corr_top1,6
R_Niger_River,-2.410646078850196,0.01911429107540533,True,0.029850746268656716,True,li_lstm_full,kalman_corr_top1,6
C_Irrawaddy_Sittang_Salween_Basin,-2.4000379200901567,0.019624220928068984,True,0.03134328358208956,True,li_lstm_full,kalman_corr_top1,6
R_Yangtze_River,-2.389058126413188,0.02016482044125368,True,0.03283582089552239,True,li_lstm_full,kalman_corr_top1,6
C_Kamchatka_Peninsula,-2.2945205100178723,0.025398994413428223,True,0.034328358208955224,True,li_lstm_full,kalman_corr_top1,6
R_Mackenzie_River,-2.2689748416105,0.02700634306549052,True,0.03582089552238806,True,li_lstm_full,kalman_corr_top1,6
R_Ob_River,2.144017962658736,0.03623499466590391,False,0.0373134328358209,True,li_lstm_full,kalman_corr_top1,6
R_Shebelli_Juba_Rivers,-2.121489656252816,0.038164852674269154,True,0.038805970149253737,True,li_lstm_full,kalman_corr_top1,6
C_Borneo,-2.111637478900617,0.03903662733419809,True,0.04029850746268657,True,li_lstm_full,kalman_corr_top1,6
C_Northwest_Hudson_Bay_Coast,-2.052249630787253,0.04466780805030988,True,0.041791044776119404,False,li_lstm_full,kalman_corr_top1,6
R_Yukon_River,2.0465328891110954,0.045245274876446834,False,0.04328358208955224,False,li_lstm_full,kalman_corr_top1,6
C_East_Central_Africa_Coast,-2.0312011521100555,0.046825961773483304,True,0.04477611940298508,False,li_lstm_full,kalman_corr_top1,6
R_Mississippi_River,-1.9666367371786277,0.054016081321458305,True,0.046268656716417916,False,li_lstm_full,kalman_corr_top1,6
R_Murray_Darling_River,-1.9447874079005847,0.056654554754467124,True,0.04776119402985075,False,li_lstm_full,kalman_corr_top1,6
R_Amazon_River,-1.9363717391216173,0.057699774722793196,True,0.049253731343283584,False,li_lstm_full,kalman_corr_top1,6
R_Lena_River,-1.9264856556578474,0.05894858407210029,True,0.05074626865671642,False,li_lstm_full,kalman_corr_top1,6
R_Rio_Grande_Rio_Bravo,-1.923823315079184,0.05928879962375767,True,0.05223880597014925,False,li_lstm_full,kalman_corr_top1,6
C_Southwest_Hudson_Bay_Coast,-1.917900426943944,0.06005167497027088,True,0.05373134328358209,False,li_lstm_full,kalman_corr_top1,6
E_Rub_al_Khali_Desert,-1.8751270427818636,0.0658125813088894,True,0.055223880597014934,False,li_lstm_full,kalman_corr_top1,6
E_Sahara,-1.869868469360619,0.06655209417637034,True,0.056716417910447764,False,li_lstm_full,kalman_corr_top1,6
C_East_Ob_Bay_Coast,-1.7945614338619045,0.07793534335527781,True,0.0582089552238806,False,li_lstm_full,kalman_corr_top1,6
E_North_Central_Arabia,-1.7786119276304257,0.08054438755727723,True,0.05970149253731343,False,li_lstm_full,kalman_corr_top1,6
C_East_Hudson_Bay_Coast,-1.6958869510670485,0.09526936083455778,True,0.06119402985074627,False,li_lstm_full,kalman_corr_top1,6
R_Tigris_Euphrates_River,1.6894240585104987,0.09650747284376433,False,0.06268656716417911,False,li_lstm_full,kalman_corr_top1,6
R_Mekong_River,-1.6465339690719962,0.10506236038020196,True,0.06417910447761194,False,li_lstm_full,kalman_corr_top1,6
R_Orange_River,1.6311941957367757,0.10826815094132317,False,0.06567164179104477,False,li_lstm_full,kalman_corr_top1,6
E_Australia_Northwest_Plateau,-1.5985508788066511,0.11535453411125779,True,0.06716417910447763,False,li_lstm_full,kalman_corr_top1,6
E_Central_Iran,1.4923100954825932,0.14103763333046418,False,0.06865671641791045,False,li_lstm_full,kalman_corr_top1,6
R_Yellow_River_Huang_He,-1.4344021177077906,0.15682757580535617,True,0.07014925373134329,False,li_lstm_full,kalman_corr_top1,6
C_Uruguay_South_Brazil_Coast,1.3720312374434314,0.1753373391518503,False,0.07164179104477612,False,li_lstm_full,kalman_corr_top1,6
R_Dnieper_River,-1.3690185778887032,0.1762720705776418,True,0.07313432835820896,False,li_lstm_full,kalman_corr_top1,6
C_Papua_New_Guinea_Island,-1.3383487381758568,0.18600588040427685,True,0.0746268656716418,False,li_lstm_full,kalman_corr_top1,6
C_North_East_Siberian_Sea_Coast,1.2911682027880285,0.20176785443562315,False,0.07611940298507464,False,li_lstm_full,kalman_corr_top1,6
R_Amur_River,-1.2218640789838542,0.2267018793297724,True,0.07761194029850747,False,li_lstm_full,kalman_corr_top1,6
R_Ganges_Bramaputra_Basin,-1.16355559701888,0.2493686416792826,True,0.0791044776119403,False,li_lstm_full,kalman_corr_top1,6
C_South_Gulf_of_Aden_Coast,-1.125545236342455,0.2649940799164976,True,0.08059701492537313,False,li_lstm_full,kalman_corr_top1,6
C_Iberian_Atlantic_Coast,-1.0901725192979899,0.2801457395742486,True,0.08208955223880599,False,li_lstm_full,kalman_corr_top1,6
C_North_West_Africa_Coast,-1.042391178718698,0.3015558912454514,True,0.08358208955223881,False,li_lstm_full,kalman_corr_top1,6
C_East_Barents_Sea_Coast,-1.0325512830771262,0.3061003547766495,True,0.08507462686567165,False,li_lstm_full,kalman_corr_top1,6
R_Parana_River,1.0038368721522233,0.31962698587058513,False,0.08656716417910448,False,li_lstm_full,kalman_corr_top1,6
E_Lake_Eyre_Basin,-0.8868994675162873,0.3787959026656308,True,0.08805970149253732,False,li_lstm_full,kalman_corr_top1,6
E_Tarim_He_Lop_Nur,-0.8413036256090183,0.4036332056747576,True,0.08955223880597016,False,li_lstm_full,kalman_corr_top1,6
C_North_Vietnam_South_China_Coast,-0.8304412782019233,0.40969471280344716,True,0.09104477611940298,False,li_lstm_full,kalman_corr_top1,6
R_Danube_River,-0.7632718981942808,0.4483948332257447,True,0.09253731343283583,False,li_lstm_full,kalman_corr_top1,6
C_Deccan_Plateau_East_Indian_Subcontinent_Coast,0.6249100548042783,0.5344809555965466,False,0.09402985074626867,False,li_lstm_full,kalman_corr_top1,6
R_Orinoco_River,-0.5747561976816755,0.5676790176261707,True,0.0955223880597015,False,li_lstm_full,kalman_corr_top1,6
R_Zambezi_River,0.5694780498687019,0.5712308380880653,False,0.09701492537313433,False,li_lstm_full,kalman_corr_top1,6
C_West_Australia_Coast,0.5480246885916997,0.5857780547755591,False,0.09850746268656717,False,li_lstm_full,kalman_corr_top1,6
R_Volga_River,-0.4204098476963809,0.6757396262905859,True,0.1,False,li_lstm_full,kalman_corr_top1,6
E_South_Interior_Africa,8.164118954033887,3.2527625036667044e-11,False,0.0014925373134328358,True,li_lstm_nonseas,kalman_corr_top1,1
E_North_Central_Arabia,6.876563239726417,4.723040000140747e-09,False,0.0029850746268656717,True,li_lstm_nonseas,kalman_corr_top1,1
C_North_West_Africa_Coast,6.358354249024976,3.472249254012326e-08,False,0.004477611940298508,True,li_lstm_nonseas,kalman_corr_top1,1
C_East_Caspian_Sea_Coast,6.293490468313153,4.451426457655526e-08,False,0.005970149253731343,True,li_lstm_nonseas,kalman_corr_top1,1
E_Egyptian_Western_Desert,6.1014393694776,9.267276296988205e-08,False,0.007462686567164179,True,li_lstm_nonseas,kalman_corr_top1,1
R_Parana_River,6.090297655643252,9.668904421478511e-08,False,0.008955223880597015,True,li_lstm_nonseas,kalman_corr_top1,1
E_Lake_Eyre_Basin,6.036854373819714,1.184880660928807e-07,False,0.010447761194029851,True,li_lstm_nonseas,kalman_corr_top1,1
R_Saint_Lawrence_River,5.561164477434543,7.120762030457362e-07,False,0.011940298507462687,True,li_lstm_nonseas,kalman_corr_top1,1
R_Saskatchewan_Nelson_Rivers,5.114479875598549,3.706282150457451e-06,False,0.013432835820895522,True,li_lstm_nonseas,kalman_corr_top1,1
C_North_Vietnam_South_China_Coast,4.680754210396873,1.7617637799076578e-05,False,0.014925373134328358,True,li_lstm_nonseas,kalman_corr_top1,1
R_Zambezi_River,4.233376278423352,8.312495241531607e-05,False,0.016417910447761194,True,li_lstm_nonseas,kalman_corr_top1,1
R_Mississippi_River,4.2219880267131655,8.639874645958502e-05,False,0.01791044776119403,True,li_lstm_nonseas,kalman_corr_top1,1
C_Northwest_Hudson_Bay_Coast,3.8939850259874724,0.000257454842241355,False,0.019402985074626868,True,li_lstm_nonseas,kalman_corr_top1,1
R_Indus_River,3.885866607053347,0.00026436663077022396,False,0.020895522388059702,True,li_lstm_nonseas,kalman_corr_top1,1
E_Salinas_Grande_Mar_Chiquita,3.87658596504184,0.00027248650772558646,False,0.02238805970149254,True,li_lstm_nonseas,kalman_corr_top1,1
R_Mackenzie_River,3.827050420898902,0.0003200445166042328,False,0.023880597014925373,True,li_lstm_nonseas,kalman_corr_top1,1
C_Deccan_Plateau_East_Indian_Subcontinent_Coast,3.7148444551804474,0.0004589927277422929,False,0.02537313432835821,True,li_lstm_nonseas,kalman_corr_top1,1
C_East_Central_Africa_Coast,3.496604464405596,0.0009108803966464846,False,0.026865671641791045,True,li_lstm_nonseas,kalman_corr_top1,1
R_Orange_River,3.4747270116080444,0.0009744820710471187,False,0.028358208955223882,True,li_lstm_nonseas,kalman_corr_top1,1
R_Congo_River,3.3652260971118855,0.0013614104763993865,False,0.029850746268656716,True,li_lstm_nonseas,kalman_corr_top1,1
E_Lower_Lake_Chad,3.291430483887845,0.0016998518037326996,False,0.03134328358208956,True,li_lstm_nonseas,kalman_corr_top1,1
R_Rio_Grande_Rio_Bravo,3.1740450224729244,0.0024061119944457803,False,0.03283582089552239,True,li_lstm_nonseas,kalman_corr_top1,1
R_Volga_River,3.144240542193336,0.002625043264828441,False,0.034328358208955224,True,li_lstm_nonseas,kalman_corr_top1,1
R_Tigris_Euphrates_River,3.0167039724124627,0.003790090212416143,False,0.03582089552238806,True,li_lstm_nonseas,kalman_corr_top1,1
R_Dnieper_River,2.9951428399351685,0.004029372991933421,False,0.0373134328358209,True,li_lstm_nonseas,kalman_corr_top1,1
R_Yukon_River,2.8882370444065706,0.0054376099873629504,False,0.038805970149253737,True,li_lstm_nonseas,kalman_corr_top1,1
R_Murray_Darling_River,2.8663669740573643,0.005776868283386118,False,0.04029850746268657,True,li_lstm_nonseas,kalman_corr_top1,1
R_Shebelli_Juba_Rivers,2.8634141896196432,0.005824144816048833,False,0.041791044776119404,True,li_lstm_nonseas,kalman_corr_top1,1
R_Nile_River,2.7762697015001483,0.007391202388485549,False,0.04328358208955224,True,li_lstm_nonseas,kalman_corr_top1,1
C_West_Australia_Coast,2.76213123008159,0.007679331831159469,False,0.04477611940298508,True,li_lstm_nonseas,kalman_corr_top1,1
C_South_Gulf_of_Aden_Coast,2.66863079425097,0.009859729220146067,False,0.046268656716417916,True,li_lstm_nonseas,kalman_corr_top1,1
C_West_Continental_Europe,2.6249558291293353,0.011060804420332096,False,0.04776119402985075,True,li_lstm_nonseas,kalman_corr_top1,1
E_Central_Iran,2.559548772655707,0.013110097204502331,False,0.049253731343283584,True,li_lstm_nonseas,kalman_corr_top1,1
C_North_East_Siberian_Sea_Coast,2.485264291881334,0.015850880627158923,False,0.05074626865671642,True,li_lstm_nonseas,kalman_corr_top1,1
R_Yenisey_River,2.181617607884409,0.03320381438030555,False,0.05223880597014925,True,li_lstm_nonseas,kalman_corr_top1,1
E_Upper_Lake_Chad,1.9787149599168012,0.05260321921428667,False,0.05373134328358209,True,li_lstm_nonseas,kalman_corr_top1,1
E_Sahara,-1.9489650232239597,0.05614173030762541,True,0.055223880597014934,True,li_lstm_nonseas,kalman_corr_top1,1
R_Mekong_River,1.9480992343496215,0.05624768351440952,False,0.056716417910447764,True,li_lstm_nonseas,kalman_corr_top1,1
E_Libyian_Desert,-1.8876380645276372,0.06408104822512964,True,0.0582089552238806,False,li_lstm_nonseas,kalman_corr_top1,1
C_Kamchatka_Peninsula,-1.8777689531005581,0.06544367965831696,True,0.05970149253731343,False,li_lstm_nonseas,kalman_corr_top1,1
E_Tarim_He_Lop_Nur,-1.7916230077273574,0.07841064007316313,True,0.06119402985074627,False,li_lstm_nonseas,kalman_corr_top1,1
R_Orinoco_River,1.7821254591878257,0.0799634715663921,False,0.06268656716417911,False,li_lstm_nonseas,kalman_corr_top1,1
R_Yangtze_River,1.762459824828128,0.08326034345231638,False,0.06417910447761194,False,li_lstm_nonseas,kalman_corr_top1,1
R_Niger_River,1.6898254684849556,0.09643019095935369,False,0.06567164179104477,False,li_lstm_nonseas,kalman_corr_top1,1
R_Lena_River,1.5941699064963082,0.11633344537856408,False,0.06716417910447763,False,li_lstm_nonseas,kalman_corr_top1,1
E_Syr_Darya,1.5635249090532073,0.12336948976669225,False,0.06865671641791045,False,li_lstm_nonseas,kalman_corr_top1,1
C_Madagascar,1.3295802815808322,0.18886238130153715,False,0.07014925373134329,False,li_lstm_nonseas,kalman_corr_top1,1
R_Ob_River,1.2987076128488078,0.1991840760422988,False,0.07164179104477612,False,li_lstm_nonseas,kalman_corr_top1,1
C_Borneo,1.2848042553437171,0.20396824431502114,False,0.07313432835820896,False,li_lstm_nonseas,kalman_corr_top1,1
R_Ganges_Bramaputra_Basin,1.244869809337921,0.21818614484455887,False,0.0746268656716418,False,li_lstm_nonseas,kalman_corr_top1,1
C_Southwest_Hudson_Bay_Coast,1.2265575075814534,0.22494510662869643,False,0.07611940298507464,False,li_lstm_nonseas,kalman_corr_top1,1
R_Yellow_River_Huang_He,1.1808402880506772,0.24248598056209408,False,0.07761194029850747,False,li_lstm_nonseas,kalman_corr_top1,1
C_North_Siberia_Coast,-1.1270174127272465,0.2643762830917176,True,0.0791044776119403,False,li_lstm_nonseas,kalman_corr_top1,1
R_Amur_River,1.0919196399507358,0.27938347050029566,False,0.08059701492537313,False,li_lstm_nonseas,kalman_corr_top1,1
R_Danube_River,-0.9657668633552146,0.3381706138221346,True,0.08208955223880599,False,li_lstm_nonseas,kalman_corr_top1,1
R_Limpopo_River,0.9390713617664004,0.35158853911859883,False,0.08358208955223881,False,li_lstm_nonseas,kalman_corr_top1,1
C_East_Barents_Sea_Coast,-0.9365633268487403,0.35286670120630265,True,0.08507462686567165,False,li_lstm_nonseas,kalman_corr_top1,1
C_East_Ob_Bay_Coast,-0.8918338833591561,0.3761670542687297,True,0.08656716417910448,False,li_lstm_nonseas,kalman_corr_top1,1
C_Thar_Desert_Sabarmati_River_Gulf_of_Cambay_Luni_Delta,0.8892377181544727,0.3775487382133911,False,0.08805970149253732,False,li_lstm_nonseas,kalman_corr_top1,1
C_Iberian_Atlantic_Coast,0.8314859700675772,0.4091093411112603,False,0.08955223880597016,False,li_lstm_nonseas,kalman_corr_top1,1
C_Irrawaddy_Sittang_Salween_Basin,0.7083480443651716,0.4815663922532033,False,0.09104477611940298,False,li_lstm_nonseas,kalman_corr_top1,1
C_Papua_New_Guinea_Island,0.6017269556967447,0.5497008512836916,False,0.09253731343283583,False,li_lstm_nonseas,kalman_corr_top1,1
C_Uruguay_South_Brazil_Coast,0.5208039031141725,0.6044860793544451,False,0.09402985074626867,False,li_lstm_nonseas,kalman_corr_top1,1
E_Australia_Northwest_Plateau,0.5041798551258975,0.6160449570653729,False,0.0955223880597015,False,li_lstm_nonseas,kalman_corr_top1,1
R_Amazon_River,-0.3183594224865542,0.751355864368361,True,0.09701492537313433,False,li_lstm_nonseas,kalman_corr_top1,1
E_Rub_al_Khali_Desert,-0.16807862689780045,0.867106150804975,True,0.09850746268656717,False,li_lstm_nonseas,kalman_corr_top1,1
C_East_Hudson_Bay_Coast,0.022231136114013696,0.9823398875581921,False,0.1,False,li_lstm_nonseas,kalman_corr_top1,1
E_North_Central_Arabia,6.823176653362924,5.804426661491238e-09,False,0.0014925373134328358,True,li_lstm_nonseas,kalman_corr_top1,2
C_North_West_Africa_Coast,6.583723534716703,1.4610476666912102e-08,False,0.0029850746268656717,True,li_lstm_nonseas,kalman_corr_top1,2
E_South_Interior_Africa,6.422011101213357,2.7201005304396908e-08,False,0.004477611940298508,True,li_lstm_nonseas,kalman_corr_top1,2
C_East_Caspian_Sea_Coast,6.067795171025453,1.0533482031970045e-07,False,0.005970149253731343,True,li_lstm_nonseas,kalman_corr_top1,2
R_Parana_River,5.733225115950188,3.736174203809521e-07,False,0.007462686567164179,True,li_lstm_nonseas,kalman_corr_top1,2
E_Egyptian_Western_Desert,5.6803783297869765,4.5569116094890306e-07,False,0.008955223880597015,True,li_lstm_nonseas,kalman_corr_top1,2
E_Lake_Eyre_Basin,4.891004554778305,8.324630935928313e-06,False,0.010447761194029851,True,li_lstm_nonseas,kalman_corr_top1,2
R_Saint_Lawrence_River,4.540937760342037,2.880452883274397e-05,False,0.011940298507462687,True,li_lstm_nonseas,kalman_corr_top1,2
R_Saskatchewan_Nelson_Rivers,4.209359553328579,9.01751865169727e-05,False,0.013432835820895522,True,li_lstm_nonseas,kalman_corr_top1,2
E_Salinas_Grande_Mar_Chiquita,4.111642377425554,0.0001253160130723207,False,0.014925373134328358,True,li_lstm_nonseas,kalman_corr_top1,2
R_Zambezi_River,3.778446434376017,0.0003743940280627752,False,0.016417910447761194,True,li_lstm_nonseas,kalman_corr_top1,2
C_Deccan_Plateau_East_Indian_Subcontinent_Coast,3.7336308724974976,0.00043226583216722064,False,0.01791044776119403,True,li_lstm_nonseas,kalman_corr_top1,2
C_North_Vietnam_South_China_Coast,3.6059147093598676,0.0006479595535520277,False,0.019402985074626868,True,li_lstm_nonseas,kalman_corr_top1,2
C_Madagascar,-3.462930554506393,0.0010105048042699132,True,0.020895522388059702,True,li_lstm_nonseas,kalman_corr_top1,2
E_Tarim_He_Lop_Nur,-3.4312411353319043,0.00111363870921364,True,0.02238805970149254,True,li_lstm_nonseas,kalman_corr_top1,2
E_Sahara,-3.3831322322698725,0.001289483860745317,True,0.023880597014925373,True,li_lstm_nonseas,kalman_corr_top1,2
R_Amazon_River,-3.299432433129942,0.0016596360900545438,True,0.02537313432835821,True,li_lstm_nonseas,kalman_corr_top1,2
C_Kamchatka_Peninsula,-3.2887863817608185,0.001713341258239487,True,0.026865671641791045,True,li_lstm_nonseas,kalman_corr_top1,2
C_East_Barents_Sea_Coast,-3.219655791500373,0.002104006648924566,True,0.028358208955223882,True,li_lstm_nonseas,kalman_corr_top1,2
R_Mackenzie_River,3.2097759204669356,0.0021662504807365875,False,0.029850746268656716,True,li_lstm_nonseas,kalman_corr_top1,2
C_Southwest_Hudson_Bay_Coast,-3.1360383522532276,0.0026884935531718665,True,0.03134328358208956,True,li_lstm_nonseas,kalman_corr_top1,2
E_Libyian_Desert,-3.100494795972064,0.00298042500534855,True,0.03283582089552239,True,li_lstm_nonseas,kalman_corr_top1,2
C_East_Central_Africa_Coast,3.0295800734879808,0.0036535800320253646,False,0.034328358208955224,True,li_lstm_nonseas,kalman_corr_top1,2
R_Indus_River,3.0140206175813042,0.0038191309682039615,False,0.03582089552238806,True,li_lstm_nonseas,kalman_corr_top1,2
C_East_Ob_Bay_Coast,-2.9654646870087076,0.00438179860213229,True,0.0373134328358209,True,li_lstm_nonseas,kalman_corr_top1,2
E_Rub_al_Khali_Desert,-2.9264963947750404,0.004888129530594517,True,0.038805970149253737,True,li_lstm_nonseas,kalman_corr_top1,2
R_Mississippi_River,2.8133957192193777,0.006681315857098591,False,0.04029850746268657,True,li_lstm_nonseas,kalman_corr_top1,2
R_Tigris_Euphrates_River,2.716520563849721,0.008680670558141583,False,0.041791044776119404,True,li_lstm_nonseas,kalman_corr_top1,2
R_Ob_River,-2.420641263934355,0.018644733405905233,True,0.04328358208955224,True,li_lstm_nonseas,kalman_corr_top1,2
R_Danube_River,-2.3668032465699587,0.021301626151829282,True,0.04477611940298508,True,li_lstm_nonseas,kalman_corr_top1,2
R_Orange_River,2.2558204957877486,0.02786865538656353,False,0.046268656716417916,True,li_lstm_nonseas,kalman_corr_top1,2
C_East_Hudson_Bay_Coast,-2.2182175553257006,0.030469393571741766,True,0.04776119402985075,True,li_lstm_nonseas,kalman_corr_top1,2
C_South_Gulf_of_Aden_Coast,2.202505855347979,0.03161794923484072,False,0.049253731343283584,True,li_lstm_nonseas,kalman_corr_top1,2
C_Iberian_Atlantic_Coast,-2.179859773071309,0.033340404592378164,True,0.05074626865671642,True,li_lstm_nonseas,kalman_corr_top1,2
R_Congo_River,2.0655255203099196,0.04335132105091589,False,0.05223880597014925,True,li_lstm_nonseas,kalman_corr_top1,2
C_Borneo,-2.0146495924431242,0.04858570241940342,True,0.05373134328358209,True,li_lstm_nonseas,kalman_corr_top1,2
E_Lower_Lake_Chad,1.9793530695879913,0.05252946532253622,False,0.055223880597014934,True,li_lstm_nonseas,kalman_corr_top1,2
R_Amur_River,-1.9047711899879736,0.0617725505559905,True,0.056716417910447764,False,li_lstm_nonseas,kalman_corr_top1,2
C_West_Australia_Coast,1.855350159151071,0.06863034195098242,False,0.0582089552238806,False,li_lstm_nonseas,kalman_corr_top1,2
R_Niger_River,-1.7512069679943734,0.08519714172011218,True,0.05970149253731343,False,li_lstm_nonseas,kalman_corr_top1,2
R_Dnieper_River,1.7024778001913752,0.09402020859642415,False,0.06119402985074627,False,li_lstm_nonseas,kalman_corr_top1,2
R_Mekong_River,-1.6530087132948752,0.10373263300002927,True,0.06268656716417911,False,li_lstm_nonseas,kalman_corr_top1,2
C_North_East_Siberian_Sea_Coast,1.6169778705493514,0.11130964106231925,False,0.06417910447761194,False,li_lstm_nonseas,kalman_corr_top1,2
E_Australia_Northwest_Plateau,-1.5908652092586018,0.11707628912947902,True,0.06567164179104477,False,li_lstm_nonseas,kalman_corr_top1,2
R_Limpopo_River,-1.5316172262683678,0.1310535503192668,True,0.06716417910447763,False,li_lstm_nonseas,kalman_corr_top1,2
R_Nile_River,1.5084550561563108,0.13686644490205355,False,0.06865671641791045,False,li_lstm_nonseas,kalman_corr_top1,2
R_Ganges_Bramaputra_Basin,-1.4667313272865856,0.1478506026002148,True,0.07014925373134329,False,li_lstm_nonseas,kalman_corr_top1,2
E_Central_Iran,1.4552827121399083,0.15098238480920065,False,0.07164179104477612,False,li_lstm_nonseas,kalman_corr_top1,2
R_Murray_Darling_River,1.370959417206456,0.17566945476254311,False,0.07313432835820896,False,li_lstm_nonseas,kalman_corr_top1,2
R_Orinoco_River,-1.3437655405166848,0.18425769311863,True,0.0746268656716418,False,li_lstm_nonseas,kalman_corr_top1,2
C_Irrawaddy_Sittang_Salween_Basin,-1.2132146247753355,0.22996567309350555,True,0.07611940298507464,False,li_lstm_nonseas,kalman_corr_top1,2
C_North_Siberia_Coast,-1.1977538383343447,0.23588483113829053,True,0.07761194029850747,False,li_lstm_nonseas,kalman_corr_top1,2
C_Uruguay_South_Brazil_Coast,-1.1443210056567639,0.25719115572515855,True,0.0791044776119403,False,li_lstm_nonseas,kalman_corr_top1,2
R_Yellow_River_Huang_He,-1.1081817264938234,0.27235771518836116,True,0.08059701492537313,False,li_lstm_nonseas,kalman_corr_top1,2
R_Yukon_River,0.8365740710075307,0.40626563541885014,False,0.08208955223880599,False,li_lstm_nonseas,kalman_corr_top1,2
C_Thar_Desert_Sabarmati_River_Gulf_of_Cambay_Luni_Delta,-0.8126641397013645,0.41973390837622343,True,0.08358208955223881,False,li_lstm_nonseas,kalman_corr_top1,2
C_Northwest_Hudson_Bay_Coast,-0.7727116335840981,0.4428306520967054,True,0.08507462686567165,False,li_lstm_nonseas,kalman_corr_top1,2
R_Rio_Grande_Rio_Bravo,0.569730350820272,0.5710608106980524,False,0.08656716417910448,False,li_lstm_nonseas,kalman_corr_top1,2
C_West_Continental_Europe,-0.4836087711074917,0.6304843939270477,True,0.08805970149253732,False,li_lstm_nonseas,kalman_corr_top1,2
R_Yangtze_River,-0.47959044836535725,0.633322194413054,True,0.08955223880597016,False,li_lstm_nonseas,kalman_corr_top1,2
R_Yenisey_River,-0.4637082263070226,0.6445924036923937,True,0.09104477611940298,False,li_lstm_nonseas,kalman_corr_top1,2
E_Upper_Lake_Chad,-0.40740674476717953,0.6852090890378758,True,0.09253731343283583,False,li_lstm_nonseas,kalman_corr_top1,2
C_Papua_New_Guinea_Island,0.32630938230246487,0.7453648252921389,False,0.09402985074626867,False,li_lstm_nonseas,kalman_corr_top1,2
R_Lena_River,-0.25408506072629283,0.8003284722937103,True,0.0955223880597015,False,li_lstm_nonseas,kalman_corr_top1,2
R_Volga_River,-0.2537418041905334,0.8005923809381963,True,0.09701492537313433,False,li_lstm_nonseas,kalman_corr_top1,2
R_Shebelli_Juba_Rivers,-0.12716846469568877,0.8992469294531243,True,0.09850746268656717,False,li_lstm_nonseas,kalman_corr_top1,2
E_Syr_Darya,0.09027621174114987,0.9283787649115663,False,0.1,False,li_lstm_nonseas,kalman_corr_top1,2
E_North_Central_Arabia,6.223946862805338,5.807547288097806e-08,False,0.0014925373134328358,True,li_lstm_nonseas,kalman_corr_top1,3
C_North_West_Africa_Coast,5.271441753915053,2.0852352374359393e-06,False,0.0029850746268656717,True,li_lstm_nonseas,kalman_corr_top1,3
E_Egyptian_Western_Desert,4.974385968082536,6.16389340660826e-06,False,0.004477611940298508,True,li_lstm_nonseas,kalman_corr_top1,3
E_Tarim_He_Lop_Nur,-4.83069070263596,1.0334525756310322e-05,True,0.005970149253731343,True,li_lstm_nonseas,kalman_corr_top1,3
C_East_Caspian_Sea_Coast,4.686514996929218,1.7262242085696377e-05,False,0.007462686567164179,True,li_lstm_nonseas,kalman_corr_top1,3
E_South_Interior_Africa,4.65481829795176,1.9308239050529045e-05,False,0.008955223880597015,True,li_lstm_nonseas,kalman_corr_top1,3
R_Parana_River,4.577177941095456,2.537237181296289e-05,False,0.010447761194029851,True,li_lstm_nonseas,kalman_corr_top1,3
R_Ob_River,-4.349205787450001,5.597442153094237e-05,True,0.011940298507462687,True,li_lstm_nonseas,kalman_corr_top1,3
E_Lake_Eyre_Basin,3.951655879655418,0.00021312554894634914,False,0.013432835820895522,True,li_lstm_nonseas,kalman_corr_top1,3
C_Madagascar,-3.707824958407481,0.00046937938853687576,True,0.014925373134328358,True,li_lstm_nonseas,kalman_corr_top1,3
R_Mekong_River,-3.4421384395365466,0.0010770955463222521,True,0.016417910447761194,True,li_lstm_nonseas,kalman_corr_top1,3
E_Rub_al_Khali_Desert,-3.3449529227805384,0.001447423274108886,True,0.01791044776119403,True,li_lstm_nonseas,kalman_corr_top1,3
R_Amazon_River,-3.340876245116505,0.001465328828385703,True,0.019402985074626868,True,li_lstm_nonseas,kalman_corr_top1,3
C_Borneo,-3.1834400899765716,0.002340733230838872,True,0.020895522388059702,True,li_lstm_nonseas,kalman_corr_top1,3
C_East_Ob_Bay_Coast,-3.0047334848570943,0.003921250355110908,True,0.02238805970149254,True,li_lstm_nonseas,kalman_corr_top1,3
E_Sahara,-2.8582270030376935,0.005908063347644236,True,0.023880597014925373,True,li_lstm_nonseas,kalman_corr_top1,3
C_East_Barents_Sea_Coast,-2.842680412600581,0.006166319140869668,True,0.02537313432835821,True,li_lstm_nonseas,kalman_corr_top1,3
R_Saskatchewan_Nelson_Rivers,2.8402366296076322,0.006207850543425011,False,0.026865671641791045,True,li_lstm_nonseas,kalman_corr_top1,3
E_Libyian_Desert,-2.827144442575371,0.006434781702415624,True,0.028358208955223882,True,li_lstm_nonseas,kalman_corr_top1,3
E_Salinas_Grande_Mar_Chiquita,2.7563727062015606,0.00779961766831364,False,0.029850746268656716,True,li_lstm_nonseas,kalman_corr_top1,3
C_Deccan_Plateau_East_Indian_Subcontinent_Coast,2.752729671060892,0.007876606315807513,False,0.03134328358208956,True,li_lstm_nonseas,kalman_corr_top1,3
R_Indus_River,2.689718872930541,0.009323566453004306,False,0.03283582089552239,True,li_lstm_nonseas,kalman_corr_top1,3
C_Southwest_Hudson_Bay_Coast,-2.6637828254268237,0.009986907489873891,True,0.034328358208955224,True,li_lstm_nonseas,kalman_corr_top1,3
R_Ganges_Bramaputra_Basin,-2.641444702385225,0.010592496404729588,True,0.03582089552238806,True,li_lstm_nonseas,kalman_corr_top1,3
R_Zambezi_River,2.5980515665625976,0.011865576638046736,False,0.0373134328358209,True,li_lstm_nonseas,kalman_corr_top1,3
R_Saint_Lawrence_River,2.4688768146061304,0.016521146038993656,False,0.038805970149253737,True,li_lstm_nonseas,kalman_corr_top1,3
C_North_Vietnam_South_China_Coast,2.461950390119698,0.016812043637502973,False,0.04029850746268657,True,li_lstm_nonseas,kalman_corr_top1,3
R_Niger_River,-2.2845937388454125,0.02601322174240809,True,0.041791044776119404,True,li_lstm_nonseas,kalman_corr_top1,3
R_Yangtze_River,-2.21807007076618,0.03048000174292892,True,0.04328358208955224,True,li_lstm_nonseas,kalman_corr_top1,3
R_Orinoco_River,-2.0409148098666456,0.04581905466447813,True,0.04477611940298508,False,li_lstm_nonseas,kalman_corr_top1,3
C_West_Australia_Coast,1.9979501794024792,0.05041860843759962,False,0.046268656716417916,False,li_lstm_nonseas,kalman_corr_top1,3
R_Tigris_Euphrates_River,1.93818881579144,0.05747271336225337,False,0.04776119402985075,False,li_lstm_nonseas,kalman_corr_top1,3
C_East_Hudson_Bay_Coast,-1.9251046100500582,0.059124857201048854,True,0.049253731343283584,False,li_lstm_nonseas,kalman_corr_top1,3
C_Kamchatka_Peninsula,-1.9240051357720158,0.05926551202357108,True,0.05074626865671642,False,li_lstm_nonseas,kalman_corr_top1,3
C_East_Central_Africa_Coast,1.901896288634588,0.0621549086540677,False,0.05223880597014925,False,li_lstm_nonseas,kalman_corr_top1,3
E_Australia_Northwest_Plateau,-1.8118776533198633,0.07518305317526162,True,0.05373134328358209,False,li_lstm_nonseas,kalman_corr_top1,3
C_South_Gulf_of_Aden_Coast,1.8103126696719247,0.07542840362208074,False,0.055223880597014934,False,li_lstm_nonseas,kalman_corr_top1,3
R_Amur_River,-1.7404117211251375,0.0870901594415268,True,0.056716417910447764,False,li_lstm_nonseas,kalman_corr_top1,3
C_West_Continental_Europe,-1.722165301724207,0.09036890465264939,True,0.0582089552238806,False,li_lstm_nonseas,kalman_corr_top1,3
R_Mississippi_River,1.6666041358206405,0.10098517097898832,False,0.05970149253731343,False,li_lstm_nonseas,kalman_corr_top1,3
E_Upper_Lake_Chad,-1.6446341804030675,0.10545514620197008,True,0.06119402985074627,False,li_lstm_nonseas,kalman_corr_top1,3
C_Iberian_Atlantic_Coast,-1.518768442942121,0.1342534109196935,True,0.06268656716417911,False,li_lstm_nonseas,kalman_corr_top1,3
C_Irrawaddy_Sittang_Salween_Basin,-1.516412821171604,0.1348467245525786,True,0.06417910447761194,False,li_lstm_nonseas,kalman_corr_top1,3
C_Uruguay_South_Brazil_Coast,-1.4831585755061907,0.14344615767461463,True,0.06567164179104477,False,li_lstm_nonseas,kalman_corr_top1,3
R_Shebelli_Juba_Rivers,-1.3514083871638263,0.18181235058582346,True,0.06716417910447763,False,li_lstm_nonseas,kalman_corr_top1,3
R_Yenisey_River,-1.3427212611585215,0.18459374317447097,True,0.06865671641791045,False,li_lstm_nonseas,kalman_corr_top1,3
R_Danube_River,-1.322411243280884,0.19122239911713926,True,0.07014925373134329,False,li_lstm_nonseas,kalman_corr_top1,3
R_Volga_River,-1.310267017050253,0.1952709269768204,True,0.07164179104477612,False,li_lstm_nonseas,kalman_corr_top1,3
R_Rio_Grande_Rio_Bravo,-1.2892494866180457,0.20242938940590266,True,0.07313432835820896,False,li_lstm_nonseas,kalman_corr_top1,3
R_Yellow_River_Huang_He,-1.1552274521126749,0.2527344233692261,True,0.0746268656716418,False,li_lstm_nonseas,kalman_corr_top1,3
C_Papua_New_Guinea_Island,-1.1319289348354389,0.26232254166462493,True,0.07611940298507464,False,li_lstm_nonseas,kalman_corr_top1,3
R_Orange_River,1.094987730261146,0.27804836610513867,False,0.07761194029850747,False,li_lstm_nonseas,kalman_corr_top1,3
R_Congo_River,1.0873770786040373,0.28136840430376303,False,0.0791044776119403,False,li_lstm_nonseas,kalman_corr_top1,3
C_Thar_Desert_Sabarmati_River_Gulf_of_Cambay_Luni_Delta,-1.0518713107641229,0.2972213795986372,True,0.08059701492537313,False,li_lstm_nonseas,kalman_corr_top1,3
C_North_East_Siberian_Sea_Coast,1.0149692682877849,0.31433588320458755,False,0.08208955223880599,False,li_lstm_nonseas,kalman_corr_top1,3
C_Northwest_Hudson_Bay_Coast,-0.9835968143620959,0.3293991785960933,True,0.08358208955223881,False,li_lstm_nonseas,kalman_corr_top1,3
R_Nile_River,0.8613811186346193,0.39257538387929825,False,0.08507462686567165,False,li_lstm_nonseas,kalman_corr_top1,3
R_Yukon_River,0.8584274341993994,0.3941902254495838,False,0.08656716417910448,False,li_lstm_nonseas,kalman_corr_top1,3
R_Limpopo_River,-0.7486287275836137,0.45710625189912996,True,0.08805970149253732,False,li_lstm_nonseas,kalman_corr_top1,3
E_Syr_Darya,-0.7456712002535617,0.45887749336459605,True,0.08955223880597016,False,li_lstm_nonseas,kalman_corr_top1,3
C_North_Siberia_Coast,-0.6876019942605828,0.49444407803451235,True,0.09104477611940298,False,li_lstm_nonseas,kalman_corr_top1,3
E_Central_Iran,0.6874274621081211,0.49455321119484363,False,0.09253731343283583,False,li_lstm_nonseas,kalman_corr_top1,3
R_Lena_River,-0.6471812538257828,0.5200679567196973,True,0.09402985074626867,False,li_lstm_nonseas,kalman_corr_top1,3
R_Murray_Darling_River,0.4665163828188497,0.642593494695099,False,0.0955223880597015,False,li_lstm_nonseas,kalman_corr_top1,3
R_Mackenzie_River,-0.4406438444308527,0.6611088900435469,True,0.09701492537313433,False,li_lstm_nonseas,kalman_corr_top1,3
R_Dnieper_River,0.31135379808814195,0.7566480485930892,False,0.09850746268656717,False,li_lstm_nonseas,kalman_corr_top1,3
E_Lower_Lake_Chad,0.11980061929921391,0.905055107424464,False,0.1,False,li_lstm_nonseas,kalman_corr_top1,3
E_North_Central_Arabia,6.644023250208314,1.158323585804448e-08,False,0.0014925373134328358,True,li_lstm_nonseas,kalman_corr_top1,4
E_Egyptian_Western_Desert,5.073798628093778,4.298272289395597e-06,False,0.0029850746268656717,True,li_lstm_nonseas,kalman_corr_top1,4
C_North_West_Africa_Coast,4.321023007059038,6.165388420730488e-05,False,0.004477611940298508,True,li_lstm_nonseas,kalman_corr_top1,4
R_Parana_River,4.302802145303977,6.561956281801448e-05,False,0.005970149253731343,True,li_lstm_nonseas,kalman_corr_top1,4
C_Madagascar,-3.9670274401602095,0.00020261155713018745,True,0.007462686567164179,True,li_lstm_nonseas,kalman_corr_top1,4
C_East_Caspian_Sea_Coast,3.7787445912990165,0.00037403510905546967,False,0.008955223880597015,True,li_lstm_nonseas,kalman_corr_top1,4
E_Rub_al_Khali_Desert,-3.661356125456757,0.0005440277019729931,True,0.010447761194029851,True,li_lstm_nonseas,kalman_corr_top1,4
E_Tarim_He_Lop_Nur,-3.642171787542603,0.0005780451117628167,True,0.011940298507462687,True,li_lstm_nonseas,kalman_corr_top1,4
E_South_Interior_Africa,3.4736546635233996,0.0009777056040803091,False,0.013432835820895522,True,li_lstm_nonseas,kalman_corr_top1,4
R_Ganges_Bramaputra_Basin,-3.3777442140878278,0.0013107394134403135,True,0.014925373134328358,True,li_lstm_nonseas,kalman_corr_top1,4
E_Lake_Eyre_Basin,3.2814691507511125,0.0017512000527352219,False,0.016417910447761194,True,li_lstm_nonseas,kalman_corr_top1,4
R_Ob_River,-3.1492177183689742,0.002587228407949381,True,0.01791044776119403,True,li_lstm_nonseas,kalman_corr_top1,4
E_Libyian_Desert,-2.9681988563813744,0.004348169626943321,True,0.019402985074626868,True,li_lstm_nonseas,kalman_corr_top1,4
R_Mekong_River,-2.9284104598719822,0.004862041767373243,True,0.020895522388059702,True,li_lstm_nonseas,kalman_corr_top1,4
E_Sahara,-2.8764518106366617,0.0056180652983007845,True,0.02238805970149254,True,li_lstm_nonseas,kalman_corr_top1,4
E_Salinas_Grande_Mar_Chiquita,2.854638449738176,0.005966771849581106,False,0.023880597014925373,True,li_lstm_nonseas,kalman_corr_top1,4
C_Borneo,-2.755456488774146,0.007818914817956615,True,0.02537313432835821,True,li_lstm_nonseas,kalman_corr_top1,4
R_Amazon_River,-2.6812124982824526,0.009536545717642776,True,0.026865671641791045,True,li_lstm_nonseas,kalman_corr_top1,4
R_Niger_River,-2.518994128639397,0.014547951826084123,True,0.028358208955223882,True,li_lstm_nonseas,kalman_corr_top1,4
C_Iberian_Atlantic_Coast,-2.4439132606830714,0.01759133584195052,True,0.029850746268656716,True,li_lstm_nonseas,kalman_corr_top1,4
R_Yangtze_River,-2.4338275467264445,0.018041110813031502,True,0.03134328358208956,True,li_lstm_nonseas,kalman_corr_top1,4
C_Northwest_Hudson_Bay_Coast,-2.4294043958277856,0.01824160170419388,True,0.03283582089552239,True,li_lstm_nonseas,kalman_corr_top1,4
R_Yenisey_River,-2.3494566917911106,0.022227065234086255,True,0.034328358208955224,True,li_lstm_nonseas,kalman_corr_top1,4
R_Rio_Grande_Rio_Bravo,-2.305384671015197,0.024741552812032937,True,0.03582089552238806,True,li_lstm_nonseas,kalman_corr_top1,4
C_East_Ob_Bay_Coast,-2.2917941451945367,0.02556639499326238,True,0.0373134328358209,True,li_lstm_nonseas,kalman_corr_top1,4
C_East_Barents_Sea_Coast,-2.274766218428098,0.026634249294542504,True,0.038805970149253737,True,li_lstm_nonseas,kalman_corr_top1,4
E_Australia_Northwest_Plateau,-2.1475674177704454,0.035938847373273075,True,0.04029850746268657,True,li_lstm_nonseas,kalman_corr_top1,4
R_Saskatchewan_Nelson_Rivers,2.0796398078859317,0.04198871085636709,False,0.041791044776119404,False,li_lstm_nonseas,kalman_corr_top1,4
E_Upper_Lake_Chad,-2.0608704649361766,0.04380905433858466,True,0.04328358208955224,False,li_lstm_nonseas,kalman_corr_top1,4
R_Mackenzie_River,-1.9678402703147577,0.05387385399526497,True,0.04477611940298508,False,li_lstm_nonseas,kalman_corr_top1,4
E_Lower_Lake_Chad,-1.964601883915229,0.05425728112472354,True,0.046268656716417916,False,li_lstm_nonseas,kalman_corr_top1,4
R_Orinoco_River,-1.9617615640567387,0.054595497597616754,True,0.04776119402985075,False,li_lstm_nonseas,kalman_corr_top1,4
R_Amur_River,-1.8578888816007062,0.0682630327596465,True,0.049253731343283584,False,li_lstm_nonseas,kalman_corr_top1,4
C_Southwest_Hudson_Bay_Coast,-1.8487202431050997,0.06959744220857043,True,0.05074626865671642,False,li_lstm_nonseas,kalman_corr_top1,4
R_Danube_River,-1.834695889529077,0.07168102445160891,True,0.05223880597014925,False,li_lstm_nonseas,kalman_corr_top1,4
R_Zambezi_River,1.7890254209501553,0.07883281858184586,False,0.05373134328358209,False,li_lstm_nonseas,kalman_corr_top1,4
R_Saint_Lawrence_River,1.7557490763298338,0.0844109187095325,False,0.055223880597014934,False,li_lstm_nonseas,kalman_corr_top1,4
C_East_Hudson_Bay_Coast,-1.7414132859008613,0.08691307488147694,True,0.056716417910447764,False,li_lstm_nonseas,kalman_corr_top1,4
R_Indus_River,1.720388159888124,0.09069362001268301,False,0.0582089552238806,False,li_lstm_nonseas,kalman_corr_top1,4
C_West_Continental_Europe,-1.6182388680227782,0.11103709190074719,True,0.05970149253731343,False,li_lstm_nonseas,kalman_corr_top1,4
R_Shebelli_Juba_Rivers,-1.4857641453920392,0.14275714243099935,True,0.06119402985074627,False,li_lstm_nonseas,kalman_corr_top1,4
C_Irrawaddy_Sittang_Salween_Basin,-1.4794147454714996,0.14444075247590157,True,0.06268656716417911,False,li_lstm_nonseas,kalman_corr_top1,4
C_Deccan_Plateau_East_Indian_Subcontinent_Coast,1.4717867819824932,0.14648398822827555,False,0.06417910447761194,False,li_lstm_nonseas,kalman_corr_top1,4
C_Kamchatka_Peninsula,-1.4588176863081277,0.15000990061874653,True,0.06567164179104477,False,li_lstm_nonseas,kalman_corr_top1,4
R_Tigris_Euphrates_River,1.4412342289665567,0.15489595857006608,False,0.06716417910447763,False,li_lstm_nonseas,kalman_corr_top1,4
R_Yellow_River_Huang_He,-1.359989429165357,0.1790963562367961,True,0.06865671641791045,False,li_lstm_nonseas,kalman_corr_top1,4
C_South_Gulf_of_Aden_Coast,1.208403478922638,0.23179589053125418,False,0.07014925373134329,False,li_lstm_nonseas,kalman_corr_top1,4
C_Thar_Desert_Sabarmati_River_Gulf_of_Cambay_Luni_Delta,-1.2021391879928336,0.2341947737853314,True,0.07164179104477612,False,li_lstm_nonseas,kalman_corr_top1,4
C_North_Siberia_Coast,-1.1519428447042703,0.2540707740459095,True,0.07313432835820896,False,li_lstm_nonseas,kalman_corr_top1,4
R_Limpopo_River,-1.1224657655293382,0.2662896742291908,True,0.0746268656716418,False,li_lstm_nonseas,kalman_corr_top1,4
C_North_East_Siberian_Sea_Coast,1.0529957420243672,0.29671011552767146,False,0.07611940298507464,False,li_lstm_nonseas,kalman_corr_top1,4
R_Lena_River,-1.0466114246604685,0.2996210025810653,True,0.07761194029850747,False,li_lstm_nonseas,kalman_corr_top1,4
R_Volga_River,-1.0182524550628114,0.31278676910069964,True,0.0791044776119403,False,li_lstm_nonseas,kalman_corr_top1,4
C_Papua_New_Guinea_Island,-0.9974613296688115,0.3226839816735425,True,0.08059701492537313,False,li_lstm_nonseas,kalman_corr_top1,4
C_North_Vietnam_South_China_Coast,0.9754847714450179,0.33337097830893164,False,0.08208955223880599,False,li_lstm_nonseas,kalman_corr_top1,4
C_Uruguay_South_Brazil_Coast,-0.8302756818098656,0.40978754825177927,True,0.08358208955223881,False,li_lstm_nonseas,kalman_corr_top1,4
R_Yukon_River,0.8016621661185962,0.426020670791542,False,0.08507462686567165,False,li_lstm_nonseas,kalman_corr_top1,4
C_West_Australia_Coast,0.8011272124995549,0.42632778528347753,False,0.08656716417910448,False,li_lstm_nonseas,kalman_corr_top1,4
E_Syr_Darya,-0.7410379558504602,0.46166022837552984,True,0.08805970149253732,False,li_lstm_nonseas,kalman_corr_top1,4
R_Mississippi_River,0.4502642186027576,0.6541985034440926,False,0.08955223880597016,False,li_lstm_nonseas,kalman_corr_top1,4
C_East_Central_Africa_Coast,0.4494052596953591,0.6548142765977438,False,0.09104477611940298,False,li_lstm_nonseas,kalman_corr_top1,4
R_Orange_River,-0.2964044320079882,0.7679800296072518,True,0.09253731343283583,False,li_lstm_nonseas,kalman_corr_top1,4
R_Murray_Darling_River,-0.22891817847346363,0.8197377828957877,True,0.09402985074626867,False,li_lstm_nonseas,kalman_corr_top1,4
R_Nile_River,0.2163896174431924,0.829443345228233,False,0.0955223880597015,False,li_lstm_nonseas,kalman_corr_top1,4
E_Central_Iran,-0.1977738059351978,0.8439135654902099,True,0.09701492537313433,False,li_lstm_nonseas,kalman_corr_top1,4
R_Congo_River,0.18307769693048617,0.8553755361694657,False,0.09850746268656717,False,li_lstm_nonseas,kalman_corr_top1,4
R_Dnieper_River,0.06849248825292668,0.9456291852508606,False,0.1,False,li_lstm_nonseas,kalman_corr_top1,4
E_North_Central_Arabia,6.749842063760882,7.703181621305969e-09,False,0.0014925373134328358,True,li_lstm_nonseas,kalman_corr_top1,5
E_Egyptian_Western_Desert,4.686098808481414,1.7287681141012776e-05,False,0.0029850746268656717,True,li_lstm_nonseas,kalman_corr_top1,5
C_Madagascar,-4.086758435647616,0.00013619374704004848,True,0.004477611940298508,True,li_lstm_nonseas,kalman_corr_top1,5
C_North_West_Africa_Coast,3.893379932592524,0.00025796394888623515,False,0.005970149253731343,True,li_lstm_nonseas,kalman_corr_top1,5
E_Rub_al_Khali_Desert,-3.889741110993955,0.00026104601927329365,True,0.007462686567164179,True,li_lstm_nonseas,kalman_corr_top1,5
E_South_Interior_Africa,3.793608485239915,0.0003565544052692885,False,0.008955223880597015,True,li_lstm_nonseas,kalman_corr_top1,5
R_Parana_River,3.572637418167066,0.000719168757486328,False,0.010447761194029851,True,li_lstm_nonseas,kalman_corr_top1,5
E_Libyian_Desert,-3.394650900055152,0.001245132722136059,True,0.011940298507462687,True,li_lstm_nonseas,kalman_corr_top1,5
E_Lake_Eyre_Basin,3.3169649374888066,0.001574639784266006,False,0.013432835820895522,True,li_lstm_nonseas,kalman_corr_top1,5
C_East_Caspian_Sea_Coast,3.238527518377567,0.001989762404315456,False,0.014925373134328358,True,li_lstm_nonseas,kalman_corr_top1,5
C_Northwest_Hudson_Bay_Coast,-3.074600845051163,0.003211503179891417,True,0.016417910447761194,True,li_lstm_nonseas,kalman_corr_top1,5
E_Lower_Lake_Chad,-2.9994156246979493,0.003980864142446534,True,0.01791044776119403,True,li_lstm_nonseas,kalman_corr_top1,5
R_Danube_River,-2.8447423086623607,0.006131477598611858,True,0.019402985074626868,True,li_lstm_nonseas,kalman_corr_top1,5
C_Irrawaddy_Sittang_Salween_Basin,-2.8250771905017475,0.006471306221547882,True,0.020895522388059702,True,li_lstm_nonseas,kalman_corr_top1,5
R_Yenisey_River,-2.8141549523828995,0.006667477629007088,True,0.02238805970149254,True,li_lstm_nonseas,kalman_corr_top1,5
R_Ganges_Bramaputra_Basin,-2.7417140843812753,0.00811366768996921,True,0.023880597014925373,True,li_lstm_nonseas,kalman_corr_top1,5
C_Borneo,-2.678118250964604,0.009615115799134974,True,0.02537313432835821,True,li_lstm_nonseas,kalman_corr_top1,5
E_Sahara,-2.6446383539983915,0.010503910721021551,True,0.026865671641791045,True,li_lstm_nonseas,kalman_corr_top1,5
R_Mekong_River,-2.6233146352588763,0.011108434646549759,True,0.028358208955223882,True,li_lstm_nonseas,kalman_corr_top1,5
E_Tarim_He_Lop_Nur,-2.592853775882451,0.012027063852208282,True,0.029850746268656716,True,li_lstm_nonseas,kalman_corr_top1,5
R_Saskatchewan_Nelson_Rivers,2.5376545254238514,0.01386950119384671,False,0.03134328358208956,True,li_lstm_nonseas,kalman_corr_top1,5
E_Salinas_Grande_Mar_Chiquita,2.524730622153811,0.014336256121140506,False,0.03283582089552239,True,li_lstm_nonseas,kalman_corr_top1,5
R_Niger_River,-2.447684076169092,0.017425782193664804,True,0.034328358208955224,True,li_lstm_nonseas,kalman_corr_top1,5
E_Upper_Lake_Chad,-2.4348711727051526,0.017994095380240768,True,0.03582089552238806,True,li_lstm_nonseas,kalman_corr_top1,5
C_East_Ob_Bay_Coast,-2.302720285047547,0.024901372397091767,True,0.0373134328358209,True,li_lstm_nonseas,kalman_corr_top1,5
C_East_Barents_Sea_Coast,-2.2553853536830517,0.027897591992433902,True,0.038805970149253737,True,li_lstm_nonseas,kalman_corr_top1,5
R_Nile_River,-2.235596545437406,0.02924192920251391,True,0.04029850746268657,True,li_lstm_nonseas,kalman_corr_top1,5
R_Yangtze_River,-2.16564811735299,0.03446293200464709,True,0.041791044776119404,True,li_lstm_nonseas,kalman_corr_top1,5
R_Limpopo_River,-2.161915783414808,0.034763173805613626,True,0.04328358208955224,True,li_lstm_nonseas,kalman_corr_top1,5
R_Amazon_River,-2.157495681443857,0.03512170412631969,True,0.04477611940298508,True,li_lstm_nonseas,kalman_corr_top1,5
R_Rio_Grande_Rio_Bravo,-2.1447156706284143,0.03617661374205331,True,0.046268656716417916,True,li_lstm_nonseas,kalman_corr_top1,5
R_Dnieper_River,-2.116685342776755,0.038587820335059704,True,0.04776119402985075,True,li_lstm_nonseas,kalman_corr_top1,5
E_Australia_Northwest_Plateau,-2.111967085105762,0.03900718374848768,True,0.049253731343283584,True,li_lstm_nonseas,kalman_corr_top1,5
R_Mackenzie_River,-2.0949270419330697,0.04055496188374737,True,0.05074626865671642,True,li_lstm_nonseas,kalman_corr_top1,5
C_West_Continental_Europe,-2.0917972443782356,0.040844981731274176,True,0.05223880597014925,True,li_lstm_nonseas,kalman_corr_top1,5
R_Amur_River,-2.0790592964272787,0.04204401220229894,True,0.05373134328358209,True,li_lstm_nonseas,kalman_corr_top1,5
C_Southwest_Hudson_Bay_Coast,-1.9975690274624955,0.050461127945224296,True,0.055223880597014934,True,li_lstm_nonseas,kalman_corr_top1,5
R_Orinoco_River,-1.9531861605971526,0.05562759637604969,True,0.056716417910447764,True,li_lstm_nonseas,kalman_corr_top1,5
R_Lena_River,-1.922544079225944,0.05945286452905612,True,0.0582089552238806,False,li_lstm_nonseas,kalman_corr_top1,5
R_Shebelli_Juba_Rivers,-1.9005983677613352,0.06232818756505693,True,0.05970149253731343,False,li_lstm_nonseas,kalman_corr_top1,5
C_East_Hudson_Bay_Coast,-1.8303136906642896,0.07234273979190348,True,0.06119402985074627,False,li_lstm_nonseas,kalman_corr_top1,5
C_Kamchatka_Peninsula,-1.697516355716218,0.09495928042991002,True,0.06268656716417911,False,li_lstm_nonseas,kalman_corr_top1,5
R_Ob_River,-1.6825520765702484,0.09783841079067152,True,0.06417910447761194,False,li_lstm_nonseas,kalman_corr_top1,5
C_Iberian_Atlantic_Coast,-1.6387112530981176,0.10668740405814325,True,0.06567164179104477,False,li_lstm_nonseas,kalman_corr_top1,5
R_Zambezi_River,1.6129508059615818,0.11218367085880629,False,0.06716417910447763,False,li_lstm_nonseas,kalman_corr_top1,5
R_Congo_River,-1.5496529112648338,0.12666465438254904,True,0.06865671641791045,False,li_lstm_nonseas,kalman_corr_top1,5
C_Papua_New_Guinea_Island,-1.4979151842261813,0.1395782907145208,True,0.07014925373134329,False,li_lstm_nonseas,kalman_corr_top1,5
C_Deccan_Plateau_East_Indian_Subcontinent_Coast,-1.4064184877204575,0.1649353312163447,True,0.07164179104477612,False,li_lstm_nonseas,kalman_corr_top1,5
R_Orange_River,-1.3970400943771322,0.16772383287178788,True,0.07313432835820896,False,li_lstm_nonseas,kalman_corr_top1,5
C_North_Siberia_Coast,-1.3888960178820304,0.1701746802317735,True,0.0746268656716418,False,li_lstm_nonseas,kalman_corr_top1,5
R_Saint_Lawrence_River,1.3270990596575691,0.18967668343992583,False,0.07611940298507464,False,li_lstm_nonseas,kalman_corr_top1,5
R_Yellow_River_Huang_He,-1.3216857276162888,0.19146247116280576,True,0.07761194029850747,False,li_lstm_nonseas,kalman_corr_top1,5
C_Thar_Desert_Sabarmati_River_Gulf_of_Cambay_Luni_Delta,-1.1291544197088237,0.26348130498672695,True,0.0791044776119403,False,li_lstm_nonseas,kalman_corr_top1,5
R_Mississippi_River,-1.093950332515664,0.27849929863120715,True,0.08059701492537313,False,li_lstm_nonseas,kalman_corr_top1,5
R_Tigris_Euphrates_River,1.013425944636843,0.31506585901298434,False,0.08208955223880599,False,li_lstm_nonseas,kalman_corr_top1,5
E_Central_Iran,-0.8068053805241452,0.4230747383404349,True,0.08358208955223881,False,li_lstm_nonseas,kalman_corr_top1,5
C_East_Central_Africa_Coast,-0.7801120679457849,0.4384969838114976,True,0.08507462686567165,False,li_lstm_nonseas,kalman_corr_top1,5
C_North_East_Siberian_Sea_Coast,0.756780898456279,0.45224442855533376,False,0.08656716417910448,False,li_lstm_nonseas,kalman_corr_top1,5
R_Volga_River,-0.7185903269513644,0.47527839197301724,True,0.08805970149253732,False,li_lstm_nonseas,kalman_corr_top1,5
C_South_Gulf_of_Aden_Coast,0.6226914303774642,0.5359280077810911,False,0.08955223880597016,False,li_lstm_nonseas,kalman_corr_top1,5
E_Syr_Darya,-0.6152413989266328,0.540801904019115,True,0.09104477611940298,False,li_lstm_nonseas,kalman_corr_top1,5
C_West_Australia_Coast,0.3420000505933939,0.7335870087271069,False,0.09253731343283583,False,li_lstm_nonseas,kalman_corr_top1,5
C_North_Vietnam_South_China_Coast,0.21528781644662467,0.8302981854575475,False,0.09402985074626867,False,li_lstm_nonseas,kalman_corr_top1,5
C_Uruguay_South_Brazil_Coast,-0.21324107704949716,0.8318867092881497,True,0.0955223880597015,False,li_lstm_nonseas,kalman_corr_top1,5
R_Indus_River,-0.20662216997142993,0.8370285953620066,True,0.09701492537313433,False,li_lstm_nonseas,kalman_corr_top1,5
R_Yukon_River,0.17629246413011726,0.860678299706273,False,0.09850746268656717,False,li_lstm_nonseas,kalman_corr_top1,5
R_Murray_Darling_River,-0.13673901682113956,0.8917106325410702,True,0.1,False,li_lstm_nonseas,kalman_corr_top1,5
E_North_Central_Arabia,6.421885477692063,2.7214121937955658e-08,False,0.0014925373134328358,True,li_lstm_nonseas,kalman_corr_top1,6
E_Egyptian_Western_Desert,4.527535771298495,3.018513543039149e-05,False,0.0029850746268656717,True,li_lstm_nonseas,kalman_corr_top1,6
C_Madagascar,-4.113049981270192,0.0001247264736080135,True,0.004477611940298508,True,li_lstm_nonseas,kalman_corr_top1,6
E_Salinas_Grande_Mar_Chiquita,3.738650025351573,0.00042538148483430493,False,0.005970149253731343,True,li_lstm_nonseas,kalman_corr_top1,6
E_Rub_al_Khali_Desert,-3.6698179767519172,0.0005296390357675262,True,0.007462686567164179,True,li_lstm_nonseas,kalman_corr_top1,6
C_North_West_Africa_Coast,3.5151277300979187,0.000860134323155621,False,0.008955223880597015,True,li_lstm_nonseas,kalman_corr_top1,6
C_Irrawaddy_Sittang_Salween_Basin,-3.4403697703487994,0.001082948259189084,True,0.010447761194029851,True,li_lstm_nonseas,kalman_corr_top1,6
E_South_Interior_Africa,3.4344583955790755,0.0011027293354303608,False,0.011940298507462687,True,li_lstm_nonseas,kalman_corr_top1,6
E_Libyian_Desert,-3.3909506749081975,0.0012592199919781437,True,0.013432835820895522,True,li_lstm_nonseas,kalman_corr_top1,6
E_Lower_Lake_Chad,-3.3063417203030934,0.0016256358894631,True,0.014925373134328358,True,li_lstm_nonseas,kalman_corr_top1,6
R_Yenisey_River,-3.2606851202982714,0.0018630838599847145,True,0.016417910447761194,True,li_lstm_nonseas,kalman_corr_top1,6
R_Limpopo_River,-3.1256379399461918,0.00277101676436286,True,0.01791044776119403,True,li_lstm_nonseas,kalman_corr_top1,6
C_Northwest_Hudson_Bay_Coast,-3.0124060744913765,0.0038367042555128147,True,0.019402985074626868,True,li_lstm_nonseas,kalman_corr_top1,6
E_Lake_Eyre_Basin,2.9520983149417335,0.004549707189119665,False,0.020895522388059702,True,li_lstm_nonseas,kalman_corr_top1,6
C_Borneo,-2.947231158561039,0.004612319476024151,True,0.02238805970149254,True,li_lstm_nonseas,kalman_corr_top1,6
R_Dnieper_River,-2.9451140602325667,0.00463980338226012,True,0.023880597014925373,True,li_lstm_nonseas,kalman_corr_top1,6
R_Saskatchewan_Nelson_Rivers,2.939951466115766,0.004707462572095218,False,0.02537313432835821,True,li_lstm_nonseas,kalman_corr_top1,6
E_Upper_Lake_Chad,-2.819823368094826,0.006564994226071242,True,0.026865671641791045,True,li_lstm_nonseas,kalman_corr_top1,6
C_North_Vietnam_South_China_Coast,-2.7513376777120144,0.00790620739870734,True,0.028358208955223882,True,li_lstm_nonseas,kalman_corr_top1,6
R_Nile_River,-2.6140726934848386,0.011380158462993506,True,0.029850746268656716,True,li_lstm_nonseas,kalman_corr_top1,6
R_Mekong_River,-2.571577749948799,0.012709116529227862,True,0.03134328358208956,True,li_lstm_nonseas,kalman_corr_top1,6
R_Orange_River,-2.5583297948612813,0.013151365242256002,True,0.03283582089552239,True,li_lstm_nonseas,kalman_corr_top1,6
C_East_Caspian_Sea_Coast,2.446171368776948,0.01749202692802077,False,0.034328358208955224,True,li_lstm_nonseas,kalman_corr_top1,6
R_Niger_River,-2.443688578189422,0.01760124479386516,True,0.03582089552238806,True,li_lstm_nonseas,kalman_corr_top1,6
R_Lena_River,-2.3812164829743185,0.020559031810373673,True,0.0373134328358209,True,li_lstm_nonseas,kalman_corr_top1,6
R_Shebelli_Juba_Rivers,-2.354438081317229,0.021957703424634496,True,0.038805970149253737,True,li_lstm_nonseas,kalman_corr_top1,6
R_Congo_River,-2.2807019449588966,0.026257602230196072,True,0.04029850746268657,True,li_lstm_nonseas,kalman_corr_top1,6
R_Mississippi_River,-2.2516998321749484,0.02814374384727944,True,0.041791044776119404,True,li_lstm_nonseas,kalman_corr_top1,6
C_East_Ob_Bay_Coast,-2.248714073962706,0.028344565301131778,True,0.04328358208955224,True,li_lstm_nonseas,kalman_corr_top1,6
C_Papua_New_Guinea_Island,-2.1951087304877124,0.032171761887541485,True,0.04477611940298508,True,li_lstm_nonseas,kalman_corr_top1,6
C_Iberian_Atlantic_Coast,-2.1848342249637094,0.0329551431047017,True,0.046268656716417916,True,li_lstm_nonseas,kalman_corr_top1,6
R_Yangtze_River,-2.170979650548419,0.034037988188187214,True,0.04776119402985075,True,li_lstm_nonseas,kalman_corr_top1,6
C_East_Barents_Sea_Coast,-2.1508429341861675,0.03566743684141714,True,0.049253731343283584,True,li_lstm_nonseas,kalman_corr_top1,6
E_Australia_Northwest_Plateau,-2.1261058347749184,0.03776226387425237,True,0.05074626865671642,True,li_lstm_nonseas,kalman_corr_top1,6
E_Tarim_He_Lop_Nur,-2.0821527757060454,0.04175004546522908,True,0.05223880597014925,True,li_lstm_nonseas,kalman_corr_top1,6
R_Amur_River,-2.0684398178861274,0.04306687200683397,True,0.05373134328358209,True,li_lstm_nonseas,kalman_corr_top1,6
R_Mackenzie_River,-2.040218746922956,0.04589058025363813,True,0.055223880597014934,True,li_lstm_nonseas,kalman_corr_top1,6
C_Deccan_Plateau_East_Indian_Subcontinent_Coast,-2.0251969758537807,0.047457854575825444,True,0.056716417910447764,True,li_lstm_nonseas,kalman_corr_top1,6
E_Sahara,-1.9934477716306525,0.05092284779016033,True,0.0582089552238806,True,li_lstm_nonseas,kalman_corr_top1,6
C_West_Continental_Europe,-1.9691582611328164,0.0537184686970745,True,0.05970149253731343,True,li_lstm_nonseas,kalman_corr_top1,6
R_Orinoco_River,-1.9537517173687597,0.05555901831150418,True,0.06119402985074627,True,li_lstm_nonseas,kalman_corr_top1,6
R_Ganges_Bramaputra_Basin,-1.9378845616773595,0.05751067965164436,True,0.06268656716417911,True,li_lstm_nonseas,kalman_corr_top1,6
C_Southwest_Hudson_Bay_Coast,-1.904483582860035,0.06181071179704776,True,0.06417910447761194,True,li_lstm_nonseas,kalman_corr_top1,6
C_Kamchatka_Peninsula,-1.8991059760525466,0.06252793586100977,True,0.06567164179104477,True,li_lstm_nonseas,kalman_corr_top1,6
C_East_Hudson_Bay_Coast,-1.8759298023479098,0.06570030289515874,True,0.06716417910447763,True,li_lstm_nonseas,kalman_corr_top1,6
R_Amazon_River,-1.8055400814253886,0.07618077039662509,True,0.06865671641791045,False,li_lstm_nonseas,kalman_corr_top1,6
R_Rio_Grande_Rio_Bravo,-1.7756268945410694,0.08104068239019183,True,0.07014925373134329,False,li_lstm_nonseas,kalman_corr_top1,6
R_Danube_River,-1.6968325183185473,0.09508931549401585,True,0.07164179104477612,False,li_lstm_nonseas,kalman_corr_top1,6
C_West_Australia_Coast,-1.653669463185056,0.10359770887096596,True,0.07313432835820896,False,li_lstm_nonseas,kalman_corr_top1,6
R_Ob_River,-1.5030673612465126,0.13824741062374774,True,0.0746268656716418,False,li_lstm_nonseas,kalman_corr_top1,6
C_North_Siberia_Coast,-1.4255608481242121,0.15935498593675268,True,0.07611940298507464,False,li_lstm_nonseas,kalman_corr_top1,6
R_Yellow_River_Huang_He,-1.412604806228882,0.1631156286854303,True,0.07761194029850747,False,li_lstm_nonseas,kalman_corr_top1,6
C_Thar_Desert_Sabarmati_River_Gulf_of_Cambay_Luni_Delta,-1.2109589720202125,0.23082243328170005,True,0.0791044776119403,False,li_lstm_nonseas,kalman_corr_top1,6
C_East_Central_Africa_Coast,-1.186829864481781,0.24013323917108656,True,0.08059701492537313,False,li_lstm_nonseas,kalman_corr_top1,6
R_Saint_Lawrence_River,1.1609230736457277,0.25042907215749755,False,0.08208955223880599,False,li_lstm_nonseas,kalman_corr_top1,6
E_Central_Iran,-1.1571942958291335,0.2519366175281413,True,0.08358208955223881,False,li_lstm_nonseas,kalman_corr_top1,6
R_Volga_River,-1.0574196118849466,0.2947045009022319,True,0.08507462686567165,False,li_lstm_nonseas,kalman_corr_top1,6
R_Indus_River,-1.0491087703710456,0.29848003519657207,True,0.08656716417910448,False,li_lstm_nonseas,kalman_corr_top1,6
R_Zambezi_River,0.9637749915881523,0.339159987044058,False,0.08805970149253732,False,li_lstm_nonseas,kalman_corr_top1,6
R_Murray_Darling_River,-0.8415889202404663,0.4034747489284381,True,0.08955223880597016,False,li_lstm_nonseas,kalman_corr_top1,6
R_Tigris_Euphrates_River,0.5701645447006054,0.5707682622651182,False,0.09104477611940298,False,li_lstm_nonseas,kalman_corr_top1,6
E_Syr_Darya,-0.5477699360928195,0.5859518540730396,True,0.09253731343283583,False,li_lstm_nonseas,kalman_corr_top1,6
R_Parana_River,0.4778144244794523,0.6345782190195884,False,0.09402985074626867,False,li_lstm_nonseas,kalman_corr_top1,6
R_Yukon_River,-0.2643513068254233,0.7924463334484839,True,0.0955223880597015,False,li_lstm_nonseas,kalman_corr_top1,6
C_North_East_Siberian_Sea_Coast,-0.08095305124221394,0.9357579901786678,True,0.09701492537313433,False,li_lstm_nonseas,kalman_corr_top1,6
C_South_Gulf_of_Aden_Coast,-0.06047534472773811,0.9519849557169,True,0.09850746268656717,False,li_lstm_nonseas,kalman_corr_top1,6
C_Uruguay_South_Brazil_Coast,-0.0031567790820391513,0.9974920917066805,True,0.1,False,li_lstm_nonseas,kalman_corr_top1,6
